id,title,pos_score,neutral_score,neg_score,company_id
3775153,How to get a job Instagramming for Netflix,0.118052,0.844479,0.037469,19
11523250,Apple AirPods and AirPods Pro Are on Sale,0.112376,0.836762,0.050861,2
11365114,Apple Watch 4 deal is the cheapest price ever now at Amazon in the Boxing Day sales,0.647496,0.291387,0.061117,2
3357612,FangDD Regains Compliance with Nasdaq Minimum Bid Price Requirement,0.333546,0.603762,0.062691,206
11589489,"Apple's stock reverses higher, as Needham cuts rating but remains bullish and boosts price target",0.298745,0.528029,0.173225,2
9639864,Who is right in the Abbott-versus-Turnbull policy wars?,0.130374,0.581662,0.287964,86
11613674,Apple holiday season tops projections as iPhone bounces back,0.738831,0.23857,0.022599,2
4165812,Exclusive Rights Disney Deal Is Big For Netflix,0.299912,0.676007,0.024081,19
3366766,Coinbase Crypto ‘Nightmare’ Is Just Beginning Amid Wild Bitcoin And Ethereum Price Swings,0.042151,0.761232,0.196617,206
3792217,Comcast-DreamWorks deal shaping up to be a match made in Hollywood heaven,0.482149,0.487439,0.030413,19
3784015,Netflix Lands Adam Wingard’s ‘Death Note’ Starring Nat Wolff,0.050546,0.915584,0.03387,19
3344639,Prologis Proposes Almost $24B Acquisition Deal For Duke Realty,0.110547,0.870811,0.018641,206
10246677,"Goldman Sachs portfolio sale includes Oak Creek, Milwaukee industrial buildings",0.094464,0.887854,0.017682,39
10249339,Why the Disney deal suggests the tax bill may mean little for the economy,0.039052,0.772324,0.188624,39
10299478,Judge rules against ex-Goldman employee in Fed leak case,0.002925,0.092734,0.904341,39
3357198,Brooklyn ImmunoTherapeutics Announces Receipt of Nasdaq Notification Regarding Minimum Bid Price Deficiency,0.071352,0.892228,0.03642,206
3344081,"Consumer price index, wholesale inventories, Disney earnings top week ahead",0.079053,0.914212,0.006735,206
2829850,"EMBARK TECHNOLOGY, INC. (NASDAQ: EMBK) SHAREHOLDER CLASS ACTION ALERT: Bernstein Liebhard LLP Announces that a Securities Class Action Lawsuit Has Been Filed Against Embark Technology, Inc. f/k/a Northern Genesis Acquisition Corp. II (NASDAQ: EMBK)",0.070987,0.824843,0.10417,206
9706085,"Tim Cook Is Wrong: The Problem For Apple Inc. (AAPL) In India Is Not LTE, It’s Price",0.007314,0.039242,0.953444,2
11360260,How to Watch Apple TV+ If You Haven't Got an Apple TV,0.033916,0.894018,0.072066,2
6948104,Uber passenger in Bloomington hit-and-run dies months after crash; nationwide warrant for suspect,0.002808,0.03257,0.964622,57
7079065,"Uber Gets 9% Price Target Boost From Wedbush After Investor Day, Ross Gerber Calls It 'Fire Breathing Dragon'",0.641682,0.220029,0.138288,57
7075943,Elon Musk's latest Tesla price cuts 'to unload inventory' are good news for car buyers but bad news for investors,0.042953,0.057736,0.899311,57
11356995,Best last-minute Beats Solo3 headphones deal on Amazon (UK deal),0.275955,0.689924,0.034121,2
7073594,‘Had a discount for THE PAST YEAR because of this’: Black Uber Customer Says She Uses 'White' Name To Get More Discounts,0.151096,0.539848,0.309056,57
6938577,Uber will soon offer WeRide robotaxis in Abu Dhabi,0.517964,0.46382,0.018216,57
3780558,Netflix Commissions Season Two of ‘Scrotal Recall’ (EXCLUSIVE),0.035603,0.947482,0.016915,19
11357497,"The Apple Watch Series 4 is $100 off at Best Buy, and it's still an excellent smartwatch",0.530265,0.360105,0.10963,2
9771559,Nest CEO flies coop 2 years after $3.2B sale to Google,0.081072,0.869143,0.049785,2
8867477,"Keith Emerson, of Emerson, Lake and Palmer rock band, dies at 71",0.054376,0.918471,0.027153,86
2827159,Here's How Much Intel CEO Pat Gelsinger Earned Versus Average Worker Compensation In 2021,0.067246,0.736751,0.196003,206
3798364,How the Comcast-DreamWorks deal came together so fast,0.261415,0.6928,0.045785,19
11351897,"Apple's AirPods are back in stock at Best Buy, and you can save $15 on a pair right now",0.61808,0.336972,0.044948,2
9768625,Death Threats Are A Thing at the Apple Store,0.032251,0.867078,0.100671,2
11601761,Netflix’s earnings: The price tag on global domination is getting clearer,0.261984,0.649514,0.088502,2
11613900,How to use an iTunes gift card to pay for an Apple Music subscription,0.104888,0.803275,0.091837,2
3350058,Tesla Stock Gains As Musk Closes Twitter Margin Loan; Jefferies Cuts Price Target,0.075719,0.813559,0.110722,206
8890483,"Keith Emerson of Emerson, Lake & Palmer dies at 71",0.034524,0.946295,0.019181,86
7004006,"Minnesota lawmakers reach deal to raise pay rate for Uber, Lyft drivers",0.342379,0.56967,0.087951,57
7076154,"Uber warning of 85% meal delivery hikes under Labor’s new laws shows gig workers are underpaid, experts say",0.087841,0.604779,0.30738,57
7082374,"Uber, Lyft drivers will soon be able to apply for settlement funds from historic lawsuit",0.099317,0.634982,0.265701,57
3784008,Death Note: Netflix Making Deal to Distribute Live-Action Movie From The Guest Director,0.079668,0.668535,0.251797,19
11365351,Apple & sweet potato latkes with hot honey mascarpone put a twist on a holiday classic,0.701456,0.230879,0.067665,2
2823930,"Google Settles Year Long Lawsuit With Current, Former Employees",0.014812,0.953222,0.031967,206
11363788,Apple iPhone 12 Features ‘Flat’ Sides In Leaked Mockup,0.01511,0.91268,0.07221,2
6939096,"Darden Restaurants Backs FY25 View As Q1 Profit Rises, But Misses View; In Deal With Uber; Stock Up",0.051767,0.45086,0.497373,57
8870257,Coroner: Keith Emerson’s death a suicide,0.01608,0.939707,0.044213,86
11570197,This weekend's best AirPods deals include the AirPods Pro on sale for $197 at Amazon,0.238736,0.72902,0.032244,2
11356946,"Guys and Dolls review – thrills and chaos in the giddy, gambling Big Apple",0.068894,0.427524,0.503582,2
10310394,"Apple Reaches Music Deal With Warner, Eyes Sony Pact",0.099883,0.885404,0.014713,39
3783458,Internet Dating and The Concept of Netflix and Chill,0.074798,0.818796,0.106406,19
7003933,Uber's and Lyft's ride-hailing deal with Minnesota comes at a cost,0.018927,0.154321,0.826752,57
11363609,Andrew Zimmern's Classic Apple Tarte Tatin is the Holiday Dessert of Our Dreams,0.327621,0.542712,0.129667,2
11357682,Apple Watch 5 is cheaper just in time for holiday shopping,0.45189,0.424379,0.123731,2
11589536,Cristiano Ronaldo was spotted listening to music on an iPod that Apple hasn't updated in almost 8 years,0.033795,0.708128,0.258077,2
3363791,So-Young Announces Receipt of Minimum Bid Price Notice from Nasdaq,0.037767,0.944732,0.017501,206
7078874,‘I think the lady set you up’: Instacart customer asked shopper to add Amazon gift card to her order. She got fired for fraud,0.003031,0.019587,0.977382,57
3786353,Uber will pay up in lawsuit; Netflix bumps up prices,0.014982,0.398763,0.586255,19
7034774,Apple AirTags can do more than find your keys. Here are some tips,0.463754,0.419425,0.116821,57
10189437,5 Biggest Price Target Changes For Friday,0.106736,0.86455,0.028715,39
7079470,Usher Forgets How to Roller Skate in Uber Eats Super Bowl Ad,0.074728,0.774075,0.151197,57
10255181,Goldman Sachs has struck a deal with Bloomberg to help its stock trading business,0.753874,0.231541,0.014585,39
11360841,"Hotline newsletter: ‘Preliminary’ talks with Apple about a media rights deal (sounds great, but the conference best be wary)",0.128196,0.814381,0.057424,2
3366678,Walmart warning sends US stock market tumbling,0.035887,0.74887,0.215243,206
6994976,NYC Uber driver says passenger pepper-sprayed him over skin color: ‘This is a hate crime’,0.007117,0.146303,0.84658,57
10192474,"Goldman, Nomura heeded warnings before Venezuela bond deal",0.425292,0.532123,0.042585,39
7004029,"DFLers say they’ve reached a deal on minimum wage for Uber, Lyft drivers",0.315592,0.575096,0.109312,57
3780124,Netflix Inks $90M Deal For Will Smith’s Fantasy Cop Thriller ‘Bright’,0.29346,0.651796,0.054744,19
7085640,CRM Stock Price | Salesforce Inc. Stock Quote (U.S.: NYSE),0.012019,0.978217,0.009764,57
7034170,Thomas & Uber Cup live stream 2024: how to watch badminton FREE online,0.062908,0.873621,0.063471,57
9703680,"Traders: How to play stumbles by Apple, Twitter",0.023978,0.292075,0.683948,2
3366698,Glory Star New Media Group Holdings Limited Regains Compliance with Nasdaq Minimum Bid Price Requirement,0.344428,0.612543,0.043029,206
7034756,Toyota has a Boeing-style situation on its hands with latest recall,0.046155,0.776996,0.176849,57
2829514,ASLAN Pharmaceuticals Announces Receipt of Nasdaq Deficiency Notice Regarding Minimum Bid Price Requirement,0.153422,0.789222,0.057357,206
11597320,"Canaccord Genuity raises Apple's price target to $355 because of 5G, potential cheaper iPhone",0.210154,0.660395,0.129451,2
3352515,Nasdaq jumps nearly 3% in volatile session as investors sidestep Microsoft warning and rate hike outlook,0.090361,0.570934,0.338705,206
10281521,Uber Tallies the Costs of Its Leader’s Drive to Win at Any Price,0.110633,0.465426,0.423941,39
3354520,Target Warning May Weigh On Wall Street,0.035192,0.904606,0.060202,206
7076028,The newly released Apple Watch Ultra 2 is already $50 off for Prime Day,0.078071,0.829868,0.092061,57
9767675,Apple Watch will be like car warning system for your body: Tim Cook,0.640605,0.32434,0.035054,2
3786597,‘Iron Fist’: ‘Minority Report’ Actor Arleo Dordar Might Have Joined The Cast For The Netflix Series [Rumor],0.033707,0.948105,0.018188,19
11363174,"Apple ‘Hacker’ Held 250 Million iPhones Ransom For $100,000 In Gift Cards",0.003442,0.026472,0.970086,2
9709546,U.S. regulators threaten suit over Ikea dresser blamed for Apple Valley boy's death,0.01541,0.680288,0.304302,2
7037527,"Navigating American Express Travel: Benefits, Booking, and Tips in 2024",0.589262,0.381172,0.029566,57
8869986,A coroner's official says keyboardist Keith Emerson's death has been ruled a suicide,0.017987,0.730747,0.251266,86
11599667,'Defending Jacob': Chris Evans' Apple TV+ Crime Drama Gets Emmy-Qualifying Premiere Date,0.091769,0.642847,0.265383,2
7076407,"How much you should tip your Uber and Lyft driver, according to drivers and etiquette experts",0.054041,0.736926,0.209032,57
10293662,Some Amazon deal proceeds will be reinvested in Souq.com,0.115513,0.868979,0.015507,39
6998657,"Massachusetts secured a big raise for Uber and Lyft drivers in the state, but some are worried the deal could have negative side effects",0.514676,0.269163,0.216161,57
11525505,Apple Is the Greatest: Here's How to Trade It Now,0.795526,0.124681,0.079793,2
2826348,"See Why Did Stifel, Maxim Cut Price Target On Sientra After Q4 Earnings",0.019123,0.925329,0.055548,206
11523893,Profitable Communism: Apple Hits Record iPhone Market Share in China After Secret Deal with Government,0.841467,0.10427,0.054263,2
8867504,Prog-rock legend Keith Emerson dies at age 71,0.109702,0.857904,0.032394,86
10198139,Nike-Amazon deal may hurt sporting goods retailers: analysts,0.0219,0.945867,0.032233,39
11527396,"What the red dot on an Apple Watch means, and how to get rid of it",0.050069,0.552094,0.397837,2
11616077,Apple iPhone Tip: How To Delete ‘Other’ Data And Free Up Storage Space,0.113771,0.666813,0.219416,2
11365384,"Japan Display discussing factory sale to Apple, Sharp: Nikkei",0.037842,0.92423,0.037928,2
11365033,Holiday Google Searches: A Comprehensive Log,0.129961,0.8338,0.036239,2
10190049,Goldman's Venezuela deal shows it missed a dramatic shift in its business,0.010297,0.053384,0.936319,39
3357112,"Tesla’s Tough Quarter Means Price Hikes, Job Cuts And Stalled Production In China",0.0348,0.866477,0.098722,206
6938430,"Google Pixel Buds Pro 2 review: big upgrade, much smaller earbuds",0.352971,0.595463,0.051567,57
3354496,6/7: Stocks Turn Higher As Treasury Yields Ease; Target Warning Slams Retail,0.082891,0.853169,0.06394,206
7073386,"UPS plans to hire more than 100,000 holiday workers, steady with a year ago, but challenges remain",0.242393,0.339073,0.418535,57
11603674,Beats Solo Pro on sale for the first time ever: Save $50 at Amazon,0.303171,0.630281,0.066548,2
3764620,BBC1 follows Netflix true crime lead with Notting Hill serial killer drama,0.116515,0.666955,0.216529,19
3352879,Raymond James Lowers BRP Price Target As Supply Chain Snags,0.032707,0.607803,0.35949,206
11591707,Forget About The iPhone 11: Why Services Are Apple’s Smartest Trick,0.619667,0.167112,0.213221,2
3816768,Netflix deal with Disney to include Star Wars and Marvel movies,0.065418,0.923671,0.010911,19
3369523,We're Lowering Our Price Target on This Semiconductor Powerhouse,0.162681,0.802386,0.034934,206
11357896,Apple's latest 10.2-inch iPad is just $250 at Best Buy — its lowest price since Black Friday,0.322738,0.585738,0.091525,2
10284789,Goldman Sachs has spotted an odd way you could make money trading Bitcoin futures,0.056618,0.783497,0.159885,39
10221410,Goldman cuts Apple price target to factor in lower smartphone growth,0.04698,0.521472,0.431548,2
3372218,Elon Musk Sells Tesla Stock Worth $6.9 Bln To Avoid Emergency Sale,0.064114,0.797369,0.138518,206
3366665,Stocks Fall As Walmart Plunges On Profit Warning,0.024974,0.856377,0.118649,206
10198481,Amazon/Whole Foods deal piques U.S. interest in Ocado,0.147325,0.83472,0.017955,39
10213929,7 Biggest Price Target Changes For Monday,0.115981,0.858407,0.025612,39
11365422,"CORRECTED-Japan Display discussing factory sale to Apple, Sharp -Nikkei",0.040099,0.915734,0.044167,2
7073794,Uber Capitalizes on Holiday Season With 'Return a Package' Feature,0.911659,0.061277,0.027064,57
10316318,Amazon clinches deal to buy Middle East online retailer Souq.com,0.162287,0.826709,0.011004,39
3786694,Netflix Sneakily Implements Price Increase for Its Longtime Patrons,0.226409,0.473596,0.299995,19
6986033,‘They shouldn’t allow people to remove tip’: Uber Eats worker confronts customer who tip-baited her on $143 order that included 5 cases of water,0.035987,0.653007,0.311006,57
10249074,Bluebird Bio shares soar 24% premarket as Goldman raises price target to $309 from $186,0.544414,0.421335,0.034251,39
9765171,iPhone 7: Leaked Image Claims To Show Redesigned Smartphone From Apple,0.011574,0.497719,0.490707,2
10189656,GOLDMAN SACHS: The oil glut could return once the OPEC deal expires,0.020481,0.96649,0.013029,39
9697077,How to grow apple and pear trees,0.287735,0.625253,0.087012,2
3786537,‘Gilmore Girls’ Producer Files Lawsuit Over Netflix Revival,0.00963,0.565309,0.425062,19
11538138,An Apple HomeKit bug can send iOS devices into a death spiral,0.007033,0.033088,0.959879,2
11595584,How to watch YouTube TV on your Apple TV device by accessing and activating the app,0.04753,0.897763,0.054707,2
4072392,Daredevil season 2 review: Marvel’s Netflix hit finds itself in a sophomore slump,0.036878,0.649973,0.313149,19
9706130,iPhone warning signs: Apple management is losing control,0.00827,0.044458,0.947273,2
10228645,Goldman Sachs under fire for Venezuela bond deal that critics say backs the embattled government,0.002614,0.006798,0.990588,39
9694533,Nike Jordan Brand deal shows Gennady Golovkin's increased global popularity as in-ring legend grows,0.661828,0.312489,0.025683,2
7070773,Mother of Christi Spicuzza files federal lawsuit against Uber in her death,0.0032,0.060243,0.936556,57
7076192,"JetBlue, Uber to offer free rides to passengers facing certain travel disruptions",0.749782,0.202174,0.048044,57
9768141,Here's How To Whip Up A Tech Giant Like Apple,0.67025,0.194749,0.135,2
7001472,Shohei Ohtani’s ex-interpreter Ippei Mizuhara banned from delivering Uber Eats amid fraud scandal,0.006774,0.104598,0.888628,57
3784004,"The Guest Director's Manga Adaptation, Death Note, Will Now Be a Netflix Production",0.070775,0.898797,0.030428,19
11613364,Wireless Headphones Deal — Apple AirPods For Their Lowest Price Ever,0.516534,0.304794,0.178672,2
3360010,"NASDAQ: MARA Investor Notice: Update in Lawsuit against Marathon Digital Holdings, Inc. announced by the Shareholders Foundation",0.012958,0.94209,0.044952,206
3354508,US stocks finish higher as investors set aside Target's profit warning and World Bank's dimmer growth view,0.249719,0.641391,0.10889,206
11525855,Beats Fit Pro review: Apple’s workout-ready AirPods Pro rivals,0.466172,0.410009,0.123819,2
6939104,Olive Garden teams up with Uber Direct to offer delivery,0.296761,0.653907,0.049332,57
2830193,RISE Education Receives Nasdaq Notification Regarding Minimum Bid Price Compliance,0.083781,0.897129,0.01909,206
11594119,Amazon has the 2019 AirPods back down to Black Friday’s all-time low price,0.238483,0.672812,0.088705,2
3366681,U.S. Stocks Remain Mostly Lower Following Walmart Warning,0.02154,0.94723,0.03123,206
3813972,Netflix Pens Historic Deal With Univision For El Chapo Series,0.446281,0.517929,0.03579,19
3347445,"NATERA, INC. (NASDAQ: NTRA) SHAREHOLDER CLASS ACTION ALERT: Bernstein Liebhard LLP Reminds Investors of the Deadline to File a Lead Plaintiff Motion in a Securities Class Action Lawsuit Against Natera, Inc. (NASDAQ: NTRA)",0.114368,0.815636,0.069996,206
3768239,Warning: Judd Apatow's fascinating 'Love' on Netflix could cause bingeing,0.065874,0.796196,0.137931,19
11611650,Apple TV Plus Had ‘Immaterial’ Revenue in Launch Quarter Amid One-Year Free Deal,0.703944,0.236106,0.05995,2
10310407,China Warning Wipes $6 Billion From Stock Loved by Goldman,0.064585,0.8174,0.118015,39
8867517,"Keith Emerson Dead -- Emerson, Lake and Palmer Founder Dies at 71",0.02755,0.902741,0.069708,86
3368927,HEXO Granted Additional 180 Calendar Day Grace Period By Nasdaq To Regain Compliance With Minimum Bid Price Rule,0.406452,0.54709,0.046458,206
3347241,Neovasc Regains Compliance with Nasdaq Minimum Bid Price Rule,0.345719,0.593979,0.060302,206
10245976,GOLDMAN SACHS: Here's how to make a killing in the market this Black Friday,0.376972,0.611591,0.011438,39
6941640,27 Amazon Travel Products That Are Cheap and Useful,0.701727,0.233334,0.064939,57
3356967,IMBI Stock Price | iMedia Brands Inc. Stock Quote (U.S.: Nasdaq),0.010788,0.983112,0.0061,206
10190022,Goldman's Blankfein criticizes U.S decision to leave Paris climate deal,0.018746,0.937527,0.043728,39
11360072,Apple iOS 13 Tip: How To Remove Memoji Stickers From Keyboard,0.036599,0.845916,0.117485,2
11611382,"Apple's AirPods Pro, services deliver a record holiday for the iPhone maker",0.806282,0.165072,0.028646,2
2829867,Bitcoin Dividends Offer Sends Nasdaq-Listed Stock Surging 8%,0.232733,0.70205,0.065217,206
8857869,Le1f review – a lickety-split rapper with sexually progressive swagger,0.397974,0.260498,0.341529,86
3777609,"Here Are 7 Tips For Dating In Los Angeles, As Explained By Netflix's 'Love'",0.0491,0.939149,0.011751,19
3780996,How to Watch Netflix With Someone Across the Country,0.069713,0.897579,0.032708,19
7082611,"Hertz Slashes 20K EVs From Fleet, CEO Says Company Facing Reality Of Tesla Price Cuts, Depreciation, Repair Costs... And Demand?",0.060322,0.273769,0.665909,57
3352659,Freeline Receives Nasdaq Deficiency Notice Regarding Minimum Bid Price Requirement,0.260409,0.676898,0.062693,206
10195070,Venezuela Bond Repudiation Jitters Grow After Goldman Sachs Deal,0.149456,0.660555,0.18999,39
3764709,‘Making A Murderer’ Prosecutor Target Of Death & Rape Threats!,0.029915,0.550193,0.419892,19
2826357,"Wells Fargo Upgrades Werner Enterprises, Bumps Up Price Target By 21%",0.155449,0.820122,0.024428,206
3786188,Reminder: 17 Million Netflix Users Will Get Price Hikes Next Month,0.065291,0.586132,0.348577,19
3352530,Why Microsoft's Warning Could be Good News,0.188762,0.776508,0.03473,206
9694214,How to Build A Killer App Business—According to Apple,0.474974,0.485294,0.039732,2
10207651,BRIEF-Discovery Communications says Goldman Sachs to provide up to $9.6 bln for Scripps Deal,0.666976,0.250245,0.082779,39
3352398,FB Stock Price | Meta Platforms Inc. Stock Quote (U.S.: Nasdaq),0.011225,0.981025,0.00775,206
7085287,Women who drive for Uber and Lyft share tips for staying safe in gig-economy jobs,0.710092,0.254742,0.035165,57
2826517,"Stocks Steady, Apple, Boeing, Okta Hack and Chelsea Sale",0.022793,0.966462,0.010745,206
6936317,Higher Taxes and Crime Has London’s Uber-Rich Fleeing in Droves: Report,0.004705,0.018179,0.977116,57
7085251,Review: Obama-Produced Netflix Movie ‘Leave the World Behind’ Can't Decide How Much It Hates White People,0.024447,0.169624,0.805929,57
8867511,Utah's staunchly conservative legislature came close to eliminating the death penalty and gave serious consideration to setting up a system to grow and distribute medical marijuana _ which may foreshadow future traction for progressive issues,0.837822,0.117522,0.044656,86
3786381,Price of Netflix going up for millions of subscribers,0.249829,0.640941,0.10923,19
11363920,Apple Gift Card Deal: Amazon Last Minute Christmas Eve Digital Deals,0.105127,0.87013,0.024743,2
6998021,"No, CrowdStrike didn’t send $10 gift cards to customers after its outage",0.023968,0.342569,0.633462,57
10296399,"Wall Street raises targets on Netflix, citing price increases",0.466541,0.46726,0.066198,39
7019579,Tesla's cheapest ever EV could be in danger as it pulls back from next-gen manufacturing plans,0.008602,0.058142,0.933256,57
11585453,"iPhone 11, Google Pixel 4 and more still available in John Lewis's clearance sale",0.034767,0.94876,0.016473,2
9723738,UAW workers at 2 key Ford plants reject national deal,0.013873,0.467456,0.518672,2
4378981,The best deals from Walmart's big spring sale,0.179332,0.797615,0.023053,19
2838308,Cathie Wood Sits Out Tuesday's Dip In Tesla As Stock Loses $126B In Value Amid Musk's Twitter Deal,0.030398,0.647194,0.322407,206
7072830,Uber driver and mother of 4 murdered in armed carjacking caught on video: lawsuit,0.005186,0.134237,0.860577,57
7001760,Amazon forgot to end its Memorial Day sale,0.012151,0.206973,0.780876,57
3759275,Netflix plans price increase for subscribers,0.253645,0.710693,0.035663,19
10255340,Dallas natural gas processor Lucid Energy Group II sells to investor group including Goldman Sachs in $1.6 billion deal,0.097172,0.887027,0.015801,39
3792233,"If Comcast Deal Happens, How Would DWA and Illumination Co-Exist?",0.020477,0.945129,0.034394,19
10588580,Goldman Sachs just announced a big promotion in its new online business,0.853985,0.134727,0.011288,39
3366621,European Shares Seen Opening Lower After Walmart Warning,0.02172,0.808007,0.170273,206
11599285,Apple AirPods Are Now Restocked on Amazon — and They’re on Sale!,0.089184,0.708863,0.201953,2
6995747,"Uber, BYD make deal to grow EV ridesharing",0.770962,0.207107,0.021931,57
9752747,Thinking of hosting an Airbnb? Here's how to make your place shine,0.705537,0.25199,0.042473,2
3349593,OKTA INC. (NASDAQ: OKTA) SHAREHOLDER CLASS ACTION ALERT: Bernstein Liebhard LLP Announces that a Securities Class Action Lawsuit Has Been Filed Against Okta Inc. (NASDAQ: OKTA),0.046505,0.861456,0.09204,206
9847403,Why How to Be Single is more casually progressive than Trainwreck,0.633004,0.216296,0.1507,86
10189816,Venezuela Legislature to Ask U.S. Congress to Probe Goldman Sachs Deal,0.003575,0.101489,0.894936,39
3783174,Tricks every Netflix subscriber should know,0.08358,0.838346,0.078075,19
7001491,Uber and Lyft made a deal to raise drivers’ wages. It was another victory for big tech,0.963217,0.021339,0.015444,57
3352773,"Amazon's stock price is set to drop, but that won't make it cheaper",0.031405,0.884438,0.084157,206
11523638,Massive AirPods deals at Amazon: Apple's AirPods 2 and AirPods Pro on sale,0.100232,0.84888,0.050887,2
10186709,Goldman boss Blankfein gives London Brexit warning,0.030041,0.959552,0.010407,39
10242317,Seagate Innov8 8TB external hard disk drive review,0.01653,0.974791,0.008679,2
10189809,Critics target Goldman Sachs after Venezuelan bond deal,0.005314,0.056258,0.938428,39
11591851,"Reliance Jio Wi-Fi Calling rolling out across India, here's how to use it",0.161214,0.806663,0.032123,2
11601225,Amazon is selling the Apple Watch Series 5 at the lowest price ever,0.140202,0.703313,0.156485,2
3347748,"Target, Walmart’s inflation warning bad omen for stocks, economy",0.026568,0.897606,0.075826,206
11360615,There's still time to pick up a £59 Amazon Echo deal in early Boxing Day sales,0.087061,0.891838,0.021101,2
11591668,"How to use Apple Pay: the ultimate guide to paying with your iPhone, Apple Watch, Mac or iPad",0.220111,0.69354,0.086349,2
10189606,Trump's proposed U.S. oil reserve sale not an issue for OPEC: Goldman Sachs,0.021861,0.967675,0.010463,39
11549660,"Apple's iOS 15.2 update: How to download, new features and more",0.081978,0.899775,0.018246,2
7070725,"4 Uber and Lyft drivers calculated how much they made after expenses. It ranged from $22 to $40 an hour, and an EV, tips, and tax incentives can make a big difference.",0.426746,0.465515,0.107739,57
10261266,Goldman Sachs raises oil price forecasts on speedy market rebalancing,0.812332,0.175663,0.012005,39
4033218,Netflix to film new series based on Brazil’s long-running corruption scandal,0.096025,0.673554,0.230421,19
3360638,Why U.S. Stocks Are Trading Lower; Tesla Shares Drop After Price Target Cut At JPMorgan,0.016881,0.909509,0.07361,206
3360019,"Investors in NASDAQ: TCMD shares should contact the Shareholders Foundation in connection with the Update in Lawsuit against Tactile Systems Technology, Inc.",0.022777,0.944798,0.032425,206
7078958,Lyft's price war with Uber yields mixed results,0.022255,0.210394,0.767351,57
11365528,54 Cheap Finds On Amazon That Work Weirdly Well,0.038116,0.42668,0.535205,2
10183402,US judge rejects Goldman Sachs' bid to narrow gender bias lawsuit,0.002221,0.020462,0.977317,39
3366209,Is Bitcoin (BTC) Bottom Close After Tesla's Apex Crypto Sale?,0.015482,0.869828,0.11469,206
2835234,Tesla Will Have To Pay Just One-Ninth Of The $137M Claim In Racism Lawsuit,0.013336,0.693924,0.29274,206
3352672,Missfresh Announces Receipt of Minimum Bid Price Notice from Nasdaq,0.035373,0.950088,0.014539,206
6936327,Megalopolis review – Francis Ford Coppola’s epic fail,0.016534,0.184271,0.799195,57
2836165,Tesla Loses $126 Billion In Value Amid Musk Twitter Deal Funding Concern,0.014913,0.720528,0.264558,206
6938975,Tesla Vs. NIO Vs. XPeng: Will Robotaxis — Or Price Wars — Win The EV Battle?,0.271486,0.593164,0.13535,57
11613876,How to download apps on your Apple TV device through the App Store,0.054371,0.885917,0.059711,2
3347446,"LUCID GROUP, INC. (NASDAQ: LCID) SHAREHOLDER CLASS ACTION ALERT: Bernstein Liebhard LLP Reminds Investors of the Deadline to File a Lead Plaintiff Motion in a Securities Class Action Lawsuit Against Lucid Group, Inc. (NASDAQ: LCID)",0.112012,0.828153,0.059834,206
3352147,Canton’s Hall of Fame Resort warned by Nasdaq about low trading price,0.026615,0.936605,0.03678,206
10213271,GOLDMAN SACHS: Here's how to make a killing in the market this September,0.329298,0.660187,0.010515,39
9700827,"Apple 'heartbroken' over death of employee, a 'young and talented coworker'",0.322911,0.411894,0.265195,2
11365690,6 Cheap Apple Watch Bands In Every Style & Color — & They're All On Amazon,0.09787,0.678109,0.22402,2
11588172,Apple Watch Tip: How To Achieve Your Fitness Goals,0.54598,0.416465,0.037555,2
3349513,"S&P 500, Dow Rise as Banks, Apple Offer Support",0.703003,0.279578,0.017419,206
3764729,Beauty on-demand: Apps offer stylists like an Uber,0.410856,0.49995,0.089195,19
11589433,Herschel Supply Co. backpack sale: Save up to 63% on Amazon,0.207782,0.741819,0.050399,2
4444768,Netflix is about to slap loyal customers with a price increase,0.038783,0.027039,0.934178,19
11603540,Apple Watch compatible gyms can now reward you with gift cards for working out,0.757681,0.204355,0.037964,2
9806615,Google IO livestream: how to watch the keynote online,0.0185,0.974449,0.007051,2
2836172,Tesla loses $126 bln in value amid Musk Twitter deal funding concern,0.013573,0.544758,0.441669,206
10177710,"OPEC now an inventory manager rather than price setter, says Goldman",0.091969,0.891964,0.016067,39
11559516,How to watch 'Moon Knight' on Disney+,0.015174,0.977334,0.007492,2
6998276,These are the 34 best Amazon Prime Day deals under $100 you can shop right now,0.645332,0.309813,0.044855,57
11363467,Ecobee smart thermostats are up to $77 off at Amazon — a clever last-minute gift that will arrive by Christmas,0.795284,0.162947,0.041769,2
3792247,DreamWorks Deal Would Serve Comcast’s Entertainment Strategy,0.610407,0.35892,0.030674,19
11605922,'Philly Jesus' charged with disorderly conduct after Apple store arrest,0.009668,0.629111,0.361221,2
6998778,"Home Depot Fourth of July Sale: Save on Appliances, Grills, Outdoor Furniture and More",0.425394,0.529818,0.044788,57
9709703,How Steve Jobs' death led Apple to make the Apple Watch,0.064758,0.857616,0.077626,2
10192463,"RPT-Goldman, Nomura heeded warnings before Venezuela bond deal",0.215739,0.700895,0.083367,39
9694322,"Apple's new MacBook is nice, but it isn't a good deal",0.087861,0.202671,0.709468,2
2826236,Apple Snaps This British Fintech In $150M Deal,0.02146,0.740832,0.237708,206
7001534,Shohei Ohtani’s ex-interpreter Ippei Mizuhara delivering Uber Eats after fraud scandal,0.007163,0.111505,0.881332,57
11595597,Apple’s iPhone SE2 Steps Up Price War With Flagship Features,0.197336,0.589389,0.213274,2
7070221,Tesla rival Xpeng kills two birds with one stone by inking deal with China's ride-hailing giant Didi,0.094882,0.40072,0.504398,57
7085279,"Uber, Deliveroo and other ride-hailing and food-delivery platforms will have to treat 5.5m gig workers as employees under new EU deal",0.808887,0.163812,0.027302,57
3352103,Snap's profit warning shocked stock investors this week. Morgan Stanley lays down why more are coming that could drive markets 10% lower,0.071138,0.522717,0.406145,206
11607600,AirPods Pro deal: Get Apple's new earbuds on sale on Amazon,0.191977,0.728113,0.079909,2
7070080,"Minneapolis Mayor Vetoes Wage Bill, Cuts Deal With Uber Instead After Meeting With Companies",0.013128,0.215618,0.771254,57
3792294,DreamWorks Animation shares soar on Comcast deal talks,0.455615,0.509969,0.034415,19
9697678,UPDATE 1-Apple says FBI gave it first vulnerability tip on April 14,0.012199,0.96502,0.022781,2
7055094,"Sprouts Farmers Market Gets Double Upgrade After Uber Eats Deal, Strong Q4 Results",0.756617,0.149599,0.093784,57
3369171,"Exxon, Chevron post blockbuster profits on oil price boom",0.43274,0.540802,0.026458,206
10270316,BRIEF-Goldman weighs $1.4 bln sale of new European HQ in London-...,0.085377,0.852029,0.062595,39
11521943,"Google must face Arizona lawsuit against tracking services, judge rules",0.013985,0.788644,0.197372,2
2832881,"Discovery, AT&T seal WarnerMedia deal, CEO David Zaslav gets to work",0.241159,0.749701,0.00914,206
7019565,Uber targeted with $300m lawsuit from London black cab drivers,0.005304,0.050148,0.944548,57
11365601,Save $30 on the Apple Pencil from Amazon and Best Buy,0.097744,0.787782,0.114473,2
11570055,Review: Fraggle Rock on Apple TV+ is the Muppet series Disney+ wishes it had,0.043747,0.914684,0.04157,2
7001128,Man charged in shooting death of Uber driver in Opa-locka,0.014741,0.66941,0.31585,57
4528847,How to Netflix This Weekend: Females-Are-Strong-as-Hell Edition,0.071867,0.89687,0.031263,19
4529041,"How to Netflix Properly This Weekend: You're All Caught Up on 'Game of Thrones,' Right?",0.195651,0.630783,0.173565,19
11593271,How to eat: apple crumble,0.080069,0.760844,0.159087,2
7079764,Uber CEO says Super Bowl ads aren't worth it without celebrity promotion ahead of 'Friends'-themed spot,0.114984,0.80084,0.084176,57
4444669,'The Do-Over' review: Adam Sandler keeps killing comedy in cold blood with Netflix movie,0.034844,0.88186,0.083296,19
10071462,Pfizer buying Anacor Pharmaceuticals in $5.2-billion deal,0.081395,0.888962,0.029642,2
2835696,BP deal sends Nasdaq-listed EV charging stock Tritium surging,0.386121,0.576361,0.037518,206
10995024,"Apple's Cook visits Beijing after China woes, Didi deal",0.017988,0.952065,0.029946,2
11357077,Apple News strikes election coverage deal with ABC News,0.059308,0.927285,0.013407,2
10231828,Yum China shares downgraded to neutral at Goldman after sharp price gains,0.068752,0.894771,0.036476,39
2835735,"Credit Suisse Slashed Price Targets On Google, Meta Ahead Of Quarterly Earnings",0.031749,0.841264,0.126987,206
9700285,'No foul play' suspected in man's death at Apple headquarters,0.015051,0.925449,0.0595,2
4034027,Chelsea Handler reportedly has exec fired from Netflix show,0.009791,0.861792,0.128417,19
3363646,Walmart deal bars Canoo business with Amazon,0.011523,0.937658,0.050819,206
8867528,"Keith Emerson of Emerson, Lake and Palmer dies",0.038507,0.89734,0.064153,86
11588099,Apple hits an all-time high as China and the US reach a phase-one trade deal (AAPL),0.872838,0.113638,0.013525,2
7085214,‘It’s everyone’s nightmare — the robot doesn’t stop’: Tesla recall and robotaxi crash throw self-driving car dream into crisis,0.022584,0.05598,0.921436,57
10255168,Goldman Sachs (NYSE: GS) buys downtown Nashville's Fifth Third Center — in largest commercial real estate deal of 2017,0.608726,0.363635,0.027639,39
3792245,DreamWorks in talks for $3B sale to Comcast,0.047602,0.936301,0.016097,19
9706349,How to use Apple AirPlay on the HTC 10,0.065874,0.850239,0.083887,2
7004209,How to do Disney World with an invisible disability,0.500458,0.413814,0.085728,57
11360276,These Apple Watch deals offer serious discounts before Boxing Day sales even begin,0.373258,0.535235,0.091507,2
11523985,Apple’s profit jumps to $34.6 billion in holiday quarter despite supply issues.,0.759793,0.178426,0.061781,2
6995811,"New York City Hall touts deal to help Uber, Lyft drivers",0.791668,0.171644,0.036689,57
2838313,"Tesla Rival Lucid Bags Deal To Sell 100,000 EVs To Saudi Arabia",0.01971,0.89928,0.08101,206
11354820,Apple dodges iPhone tariff after Trump confirms trade deal agreement with China,0.034253,0.217308,0.748438,2
11601910,How to share an Apple Music subscription between up to 6 people using the Family Sharing feature,0.159132,0.766861,0.074008,2
3347414,Netflix Inks $350M Visual Effects Services Deal With DNEG,0.157102,0.819649,0.023249,206
11365888,The Apple Watch 4 is still the cheapest price ever in the early January sales 2020,0.292817,0.594492,0.112692,2
9700478,Apple campus death: Person with head wound found in company conference room,0.013245,0.963032,0.023723,2
11523837,Apple's holiday iPhone sales surge despite supply shortages,0.624527,0.310762,0.064712,2
3369641,Cowen cuts price target on Green Thumb Industries despite solid quarter,0.032385,0.932643,0.034972,206
2826542,"RA Capital-Backed AN2 Therapeutics Hits NASDAQ, With IPO Price At $15",0.024661,0.951509,0.02383,206
2835656,Cancer-Focused Coeptis Therapeutics Turns To SPAC Deal To Uplist To NASDAQ,0.339641,0.637064,0.023295,206
7079224,Murder trial juror shot at while working as Uber driver not far from crime scene: Should she be on jury?,0.017281,0.472959,0.50976,57
9771481,"Apple's back-to-school promotion starts today, and it includes $300 headphones",0.447896,0.530192,0.021912,2
3360748,NASDAQ: CRMD Investor Notice: Update in Lawsuit against CorMedix Inc. announced by the Shareholders Foundation,0.011593,0.970513,0.017893,206
9759422,iPhone 7 Rumor Mill Kicks In As Apple Inc. Starts Early Hiring At Taiwanese Suppliers Foxconn And Pegatron,0.09932,0.862246,0.038434,2
3768190,Netflix wants to rip up distribution deal with bankrupt Relativity,0.019335,0.332432,0.648233,19
3786355,Netflix getting rid of price break for existing customers –and many don’t know it,0.094594,0.144618,0.760787,19
10177394,8 Biggest Price Target Changes For Friday,0.115833,0.853409,0.030758,39
3777645,Netflix Password Sharing Isn't As Big A Deal As Quartz Thinks,0.03989,0.459735,0.500375,19
11365145,This mega market-leading Google Pixel 4 deal comes with a brill Boxing Day pressie,0.599003,0.378477,0.02252,2
3771044,"Review round-up: Netflix's ""Fuller House"" is not binge-worthy",0.029868,0.66752,0.302613,19
7079673,Bilt Mastercard Credit Card Review 2024,0.032918,0.956567,0.010515,57
3377929,"Tech's latest IPOs are getting demolished, with Robinhood, Rivian, UiPath down over 70% from offer price",0.030291,0.718277,0.251432,206
3780059,'Pee-wee's Big Holiday' now on Netflix: 9 things to know,0.026846,0.956288,0.016866,19
11525305,How To Protect Yourself When Using Apple AirTag: Stalking Cases Strike Fear Into Users,0.114288,0.358379,0.527333,2
9703834,Dish Network to offer house calls to fix your broken Apple iPhone,0.055236,0.561328,0.383435,2
11360627,"Last-Minute Smartphone Gift Guide: From iPhone 11 To Google Pixel 4, The 7 Best Phones You Can Buy Right Now",0.299678,0.65174,0.048581,2
7073388,Apple iPhone 15 and 15 Plus review: Almost Pro,0.200219,0.728835,0.070947,57
4292342,Three great tricks for using Netflix,0.565001,0.297128,0.137871,19
11570195,Apple unceremoniously removes the Beats Pill Plus from sale,0.055855,0.510851,0.433294,2
11323588,"Siri, how much will this lawsuit cost Apple?",0.013734,0.588532,0.397734,2
3349824,"SHAREHOLDER ALERT: The Gross Law Firm Notifies Shareholders of Amazon.com, Inc. of a Class Action Lawsuit and a Lead Plaintiff Deadline of July 5, 2022",0.020605,0.875642,0.103753,206
9762004,Microsoft is selling its cheap phone business to Foxconn,0.090142,0.55129,0.358568,2
7085473,"Uber's holiday offerings include robot reindeer deliveries, festive party buses: 'Go anywhere, get anything'",0.817457,0.149458,0.033085,57
7004060,How to avoid an Uber/Lyft disaster,0.020234,0.130086,0.84968,57
3357180,Connect Biopharma Announces Receipt of NASDAQ Deficiency Notice Regarding Minimum Bid Price Requirement,0.149375,0.817365,0.03326,206
10246792,5 Biggest Price Target Changes For Thursday,0.118255,0.853705,0.02804,39
3352015,"NASDAQ: SDIG Investor Notice: Investors who Lost over $100,000 in Stronghold Digital Mining, Inc. shares should contact the Shareholders Foundation in connection with pending Lawsuit",0.023371,0.773336,0.203294,206
11603639,Auto review: Ford's 2020 F-series Super Duty Tremor off-road pickup could be a super-size hit,0.311055,0.653808,0.035137,2
8869981,Keyboardist Keith Emerson's death officially ruled a suicide,0.017952,0.515826,0.466222,86
10177321,Goldman sees this discount retailer benefiting as malls suffer,0.429807,0.550971,0.019222,39
7084822,Amazon's massive New Year's sale is live: here are the 29 best deals to shop right now,0.343854,0.617812,0.038334,57
7085205,Best Buy will gift you a $15 gift card with a $100 Uber gift card purchase,0.393204,0.534764,0.072031,57
11616132,"Yes, you can get Apple Music on an Android device — here's how to download and set it up",0.130494,0.763593,0.105913,2
3789574,Netflix confirms over 22 million US subscribers will get a price hike in the coming months,0.141428,0.822861,0.03571,19
6997848,"Uber deal could add 100,000 ridehailing EVs to roads",0.852399,0.115721,0.031881,57
7085130,Tired of dropping needles? These luxury artificial Christmas trees are less than half price at Amazon right now,0.061133,0.229378,0.709489,57
11591748,Tech review: The best app games of the year from Apple,0.241261,0.738195,0.020543,2
7076034,Uber Accused of Not Doing Enough to Prevent Sexual Assault in Consolidated Lawsuit,0.001724,0.00744,0.990836,57
3349252,"After Hellish Week, More Retail Earnings Coming; Best Buy, Costco, Dollar Stores Set To Announce",0.297954,0.636086,0.06596,206
6995366,Uber One subscribers get a free year of Perplexity Pro. Here's how to claim it (and why you should),0.562144,0.344966,0.09289,57
10246181,5 Biggest Price Target Changes For Tuesday,0.106454,0.867184,0.026361,39
11591580,"How 'Fleabag' creator Phoebe Waller-Bridge went from struggling to find work in her 20s to scooping up 3 Emmys, 2 Golden Globes, and a reported $20-million-a-year Amazon deal",0.049452,0.094103,0.856445,2
7085041,NKE Stock Price | Nike Inc. Cl B Stock Quote (U.S.: NYSE),0.011027,0.975952,0.013021,57
9700201,Apple campus death: Employee dead in company conference room in 'isolated incident',0.010813,0.7826,0.206587,2
10255609,Wall Street’s Goldman Sachs to offer home improvement loans,0.787852,0.192127,0.020021,39
2826529,Why Tesla Stock Looks Set To Soar And How To Trade This Key Pattern,0.1948,0.769817,0.035383,206
8869749,Rock musician Keith Emerson dies at 71,0.023978,0.959154,0.016868,86
9697280,Feds scrap Apple lawsuit in New York,0.008553,0.456379,0.535068,2
11593336,Google Reveals How To Hack An Apple iPhone Within Minutes,0.027416,0.663065,0.30952,2
11592072,"How to change your Apple Watch's face from your iPhone, and customize its color, style, and layout",0.113232,0.79373,0.093037,2
10355389,"Citigroup, Twitter, Lyft: Prince’s Arrest Touches Many",0.00327,0.077671,0.919059,39
3355413,Blue Hat Regains Compliance with Nasdaq Minimum Bid Price Requirement,0.207806,0.730788,0.061406,206
3783390,"iPad Pro 9.7 review: Apple's best tablet, but it won't replace a laptop",0.122055,0.811041,0.066904,19
3764852,'How to Be Single' Director to Helm Netflix Series '#Girlboss',0.057456,0.908693,0.033851,19
3347563,"BofA Downgrades Ginkgo Bioworks, Cuts Price Target In Half",0.024197,0.937432,0.038371,206
7037646,Trigger Warning: Awful Uber Incident Results in Death of 1-Year-Old,0.00363,0.030582,0.965788,57
9768041,Is Apple's iPhone nagging you to update it? Here’s how to stop it,0.01598,0.064117,0.919903,2
9700444,Police investigate death at Apple headquarters in California: reports,0.009859,0.953567,0.036574,2
7082403,"Should you preorder the Apple Vision Pro? The pros and cons, plus how to buy it",0.161806,0.776018,0.062177,57
11584102,HBO Ex-CEO Richard Plepler Signs 5-Year Apple TV+ Production Deal,0.07858,0.87534,0.04608,2
10994467,"Google, Fiat Chrysler working on self-driving car deal: sources",0.089975,0.902596,0.00743,2
9720189,"6 tips to keep Facebook clean, secure and private",0.659317,0.296879,0.043804,2
3816910,Will Facebook's 'trending' scandal change the way we read news?,0.026261,0.274587,0.699152,19
10346266,BRIEF-Genesis Capital signs deal with an affiliate of Goldman Sachs,0.033039,0.793526,0.173435,39
6998334,Uber just added a way to search for rides in other cities— here's how to use it,0.631695,0.296252,0.072053,57
11605724,Fire TV streaming devices are all on sale at Amazon,0.093368,0.878747,0.027885,2
3357177,Medigus Announces Receipt of Nasdaq Notice of Bid Price Deficiency,0.047895,0.845967,0.106139,206
7079326,Uber to offer service in London's famous black cabs,0.786241,0.188378,0.025381,57
3777138,Intel Compute Stick review: Windows 10 for your TV,0.030762,0.957147,0.012091,19
10290365,How to Eat Like a Goldman Exec,0.168671,0.628273,0.203055,39
3789623,Netflix Price Changes Are Coming — Here's When You'll Pay More for Your Subscription,0.090908,0.804841,0.104251,19
11588081,Apple has narrowly avoided a 15% tariff on the iPhone after Trump's trade deal with China,0.320914,0.436105,0.242981,2
9765006,"Artist Britto lawsuit against Apple, design firm dismissed",0.005108,0.178869,0.816023,2
4444700,'Pee-wee's Big Holiday' review: Slightly creepy Pee-wee Herman returns in funny Netflix debut,0.048413,0.881008,0.070579,19
11599681,iPhone Upgrade Shock: Apple’s Price Changes Explained,0.020294,0.247717,0.731989,2
8867420,"Keith Emerson, keyboard player for Emerson, Lake & Palmer, dies at 71",0.051602,0.919062,0.029336,86
3816665,Netflix's exclusive deal for Disney movies kicks in this September,0.085723,0.905462,0.008815,19
11611946,10 Biggest Price Target Changes For Wednesday,0.073646,0.90732,0.019034,2
3783077,Tricks and tips every Netflix subscriber should know,0.103259,0.821364,0.075377,19
3771011,"The Best, Worst Horror Movies Netflix Has to Offer — And Boy Are They Bad",0.075407,0.233679,0.690915,19
7003864,Google Pixel 8A review: the sensible choice,0.655117,0.304292,0.040591,57
7079674,"How much do Uber and Lyft drivers really make? It varies wildly depending on tips, car expenses, and how they calculate profits.",0.092129,0.577669,0.330202,57
11593685,Apple iPhone 11 Pro Long-Term Review: Verdict And Deals,0.054339,0.932478,0.013183,2
6994831,"‘Should I be fearing my ride share driver?': Woman shares how to check if child lock is on in Uber, Lyft",0.05356,0.703345,0.243095,57
10240924,"The arrest of Alwaleed Bin Talal touches many — including Citigroup, 21st Century Fox and Twitter",0.015698,0.71608,0.268222,39
10364623,Gold: Goldman’s Price Target on ‘the Currency of Last Resort’,0.034105,0.948481,0.017413,39
2836114,Tesla Stock Plunge Wipes Out $114 Billion In Value As Twitter Deal Sparks Fears,0.020797,0.512394,0.46681,206
4444804,Netflix series 'Fuller House' bashed in review after review,0.011483,0.961725,0.026792,19
10261179,Blackstone's Thomson Reuters deal takes fight to Bloomberg,0.048178,0.898625,0.053197,39
9809314,How to add extra security to your Apple ID,0.439444,0.478374,0.082181,2
3816660,Netflix Exclusive Disney Movie Deal in U.S. Kicks In This Fall,0.034614,0.958533,0.006853,19
11357821,"Apple Offers Discount On Apple Arcade, But There's A Catch",0.07109,0.240637,0.688272,2
6992540,Serve Robotics Surges In Pre-market Following Deal To Deliver Shake Shack Via Uber Eats,0.149029,0.782356,0.068615,57
11525792,The 50 Best Cheap Products Trending On Amazon,0.248932,0.703184,0.047883,2
3357578,Polestar shares expected to debut Friday on Nasdaq after SPAC deal approved,0.054414,0.939704,0.005882,206
6992537,‘Customers make crazy requests so they can complain’: Uber Eats driver says customer sabotaged her so that they could take tip away,0.017995,0.653575,0.32843,57
8873060,"Rob Ford, Blustery Ex-Mayor of Toronto Whose Struggles Went Public, Dies at 46",0.031038,0.323063,0.645898,86
11593346,Latest AirPods deals are still running for those seeking cheap Apple headphones,0.072626,0.672513,0.25486,2
11569298,Deal alert: Amazon is selling $99 Apple AirPods for a limited time,0.088333,0.75443,0.157238,2
11524048,Apple posted record holiday quarter sales despite supply constraints,0.778163,0.168776,0.053061,2
7043209,Costa Mesa police nab Uber driver suspected in hit-and-run on same day victim dies from injuries,0.003548,0.042345,0.954107,57
11602074,"Director says in lawsuit Apple, Shyamalan stole her movie",0.007042,0.777526,0.215432,2
11597306,AirPods Deals: save big in cheap Apple headphone sales,0.233418,0.513511,0.253071,2
2838316,"Tech stocks are facing a 'perfect storm' as competition ramps up and the era of cheap debt-fueled growth comes to an end, Bank of America says",0.126115,0.741481,0.132403,206
3768200,"Streaming review | Love: Netflix TV series turns rom-com pattern on its ear, effectively",0.287448,0.58508,0.127472,19
11595736,‘Little America’ Co-Creator Lee Eisenberg Sets Overall Deal at Apple,0.24659,0.737803,0.015607,2
3360155,Titan Medical Granted 180-Day Extension by Nasdaq to Regain Compliance with Minimum Bid Price Rule,0.207112,0.765275,0.027613,206
11614010,Every Edition of Apple AirPods Are on Sale on Amazon Right Now,0.071506,0.826285,0.102209,2
11368232,Apple Pay does work on an iPad — here's how to set up and use it for in-app purchases and quick online checkouts,0.380535,0.507678,0.111787,2
9697691,Apple says FBI gave it first vulnerability tip on April 14,0.021002,0.966052,0.012946,2
10236756,Dogspectus ransomware targets Android devices in the quest for Apple iTunes gift cards,0.065384,0.817015,0.1176,2
3775943,5 tips every Netflix user should know video,0.117232,0.809262,0.073505,19
10864757,Spotify Matches Apple Music's Family Plan Price,0.076091,0.828612,0.095297,2
11589950,These Bose QuietComfort headphones are now better than half price at Amazon,0.330191,0.558005,0.111804,2
11615921,Review: Netflix's 'Night on Earth' Takes Viewers Into the Darkness,0.033365,0.942714,0.02392,2
3372586,CVS Health To $120? Here Are 5 Other Price Target Changes For Monday,0.031498,0.956784,0.011718,206
11600211,Apple Halted iCloud Encryption Plans After FBI Warning—Report,0.008369,0.161713,0.829918,2
3363370,InMed Pharmaceuticals Receives Nasdaq Notification Regarding Minimum Bid Price Compliance,0.068504,0.911032,0.020464,206
3354465,US stocks fall as Target's 2nd profit warning in less than a month weighs on retail sector,0.029368,0.853539,0.117093,206
3354466,Oracle quietly closes $28B deal to buy electronic health records company Cerner,0.271271,0.676773,0.051957,206
6998353,Uber Loses VAT Lawsuit For Rivals Outside London,0.006322,0.112175,0.881503,57
3780063,"TV review | 'Daredevil': Netflix series format allows adding Elektra, Punisher",0.043452,0.904995,0.051554,19
7085803,Amazon Confronts Gender Discrimination Claims As Three Employees File Landmark Lawsuit,0.01068,0.158793,0.830527,57
3371932,Nvidia sinks as chip maker's warning on revenue and gaming weakness drags tech shares,0.031358,0.614394,0.354248,206
3349813,"CareDx, Inc. (NASDAQ: CDNA) SHAREHOLDER CLASS ACTION ALERT: Bernstein Liebhard LLP Announces that a Securities Class Action Lawsuit Has Been Filed Against CareDx Inc. (NASDAQ: CDNA)",0.053816,0.856428,0.089757,206
11357059,"US STOCKS-S&P 500, Nasdaq eye record open as China data, trade deal lift mood",0.638428,0.343215,0.018356,2
3783860,Netflix Acquires Worldwide Streaming Rights to Anna Friel Crime Drama ‘Marcella’,0.259319,0.668495,0.072186,19
11584178,AAPL Stock Price | Apple Inc. Stock Quote (U.S.: Nasdaq),0.020033,0.940506,0.039461,2
10876995,"Apple: Now Rosenblatt, UBS Offer Caution About June Quarter Outlook",0.021533,0.957132,0.021336,2
6935773,"Tesla Unveils 2-Seater Cybercab That Drives Itself, Price Expected To Be Under $30K: Also Shows Off 20-Seater Robovan To Rival Uber Shuttle",0.071655,0.572676,0.355669,57
3783420,REVIEW: This is Apple's best iPad,0.194127,0.761821,0.044052,19
6936135,Uber teams with Avride to offer self-driving vehicles for rides and food deliveries,0.799162,0.182557,0.018281,57
2832800,Nvidia Shares Drop As Baird Cuts Price Target By 38%; Downgrades To Neutral,0.026391,0.852514,0.121095,206
11597449,Best deal on Apple Airpods (UK deal),0.145923,0.760224,0.093853,2
3819048,El Chapo threatens lawsuit against Netflix for planned series,0.008434,0.346035,0.645531,19
11587277,9 Apple AirPods tricks you’ll wish you knew before now,0.17997,0.423978,0.396052,2
2826532,Analysts Cut LiqTech's Price Target After FY21 Results,0.014777,0.965622,0.019601,206
3352096,Dow Jones Rallies On Inflation Data; Tesla Pops As Elon Musk Issues This Warning; Apple Stock Surges,0.23237,0.547523,0.220107,206
9759471,Apple may offer three versions of iPhone 7,0.072006,0.900512,0.027481,2
11357807,Don't miss the Apple AirPods at this ludicrously good UK price,0.549592,0.261558,0.18885,2
11585715,Apple and GPU-maker Imagination make nice in new licensing deal,0.728825,0.246127,0.025048,2
7034809,Exploring The Competitive Space: Uber Technologies Versus Industry Peers In Ground Transportation,0.724123,0.151325,0.124552,57
6998673,71 Amazon Gifts for Men That Will Make You a Prime Gift Giver,0.8109,0.156917,0.032183,57
11599759,Apple's 'Morning Show' will deal with 'chaos' left behind in new season,0.045794,0.915494,0.038712,2
3360182,Hoth Therapeutics Granted 180 Day Extension by Nasdaq to Regain Compliance with Bid Price Rule,0.173461,0.801568,0.02497,206
10346373,BRIEF-Goldman wins dismissal of Primus Pacific lawsuit,0.221572,0.499553,0.278875,39
7079028,FEC Complaint: Former Intel Officials Strategized to Kill Hunter Biden Laptop Scandal — to Protect Joe,0.014373,0.246591,0.739036,57
2832939,VEON confirms notification from Nasdaq on minimum share price requirement,0.054846,0.930462,0.014693,206
7073644,Early Amazon Prime Day deals are live in the UK,0.0355,0.956759,0.007741,57
11598132,Julia Louis-Dreyfus signs multi-year deal with Apple TV+,0.045911,0.931249,0.02284,2
10243365,Goldman Sachs wants to become the Google of Wall Street — and it's taking a recruiting tip from the tech giant,0.497575,0.372015,0.13041,39
7082654,Kia Signs MoU to Offer Ride Hailing PBVs to Drivers on the Uber Platform,0.121917,0.823599,0.054484,57
6998771,"Uber And Lyft Agree To Worker Benefits, Settle State Lawsuit",0.287886,0.597192,0.114922,57
3366773,Market Volatility Increases Following Profit Warning By Walmart,0.047409,0.87432,0.078271,206
11360364,"The Disney Channel Original movie ‘High School Musical’, reviewed",0.024655,0.970691,0.004654,2
3789306,Netflix’s CEO Says VPN Users Really Aren’t a Big Deal,0.07297,0.857785,0.069245,19
7081832,CitiBusiness AAdvantage Platinum Select Mastercard Review 2024,0.108325,0.875235,0.01644,57
7001603,Chicago Man Who Had Ankle Monitor Removed Accused in Uber Driver's Death,0.011627,0.525067,0.463306,57
6998365,The 15 best Amazon Prime Day Kindle deals,0.450107,0.479786,0.070107,57
9768047,Is Apple's iPhone nagging you to update? Here’s how to stop it,0.015195,0.057692,0.927113,2
11585724,Apple targets jailbreaking in lawsuit against iOS virtualization company,0.014754,0.284615,0.700631,2
7075914,"Waitrose in talks with Amazon over online grocery deal, says report",0.026701,0.968547,0.004752,57
10255607,Wall Street's Goldman Sachs to offer home improvement loans,0.790625,0.189072,0.020303,39
11611468,iPhone 11s drive Apple to record holiday earnings.,0.788441,0.175859,0.0357,2
3349500,Rick Cohen’s Symbotic Expands Deal to Automate Walmart’s Warehouses To All 42 Regional Distribution Centers,0.636214,0.330686,0.033099,206
6939085,Uber Delivery Deal Preps This Restaurant Stock For A Breakout,0.859447,0.076351,0.064202,57
6935979,Get everyday essentials now under $25 during Amazon’s October Prime Day,0.518308,0.433824,0.047868,57
10287598,Citrix Is Working With Goldman Sachs on Potential Sale Process,0.124055,0.826279,0.049666,39
10292951,GOLDMAN SACHS: Here's how to make money in the most boring market in years,0.167313,0.806297,0.026389,39
6992726,"Steve Jobs Commissioned Yacht, Venus, Delivered After Apple Co-Founder's Death, Collides With Another Superyacht Off Italian Coast",0.060587,0.677838,0.261575,57
7034616,‘Not the first time I’ve heard this!’: Uber Eats driver says he delivered to Chris Brown’s house. His tip was $1,0.075759,0.857458,0.066784,57
11527339,How to set up an Amazon Echo smart speaker,0.119448,0.846883,0.033669,2
3767891,Netflix's 'Pee-wee's Big Holiday' looks like a remake of 'Pee-wee's Big Adventure',0.107401,0.820611,0.071988,19
11363867,Apple's App Store holiday giveaway starts today,0.069589,0.921246,0.009165,2
7073385,"UPS plans to hire more than 100,000 holiday workers this year, on par with last year",0.5533,0.40841,0.03829,57
3372047,"Tesla (TSLA) Stock Price: Analyst Weighs In On Upcoming Stock Split, And What You Need To Know",0.058451,0.911528,0.030021,206
3363293,"Canoo surges 107% after the EV maker inks deal to sell up to 10,000 delivery vehicles to Walmart",0.556383,0.411136,0.03248,206
4486609,MIPTV: Why the 'Black Mirror' Deal Marks a Turning Point for Netflix,0.39545,0.570591,0.033959,19
6994991,NYC Uber driver says passenger pepper sprayed him over skin color: ‘This is a hate crime’,0.005256,0.09342,0.901324,57
3366704,EQONEX Receives NASDAQ Notification Regarding Minimum Bid Price Deficiency,0.072025,0.880741,0.047234,206
7004137,"Waymo, the self-driving car company owned by Google's parent, Alphabet: How to ride, cost, accident record",0.175164,0.596966,0.227869,57
9762025,Microsoft Sells Feature Phone Business To iPhone Maker Foxconn In $350M Deal As Nokia-Branded Phones Set To Return,0.570668,0.368011,0.061321,2
7069994,California police searching for missing Netflix employee say no evidence of crime,0.017145,0.739657,0.243198,57
10174725,"GoPro shares fall to record low after Goldman, Citi say sell",0.008774,0.12735,0.863876,39
10110182,Google wants your data to do great things. That's not such a bad deal.,0.797997,0.120395,0.081607,2
10290252,"In Venezuela, Goldman Sachs Found a Hot Deal and a Moral Mess",0.962957,0.014724,0.02232,39
6935782,Tesla Robotaxi Event: What To Expect And How To Watch (Live),0.029562,0.955774,0.014665,57
7037688,Uber spent $178 million settling a lawsuit with taxi drivers in Australia,0.032905,0.19644,0.770655,57
11522062,Save $150 on the MacBook Air with this deal exclusive to Amazon,0.304441,0.64429,0.051269,2
6998781,A fare deal: Uber and Lyft drivers to earn $32.50 per hour in Massachusetts settlement,0.331976,0.486232,0.181792,57
11598071,Julia Louis-Dreyfus Partners with Apple in New Overall Deal,0.093291,0.879376,0.027333,2
10548680,Apple loses 'iPhone' wallets lawsuit in China,0.00422,0.122002,0.873779,2
2836175,Robinhood Layoffs 2022: Stock Price Plunges As 340 Full Time Staff Are Cut,0.031893,0.860166,0.107941,206
6983729,PayPal Expands Strategic Partnership with Adyen to offer Fastlane in the U.S.,0.471779,0.509045,0.019176,57
10255198,Chipotle exec admits that its main selling point is the kiss of death for its queso,0.114579,0.619147,0.266274,39
9765245,Apple may open up Siri to developers. That’s a huge deal.,0.816255,0.149518,0.034226,2
9700664,Warning signs for Apple's China gameplan,0.025941,0.642296,0.331763,2
11356954,Hurry – the Apple HomePod gets £113 price cut in brilliant Christmas deal,0.395528,0.463818,0.140654,2
11584163,Apple signs former HBO chief to a five-year deal,0.147141,0.823339,0.02952,2
3354989,"This Week in Apps, Apple WWDC review: blurred lines, new APIs – TechCrunch",0.02099,0.960442,0.018569,206
4033204,Amazon's stock on course for third-biggest price gain ahead of results,0.522103,0.435894,0.042003,19
11365421,"CORRECTED-UPDATE 1-Japan Display discussing factory sale to Apple, Sharp -Nikkei",0.040712,0.915009,0.044279,2
7087901,Apple iPhone 15 Pro Review: The Flagship Phone To Lure Android Users To iOS,0.340405,0.602164,0.057431,57
10379495,BRIEF-Goldman Sachs reports tender offer for up to $750 mln of...,0.092714,0.879699,0.027587,39
10343240,'Uncharted Territory:' Goldman Sachs Issues Dire Wire Warning About Federal Spending,0.013074,0.089108,0.897819,39
10290737,Venezuelan Opposition Blasts Goldman Sachs for $2.8B Bond Deal with Maduro,0.004504,0.023946,0.97155,39
7037637,In-Depth Analysis: Uber Technologies Versus Competitors In Ground Transportation Industry,0.062355,0.651734,0.285911,57
10186110,Malaysia owes $1.2 billion over an international scandal involving Goldman Sachs and Abu Dhabi,0.002342,0.018758,0.978899,39
7081972,‘I would’ve snatched that tip back so fast’: Customer orders vodka at 9am to make Jello shots for party. Uber Eats delivery driver told her to look into substance abuse treatment,0.09303,0.811342,0.095627,57
7013083,"Legislators say they have a deal on Uber and Lyft driver pay, but companies object",0.115327,0.540425,0.344248,57
11570180,Apple patches Safari bug that leaked user data,0.008325,0.141111,0.850564,2
3372611,This Analyst Boosts Price Target On Dillard's; Also Check Out Some Other Big PT Changes,0.233489,0.73986,0.026651,206
3352903,TIAN RUIXIANG Holdings Ltd Receives Nasdaq Notification Regarding Minimum Bid Price Deficiency,0.064066,0.898266,0.037668,206
3366641,U.S. stock futures slip after Walmart profit warning,0.015508,0.816786,0.167706,206
3792227,DreamWorks deal would serve Comcast's entertainment strategy,0.552636,0.423272,0.024093,19
3777197,Producer who took plea deal for fake gun in YouTube show is in talks with Netflix,0.012106,0.579077,0.408817,19
3786486,"Vivendi, Mediaset clinch deal in challenge to Netflix",0.056112,0.918824,0.025064,19
9694204,How to browse the Web on Apple TV,0.028338,0.957267,0.014395,2
10216034,5 Biggest Price Target Changes For Wednesday,0.101088,0.873961,0.024951,39
11360826,"Best Amazon holiday deals: The best deals on Apple Airpods, Kitchy pizza cutter wheels, and more",0.310403,0.595677,0.09392,2
11569323,"Snap Stock Tumbles After Rating, Price Target Cut From Wedbush Ahead of Q4 Earnings",0.015019,0.443086,0.541896,2
11356953,"Apple Watch 4 price gets a cut on Amazon, making it a great Christmas gift idea",0.751762,0.178417,0.069821,2
3783276,Every Netflix subscriber should know these tips and tricks,0.21484,0.701504,0.083656,19
9700448,Police investigate death at Apple headquarters in California,0.009774,0.951294,0.038931,2
3366722,Indexes drop as Walmart profit warning spooks investors,0.022462,0.815647,0.161891,206
2835745,Robinhood revives plans to launch in the UK with deal to buy crypto app Ziglu,0.556219,0.426033,0.017749,206
11360297,Amazon's cheapest-ever Black Friday iPad deal returns as Boxing Day sales go live early,0.19902,0.774078,0.026903,2
11357058,"Wall St. hits record high on China data, trade deal; Apple shines",0.91351,0.058067,0.028423,2
2830139,Digimarc To Raise $58.3M Via Secondary Share Sale At Discount; Shares Pop,0.613827,0.349635,0.036538,206
11616123,How to fall in love with the Apple ecosystem all over again -- spend more money and buy new stuff,0.776442,0.15046,0.073098,2
3357666,Skylight Health Receives NASDAQ Notification Regarding Minimum Bid Price Deficiency,0.080087,0.87624,0.043673,206
11595985,Apple Safari Browser Tip: How To Access Hidden Functions,0.036274,0.835576,0.12815,2
8869706,Police Launch a Suicide Investigation Following the Death of Keith Emerson,0.031854,0.767589,0.200557,86
10175044,"BRIEF-Citrix working with Goldman Sachs on possible sale process- CNBC, citing report",0.034504,0.915488,0.050008,39
7070553,REVEALED: 'Hannah Montana' Star Mitchel Musso's Girlfriend Told Police Actor Was Too Drunk to Order an Uber Before His Arrest For Stealing Doritos,0.00548,0.062598,0.931922,57
3352461,"‘Hurricane Is Coming Our Way’—JPMorgan Issues Stark Prediction As Price Of Bitcoin, Ethereum, BNB, XRP, Terra’s Luna, Solana, Cardano, Dogecoin Go Into Free Fall",0.069096,0.770733,0.160171,206
3372429,NN Stock Price | NextNav Inc. Stock Quote (U.S.: Nasdaq),0.010945,0.980471,0.008584,206
11365112,Exclusive: How to master long exposure photos with Apple's favorite iPhone app of 2019,0.24659,0.687462,0.065948,2
11568127,Chris Evans And The Rock Will Star In An Amazon Holiday Movie Together: ‘Red Ones’,0.127238,0.861508,0.011254,2
3352405,"InnovationRx: Amtitrust Regulators OK Oracle-Cerner Deal; Plus, Covid Vaccine Mixing And Matching",0.19253,0.783529,0.023941,206
11365129,AirPods Pro Tips And Tricks: How To Maximize Your New Apple Earbuds,0.295893,0.569417,0.13469,2
3786229,80% of people have no idea about the Netflix price hike that's coming next month,0.031897,0.639186,0.328917,19
10219090,Bill Ackman calls Chipotle 'extremely cheap' and says people in his office like the queso,0.075265,0.752159,0.172576,39
3764940,‘Making A Murderer’ Disgraced Prosecutor Ken Kratz Reveals He Is The Target Of Rape And Death Threats,0.004209,0.022509,0.973282,19
3792775,DreamWorks Shows Improvement Bolstering Outlook for Comcast Deal,0.656663,0.308083,0.035255,19
10261472,"Daniel Cook III, former Goldman Sachs general partner in Dallas, dies at 83",0.042851,0.884111,0.073038,39
11597666,Amazon Warehouse Sale Drops Prices Tons of Electronics and Game Accessories,0.207348,0.668146,0.124506,2
7073418,"UPS says it will hire 100,000 seasonal workers for the holiday rush — but don't expect that $170,000 pay package",0.290199,0.458006,0.251794,57
7004211,Uber Spices Up Taiwan's Food Delivery Scene With $950M foodpanda Deal: What's On The Menu?,0.36249,0.090972,0.546538,57
3366655,U.S. Stocks May See Early Weakness Following Walmart Warning,0.022741,0.939416,0.037843,206
7082782,Burglary Suspect Arrested After Calling Uber to Flee Crime Scene: Cops,0.00401,0.073681,0.92231,57
3786213,Netflix acquires 'Death Note' movie adaptation,0.108848,0.865355,0.025797,19
9700390,Police probe death at Apple headquarters in California: reports,0.009653,0.936567,0.053781,2
11616156,iPad Mini Is on Sale for the Lowest Price Ever at Amazon,0.187873,0.759069,0.053058,2
11591949,9 Apple AirPod tips for better use from Kim Komando.,0.347,0.619532,0.033468,2
3349152,Apple Faces Lawsuit Over Allegedly Forcing Workers To Attend Anti-Union Speeches,0.00797,0.361205,0.630824,206
11587664,Apple deal returns former HBO boss Richard Plepler to spotlight,0.396779,0.580301,0.02292,2
7037106,"TechCrunch Mobility: Apple layoffs, an EV price reckoning and another Tesla robotaxi promise",0.095953,0.817747,0.0863,57
11529810,Apple’s new entry-level MacBook Pro may not include a ProMotion display,0.036478,0.890761,0.072761,2
4531722,Amazon Lands Huge Deal for Sundance Sensation 'Manchester By the Sea',0.376787,0.593949,0.029263,19
11585503,There's still time to grab a cheap Apple Watch deal in the January sales,0.155465,0.639069,0.205466,2
3795649,How to avoid embarrassing Facebook posts,0.080452,0.50737,0.412177,19
10319226,Venezuelan opposition condemns Goldman for $2.8 billion bond deal,0.003945,0.024563,0.971492,39
7076559,Uber and Lyft Drivers Get Tips On Less Than 3 out of 10 Rides,0.209598,0.66935,0.121053,57
3349317,Glory Star New Media Group Holdings Limited Receives Nasdaq Notice of Deficiency Regarding Minimum Bid Price Requirement,0.044709,0.779065,0.176226,206
7000970,Uber and Aurora announce “long-term” driverless truck deal after successful pilot,0.898959,0.081758,0.019283,57
3344304,"Twitter stock would be 37% lower in the absence of Elon Musk's takeover bid and there's a possibility the Tesla chief reprices the deal, short seller warns",0.022909,0.807752,0.16934,206
10189740,Venezuelan opposition threatens country won’t pay Goldman Sachs’ $2.8 billion bond deal,0.00608,0.070382,0.923538,39
9764702,CNET UK podcast 482: Android N's new tricks and Motorola's cheap new phones,0.068464,0.761969,0.169568,2
11591880,Best deal on the Apple Watch Series 5 (UK deal),0.095554,0.846171,0.058274,2
3372279,Motus GI Regains Compliance with Nasdaq Minimum Bid Price Requirement,0.334539,0.605793,0.059668,206
7080444,"Best Black Friday tablet deals 2020: iPad, Samsung Galaxy, Amazon Fire",0.110508,0.859797,0.029695,12
11615255,Amazon’s record holiday sales send stock soaring toward $1 trillion valuation,0.662731,0.264493,0.072776,2
10378152,Apple’s Cook Struck $1 Billion Deal With China’s Didi in 22 Days,0.014861,0.102372,0.882767,2
7078872,Uber bets on holiday travel demand to forecast strong fourth quarter,0.825992,0.152681,0.021327,57
3768242,'Love' review: Why you should binge watch Judd Apatow's new series on Netflix,0.176056,0.796701,0.027243,19
11613431,Apple iPads Are at Their Lowest Price on Amazon Since the Holidays,0.362823,0.492186,0.144991,2
8870432,Keyboardist Keith Emerson's death ruled a suicide,0.016988,0.624706,0.358306,86
10189792,Goldman Sachs lowers oil price projections on potential shale surge,0.051396,0.668774,0.27983,39
6939070,"Olive Garden’s owner sees stock surge as it gives upbeat sales forecast, discloses Uber delivery deal",0.399897,0.497928,0.102176,57
7012964,Save $15 when you spend $100 on a Lyft gift card at Amazon,0.567726,0.327821,0.104453,57
11360091,How to listen to podcasts on your Android device using the Google Play Music app,0.068791,0.908021,0.023188,2
3369337,Jiuzi Holdings Inc. Receives Nasdaq Notification Regarding Minimum Bid Price Deficiency,0.075445,0.88355,0.041005,206
11357386,Apple Watch Tip: How To Unlock Mac Device Using Smartwatch,0.059297,0.88966,0.051043,2
9725919,Kim Komando: How to protect your Facebook timeline,0.116818,0.856885,0.026297,2
9761976,Silicon Valley mocks Trump’s ‘bubble’ warning; Clinton supporters launch digital ad blitz; can Apple bring manufacturing back to the U.S.?,0.641267,0.219983,0.13875,2
3767880,"How to check if your family, friends are sharing your Netflix account",0.043541,0.900639,0.05582,19
9253675,"Rob Ford, Toronto Mayor Who Faced Drug Demons, Dies at 46",0.065594,0.336623,0.597782,86
11595975,Apple Watch deals hit as low as £195 in cheap smartwatch sales,0.088787,0.589013,0.322199,2
11595833,'Little America' Co-Creator Lee Eisenberg Signs Overall Deal With Apple,0.215921,0.768553,0.015526,2
3771217,Slick concept shows how Apple could upgrade Control Center with 3D Touch,0.229471,0.727293,0.043236,19
11591730,Ford’s First 2020 Mustang Shelby GT500 Fetches $1.1 Million: Here’s How To See It,0.158405,0.804148,0.037446,2
11597589,"iPads on sale: Save up to 23% on the new iPad Air, iPad Pro on Amazon",0.180898,0.760618,0.058484,2
10990750,"Apple, ANZ Bank strike deal to bring Apple Pay to Australia",0.483022,0.494599,0.022379,2
10293256,Goldman wins dismissal of lawsuit in U.S. over Malaysia ties,0.174727,0.589173,0.2361,39
11524202,Apple's 24-inch iMac is at a new record-low price with these Amazon coupons,0.603324,0.310487,0.086189,2
8870271,Keith Emerson's death has been ruled a suicide,0.017029,0.665164,0.317807,86
9703035,"CORRECTED-Apple, ANZ Bank strike deal to bring Apple Pay to Australia",0.204977,0.715347,0.079676,2
6998662,"The 40 Best Deals of Home Depot's July 4th Sale: Save on Appliances, Grills, Tools and Outdoor Equipment",0.690436,0.25567,0.053894,57
10225006,"Kroger exploring sale of convenience stores, shares rise",0.488482,0.490958,0.02056,39
10234433,"Thermo Fisher to acquire Patheon in deal valued at $7.2 billion, including $2 billion net debt",0.047208,0.704075,0.248717,39
9709534,Cupertino: Apartment expansion project next to Apple spaceship campus to be reviewed by planning commission Tuesday,0.032785,0.945043,0.022173,2
3363193,"NASDAQ: GOCO Investor Notice: Update in Lawsuit against GoHealth, Inc. announced by the Shareholders Foundation",0.012387,0.961462,0.02615,206
3789255,Netflix price hike coming and researchers are undoing paralysis video,0.696548,0.193444,0.110008,19
7085243,Tesla's recall of 2 million vehicles reminds us how far driverless car AI still has to go,0.097801,0.356031,0.546169,57
3366812,Nasdaq Grants MICT Extension to Regain Compliance with the $1.00 Minimum Bid Price Rule,0.600884,0.373189,0.025927,206
10379789,"Former WTO, Goldman chief Peter Sutherland dies at 71",0.036371,0.889348,0.074282,39
7079710,"Uber's 'Kelce-Like Quarter:' Wedbush's Ives Boosts Price Target, Lauds One Of Tech World's 'Best Turnarounds Ever' While 'Little Brother Lyft Just Watches'",0.642774,0.13207,0.225156,57
6939138,Indianapolis Black Woman's Uber Driver Shot Her to Death When She Refused Sex With Him,0.002822,0.027129,0.97005,57
7075958,Can’t Find Prime Day Deals On Amazon? Here's Why,0.008518,0.093651,0.897832,57
6998513,Analysts See Upside Ahead For Amazon Stock As Prime Day Approaches,0.51791,0.455824,0.026265,57
11605275,The unofficial Apple Archive is on death’s door once more,0.060303,0.806362,0.133335,2
11601776,Apple Deal: Save Big on Apple AirPods and MacBook Pro,0.640087,0.263364,0.096549,2
7001733,I was rejected from my first promotion at Google. Here's how I took control of my career and landed 3 promotions.,0.148833,0.114889,0.736278,57
3816976,​How to delete your Netflix history,0.022116,0.523368,0.454517,19
11525519,Neil Young Pushes Amazon Music Four-Month Free Promo After Exiting Spotify,0.107323,0.431887,0.46079,2
11605444,Apple's entry-level 7th Gen iPad is back on sale at Amazon,0.094287,0.889576,0.016137,2
7081998,Throwing a Super Bowl party? There's a huge sale at Target on everything you need,0.563914,0.339652,0.096435,57
2835691,"Facebook, Apple, Amazon, Netflix And Google: What The Price Charts Tell Us",0.024872,0.962417,0.012711,206
9700804,'No foul play' suspected in Apple employee's death at company headquarters,0.014199,0.652884,0.332917,2
11591940,iPad sale at Best Buy: save up to $70 on the all-new 10.2-inch Apple iPad,0.147874,0.731222,0.120904,2
3780133,"Netflix reportedly signs major $90 million movie deal for Bright, starring Will Smith",0.341684,0.63194,0.026376,19
10198694,CORRECTED-BRIEF-Whole Foods sought $45 per share offer from Amazon,0.030912,0.945192,0.023895,39
11354104,Apple averts $150 bump in iPhone prices following Trump trade deal with China,0.19193,0.635914,0.172156,2
10275207,Drummond hires Goldman to float possible Colombia sale to investors,0.432693,0.531277,0.03603,39
11360058,How to listen to audiobooks on your iPhone using the Apple Books app,0.047176,0.920681,0.032144,2
9764761,Samsung Pay strikes deal with Alibaba's Alipay that could worry Apple,0.013416,0.691868,0.294716,2
3828866,"Does Vimeo Have More Tricks Up Its Sleeve to Combat YouTube, Netflix?",0.136283,0.703144,0.160573,19
6995739,"Uber teams up with China's BYD to offer 100,000 discounted EVs for drivers in Europe and Latin America",0.745398,0.228198,0.026404,57
7003846,'Got taken for two rides': Uber driver praised for 'hustling' tip out of hedge fund billionaire,0.849803,0.086354,0.063843,57
9850118,"Tax group blasts Pfizer, urges stop to its tax-cutting deal",0.024074,0.204674,0.771252,86
4222297,Fox Said to Fend Off Netflix in Deal for ‘Birth of a Nation’,0.011281,0.091488,0.897231,19
11602115,Apple MacBook Air Deal: Get a New One for $899,0.144229,0.808877,0.046894,2
7082242,Amazon's massive winter sale is still live: shop the 21 best deals available today,0.252988,0.714799,0.032213,57
11616210,Amazon has the Apple Watch Series 5 at an all-time low price,0.172872,0.664567,0.162561,2
7037369,How To Get The Uber Promo Code To Beyoncé ‘Cowboy Carter’ Listening Parties,0.113672,0.713742,0.172587,57
7007086,Amazon deal of the day: Get 3 months of Kindle Unlimited for $0,0.269836,0.665388,0.064776,57
3819474,How to Foil the Cops When They Go to Google and Ask Where You’ve Been,0.054328,0.421829,0.523843,19
7004030,Minnesota Democrats announce deal on minimum pay for Uber and Lyft drivers,0.193127,0.670307,0.136567,57
11594223,Apple AirPods deal: Get these incredible wireless headphones for their lowest price ever,0.62549,0.305711,0.068799,2
3352859,Stocks Gain As Investors Anticipate Lower Inflation; Apple Takes Stage; JetBlue Ups Buyout Offer For Spirit,0.564129,0.395703,0.040168,206
11354417,55 Cheap Finds On Amazon That Work Weirdly Well,0.042441,0.461898,0.49566,2
5543242,Tesla settles lawsuit with former head of its Autopilot system,0.009815,0.461602,0.528583,9
7037354,Lyft Responds To Uber’s ‘Cowboy Carter’ Promo And Is Offering The Beyhive 50 Percent Off Rides To Listening Parties,0.056173,0.438197,0.505629,57
10213903,GOLDMAN SACHS: The death of malls will fuel 'degentrification',0.059345,0.917485,0.023171,39
11363536,Best Amazon holiday deals: 5 incredible products you can still get by Christmas,0.581063,0.38286,0.036078,2
11601894,How to change your Apple Music plan in 3 simple steps,0.133669,0.759183,0.107148,2
6939153,"Uber Rides High, But Death Cross Signals Loom: Bulls Unfazed By Technical Risks",0.317257,0.084729,0.598014,57
7085613,'Family Switch' Review: Jennifer Garner's Netflix Body-Swap Comedy Is Ideal Holiday Background Filler,0.389573,0.508216,0.102211,57
3762577,Review: Natalie Portman western romance 'Jane Got a Gun' hits its target,0.177343,0.758789,0.063868,19
10189820,Goldman's Venezuelan bond deal a 'cynically opportunist bet:' Fmr. Goldman managing director,0.20559,0.761667,0.032743,39
7013326,Leaked files indicate Uber exploited violence against drivers,0.002656,0.012817,0.984527,57
2826628,"EV Week In Review: Wait Ends For Tesla's Giga Berlin, Nio Stock Stutters Amid Earnings, Semi Truck Production Kickstarts Nikola Rally",0.033761,0.901107,0.065131,206
8860647,Death now has no dominion – but it should; it is part of life,0.629882,0.265183,0.104935,86
7073430,"UPS to hire 100,000 with higher pay for holiday rush",0.571731,0.352033,0.076236,57
11613347,Strong iPhone holiday sales deliver record-breaking revenue for Apple,0.90303,0.075857,0.021113,2
9697655,FBI tips off Apple to security flaw -- a first under sharing process,0.01535,0.214267,0.770382,2
7067739,Interview Kickstart Price FAANG Interview Prep Course For Facebook (META) Amazon Apple Netflix Google (Alphabet) Software Engineer Jobs,0.078834,0.888431,0.032735,57
6998652,Analysts reset Tesla stock price targets as robotaxi event looms,0.072342,0.88877,0.038887,57
7010815,Instacart partners with Uber Eats to offer restaurant deliveries,0.21469,0.752325,0.032985,57
10192122,Exclusive: Elliott Target Gigamon Prepares to Explore a Sale,0.044602,0.942576,0.012822,39
11356994,Best last-minute Apple iPad deal on Amazon (UK deal),0.141019,0.78245,0.076531,2
10074239,Cellphone in missing Florida teens case to be reviewed by Apple,0.012979,0.974956,0.012065,2
7070622,Touchdown For Uber: Inside The Four-Year Delivery Deal With The NFL,0.047429,0.880375,0.072196,57
11584032,How to Survive Friends Leaving Netflix,0.058707,0.773527,0.167766,2
2823932,Why This Bullish Tesla Analyst Is Reducing Their Price Target,0.030018,0.627801,0.342181,206
7001234,"The week in AI: Apple announces AI features in new iPhone, Musk drops OpenAI lawsuit",0.015808,0.39537,0.588822,57
10261557,Need a loan to buy an iPhone? Goldman Sachs might offer one someday,0.175764,0.776588,0.047648,39
10864237,"Apple Music Introduces Half-Price Student Discount, Artist of the Week",0.719977,0.254903,0.02512,2
2835805,This Semiconductor Chip Company Is Likely To Offer Better Returns Over Johnson & Johnson Stock,0.420897,0.538848,0.040256,206
10177135,7 Biggest Price Target Changes For Tuesday,0.116024,0.859956,0.024021,39
3357034,Tesla Stock Falls After U.S. Price Hikes. Here's How to Trade It Now.,0.033904,0.847672,0.118423,206
11526058,Just Got Apple Music? Here’s How to Keep Your Spotify Playlists,0.090882,0.801347,0.107771,2
3789538,Netflix and Chill: Top Picks for the ‘420’ Holiday On April 20,0.054533,0.93885,0.006617,19
11368495,How to turn off promotional notifications from Apple on your iPhone,0.026369,0.859207,0.114423,2
10246546,Here’s why Goldman just lifted its oil-price forecast for 2018,0.407729,0.55147,0.040801,39
3795642,Kim Komando: How to protect your Facebook timeline,0.152935,0.812375,0.03469,19
11357696,"Lawsuit: Apple, Microsoft profit from child cobalt miners",0.006108,0.065266,0.928627,2
2826565,Analysts Cut Price Target On MEI Pharma As Stock Falls To 52-Week Low After Zandelisib Update,0.028038,0.894524,0.077438,206
4432966,41% of people say they'll cancel Netflix if the price goes up — here's why they actually won't,0.018779,0.207018,0.774203,19
10258767,ComScore hires Goldman Sachs to explore a sale — but it's likely to be at a discount,0.156379,0.742155,0.101465,39
11368107,Google's Pixel Can't Win on Software Tricks Alone,0.035353,0.426941,0.537706,2
11354040,Apple Watch sale: the all-new Apple Watch 5 gets a price cut at Amazon.,0.160217,0.762532,0.077251,2
11598094,Julia Louis-Dreyfus Signs Exclusive Deal With Apple TV+,0.034672,0.947224,0.018104,2
11523838,Apple’s holiday iPhone sales surge despite supply shortages,0.644819,0.293298,0.061882,2
6998632,'I didn't know this and I order constantly!': 5 home delivery tips straight from Amazon drivers,0.078642,0.701124,0.220233,57
7088050,Stocks Fall On Moody's Debt Warning,0.016119,0.159437,0.824443,57
11613522,"Apple, Broadcom told to pay Caltech $1.1B in patent lawsuit",0.009359,0.428019,0.562622,2
10293395,Drummond hires Goldman to float possible Colombia sale to...,0.347454,0.61511,0.037436,39
7000833,"Uber will pay car owners to stop driving — here’s how to get $1,000",0.590549,0.198,0.211451,57
3344000,"Stock Market Price Levels Now: NASDAQ-100, S&P 500",0.032932,0.954909,0.012159,206
11603870,"Apple Loop: Stunning IPhone 12 Price, IPad Pro’s Killer Keyboard, Dreaming Of A Powerful MacBook Pro",0.663792,0.245122,0.091086,2
9770679,Apple faces Caltech lawsuit over WiFi patents,0.00791,0.271814,0.720276,2
3789328,"Netflix expects subscriber growth to slow as price, competition increases",0.051535,0.733875,0.21459,19
5543196,Volkswagen just unveiled an electric SUV concept that could challenge Tesla's Model Y,0.271412,0.526637,0.201951,9
11363757,Got An Apple Watch 5? How To Secure It In Three Simple Steps,0.10358,0.734928,0.161492,2
8869702,"Keith Emerson, 1970s Rock Showman With a Taste for Spectacle, Dies at 71",0.266449,0.682404,0.051147,86
11591675,The Apple Watch 4 gets a massive $100 price cut at Best Buy,0.096903,0.681142,0.221955,2
3762310,Audrie Pott documentary 'Audrie & Daisy' lands deal with Netflix,0.067257,0.925047,0.007696,19
10312954,Alinda Said to Be Exploring C$3 Billion Sale of Reliance Home,0.306532,0.627185,0.066283,39
10258916,FHB Stock Price - First Hawaiian Inc. Stock Quote (U.S.: Nasdaq),0.013708,0.980466,0.005826,39
3780287,The 5 best moments from Netflix's 'Pee-wee's Big Holiday' explained by the screenwriter,0.131548,0.837157,0.031295,19
9770838,Netflix rebounds on merger rumors and Disney deal,0.391839,0.565552,0.042608,2
11596034,Steve Bannon's warning to Apple: 'I would pay attention' to Trump's tweet on unlocking iPhones,0.04147,0.900975,0.057555,2
3369782,ENVX Stock Price | Enovix Corp. Stock Quote (U.S.: Nasdaq),0.010867,0.982321,0.006812,206
3352865,Amazon gains as stock split lowers price tag for retail buyers,0.408999,0.562159,0.028842,206
11611410,Apple’s banner holiday-season quarter tops projections,0.674012,0.30392,0.022068,2
11599260,Apple TV Plus snags exclusive deal with Julia Louis-Dreyfus,0.006787,0.253578,0.739634,2
7085611,Get restaurants' food surplus for cheap with this app — see why it's a 2023 Apple App Store winner,0.906895,0.041266,0.051839,57
7078911,Culprits review – Gemma Arterton is fantastic in this uber-slick TV heist,0.347581,0.508352,0.144067,57
7073756,Uber enters business of package returns ahead of holiday season,0.339898,0.63886,0.021242,57
11613382,Former Starz Programming Chief Carmi Zlotnik Signs Production Deal With Apple,0.106873,0.873537,0.01959,2
2832613,"EV Week In Review: Musk Stars At 'Cyber Rodeo' Show, GM Dips Heel Into Low-cost EVs, Toyota Takes A Leaf Out of Tesla's Book And More",0.313219,0.601233,0.085548,206
3352504,Apple stock to suffer first 'death cross' chart pattern since the pandemic,0.032179,0.769968,0.197853,206
10207700,Goldman hires China banker Chu betting on expected deal growth,0.444013,0.526021,0.029966,39
3366677,Walmart Warning Contributing To Weakness On Wall Street,0.030701,0.899277,0.070022,206
3347722,Tesla whale calls for $15 billion stock buyback after share price craters,0.067776,0.862323,0.0699,206
7078817,Dallas woman joins dozens across the nation in sex assault lawsuit against Uber,0.004579,0.036223,0.959198,57
3795411,"'Fuller House' on Netflix 2016: Release Date, Trailer, Cast Info and How to Watch",0.017904,0.968853,0.013244,19
11598146,"Apple Signs Julia Louis-Dreyfus to Overall Deal Because It Would Like Some Emmys, Please",0.493913,0.456249,0.049838,2
11363533,"Look Upon and Fear the Man Who Attempted to Blackmail Apple for $100,000 in iTunes Gift Cards",0.021307,0.46614,0.512553,2
3352684,Elon Musk’s Fortune Plunges By Nearly $17 Billion Friday After Leaked Comments About Tesla Layoffs,0.021843,0.283454,0.694703,206
10267686,Goldman Sachs Buyout Arm Plans Hearthside Food Sale,0.17624,0.79044,0.03332,39
9771645,Apple Asks Its Employees About How to Make the World A Better Place,0.836183,0.133385,0.030432,2
2829748,Roku Stock Rises After Extending Distribution Deal With Amazon,0.27973,0.686378,0.033892,206
7004204,"Delivery Hero shares rally on deal to sell Taiwan business, and a stake, to Uber",0.702492,0.25422,0.043288,57
7004012,"DFL leaders, Gov. Tim Walz say they have a deal to pay drivers more, keep Uber and Lyft operating in Minnesota after threats to exit",0.128791,0.281395,0.589813,57
11591926,Bag a cheap Apple Watch for as little as £195,0.102697,0.616831,0.280472,2
8867516,"Keith Emerson, Keyboardist for Emerson, Lake & Palmer, Dies at 71",0.038877,0.951184,0.009939,86
11357699,Apple Watch sale at Best Buy: save $100 on the Apple Watch 4,0.211627,0.725872,0.062501,2
10234143,Jeff Bezos is the big winner in the Amazon-Whole Foods deal,0.597407,0.371843,0.03075,39
7075874,Google’s Trial Heats Up + How to Wear A.I. + It’s Our Birthday!,0.273304,0.674279,0.052417,57
9720254,"Hyundai promises Apple CarPlay in Q1 2016, at a price",0.27589,0.649708,0.074402,2
11351776,That £59 Amazon Echo deal is back and in stock at Argos,0.04491,0.941669,0.013421,2
7013332,Uber leak reveals how company lobbied governments to help its global rise,0.067984,0.232718,0.699298,57
10246510,Packaging giant Bemis hires Goldman Sachs to explore sale options,0.169768,0.809707,0.020524,39
3372616,"Mizuho Increases PT On ON Semiconductor, Charter Communications Price Target Cut By 37%",0.074225,0.902418,0.023357,206
3792517,The Comcast-DreamWorks Deal is About More than ‘Synergy’,0.0657,0.878726,0.055574,19
11605622,Netflix Signs Overall Deal With 'Big Mouth' Animation Studio,0.153385,0.827265,0.019349,2
4426961,Facebook Earnings: How to Profit as Stock Surges,0.463616,0.45964,0.076744,19
11611717,Apple’s Stunning Results Suggest The Stock Is Still Too Cheap,0.718775,0.131366,0.149859,2
7085168,"3 women who drive for Uber and Lyft explain their top strategies for making up to $1,400 a week and getting customer tips",0.509679,0.414939,0.075382,57
10258864,Trading Technologies-Coinbase deal to bridge bitcoin and futures,0.362533,0.614087,0.02338,39
11605385,"Apple's price target raised at Deutsche Bank, but it implies a 9% decline",0.029749,0.489492,0.48076,2
11524157,Uma Thurman Is Brutally Underused on Apple's 'Suspicion': TV Review,0.010744,0.144485,0.844771,2
3759727,Disney Seeking Rich Deal For TV Rights to 'Star Wars' Movies,0.254868,0.699919,0.045213,19
10379549,Goldman wins dismissal of lawsuit in U.S. over ties to Malaysia leader,0.133911,0.474633,0.391456,39
11354674,Apple AirPods Pro review: The ‘hearable’ at its best,0.604742,0.339925,0.055333,2
7001089,UBER Enters Into Partnership With Discount Grocer Save A Lot,0.813615,0.164581,0.021805,57
7034704,Uber and authorities are probing hoax calls made to an 81-year old man that led to a female driver's death,0.011387,0.179193,0.80942,57
11522119,Apple's New 'Personal Safety Guide' Helps You Deal With AirTag Stalkers,0.755764,0.12747,0.116766,2
3369834,"A $1,000 Invested In SPY Now Will Be Worth This Much If It Hits Year-End Price Target: How Returns Compare Vs. Big Techs",0.256233,0.57932,0.164446,206
9850114,Keyboardist Keith Emerson’s death ruled a suicide,0.018261,0.621614,0.360125,86
11357359,How to cancel your Google Play Music subscription on a computer or Android phone,0.01834,0.888227,0.093433,2
9771165,"How to save money when buying iPhones, iPads, Macs and other Apple hardware and accessories",0.472979,0.374765,0.152256,2
11593644,"These are the cheap phones to get from Apple, Google, and more in 2020",0.147245,0.631221,0.221535,2
2835978,"Notice of Offer to Purchase for Cash Up to 215,000 Shares of Common Stock of NVIDIA Corporation at $210.00 Net Per Share by Tutanota LLC",0.089926,0.881626,0.028448,206
6992570,Elizabeth Warren just accused Kroger of price gouging as 'families struggle to pay to put food on the table',0.067326,0.588678,0.343997,57
3347221,BIOLASE REGAINS COMPLIANCE WITH NASDAQ MINIMUM BID PRICE REQUIREMENT,0.662027,0.303398,0.034575,206
10189650,"Fracking, Now The Dominant Technology, Will Keep Oil Price Around $55: Goldman Sachs",0.19137,0.685243,0.123387,39
4531803,Netflix Strikes Sundance Again With 'Under the Shadow' Streaming Deal,0.028558,0.679641,0.291801,19
7076399,JetBlue Will Now Offer an Uber Voucher for Some Flight Delays and Cancellations,0.288493,0.554794,0.156713,57
3770866,Finn Jones As Iron Fist? The ‘Game Of Thrones’ Star Supposedly Joining Netflix For The Marvel Comics Character [Rumor],0.049776,0.926429,0.023794,19
9700196,"iPhone 7 Design Leaked, Apple’s Latest Kills The Headphone Jack",0.007061,0.105963,0.886976,2
10255394,Goldman's oil analyst gives his tips on making money in a flat market,0.563243,0.414111,0.022646,39
11360349,‘Catastrophe’ Creator Sharon Horgan Cuts Exclusive First-Look Deal With Apple,0.180552,0.793064,0.026384,2
7070611,"Tesla Analyst Predicts Cybertruck's Price Range, And It Seems To Be Cheaper Than Ford F-150 Lightning: 'My Guess Is They Start With…'",0.182907,0.762431,0.054662,57
4444721,"'Crouching Tiger, Hidden Dragon: Sword of Destiny' review: Netflix sequel is thin chopsocky",0.02437,0.893034,0.082596,19
10240405,Venezuelan Opposition Condemns Goldman for $2.8 Bln Bond Deal,0.005099,0.049315,0.945586,39
3813947,Netflix deal brings 'Narcos' to broadcast TV,0.317509,0.663291,0.0192,19
3349703,Tesla stock is trading below its S&P 500 inclusion price as investors worry about Elon Musk's Twitter deal and eye bearish death cross,0.021126,0.342154,0.63672,206
7079038,"Amex Centurion lounges offer complimentary food, cocktails, and a comfortable place to relax before a flight",0.578611,0.395168,0.026221,57
6998002,The Honeyeater by Jessie Tu review – this biting tale of backstabbing uber-egos will stay with you,0.006353,0.021653,0.971994,57
4454150,3 handy Netflix tricks you'll use time and time again,0.680879,0.169546,0.149574,19
11368133,"Big holiday iPhone heists strike Best Buy, Apple Store shopper",0.140295,0.764407,0.095298,2
7000852,Uber and Lyft drivers share their top strategies for getting you to leave a tip — and why going the extra mile for riders often isn't worth it,0.471186,0.198329,0.330485,57
2829473,Coinbase: A Year In Review On The Nasdaq,0.018777,0.974837,0.006386,206
7076743,NY Attorney General Announces 9-Figure Settlement Deal With Uber And Lyft,0.027223,0.711781,0.260996,57
11591967,AirPods Pro sale: Where to find the best price on Apple's new earbuds,0.1151,0.808656,0.076245,2
11593405,‘Little America’ on Apple TV Plus: TV Review,0.017387,0.967267,0.015346,2
10293223,Tesla shares dive 7 percent; still above analysts' target price,0.032105,0.683614,0.284281,39
6998327,The 30 best Amazon Prime Day deals under $100,0.412964,0.499552,0.087483,57
10201072,Goldman Sachs: No Oil Price Inflection Signal Yet,0.047525,0.915519,0.036956,39
11605551,iPad on sale: Apple's latest tablet is $99 off on Amazon,0.091372,0.813486,0.095141,2
2823933,AliveCor Launches Antitrust Lawsuit Against Apple Watch: Reuters,0.019508,0.942426,0.038067,206
10290341,The unofficial Goldman Sachs holiday gift guide for 2017,0.073743,0.891259,0.034998,39
11600197,Amazon offers Black Friday pricing on most Fire tablets,0.084712,0.88165,0.033638,2
3777620,10 Genius Tricks That Will Totally Change How You Binge-Watch Netflix,0.498922,0.42515,0.075928,19
4076043,Lady Dynamite review: Netflix comedy is our cuppa tea,0.318164,0.564403,0.117432,19
11354119,"Hands-on with Ultimate Rivals: The Rink, Apple Arcade's new retro-style mash-up sports game",0.190425,0.742733,0.066842,2
11607533,"How to get a job at Netflix, according to the VP in charge of hiring, former employees, and recruiting experts",0.164812,0.821694,0.013494,2
11351725,Apple iPhone SE 2 Sports iPhone 11-Inspired Design In New Concept,0.186942,0.783231,0.029827,2
9700417,Apple campus death: Employee dead in company conference room amid gun reports,0.010642,0.789477,0.199881,2
3366346,"Bitcoin Falls, Ethereum (ETH) Rises As Traders Digest Tesla BTC Sale",0.027156,0.790974,0.18187,206
10228663,Dow held back as Goldman's stock price drop overrules majority's gains,0.024831,0.24193,0.73324,39
11567945,Amazon Echo Show 15 review: Is a bigger Alexa display better?,0.088608,0.877945,0.033447,2
6935557,Motorola's New AI Concept Wants to Turn Your Phone Into a True Assistant,0.809836,0.117326,0.072838,57
11284843,Apple agrees to pay $24.9 million to settle Siri patent lawsuit,0.069246,0.630091,0.300663,2
7037647,"Save $10 on a $100 Uber or Uber Eats gift card at Best Buy, today only",0.372515,0.519519,0.107966,57
11526154,The latest 14-inch MacBook Pro is back to its cheapest ever price at Amazon,0.283988,0.655249,0.060763,2
6998278,The 25+ best Amazon Prime Day Kindle deals,0.547546,0.387402,0.065052,57
10237002,Venezuela bond trade not reviewed by Goldman Sachs standards panel,0.026806,0.958641,0.014553,39
6998616,"Bankrupt EV start-up Fisker wants to sell its 3,300 unsold electric vehicles at an 80% discount to a company that rents cars to NYC Uber and Lyft drivers",0.143606,0.714864,0.14153,57
11583916,Best deal on the Apple iPhone 11 (UK deal),0.104032,0.843496,0.052473,2
10186093,N.Y. appeals court to review conviction of ex-Goldman programmer,0.003728,0.092967,0.903305,39
3360629,"Alphabet stock price target cut, but analyst says company set to ‘emerge stronger’ from turbulent times",0.25524,0.634269,0.110492,206
8893303,"Keyboardist Keith Emerson of Emerson, Lake & Palmer dies at 71",0.03397,0.939192,0.026837,86
3759248,Stephen Colbert Reveals How To Get The Most Out Of Your Netflix Codes,0.094494,0.624599,0.280907,19
3833957,"As Netflix confirms price hike for early customers, HDR starts rolling out",0.309227,0.664133,0.02664,19
10186503,5 Biggest Price Target Changes For Monday,0.107094,0.864658,0.028248,39
7085399,Morgan Stanley Boosts Domino's Pizza Price Target By 5% On Strong Long-Term Outlook,0.734023,0.245206,0.020771,57
9712557,"Target adds to the fun, releases its Black Friday deals",0.714674,0.262584,0.022742,2
7082811,"Apple Card review: Great for Apple enthusiasts, meh for everyone else",0.498447,0.448814,0.05274,57
11596019,"Rep. McCarthy on 'phase one' trade deal, DOJ's dispute with Apple and more",0.013237,0.771153,0.215609,2
6939189,Apple Watch Series 10 review,0.013431,0.977604,0.008965,57
11365435,"Apple Watch Tips And Tricks: How To Browse The Internet, More",0.135705,0.827389,0.036906,2
10325795,Price Is No Object at Apple's New Headquarters,0.057026,0.857517,0.085457,39
6939109,People aren't going to Olive Garden as much — but the stock is jumping on a new Uber deal,0.691277,0.202117,0.106606,57
3819652,3 handy Netflix tricks you use time and time again,0.657973,0.165427,0.1766,19
10340861,"7 potential bidders, a call to Amazon, and an ultimatum: How the Whole Foods deal went down",0.018861,0.538405,0.442735,39
10287081,Bankers on the Disney-21st Century Fox deal are set to make a $150 million payday,0.532198,0.392012,0.07579,39
11525930,Fitbit deals at Amazon for Valentine's Day: get the Fitbit Luxe and Versa 3 on sale,0.104381,0.879989,0.015631,2
4180603,Adam Wingard's 'Death Note' Moving From Warners to Netflix,0.029168,0.947171,0.023661,19
11584103,Former HBO Chief Richard Plepler Inks Five-Year Deal With Apple TV Plus,0.043894,0.931223,0.024883,2
3347444,"EMBARK TECHNOLOGY, INC. (NASDAQ: EMBK) SHAREHOLDER CLASS ACTION ALERT: Bernstein Liebhard LLP Reminds Investors of the Deadline to File a Lead Plaintiff Motion in a Securities Class Action Lawsuit Against Embark Technology, Inc. f/k/a Northern Genesis Acquisition Corp. II (NASDAQ: EMBK)",0.12489,0.772899,0.102211,206
3780047,"Review: In ‘Daredevil,’ on Netflix, the Punisher Stirs Up the Gangs",0.019898,0.954941,0.025161,19
11596085,"Apple's share price has doubled, but there is a crunch coming – investors should watch out",0.197171,0.489086,0.313742,2
3767775,Dwyane Wade gave Kobe Bryant a Netflix subscription as a retirement gift,0.25665,0.666843,0.076506,19
7079385,Uber’s stock up 4.2% after being added to S&P 500; Oppenheimer raises price target to $75 from $65,0.62055,0.346322,0.033128,57
10195749,GOLDMAN SACHS: Here's how to make a killing this earnings season,0.388349,0.596901,0.01475,39
3786312,"Actually, Netflix did warn about this price hike",0.033459,0.890291,0.07625,19
10293696,"AT&T to reinvest more ad sales into content, extends free HBO offer",0.744455,0.227436,0.028109,39
3775923,How to pinpoint precisely where and when someone used your Netflix account,0.02646,0.872637,0.100903,19
7073397,"UPS plans to hire more than 100,000 holiday workers, but challenges remain",0.081198,0.360661,0.558141,57
11595729,‘Little America’ Co-Creator Lee Eisenberg Sets Apple Overall Deal,0.11563,0.815247,0.069123,2
10252106,Facebook and Universal strike music licensing deal,0.127108,0.856298,0.016594,39
8869718,Progressive Rock Pioneer Keith Emerson Dies At 71,0.10837,0.854774,0.036856,86
11525308,'The Afterparty' Review: Christopher Miller's Apple TV+ Whodunit Is a Slick Showcase of Sweeping Talent,0.070337,0.632525,0.297139,2
7001047,"Exclusive: Amazon mulls $5 to $10 monthly price tag for unprofitable Alexa service, AI revamp",0.044721,0.413156,0.542124,57
9768560,NEVER MIND THE DEATH THREATS: An Apple Store worker tells us what it's really like working for Apple,0.101355,0.826458,0.072187,2
6998065,CrowdStrike offers a $10 apology gift card to say sorry for outage,0.272005,0.247917,0.480078,57
2832425,"Chart Wars, Twitter vs. Meta Platforms: How Has Elon Musk's Role as Shareholder Influenced Stock Price?",0.062514,0.555624,0.381862,206
8869755,"Keith Emerson of Emerson, Lake and Palmer dies at 71",0.032392,0.946541,0.021066,86
3357796,Ebang International Announces Receipt of Nasdaq Notification Regarding Minimum Bid Price Deficiency,0.061915,0.892846,0.045239,206
3357382,"Shareholder Alert: July 26th Deadline in Lawsuit for Investors in LMP Automotive Holdings, Inc. (NASDAQ: LMPX) shares announced by Shareholders Foundation",0.022159,0.96928,0.008561,206
11607601,Amazon Fire TV devices are on sale — save up to $85,0.337199,0.578421,0.08438,2
7037447,Uber has settled a class action lawsuit for $270 million – what was it accused of?,0.009546,0.061024,0.929429,57
3783818,Review: Netflix’s ‘Love’ Is Funnier When the Glow Is Gone,0.159278,0.71796,0.122762,19
7073390,"Uber strikes deal to partner with Yellow Cab, other taxi fleets in Southern California",0.465562,0.512579,0.021859,57
10264848,Trump's proposed US oil reserve sale not an issue for OPEC: Goldman Sachs,0.0232,0.963769,0.013031,39
4594834,"Gag-filled 'Deadpool' regenerates gory, immature hilarity for grown-ups (review)",0.123845,0.586172,0.289983,19
7084884,Citi Bike Rings in the New Year With a Price Hike,0.416563,0.52928,0.054157,57
11585500,Samsung just announced budget versions of its flagship phones before Apple's expected cheap iPhone,0.054785,0.770668,0.174548,2
11595983,Best deal on the Apple Watch Series 4 (UK deal),0.095713,0.845094,0.059193,2
11615243,Apple sale at Best Buy: Buy an Apple Watch and save $50 on Powerbeats Pro,0.221123,0.715181,0.063697,2
10210647,Exclusive: Husky hires Goldman Sachs for $4 billion sale,0.094632,0.759011,0.146357,39
11599333,"A bunch of promising cheap, new smartphones from Apple, Google, and others are expected to launch this year — and it says a lot about where the industry is headed",0.701413,0.24837,0.050217,2
6936248,Uber Safari Review: Is It Worth It to Book the Day Trip from Cape Town for $200? We Tried It,0.156143,0.754421,0.089436,57
6939243,"Uber to offer driveless rides with Waymo in Austin, Atlanta",0.361492,0.612925,0.025583,57
11591524,UK Daily Deals: Save up to £520 in the Dell 72-hour Sale on Laptops and Desktops,0.32014,0.628826,0.051034,2
3792354,Comcast eyes up DreamWorks in potential $3 billion deal,0.244329,0.722901,0.03277,19
3780154,Pee Wee Herman Returns In Netflix Bromance ‘Pee Wee’s Big Holiday’,0.023743,0.95666,0.019597,19
3354532,U.S. stocks trade down after opening bell Tuesday following Target's profit warning,0.017508,0.912571,0.069921,206
7019465,"More than 10,000 London black-cab drivers launch £250m Uber lawsuit",0.006428,0.131244,0.862328,57
3349305,PEGASYSTEMS INC. (NASDAQ: PEGA) SHAREHOLDER CLASS ACTION ALERT: Bernstein Liebhard LLP Announces that a Securities Class Action Lawsuit Has Been Filed Against Pegasystems Inc. (NASDAQ: PEGA),0.062835,0.855719,0.081446,206
7019446,"Warren Buffett Isn't Worried About Berkshire After He Dies, Says 'If I Die Tonight, I Think the Stock Would Go Up Tomorrow'",0.187286,0.632565,0.180149,57
10222614,Goldman Sachs boosts post-Brexit plans with Frankfurt office deal,0.830963,0.159961,0.009076,39
10581877,What the Apple versus FBI Debacle Taught Us,0.055288,0.763283,0.181428,2
6998538,The 8 best early Amazon Prime Day Kindle deals,0.40983,0.529077,0.061093,57
3759236,Netflix Releases First Trailer for 'Pee-Wee's Big Holiday',0.055275,0.934132,0.010592,19
10379249,Kroger says exploring sale of convenience stores business,0.158665,0.815762,0.025573,39
9774070,"Review: Safety, technology upgraded in Ford Focus hatchback",0.320131,0.660744,0.019125,2
11591655,AirPods Pro flash sale: grab Apple's latest earbuds for just £223 if you're fast enough,0.195594,0.677679,0.126727,2
9762170,Adobe Spark review: Adobe Spark helps you tell your stories,0.528422,0.451006,0.020572,2
11590043,Amazon Echo Show 5 returns to lowest ever price in latest Alexa deals,0.185633,0.764996,0.049371,2
2835714,Leafly CEO rings Nasdaq bell on cannabis holiday,0.05849,0.933625,0.007886,206
7085544,'I strictly use Lyft': Woman slams Uber after 1-mile ride was listed for $52. She checked back 12 minutes later and was shocked at newer price,0.005249,0.027724,0.967027,57
3354469,Target Warning Hurts Stock Market As Nasdaq Pierces Key Level; This Sector Rallies On Upgrade,0.277811,0.539516,0.182673,206
6939031,Olive Garden's parent company strikes Uber deal to revive pasta empire,0.474064,0.455423,0.070513,57
7078864,Uber Says Demand Is 'Stronger Than Ever' For Holiday Season,0.599194,0.381781,0.019025,57
11357524,"Microsoft, Apple, Google, Tesla, Dell hit with lawsuit over alleged children cobalt mining in Congo",0.009895,0.375792,0.614314,2
10879362,Apple FYQ2 On Tap: Scrutinizing Mix of iPhone ‘SE’ Versus 6,0.033151,0.941825,0.025024,2
10287418,GOLDMAN SACHS: Markets are about to get rocky — here's how to use that to your advantage,0.138775,0.840699,0.020525,39
7003868,Bill Ackman slams Uber for ‘ripping off NYC cab driver’ who said company doesn’t let him keep tips,0.002381,0.009043,0.988576,57
11357357,Apple AirPods Pro Firmware Update: How To Download And Install,0.069869,0.887375,0.042756,2
11611432,Apple's banner holiday-season quarter tops projections,0.634016,0.342989,0.022995,2
9762452,"Didi boss: Apple deal was like ""speed dating""",0.327134,0.517958,0.154909,2
3352881,RBC Capital Cuts BRP's Price Target By ~13%,0.026225,0.946586,0.027189,206
9697625,"From the Big Apple to the 'Burgh, eyebrow experts share beauty tips, tricks",0.235348,0.698573,0.066079,2
10293583,U.S. judge rejects Goldman Sachs' bid to narrow gender bias lawsuit,0.002377,0.02331,0.974313,39
11570196,"last day! Epic deals on cheap TVs, laptops, Apple, and more",0.294709,0.605179,0.100112,2
8872861,"Rob Ford, Who Admitted Drug Abuse in Stormy Toronto Mayoralty, Dies at 46",0.006545,0.088166,0.905289,86
11354926,Warning Issued For Millions Of Google Chrome Users,0.025135,0.837199,0.137666,2
11613380,Carmi Zlotnik Inks Apple Deal After Starz Exit,0.039416,0.863967,0.096616,2
10201396,"Goldman Sachs Group (GS) Stock Price, Financials and News",0.016214,0.978625,0.005161,39
10198066,Goldman Sachs slashes oil price projection amid US shale surge,0.045352,0.213835,0.740813,39
8869760,"Death of Keith Emerson, keyboardist for Emerson, Lake & Palmer, investigated as suicide",0.015748,0.804879,0.179373,86
10807088,"UK's National Crime Agency: Yes, We Could Ask Apple to Remove Encryption",0.011921,0.180608,0.807471,2
7070774,Mother of murdered Uber driver filed federal lawsuit claiming wrongful death and negligence,0.004477,0.106161,0.889362,57
11357073,"Wall Street hits record high on China data, trade deal; Apple shines",0.91896,0.05437,0.026669,2
7001376,Financial analyst rips 'dystopic' price-gouging algorithms over report Uber surges prices on dying phones,0.0062,0.019625,0.974175,57
7085282,"Starbucks free fall drinks: How to use the buy one, get one deal",0.402665,0.477003,0.120332,57
7085440,You Can Now Book a Holiday Party Bus on Uber,0.270845,0.652359,0.076797,57
9762023,"After Trending Topics scandal, users still mostly trust Facebook",0.073901,0.174039,0.752059,2
3359896,"Benzinga Before The Bell: Google's Antitrust Complaint, EV Price Hikes By Major Players, Bill Clinton's Comment On Roe V. Wade And Other Top Financial Stories Monday, June 27",0.023545,0.851972,0.124482,206
2835372,"EV Week In Review: Tesla Investors Lose Sleep Over Musk's Divided Attention, Ford F-150 EV Truck Has Release Date, GM Stitches Battery Material Deal And More",0.026106,0.564194,0.4097,206
11368651,"Box Office Year In Review: Disney Conquers, But Who Else Had a Good 2019?",0.110915,0.846694,0.042391,2
9771412,"​Apple's back-to-school summer promotion offers free Beats headphones, plus discounts",0.620432,0.340925,0.038644,2
10246646,Goldman Sachs raises 2018 oil price forecast,0.334995,0.656597,0.008409,39
6998324,The 20 best Amazon Prime Day Kindle deals,0.436625,0.495207,0.068168,57
11365388,"Japan Display discussing factory sale to Apple, Sharp",0.045321,0.918487,0.036192,2
3786247,Netflix picks up Death Note live-action film after Warner Bros. drops it,0.047281,0.911045,0.041674,19
7079050,How often do Lyft and Uber customers tip their drivers? Maybe less than you think.,0.024366,0.332052,0.643582,57
11605597,"Apple earnings: A year after holiday misfire, Apple is worth twice as much",0.146254,0.168596,0.68515,2
7085698,‘Paying to park at work should be a crime’: Worker forced to Uber to work because parking is more expensive,0.017893,0.151383,0.830724,57
7073072,Apple just released its big annual iPhone update. Here's what's new and how to install it,0.141708,0.822745,0.035548,57
3854071,How to see if someone is mooching off your Netflix account,0.027437,0.768008,0.204555,19
9761826,How to get an App Store refund from Apple,0.076568,0.803022,0.12041,2
7075873,JetBlue might pay for your Uber trip if your flight is delayed. Here's how to get a free ride.,0.107667,0.688135,0.204198,57
11357476,"Best Amazon holiday deals: The best deals on robot vacuums, Apple AirPods, and more",0.277576,0.617236,0.105188,2
3366675,US stocks fall as Walmart's profit warning adds to inflation worries,0.022848,0.89282,0.084332,206
3363033,Locafy Receives Non-Compliance Notice Regarding Nasdaq Minimum Bid Price Requirement,0.018287,0.661457,0.320256,206
11583472,There's still time to grab an Apple AirPods deal for just under £125 in January sales,0.137458,0.746175,0.116367,2
3365942,"‘Crisis On The Horizon’—Leak Reveals ‘Major’ Coinbase Red Flag Amid Wild Bitcoin, Ethereum And Crypto Price Swings",0.033872,0.447632,0.518496,206
8869725,"Keith Emerson's death investigated as a suicide, police say",0.013228,0.780749,0.206023,86
7085267,"Tesla Teams Up With Uber, Offer Drivers Up To $3K in Savings On Electric Cars",0.556204,0.38752,0.056276,57
3339533,"MYPS CLASS ACTION: Kessler Topaz Meltzer Check, LLP Reminds PLAYSTUDIOS, Inc. Shareholders of Securities Fraud Class Action Lawsuit - Acri Capital Acquisition (NASDAQ:ACAC), PLAYSTUDIOS (NASDAQ:MYPS)",0.061482,0.700628,0.23789,206
3767844,Netflix Releases First Trailer of ‘Pee-Wee’s Big Holiday’,0.063245,0.924817,0.011939,19
3768278,Warning: The fascinating 'Love' on Netflix could cause bingeing,0.136186,0.632332,0.231482,19
11597586,Apple to Release 'The Banker' in March After Conclusion of Misconduct Review,0.015978,0.929817,0.054205,2
3816627,Netflix recreates drug kingpin Escobar's death,0.034496,0.907854,0.057649,19
11354277,"'Does Roku have Apple TV?': Yes, most Roku players have Apple TV — here's how to download and watch Apple TV on a compatible Roku",0.077337,0.807509,0.115154,2
3819497,Chelsea Handler Reportedly Had Exec FIRED From Netflix Show After 'Butting Heads',0.006729,0.46148,0.531792,19
11603274,How to make a playlist on Apple Music by adding and organizing your favorite tracks,0.224082,0.71605,0.059868,2
9705888,Apple loses Chinese lawsuit over iPhone name,0.003445,0.095501,0.901053,2
10207470,Goldman Sachs Mulls the Death of Value Investing,0.04917,0.191035,0.759795,39
11357088,KitchenAid stand mixer sale: Save 44% on Amazon until midnight Dec. 16,0.171419,0.792155,0.036426,2
7076255,"'Old Dads' Review: Bill Burr's Serviceable, Shticky Netflix Comedy Is One for the Fans",0.772669,0.173839,0.053492,57
11615293,The all-new 10.2-inch iPad hits lowest price ever at Amazon,0.204812,0.686435,0.108752,2
11605410,Apple's latest iPad is back down to $250 in Amazon's tablet sale,0.12685,0.768685,0.104465,2
10261387,Record U.S. Production Makes A $70 Oil Price Target Seem Odd,0.068945,0.532483,0.398572,39
11363296,Apple iPhone 11 Pro: Want to improve your shots? Here are pro tips,0.59528,0.355274,0.049446,2
7013346,"Uber broke laws and secretly lobbied governments, leak reveals",0.003194,0.010325,0.986481,57
3368888,Walmart Warning Likely To Weigh On Wall Street,0.026128,0.946717,0.027155,206
3816868,"Netflix Partner’s With Disney, Marvel, And Lucasfilm For Exclusive Pay Streaming Deal",0.191681,0.78988,0.018438,19
3789643,"Netflix, France’s TF1 Strike Novel Limited Broadcast Deal on French Original Series ‘Marseille’",0.169196,0.802918,0.027886,19
7082220,"Tesla Bull Rues 'Train Wreck' Earnings Call, Slashes Price Target By 10%: 'Dead Wrong Expecting Musk And Team To Step Up Like Adults In The Room'",0.019864,0.051917,0.928219,57
7084959,Amazon just launched a massive after-Christmas sale,0.523488,0.428006,0.048506,57
9443209,Keith Emerson's Death Officially Ruled a Suicide by Coroner,0.032125,0.910988,0.056887,86
9703832,Apple may add an eraser and interchangeable tips to the next Pencil,0.416218,0.478611,0.105171,2
7000922,‘Thank you b/c I be paying the $70 like a fool’: Traveler shares hack to getting Uber for cheap from the airport,0.252439,0.280709,0.466852,57
11605333,Broadcom strikes $15 billion deal with Apple to sell it iPhone parts,0.09762,0.803077,0.099303,2
3360004,Investors in NASDAQ: MMAT shares should contact the Shareholders Foundation in connection with the Update in Lawsuit against Meta Materials Inc.,0.022939,0.94641,0.030651,206
3780878,Here Are The Movies And TV Shows Being Added To Netflix In April 2016: Time To Binge-Watch ‘Shawshank’ And ‘How To Get Away With Murder’,0.046242,0.866997,0.08676,19
11593433,'Little America' Review: Small Stories Pay Off Big in a Heartwarming Apple TV+ Series,0.697645,0.26335,0.039006,2
6998444,"Lucid revs up sales, Fisker makes a deal and Uber reignites an old fight",0.193096,0.329394,0.477509,57
2835565,Robinhood Shares Jump 5% After Deal To Buy UK Crypto App Ziglu,0.259657,0.711605,0.028738,206
10246571,Goldman raises 2018 oil price forecast on robust OPEC commitment,0.651623,0.336246,0.01213,39
11615502,Apple Offering Free AirPods Pro Tips Replacement Via AppleCare+,0.515818,0.432661,0.051522,2
10180349,7 Biggest Price Target Changes For Friday,0.118455,0.855496,0.026049,39
9808979,How to use Apple Pay,0.05442,0.837496,0.108084,2
7067513,‘All untipped rides will receive a 30% automatic tip’: Customer catches driver trying to finesse a tip by lying about Uber’s tipping policy,0.008647,0.084958,0.906395,57
3369292,Minneapolis-based Qumu gets delisting warning from Nasdaq,0.013948,0.953446,0.032606,206
8866982,"Starbucks recall: Listeria, allergen concerns cited",0.016715,0.952976,0.030309,86
3366699,"S&P 500 Falls Over 1% After Walmart’s Profit Warning, Consumer Confidence Tumbles",0.033508,0.580564,0.385927,206
11598049,Julia Louis-Dreyfus Signs Overall Deal With Apple,0.122979,0.864006,0.013015,2
3357812,Antelope Enterprise Holdings Ltd. Receives Deficiency Letter From NASDAQ under NASDAQ's Bid Price Rule,0.121462,0.812475,0.066064,206
11598112,Julia Louis-Dreyfus signs overall deal with Apple TV Plus,0.038796,0.933822,0.027383,2
11597641,Comcast's Peacock streaming service to offer free and $5- or $10-a-month options,0.427741,0.527001,0.045258,2
3371958,US stocks give up early gains to end mixed after Nvidia's revenue warning drags down tech companies,0.031254,0.50534,0.463405,206
10198709,BRIEF-Whole Foods sought $45 per share offer from Amazon,0.069109,0.906574,0.024317,39
11357458,Apple AirPods sale: the earbuds get a $30 price cut at Amazon,0.129111,0.787524,0.083365,2
11584219,Marriott’s Racist ‘No Party Policy’ Lawsuit Highlights Portland’s Poor Race Relations,0.0064,0.01925,0.974349,2
3762410,"Another Netflix Price Hike? Streaming Giant Owes $11B In Content Costs, And Someone Has To Pay",0.02232,0.093838,0.883842,19
3369658,3M Commences Split-Off Exchange Offer for Food Safety Business,0.074115,0.853495,0.07239,206
3349652,"Tech rout set to drag Wall Street lower, as Snap warning drags Facebook, Google, Twitter lower in premarket",0.038946,0.705905,0.255149,206
7568995,Hands on with Apple's 2018 MacBook Air,0.049049,0.934561,0.016389,60
11583899,"Apple struck a new deal with chipmaker Imagination, the iPhone supplier it once almost crushed",0.068885,0.376978,0.554138,2
10183297,Goldman Sachs anticipates return to long-term oil price stability,0.694347,0.297329,0.008325,39
10345980,Exclusive: Saudi Arabia hires Goldman for Riyadh airport stake sale...,0.119397,0.835622,0.044981,39
11524129,the Apple Watch SE is on sale for just $249 in fantastic deal at Amazon,0.289676,0.609359,0.100965,2
3813955,Netflix's 'Narcos' headed to Univision in unique programming deal,0.197031,0.787233,0.015736,19
10180133,Some Amazon Deal Proceeds Will Be Reinvested in Souq.com: CEO,0.152086,0.836378,0.011536,39
9723214,Review: Elegant Apple Watch is worth the hefty price,0.406895,0.357404,0.235701,2
7034729,"For years, crime has marred rideshare safety. New Uber feature aims to fix issue in Miami",0.714487,0.122581,0.162932,57
2836085,Tesla stock falls more than 9% after Musk's Twitter deal,0.015676,0.817363,0.166961,206
11357044,Best Amazon holiday deals: 5 incredible products for last-minute gifts,0.670894,0.296104,0.033002,2
3350057,Why the Tesla 'death cross' shouldn't scare off investors,0.062371,0.87434,0.063289,206
6998691,"The 27 Best Deals of Home Depot's Fourth of July Sale: Save on Appliances, Grills and Outdoor Items",0.689038,0.251959,0.059004,57
10290593,Apple and Goldman Sachs are close to a deal that might increase the price of Apple’s iPhone payment plans,0.365488,0.6055,0.029012,39
7087848,Uber to offer $1.2 billion of five-year convertible bonds,0.567696,0.397063,0.03524,57
10358914,"Former WTO, Goldman and BP chief Peter Sutherland dies at 71",0.040369,0.882659,0.076973,39
11360243,Apple MacBook With Touch Bar Tip: How To Fix Frozen Touch Bar,0.174678,0.694561,0.130762,2
7001634,How to use Surfshark on Apple TV,0.049581,0.90293,0.047489,57
11569395,Apple is fixing the dangerous Safari bug that can leak your history,0.352923,0.129093,0.517984,2
