id,title,pos_score,neutral_score,neg_score,company_id,company_name,label,reason
31332810,Victor Ambros and Gary Ruvkun win Nobel Prize in medicine,,,,23,Bharat Electronics Ltd,irrelevant,"Article about individuals winning a Nobel Prize, not related to a specific company"
31332101,Literary Legend Isabel Allende to Present the 2024 Beall-Russell Lecture in the Humanities,,,,23,Bharat Electronics Ltd,irrelevant,"Article about a literary event, not related to a specific company"
20735092,Beltlines trademark policing needs to chill,,,,23,Bharat Electronics Ltd,irrelevant,"Opinion piece about trademark policing, no clear connection to a specific company"
27592399,Belarus: Arbitrary arrest of two members of the Office for the&#x2026;,,,,23,Bharat Electronics Ltd,irrelevant,"Article about human rights in Belarus, not related to a specific company"
28757565,"Belgia - Polska 6:1. By&#x142;a nadzieja, zosta&#x142; wstyd",,,,23,Bharat Electronics Ltd,irrelevant,"Article about a sports match, no clear connection to a specific company"
27593584,Wipro and Telef&#xF3;nica Germany / O2&#xA0;enter IT partnership agreement &#x2013; PCR,,,,35,Wipro Ltd,relevant,Wipro enters IT partnership agreement with Telefónica Germany / O2 — major partnership announcement
31332953,Bombay HC Dismisses US$31mn Appeal by IndiGo Insurers Against Janus Aviation,,,,39,InterGlobe Aviation Ltd,irrelevant,"Article about IndiGo insurers and Janus Aviation, not primarily about IndiGo or its business operations"
28249527,The Nobel Prize in Literature for 2021 Goes to Abdulrazak Gurnah  : NPR,,,,23,Bharat Electronics Ltd,irrelevant,Nobel Prize in Literature announcement — not related to any company's business or financials
24128455,Belgiya razgromila tunis na chm 2018,,,,23,Bharat Electronics Ltd,irrelevant,Sports match result — non-material entertainment content
28757250,Bell Copper Reports Big Sandy Assays,,,,23,Bharat Electronics Ltd,relevant,Bell Copper reports assay results from Big Sandy — direct update on company's operations or projects
18372759,Kievstar nachal predostavlyat uslugi g beloy 1439968582,,,,23,Bharat Electronics Ltd,irrelevant,"Title is about Kievstar but appears to be a non-English, possibly non-business article"
28757380,"'Write fewer papers, take more risks': Researchers call for 'rebellion' against academic convention",,,,23,Bharat Electronics Ltd,irrelevant,"Article is about academic research conventions, not a specific company"
28754943,"Belleville's Shriners Parade, Collinsville's Horseradish Festival highlight events list",,,,23,Bharat Electronics Ltd,irrelevant,Article is about local events and does not mention a specific company
28248093,"2021 Nobel Bar&#x131;&#x15F; &#xD6;d&#xFC;l&#xFC;, iki gazeteciye verildi",,,,23,Bharat Electronics Ltd,irrelevant,Article is about the Nobel Prize and does not mention a specific company
18372746,Meski bukan menteri gobel tetap dukung program jokowi,,,,23,Bharat Electronics Ltd,irrelevant,Title is non-English and does not clearly reference a specific company or business news
22165956,Belcikali bakan demir lider eslerine refakat edemeyecek 1132865h,,,,23,Bharat Electronics Ltd,irrelevant,Article title is unclear and does not directly relate to a specific company's business news
31331682,South Korean author Han Kang wins Nobel literature prize; becomes second South Korean Nobel laureate,,,,23,Bharat Electronics Ltd,irrelevant,Article is about a literary award and not related to a specific company's business news
18374453,Fitch tianjinexplosion trifft primaer chinesische versicherer,,,,16,ITC Ltd,irrelevant,Article mentions a Chinese event but does not specifically focus on a named company's business news
24119945,Valuengine upgrades bel fuse inc class a belfa to hold,,,,23,Bharat Electronics Ltd,relevant,"Valuengine upgrades Bel Fuse Inc, a direct analyst action on the company's stock"
22164950,London nobu hotel shoreditch open july 103694,,,,16,ITC Ltd,irrelevant,Article is about a hotel opening and does not provide significant business news about a specific company
27594413,Wanted man arrested in Belleville,,,,23,Bharat Electronics Ltd,irrelevant,"Article about a wanted man's arrest, not related to a specific company"
28248816,"Belarus, Venezuela plan to restart bilateral projects in construction, industry",,,,23,Bharat Electronics Ltd,irrelevant,"Article about international relations between Belarus and Venezuela, not about a specific company"
28247931,Nobelova nagrada za literaturo za Abdulrazaka Gurnaha,,,,23,Bharat Electronics Ltd,irrelevant,"Article about a Nobel Prize in literature, not related to a specific company"
28249735,Where is Donald Trump's Nobel Prize for Peace? &#x2013; White House Dossier,,,,23,Bharat Electronics Ltd,irrelevant,"Article about Donald Trump's potential Nobel Peace Prize, not related to a specific company"
20739910,Wallonisches regionalparlament erlaubt belgisches ja zu ceta 17430313,,,,23,Bharat Electronics Ltd,irrelevant,"Article about a regional parliament's decision on CETA, not primarily about a specific company"
28759947,Hubbell (NYSE:HUBB) Updates FY 2022 Earnings Guidance,,,,23,Bharat Electronics Ltd,relevant,Hubbell updates FY 2022 earnings guidance — direct financial result
28755915,Belmont University 2022 Student-Athlete Awards,,,,23,Bharat Electronics Ltd,irrelevant,"Belmont University awards — individual/local incident, non-material"
27597455,"Ritchie Bros. achieves strong pricing in US$47+ million auction in Houston, TX",,,,16,ITC Ltd,relevant,Ritchie Bros. achieves strong pricing in auction — business operation result
28250004,"Card *83, Angrist *89 win Nobel Prize in Economics",,,,23,Bharat Electronics Ltd,irrelevant,"Nobel Prize winners announced — non-business, individual achievement"
28247453,"Reliance Industries agrees to buy up to 40% of Sterling and Wilson Solar for Rs 2,845 cr",,,,1,Reliance Industries Ltd,relevant,Reliance Industries agrees to buy up to 40% of Sterling and Wilson Solar — major acquisition
28756129,"Cade con i pattini, morto un giovane di 22 anni a Trento",,,,42,Trent Ltd,irrelevant,"Article about an individual accident, not related to a company"
28753215,Haziran ay&#x131; kira zam oran&#x131; belli oldu: Kira art&#x131;&#x15F; oranlar&#x131;,,,,23,Bharat Electronics Ltd,irrelevant,"Article about rent increase rates, macroeconomic news not related to a specific company"
22162573,Fitch recovery in belarus bank lending i idinl4n1ip3so,,,,16,ITC Ltd,relevant,"Fitch recovery in bank lending, potentially related to a company's credit rating"
22159875,Inegol belediyespor da transfer atagi h953146,,,,23,Bharat Electronics Ltd,irrelevant,"Article about a sports team's transfer, not related to a company's business or finance"
24122056,Katy perry forced to eat taco bell during witness world tour,,,,23,Bharat Electronics Ltd,irrelevant,"Article about a celebrity's personal experience, not related to a company's business or finance"
28758682,"Belarusian manufacturer Gomselmash busy making, selling agricultural machines",,,,23,Bharat Electronics Ltd,relevant,Gomselmash is the subject with information about its business operations
22158897,Deutsch belgische atomkommission nimmt arbeit auf aid 1,,,,23,Bharat Electronics Ltd,irrelevant,The title does not appear to be about a specific company's business or financials
22166667,Titan union locals ratify 5 year contract,,,,17,Titan Company Ltd,relevant,Titan union contract ratification is a significant labor agreement
28247980,Oslo - Friedensnobelpreis f&#xFC;r Journalisten aus Philippinen und Russland,,,,23,Bharat Electronics Ltd,irrelevant,The title is about the Nobel Peace Prize and does not mention a specific company
20739973,Twitterkonto von belgiens aussenminister mit wuestem antikanadatweet bestueckt 5779676 4736010,,,,23,Bharat Electronics Ltd,irrelevant,The title appears to be about a politician's tweet and does not mention a specific company's business or financials
27598810,"Belgian teachers, left off covid vaccine priority list, rethink risks of teaching in-person",,,,23,Bharat Electronics Ltd,irrelevant,"Article about Belgian teachers and covid vaccine priority, not about a specific company"
20734465,Ntpc group looks to top 50 gw installed capacity by march 116102300093 1,,,,20,NTPC Ltd,relevant,NTPC group's installed capacity goal is a direct business objective
31334152,"Uluslar Ligi | Bel&#xE7;ika - Fransa ma&#xE7;&#x131; ne zaman, saat ka&#xE7;ta ve hangi kanaldan canl&#x131; yay&#x131;nlanacak? &#x130;lk 11'ler belli oldu",,,,23,Bharat Electronics Ltd,irrelevant,"Article about a sports match between Belgium and France, not about a company"
22158597,Man in clown mask charged with drug possession in belle,,,,23,Bharat Electronics Ltd,irrelevant,"Individual incident of a man charged with drug possession, not related to a company"
18370799,Sister lorraine founder of the kitchen inc passed away,,,,16,ITC Ltd,irrelevant,"Article about the passing of an individual, Sister Lorraine, not related to a company"
28757472,"LdN : les Pays-Bas se baladent en Belgique, la Croatie gifl&#xE9;e par l'Autriche",,,,23,Bharat Electronics Ltd,irrelevant,"Article is about sports, specifically a match between Netherlands, Belgium, Croatia, and Austria, with no relation to a specific company."
20736927,Maruti net profit jumps 60 to rs 2 398 cr on higher volumes,,,,11,Maruti Suzuki India Ltd,relevant,Maruti's net profit jumps 60% — direct financial result for the company.
20734199,Bob dylan respondio aceptara premio nobel literatura,,,,23,Bharat Electronics Ltd,irrelevant,"Article is about Bob Dylan accepting a Nobel Prize in Literature, which is not related to a specific company's business or finance."
18378535,Wound care in belgium new market research report r4284666,,,,23,Bharat Electronics Ltd,irrelevant,"Article is a market research report about wound care in Belgium, which is a general industry topic and not specifically about a company."
22161186,Mitchell mcleod pugh williams inc boosts position in bristol myers squibb co bmy updated updated,,,,16,ITC Ltd,relevant,Mitchell McLeod Pugh Williams Inc boosts position in Bristol Myers Squibb Co — analyst action on Bristol Myers Squibb's stock.
18378503,Article reliance communications posts 34 rise in q1 profit 1207416,,,,1,Reliance Industries Ltd,relevant,Reliance Communications posts a 34% rise in Q1 profit — direct financial result
28249043,"Q2 show, lower gold prices and expansion may help sustain Titan's rally",,,,17,Titan Company Ltd,relevant,Article discusses Titan's potential to sustain a rally due to lower gold prices and expansion — business analysis
22157751,Reliance jio alleges airtel vodafone idea cellular caused rs 400 cr loss to govt 3470704,,,,1,Reliance Industries Ltd,relevant,Reliance Jio alleges Airtel and Vodafone Idea caused a loss to the government — corporate-level regulatory action
18374628,Fitch upgrades achmea bank to a,,,,16,ITC Ltd,irrelevant,Fitch upgrades Achmea Bank — article is about the analyst firm's action on a different company
24122848,399503 belgiiskie futbolisti zabili 3 gola v matche protiv sbornoi panami,,,,23,Bharat Electronics Ltd,irrelevant,Article appears to be about a sports match and does not mention a specific company — non-business content
31331944,DIRETTA Nations League Italia-Belgio | Le formazioni UFFICIALI! LIVE,,,,23,Bharat Electronics Ltd,irrelevant,"Sports match update, not related to a specific company's business"
28754980,"""Sodnica o&#x10D;itno nima pojma, kaj se v resnici dogaja v Belorusiji""",,,,23,Bharat Electronics Ltd,irrelevant,"Article about Belarus, no clear connection to a specific company"
28246746,La F&#xE9;d&#xE9;ration belge &#xE0; 100% derri&#xE8;re Roberto Mart&#xED;nez,,,,23,Bharat Electronics Ltd,irrelevant,"Sports federation supporting a coach, not a business-related article"
28250932,Nobel de la Paz: &#xBF;Qui&#xE9;nes son Mar&#xED;a Ressa y Dmitry Muratov?,,,,23,Bharat Electronics Ltd,irrelevant,"Article about Nobel Peace Prize winners, not related to a specific company"
24122377,Belgier nainggolan wechselt von as roma zu inter mailand,,,,23,Bharat Electronics Ltd,irrelevant,"Sports transfer news, not related to a specific company's business"
24121694,Belgian ambassador in city throws light on bilateral trade ties with india 306450,,,,23,Bharat Electronics Ltd,irrelevant,"Article about Belgian ambassador discussing trade ties with India, not about a specific company"
31331954,Nobel prize for medicine goes to U.S. duo for discovery of microRNA,,,,23,Bharat Electronics Ltd,irrelevant,"Article about Nobel Prize winners, not related to a specific company"
22157318,Belvidere high school prom 201 1,,,,23,Bharat Electronics Ltd,irrelevant,"Article about a high school prom, not related to a specific company"
20734552,Bob dylan gana el premio nobel de literatura 2016,,,,23,Bharat Electronics Ltd,irrelevant,"Article about Bob Dylan winning the Nobel Prize, not related to a specific company"
28247824,Reliance Retail to launch 7-Eleven convenience stores in In...,,,,1,Reliance Industries Ltd,relevant,"Reliance Retail launching 7-Eleven convenience stores, a major corporate action"
28246497,"Gunakan Senyawa dalam Cabai, 2 Ilmuwan Ini Memenangkan Hadiah Nobel",,,,23,Bharat Electronics Ltd,irrelevant,"Article about Nobel Prize winners, not about a specific company's business"
24131435,Titan turns farm shows into ffa benefits,,,,17,Titan Company Ltd,irrelevant,"Article about farm shows and FFA benefits, no clear connection to a specific company"
28759862,"Campbell Soup sales outlook brightens on higher prices, improved supply",,,,23,Bharat Electronics Ltd,relevant,Campbell Soup's sales outlook and financial performance are directly discussed
31334148,Nobel de Econom&#xED;a por revelar peso de instituciones sociales en la prosperidad de pa&#xED;ses,,,,23,Bharat Electronics Ltd,irrelevant,"Article about Nobel Prize in Economics, not about a specific company's business"
31330992,Google DeepMind's chemistry Nobel showcases AI's medical potential,,,,23,Bharat Electronics Ltd,irrelevant,"Article about Google DeepMind's Nobel Prize, but primarily focuses on AI's medical potential, not Google's business"
28756236,Taco Bell Offers An Update About The Mexican Pizza,,,,23,Bharat Electronics Ltd,irrelevant,"Taco Bell menu update — consumer-focused content, not material business news"
20734891,565965 glava minoborony belgii stiven vandeput solgal utverzhdaya chto f 16 ne bombili aleppo,,,,23,Bharat Electronics Ltd,irrelevant,Article appears to be about Belgian defense minister and F-16 bombings — no clear connection to a specific company
22166108,Gst may not raise revenues significantly next few years fitch ratings 26457062,,,,16,ITC Ltd,irrelevant,Macro-economic article about GST revenues — company is not the subject
28752607,Panitch Schwarze Belisario & Nadel LLP Expands Patent Practice with New Team,,,,16,ITC Ltd,irrelevant,Law firm expansion — not about a publicly traded company's business or operations
22170675,Grasim industries consolidated net profit rises 0 79 in the march 2017 quarter 117051901097 1,,,,38,Grasim Industries Ltd,relevant,Grasim industries reports consolidated net profit rise — direct financial result for the company
28250109,GoLocalProv | NEW: Brown University Graduate Wins Nobel Prize in Economics,,,,23,Bharat Electronics Ltd,irrelevant,"Article about a Brown University graduate winning a Nobel Prize, not about the university's business or operations"
24121434,0 06 earnings per share expected for abercrombie fitch co anf this quarter,,,,16,ITC Ltd,relevant,Earnings per share expectation for Abercrombie & Fitch Co. — direct financial forecast
24120921,Indigo plane cracks in windshield returned to kolkata 824958,,,,39,InterGlobe Aviation Ltd,irrelevant,"Individual incident of an Indigo plane's windshield cracking — non-material, one-time event"
27593908,"All-Belarusian People's Assembly meeting begins in Minsk, Lukashenko calls for considering constitutional amendments",,,,23,Bharat Electronics Ltd,irrelevant,"Article about a political event in Belarus, not related to any specific company's business"
20735453,Fitch affirms anne arundel health system md at a outlook stable,,,,16,ITC Ltd,relevant,Fitch affirms credit rating for Anne Arundel Health System — credit rating action on the company
18378373,17374 reliance jio infocomm to sign pact with reliance communications,,,,1,Reliance Industries Ltd,relevant,Reliance Jio Infocomm is signing a pact with Reliance Communications — corporate action
20734537,Evrosoyuz peredal minsku tehniku dlya ohrany belorussko ukrainskoy granicy,,,,23,Bharat Electronics Ltd,irrelevant,Title is not in English and does not appear to be about a specific company — unclear content
22164804,Reliance jio punjab government sign mou to offer free wi fi in technical institutes 1405733,,,,1,Reliance Industries Ltd,relevant,Reliance Jio signs MOU with Punjab government — major partnership or contract
24128451,Belgia vs tunisia lukaku dan hazard menggila 7 gol tercipta,,,,23,Bharat Electronics Ltd,irrelevant,"Title appears to be about a sports match, not a company — non-material entertainment"
27594157,"Bitcoin Price Soared to ATH of Over $51K, Will This BTC Bullish Trend Reverse?",,,,16,ITC Ltd,irrelevant,"Title is about Bitcoin price movement, a macro market trend, not a specific company — passing mention"
24116204,Titan medical announces voting results from its annual and special meeting of,,,,17,Titan Company Ltd,relevant,Titan Medical announces voting results from its annual meeting — corporate action
31333362,Stockholm Medizin-Nobelpreis geht an zwei amerikanische Genregulations-Forscher,,,,23,Bharat Electronics Ltd,irrelevant,Article about Nobel Prize winners in medicine — no direct relation to a specific company
31333314,"U&#x17E; je to vonku: Pozrite sa, kto z&#xED;skal Nobelovu cenu za medic&#xED;nu!",,,,23,Bharat Electronics Ltd,irrelevant,Article about Nobel Prize winners in medicine — no direct relation to a specific company
28759104,"Un ancien ministre de Bourguiba, Mustapha Zaanouni, consult&#xE9; par la Commission Sadok Belaid",,,,23,Bharat Electronics Ltd,irrelevant,Article about a former minister and a commission — no relation to a specific company
28755881,"Number of Armed Forces of Belarus expected to increase to 80,000 people &#x2013; General Staff",,,,23,Bharat Electronics Ltd,irrelevant,Article about the Armed Forces of Belarus — no relation to a specific company
18378672,Fitch affirms wagner college nys revs at bbb outlook stable,,,,16,ITC Ltd,irrelevant,"Fitch affirms rating for Wagner College, not a publicly traded company"
18368855,Top 10 cipla reacts to earnings amtek punj lloydred 2567681,,,,44,Cipla Ltd,relevant,Cipla reacts to earnings — direct financial result
24121995,Diputados ultras noruega nominan trump nobel paz,,,,23,Bharat Electronics Ltd,irrelevant,"Article about Trump's Nobel Peace Prize nomination, not related to a company"
28753472,APA ots news: Allianz Kindersicherheits-Studie: Mentale Belastungen und...,,,,23,Bharat Electronics Ltd,relevant,"Allianz releases a study on child safety, a corporate-level initiative"
27598968,NITCO Limited announces Q3 FY2021 results,,,,16,ITC Ltd,relevant,NITCO Limited announces Q3 FY2021 results — direct financial result
18377049,Joan mitchell center open house aug 22 previews campus artist residencies,,,,16,ITC Ltd,irrelevant,"Article about an open house event, not a company's business news"
28759757,June 9 Cabell County Commission Meeting Agenda,,,,23,Bharat Electronics Ltd,irrelevant,"Government meeting agenda, not a company's business news"
27599054,"Mitch McConnell Doesn't Care If The Election Was Tainted, But You Should",,,,16,ITC Ltd,irrelevant,"Political opinion piece, not a company's business news"
20734594,Nobel edebiyat odulunun sahibi bob dylan oldu 480336h,,,,23,Bharat Electronics Ltd,irrelevant,"Article about Bob Dylan's Nobel Prize, not a company's business news"
28751969,Taco Bell to Debut Reimagined Drive Thru in Midwest. Here's What Makes It Stand Out &#x2013; NBC Bay Area,,,,23,Bharat Electronics Ltd,relevant,"Taco Bell debuting a reimagined drive-thru, a significant business development for the company"
31333980,Le Nobel d'&#xE9;conomie d&#xE9;cern&#xE9; &#xE0; des recherches pour comprendre les prosp&#xE9;rit&#xE9;s des pays - La Nouvelle Union et L'Avenir de l'&#xC9;rable,,,,23,Bharat Electronics Ltd,irrelevant,"Article about Nobel Prize in economics, not about a specific company"
22164833,Global automotive ignition switch market research report 2017 2021 growth trends forecast,,,,16,ITC Ltd,irrelevant,"Market research report on automotive ignition switch industry, not about a specific company"
28756486,Des petits entrepreneurs actifs en Bellechasse-Etchemins,,,,23,Bharat Electronics Ltd,irrelevant,"Article about small entrepreneurs in a region, not about a specific company"
31331324,"Reconoce el Nobel de Qu&#xED;mica dos trabajos sobre las prote&#xED;nas; premia investigaciones cient&#xED;ficas &#x2013; Peri&#xF3;dico Z&#xF3;calo | Noticias de Saltillo, Torre&#xF3;n,  Piedras Negras, Monclova, Acu&#xF1;a",,,,23,Bharat Electronics Ltd,irrelevant,"Article about Nobel Prize in Chemistry, not about a specific company"
28250468,Shabbat Shalom Weekly: Lech Lecha 5782: Nobel Prize Surprise,,,,23,Bharat Electronics Ltd,irrelevant,"Article about Nobel Prize surprise, appears to be a blog or opinion piece, not about a specific company"
24113647,Live trans tv susunan pemain belgia vs tunisia di grup g pukul 1900 wib malam ini,,,,23,Bharat Electronics Ltd,irrelevant,"Sports event schedule, not related to any company's business"
28245612,Barometers trade with small losses; Titan jumps 4%,,,,17,Titan Company Ltd,relevant,Stock price movement of Titan with a stated business reason
28249823,"Nobel Peace Prize, 2021 Journalist Maria 18th woman for this prize aganist fake news let's know about women including Mother Teresa, Malala, who changed the world | &#x92B;&#x947;&#x915; &#x928;&#x94D;&#x92F;&#x942;&#x91C; &#x915;&#x947; &#x916;&#x93F;&#x932;&#x93E;&#x92B; &#x932;&#x921;&#x93C;&#x924;&#x947; &#x939;&#x941;&#x90F; &#x91C;&#x947;&#x932; &#x91C;&#x93E;&#x928;&#x947; &#x935;&#x93E;&#x",,,,23,Bharat Electronics Ltd,irrelevant,"Article about Nobel Peace Prize winners, not related to any company's business"
18370748,1677972 des ruches install%c3%a9es sur le toit du s%c3%a9nat belge pour sensibiliser aux dangers de la mortalit%c3%a9 des abeilles,,,,23,Bharat Electronics Ltd,irrelevant,"Environmental initiative on a government building, not related to any company's business"
22165434,Mitch mcconnell senate ahca obamacare repeal votes 2017 5,,,,16,ITC Ltd,irrelevant,"Political news about a senate vote, not related to any company's business"
27598975,ITC Ltd board declares interim dividend of Rs. 5 for FY21,,,,16,ITC Ltd,relevant,ITC Ltd declares interim dividend — direct financial result
28755562,Belton police group cancels AR-15 rifle raffle after shootings,,,,23,Bharat Electronics Ltd,irrelevant,Local police event with no connection to a specific company
28249292,"Ap&#xF3;s dias de sil&#xEA;ncio, Filipinas sa&#xFA;da Maria Ressa pelo Pr&#xE9;mio Nobel da Paz",,,,23,Bharat Electronics Ltd,irrelevant,"Article about a Nobel Peace Prize winner, not a company-specific event"
27595829,"Bitcoin surges past $50,000 for first time as more investors, companies embrace it",,,,16,ITC Ltd,irrelevant,"Macro market movement article, not about a specific company's business"
28247605,"Cristo Redentor, 90 anos: como um monumento em homenagem &#xE0; princesa Isabel quase foi erguido no Corcovado",,,,23,Bharat Electronics Ltd,irrelevant,"Historical article about a monument, no connection to a specific company"
20735697,Sziria   belgium cafolja hogy harci gepei civil celpontokat tamadtak volna alepponal,,,,23,Bharat Electronics Ltd,irrelevant,"Article is about a geopolitical event in Syria and Belgium, not a company"
31333324,Zanimljivosti o Nobelovoj nagradi: Za&#x161;to se ne dodeljuje za matematiku?,,,,23,Bharat Electronics Ltd,irrelevant,"Article is about the Nobel Prize and mathematics, not a company"
28248443,The Impact of Abdulrazak Gurnah's Nobel Prize,,,,23,Bharat Electronics Ltd,irrelevant,"Article is about the impact of Abdulrazak Gurnah's Nobel Prize, not a company"
18375088,Fitch releases report on chicago park district il 2015 08 19,,,,16,ITC Ltd,irrelevant,"Article is about a report on the Chicago Park District, not a company"
22170979,Buy icici bank wipro sell lic housing finance gaurav bissa 2286283,,,,35,Wipro Ltd,relevant,"Article provides a buy/sell recommendation for ICICI Bank and Wipro, which are companies"
22168674,Grasim industries reports marginal increase in net profit,,,,38,Grasim Industries Ltd,relevant,Grasim industries reports financial results — direct financial report
18379560,Pitchblack announces shares for debt settlement 2015 08 19,,,,16,ITC Ltd,relevant,Pitchblack announces debt settlement — corporate action on shares
28753163,Dark Crisis #1 Spoilers- What Will Deathstroke Do To The Teen Titans?,,,,17,Titan Company Ltd,irrelevant,"Article about comic book plot — entertainment content, not business news"
20856792,Cmimi nobel i paqes shkon per juan manuel santos,,,,23,Bharat Electronics Ltd,irrelevant,"Article about Nobel Peace Prize winner — non-business, individual-focused content"
28248117,"Bitcoin, un mes de entusiasmos y recelos en El Salvador",,,,16,ITC Ltd,irrelevant,"Article about Bitcoin in El Salvador — macro/industry piece, not about a specific company"
28247329,"Raih Kemenangan Dramatis Atas Belgia, Bos Prancis Janjikan Juara",,,,23,Bharat Electronics Ltd,irrelevant,"Article is about a sports match, not a company"
22157548,Ourcrowd motorola solutions and reliance industries launch incubator to give,,,,1,Reliance Industries Ltd,relevant,Article is about a partnership between Motorola Solutions and Reliance Industries
20734291,Rating roundup fitch samsung droht langwieriger imageschaden 1001454443,,,,16,ITC Ltd,relevant,Article is about Fitch's rating and potential damage to Samsung's image
28249698,"Bel&#xE7;ika, y&#xFC;z tan&#x131;ma yaz&#x131;l&#x131;m&#x131; kulland&#x131;&#x11F;&#x131;n&#x131; kabul etti",,,,23,Bharat Electronics Ltd,irrelevant,"Article is not about a company, appears to be a political or social issue"
27592986,Belgian Lawmakers Submit Resolution Recognizing Xinjiang Abuses a,,,,23,Bharat Electronics Ltd,irrelevant,"Article is about a political resolution, not a company"
22163413,Norman goodman exchange vows at campbell university,,,,23,Bharat Electronics Ltd,irrelevant,"Article is about a personal event, not related to a company"
28758026,Deputy Minister of Foreign Affairs of Belarus Y.Ambrazevich meets the Representative of the UNHCR in Belarus - Ministry of Foreign Affairs of the Republic of Belarus,,,,23,Bharat Electronics Ltd,irrelevant,"Article is about a government meeting, not related to a company"
20731839,Rating fitch samsung droht langfristiger imageschaden 1001454201,,,,16,ITC Ltd,relevant,"Fitch rating mentions Samsung, indicating a potential financial impact"
27593902,Po&#x10D;ela revakcinacija: Mozzart postavio dozatore za dezinfekciju ruku na Sajmu i u Belekspo centru,,,,23,Bharat Electronics Ltd,irrelevant,"Article is about a company's minor action, not a significant business event"
20734901,The silence of the turtle mitch mcconnell endorses trump but won t even say his name,,,,16,ITC Ltd,irrelevant,Article is about politics and does not mention a company in a relevant context
20736865,Bellaire high student arrested for possession of a concealed weapon,,,,23,Bharat Electronics Ltd,irrelevant,"Individual incident at a high school, not related to a company"
22166643,"Belediyeden sokak hayvanlarini sahiplendirme kampanyasi(17,n,12604368,212)",,,,23,Bharat Electronics Ltd,irrelevant,"Article appears to be about a local animal adoption campaign, not a company"
27596764,Snapshots of Belen's History | News | news-bulletin.com,,,,23,Bharat Electronics Ltd,irrelevant,"Article is a historical piece about a location, not a company"
18368108,Reliance comm says gets several bids for 51 pct stake in tower unit news equity pirqatjbbhhei,,,,1,Reliance Industries Ltd,relevant,Reliance Communications receives bids for a stake in its tower unit — corporate action
18370113,Makeup artiste sandra don arthur partners maybelline new york 375542,,,,23,Bharat Electronics Ltd,irrelevant,"Makeup artist partners with Maybelline New York — individual endorsement, not a material corporate event"
18379571,Fitch affirms salt lake city rda uts,,,,16,ITC Ltd,irrelevant,"Fitch affirms rating for Salt Lake City RDA, not a specific company"
18371806,Beloit police apprehend suspect in turtle tap tavern incident two still wanted,,,,23,Bharat Electronics Ltd,irrelevant,"Local incident at Turtle Tap Tavern, not a material corporate event"
20733750,Premium brands buys belmont me,,,,23,Bharat Electronics Ltd,relevant,"Premium Brands acquires Belmont ME, a corporate action"
20738844,15h00 edicao de daniel belo a1 955451,,,,23,Bharat Electronics Ltd,irrelevant,"Appears to be a non-English language broadcast or show title, not a business news article"
27598842,525-ci Q&#x259;zet - Belarus b&#xF6;hrandan &#xE7;&#x131;xa bil&#x259;c&#x259;kmi?,,,,23,Bharat Electronics Ltd,irrelevant,Non-English language article with no clear connection to a specific company's business
22168690,Campbell soup results idusl4n1il3s4,,,,23,Bharat Electronics Ltd,relevant,Campbell soup results — direct financial result
31332442,"Premi Nobel de Medicina per als descobridors del micro-ARN, Victor Ambros i Gary Ruvkun",,,,23,Bharat Electronics Ltd,irrelevant,Nobel Prize winners announcement — no relation to a specific company
18367527,Beltzhoover garage volunteers,,,,23,Bharat Electronics Ltd,irrelevant,"Volunteers at a garage — individual/local incident, non-material"
24123480,Blockchain bonanza solution providers say the technology behind bitcoin is the real deal,,,,16,ITC Ltd,irrelevant,"Blockchain technology article — macro/industry piece, no specific company focus"
31332321,Interior Ministry: Belarus committed to norms of international law in combating crime,,,,23,Bharat Electronics Ltd,irrelevant,"Belarus government statement — geopolitical news, no specific company mentioned"
20734093,Bob dylans nobel silence impolite and arrogant 151407,,,,23,Bharat Electronics Ltd,irrelevant,"Article about Bob Dylan's behavior, not related to a specific company"
28754436,UEFA Nations League A: Belgien - Polen - Polen - Forum | Seite 3,,,,23,Bharat Electronics Ltd,irrelevant,"Sports forum discussion, not related to a specific company"
31330510,3-year-old girl hit and killed by truck attempting to back into parking space in Bellevue,,,,23,Bharat Electronics Ltd,irrelevant,"Local incident report, not related to a specific company"
22161727,Chewing the fat with big and beefy comeback kitchen recap food network star,,,,16,ITC Ltd,irrelevant,"Food network show recap, not related to a specific company"
27598029,"Jadwal Babak 16 Besar Liga Champions Live SCTV, Barcelona Vs PSG, Dembele Ingatkan Misi Balas Dendam",,,,23,Bharat Electronics Ltd,irrelevant,"Sports news article, not primarily about a specific company"
24119886,La belgique mauvaise eleve en matiere de lutte contre le changement climatique,,,,23,Bharat Electronics Ltd,irrelevant,"Article about Belgium's climate change efforts, not a company-specific news"
20735212,157800 shares in abercrombie fitch co anf acquired by hussman strategic advisors inc,,,,16,ITC Ltd,relevant,Abercrombie & Fitch Co stock acquisition by Hussman Strategic Advisors Inc — institutional investment in the company
27593485,"Bitcoin on Way of Becoming Trillion-Dollar Asset, Hits New ATH Above $49K",,,,16,ITC Ltd,irrelevant,"Article about Bitcoin's market performance, not a specific company's news"
27594568,Lukashenko shares impressions about Belarusian People's Congress,,,,23,Bharat Electronics Ltd,irrelevant,"Article about Lukashenko's impressions on Belarusian People's Congress, not a company-specific news"
27594397,Future Group creditors scramble to recover $2.5 billion loans amid Reliance deal woes: bankers,,,,1,Reliance Industries Ltd,relevant,Future Group's creditors trying to recover loans amid Reliance deal issues — corporate-level financial and deal news
31333921,"Reliance Q2 results: Here's how RIL stock likely to open tomorrow; Should you buy, sell or hold?",,,,1,Reliance Industries Ltd,relevant,Reliance Q2 results analysis — direct financial result
27596869,Lukashenko says Belarus must remain presidential republic,,,,23,Bharat Electronics Ltd,irrelevant,"Article about Belarus politics, no relation to a specific company"
27595696,Sensex jumps 222 points to fresh closing high; Reliance rallies over 4%,,,,1,Reliance Industries Ltd,relevant,Reliance stock price movement with a stated business reason
22167921,Activists march through belfast to demand law protecting irish language 35736888,,,,23,Bharat Electronics Ltd,irrelevant,"Article about Irish language law, no relation to a specific company"
18369939,Fitch affirms upgrades classes santander drive auto,,,,16,ITC Ltd,relevant,Fitch upgrades Santander — credit rating action on the company
27596804,Comienzan las obras de la iglesia de Huerta de Santa Isabel Este,,,,23,Bharat Electronics Ltd,irrelevant,"Article is about a church construction project, not a company or financial news"
27598969,FM: Belarus should continue multi-vector foreign policy,,,,23,Bharat Electronics Ltd,irrelevant,"Article is about Belarus' foreign policy, not a company or financial news"
28248658,"Stockholm: Wirtschaftsnobelpreis geht an Card, Angrist und Imbens",,,,23,Bharat Electronics Ltd,irrelevant,"Article is about the Nobel Prize in Economics, not a specific company or financial news"
27596703,Donald Trump pide reemplazar a Mitch McConell como l&#xED;der de los republicanos en el Senado,,,,16,ITC Ltd,irrelevant,"Article is about US politics, not a company or financial news"
31331946,Italia-Belgio LIVE le formazioni ufficiali |  Retegui contro De Ketelaere ci sono Openda e Tonali,,,,23,Bharat Electronics Ltd,irrelevant,"Article is about a sports event, not a company or financial news"
28752125,Foamea bate r&#x103;zboiul - Condi&#x21B;ia pus&#x103; de Belarus pentru a permite tranzitul cerealelor ucrainene,,,,23,Bharat Electronics Ltd,irrelevant,"Article is about Belarus and Ukrainian grain transit, not primarily about a specific company"
20732787,What is the purpose and value of the nobel peace prize in our era,,,,23,Bharat Electronics Ltd,irrelevant,"Article is about the Nobel Peace Prize, not related to a specific company"
28755467,FREE Family Fishing Event at Bass Pro Shops and Cabela's helps families discover the joys of fishing,,,,23,Bharat Electronics Ltd,irrelevant,"Article is a promotional event for Bass Pro Shops and Cabela's, but not a material business news article"
22161706,"5913231,1,atom  belgischer reaktor tihange 1 wieder am netz,content",,,,23,Bharat Electronics Ltd,irrelevant,"Article appears to be about a Belgian nuclear reactor, but is not clearly about a specific company and lacks context"
28759093,"Dihajar Belanda 1-4, Belgia Jadi Banyak Belajar",,,,23,Bharat Electronics Ltd,irrelevant,"Article is about a sports match between Belgium and the Netherlands, not related to a specific company"
20735233,Bellbrook takes a closer look,,,,23,Bharat Electronics Ltd,irrelevant,Article title does not mention a specific company — appears to be about a location or general topic
18372012,Beloit police search for additional suspects involved in weekend bar shooting,,,,23,Bharat Electronics Ltd,irrelevant,Individual/local incident with no apparent connection to a specific company's business
22158249,Dgap news raschke von knobelsdorff heiser dienstleistungsgesellschaft mbh laedt ein zur zweiten informations telefonkonferenz 1002026628,,,,23,Bharat Electronics Ltd,relevant,Article appears to be about a corporate event or announcement from Raschke von Knobelsdorff Heiser Dienstleistungsgesellschaft mbh
28250072,"Prix Nobel d'&#xE9;conomie 2021&#xA0;: pourquoi David Card, Joshua Angrist et Guido Imbens sont-ils prim&#xE9;s&#xA0;?",,,,23,Bharat Electronics Ltd,irrelevant,"Article about Nobel Prize winners in economics — macroeconomic or industry topic, not about a specific company"
24120742,Belgium religion art culture christianity 1929810,,,,23,Bharat Electronics Ltd,irrelevant,"Article title seems to be about general topics such as religion, art, and culture in Belgium — no specific company mentioned"
22157381,Surgery successful on mumbai child who had his heart at the right side with a large hole at sir hn reliance hospital article 172123,,,,1,Reliance Industries Ltd,irrelevant,"Article about a medical procedure, not about Reliance as a company"
28250700,India's Reliance buys REC Solar for $771 million- statement | One America News Network,,,,1,Reliance Industries Ltd,relevant,Reliance buys REC Solar for $771 million — corporate acquisition
31333429,"Insights from MIT's newest Nobel laureates on AI, labor, and more",,,,23,Bharat Electronics Ltd,irrelevant,"Article about MIT's Nobel laureates, no mention of a specific company"
28759756,Feds contribute $6.6M to Bells Corners affordable housing project,,,,23,Bharat Electronics Ltd,irrelevant,"Article about a housing project, no relation to a specific company like Reliance"
20733168,Bob dylan impolite arrogant nobel prize n 12612858,,,,23,Bharat Electronics Ltd,irrelevant,"Article about Bob Dylan, not related to any company"
24123664,60353 hoodoo brown s pork belly makes national tv tune into cooking channel tonight,,,,23,Bharat Electronics Ltd,irrelevant,"Article about a TV appearance, not directly related to a company's business"
22169149,Swiss belhotel to operate two new hotels in kuwait,,,,23,Bharat Electronics Ltd,relevant,Swiss belhotel announces new hotel operations in Kuwait — corporate expansion
18377920,Francisco otra vez nominado para el nobel de la paz 214745,,,,23,Bharat Electronics Ltd,irrelevant,"Article about a person nominated for a Nobel Peace Prize, not a company"
22165191,Heres how a real taco bell commercial got into logan us 592313ede4b03b485cb3a359,,,,23,Bharat Electronics Ltd,irrelevant,"Article about a Taco Bell commercial, but appears to be entertainment or lifestyle content"
28250611,First responder community mourns loss of Cabell County EMT,,,,23,Bharat Electronics Ltd,irrelevant,"Article about a community mourning a loss, individual incident not related to a company's business"
28247829,Abdulrazak Gurnah wins the 2021 Nobel Prize in Literature,,,,23,Bharat Electronics Ltd,irrelevant,"Article about a Nobel Prize winner, not a company"
20737863,Trojanlabel,,,,23,Bharat Electronics Ltd,irrelevant,Title is unclear and does not mention a company
22162236,Schnabel to make vincent van gogh film with dafoe 423339813,,,,23,Bharat Electronics Ltd,irrelevant,"Article about a film, not a company"
18373730,Fitch publishes report on roundpoint mortgage servicing corporation 2015 08 13,,,,16,ITC Ltd,relevant,"Fitch publishes report on RoundPoint Mortgage Servicing Corporation, a company"
28250013,Yachts! Helipads! VIPs! Meet Boris Johnson's Marbella massive,,,,23,Bharat Electronics Ltd,irrelevant,"Article about Boris Johnson, not a company"
28753101,Lee Health blood drive in Sanibel on Thursday,,,,23,Bharat Electronics Ltd,irrelevant,Local event with no material impact on Lee Health's business
31332045,Nobel per la letteratura alla scrittrice sud coreana Hang Kang,,,,23,Bharat Electronics Ltd,irrelevant,Article about a literary award with no connection to a specific company
20734197,Bob dylan acepta nobel literatura 5595604,,,,23,Bharat Electronics Ltd,irrelevant,Article about Bob Dylan accepting a literary award with no connection to a specific company
28246119,Journalister modtager Nobels fredspris,,,,23,Bharat Electronics Ltd,irrelevant,Article about journalists receiving a peace prize with no connection to a specific company
24120690,Belgia perkasa 4 gol romelu lukaku dkk benamkan kosta rika,,,,23,Bharat Electronics Ltd,irrelevant,Sports news with no connection to a specific company
18367547,Food truck festival feeds bells corners charitys ambition after flood,,,,23,Bharat Electronics Ltd,irrelevant,Article is about a food truck festival and does not mention a specific company's business or financials.
27598582,Cisco Adds Game-Changing NVT Phybridge PoLRE Switch to the Cisco Black Belt Academy,,,,23,Bharat Electronics Ltd,relevant,"Article is about Cisco adding a new product to its academy, which is a corporate action and strategy update."
18373107,Fitch downgrades speculative class ml cfc 2006 1,,,,16,ITC Ltd,irrelevant,"Article is about a Fitch downgrade of a speculative class, but does not specify the company being downgraded, only the class."
20732083,Fitch rates wicomico county mds 203mm gos aa outlook stable 2016 10 28,,,,16,ITC Ltd,irrelevant,"Article is about Fitch rating Wicomico County, which is not a company, but a geographic entity."
22164402,Gabelli funds llc increases stake in endo international plc endp,,,,23,Bharat Electronics Ltd,relevant,"Article is about Gabelli Funds increasing its stake in Endo International, which is a significant investment and corporate action."
22164905,Kadispora beltim sempat melihat detik detik terbakarnya venue border panjat tebing,,,,23,Bharat Electronics Ltd,irrelevant,Article is about a venue fire and does not mention a specific company
31333928,2024 Maruti Baleno Regal Edition Launched - New Features Added,,,,11,Maruti Suzuki India Ltd,relevant,Maruti Baleno Regal Edition launch is a major product update
28250631,"India's power crisis less acute than faced in Europe, China - Fitch Solutions",,,,16,ITC Ltd,irrelevant,Article is about India's power crisis and does not focus on a specific company
22159361,Abercrombie fitchs stock jumps after wsj report of american eagle cerberus buyout interest 2017 05 24,,,,16,ITC Ltd,relevant,Abercrombie & Fitch's stock movement is directly related to a potential buyout interest
27597647,"El testimonio de Julio Aro, veterano de Malvinas nominado al Nobel de la Paz por ayudar a identificar m&#xE1;s de cien soldados enterrados en las islas",,,,23,Bharat Electronics Ltd,irrelevant,Article is about a person's testimony and does not mention a specific company
22157650,Movie review the belko experiment misses opportunities to build story,,,,23,Bharat Electronics Ltd,irrelevant,"Movie review of 'The Belko Experiment' — consumer content, not business news"
24117012,Des touristes belges font une chute de dix metres dans un ravin,,,,23,Bharat Electronics Ltd,irrelevant,"Tourist accident in a ravine — individual incident, non-material"
20730791,One tiny belgian region blocks international trade deal,,,,23,Bharat Electronics Ltd,irrelevant,Regional trade deal blocked — not about a specific company
18370517,Wipro launches open data center coe 2395946,,,,35,Wipro Ltd,relevant,Wipro launches new data center — major corporate action
31331359,Belift Lab CEO to be summoned at the The National Assembly audit,,,,23,Bharat Electronics Ltd,relevant,Belift Lab CEO summoned to National Assembly audit — corporate-level regulatory action
20733705,Vietnam  belarus sign mou on public security personnel exchange,,,,23,Bharat Electronics Ltd,irrelevant,"Article is about an international agreement between Vietnam and Belarus, not a specific company"
18372474,Fitch us hy bond issuance slows,,,,16,ITC Ltd,irrelevant,"Article is about US high-yield bond issuance, a macroeconomic topic, not a specific company"
28756220,Indigo Reports FY22 Full Year Results - Indigo delivers $1.06 billion in sales and returns to profitability,,,,39,InterGlobe Aviation Ltd,relevant,"Indigo reports full-year financial results, including sales and profitability — direct financial result"
27593931,Titan Company share slips 3% post Q3 earnings; here's what brokerages say,,,,17,Titan Company Ltd,relevant,Titan Company's Q3 earnings and brokerages' reactions are reported — direct financial result and analyst action
22167951,Fitch ratings assigns bb rating to istars senior unsecured debt with po,,,,16,ITC Ltd,irrelevant,"Article is about Fitch ratings assignment, but the company being rated, iStar, is not the focus of the classification task, and the article is tagged to the analyst firm Fitch"
28759052,Grupo belga investe 20 milh&#xF5;es na reconstru&#xE7;&#xE3;o do Retail Park de Portim&#xE3;o,,,,23,Bharat Electronics Ltd,irrelevant,"Article is about a retail park in Portimão, not primarily about a specific company"
28751964,UEFA-Nationenliga: Heute trifft Aserbaidschan auf Belarus,,,,23,Bharat Electronics Ltd,irrelevant,"Article is about a sports event, not related to a company"
18367409,Wipro launches open data center centre of excellence,,,,35,Wipro Ltd,relevant,Wipro launches a new data center centre of excellence — major product/strategy update
28757558,"Geosyn Mining Leases Second Bitcoin Mine Facility  26,000 Sq...",,,,16,ITC Ltd,relevant,Geosyn Mining leases a second Bitcoin mine facility — corporate action/expansion
18368802,Fitch rates puerto rico aqueduct sewer authoritys,,,,16,ITC Ltd,relevant,Fitch rates the Puerto Rico Aqueduct and Sewer Authority's bonds — credit rating action on an institution
27594940,OSCE Media Freedom Representative deeply concerned about state of media freedom and freedom of expression in Belarus - Belarus,,,,23,Bharat Electronics Ltd,irrelevant,"Article about media freedom in Belarus, not about a specific company"
27595639,Beloit School Board hires interim superintendent to fill permanent role,,,,23,Bharat Electronics Ltd,irrelevant,"Article about a school board hiring a superintendent, not related to a publicly traded company"
22170751,Automotive pressure switch and ac pressure switch market to witness comprehensive growth by 2025,,,,16,ITC Ltd,irrelevant,"Article about the automotive pressure switch market, not about a specific company"
27598776,"Portada por su 70 cumplea&#xF1;os Isabel Preysler, la 'celebrity' indestructible",,,,23,Bharat Electronics Ltd,irrelevant,"Article about a celebrity's birthday, not related to a company or business news"
31334003,Tre ekonomist&#xEB; q&#xEB; hulumtuan pabarazin&#xEB; globale fitojn&#xEB; &#xC7;mimin Nobelin p&#xEB;r Ekonomi,,,,23,Bharat Electronics Ltd,irrelevant,"Article about economists and the Nobel Prize in Economics, not about a specific company"
22161164,Bruxelles plus de 55000 personnes dans les rues du centre pour la belgian pride,,,,23,Bharat Electronics Ltd,irrelevant,"Article about a pride event in Brussels, not related to a specific company"
28247576,Economists win Nobel for natural experiments,,,,23,Bharat Electronics Ltd,irrelevant,"Article about Nobel Prize winners in economics, not about a specific company"
20731248,Premiul nobel pentru literatura,,,,23,Bharat Electronics Ltd,irrelevant,"Article about the Nobel Prize in literature, not related to a specific company"
18378564,Kilitch drugs india outcomeboard meeting 2541121,,,,16,ITC Ltd,irrelevant,"Article about a meeting, possibly related to Kilitch Drugs, but lacks clear company context"
18376919,Agentura fitch zlepsila uverovy rating recka o dva stupne,,,,16,ITC Ltd,relevant,Fitch upgrades Recka's credit rating — direct financial result for the company
18372392,Cabelas inc announces plans for transition of brian j linneman,,,,23,Bharat Electronics Ltd,relevant,Cabela's announces transition plans for Brian J Linneman — corporate-level executive change
28759867,Local MMA Fighters will be duking it out at Bell County Expo Friday,,,,23,Bharat Electronics Ltd,irrelevant,Local MMA event at Bell County Expo — non-material entertainment
20736159,Fitch fund liquidity mismatch risk at a high 116101800437 1,,,,16,ITC Ltd,irrelevant,"Fitch report on fund liquidity mismatch risk — macro/industry analysis, not company-specific"
28759578,"Politique: En Guin&#xE9;e, il n'y a pas de marche pacifique, selon le Dr Saliou Bella du parti AFIA &#x2013; Kaloumpresse.com",,,,23,Bharat Electronics Ltd,irrelevant,Guinean politics article — no apparent connection to a specific company
27593403,Opinion: Belarus' development goals can be achieved only through peace and people's unity,,,,23,Bharat Electronics Ltd,irrelevant,Opinion piece on Belarus' development goals — no company mentioned or implicated
28753928,Luc Besson vis&#xE9; par une plainte pour viol en Belgique d&#xE9;pos&#xE9;e par l'actrice belgo-n&#xE9;erlandaise Sand Van Roy,,,,23,Bharat Electronics Ltd,irrelevant,"Article about Luc Besson, not a company, facing a complaint for viol in Belgium — individual incident, non-material"
27592829,Bel Group invests in Big Idea Ventures on development of alternative proteins,,,,23,Bharat Electronics Ltd,relevant,"Bel Group invests in Big Idea Ventures — corporate action, investment in alternative proteins"
28759665,Monarch Private Capital Finances Historic Preservation of Beloved Motel and Restaurant in Kentucky,,,,23,Bharat Electronics Ltd,irrelevant,"Monarch Private Capital finances preservation of a motel and restaurant — not about Bel Group, different company"
28751420,"Beloit police seeing 'rash of auto thefts' targeting Kia, Hyundai vehicles | Xtreme 107.1 - Platteville, Dubuque, Galena",,,,23,Bharat Electronics Ltd,irrelevant,"Beloit police report on auto thefts targeting Kia, Hyundai vehicles — passing mention, not about Bel Group"
20732129,Coffee break witches magic and potions,,,,16,ITC Ltd,irrelevant,"Article about coffee break witches, magic, and potions — consumer content, not business news"
28246741,Oct. 14 Cabell County Commission Meeting Agenda,,,,23,Bharat Electronics Ltd,irrelevant,Meeting agenda for Cabell County Commission — not about a specific company
22169975,Eski selcuk universitesi rektoru gokbel hakim karsisinda h195093,,,,23,Bharat Electronics Ltd,irrelevant,Article appears to be about a university rector and a court case — no clear company connection
27599178,BBC Says Tesla's Bitcoin Buy Weakens Its Green Credentials,,,,16,ITC Ltd,relevant,Article discusses Tesla's business decision and its impact on its green credentials
27598256,Donald Trump attacks Mitch McConnell over leadership of Republican party,,,,16,ITC Ltd,irrelevant,Article about Donald Trump and Mitch McConnell — no company is the primary subject
20736787,Bernstein belaesst basf auf underperform ziel 60 euro 8712057,,,,23,Bharat Electronics Ltd,relevant,Analyst action on BASF's stock with a specific target price and rating
27592864,Future Group Creditors Dash To Recover $2.5 Billion Loans Amid Reliance Deal Troubles: Bankers,,,,1,Reliance Industries Ltd,relevant,Future Group's creditors are trying to recover loans amid deal troubles — corporate-level financial issue
27595993,"Smart Labels Market Value Share, Analysis and Segments 2021-2026 &#x2013; KSU",,,,23,Bharat Electronics Ltd,irrelevant,"Article about the smart labels market, not primarily about a specific company"
20732135,Fitch rates lax ca airport senior rev,,,,16,ITC Ltd,relevant,Fitch rates LAX airport senior revenue — credit rating action on a specific entity
20731579,Premio nobel letteratura 2016 9902e580 912a 11e6 ac33 c191fa0a3477,,,,23,Bharat Electronics Ltd,irrelevant,"Article about the Nobel Prize in literature, not related to a specific company"
18375552,55248 fitch raises greece rating after new bailout deal struck,,,,16,ITC Ltd,irrelevant,"Article about Greece's rating after a bailout deal, not primarily about a specific company"
28755349,Belarus views Kazakhstan as key partner in Central Asia,,,,23,Bharat Electronics Ltd,irrelevant,"Article about Belarus's view on Kazakhstan, not about a specific company"
18372771,Una mujer de 79 anos murio atropellada cerca al liceo isabel la catolica 213634,,,,23,Bharat Electronics Ltd,irrelevant,"Local incident report, not related to a specific company"
18376971,Askme expands e commerce play majority stake mebelkartcom,,,,23,Bharat Electronics Ltd,relevant,"Askme expands e-commerce play with majority stake in MebelKart, corporate action"
31333156,2024 Nobel T&#x131;p &#xD6;d&#xFC;l&#xFC;'n&#xFC; kazananlar belli oldu,,,,23,Bharat Electronics Ltd,irrelevant,"Article about Nobel Prize winners, not related to a specific company"
22168377,Belgien bierkultur kulturerbe 133135,,,,23,Bharat Electronics Ltd,irrelevant,"Article about Belgian beer culture, not related to a specific company"
31332525,'Mukesh Ambani afraid of Elon Musk'? Tesla billionaire responds to meme on Reliance boss | Trending,,,,1,Reliance Industries Ltd,irrelevant,"Article about a meme and Elon Musk's response, not a material event about Reliance or Tesla"
27593153,Softball | Calendar | Campbell University,,,,23,Bharat Electronics Ltd,irrelevant,"Article about a university's softball calendar, no relation to a specific company"
27598982,Belarus urged to focus more on EAEU markets,,,,23,Bharat Electronics Ltd,irrelevant,"Article about Belarus and EAEU markets, no specific company mentioned"
22162756,Nintendo switch stock update may 19 big one,,,,16,ITC Ltd,relevant,"Article about Nintendo switch stock update, direct product and inventory news"
28246716,"Italian expert: in alliance with Russia, Belarus can play great role in Greater Eurasia",,,,23,Bharat Electronics Ltd,irrelevant,"Article about Belarus and its role in Greater Eurasia, no specific company mentioned"
31331766,Belize Remains Free of Screwworm,,,,23,Bharat Electronics Ltd,irrelevant,"Article is about Belize and screwworm, not a company — no business news"
22162393,Charge janitor peeped man in bellevue office 11168482,,,,23,Bharat Electronics Ltd,irrelevant,"Individual incident of a janitor's misconduct, not a corporate-level issue"
18378950,Zaplac bitcoinem wszedzie sprawdzamy nowosc 7273641,,,,16,ITC Ltd,irrelevant,"Article appears to be about using bitcoin, not specifically about a company"
27596275,"Belarus opposition cries foul as Lukashenko convenes ""People's Assembly""",,,,23,Bharat Electronics Ltd,irrelevant,"Article is about Belarus politics, not a company — no business news"
22158051,Cannabis wheaton congratulates its partner beleave inc 2017 05 19,,,,23,Bharat Electronics Ltd,relevant,"Article mentions Beleave Inc, a company, in a context that suggests a business partnership or announcement"
22168197,Hang hang khong dau tien cua nhat ban chap nhan thanh toan bang bitcoin 20170523153424812,,,,16,ITC Ltd,irrelevant,Article title does not clearly mention a specific company or business news
28755407,"Belgian king meets veteran, returns Suku mask to DR Congo | News | DW",,,,23,Bharat Electronics Ltd,irrelevant,Article is about a political event and does not mention a specific company
22169776,"Omniyat, swiss belhotel to operate two new hotels in kuwait",,,,23,Bharat Electronics Ltd,relevant,"Article mentions Omniyat and Swiss Belhotel in a business context, such as operating new hotels"
28751700,West is unlikely to replace Belarusian fertilisers,,,,23,Bharat Electronics Ltd,irrelevant,Article is about industry trends and does not specifically focus on a particular company
28751507,"Manchester City |  De Bruyne accoglie Haaland |  ""Bello avere una punta da almeno 25 gol""",,,,23,Bharat Electronics Ltd,irrelevant,Article is about a sports team and does not contain business or financial news
22171430,Gabelli funds llc has 3628000 stake in stoneridge inc sri,,,,23,Bharat Electronics Ltd,irrelevant,"Gabelli funds' stake in Stoneridge is a minor investment update, not a significant event for Stoneridge Inc."
31331566,Africa: Nobel Prize in Medicine Awarded to mRNA Researchers,,,,23,Bharat Electronics Ltd,irrelevant,Article about Nobel Prize in Medicine is not about a specific company
27596794,Petrovi&#x107; &#x160;kero: Mediji kao sau&#x10D;esnici u odbrani Belivuka,,,,23,Bharat Electronics Ltd,irrelevant,Article title is not in English and does not appear to be about a specific company
28757559,"IT News Online - Geosyn Mining leases second Bitcoin Mine Facility &#x2013; 35,000 sq. foot facility new home to second Geosyn Mine",,,,16,ITC Ltd,relevant,Geosyn Mining leases a new Bitcoin mine facility — a significant business action for the company
28249542,Will a screenwriter ever win the Nobel Prize for literature?,,,,23,Bharat Electronics Ltd,irrelevant,Article about the Nobel Prize for literature is not about a specific company
31333659,Investigadores de EEUU ganan el Premio Nobel de Medicina 2024 por el descubrimiento del microARN,,,,23,Bharat Electronics Ltd,irrelevant,"Article is about Nobel Prize winners, not a specific company's business news"
20734828,Forum takoubelt de gossi les principes de la consolidation de la paix arretes,,,,23,Bharat Electronics Ltd,irrelevant,"Article appears to be about a peace forum, not a specific company's business news"
28247449,Camden National Bank recognizes Belfast employee with 2021 Commitment Award,,,,23,Bharat Electronics Ltd,relevant,"Article is about Camden National Bank recognizing an employee with an award, indicating a corporate action"
24115941,Mondial 2018 la belgique est prete pour son epopee russe 802238,,,,23,Bharat Electronics Ltd,irrelevant,"Article is about a sports event, specifically the 2018 World Cup, and does not pertain to a specific company's business news"
24122027,Ayuntamiento de marbella destina 700000 euros para la iluminacion ornamental de zonas y edificios emblematicos,,,,23,Bharat Electronics Ltd,irrelevant,"Article is about a municipal government's budget allocation, not a specific company's business news"
31331450,www.ladigetto.it - Tre arresti in citt&#xE0; di Trento in due giorni,,,,42,Trent Ltd,irrelevant,"Article is about arrests in Trento, not about a specific company"
18378752,Matovic azt talalta ki hogy kitalal fico 674 millio dollaros belizei,,,,23,Bharat Electronics Ltd,irrelevant,"Title appears to be about a political figure and a potential scandal, but lacks clear company context"
24130257,Man wanted out of tennessee arrested in bell county 485228181,,,,23,Bharat Electronics Ltd,irrelevant,"Article is about an individual's arrest, which is a non-material, individual incident"
31333566,Nobel de Econom&#xED;a a 3 investigadores por trabajos sobre desigualdades entre naciones,,,,23,Bharat Electronics Ltd,irrelevant,"Article is about Nobel Prize winners in Economics, which is not about a specific company"
20734606,"Kadikoy belediyesinden merinos akkmye ziyaret(17,n,12376166,111)",,,,23,Bharat Electronics Ltd,irrelevant,"Article appears to be about a municipal visit or event, but lacks clear company context or relevance to a specific company's business"
28248128,Dy gazetar&#xEB;t investigativ&#xEB;  fitojn&#xEB; Nobelin e Paqes p&#xEB;r lirin&#xEB; e shprehjes,,,,23,Bharat Electronics Ltd,irrelevant,"Article about investigative journalists winning the Nobel Peace Prize, no business or financial content related to a specific company"
28249672,Le prix Nobel d'&#xE9;conomie 2021 attribu&#xE9; &#xE0; trois sp&#xE9;cialistes du march&#xE9; du travail,,,,23,Bharat Electronics Ltd,irrelevant,"Article about the 2021 Nobel Prize in Economics, no business or financial content related to a specific company"
18368044,Buzovskiy belorusskie zhenshchiny stolp obshchestva,,,,23,Bharat Electronics Ltd,irrelevant,"Article appears to be about a person, Buzovskiy, and their impact on Belarusian society, no clear business or financial content"
18369445,Superheroes school path health day solidarity belarus civil society digest 23078,,,,23,Bharat Electronics Ltd,irrelevant,"Article about a school event and civil society digest, no business or financial content related to a specific company"
22167265,Belle vernon approves preliminary budget with tax increase,,,,23,Bharat Electronics Ltd,irrelevant,"Article about a local budget approval and tax increase in Belle Vernon, not related to a specific company's business or financial performance"
27598687,Labrador Marine Implements Passenger Restrictions on Strait of Belle Isle,,,,23,Bharat Electronics Ltd,irrelevant,"Article about Labrador Marine implementing passenger restrictions is not primarily about a company's financials, actions, or events that would impact a portfolio manager's decision, it seems more related to operations or local news"
28248624,Trio win Nobel Economics Prize for 'natural experiments' | The Guardian Nigeria News - Nigeria and World News &#x2014; World &#x2014; The Guardian Nigeria News &#x2013; Nigeria and World News,,,,23,Bharat Electronics Ltd,irrelevant,"Nobel Economics Prize winners announcement is not related to a specific company's performance, financials, or actions that would affect a portfolio manager's decisions"
27596870,"Belarus at turning point comparable to dissolution of Soviet Union, Lukashenko says",,,,23,Bharat Electronics Ltd,irrelevant,"Article about Belarus political situation is not related to a specific company's financials, actions, or events that would impact a portfolio manager's decision"
24124395,Hitchcock center to host presentation on tick bite prevention 18316535,,,,16,ITC Ltd,irrelevant,"Presentation on tick bite prevention is not related to a company's financial performance, actions, or events that would affect a portfolio manager"
31331718,Literatur-Nobelpreisgewinnerin Han Kang: Man darf nicht einfach Blume werden,,,,23,Bharat Electronics Ltd,irrelevant,"Literature Nobel Prize winner's statement or interview is not related to a company's financial performance, actions, or events that would affect a portfolio manager"
20736234,12 bob dylan favor nobel,,,,23,Bharat Electronics Ltd,irrelevant,"Article appears to be about Bob Dylan winning a Nobel Prize, but does not mention a company"
31333428,Cine sunt cercet&#x103;torii care au luat Premiul Nobel pentru Medicin&#x103;. Au descoperit principiul care st&#x103; la baza activit&#x103;&#x21B;ii genelor,,,,23,Bharat Electronics Ltd,irrelevant,"Article is about researchers winning a Nobel Prize in Medicine, no company mentioned"
22163308,Acord bilateral intre cosr si comitetul national olimpic din belarus pana la finalul anului 2020,,,,23,Bharat Electronics Ltd,irrelevant,"Article about a bilateral agreement between COSR and the Belarusian National Olympic Committee, no company mentioned"
20739176,Kusadasi belediyesi nden asure ikrami haberi 1735459,,,,23,Bharat Electronics Ltd,irrelevant,"Article appears to be local news in Turkish, no company name or relevance apparent"
31338254,Wieso es so wenige Nobelpreistr&#xE4;gerinnen gibt,,,,23,Bharat Electronics Ltd,irrelevant,"Article discusses the lack of female Nobel Prize winners, no company mentioned"
18368048,Ministr truda stala predsedatelem belorusskogo soyuza zhenshchin,,,,23,Bharat Electronics Ltd,irrelevant,"The article appears to be about a labor minister becoming the head of a Belarusian women's union, which does not seem to be related to a specific company's stock or financial performance."
31331478,"Bitcoin, Ethereum, Polkadot volatile as US CPI print comes in hotter than expected By Investing.com",,,,16,ITC Ltd,irrelevant,"The article discusses the volatility of cryptocurrencies like Bitcoin, Ethereum, and Polkadot in response to the US CPI print, but does not focus on a specific company's stock or financial performance."
28756481,Mining-Umsatz sinkt weiter: Wie der Bitcoin-Crash den Minern das Gesch&#xE4;ft verhagelt,,,,16,ITC Ltd,irrelevant,"The article talks about the decline in mining revenue and how the Bitcoin crash affects miners, but it does not focus on a specific company's stock or financial performance."
24118974,Babak pertama lukaku dua gol belgia unggul 3 1 atas tunisia,,,,23,Bharat Electronics Ltd,irrelevant,"The article appears to be a sports update about a soccer match between Belgium and Tunisia, which is not related to a specific company's stock or financial performance."
22160397,Babel tve prg2290202,,,,23,Bharat Electronics Ltd,irrelevant,"The title seems to be a jumbled or nonsensical string of characters, and does not appear to be related to a specific company's stock or financial performance."
27594095,Une manifestation ce jeudi midi devant le lyc&#xE9;e Montebello contre la suppression de cinq postes,,,,23,Bharat Electronics Ltd,irrelevant,"Article about a local protest against post suppressions, not related to a company's financial news"
20734549,Las repercusiones tras el nobel de literatura para bob dylan,,,,23,Bharat Electronics Ltd,irrelevant,"Article about the repercussions of Bob Dylan winning the Nobel Prize in Literature, not related to a company's financial news"
28247612,El israel&#xED;-estadounidense Joshua Angrist gana el Premio Nobel de Econom&#xED;a 2021,,,,23,Bharat Electronics Ltd,irrelevant,"Article about Joshua Angrist winning the Nobel Prize in Economics, not related to a company's financial news"
28247495,Reliance buys REC Solar for over Rs 5791 crore,,,,1,Reliance Industries Ltd,relevant,"Reliance buys REC Solar for over Rs 5791 crore, direct corporate action with financial impact"
27595050,Regime wants to normalise relations with the West with Belarus as a Russian satellite state,,,,23,Bharat Electronics Ltd,irrelevant,"Article about geopolitics and international relations, not related to a specific company's financial news"
31331182,Nobel Prize in chemistry awarded to 3 scientists for work on proteins,,,,23,Bharat Electronics Ltd,irrelevant,"The article is about the Nobel Prize in chemistry, not related to a specific company"
31331913,Los estadounidenses Victor Ambros y Gary Ruvkun obtienen el Premio Nobel Medicina por su hallazgo del microARN,,,,23,Bharat Electronics Ltd,irrelevant,"The article is about the Nobel Prize in Medicine, not related to a specific company"
31333436,Dan Nobel de Medicina a bi&#xF3;logos por descubrir microARN,,,,23,Bharat Electronics Ltd,irrelevant,"The article is about the Nobel Prize in Medicine, not related to a specific company"
28759594,4 of top-10 firms add Rs 2.31 lakh cr in m-cap; Reliance biggest gainer,,,,1,Reliance Industries Ltd,relevant,"The article mentions Reliance and its market capitalization change, directly related to the company's financial performance"
20737301,Campbell soup moving into meal,,,,23,Bharat Electronics Ltd,relevant,"The article mentions Campbell Soup's business move into meals, directly related to the company's strategy"
24115804,Reliance energy restores power to mumbai colony after cm intervenes 118062201039 1,,,,1,Reliance Industries Ltd,irrelevant,"Article about power restoration in a specific Mumbai colony, not primarily about Reliance Energy's business"
27592316,Board of Grasim Industries appoints company secretary,,,,38,Grasim Industries Ltd,relevant,"Grasim Industries' board appoints a company secretary, a corporate-level appointment"
28756014,Lamb of God Announce 'Omens' Album + Tour With Killswitch Engage,,,,16,ITC Ltd,irrelevant,"Lamb of God's album and tour announcement, no business impact on any company"
24119856,97002 20180618filwww00075 belgique les distributeurs fermes la nuit apres des attaques,,,,23,Bharat Electronics Ltd,irrelevant,"Article appears to be in a different language and format, seems to be a news snippet without clear company mention or relevance"
31331277,"Nobel Literature goes to South Korean Han Kang, 18th woman to be awarded prestigious prize",,,,23,Bharat Electronics Ltd,irrelevant,"Nobel Literature prize awarded to an author, no connection to a specific company's business or operations"
20731244,38987558 bel reports third quarter 2016 results 256,,,,23,Bharat Electronics Ltd,relevant,BEL reports third quarter 2016 results — direct financial report about the company
28758053,Singapore's sovereign wealth fund to acquire Belfast student housing provider Student Roost,,,,23,Bharat Electronics Ltd,irrelevant,"Article about Singapore's sovereign wealth fund acquiring a company, not about the fund itself"
22165622,Fidget toys impact five below 152721567,,,,23,Bharat Electronics Ltd,relevant,Article discusses the impact of fidget toys on Five Below's business — product impact on company's sales
31333019,Medicine Nobel awarded for gene-regulating 'microRNAs',,,,23,Bharat Electronics Ltd,irrelevant,Nobel Prize announcement about gene-regulating 'microRNAs' — no direct connection to a specific company
24121997,Cheers opens new flagship store indigo plus new terrace chaoyang park,,,,39,InterGlobe Aviation Ltd,irrelevant,"New store opening announcement, but primarily about the location and store features, not directly about the company's overall business"
20734149,The mosaic company gives 100000 to mamaweyatitan centre,,,,17,Titan Company Ltd,relevant,"The Mosaic Company gives $100,000 to Mamaweyatitan Centre — corporate philanthropy announcement"
24128050,Belgas vienen uruguay andar trenes,,,,23,Bharat Electronics Ltd,irrelevant,"Article about trains in Uruguay, no clear connection to a specific company"
18368202,Gand premiere universite belge l ulb devance l ucl 55cf24cb3570b54653485190,,,,23,Bharat Electronics Ltd,irrelevant,"University ranking in Belgium, no clear connection to a specific company"
31330458,Tre shkenc&#xEB;tar&#xEB; ndajn&#xEB; Nobelin n&#xEB; Kimi p&#xEB;r studimin e proteinave,,,,23,Bharat Electronics Ltd,irrelevant,"Nobel Prize in Chemistry, general scientific news, no clear connection to a specific company"
28756518,"Belarus, Cuba discuss efforts to boost trade",,,,23,Bharat Electronics Ltd,irrelevant,"Diplomatic discussion between Belarus and Cuba on trade, general news, no clear connection to a specific company"
18379022,Fitch affirms slm private student loan trust 2004 a,,,,16,ITC Ltd,relevant,"Fitch affirms SLM private student loan trust, indicating a credit rating action"
28250592,"Fitch cuts India's FY22 GDP forecast to 8.7%, but pegs FY23 growth at 10%",,,,16,ITC Ltd,irrelevant,"Fitch cuts India's GDP forecast, a macroeconomic analysis not focused on a specific company"
22171284,Taco bell creations,,,,23,Bharat Electronics Ltd,irrelevant,"Taco Bell creations, a promotional or lifestyle article likely about menu items, not a business-focused announcement"
18369796,29396 nochyu v belyaevskom rayone proizoshlo ubiystvo,,,,23,Bharat Electronics Ltd,irrelevant,"A news article in Russian about a murder, seemingly unrelated to business or financial news"
28758651,NL: Lewandowski g&#xF3;lj&#xE1;ra hatszor v&#xE1;laszoltak a belg&#xE1;k,,,,23,Bharat Electronics Ltd,irrelevant,"A sports news article discussing a soccer player's performance, not related to business or financial news"
20735540,Roundup 2 ceta kurz vor dem ziel belgische kritiker erzielen teilsieg 1001485172,,,,23,Bharat Electronics Ltd,irrelevant,"The title appears to be about a political or economic agreement (CETA) and a partial victory for Belgian critics, with no clear connection to a specific company's stock or business operations."
24118083,400423 belorusskaya turistka pogibla vo vremya otdiha v gruzii,,,,23,Bharat Electronics Ltd,irrelevant,"The title reports on the death of a Belarusian tourist in Georgia, which seems to be an individual incident with no direct relevance to a company's financials or operations."
24126412,Hujan deras guyur pulau belitung tiang listrik dan pohon tumbang jalan genting apit sempat macet,,,,23,Bharat Electronics Ltd,irrelevant,"The title describes a local incident involving heavy rain in Pulau Belitung, Indonesia, causing infrastructure issues, which does not appear to be related to a company's business or financial performance."
31333244,"Who are Victor Ambros and Gary Ruvkun, winners of 2024 Nobel Prize in Medicine?",,,,23,Bharat Electronics Ltd,irrelevant,"The title is about the winners of the 2024 Nobel Prize in Medicine, which, while notable, does not seem to have a direct impact on a specific company's stock or business operations."
18366627,The joan mitchell center 125 m,,,,16,ITC Ltd,irrelevant,"The title mentions 'The Joan Mitchell Center' and a dollar amount ($125M), but without further context, it does not clearly relate to a company's financial performance, stock movement, or business operations that would affect a portfolio manager's decisions."
31331048,Premio Nobel de Qu&#xED;mica para quienes desentra&#xF1;aron el dise&#xF1;o y la estructura de las prote&#xED;nas,,,,23,Bharat Electronics Ltd,irrelevant,"The article is about the Nobel Prize in Chemistry, not related to a specific company"
31331377,Why voters believe what they believe and how to talk politics with your family,,,,23,Bharat Electronics Ltd,irrelevant,"The article is about politics and voter beliefs, not related to a specific company"
22168483,Chart bitcoin is going nuts again 2017 5,,,,16,ITC Ltd,irrelevant,The article is about bitcoin's price movement without a specific company mentioned
27596705,"Combination Switches Market Size, Share 2020 Globally Industry Demand, Trends, Regional Overview, Top Manufacture, Business Growth and Forecast to 2026, Says Industry Research Biz &#x2013; Haber Radikal",,,,16,ITC Ltd,irrelevant,"The article is about the Combination Switches Market, mentioning industry trends and not a specific company"
28246990,Premiul Nobel pentru Pace 2021. Doi jurnali&#x15F;ti &#xEE;mpart distinc&#x163;ia din acest an,,,,23,Bharat Electronics Ltd,irrelevant,"The article is about the Nobel Peace Prize, not related to a specific company"
28249772,Belarus: Lukaschenkos Plan geht nicht auf &#x2013; volle Asylunterk&#xFC;nfte in Ostdeutschland,,,,23,Bharat Electronics Ltd,irrelevant,"Article about Belarus and asylum in Germany, no company mentioned"
31333726,Daron Acemoglu Awarded the Nobel Prize in Economics &#x2022; MassisPost,,,,23,Bharat Electronics Ltd,irrelevant,"Article about Nobel Prize in Economics winner, no company mentioned"
22169868,Belgischer atomreaktor tihange 1 wieder am netz 59200b5ba5e74263e13bff94,,,,23,Bharat Electronics Ltd,irrelevant,"Article about a Belgian nuclear reactor, no company mentioned"
20734196,Dylan academia acepto nobel 3509203,,,,23,Bharat Electronics Ltd,irrelevant,"Article about someone accepting a Nobel prize, seems to be a mistaken or garbled report, no company mentioned"
28762448,Zumtobel Aktie: Ganz ruhig bleiben! (),,,,23,Bharat Electronics Ltd,relevant,"Article specifically about Zumtobel stock, advising investors to stay calm"
24130081,Belgique les distributeurs de billets dans les banques inaccessibles la nuit 16 06 2018 7776303,,,,23,Bharat Electronics Ltd,irrelevant,"The article appears to be about bank ATMs being inaccessible at night in Belgium, which does not seem to be primarily about a specific company's financials or business actions."
24131341,Belgique eveques refusent lavortement devienne une intervention ordinaire 2018 06 19 1200948466,,,,23,Bharat Electronics Ltd,irrelevant,"The article discusses the Catholic Church's stance on abortion in Belgium, which does not seem to be related to a specific company's financials or business actions."
22161723,Reliance geo dhoom in telecom sector 159951,,,,1,Reliance Industries Ltd,irrelevant,"The article title mentions 'Reliance geo dhoom in telecom sector' but lacks specificity about financials, corporate actions, or other relevant events; it seems too vague and brief to determine if it's about a specific company action."
27595146,"Trump calls his former ally Mitch McConnell a 'dour, sullen, unsmiling political hack' in blistering statement",,,,16,ITC Ltd,irrelevant,"The article is about Trump's statement on Mitch McConnell, which is political analysis and not related to a specific company's financials or business actions."
27596489,Amnesty International Calls on the International Community to Respond to Events in Belarus,,,,23,Bharat Electronics Ltd,irrelevant,"The article is about Amnesty International's call to action regarding events in Belarus, which does not seem to be related to a specific company's financials or business actions."
20738521,Japans ohsumi awarded nobel medicine prize,,,,23,Bharat Electronics Ltd,irrelevant,"The article is about the Nobel Medicine Prize being awarded to a Japanese individual, not related to a specific company"
31334095,"El Nobel de Econom&#xED;a fue para Acemoglu, Johnson y Robinson",,,,23,Bharat Electronics Ltd,irrelevant,"The article is about the Nobel Prize in Economics being awarded to certain individuals, not related to a specific company"
18372301,Gb 25 110947731 1  hsv will knaebel nicht an den pranger stellen,,,,23,Bharat Electronics Ltd,irrelevant,"The article appears to be a German-language news snippet with an unclear topic, but no obvious connection to a specific company"
28753081,Belarusian trade minister hails digital technologies as fashionable trend in modern trade,,,,23,Bharat Electronics Ltd,irrelevant,"The article is about the Belarusian trade minister discussing digital technologies, but does not appear to be primarily about a specific company"
31332901,Notizie dalla zona di Montebello a Perugia,,,,23,Bharat Electronics Ltd,irrelevant,"The article appears to be a local news snippet from Italy, not related to a specific company"
27598601,Belgian Health Authorities Warn of Fake Russian Vaccines,,,,23,Bharat Electronics Ltd,irrelevant,"Article is about a warning issued by Belgian health authorities regarding fake Russian vaccines, but does not primarily concern a specific company's business or actions"
28751185,"Prajd info centar izlepljen nalepnicama grupe ""Belgrader Jugend""",,,,23,Bharat Electronics Ltd,irrelevant,"The title appears to be in a non-English language and seems to be about a local event or incident, not a material business news"
31331755,"Victor Ambros, Gary Ruvkun win Nobel Prize for medicine &#x2013; NBC Chicago",,,,23,Bharat Electronics Ltd,irrelevant,"The article is about the Nobel Prize winners in medicine, which does not directly relate to a specific company's business or stock performance"
24130772,Reliance jio signs 1 billion dollar loan for purchase from samsung s technology 47430,,,,1,Reliance Industries Ltd,relevant,Reliance Jio signing a $1 billion loan for purchases from Samsung Technology directly impacts Reliance Jio's business and financials
22163650,Workwave officially moves bell works its new home,,,,23,Bharat Electronics Ltd,relevant,"Workwave officially moving to a new home, Bell Works, could imply a corporate action such as relocation or restructuring"
22168555,Google is as close to a natural monopoly as the bell system was in 1956,,,,23,Bharat Electronics Ltd,irrelevant,"Article discusses Google in the context of natural monopolies, but is not primarily about Google's business or financials"
28757607,The Elias Law Firm threatens to sue a former MMFA staffer for violating his 'Transition Agreement and General Release' &#x2013; twitchy.com,,,,16,ITC Ltd,irrelevant,"Article is about a law firm and a former staffer, not related to a specific company's financials or business"
20738764,Fitch gibt rwe tochter innogy besseres rating als der mutter  7d505466 ab7a 4e81 a8ea ce3f122938c9 ds,,,,16,ITC Ltd,relevant,"Fitch rating change for RWE subsidiary innogy, indicating a financial or market development for the company"
31333864,Nobel de Medicina para Ambros y Ruvkun por el microARN,,,,23,Bharat Electronics Ltd,irrelevant,"Nobel Prize announcement in Medicine, not related to a specific company's financials or business"
18376805,Members of the entering college class of 2019 were mostly born in 1997 beloit college mindset list,,,,23,Bharat Electronics Ltd,irrelevant,"Article about college demographics, not related to a specific company's financials or business"
28753183,"Texas Rangers Ace Martin P&#xE9;rez Named AL Pitcher of Month - Sports Illustrated Texas Rangers News, Analysis and More",,,,16,ITC Ltd,irrelevant,"Article about a sports award, not related to a company's financials or business"
18375794,Water outage reported at cabell midland,,,,23,Bharat Electronics Ltd,irrelevant,"Local news about a water outage, not related to a company's financials or business"
20730478,Man and three teens arrested in belvidere for fight,,,,23,Bharat Electronics Ltd,irrelevant,"Local news about an arrest, not related to a company's financials or business"
28247285,"Nobel peace prize 2021 homage to freedom of expression and journalism, says DNS",,,,23,Bharat Electronics Ltd,irrelevant,"Article about the Nobel peace prize, not related to a company's financials or business"
20731148,Lindor stolen base taco bell,,,,23,Bharat Electronics Ltd,irrelevant,"Social media story about a sports player and a food brand, no business impact or official deal"
31331132,Azerbaijani and Belarusian military experts discuss engineering and technical support issues,,,,23,Bharat Electronics Ltd,irrelevant,"The article is about a discussion between Azerbaijani and Belarusian military experts, not primarily about a specific company."
28756878,"Cubs name OF Owen Caissie, RHP Luis Devers as Minor League Player and Pitcher of the Month",,,,16,ITC Ltd,irrelevant,"The article is about Minor League Player and Pitcher of the Month awards, not related to a specific company."
28246253,Nobel Prize 2021 In Literature: Who Is Abdulrazak Gurnah? The Nobel Laureate Refugee From Zanzibar Islands Tanzania,,,,23,Bharat Electronics Ltd,irrelevant,"The article is about the Nobel Prize in Literature, not related to a specific company."
27593553,"Belarus president not afraid of different opinions, open to discussion",,,,23,Bharat Electronics Ltd,irrelevant,"The article is about the Belarusian president's views on opinions and discussion, not related to a specific company."
24123869,The cult game flashback will be out tomorrow on nintendo switch,,,,16,ITC Ltd,irrelevant,"The article is about a game release on Nintendo Switch, not primarily about a specific company."
27598910,Hitchcock Center Executive Director Julie Johnson stepping down after nearly 20 years,,,,16,ITC Ltd,irrelevant,"Article about executive director stepping down from a non-profit organization, not related to a publicly traded company's financial news"
24127700,Gsa capital partners llp sells 50693 shares of abercrombie fitch co anf,,,,16,ITC Ltd,relevant,"GSA Capital Partners LLP sells shares of Abercrombie & Fitch Co, a material change in ownership"
18376785,Fitch releases report on pitt county nc 2015 08 18,,,,16,ITC Ltd,irrelevant,"Fitch report on Pitt County, NC, not related to a specific company's financial news"
20733930,Fitch affirms argentina at b outlook stable 2016 10 13,,,,16,ITC Ltd,irrelevant,"Fitch affirms Argentina's credit rating, not related to a specific company's financial news"
20732848,Nobel passa a bola a dylan,,,,23,Bharat Electronics Ltd,irrelevant,"Article about Bob Dylan winning the Nobel Prize, not related to a company's financial news"
20730576,Maruti suzuki q2 net profit jumps 60 at rs 2 398 crore maruti suzuki 116102700546 1,,,,11,Maruti Suzuki India Ltd,relevant,"Maruti Suzuki's Q2 net profit increase is a direct financial result, impacting the company's stock"
24121342,Potbelly strengthens leadership team to execute turnaround 2018 06 11,,,,23,Bharat Electronics Ltd,relevant,Potbelly's leadership team restructuring is a corporate action that may impact the company's strategy and stock
28752817,Lightning: Belkin k&#xFC;ndigt offizielles Zubeh&#xF6;r an,,,,23,Bharat Electronics Ltd,irrelevant,"Belkin announcing official accessories is a product-related news, but not material enough to impact the company's stock or financials directly"
22157505,Belmont county animal shelter receives 30000 donation,,,,23,Bharat Electronics Ltd,irrelevant,"A donation to an animal shelter is a non-material, individual incident that does not affect the company's financials or operations"
22159076,Severn trent joins warwick school pupils for earth day 1 7973944,,,,42,Trent Ltd,irrelevant,Severn Trent's participation in an Earth Day event with school pupils is a passing mention and does not have a material impact on the company's business or stock
28250301,"Russia Designates Bellingcat, More RFE/RL Journalists As 'Foreign Agents'",,,,23,Bharat Electronics Ltd,irrelevant,"Article is about Russia designating journalists as 'foreign agents', no company mentioned"
28250023,"Rebellion der Magier - Abenteuerfilm, Tele 5, 11.10.21, 04:00 Uhr - TV Programm",,,,23,Bharat Electronics Ltd,irrelevant,"TV program listing, no company mentioned"
31333451,S&#x103;pt&#x103;m&#xE2;na premiilor Nobel debuteaz&#x103; luni cu premiul pentru medicin&#x103;,,,,23,Bharat Electronics Ltd,irrelevant,"Nobel prize announcement, no company mentioned"
28755524,Belarus m&#x259;hk&#x259;m&#x259;si Azadl&#x131;q Radiosunun m&#xFC;xbirin&#x259; 6 il h&#x259;bs c&#x259;zas&#x131; k&#x259;sdi,,,,23,Bharat Electronics Ltd,irrelevant,"Article about Belarusian journalist sentenced to prison, no company mentioned"
20734483,Flag belarysi otpravlyaetsya v kosmos gosydarstvennij simvol strani beryot,,,,23,Bharat Electronics Ltd,irrelevant,"Article about Belarusian flag sent to space, no company mentioned"
28249345,Billionaire Ambani's Reliance Buys REC Solar for $771 Million,,,,1,Reliance Industries Ltd,relevant,Reliance buys REC Solar for $771 Million — direct acquisition announcement
28251017,"Printable Self-Laminating Labels Market Trends, Growth & Forecast Research Report Till 2026",,,,23,Bharat Electronics Ltd,irrelevant,Market research report on printable self-laminating labels — not company-specific news
18369406,Peringatan hut ri ke70 kabupaten beltim,,,,23,Bharat Electronics Ltd,irrelevant,"Unintelligible title, appears to be a regional event or celebration — not company-specific news"
27593383,Call to update Belarus' information policy,,,,23,Bharat Electronics Ltd,irrelevant,"Call to update Belarus' information policy — macro/policy discussion, not company-specific news"
20735313,212273 belgie bereikt dan toch akkoord over ceta,,,,23,Bharat Electronics Ltd,irrelevant,News about Belgium reaching an agreement on CETA — not company-specific news
18376501,Inside arts joan mitchell center opens australian photographer pays homage no jax frey,,,,16,ITC Ltd,irrelevant,The title does not mention a company and appears to be about an art center and a photographer
28755250,$1.20 Billion in Sales Expected for Hubbell Incorporated (NYSE:HUBB) This Quarter,,,,23,Bharat Electronics Ltd,relevant,"The title mentions sales expectations for Hubbell Incorporated, indicating a financial forecast"
31331176,"Han Kang, Nobel de Literatura 2024, rememora a Astrid Lindgren: ""Me ayud&#xF3; con preguntas sobre humanos, vida y muerte""",,,,23,Bharat Electronics Ltd,irrelevant,"The title appears to be about a literary award and an author's thoughts, with no mention of a company"
27594851,Kasasa Partners with NYDIG to Provide Bitcoin Wallet Capabilities to Community Financial Institutions,,,,16,ITC Ltd,relevant,"The title mentions a partnership between Kasasa and NYDIG to provide bitcoin wallet capabilities, indicating a business development"
24122682,Affitto solo a chi viene da triveneto e lombardia razzismo a trento 2026542,,,,42,Trent Ltd,irrelevant,"The title appears to be about a local real estate issue and allegations of racism, with no mention of a company"
31332863,Medizin-Nobelpreis an zwei US-amerikanische Gen-Forscher,,,,23,Bharat Electronics Ltd,irrelevant,"The article is about the Nobel Prize in Medicine awarded to two US genetic researchers, not primarily about a specific company"
28757294,"Trento, Data Confirmed the Success of the Festival",,,,42,Trent Ltd,irrelevant,"The article is about the success of a festival in Trento, not primarily about a specific company"
18369132,Reliance communications consolidated net profit rises 34 09 in the june 2015 quarter 115081500909 1,,,,1,Reliance Industries Ltd,relevant,"The article reports on Reliance Communications' financial performance, specifically a 34.09% rise in consolidated net profit"
27599198,Belarus plans to develop energy infrastructure,,,,23,Bharat Electronics Ltd,irrelevant,"The article is about Belarus' plans to develop its energy infrastructure, not primarily about a specific company"
28249258,Official says journalist's Nobel Prize not a slap on Duterte,,,,23,Bharat Electronics Ltd,irrelevant,"The article is about a journalist's Nobel Prize and its implications, not primarily about a specific company"
28761096,Qatar se concentra un mes en Marbella Football Center,,,,23,Bharat Electronics Ltd,irrelevant,"Article about Qatar's football center in Marbella, no clear business impact or financial relevance"
24125623,Mc biz slate belt industrial park 20180619 story,,,,23,Bharat Electronics Ltd,irrelevant,"Unclear or incomplete title, appears to be a local real estate or industrial park story, not primarily about a company"
28753694,"Stock market - Sensex rallies 566 points in early trade on buying in Reliance, IT stocks",,,,1,Reliance Industries Ltd,relevant,"Stock market update mentioning Reliance, indicating potential financial impact on the company"
24113636,Man killed in trenton drive by shooting,,,,42,Trent Ltd,irrelevant,"Local crime story, no clear connection to a company's business or financials"
20734283,Jpmorgan belaesst munich re auf neutral 1338458,,,,23,Bharat Electronics Ltd,relevant,"JPMorgan analyst action on Munich Re, indicating potential financial impact on the company"
24125243,National time release study workshop in belize,,,,23,Bharat Electronics Ltd,irrelevant,The title mentions a workshop in Belize but does not specify a company or business-related content
28759159,"Belivuk, vi&#x161;i sud potvrdio optu&#x17E;nicu",,,,23,Bharat Electronics Ltd,irrelevant,"The title appears to be about a legal case in Serbia, not related to a specific company's business or financials"
18368565,Belvidere superintendents last day 321928022,,,,23,Bharat Electronics Ltd,irrelevant,"The title seems to be about a local education-related event or personnel change, not material to a company's financials or operations"
22161141,Tihange 1 belgischer atomreaktor ist wieder am netz 26935874,,,,23,Bharat Electronics Ltd,irrelevant,"The title discusses a Belgian nuclear reactor's status, but does not directly relate to a company's financial performance, strategy, or material events"
31331643,Medizin-Nobelpreis geht an Entdecker der MicroRNA,,,,23,Bharat Electronics Ltd,irrelevant,"The title is about a scientific award, not directly related to a company's business, financials, or stock performance"
31331258,El Nobel de Qu&#xED;mica premi&#xF3; al dise&#xF1;o computacional de prote&#xED;nas y predicci&#xF3;n de su estructura,,,,23,Bharat Electronics Ltd,irrelevant,"The article is about the Nobel Prize in Chemistry, not specifically about a company"
22158885,Reliance comm loans said to be indicated at low to mid 70 cents,,,,1,Reliance Industries Ltd,relevant,"The article mentions Reliance and discusses comm loans, indicating a financial development related to the company"
28247790,Opinion | Maria Ressa's Nobel Prize is a huge blow to Facebook,,,,23,Bharat Electronics Ltd,irrelevant,"The article is an opinion piece about Maria Ressa's Nobel Prize and its implications for Facebook, but it's not primarily about Facebook's business"
18371885,Fitch affirms wyndhams idr at bbb  outlook stable 2015 08 18,,,,16,ITC Ltd,relevant,"The article mentions Fitch affirming Wyndham's IDR at BBB with a stable outlook, which is a credit rating action directly related to the company"
27593273,DOCUMENTAR: Fostul antrenor de gimnastic&#x103; Octavian Bellu &#xEE;mpline&#x15F;te 70 de ani (17 februarie),,,,23,Bharat Electronics Ltd,irrelevant,The article is a documentary about a former gymnastics coach and does not appear to be related to a company
20731337,Reliance picks 2 locations in mp for defence manufacturing 116102200911 1,,,,1,Reliance Industries Ltd,relevant,"Reliance announces locations for defence manufacturing, indicating a corporate action"
18372196,Bellicum pharmaceuticals provides operational update and reports financ,,,,23,Bharat Electronics Ltd,relevant,"Bellicum Pharmaceuticals provides operational update and financial reports, indicating a company-specific financial and operational development"
24122101,Prediksi inggris vs belgia perang harga diri,,,,23,Bharat Electronics Ltd,irrelevant,"Article appears to be a sports prediction or commentary, not related to a company's business or financials"
22166782,Belvedere neues direktionsduo stella rollig und wolfgang bergmann praesentiert leitlinien,,,,23,Bharat Electronics Ltd,relevant,"Belvedere announces new leadership duo and presents guidelines, indicating a corporate action and strategic development"
24117675,Hasil bakal pertama belgia vs panama piala dunia 2018 masih belum ada gol,,,,23,Bharat Electronics Ltd,irrelevant,"Article appears to be a sports report or commentary, not related to a company's business or financials"
24123956,Wipro ceo abidali neemuchwalas pay package up over 34 to r,,,,35,Wipro Ltd,relevant,Wipro CEO's pay package increase is a corporate-level financial development
28757223,Belarus Conducting Combat Readiness Exercises,,,,23,Bharat Electronics Ltd,irrelevant,Article about Belarus conducting combat readiness exercises is unrelated to a specific company's business
31331893,Tubelite Products Used All Across Belmont University Campus,,,,23,Bharat Electronics Ltd,irrelevant,Tubelite products being used at Belmont University is a passing mention and not a material business development
28246982,Oslo - Friedensnobelpreistr&#xE4;ger wird verk&#xFC;ndet,,,,23,Bharat Electronics Ltd,irrelevant,Announcement of the Friedensnobelpreisträger in Oslo is unrelated to a specific company's business
28755570,Billy Long: Mitch McConnell Tried to Get Me to Drop Out of Senate Race,,,,16,ITC Ltd,irrelevant,Article about a US Senate race is unrelated to a specific company's business
22168959,Eski selcuk universitesi rektoru gokbel hakim karsisinda  birkac kere sohbetlere gittim 709091,,,,23,Bharat Electronics Ltd,irrelevant,"The title appears to be a personal anecdote or statement in a foreign language, with no clear connection to a company's financial news or business information."
27598572,"""Storie di carnevale bellunese"": domani l'incontro online dell'Abm",,,,23,Bharat Electronics Ltd,irrelevant,"The title seems to be about a cultural event or meeting, with no obvious link to a company's financial performance, strategy, or material business news."
24115375,Quand l ue refuse que la belgique accelere la lutte anti tabac,,,,23,Bharat Electronics Ltd,irrelevant,"The title discusses a policy or regulatory issue related to the EU and Belgium's anti-tobacco laws, but does not specifically focus on a company's actions or financials."
28249100,Journalist Maria Ressa wins Philippines first Nobel Prize,,,,23,Bharat Electronics Ltd,irrelevant,"The title reports on a general news event (a journalist winning a Nobel Prize), with no clear connection to a specific company's business or financial news."
20739628,Fitch rates grand prairie texas water and wastewater rev bonds aaa outlook stable 2016 10 19,,,,16,ITC Ltd,relevant,"The title mentions a specific credit rating ('AAA') assigned by Fitch to Grand Prairie, Texas water and wastewater revenue bonds, which directly relates to financial markets and credit ratings."
28249576,Nobel de Qu&#xED;mica premia la nueva forma de construir mol&#xE9;culas | GDA &#x2013; Grupo de Diarios Am&#xE9;rica,,,,23,Bharat Electronics Ltd,irrelevant,"The article is about the Nobel Prize in Chemistry, with no mention of a specific company"
20736124,Reliance jio isn t a punt but a well engineered business mukesh ambani,,,,1,Reliance Industries Ltd,relevant,"The article is about Reliance Jio, a company, and its business strategy"
22157819,Lack access reproductive healthcare sudans rebel held,,,,23,Bharat Electronics Ltd,irrelevant,"The article is about a social issue in Sudan, with no mention of a specific company"
31331698,"SOUTH KOREA Han Kang, the first Asian woman to win the Nobel Prize in Literature",,,,23,Bharat Electronics Ltd,irrelevant,"The article is about a literary award, with no mention of a specific company"
27593859,Mitchells & Butlers Announces Variation To JV Agreements On Ego Restaurants,,,,16,ITC Ltd,relevant,"The article is about Mitchells & Butlers, a company, and its business agreement"
20731224,Bob dylan castigatorul surpriza al premiului nobel pentru literatura2016,,,,23,Bharat Electronics Ltd,irrelevant,"Article about Bob Dylan winning the Nobel Prize in Literature, no business or financial relevance"
27597264,AkzoNobel geeft cadeau aan aandeelhouders door voor 1 miljar...,,,,23,Bharat Electronics Ltd,relevant,"AkzoNobel announces a gift to shareholders, indicating a financial or corporate action"
28755402,Mitchell's Joe VanOverschelde chosen for national honor by demonstrating American spirit,,,,16,ITC Ltd,irrelevant,"Article about an individual (Joe VanOverschelde) receiving a national honor, no business or financial relevance"
31332796,microRNA: What is microRNA? All about Victor Ambros and Gary Ruvkun's discovery which won them Nobel Prize in Medicine 2024,,,,23,Bharat Electronics Ltd,irrelevant,"Article about the discovery of microRNA and the Nobel Prize in Medicine, no business or financial relevance"
18376635,Reliance airtel vodafone coming up with payments banks soon 115081901092 1,,,,1,Reliance Industries Ltd,relevant,"Article about Reliance, Airtel, and Vodafone planning to start payment banks, indicating a potential corporate action in the financial sector"
31333567,Le Nobel d'&#xE9;conomie d&#xE9;cern&#xE9; &#xE0; des recherches pour comprendre les prosp&#xE9;rit&#xE9;s des pays,,,,23,Bharat Electronics Ltd,irrelevant,"The article is about the Nobel Prize in Economics, not specifically about any company's performance or news"
18377123,Postulan al papa francisco para el premio nobel de la paz,,,,23,Bharat Electronics Ltd,irrelevant,"The article is about a nomination for the Nobel Peace Prize, not related to any company's news or performance"
24122399,Que es de la vida de mundial thierry henry el crack frances que es ayudante del dt de belgica,,,,23,Bharat Electronics Ltd,irrelevant,"The article is about the personal life of a sports figure, Thierry Henry, and not related to any company's news or performance"
20732698,Maruti suzuki q2 profit rises 60 pct beats 082428780  finance,,,,11,Maruti Suzuki India Ltd,relevant,"The article is about Maruti Suzuki's Q2 profit, a direct financial result, making it relevant to a portfolio manager"
22158671,Djordjevic u belorusiji o unapredjenju saradnje,,,,23,Bharat Electronics Ltd,irrelevant,"The article appears to be about a meeting or agreement between two parties, but does not mention a specific company or news that would be relevant to a portfolio manager"
22164452,Fitch disruptive trends may roil global auto industry,,,,16,ITC Ltd,irrelevant,"The article mentions the global auto industry, but does not specifically focus on a single company; it's a macro/industry piece"
28247535,Reliance New Energy Solar to acquire 40% stake in Sterling & Wilson Solar,,,,1,Reliance Industries Ltd,relevant,"Reliance New Energy Solar is acquiring a stake in Sterling & Wilson Solar, a corporate action directly impacting the company"
24124642,Campbell soup cpb rose to a 2 month high on reports of takeover interest,,,,23,Bharat Electronics Ltd,relevant,"Campbell Soup's stock rose due to reports of takeover interest, a material event directly affecting the company's stock price and potential strategy"
31333127,Aksi Tawuran Dua Kelompok Pemuda di Belawan Berujung Pengrusakan Rumah Warga,,,,23,Bharat Electronics Ltd,irrelevant,"The article appears to be about a local incident of violence and property damage, with no clear connection to a specific company's business or operations"
24130532,Cipla gets united states food and drug administration nod for generic hiv drug 2608261,,,,44,Cipla Ltd,relevant,"Cipla received FDA approval for a generic HIV drug, a regulatory action directly impacting the company's product offerings and business"
22166366,Brief titan international inc us tire facilities ratify new five year contract,,,,17,Titan Company Ltd,relevant,New five-year contract ratified for Titan International Inc's US tire facilities — corporate-level labor agreement
28251175,Bell reports 13 new COVID-19 deaths as toll reaches 653,,,,23,Bharat Electronics Ltd,irrelevant,"Bell reports COVID-19 deaths — article primarily about COVID-19 statistics, not company business"
20736160,Bob dylan finally accepts nobel prize says it left him speechless,,,,23,Bharat Electronics Ltd,irrelevant,"Bob Dylan accepts Nobel Prize — individual incident, not related to business news"
22171374,938901 teodorczyk krolem strzelcow w belgii,,,,23,Bharat Electronics Ltd,irrelevant,"Teodorczyk scores in Belgium — sports news, not related to business or company news"
28250846,Nobel Peace Prize for journalists serves as reminder that fr...,,,,23,Bharat Electronics Ltd,irrelevant,"Nobel Peace Prize for journalists — general news, not related to business or company news"
28751929,"Amid crypto bear market, institutional investors scoop up Bitcoin: CoinShares",,,,16,ITC Ltd,irrelevant,"The article is about institutional investors and their activity in the crypto market, not specifically about a company"
27597331,Witchery Academy will be coming to Nintendo Switch! news,,,,16,ITC Ltd,relevant,"The article announces a new game release for Nintendo Switch, which could impact Nintendo's business"
31333865,Cu&#xE1;ndo entregan el premio Nobel de la Paz 2024 y qui&#xE9;nes son los nominados a llevarse la distinci&#xF3;n,,,,23,Bharat Electronics Ltd,irrelevant,"The article is about the Nobel Peace Prize and its nominees, with no mention of a specific company"
28753984,"Seattle Mariners Release Pair of Minor League Pitchers - Sports Illustrated Seattle Mariners News, Analysis and More",,,,16,ITC Ltd,irrelevant,"The article is about the Seattle Mariners releasing minor league pitchers, which is a sports news story and not about a company in a financial sense"
28756919,Politique/Sant&#xE9;. Isabelle Balkany souffre d'un cancer du poumon,,,,23,Bharat Electronics Ltd,irrelevant,The article is about a person's health issue and not related to a company
20736626,Comissao aprova acordo de cooperacao juridica entre brasil e belgica,,,,23,Bharat Electronics Ltd,irrelevant,"Article about a legal cooperation agreement between Brazil and Belgium, not primarily about a specific company"
27594880,Great kitchen and bathroom installations,,,,16,ITC Ltd,irrelevant,"Promotional content for kitchen and bathroom installations, not a business news article about a specific company"
24127698,Fluence wins contract for wastewater to energy system in belgium,,,,23,Bharat Electronics Ltd,relevant,"Fluence wins a contract for a wastewater to energy system in Belgium, directly impacting the company's business"
24120649,Belorusskaya lyzhnitsa kaminskaya budet vystupat 1528782677,,,,23,Bharat Electronics Ltd,irrelevant,"Article appears to be about a Belarusian skier, not a business news article about a specific company"
18368670,Belorusskiy soyuz zhenshchin vozglavila marianna shchetkina,,,,23,Bharat Electronics Ltd,irrelevant,"Article about a Belarusian women's union leadership, not a business news article about a specific company"
27594602,Lukashenko: Belarus at turning point,,,,23,Bharat Electronics Ltd,irrelevant,"Article about Belarus politics, no clear business or financial impact"
24114757,"Agencja fitch potwierdzila rating polski na poziomie a  z,2573618,",,,,16,ITC Ltd,irrelevant,"Article about Poland's credit rating, but appears to be about the country, not a specific company"
20736753,Isabel maestre disena el catering the promise ob13748745,,,,23,Bharat Electronics Ltd,irrelevant,"Article about catering design, seems to be a personal or lifestyle topic"
27592851,Cathie Wood's ARK Invest now holds more than 7 million shares in the Grayscale Bitcoin Trust,,,,16,ITC Ltd,relevant,"Article about Cathie Wood's ARK Invest holdings in Grayscale Bitcoin Trust, directly related to investment and financial markets"
22160873,Familia colegio belgrano se movilizara para encontrar gala,,,,23,Bharat Electronics Ltd,irrelevant,"Article about a local event or missing person, no clear business or financial impact"
31333201,2024 Nobel Prize in Medicine honors 2 scientists for discovering mircoRNA-Xinhua,,,,23,Bharat Electronics Ltd,irrelevant,"The article is about the Nobel Prize in Medicine, which is not related to a specific company, but rather to scientists"
18367612,Panitch schwarze attorneys named to r1050591359,,,,16,ITC Ltd,irrelevant,"The article mentions attorneys being named, but does not appear to be about a specific company, and seems to be cut off"
31331678,Nobel per la Letteratura ad Han Kang,,,,23,Bharat Electronics Ltd,irrelevant,"The article is about the Nobel Prize in Literature, which is not related to a specific company"
22169983,Acertitude recruits chief revenue officer for indigo energy 300462852,,,,39,InterGlobe Aviation Ltd,irrelevant,"The article is about a person being recruited as a chief revenue officer, which seems to be about a job posting rather than company news"
20738008,Joy belle haas mulrooney lima township wi,,,,23,Bharat Electronics Ltd,irrelevant,"The article appears to be about a person, and does not seem to be related to a company"
28245815,"Jurnalis Filipina, Rusia menangi Hadiah Nobel Perdamaian",,,,23,Bharat Electronics Ltd,irrelevant,"The article is about a Nobel Peace Prize winner, not related to a specific company"
28249635,"Guido Imbens, former UCLA professor, wins Nobel Prize in economics",,,,23,Bharat Electronics Ltd,irrelevant,"The article is about a Nobel Prize in economics winner, not related to a specific company"
28246527,Abdulrazak Gurnah gek&#xFC;rt - Gewinner des Literaturnobelpreises: &#xAB;Ich dachte an einen Streich&#xBB;,,,,23,Bharat Electronics Ltd,irrelevant,"The article is about a Literature Nobel Prize winner, not related to a specific company"
28250584,Residents of Four Minsk Neighbourhoods March in Support of the Belarusian Workers' Union,,,,23,Bharat Electronics Ltd,irrelevant,"The article is about a political event, not related to a specific company"
20733378,Microsoft corp msft stake held by gabelli securities inc,,,,23,Bharat Electronics Ltd,irrelevant,"The article is about a stake held by a securities firm in Microsoft, but it does not primarily concern Microsoft's business or financials"
27593790,"School staff in Bellefonte, PV, BEA, CPI get vaccine | News, Sports, Jobs",,,,23,Bharat Electronics Ltd,irrelevant,"Article about school staff getting vaccinated, not related to a specific company's financial news"
28751815,"Over 52,000 visa-waiver tourists visit Belarus since 15 April",,,,23,Bharat Electronics Ltd,irrelevant,"Article about tourist visits to Belarus, not related to a specific company's financial news"
20738563,Bob dylan prix nobel qui concerne les geeks 10992,,,,23,Bharat Electronics Ltd,irrelevant,"Article about Bob Dylan and a Nobel Prize, not related to a specific company's financial news"
18374478,El papa francisco candidato al premio nobel de la paz 00520377,,,,23,Bharat Electronics Ltd,irrelevant,"Article about Pope Francis and a Nobel Peace Prize, not related to a specific company's financial news"
27597068,Belarus: Critics slam Lukashenko's alleged bid to introduce political reform,,,,23,Bharat Electronics Ltd,irrelevant,"Article about Belarus politics and potential reform, not related to a specific company's financial news"
31331806,Premio Nobel de Econom&#xED;a: cu&#xE1;ndo se entrega y qui&#xE9;nes son candidatos,,,,23,Bharat Electronics Ltd,irrelevant,"The article is about the Nobel Prize in Economics, with no specific company mentioned"
24130266,Isabelle adjani visee par une enquete preliminaire pour blanchiment de fraude fiscale,,,,23,Bharat Electronics Ltd,irrelevant,"The article is about a French actress being investigated for tax fraud, with no specific company mentioned"
28246278,Mitchell Center to host talk about fighting climate change,,,,16,ITC Ltd,irrelevant,"The article is about a talk on climate change, with no specific company mentioned"
18377177,Ngt ruling boosts dlf jp infra cipla eyeing kremers urban 18105999,,,,44,Cipla Ltd,relevant,"The article mentions Cipla, a specific company, in the context of a ruling and potential business impact"
18374970,298215 dina shavcova religioznie organizacii belarusi sviklis reshat problemi nepublichno,,,,23,Bharat Electronics Ltd,irrelevant,The article appears to be in a different language and does not clearly mention a specific company in a material context
28246666,Reliance | TCS | HUL: Market cap of 8 of top 10 most valued cos jump Rs 2.32 lakh crore; RIL top gainer,,,,1,Reliance Industries Ltd,irrelevant,"Article mentions Reliance, TCS, and HUL as part of a larger market trend, not specifically about any one company's business news"
18377744,La me bell year round 20150818 story,,,,23,Bharat Electronics Ltd,irrelevant,"Title appears to be garbled or incomplete, no clear relation to a specific company's news"
20731306,Bob dylan 2016 nobel prize for literature,,,,23,Bharat Electronics Ltd,irrelevant,"Article about Bob Dylan's Nobel Prize, no relation to business news or a specific company"
24129583,Insider selling abercrombie fitch co anf insider sells 28000 shares of stock,,,,16,ITC Ltd,relevant,"Insider selling shares of Abercrombie & Fitch Co., directly related to the company's stock and potential insider information"
31331414,"Classroom out into garden and kitchen, makes children learn life skills",,,,16,ITC Ltd,irrelevant,"Article about education and gardening, no relation to business news or a specific company"
27592648,Pedestrian hit in Belleville,,,,23,Bharat Electronics Ltd,irrelevant,"Local incident, single accident with no material impact on a company"
27595979,Little Guy Takes On The Bitcoin Goliath,,,,16,ITC Ltd,irrelevant,"Article about a person taking on a Bitcoin giant, not primarily about a company"
20737891,1593797 mid belarusi o skandale s reysom belavia u nas est rashifrovka peregovorov ekipaja im ugrojali boevoy aviatsiey,,,,23,Bharat Electronics Ltd,irrelevant,"Article in a foreign language, appears to be a news story about a specific incident, not primarily about a company"
28249427,Mengenal Dmitry Muratov Jurnalis dari Rusia Pemenang Hadiah Nobel Perdamaian 2021,,,,23,Bharat Electronics Ltd,irrelevant,"Biographical article about a Nobel Peace Prize winner, not related to a specific company"
24129716,Blockchain ziskal v cesku vyrazneho spojence technologii bitcoinu chce podporovat nove sdruzeni 1348039,,,,16,ITC Ltd,irrelevant,"Article about a new association supporting blockchain technology, not primarily about a specific company"
24115934,Belmonts new wellington neighborhood eatery promises everyday escape from everyday,,,,23,Bharat Electronics Ltd,irrelevant,"The article appears to be about a new restaurant in a neighborhood, not primarily about a company, and seems to be lifestyle/content-focused rather than business news"
28248646,"Apa Itu Organokatalisis, Teknik Bangun Molukel yang Menang Nobel Kimia 2021?",,,,23,Bharat Electronics Ltd,irrelevant,"The article seems to be about a scientific technique and does not appear to primarily concern a specific company, especially in a business context"
24122817,Ditanya apakah timnas belgia lebih baik dari man united romelu lukaku tertawa hingga gebrak meja,,,,23,Bharat Electronics Ltd,irrelevant,The article involves a sports figure and teams but does not seem to primarily concern business news or a specific company's actions or performance
28755203,Affordable housing along Atlanta BeltLine,,,,23,Bharat Electronics Ltd,irrelevant,The article appears to be about urban development or real estate in general and does not seem to focus on a specific company's business news or actions
28755776,"Rec center to provide martial arts classes for all ages | News, Sports, Jobs - SANIBEL-CAPTIVA",,,,23,Bharat Electronics Ltd,irrelevant,"The article seems to be about community services or local sports, not related to business news or a specific company's performance"
31333134,2024 y&#x131;l&#x131; Nobel T&#x131;p &#xD6;d&#xFC;lleri sahiplerini buldu,,,,23,Bharat Electronics Ltd,irrelevant,"The title appears to be about Nobel Prize winners in 2024, but does not mention a specific company."
28752050,Belgick&#xFD; kr&#xE1;&#x13E; je na n&#xE1;v&#x161;teve Konga,,,,23,Bharat Electronics Ltd,irrelevant,"The title seems to be about the King of Belgium visiting Congo, with no apparent connection to a specific company."
28752664,Russian Journalist Dmitry Muratov Auctioning Nobel Peace Prize Medal to Raise Money for Ukraine,,,,23,Bharat Electronics Ltd,irrelevant,"The title is about a Russian journalist auctioning their Nobel Peace Prize medal, which does not directly relate to a company's financial news or actions."
24119547,Business spotlight purple thistle kitchen amp co delivers high quality options for cooks and culinarians,,,,16,ITC Ltd,irrelevant,"The title mentions a business ('Purple Thistle Kitchen & Co'), but it appears to be a spotlight or feature rather than material news, and does not seem to impact the company's stock or financial situation directly."
22170913,Global pallet truck market 2017 still raymond corp hyster novel tek lokpal industries titan,,,,17,Titan Company Ltd,irrelevant,"The title discusses the global pallet truck market and lists several companies, but it does not focus on a single company's news or financials."
20737253,Belgiens aussenminister ceta einigung am donnerstag moeglich 1001483726,,,,23,Bharat Electronics Ltd,irrelevant,"Article about Belgian foreign minister and CETA agreement, no clear connection to a specific company's stock"
18372883,How monica abbott one softball best pitchers just continues get better,,,,16,ITC Ltd,irrelevant,"Article about softball player Monica Abbott, not related to a company's stock or business news"
28754340,"Sensex Rises 257 Points; Reliance Industries, Tata Consultancy Services, Infosys Surge",,,,1,Reliance Industries Ltd,relevant,"Stock market news mentioning specific companies (Reliance Industries, Tata Consultancy Services, Infosys) and their stock performance"
31330797,"Sanibel, Fort Myers Beach students at other schools after hurricane",,,,23,Bharat Electronics Ltd,irrelevant,"Article about students affected by a hurricane, not related to a company's stock or business news"
24128335,Scuola in trentino 985 mln di euro per il 2018 d7523547 42a0 41c1 8b4a 2d2006bd43fe,,,,42,Trent Ltd,irrelevant,"Article about a school in Trentino and its budget, not related to a company's stock or business news"
18377009,Fitch affirms duncaster inc ct at bbb  outlook stable 2015 08 18,,,,16,ITC Ltd,relevant,Fitch affirms Duncaster Inc's credit rating at BBB with stable outlook — direct credit rating action
24121264,Quel role a joue ing belgique dans les panama papers,,,,23,Bharat Electronics Ltd,irrelevant,"Article appears to be about ING Belgique's role in the Panama Papers, not primarily about the company's financials or operations"
24125674,Fitch us rates policy divergence keep pressure on emerging markets 118062200647 1,,,,16,ITC Ltd,irrelevant,"Article discusses Fitch's US rates policy and its impact on emerging markets, not specifically about a company's financials or operations"
27592819,"PowerGrid Q3 net rises 26% to &#x20B9;3,367 crore - The Hindu BusinessLine",,,,26,Power Grid Corporation of India Ltd,relevant,"PowerGrid's Q3 net profit rises 26% to ₹3,367 crore — direct financial result"
20731686,Swedish academy says up to dylan if he wants to come to receive nobel prize,,,,23,Bharat Electronics Ltd,irrelevant,"Article is about Bob Dylan and the Nobel Prize, not related to a company's financials or operations"
24118924,2480877 strasti po nobelu po ruskocecenski a de z mirotvorcist,,,,23,Bharat Electronics Ltd,irrelevant,The title appears to be in a non-English language and does not seem to be related to a specific company's news or financial information
24116956,Titan machinery titn earning somewhat favorable news coverage report shows,,,,17,Titan Company Ltd,relevant,"The title mentions Titan Machinery's earnings and news coverage, indicating a direct relation to the company's financial information"
27593314,"Belarusian commodity exchange reports record-high sales in seeds, crop protection agents",,,,23,Bharat Electronics Ltd,irrelevant,"The title reports on a Belarusian commodity exchange's sales, but does not specifically focus on a single company's news or financial information"
27592909,"Trento, da domani tamponi rapidi all'Interporto per i camionisti diretti al Brennero - Cronaca",,,,42,Trent Ltd,irrelevant,The title appears to be a local news article about COVID-19 testing for truck drivers and does not seem to be related to a specific company's news or financial information
24130071,397877 structural constraints holding back sukuk growth says fitch,,,,16,ITC Ltd,irrelevant,"The title mentions structural constraints holding back sukuk growth, according to Fitch, but does not specifically focus on a single company's news or financial information"
18380024,Fitch downgrades withdraws ratings distressed classes 16,,,,16,ITC Ltd,relevant,"Fitch downgrades ratings, which affects the company's credit rating and financial situation"
22165894,1495429692 bolshinstvo belorusov mezhdu soyuzom s es i rf vybirayut rossiyu,,,,23,Bharat Electronics Ltd,irrelevant,"Article appears to be about a survey or opinion poll in Belarus, with no clear connection to a specific company's financial situation or business news"
27593823,"Covid, follia a Belgrado: due mega-party in centro con 1.500 persone. Cinque arresti",,,,23,Bharat Electronics Ltd,irrelevant,"Article reports on a local incident (Covid-related party) in Belgrade, with no apparent connection to a specific company's financial situation or business news"
18377574,Taco bells incoming ceo weighs in on increasing competition in restaurant s,,,,23,Bharat Electronics Ltd,relevant,"Incoming CEO of Taco Bell discusses increasing competition, which is material to the company's strategy and financial outlook"
24120594,"Belgiens hoffnungstraeger anfuehrer kritiker grosserbruder hazard auf demzenit a 50,1,3609683926",,,,23,Bharat Electronics Ltd,irrelevant,"Article appears to be a political news piece about a Belgian leader, with no clear connection to a specific company's financial situation or business news"
20733508,110312 his majesty rewrites william pitcher history,,,,16,ITC Ltd,irrelevant,"The title appears to be about a historical event or a monarch, with no clear connection to a specific company or financial news"
20736542,Barclays belaesst bmw auf overweight ziel 99 euro 5961941,,,,23,Bharat Electronics Ltd,relevant,"The title mentions Barclays and BMW, with Barclays apparently upgrading BMW's stock rating, which is a financial news item"
28248613,Nobel de Econom&#xED;a para tres especialistas en &#xAB;experimentos naturales&#xBB;,,,,23,Bharat Electronics Ltd,irrelevant,"The title is about a Nobel Prize in Economics, which is not specifically related to a company or financial news"
18371791,Land gifted for new belcourt centre 1,,,,23,Bharat Electronics Ltd,irrelevant,"The title mentions a land gift for a new shopping center, but does not appear to be specifically about a company's financial news or actions"
24124437,Bellatrix exploration bxe hits new 12 month low at 1 28,,,,23,Bharat Electronics Ltd,relevant,"The title mentions Bellatrix Exploration (BXE) hitting a new 12-month low, which is a financial news item about a specific company's stock performance"
28250345,Il sindacato dei giornalisti del Trentino Alto Adige: vicini alla Cgil,,,,42,Trent Ltd,irrelevant,"Article appears to be about a local journalists' union in Italy, not a company of interest to investors"
18371047,Ct ptb froebel reunion st 0816 20150815 story,,,,23,Bharat Electronics Ltd,irrelevant,"Unintelligible title, likely a internal communication or meeting note, not a company announcement or news"
24114944,Titanic foundation welcome three new board members,,,,17,Titan Company Ltd,relevant,"Titanic foundation adds new board members, which could affect strategy and governance"
22167167,Severn trent boosts fy pretax profit turnover,,,,42,Trent Ltd,relevant,"Severn Trent reports increased pretax profit and turnover, a direct financial result"
18371072,Taco bell allowed to reopen after meth lab found inside 321995632,,,,23,Bharat Electronics Ltd,irrelevant,"Taco Bell location allowed to reopen after meth lab incident, individual/local incident not material to investors"
20736632,322014 sekti ili obschestvennie organizacii kto stoit za borboi za mir v belarusi chast ii,,,,23,Bharat Electronics Ltd,irrelevant,"The article title does not mention a specific company and appears to be about societal organizations in Belarus, which does not seem to have a direct business or financial impact on a particular company."
31334134,Nobel de Medicina 2024 vai para Victor Ambros e Gary Ruvkun pela descoberta dos microRNAs,,,,23,Bharat Electronics Ltd,irrelevant,"The article is about the Nobel Prize in Medicine being awarded to individuals for the discovery of microRNAs, which does not directly relate to a specific company's business or financials."
31333231,Nobel Prize in medicine awarded to two Americans with Mass. ties for discovery of microRNA,,,,23,Bharat Electronics Ltd,irrelevant,"Similar to the previous article, this one also discusses the Nobel Prize in Medicine and does not directly pertain to a company's financials or business operations."
18375337,Fitch rates cnh equipment trust 2015 c,,,,16,ITC Ltd,relevant,"The article mentions a specific credit rating by Fitch for 'cnh equipment trust 2015 c', which implies a direct financial action related to a company's financial instruments or debt."
31333002,Whitchurch Young Farmers record breaking year,,,,16,ITC Ltd,irrelevant,The article about Whitchurch Young Farmers having a record-breaking year seems to pertain to a local or individual achievement rather than a company's financial or business performance.
31331484,Premiul Nobel pentru Literatur&#x103; a fost c&#xE2;&#x15F;tigat de scriitoarea sud-coreean&#x103; Han&#xA0;Kang,,,,23,Bharat Electronics Ltd,irrelevant,"The article is about the Nobel Prize in Literature being awarded to a South Korean writer, with no mention of a specific company"
24125094,13664 belinda y eugenia leon en el cierre de campana de amlo en el azteca,,,,23,Bharat Electronics Ltd,irrelevant,"The article appears to be about a local event or news in Spanish, with no clear connection to a specific company"
31330572,"St James's Place, Rentokil and AJ Bell: Thursday's day ahead",,,,23,Bharat Electronics Ltd,relevant,"The article mentions specific companies (St James's Place, Rentokil, and AJ Bell) in the context of the day ahead, likely discussing their stock performance or market outlook"
20736857,News wipro gets to cloud with 500million us firm acquisition 1023 2786434,,,,35,Wipro Ltd,relevant,"The article is about Wipro's acquisition of a US firm, which is a corporate action that could impact the company's stock"
28757399,"En Belgique et en Europe, la climatisation remplace petit &#xE0; petit le chauffage - Politique Economique",,,,23,Bharat Electronics Ltd,irrelevant,"The article is a general discussion about the shift from heating to air conditioning in Europe, without mentioning a specific company"
31331520,Era ricercato da una settimana: 58 enne pluripregiudicato rumeno arrestato dalla Polfer alla stazione di Trento,,,,42,Trent Ltd,irrelevant,"Article about an individual arrest, not related to a company's financial news"
18375687,Water outage reported at cabell midland high school 321658022,,,,23,Bharat Electronics Ltd,irrelevant,"Report of a water outage at a school, not related to a company's financial news"
20738205,S p global belaesst fresenius se auf hold ziel 72 euro 7978077,,,,23,Bharat Electronics Ltd,relevant,"S&P Global rates Fresenius SE 'hold' with a target price, directly impacting stock performance"
28252374,"Belarus, Oman focus on political, trade and economic liaisons",,,,23,Bharat Electronics Ltd,irrelevant,"Article about international relations and diplomacy, not related to a specific company's financial news"
18374662,Mon mark stmf stocks in news cipla mindtree eicher motors vedanta limited 5086777 nor,,,,44,Cipla Ltd,irrelevant,"List of stocks in news, but not providing material information about a specific company's financial performance or actions"
28250769,Nobel Peace Prize: Live Updates - The New York Times,,,,23,Bharat Electronics Ltd,irrelevant,"The article is about the Nobel Peace Prize, with no mention of a specific company"
27594565,Parties in Belarus need to re-register in H1,,,,23,Bharat Electronics Ltd,irrelevant,"The article is about political parties in Belarus, with no mention of a specific company"
24115730,Pre market movers stitch fix shoots higher in pre market but lam research corp lags 198532,,,,16,ITC Ltd,relevant,"The article mentions specific stock movements of Stitch Fix and Lam Research Corp, indicating a potential impact on a portfolio"
31331677,Italia-Belgio LIVE la diretta della partita di Nations League,,,,23,Bharat Electronics Ltd,irrelevant,"The article is about a live sports update, with no mention of a specific company"
22169381,Dale q va anticipa su debut de manana en sociedad belgrano 184224,,,,23,Bharat Electronics Ltd,irrelevant,"The article appears to be about a sports event or a celebrity, with no clear connection to a specific company's stock or business"
24123858,26272 uns iom and belgium collaborate to reduce costs of international money transfers,,,,23,Bharat Electronics Ltd,irrelevant,"The article mentions a collaboration to reduce costs of international money transfers, but it does not appear to be primarily about a specific company's financials or business actions."
31331424,2024 Nobel Prize in chemistry awarded to scientists who revealed a 'completely new world of protein structures',,,,23,Bharat Electronics Ltd,irrelevant,The article is about the Nobel Prize in chemistry and does not mention a specific company.
20735997,Goshen police officers to visit beloit historical society oct 25,,,,23,Bharat Electronics Ltd,irrelevant,"The article is about a local event involving police officers visiting a historical society, and does not appear to be related to a company's business or financials."
22160191,Reliance infrastructure,,,,1,Reliance Industries Ltd,relevant,"The article title appears to be about Reliance Infrastructure, which suggests it could be primarily about the company's financials, business actions, or market performance."
28246423,Prix Nobel de litt&#xE9;rature &#x2013; L'outsider tanzanien Abdulrazak Gurnah triomphe &#xE0; Stockholm,,,,23,Bharat Electronics Ltd,irrelevant,The article is about the Nobel Prize in literature and does not mention a specific company.
22167772,Schulte roth zabel hosts seminar shareholder activism in the uk 2017 05 24,,,,23,Bharat Electronics Ltd,irrelevant,"The article is about a seminar hosted by Schulte Roth Zabel on shareholder activism in the UK, but it does not appear to be primarily about a specific company, and the title does not mention any company stock or financials"
22162600,Dem bitcoin droht die blase,,,,16,ITC Ltd,irrelevant,"The article appears to be a general discussion about a potential bubble in Bitcoin, not specifically about a company"
28246524,Belarus Launches New Criminal Case Against Independent Tut.by Journalists,,,,23,Bharat Electronics Ltd,irrelevant,"The article is about a criminal case against independent journalists, not related to a specific company's stock or financials"
28755015,Dubuque restaurant plans benefit for Bellevue child facing medical concerns,,,,23,Bharat Electronics Ltd,irrelevant,"The article is about a local restaurant's charity event, not related to a specific company's stock or financials"
27596018,Vote for your favourite kitchen: People's Choice Awards are open,,,,16,ITC Ltd,irrelevant,"The article is about a People's Choice Awards for a kitchen, likely a consumer-focused article rather than a company financial news"
24127726,Infosys ltd gains for a fifth straight session 118062600409 1,,,,10,Infosys Ltd,relevant,Infosys Ltd gains for a fifth straight session — stock price movement with a business implication
18372935,Bella rosa dance academy,,,,23,Bharat Electronics Ltd,irrelevant,Bella rosa dance academy — unrelated to business or financial news
28247917,Il comitato del Nobel per la letteratura spiega perch&#xE9; &#xE8; quasi sempre cos&#xEC;  fuori tempo  con i premi,,,,23,Bharat Electronics Ltd,irrelevant,Nobel Literature Committee explains timing of awards — not related to a specific company
27597766,Arrestan a un negacionista en Marbella por morder a un polic&#xED;a,,,,23,Bharat Electronics Ltd,irrelevant,"Arrest of a denialist in Marbella for biting a police officer — individual incident, not business-related"
20736624,Atentados terroristas costaron 352 millones de dolares a belgica,,,,23,Bharat Electronics Ltd,irrelevant,"Terrorist attacks cost Belgium $352 million — macroeconomic impact, not company-specific"
20736609,Fitch affirms albemarle county va idr aaa,,,,16,ITC Ltd,irrelevant,"The article is about Fitch affirming a credit rating for Albemarle County, VA, not a company-specific action directly impacting a stock."
24113766,Is reliance jio already the second largest telecom firm,,,,1,Reliance Industries Ltd,relevant,"The article questions if Reliance Jio is already the second largest telecom firm, directly discussing the company's market position."
24121876,Nokia signs on wipro for digital transformation of supply chain 2590735,,,,35,Wipro Ltd,relevant,"Nokia signs Wipro for digital transformation of its supply chain, which is a company-specific action related to operations and strategy."
22158804,Fitch islamic banking a modest deposit stimulus in morocco,,,,16,ITC Ltd,irrelevant,"The article discusses Fitch's analysis on Islamic banking in Morocco, not specifically about a company's performance or action."
28757836,Belgijski ambasador za ja&#x10D;anje saradnje sa institutom Vin&#x10D;a,,,,23,Bharat Electronics Ltd,irrelevant,"The title appears to discuss a diplomatic relationship and does not directly relate to a company's financials, strategy, or market action."
28247885,GDP forecast: Fitch cuts India's FY22 GDP growth forecast to 8.7%,,,,16,ITC Ltd,irrelevant,"GDP forecast article mentioning India's growth, but not primarily about a specific company"
20731659,Reliance identifies two locations for defence manufacturing in mp,,,,1,Reliance Industries Ltd,relevant,"Reliance identifies locations for defence manufacturing, a corporate action"
18376155,Fitch affirms office depot de mexicos idrs at bb outlook stable 2015 08 13,,,,16,ITC Ltd,relevant,"Fitch affirms Office Depot de Mexico's IDR, a credit rating action on the company"
31332990,US scientists Ambros and Ruvkun win Nobel prize for medicine,,,,23,Bharat Electronics Ltd,irrelevant,"Nobel prize article, not related to a specific company's business or financials"
22165595,Belgischer reaktor doel 3 abgestellt article3563925,,,,23,Bharat Electronics Ltd,irrelevant,"Article about a Belgian reactor, no clear connection to a specific company's financials or business"
31331483,"Nobel de Literatura reconoce la ""intensa"" prosa po&#xE9;tica de surcoreana Han Kang &#x2013; Correo del Caron&#xED;",,,,23,Bharat Electronics Ltd,irrelevant,"The article is about the Nobel Prize in Literature being awarded to Han Kang, with no mention of a specific company."
31331645,"El Premio Nobel de Medicina fue para&#xA0; Victor Ambros y Gary Ruvkun, por su hallazgo del microARN &#x2013; CHACODIAPORDIA.COM",,,,23,Bharat Electronics Ltd,irrelevant,"The article is about the Nobel Prize in Medicine being awarded to Victor Ambros and Gary Ruvkun, with no mention of a specific company."
22159474,Article gitanjali gems titan company ranked among worlds top 50 luxury goods firms 1696336,,,,17,Titan Company Ltd,relevant,"The article mentions that Gitanjali Gems/Titan Company is ranked among the world's top 50 luxury goods firms, which is a material business news."
31331846,Nobelpreis 2024 - Der Medizin-Nobelpreis geht an Victor Ambros und Gary Ruvkun,,,,23,Bharat Electronics Ltd,irrelevant,"The article is about the Nobel Prize in Medicine being awarded to Victor Ambros and Gary Ruvkun, with no mention of a specific company."
22162666,America movil sab de cv amx shares sold by gabelli funds llc,,,,23,Bharat Electronics Ltd,relevant,"The article mentions that Gabelli Funds LLC sold shares of America Movil SAB de CV (AMX), which is a material financial news."
28757654,Wandelen door de wereld van kunstenaars en de geschilderde landschappen in Museum Belv&#xE9;d&#xE8;re bij Heerenveen | Visualia 1399,,,,23,Bharat Electronics Ltd,irrelevant,The article appears to be about a museum exhibit and does not mention any company-specific news or financial information
31331649,Schon wieder RNA! Medizinnobelpreis geht an zwei US-Forscher,,,,23,Bharat Electronics Ltd,irrelevant,"The article is about the Nobel Prize in Medicine and does not specifically mention a company, only mentioning RNA in a general context"
28247466,AC Hotel Bella Sky re-opens in the safe hands of Copenhagen,,,,23,Bharat Electronics Ltd,irrelevant,"The article is about a hotel re-opening, but does not provide any company-specific financial information or news"
31332031,"Victor Ambros, Gary Ruvkun win Nobel Prize in medicine",,,,23,Bharat Electronics Ltd,irrelevant,"The article is about the Nobel Prize winners and does not specifically mention a company, only mentioning the prize winners"
28755879,Rebelscum.com: Timeline Breakdown - Lars Homestead,,,,23,Bharat Electronics Ltd,irrelevant,The article appears to be a fan site or blog post and does not mention any company-specific news or financial information
28758293,"EU adopts sixth package of sanctions on Russia, Belarus",,,,23,Bharat Electronics Ltd,irrelevant,"The article is about EU sanctions on Russia and Belarus, not specifically about a company"
22160642,Grasim industries slips after q4 earnings 117051900696 1,,,,38,Grasim Industries Ltd,relevant,Grasim Industries' stock price movement after Q4 earnings report
18379081,Fitch withdraws ratings judson independent school district,,,,16,ITC Ltd,irrelevant,"The article is about Fitch withdrawing ratings for Judson Independent School District, not a company"
31330749,Mukesh Ambani's Reliance Industries Shares In Focus Tomorrow: Here's Why,,,,1,Reliance Industries Ltd,relevant,"Reliance Industries shares are in focus, likely due to company-specific news or events"
31333161,El Nobel de Medicina fue para Victor Ambros y Gary Ruvkun por el micro-ARN y su papel en la regulaci&#xF3;n g&#xE9;nica,,,,23,Bharat Electronics Ltd,irrelevant,"The article is about a Nobel Prize in Medicine, not related to a company"
20738638,Man burned in bellingham hash oil lab explosion,,,,23,Bharat Electronics Ltd,irrelevant,"Local incident, not related to a company's business or financials"
22162250,Belgischer reaktor tihange 1 wieder am netz article3560591,,,,23,Bharat Electronics Ltd,irrelevant,"Article about a reactor in Belgium, but no company is specifically mentioned or impacted"
28752950,"Belgia Dipermalukan Belanda, Roberto Martinez: Itu yang Dibutuhkan Tim",,,,23,Bharat Electronics Ltd,irrelevant,"Sports news about a soccer team, not related to a company's business or financials"
31334124,Nobel de Medicina para Ambros y Ruvkun por el microARN y su papel en regulaci&#xF3;n g&#xE9;nica | Ciencia y Tecnolog&#xED;a,,,,23,Bharat Electronics Ltd,irrelevant,"Scientific news about a Nobel Prize, not related to a company's business or financials"
22164551,"Haliliye belediyesi gazi ve sehit yakinlarini canakkaleye goturdu(17,n,12605073,961)",,,,23,Bharat Electronics Ltd,irrelevant,"Local news about a municipality, not related to a company's business or financials"
28248500,"Crude Oil - Weekly Wrap - Oct 9, 2021 - Mr. Sriram Iyer, Senior Research Analyst at Reliance Securities",,,,1,Reliance Industries Ltd,irrelevant,"Weekly wrap on crude oil, not primarily about a specific company"
18376615,34709873 goodfellow inc and groupe lebel cambium groupe lebel inc and lebel cambium inc announces the signing of a letter of intent to create a pressure t 256,,,,23,Bharat Electronics Ltd,relevant,Goodfellow Inc. and Groupe Lebel announce letter of intent for a business partnership
18375673,Ilan heredia rocio calderon belaunde lossio noticia 827677,,,,23,Bharat Electronics Ltd,irrelevant,No clear company mentioned or business news
22167337,91400 shares in campbell soup company cpb acquired by quantitative investment management llc,,,,23,Bharat Electronics Ltd,relevant,Quantitative Investment Management LLC acquires shares in Campbell Soup Company
18371803,Bitcoin xt bitcoin fork cryptocurrency bitcoin,,,,16,ITC Ltd,irrelevant,"General information about Bitcoin, not primarily about a specific company"
28249675,Reliance Industries Acquires 40 pc Stake in Sterling and Wilson after REC Deal,,,,1,Reliance Industries Ltd,relevant,"Reliance Industries acquires a stake in Sterling and Wilson, a corporate action"
28247089,Celebrata oggi a Trento la 71esima&#xA0;Giornata Nazionale per le Vittime del Lavoro,,,,42,Trent Ltd,irrelevant,"Article about National Day for Work Victims in Trento, no business relevance"
18378429,Paint industry to be impacted if rupee continues to depreciate akzo nobel 115081401714 1,,,,23,Bharat Electronics Ltd,irrelevant,"Article discusses the paint industry in general, mentioning Akzo Nobel in passing"
20736495,Fitch affirms king city union school district,,,,16,ITC Ltd,irrelevant,"Fitch affirms rating for King City Union School District, not a company"
24126435,Dries mertens masuk buku sejarah timnas belgia setelah bobol gawang panama,,,,23,Bharat Electronics Ltd,irrelevant,"Article about a soccer player, not related to business or financial news"
28248423,Prediksi Line-up Italia vs Belgia UEFA Nations League: Misi Revans Setan Merah Tanpa Lukaku & Hazard,,,,23,Bharat Electronics Ltd,irrelevant,Article is about a sports match prediction and does not mention any company
31333036,Myntra BFF Brand Of The Day: Discover Limited Period Deals From OnePlus And Maybelline Today,,,,23,Bharat Electronics Ltd,irrelevant,Article is about a shopping deal and does not provide material business news about the mentioned companies
28759424,Afreximbank supports Titan Trust Bank with $300m intra-African investment finance facility,,,,17,Titan Company Ltd,relevant,"Article announces a $300m investment finance facility provided by Afreximbank to Titan Trust Bank, which is a material financial development"
20740062,Twitter konto von belgiens aussenminister mit wuestem anti kanada tweet,,,,23,Bharat Electronics Ltd,irrelevant,Article is about a personal social media post by a government official and does not provide material business news
22168341,Rebel wilson says magazine lies nearly ruined career,,,,23,Bharat Electronics Ltd,irrelevant,Article is about a celebrity's personal issue and does not provide material business news about a company
20732117,Fitch affirms sprints idr outlook stable,,,,16,ITC Ltd,relevant,Fitch affirms Sprint's IDR with stable outlook — credit rating action directly affecting Sprint
22165182,Severn trent buoyant in face of labour s manifesto plans a3546061,,,,42,Trent Ltd,relevant,Severn Trent responds to Labour's manifesto plans — company-specific reaction to regulatory/political development
18377752,85632 campbellton man steve levesque charged in the murder of denis leblanc,,,,23,Bharat Electronics Ltd,irrelevant,Local murder charge unrelated to business or financial news
27599186,New program for homeless in Downtown Belleville,,,,23,Bharat Electronics Ltd,irrelevant,Community program for homeless in Downtown Belleville — not related to business or financial news
27592680,Belgium renews support for landmine clearance in Angola - Angola,,,,23,Bharat Electronics Ltd,irrelevant,Belgium's support for landmine clearance in Angola — unrelated to business or financial news
18373679,Bill belichick modeled promote his foundation,,,,23,Bharat Electronics Ltd,irrelevant,"Article about Bill Belichick's foundation, not primarily about a company"
27593416,"Lukashenko: Relations with EU are important for Belarus, but Russia remains main strategic ally",,,,23,Bharat Electronics Ltd,irrelevant,"Article about Belarus and Russia relations, no company mentioned"
31333055,Medizin-Nobelpreis f&#xFC;r RNA-Forscher Ambros und Ruvkun,,,,23,Bharat Electronics Ltd,irrelevant,"Article about Nobel Prize in Medicine, no company mentioned"
28245946,"Sheriff's Department gives 3 soldiers, Belton officer life saving award | News",,,,23,Bharat Electronics Ltd,irrelevant,"Article about a life-saving award, no company mentioned"
20730851,Ceta un accord entre parties belges a ete trouve 421751,,,,23,Bharat Electronics Ltd,irrelevant,"Article about CETA agreement in Belgium, no specific company mentioned"
22158147,Campbell soup co cpb has fallen to a 6 month low after q3 report,,,,23,Bharat Electronics Ltd,relevant,"Campbell Soup Co. (CPB) stock price has fallen to a 6-month low after Q3 report, directly affecting investors"
31330452,Cient&#xED;ficos ganan el Nobel de Qu&#xED;mica 2024 por descifrar prote&#xED;nas con inteligencia artificial,,,,23,Bharat Electronics Ltd,irrelevant,"Nobel Prize in Chemistry 2024 winners announced, no connection to a specific company"
27594563,Lukashenko: No political prisoners in Belarus,,,,23,Bharat Electronics Ltd,irrelevant,"Lukashenko denies political prisoners in Belarus, not related to business or stock market news"
20737093,Belgium summons russian ambassador over deadly airstrike near aleppo 895196,,,,23,Bharat Electronics Ltd,irrelevant,"Belgium summons Russian ambassador over airstrike, not related to business or stock market news"
24125909,Soap brand santoor brightens wipro s rs 8 6 billion lighting business 118062300774 1,,,,35,Wipro Ltd,relevant,"Wipro's lighting business boosted by Santoor soap brand, indicating a business development for Wipro"
28250951,Nobel Bar&#x131;&#x15F; &#xD6;d&#xFC;l&#xFC; gazeteci Maria Ressa ve Dmitry Muratov'a verildi,,,,23,Bharat Electronics Ltd,irrelevant,"The article is about the Nobel Peace Prize being awarded to journalists Maria Ressa and Dmitry Muratov, with no mention of a specific company that would require a portfolio manager to read it."
20740101,Ssha prodlili priostanovlenie sanktsiy protiv 9 belorusskih kompaniy 4285,,,,23,Bharat Electronics Ltd,irrelevant,"The article mentions the suspension of sanctions against 9 Belarusian companies, but does not focus on one specific company that would be directly relevant to a portfolio manager."
31333915,"Wedge Capital Management L L P NC Acquires 97,893 Shares of Abercrombie & Fitch Co. (NYSE:ANF)",,,,16,ITC Ltd,relevant,"The article specifically mentions Abercrombie & Fitch Co. (NYSE:ANF) and details a significant acquisition of its shares by Wedge Capital Management L L P NC, which could impact the stock price."
28755956,Combat readiness drills in progress in Belarusian army,,,,23,Bharat Electronics Ltd,irrelevant,"The article discusses military drills in the Belarusian army, which is a geopolitical event and not specifically about a company's performance or actions."
22161555,Fitch cites risks to ph growth,,,,16,ITC Ltd,relevant,"The article mentions Fitch citing risks to a company's (implied to be the subject of the analysis) growth, which directly pertains to the company's financials and market performance."
18368285,Bob bambauer named senior vice president sunbelt,,,,23,Bharat Electronics Ltd,relevant,"Bob Bambauer named senior vice president at Sunbelt, indicating a corporate-level appointment"
27597138,Regal Beloit: 4Q Earnings Snapshot,,,,23,Bharat Electronics Ltd,relevant,"Regal Beloit reports 4Q earnings, directly impacting the company's financials"
18372253,Fitch downgrade s t rating el paso tx,,,,16,ITC Ltd,irrelevant,"Fitch downgrades rating for El Paso, TX, which is a municipal or geographic rating, not directly related to a specific company's stock or business operations"
18376952,Eurogentec egt belgium appoints mobitec gmbh as distributor for germany,,,,23,Bharat Electronics Ltd,relevant,"Eurogentec appoints Mobitec GmbH as distributor for Germany, indicating a significant partnership or corporate action"
27594522,First-Of-Its-Kind Taco Bell Might be Coming to Minnesota,,,,23,Bharat Electronics Ltd,irrelevant,"Article about a potential new Taco Bell location is speculative and pertains to a single restaurant opening, not material business news"
28753943,"Rifugi trentini aperti in anticipo, &#xE8; subito un&#xA0;boom di richieste dall'Italia e dall'estero - Cronaca",,,,42,Trent Ltd,irrelevant,"The article appears to be about refugee shelters in Trento, Italy, and does not seem to be primarily about a specific company."
20736630,Ceta un accord entre parties belges a ete trouve 319115,,,,23,Bharat Electronics Ltd,irrelevant,"The article title mentions 'Ceta' and 'belges', which could refer to a trade agreement or a Belgian context, but it does not clearly relate to a specific company."
28246876,Nobel Prize 2021: &#x92A;&#x924;&#x94D;&#x930;&#x915;&#x93E;&#x930; &#x92E;&#x93E;&#x930;&#x93F;&#x92F;&#x93E; &#x930;&#x947;&#x938;&#x93E; &#x906;&#x923;&#x93F; &#x926;&#x93E;&#x92E;&#x93F;&#x924;&#x94D;&#x930;&#x940; &#x92E;&#x941;&#x930;&#x93E;&#x924;&#x94B;&#x935;&#x94D;&#x939; &#x92F;&#x93E;&#x902;&#x928;&#x93E; &#x936;&#x93E;&#x902;&#x924;&#x924;&#x947;&#x91A;&#x93E; &#x928;&#x94B;&#x92C;&#x,,,,23,Bharat Electronics Ltd,irrelevant,The article appears to be about the Nobel Prize and does not seem to be primarily about a specific company.
27592942,Dunkirk nonprofit plans new housing development for Fruit Belt neighborhood,,,,23,Bharat Electronics Ltd,irrelevant,"The article is about a nonprofit planning a housing development in a specific neighborhood, which does not seem to be primarily about a specific company."
31330592,A pair of DeepMind researchers have won the 2024 Nobel Prize in Chemistry,,,,23,Bharat Electronics Ltd,irrelevant,"The article is about researchers winning a Nobel Prize, which does not seem to be primarily about a specific company."
28756103,"Tony Evers, Gretchen Whitmer, Mitch McConnell Reportedly on Hit List of Suspect in Death of Wisconsin Judge",,,,16,ITC Ltd,irrelevant,"Article about a suspect's hit list, not related to a specific company's business or financials"
18368059,"Benguela ministro defesa inaugura academia forca aerea nacional catumbela,c31ff2c4 8b87 4f48 bc54 e7ddf766fd94",,,,23,Bharat Electronics Ltd,irrelevant,Article appears to be in a different language and is not related to a specific company's business or financials
27596640,American Rebel Fills Opening Order from Dunham's Sports Chain with over 240 locations across the Midwest and Southeastern US - Press Release,,,,23,Bharat Electronics Ltd,relevant,"American Rebel fills opening order from Dunham's Sports Chain, indicating a business partnership or sales deal"
28758196,Taco Bell's Futuristic Drive-Thru Restaurant Uses Tiny Elevators to Deliver Your Meal,,,,23,Bharat Electronics Ltd,irrelevant,"Taco Bell's futuristic drive-thru restaurant is a product innovation, but the article is more focused on the technology than the company's business or financial impact"
28751737,"Lions hand out annual awards to members | News, Sports, Jobs - SANIBEL-CAPTIVA - Island Reporter, Islander and Current",,,,23,Bharat Electronics Ltd,irrelevant,"Article about sports awards, not related to a specific company's business or financials"
28759729,Amazon sends notice to Future Group promoters to stop transaction with Reliance,,,,1,Reliance Industries Ltd,relevant,Amazon takes action against Future Group promoters — corporate-level action with business impact
18378168,Bellefontaine ohio mom confess,,,,23,Bharat Electronics Ltd,irrelevant,"Unrelated individual incident, no business impact on a company"
31332814,SiTime (NASDAQ:SITM) and TranSwitch (OTCMKTS:TXCCQ) Critical Review,,,,16,ITC Ltd,irrelevant,"Article compares SiTime and TranSwitch, but is not primarily about either company's business or financials"
20734390,Annual bell ringing event kicks off national hospice month,,,,23,Bharat Electronics Ltd,irrelevant,"Charity event announcement, no business impact or company news"
22170304,Accusee de racisme miss belgique voit sa victime lui reclamer 20 000 euros 2052531,,,,23,Bharat Electronics Ltd,irrelevant,"Individual incident, no business impact on a company"
22170699,1 7m bellport home listed by hollywood set designer partner 1,,,,23,Bharat Electronics Ltd,irrelevant,"Listing of a home by a Hollywood set designer, no business news or company relevance"
22170989,Hanesbrands inc hbi stake maintained by gabelli funds llc,,,,23,Bharat Electronics Ltd,relevant,"Hanesbrands Inc (HBI) stake maintained by Gabelli Funds LLC, financial holding update"
31331104,Tesla Transfers $765 Million in Bitcoin to Unknown Wallets For Reasons Unknown,,,,16,ITC Ltd,relevant,"Tesla transfers $765M in Bitcoin, direct financial action related to the company"
28758084,"Forum 18: BELARUS: ""A Christian cannot say that what's going on in Ukraine is good""",,,,23,Bharat Electronics Ltd,irrelevant,"Article about religious views on Ukraine conflict, no business news or company relevance"
27592459,Yearn Finance's YFI Hits $50K Before Bitcoin as Grayscale Shows Interest,,,,16,ITC Ltd,irrelevant,"Yearn Finance's YFI price movement related to Bitcoin and Grayscale, primarily a market update"
28246998,Maria Ressa und Dmitri Muratow: Friedensnobelpreis f&#xFC;r Journalisten,,,,23,Bharat Electronics Ltd,irrelevant,"Article about Nobel Peace Prize winners, not related to a specific company's financial news"
22171130,Bilan plus que positif pour developpement economique bellechasse,,,,23,Bharat Electronics Ltd,irrelevant,"Article about economic development in a region, not focused on a specific company's financial performance"
18374258,Economia greciei isi revine agentia fitch a ridicat ratingul financiar al statului elen 2381251,,,,16,ITC Ltd,irrelevant,"Article about Greece's economy and a rating upgrade, but not specifically about a company's financial news"
24129412,Reliance jio 5g trial begins can it repeat 4g success india 772442,,,,1,Reliance Industries Ltd,relevant,"Article about Reliance Jio's 5G trial, which could impact the company's future financial performance"
24127262,Argentina messi tante buone squadre ma attenti al belgio 84389,,,,23,Bharat Electronics Ltd,irrelevant,"Article about Argentina's soccer team and an upcoming match, not related to a specific company's financial news"
31332680,News kompakt: Schwere Hungerkrise belastet s&#xFC;dliches Afrika &#x2013; DW &#x2013; 16.10.2024,,,,23,Bharat Electronics Ltd,irrelevant,The article is about a general news topic (hunger crisis in southern Africa) and does not specifically mention a company
24124143,Litva i belarus gotovyat novyj dogovor v oblasti socobespecheniya,,,,23,Bharat Electronics Ltd,irrelevant,"The article appears to be about a new agreement between Lithuania and Belarus in the area of social security, not specifically about a company"
24115753,Cabelas donates fishing gear in a nationwide effort,,,,23,Bharat Electronics Ltd,relevant,"Cabela's is mentioned as donating fishing gear, which could be seen as a corporate action or community involvement"
22171163,Traktor belarus zakreplyaetsya v azii,,,,23,Bharat Electronics Ltd,irrelevant,The article mentions 'Traktor Belarus' but seems to be about business in Asia rather than a specific company action or news
28247764,Expresso | Paz. S&#xE9;timo Nobel atribu&#xED;do a jornalistas em 119 anos,,,,23,Bharat Electronics Ltd,irrelevant,The article appears to be about an award given to journalists and does not specifically relate to a company's news or actions
22171016,Trento buscaglia faremo soffrire milano,,,,42,Trent Ltd,irrelevant,"The title appears to be about a sports event or rivalry between Trento and Milano, but it does not mention a company or financial news."
31331691,South Korean author Han Kang wins the 2024 Nobel Prize in Literature - 11-Oct-2024,,,,23,Bharat Electronics Ltd,irrelevant,The title is about a literary award winner and does not mention a company or financial news.
28758109,"&#x130;smail HABO&#x11E;LU - &#xD6;YLE DE&#x11E;&#x130;L, B&#xD6;YLE OLUR BELED&#x130;YEC&#x130;L&#x130;K",,,,23,Bharat Electronics Ltd,irrelevant,The title appears to be a personal or political statement and does not mention a company or financial news.
18367679,Des activistes belges paralysent une mine en allemagne,,,,23,Bharat Electronics Ltd,irrelevant,The title mentions an activist event but does not mention a company or financial news.
28248541,A Nobel boost for fearless and independent journalism,,,,23,Bharat Electronics Ltd,irrelevant,The title discusses journalism in general and does not mention a company or financial news.
22169924,Beaufort securities breakfast alert katoro gold kefi minerals plc obtala ltd severn trent tiziana life sciences 27828,,,,42,Trent Ltd,irrelevant,"List of companies mentioned in a breakfast alert from Beaufort Securities, not a news article about one company"
24124499,Reliance center opens to a city in need,,,,1,Reliance Industries Ltd,irrelevant,"Article about a Reliance center opening, but title does not specify what kind of center or its significance"
28759404,"Solar Cable Systems Market size to Reach USD 1.55 Bn during 2022-2026|Featuring Amphenol Corp., Belden Inc., and Havells India Ltd. as Key Players",,,,23,Bharat Electronics Ltd,irrelevant,"Market size report featuring Havells India Ltd. as one of many key players, not primarily about the company"
18372981,34672543 fitch bestaetigt daenemark mit aaa und slowakei mit a 015,,,,16,ITC Ltd,irrelevant,"Fitch ratings update mentioning Denmark and Slovakia, not primarily about a specific company"
27597384,Belarus leader vows to defeat 'foreign-backed rebellion' | The Westmorland Gazette,,,,23,Bharat Electronics Ltd,irrelevant,"Article about Belarus leader, not related to a specific company"
18371014,Brazil s corporate rating cuts to outpace upgrades fitch says,,,,16,ITC Ltd,irrelevant,"The article is about corporate rating cuts in Brazil, not specifically about a company"
22166085,Campbell soup co reports 2 drop in q3 earnings,,,,23,Bharat Electronics Ltd,relevant,"Campbell Soup Co reports a financial result, specifically a drop in Q3 earnings"
28752648,Crews responding to house fire in Belleville,,,,23,Bharat Electronics Ltd,irrelevant,"The article is about a local incident, a house fire in Belleville, not related to a company"
28245618,BelNPP second unit to be commissioned in 2022,,,,23,Bharat Electronics Ltd,irrelevant,"The article mentions a specific event related to BelNPP, but it is not clear if it is about the company or a general event; assuming it is not primarily about the company"
27593819,Expelled and persecuted Belarusian students find refuge at Lithuanian universities - New Eastern Europe - A bimonthly news magazine dedicated to Central and Eastern European affairs,,,,23,Bharat Electronics Ltd,irrelevant,"The article is about Belarusian students finding refuge in Lithuania, not related to a company"
31331655,Premio Nobel de Medicina para Ambros y Ruvkun por microARN y su papel en la regulaci&#xF3;n g&#xE9;nica,,,,23,Bharat Electronics Ltd,irrelevant,"The article is about the Nobel Prize in Medicine, which is not related to a specific company's business or financials"
28250351,Reliance New Energy Solar to acquire 40% stake in Sterling and Wilson Solar,,,,1,Reliance Industries Ltd,relevant,"Reliance New Energy Solar is acquiring a stake in Sterling and Wilson Solar, a corporate action directly affecting the company"
28753601,"Sensex rallies 566 points in early trade on buying in Reliance, IT stocks",,,,1,Reliance Industries Ltd,irrelevant,"The article is about the stock market rally, mentioning Reliance as one of several stocks, but not providing company-specific news or financials"
27598891,Trump pide reemplazar a Mitch McConnell como l&#xED;der republicano en el Senado,,,,16,ITC Ltd,irrelevant,"The article is about US politics, specifically a request to replace a senator, and does not relate to a company's business or financials"
28754527,BPOM Sebut Pelabelan BPA untuk Perlindungan Masyarakat,,,,23,Bharat Electronics Ltd,irrelevant,"The article appears to be about a regulatory or consumer protection issue, but does not specifically mention a company's financials, products, or actions"
24116188,Les belges encore trop souvent victimes de coups de soleil,,,,23,Bharat Electronics Ltd,irrelevant,"Article about sunburn victims in Belgium, no business or financial content"
31331852,Prix Nobel de M&#xE9;decine : la d&#xE9;couverte des microARN couronn&#xE9;e,,,,23,Bharat Electronics Ltd,irrelevant,"Nobel Prize in Medicine announcement, no direct business or financial impact"
28246078,"Le Nobel de la paix attribu&#xE9; &#xE0; la Philippine Maria Ressa et au Russe Dimitri Mouratov, le Kremlin f&#xE9;licite son opposant journaliste",,,,23,Bharat Electronics Ltd,irrelevant,"Nobel Peace Prize announcement, no direct business or financial impact"
28757697,"Latest News | TCS, Wipro to Work at IBM's Kochi Centre to Co-create AI-based Automation Tech",,,,35,Wipro Ltd,relevant,"TCS and Wipro partnering with IBM on AI-based automation tech, direct business collaboration announcement"
18375694,Bel air outdoor concert series presents bottle blues,,,,23,Bharat Electronics Ltd,irrelevant,"Outdoor concert series announcement, no business or financial content"
28246047,De Nobel de la Paz a acusado de genocidio en dos a&#xF1;os: el &#xFA;ltimo fracaso de los Nobel m&#xE1;s pol&#xE9;micos,,,,23,Bharat Electronics Ltd,irrelevant,"Article is about a Nobel Peace Prize winner accused of genocide, not related to a specific company's stock or business"
27597183,Belarus leader vows to defeat 'foreign-backed rebellion' | Burnham and Highbridge Weekly News,,,,23,Bharat Electronics Ltd,irrelevant,"Article is about Belarus leader's statement on rebellion, not related to a specific company's stock or business"
28752117,Sleeve Labels Market Overall Study Report 2022-2028,,,,23,Bharat Electronics Ltd,irrelevant,"Market study report on sleeve labels, not about a specific company's stock performance or business news"
31331812,Be&#x15F;ik&#xE7;io&#x11F;lu ile Etimesgut Belediyespor y&#xF6;netimi aras&#x131;ndaki krizin nedeni Yava&#x15F;'la ya&#x15F;anan gerginlik mi?,,,,23,Bharat Electronics Ltd,irrelevant,"Article appears to be about a sports management crisis in Turkey, not related to a specific company's stock or business"
22163625,Brief campbell soup reports q3 earnings idusasa09qmw,,,,23,Bharat Electronics Ltd,relevant,"Brief on Campbell Soup's Q3 earnings report, directly related to the company's financial performance"
28758558,Hot stuff at Belville as locals go mad for Syrian mum's cookery classes,,,,23,Bharat Electronics Ltd,irrelevant,"Article about local cookery classes, no business impact or company focus"
18371518,Titanic violin to go on display at two u s museums,,,,17,Titan Company Ltd,irrelevant,"Article about a Titanic violin going on display, no business impact or company focus"
28247074,"In green push, Reliance acquires REC Solar Holdings for $771 million",,,,1,Reliance Industries Ltd,relevant,"Reliance acquires REC Solar Holdings for $771 million, direct corporate action with financial impact"
28250076,"2021 Nobel Ekonomi &#xD6;d&#xFC;l&#xFC;, ""ger&#xE7;ek&#xE7;i"" ekonomistlere",,,,23,Bharat Electronics Ltd,irrelevant,"Article about the 2021 Nobel Economics Prize, not related to a specific company"
20739292,Kusadasi belediyesi nden asure ikrami haberi 210569,,,,23,Bharat Electronics Ltd,irrelevant,"Unintelligible title, appears to be a local Turkish news item with no clear business impact or company focus"
18376325,Belarus to build residential district in russias pskov i 83757,,,,23,Bharat Electronics Ltd,irrelevant,"The title does not mention a specific company that is the main subject of the article, and appears to be about a general development project"
31333817,Reliance Retail's Tira launches global luxury skincare brand Augustinus Bader in India,,,,1,Reliance Industries Ltd,relevant,Reliance Retail's Tira launching a global luxury skincare brand is a significant business development for Reliance Retail
27594418,Amazon Hits Back at India's Future Group Over Reliance Industries Deal,,,,1,Reliance Industries Ltd,relevant,"Amazon is directly involved in a dispute with India's Future Group over a deal with Reliance Industries, making this article about Amazon's business actions"
31331991,2024 Nobel Prize In Literature: Han Kang Honored For Poetic Prose On Life's Fragility,,,,23,Bharat Electronics Ltd,irrelevant,The article is about the Nobel Prize in Literature and does not mention any specific company as the main subject
27597920,Healthy Business Performance Puts ITC Stock Recovery on Track,,,,16,ITC Ltd,relevant,"The article discusses the stock performance of ITC and mentions a healthy business performance, indicating a material financial impact for ITC"
18376209,Fitchburg lupus walk set sept 12,,,,16,ITC Ltd,irrelevant,"Local event in Fitchburg, no clear connection to a specific company's business"
31331003,Il movimento paralimpico al festival di Trento,,,,42,Trent Ltd,irrelevant,"Article about a festival, no clear connection to a specific company's business"
20739658,With alejandro escobedo upstairs the best shows in town are laid back jams at the belmont hotel 8819607,,,,23,Bharat Electronics Ltd,irrelevant,"Article about a music event, no clear connection to a specific company's business"
28752377,"Taco Bell Opens New Drive-Thru Prototype in Brooklyn Park, Minnesota",,,,23,Bharat Electronics Ltd,relevant,"Taco Bell opens a new drive-thru prototype, a corporate action related to the company's operations"
27598738,Bitcoin bei 50.000 Dollar: Der Microstrategy-Chef als Gewinner,,,,16,ITC Ltd,relevant,"Article primarily about Microstrategy in relation to Bitcoin price, implying potential financial impact on the company"
20736278,Tcs singapore marathon extends partnership,,,,6,Tata Consultancy Services Ltd,relevant,"TCS extends partnership with Singapore Marathon, indicating a corporate action or sponsorship deal"
31333464,Der Nobelpreis in Medizin geht an Viktor Ambros und Gary Ruvkun,,,,23,Bharat Electronics Ltd,irrelevant,"The Nobel Prize in Medicine is awarded to individuals, not related to a specific company's stock or business"
22159351,Doce detenidos espana belgica explotar trabajadores,,,,23,Bharat Electronics Ltd,irrelevant,"The article appears to be about a general news story on worker exploitation, not specifically related to a company's stock or business"
24117571,Collette and wever will team up on netflixs unbelievable,,,,23,Bharat Electronics Ltd,irrelevant,"The article mentions a partnership between Collette and Wever for a Netflix project, but it's likely a celebrity or entertainment news piece rather than a business-focused article about one of these companies"
28249694,Nobel para la prensa libre,,,,23,Bharat Electronics Ltd,irrelevant,"The article appears to be a general news piece about the Nobel Prize for press freedom, not related to a specific company's stock or business"
27593374,Lukashenko comments on recent large-scale sociological survey in Belarus,,,,23,Bharat Electronics Ltd,irrelevant,"Article about Lukashenko's comments on a sociological survey in Belarus, not related to a specific company's financial news"
24121589,Belgium brush injury tough guy hazard,,,,23,Bharat Electronics Ltd,irrelevant,"Article about a sports-related injury, not related to a specific company's financial news"
22163446,Bell leadership institute introduces leadership trainer and coach jon s player 2017 05 18,,,,23,Bharat Electronics Ltd,irrelevant,"Article about a leadership institute introducing a trainer, not related to a specific company's financial news"
27593409,Lukashenko: Belarus is at a turning point now,,,,23,Bharat Electronics Ltd,irrelevant,"Article about Lukashenko's statement on Belarus' current situation, not related to a specific company's financial news"
18374448,Wz 23 110950621 1 69457 fitch stuft griechenland nach einigung mit glaeubigern hoch,,,,16,ITC Ltd,relevant,"Fitch upgrades Greece's rating after agreement with creditors, directly impacts Greece's financial situation and markets"
22158437,Tragischer tod durch ernaehrungsumstellung baby in belgien verstirbt durch superfood 20170517277533,,,,23,Bharat Electronics Ltd,irrelevant,"Article about a tragic death of a baby in Belgium due to dietary changes, not related to a company's business or financials"
27597082,Wipro y Telef&#xF3;nica Germany / O2 firman un acuerdo de colaboraci&#xF3;n para la transformaci&#xF3;n radical de las TI  - Iberonews,,,,35,Wipro Ltd,relevant,"Wipro and Telefónica Germany/O2 announce a collaboration agreement for IT transformation, a material business partnership"
27598318,Coronacrisis: 2 procent van volwassen bevolking is volledig gevaccineerd - Belgi&#xEB;,,,,23,Bharat Electronics Ltd,irrelevant,"Article about COVID-19 vaccination rates in Belgium, not related to a specific company's business or financials"
31333222,"Nobel Economics Prize explains why some nations succeed, others fail",,,,23,Bharat Electronics Ltd,irrelevant,"Nobel Economics Prize explanation, a general economics discussion without reference to a specific company's business or financials"
27593694,"Commerce chambers of Belarus' Grodno Oblast, Russia's Primorsky Krai sign cooperation agreement",,,,23,Bharat Electronics Ltd,irrelevant,"Article about a cooperation agreement between commerce chambers of two regions, not related to a specific company's business or financials"
24129000,22844 arbitration award in reliance ongc gas row next month,,,,1,Reliance Industries Ltd,relevant,Arbitration award related to ONGC gas row indicates a specific legal and financial development for the company
18378858,Fitch affirms industrial dpr funding ltd,,,,16,ITC Ltd,relevant,"Fitch affirms Industrial DPR Funding Ltd, indicating a credit rating action which is relevant for investors"
28759387,Rei belga lamenta passado colonialista em visita ao Congo &#x2013; DW &#x2013; 08/06/2022,,,,23,Bharat Electronics Ltd,irrelevant,"Article about Rei belga's visit to Congo, seems to be a general news piece without specific financial or business impact"
24120753,Review fury at red stitch actors theatre 255909,,,,16,ITC Ltd,irrelevant,"Review of a theater performance, does not appear to be related to a company's financials or business actions"
22158467,Rusyanin yeni ankara buyukelcisi belli oldu 178925,,,,23,Bharat Electronics Ltd,irrelevant,"Announcement of a new ambassador to Ankara, does not seem to have direct financial or business implications for a specific company"
24128134,0 14 earnings per share expected for bellerophon therapeutics inc blph this quarter,,,,23,Bharat Electronics Ltd,relevant,Earnings per share forecast for Bellerophon Therapeutics Inc. (BLPH) - direct financial result
27592256,Belgium renews support for landmine clearance in Angola,,,,23,Bharat Electronics Ltd,irrelevant,"Article about Belgium's support for landmine clearance in Angola, no mention of Bellerophon Therapeutics or related company"
22162767,Premio literatura nobel,,,,23,Bharat Electronics Ltd,irrelevant,"Nobel Literature Prize announcement, no connection to any specific company"
18374737,Hindalco flags improving operations after posting profit slump,,,,48,Hindalco Industries Ltd,relevant,Hindalco reports improving operations after profit slump - direct financial and operational update
18371643,Partita ieri sera loperazione trentino ferragosto sicura,,,,42,Trent Ltd,irrelevant,"Local event in Trentino, Italy (Ferragosto sicura operation), no connection to any specific company"
22170866,Trenton police seeking publics help identifying robbery suspect,,,,42,Trent Ltd,irrelevant,"A single local incident, not related to a company's financial or business news"
28249044,Teen arrested after alleged belligerent traffic stop,,,,23,Bharat Electronics Ltd,irrelevant,"A single individual's arrest, not related to a company's financial or business news"
28246159,#NOBEL Visualisez en trois graphiques &#xE0; quel point les,,,,23,Bharat Electronics Ltd,irrelevant,The title appears to be incomplete and does not seem to be related to a company's financial or business news
24114310,Monsanto mon stake lowered by pitcairn co updated updated updated,,,,16,ITC Ltd,relevant,"Monsanto's stake is being lowered by Pitcairn Co, which is a financial development related to the company"
22161171,Les eleves du co de bellegarde iront a fribourg 392945,,,,23,Bharat Electronics Ltd,irrelevant,"The title appears to be about students traveling to Fribourg, not related to a company's financial or business news"
28250476,Un respect des r&#xE8;gles difficile au Centre Bell,,,,23,Bharat Electronics Ltd,irrelevant,"Article title appears to be about an incident or event at the Centre Bell, but it does not seem to have a direct business impact or be primarily about a company's financials or operations"
28759179,'Allied Air Force Magical Idols Luminous Witches' Anime Sets Premiere With New Key Visual,,,,16,ITC Ltd,irrelevant,"The article is about an anime series and its premiere, which does not seem to be related to a specific company's financials or operations"
27592503,"Mukesh Ambani | BSE Sensex Stock Market Update; FII Reduce Stake In Reliance Tcs And Bajaj Auto Including 40 Companies | &#x935;&#x93F;&#x926;&#x947;&#x936;&#x940; &#x928;&#x93F;&#x935;&#x947;&#x936;&#x915;&#x94B;&#x902; &#x928;&#x947; &#x928;&#x93F;&#x935;&#x947;&#x936; &#x930;&#x923;&#x928;&#x940;&#x924;&#x93F; &#x92C;&#x926;&#x932;&#x940;; &#x930;&#x93F;&#x932;&#x93E;&#x92F;&#x902;&#x938;, TCS ",,,,1,Reliance Industries Ltd,relevant,"The article mentions Mukesh Ambani and discusses stock market updates related to Reliance, among other companies, suggesting it could have financial implications or updates for Reliance"
31333366,2024 Nobel T&#x131;p &#xD6;d&#xFC;l&#xFC;'n&#xFC;n sahipleri belli oldu,,,,23,Bharat Electronics Ltd,irrelevant,"The article appears to be about the Nobel Prize winners, which does not seem to be directly related to a specific company's financials or operations"
24127185,Companero de carlos vela en lafc es baja de belgica en rusia 2018,,,,23,Bharat Electronics Ltd,irrelevant,"The article seems to be about a sports-related event or a player's status, which does not appear to have a direct business impact or be primarily about a company's financials or operations"
23107781,Belgiskiot sud slednata nedela kje odluchuva za ekstradicija na pudzhdemon,,,,23,Bharat Electronics Ltd,irrelevant,"Article about Belgium court decision on extradition, no clear connection to a specific company"
28249242,Zubiri thinks any Filipino given Nobel must get Senate medal; bats for rules modification,,,,23,Bharat Electronics Ltd,irrelevant,"Article about Philippine Senate and Nobel laureate, no clear connection to a specific company"
27596681,"Titans Players, Organization, Continue Efforts to Make a Difference in Community for Social Justice",,,,17,Titan Company Ltd,irrelevant,"Article about community efforts by sports team, not material or specific company news"
28759331,"Taco Bell Employee Knocks Out Aggressive Customer, Sparking Debate",,,,23,Bharat Electronics Ltd,irrelevant,"Article about individual incident at a Taco Bell store, not material company news"
28251231,Reliance Retail to launch 7-Eleven stores in India - The Hindu BusinessLine,,,,1,Reliance Industries Ltd,relevant,"Reliance Retail's partnership with 7-Eleven for store launches in India, direct corporate action"
22162404,V moskve sostoialas prezentaciia ekonomicheskogo potenciala belorussii,,,,23,Bharat Electronics Ltd,irrelevant,"The article appears to be about a presentation of Belarus' economic potential in Moscow, but it does not specifically mention a company that would require a portfolio manager to read it."
28755340,Belararox Limited | Company Summary | ASX:BRX ISIN:AU0000185852 | Australian Stock Exchange ABN Newswire,,,,23,Bharat Electronics Ltd,relevant,"The article is a company summary for Belararox Limited, which is listed on the Australian Stock Exchange, providing information that could be relevant to a portfolio manager holding the stock."
22169855,20 05 2017 vladimir kolokolcev obratilsya k uchastnikam i gostyam xxvi vserossijskoj blagotvoritelnoj akcii mvd rossii miloserdie belyx nochej,,,,23,Bharat Electronics Ltd,irrelevant,"The article appears to be about a charitable event and a speech by Vladimir Kolokoltsev, and does not seem to contain information that would be relevant to a portfolio manager."
31333660,La Naci&#xF3;n / Nobel de Medicina premia los avances en la regulaci&#xF3;n de los genes,,,,23,Bharat Electronics Ltd,irrelevant,"The article is about the Nobel Prize in Medicine and advances in gene regulation, and does not appear to be specifically about a company that a portfolio manager would need to read."
20731703,Ceta le canada reste prudent tout en saluant laccord entre les parties belges,,,,23,Bharat Electronics Ltd,irrelevant,"The article discusses the Comprehensive Economic and Trade Agreement (CETA) and Canada's cautious stance, mentioning Belgium, but does not seem to contain company-specific information that a portfolio manager would need to read."
22170757,Gst may not raise revenues significantly in next few years fitch ratings 3472832,,,,16,ITC Ltd,irrelevant,"Article is about Fitch Ratings' view on GST revenue impact, not specifically about a company's financials or actions"
18370058,Fitch affirms select portfolio servicings us rmbs servicer ratings 2015 08 17,,,,16,ITC Ltd,irrelevant,"Article is about Fitch affirming ratings for Select Portfolio Servicing, not specifically about the company's business or financials"
28250731,Abdulrazak Gurnah: from accidental author to Nobel laureate of literature,,,,23,Bharat Electronics Ltd,irrelevant,"Article is a biography of Abdulrazak Gurnah, not related to business or financial news"
22157447,Titan lists aggressive sales growth as part of 201718 agend,,,,17,Titan Company Ltd,relevant,"Article mentions Titan's agenda for 2017-18, specifically listing aggressive sales growth, which is a material business goal"
24129362,Girl scouts donate supplies to sanibel sea school,,,,23,Bharat Electronics Ltd,irrelevant,"Article is about a charitable donation by Girl Scouts, not related to business or financial news"
31330646,Tedesco pre Italia Belgio: &#xAB;Loro hanno cambiato stile di gioco. A noi mancano questi giocatori&#xBB;,,,,23,Bharat Electronics Ltd,irrelevant,"Article appears to be about a sports coach's comments, not related to a specific company's financial news or actions"
20731565,Literacki nobel dla boba dylana za co bob dylan dostal nobla 904720,,,,23,Bharat Electronics Ltd,irrelevant,"Article seems to be about a literary award, not related to a company's financial news or actions"
27596191,"Bitcoin Nears $50k, Texas Blackouts Lift Oil, Nissan-Apple &#x2013; What's up in Markets By Investing.com",,,,16,ITC Ltd,irrelevant,"Article mentions Nissan and Apple in passing, but is primarily a general market update, not specifically about either company's financial news or actions"
22159746,Tcs begins buyback of 5 61 cr shares 115865,,,,6,Tata Consultancy Services Ltd,relevant,"TCS begins buyback of shares, directly related to company's financial actions"
31330642,La creaci&#xF3;n de prote&#xED;nas ha merecido un Premio Nobel de Qu&#xED;mica,,,,23,Bharat Electronics Ltd,irrelevant,"Article about a Nobel Prize in Chemistry, not related to a specific company's financial news or actions"
27593942,Belkin : le BOOST&#x2191;CHARGE PRO certifi&#xE9; MagSafe enfin disponible en France,,,,23,Bharat Electronics Ltd,irrelevant,"The article mentions Belkin's product release in France, but it's a consumer-focused product announcement, not a material business news"
28249247,UK's supply chain crisis hits confidence; Nobel prize in economics awarded &#x2013; business live,,,,23,Bharat Electronics Ltd,irrelevant,"The article discusses a general UK supply chain crisis and Nobel prize, mentioning no specific company as the main subject"
18371454,Reliance airtel banks 268372,,,,1,Reliance Industries Ltd,relevant,"The article appears to report on financial results or transactions related to Reliance Airtel, indicating a direct business impact"
28752488,"ISU extends Russia and Belarus athlete ban, vote to alter suspension rules fails",,,,23,Bharat Electronics Ltd,irrelevant,"The article is about a sports organization's decision regarding athlete bans, not related to a specific company's business news"
28249400,Three Scientists Shared Nobel Physics Prize In 2021,,,,23,Bharat Electronics Ltd,irrelevant,"The article is about a Nobel Physics Prize, which is not related to business news or a specific company's material events"
27594670,Lincoln's first Taco Bell will be a drive-thru,,,,23,Bharat Electronics Ltd,irrelevant,"The article mentions Taco Bell in a specific location, but it's about a new restaurant opening, not a company-level announcement or financial news"
28755418,T&#xF6;bb mint k&#xE9;tsz&#xE1;z belgr&#xE1;di iskol&#xE1;ban volt bombariad&#xF3;,,,,23,Bharat Electronics Ltd,irrelevant,"The title appears to be in a foreign language and does not seem to be related to a specific company, making it unclear but likely not relevant"
18379002,Egypt  beltones net profits down 28 in h1 of 2015,,,,23,Bharat Electronics Ltd,relevant,"The article is about Beltones' net profits, which is a direct financial result"
28754615,Wipro Petrobras deal: Wipro wins Petrobras deal with ServiceNow,,,,35,Wipro Ltd,relevant,"Wipro wins a deal with Petrobras, which is a corporate-level announcement about a major partnership"
18367001,Megaworld to open new 480 room belmont hotel in newport city,,,,23,Bharat Electronics Ltd,relevant,"Megaworld is opening a new hotel, which is a company-level announcement about a major business expansion"
24131053,Global electromechanical switch market outlook 2018 alps omron te connectivity panasonic carling technologies 47041,,,,16,ITC Ltd,irrelevant,"Market outlook article mentioning several companies, including Alps, OMRON, TE Connectivity, and Panasonic, as examples in the industry"
22168716,Akzonobel naar de ondernemingskamer wat is er aan de hand,,,,23,Bharat Electronics Ltd,relevant,"Article specifically about AkzoNobel and its involvement with the ondernemingskamer, implying a corporate-level issue"
28246973,Belleville council set to discuss election advertising,,,,23,Bharat Electronics Ltd,irrelevant,"Local government discussion about election advertising, not related to a specific company"
18375741,Fitch to downgrade s t rating on el paso tx water sewer cp notes series a to f1 2015 08 13,,,,16,ITC Ltd,relevant,"Fitch rating action specifically on El Paso TX water sewer CP notes, indicating a credit rating change"
27596396,Tenant injured in Mitchell apartment fire,,,,16,ITC Ltd,irrelevant,"Local incident report about a tenant injury in an apartment fire, not related to a company's business or financials"
28246454,Fransa Uluslar Ligi'nde Oynayaca&#x11F;&#x131; Bel&#xE7;ika Ma&#xE7;&#x131;na Haz&#x131;rlan&#x131;yor,,,,23,Bharat Electronics Ltd,irrelevant,"Article appears to be about a sports event, not related to a specific company's business or financials"
20736412,Ceta lue donne a la belgique jusqua vendredi pour dire oui 417179,,,,23,Bharat Electronics Ltd,irrelevant,"Article seems to be about a political or economic agreement, but does not mention a specific company and appears to be in a non-English language, likely not material to a portfolio manager"
22163984,Paul mitchell schools dean winn claybaugh receives 2017 ellis island medal of honor award,,,,16,ITC Ltd,irrelevant,"Article is about an award given to an individual, not related to a company's business or financials"
20739325,Bob dylan ha accettato nobel 1324747,,,,23,Bharat Electronics Ltd,irrelevant,"Article is about a celebrity (Bob Dylan) accepting a Nobel Prize, not related to a company's business or financials"
20734553,Bob dylan premio nobel literatura 2016 debate escritores noticia 1938562,,,,23,Bharat Electronics Ltd,irrelevant,"Article is about a celebrity (Bob Dylan) and a Nobel Prize in Literature, not related to a company's business or financials"
22157904,Nelson van denburg campbell wealth management group llc has 171000 position in sanofi sa sny,,,,23,Bharat Electronics Ltd,irrelevant,"Article mentions Sanofi SA as part of a wealth management group's portfolio, but is not primarily about Sanofi SA"
28759547,Loot Boxes Reportedly Keep Diablo Immortal Out of Belgium And The Netherlands,,,,23,Bharat Electronics Ltd,irrelevant,"Article is about Diablo Immortal and regulatory issues in Belgium and Netherlands, not primarily about a specific company's business news"
28758881,La figura dell'amministratore di sostegno e il ricorso per la sua nomina / Eventi in citt&#xE0; / Vivi la citt&#xE0; / Citt&#xE0; / Trento Citt&#xE0; - Sito ufficiale del Comune di Trento,,,,42,Trent Ltd,irrelevant,"Article appears to be about local events in Trento, Italy, and not related to business news or a specific company"
31333440,Los descubridores del microARN ganan el Nobel de Medicina | Noticias El D&#xED;a de Valladolid,,,,23,Bharat Electronics Ltd,irrelevant,"Article is about a Nobel Prize in Medicine and microRNA discoverers, not related to business news or a specific company"
28758164,TACO BELL DEFY&#x2122; CONCEPT OPENS JUNE 7 - ONE OF THE MOST INNOVATIVE DRIVE-THRU EXPERIENCES YET,,,,23,Bharat Electronics Ltd,relevant,"Taco Bell announces the opening of an innovative drive-thru concept, directly related to the company's business and product strategy"
20734569,Dylan gana premio nobel literatura 2016 113285,,,,23,Bharat Electronics Ltd,irrelevant,"The article is about the Nobel Prize in Literature being awarded to Dylan, no company mentioned"
18374320,2015 08 18 rixonway kitchens wins 7m contract with the city and county of swansea,,,,16,ITC Ltd,relevant,"Rixonway Kitchens wins a significant £7m contract, directly impacting the company's business"
28246574,Nobel de Literatura fue entregado al tanzano Abdulrazak Gurnah,,,,23,Bharat Electronics Ltd,irrelevant,"The article is about the Nobel Prize in Literature being awarded to Abdulrazak Gurnah, no company mentioned"
22164758,Kamp  bemoei je niet met akzonobel,,,,23,Bharat Electronics Ltd,relevant,"The article appears to be about AkzoNobel, possibly a criticism or issue related to the company"
28246443,"Abdulrazak Gurnah, Nobel de Literatura: autor accidental convertido en la voz de los desplazados",,,,23,Bharat Electronics Ltd,irrelevant,"The article is about Abdulrazak Gurnah, the Nobel Prize winner, no company mentioned"
20735893,News reliance jio isnt a punt but a wellengineered 1023 2775281,,,,1,Reliance Industries Ltd,irrelevant,"Article title is unclear, but appears to be a general news article or opinion piece, not specifically about a company's financials or business"
28757007,Stipendio estivo docenti supplenti: i requisiti per averlo. Circolare Trento,,,,42,Trent Ltd,irrelevant,"Article appears to be about teacher summer stipends in Italy, not related to a specific company's financials or business"
28250750,And the 2021 Science Nobel Prizes Go to&#x2026; Men.,,,,23,Bharat Electronics Ltd,irrelevant,"Article about Nobel Prizes, not related to a specific company's financials or business"
24126398,Thinking about buying stock in comcast campbell soup company netflix rite aid or southwestern energy company 2018 06 25,,,,23,Bharat Electronics Ltd,irrelevant,"Article appears to be a general stock market consideration piece, mentioning several companies as examples, not specifically about one company's financials or business"
22166690,Fitch keeps brazil below investment grade,,,,16,ITC Ltd,irrelevant,"Article about Fitch's rating of Brazil's creditworthiness, not specifically about a company's financials or business"
27593517,"Cognitive Data Management Market&#xA0; by 2021-2027 Profiling Top Key Players IBM, Salesforce, SAP SE, Informatica, SAS, Cognizant, Microsoft, Infosys, Veritas, Wipro, Datum, &#x2013; KSU",,,,35,Wipro Ltd,irrelevant,"The article lists top key players in the Cognitive Data Management Market, but is primarily a market overview rather than company-specific news"
18372668,Macmillan event in memory of sarah s beloved grandmother 1 7418154,,,,23,Bharat Electronics Ltd,irrelevant,The title appears to be about a memorial event and does not mention any company news or financial information
31333580,Newscast 10.14.2024: New Woodbury County Jail now housing inmates; South Dakota official brings charges against state employees; Nobel Literature Prize winner studied at University of Iowa,,,,23,Bharat Electronics Ltd,irrelevant,"The article appears to be a general newscast with various topics, and does not specifically mention any company news or financial information"
18377232,Fitch affirms peace bridge ny 266mm rev rfdg bonds at a 2015 08 19,,,,16,ITC Ltd,relevant,"Fitch affirming bonds for a specific entity indicates a credit rating action, which is material financial information"
31331467,Nobel per la medicina: ecco cosa &#xE8; stato premiato (spiegato semplice),,,,23,Bharat Electronics Ltd,irrelevant,The article appears to be about a Nobel Prize in medicine and does not specifically mention any company news or financial information
18376965,Fitch affirms duncaster inc ct at bbb outlook stable,,,,16,ITC Ltd,relevant,Fitch affirms Duncaster Inc's credit rating at BBB with stable outlook — direct credit rating action
31331901,Belgium venue freezes Al-Jazeera-funded conference as Hamas headlines,,,,23,Bharat Electronics Ltd,irrelevant,"Article about a conference cancellation due to Hamas headlines, no direct business impact on a specific company"
20730363,Fitch intentioneaza sa retrogradeze ratingul italiei pe fondul incertitudinilor legate de referendum 4827157,,,,16,ITC Ltd,irrelevant,Fitch's potential downgrade of Italy's rating due to referendum uncertainty — macro/ country-level news
27597653,"Google zakazuje reklam &#x15B;lusarzy w Belgii, Holandii, RFN i Szwecji",,,,23,Bharat Electronics Ltd,irrelevant,"Google's ad policy change in certain European countries — no specific company mentioned, macro/industry news"
20736282,Gg 20090805 belkin,,,,23,Bharat Electronics Ltd,irrelevant,"Unclear/ incomplete title, no obvious direct business impact or company-specific news"
28751782,Siebel Institute brings brewing courses to the School of Hospitality at Metropolitan State University of Denver,,,,23,Bharat Electronics Ltd,irrelevant,"Article about Siebel Institute partnering with a university for brewing courses, not primarily about the institution's financials or business operations"
24127755,Belden bdc shares bought by state of tennessee treasury department,,,,23,Bharat Electronics Ltd,relevant,"State of Tennessee Treasury Department buys shares of Belden, indicating a potential investment move"
18367842,Vosem belorusskix pjatibortsev poborjutsja za olimpijskie litsenzii na che v velikobritanii i 8377,,,,23,Bharat Electronics Ltd,irrelevant,The title appears to be in a different language and does not seem to be related to business or financial news
31331827,&#xDC;berraschung in Stockholm - Literaturnobelpreis f&#xFC;r Han Kang,,,,23,Bharat Electronics Ltd,irrelevant,The title appears to be about a literary award and not related to business or financial news
27596097,Cambios en el sector belleza: Reino Unido proh&#xED;be los filtros a las 'influencers',,,,23,Bharat Electronics Ltd,irrelevant,"The title discusses a change in the beauty sector in the UK regarding influencers, but does not seem to be primarily about a specific company's financials or business operations"
24128464,Belgica fue una maquina y goleo 5 a 2 a tunez 122882,,,,23,Bharat Electronics Ltd,irrelevant,"Article appears to be about a sports game result, not related to a company's business or financials"
28756440,"Mitchell, Indiana getting Safe Haven Baby Box",,,,16,ITC Ltd,irrelevant,Installation of a Safe Haven Baby Box in a location is a local incident and not related to a company's business or financials
31332664,Nobel Prize in medicine 2024 awarded for work on the discovery of microRNA to Victor Ambros and Gary Ruvkun,,,,23,Bharat Electronics Ltd,irrelevant,Nobel Prize in medicine is not related to a specific company's business or financials
28250356,Reliance New Energy Solar to acquire 40% stake in Sterling ...,,,,1,Reliance Industries Ltd,relevant,Reliance New Energy Solar's acquisition of a stake in Sterling is a corporate action with financial implications
20732379,2016 nobel prize,,,,23,Bharat Electronics Ltd,irrelevant,The 2016 Nobel Prize is a general topic and not related to a specific company's business or financials
28247887,Belarus to reduce greenhouse gas emissions by 35 percent by 2030,,,,23,Bharat Electronics Ltd,irrelevant,"Article about Belarus' greenhouse gas emissions target, not related to a specific company's stock or business"
18369583,6054 baleares 4 marbella 0 la costa del sol pierde su hegemonia estival,,,,23,Bharat Electronics Ltd,irrelevant,"Sports news about a soccer match, no relation to a company's stock or business"
28248560,"Share Market LIVE Updates: Sensex, Nifty Flat; IT Shares Fall, Auto Stocks, Reliance Industries Gain",,,,1,Reliance Industries Ltd,relevant,"Market update mentioning Reliance Industries' stock performance, directly related to the company's stock price"
24122282,Nobel za trumpa i kima vec se doga alo da su nagradu dobile nasilne osobe 1251567,,,,23,Bharat Electronics Ltd,irrelevant,"Article about a Nobel Prize, seemingly unrelated to a specific company's stock or business"
28756268,"Titan Company share turned 1 lakh rupee into 11 crore rupee - Business News India - 2 &#x930;&#x941;&#x92A;&#x92F;&#x947; &#x938;&#x947; 2200 &#x915;&#x947; &#x92A;&#x93E;&#x930; &#x92A;&#x939;&#x941;&#x902;&#x91A;&#x93E; &#x91F;&#x93E;&#x91F;&#x93E; &#x917;&#x94D;&#x930;&#x941;&#x92A; &#x915;&#x93E; &#x92F;&#x939; &#x936;&#x947;&#x92F;&#x930;, 1 &#x932;&#x93E;&#x916; &#x915;&#x947; &#x92C;&#x928;",,,,17,Titan Company Ltd,relevant,"Article about Titan Company's stock performance, specifically mentioning a significant return on investment"
22168004,Ex new belgium ceo watermelon water startup backed by beyonc is moving hq to denver,,,,23,Bharat Electronics Ltd,relevant,"Article about a startup backed by Beyoncé, led by ex-New Belgium CEO, moving HQ to Denver — company-specific news"
24128501,2291119 20180617 belgique apres serie attaques distributeurs billets fermes nuit,,,,23,Bharat Electronics Ltd,irrelevant,"Article about Belgium, but not primarily about a company — appears to be a news brief about ATM closures"
20735262,Aussenminister belgien cetaeinigung noch am donnerstag moglich,,,,23,Bharat Electronics Ltd,irrelevant,Article about Belgian foreign minister and CETA agreement — not primarily about a company
20730632,Rating roundup fitch samsung droht langwieriger imageschaden 1001454441,,,,16,ITC Ltd,relevant,Article about Fitch rating and potential long-term image damage to Samsung — company-specific financial news
31331541,Nobel per la Medicina agli americani Ambros e Ruvkun |  cosa sono i microRna scoperti dai due studiosi,,,,23,Bharat Electronics Ltd,irrelevant,Article about Nobel Prize in Medicine winners — not related to a specific company
31332811,"Nobel Prize in Medicine for 2024 awarded to Victor Ambros, Gary Ruvkun for discovery of microRNA",,,,23,Bharat Electronics Ltd,irrelevant,"The article is about the Nobel Prize in Medicine, which is not related to a specific company's stock or business performance."
24117600,Nog meer pech voor belgian lions tumba moet selectie geblesseerd verlaten,,,,23,Bharat Electronics Ltd,irrelevant,"The article appears to be about a sports injury, specifically a Belgian sports team player getting injured, which is not related to a company's stock or business performance."
20736353,Belta belaruski referentni tsentrove na pravna informatsiya otvoriha v moldova,,,,23,Bharat Electronics Ltd,irrelevant,"The article seems to be about a Belarusian information center opening in Moldova, which does not directly relate to a company's stock or business performance."
27593693,Visitor restrictions loosened at Beloit Memorial Hospital,,,,23,Bharat Electronics Ltd,irrelevant,"The article is about visitor restrictions being loosened at a hospital, which is not related to a company's stock or business performance."
20735191,Stiri actual rusia sustine ca belgia ca ar fi efectuat un raid aerian in apropiere de orasul sirian alep 302288,,,,23,Bharat Electronics Ltd,irrelevant,"The article appears to be about a geopolitical incident or rumor, not directly related to a company's stock or business performance."
22164377,Belmont county animal shelter receives major donation,,,,23,Bharat Electronics Ltd,irrelevant,"Local charity donation, not related to a company's financial news or actions"
22170930,Six drug overdoses two fatal in 5 day span in belmont county,,,,23,Bharat Electronics Ltd,irrelevant,"Local incident report, not related to a company's financial news or actions"
24130606,Restorers unveil original face belgiums mystic lamb 194913255,,,,23,Bharat Electronics Ltd,irrelevant,"Cultural or artistic news, not related to a company's financial news or actions"
20731228,Fitch money funds not taking chances on liquidity as reform looms 2016 10 13,,,,16,ITC Ltd,irrelevant,"Article about Fitch and money funds, but not specifically about a company's financial news or actions"
22170962,Gilbert  cook inc buys wells fargo ipath bloomberg commodity index total return etn ishares core sp smallcap sells ishares core growth allocation titan machinery inc spdr select sector fund  consumer discretionary,,,,17,Titan Company Ltd,relevant,"Details a specific investment firm's portfolio changes, directly relevant to financial markets and investment strategies"
27592660,Lukashenko stages Belarusian 'People's Assembly' as opposition cries foul &#x2013; EURACTIV.com,,,,23,Bharat Electronics Ltd,irrelevant,"Article about Lukashenko and Belarusian politics, no business or financial relevance"
20737048,Campbell institute releases white paper workplace wellbeing 153000795,,,,23,Bharat Electronics Ltd,irrelevant,"White paper on workplace wellbeing from Campbell institute, not primarily about Campbell as a company"
28251027,Canadian David Card One of Three U.S. Based Economists to Win Nobel Prize,,,,23,Bharat Electronics Ltd,irrelevant,"Nobel Prize announcement for economists, not related to a specific company's business or financials"
20739067,Bob dylan rompe el silencio y acepta el nobel de literatura,,,,23,Bharat Electronics Ltd,irrelevant,"Bob Dylan accepting Nobel Prize in Literature, no business or financial relevance"
20737920,Ceta un accord entre les parties belges trouve 27 10 2016 11271392,,,,23,Bharat Electronics Ltd,irrelevant,"Article about CETA agreement between Belgian parties, not primarily about a company's business or financials"
27593789,Court today: Racially aggravated Worcester assault and Redditch murder trial nears a close,,,,16,ITC Ltd,irrelevant,"The article is about a court trial, but it does not mention any company, therefore it is not relevant to a portfolio manager."
22161048,Protesters politics without taboos greet trump belgium,,,,23,Bharat Electronics Ltd,irrelevant,"The article is about politics and a protest, but it does not mention any company, therefore it is not relevant to a portfolio manager."
31330916,"BIG ARTS to host film screening | News, Sports, Jobs - SANIBEL-CAPTIVA - Island Reporter, Islander and Current",,,,23,Bharat Electronics Ltd,irrelevant,"The article is about an event hosted by BIG ARTS, but it appears to be a local event and does not seem to have any significant business impact, therefore it is not relevant to a portfolio manager."
28759493,Reliance Brands to buy 40% in Italian companies India toy manufacturing business,,,,1,Reliance Industries Ltd,relevant,"The article is about Reliance Brands making a significant investment in an Italian company's India toy manufacturing business, which is a corporate action that could impact the company's stock."
28754810,Bitcoin Religion Morals Jordan Peterson - Bitcoin Magazine,,,,16,ITC Ltd,irrelevant,"The article is about Bitcoin and a personality, but it does not seem to have any significant business impact or mention a specific company, therefore it is not relevant to a portfolio manager."
20734555,Bob dylan premio nobel literatura 0 2089591027,,,,23,Bharat Electronics Ltd,irrelevant,"The article is about Bob Dylan winning the Nobel Prize in Literature, not related to a specific company"
24129300,Une nouvelle tour dhabitation voisine du centre bell,,,,23,Bharat Electronics Ltd,irrelevant,"The article is about a new residential tower near a Bell center, not related to a specific company"
28249272,"Reliance Industries: Reliances Big Step In The Solar Energy Sector, Bought A Chinese Company Rec Solar Holdings For 771 Million Dollar - Reliance Industries: &#x938;&#x94C;&#x930; &#x90A;&#x930;&#x94D;&#x91C;&#x93E; &#x915;&#x94D;&#x937;&#x947;&#x924;&#x94D;&#x930; &#x92E;&#x947;&#x902; &#x930;&#x93F;&#x932;&#x93E;&#x92F;&#x902;&#x938; &#x915;&#x93E; &#x92C;&#x921;&#x93C;&#x93E; &#x915;&#x926;&#x9",,,,1,Reliance Industries Ltd,relevant,"The article is about Reliance Industries' acquisition in the solar energy sector, directly related to the company's business"
28248190,Two journalists win Nobel Peace Prize for their fight against media attacks,,,,23,Bharat Electronics Ltd,irrelevant,"The article is about journalists winning the Nobel Peace Prize, not related to a specific company"
27597216,"Biden Pitches Road Map for Pandemic Relief, Equity and Unity in Milwaukee Town Hall",,,,16,ITC Ltd,irrelevant,"The article is about President Biden's speech on pandemic relief, not related to a specific company"
28753964,Bitcoin ATM installations record low in May,,,,16,ITC Ltd,irrelevant,"The article is about a general trend in Bitcoin ATM installations, not specifically about a company"
20739682,Isis belgium terror attacks brussels paris new arrests operations arrested searches charged islamic a7369626,,,,23,Bharat Electronics Ltd,irrelevant,The article appears to be about terrorism-related news and does not mention a specific company
28757535,Regional development concept presented in Belarus,,,,23,Bharat Electronics Ltd,irrelevant,"The article is about a regional development concept in Belarus, not specifically about a company"
28249617,Inflation in Belarus at 1.3% in September,,,,23,Bharat Electronics Ltd,irrelevant,"The article is about inflation in Belarus, a macroeconomic topic, and does not focus on a specific company"
28752023,EU adopts sixth package of sanctions against Russia/Belarus,,,,23,Bharat Electronics Ltd,irrelevant,"The article is about EU sanctions against Russia and Belarus, a geopolitical topic, and does not focus on a specific company"
22160157,"Cankaya belediyesinden vergi odeme uyarisi(17,n,12604767,113)",,,,23,Bharat Electronics Ltd,irrelevant,"The title appears to be a local government tax payment warning in Turkish, with no clear connection to a specific company's financial news."
22158595,Campbell soup cuts 2017 sales outlook but raises adj ebit and adj eps view 20170519 00250,,,,23,Bharat Electronics Ltd,relevant,"Campbell Soup cuts sales outlook and raises adjusted EBIT and EPS view, directly impacting financials."
20731726,Cabelas cab q3 earnings revenues 193807528,,,,23,Bharat Electronics Ltd,relevant,"Cabela's reports Q3 earnings and revenues, a direct financial result."
28248993,"Abdulrazak Gurnah : ""Pens&#xE9; que era una broma"", dijo el ganador del premio Nobel de Literatura",,,,23,Bharat Electronics Ltd,irrelevant,"The title is about a Nobel Prize in Literature winner's reaction, with no apparent connection to financial news or a specific company."
27593591,Welcome To IANS Live  - LatestNews - Recovering petroleum demand to support OMCs profitability: Fitch,,,,16,ITC Ltd,relevant,"Fitch discusses recovering petroleum demand supporting OMCs (Oil Marketing Companies) profitability, which could impact stock performance."
31333661,"&#xBF;Qui&#xE9;nes son Victor Ambros y Gary Ruvkun, ganadores del Nobel de Medicina 2024?",,,,23,Bharat Electronics Ltd,irrelevant,"The article appears to be about the winners of the Nobel Prize in Medicine 2024, with no mention of a specific company"
24113629,Suspects wanted in pair of bellevue robberies 486327511,,,,23,Bharat Electronics Ltd,irrelevant,"The article is about a local crime incident, specifically a robbery in Bellevue, with no apparent connection to a company"
27592992,Grasim Ind Q3 PAT zooms 103% YoY to Rs 1384 cr,,,,38,Grasim Industries Ltd,relevant,"The article reports on Grasim Industries' Q3 financial results, specifically a 103% YoY increase in PAT, which is directly relevant to investors"
24120978,43568 programa de embellecimiento urbano,,,,23,Bharat Electronics Ltd,irrelevant,"The article appears to be about an urban beautification program, with no apparent connection to a company"
31330583,Marks and Spencer shoppers 'can't believe' how 'gorgeous' &#xA3;55 dress is,,,,23,Bharat Electronics Ltd,irrelevant,"The article is a consumer-focused piece about a dress sold by Marks and Spencer, with no material business impact or company announcement"
20731799,Chto vy znaete o nobelevskom laureate bobe dilane slozhnyy test 728646,,,,23,Bharat Electronics Ltd,irrelevant,"The article appears to be a quiz about Bob Dylan, a Nobel laureate, with no clear connection to a specific company or financial news"
22165936,Siemens completes extensive service jebel ali k station%e2%80%99s gas turbines record time 97649,,,,23,Bharat Electronics Ltd,relevant,"Siemens completes service at Jebel Ali K station's gas turbines in record time, a notable corporate achievement"
20737910,"Veysel karani beldesinin cehresi degisiyor(17,n,12380312,421)",,,,23,Bharat Electronics Ltd,irrelevant,"The title appears to be about a local or regional development project, but does not clearly mention a specific company or financial news"
18373436,Belorusskij futbolist nazval pjarnu bolshoj derevnej s prilichnymi cenami,,,,23,Bharat Electronics Ltd,irrelevant,"The article seems to be about a Belarusian football player's comments, unrelated to financial news or a specific company"
18373902,Now available cabela s incorporated construction c r4283904,,,,23,Bharat Electronics Ltd,relevant,"Cabela's Incorporated construction update, potentially material news for the company"
18368212,Crews battling brush fire in montebello,,,,23,Bharat Electronics Ltd,irrelevant,"Local incident of a brush fire, no material impact on a company"
20731006,Bob dylan 35 fakte per legjenden e muzikes qe fitoi nobelin ne letersi,,,,23,Bharat Electronics Ltd,irrelevant,"Article about Bob Dylan, not related to a company or financial news"
31331851,Il commento all'assegnazione Premi Nobel Medicina 2024 | Consiglio Nazionale delle Ricerche,,,,23,Bharat Electronics Ltd,irrelevant,"Comment on Nobel Prize in Medicine, no company-specific information"
22166936,Polres pelabuhan belawan tindak pelanggar lali,,,,23,Bharat Electronics Ltd,irrelevant,"Local law enforcement action, no material impact on a company"
28751838,Vi&#x161;i sud: Potvr&#x111;ena druga optu&#x17E;nica protiv Vuka Belivuka i drugih,,,,23,Bharat Electronics Ltd,irrelevant,"News about a legal case, but not related to a company or financial news"
18376206,Belford to pay tribute to its former pows 1 3857830,,,,23,Bharat Electronics Ltd,irrelevant,The article title does not mention a company and appears to be about a local event or tribute
20736364,Brussels gives green light belgiums first middle school,,,,23,Bharat Electronics Ltd,irrelevant,"The article title mentions a city and a general topic (middle school), but does not specifically reference a company"
28248110,Nobel de la Paz para los periodistas Mar&#xED;a Ressa y Dmitry Muratov,,,,23,Bharat Electronics Ltd,irrelevant,"The article title is about a Nobel Prize awarded to individuals, not a company"
24116158,497315 belgia pesta gol ke gawang panama,,,,23,Bharat Electronics Ltd,irrelevant,The article title appears to be about a sports event and does not mention a company
28245879,"After Hailing Editor's Nobel, Kremlin's Media Crackdown Goes On",,,,23,Bharat Electronics Ltd,irrelevant,"The article title mentions the Kremlin's media crackdown, which is a government action, and does not specifically reference a company"
27596142,Kitchener softball rents new facility for players to practice,,,,16,ITC Ltd,irrelevant,Local sports news about a softball team renting a facility — not material business news
28248175,Nobel Prize in Chemistry goes to developers of new molecular construction tool,,,,23,Bharat Electronics Ltd,irrelevant,General news about the Nobel Prize in Chemistry — not related to a specific company
27599059,NURDOR obele&#x17E;ava Svetski dan dece obolele od raka,,,,23,Bharat Electronics Ltd,irrelevant,Non-English article with unclear content — no indication of business relevance
28751603,"Reliance, Apollo Global close in on Boots buyout; bid may come in today",,,,1,Reliance Industries Ltd,relevant,Reliance and Apollo Global near buyout deal for Boots — direct corporate action news
31331926,Prix Nobel : l'&#xE9;dition 2024 submerg&#xE9;e par le tsunami de l'IA,,,,23,Bharat Electronics Ltd,irrelevant,General discussion about the 2024 Nobel Prize and AI — not company-specific news
27595683,"It is mortally dangerous for Russia to lose Belarus, Lukashenko claims",,,,23,Bharat Electronics Ltd,irrelevant,Article is about geopolitics and not primarily about a specific company
22158046,Global amorphous high polymer market 2017 rtp company the chemours company bellex international corporation,,,,23,Bharat Electronics Ltd,irrelevant,"Article appears to be a market report listing various companies, not focused on one company's business news"
18379822,Fitch publishes servicer report on walker dunlop llc 2015 08 13,,,,16,ITC Ltd,irrelevant,"Article is a servicer report by Fitch, not primarily about the company's business news or actions"
20731445,Belorusskiy samolet vernuli v kiev pod ugrozoy podnyat istrebiteli,,,,23,Bharat Electronics Ltd,irrelevant,"Article appears to be a news story in a foreign language, likely about a geopolitical or general news topic, not specifically about a company's business"
24130787,Wipro ceo abidali neemuchwalas pay package up 34 5 in 2018 rishad premjis increase over 250 1789195,,,,35,Wipro Ltd,relevant,"Article reports on the CEO's pay package increase, which is a corporate-level financial disclosure"
28249267,"Belarussin im Exil: &#x201E;Die Verletzlichkeit ist eine Grundlage f&#xFC;r jede Demokratie""",,,,23,Bharat Electronics Ltd,irrelevant,The article title does not mention a specific company and appears to be about a political figure or topic
22163594,Canadian pacific railway limited cp shares bought by reliance trust co of delaware updated updated updated,,,,1,Reliance Industries Ltd,relevant,"The article title mentions a specific company, Canadian Pacific Railway Limited, and a stock purchase by a trust company"
18370218,Reliance comm gets several bids for tower unit stake sale 115081700912 1,,,,1,Reliance Industries Ltd,relevant,The article title mentions Reliance Communications and a potential stake sale in its tower unit
24129059,25ste editie fotomanifestatie noorderlicht start in museum belv%c3%a9d%c3%a8re 23293774,,,,23,Bharat Electronics Ltd,irrelevant,The article title does not mention a specific company and appears to be about a cultural event
28251186,"Global stocks rise on the back of optimism over a deal on the US debt limit, while bitcoin hovers at 5-month highs around $55,000",,,,16,ITC Ltd,irrelevant,The article title discusses global stock market trends and does not focus on a specific company
24128901,Bjp mlas ready switch congress belur gopalakrishna,,,,23,Bharat Electronics Ltd,irrelevant,"The article appears to be about local politics in India, not related to a specific company's stock or business"
20737742,376889 despues de 5 dias dylan no se manifiesta sobre nobel,,,,23,Bharat Electronics Ltd,irrelevant,"The article seems to be about a literary or cultural event, not related to a specific company's stock or business"
28249928,India: Reliance New Energy Solar to acquire 40 per cent stake in Sterling and Wilson Solar,,,,1,Reliance Industries Ltd,relevant,The article announces a significant corporate action: Reliance New Energy Solar acquiring a stake in Sterling and Wilson Solar
27592311,Future retail-Reliance deal | Future Group creditors scramble to recover $2.5 billion loans amid Reliance deal woes: Bankers,,,,1,Reliance Industries Ltd,relevant,"The article discusses the financial implications of a deal between Future Retail and Reliance, specifically the impact on creditors and loans"
27596491,Belarusian commodity exchange seeks closer cooperation with Volgograd Oblast of Russia,,,,23,Bharat Electronics Ltd,irrelevant,"The article appears to be about international trade and cooperation between Belarus and Russia, not related to a specific company's stock or business"
31333374,Dodijeljena Nobelova nagrada za medicinu: Pobjednici su ameri&#x10D;ki znanstvenici,,,,23,Bharat Electronics Ltd,irrelevant,"The article is about the Nobel Prize in Medicine winners, not specifically about a company"
28249979,Big Jack Mulowayi mag zich jaar lang beste bokser van Belgi&#xEB;... (Merksem),,,,23,Bharat Electronics Ltd,irrelevant,"The article is about a boxer, not related to a specific company"
22168218,Ppg houdt alle opties omtrent akzonobel open,,,,23,Bharat Electronics Ltd,relevant,"The article mentions PPG and its options regarding AkzoNobel, indicating a potential business relationship or development"
24126804,Bell leads way pcmags ranking 200000738,,,,23,Bharat Electronics Ltd,irrelevant,"The article appears to be about a ranking by PC Mag, mentioning a person named Bell, not related to a specific company"
31333665,Estos son los ganadores del Premio Nobel de Medicina 2024,,,,23,Bharat Electronics Ltd,irrelevant,"The article is about the Nobel Prize in Medicine winners, not specifically about a company"
31330820,"El Nobel premia a los investigadores que han desvelado el secreto de las prote&#xED;nas, los ladrillos de la vida",,,,23,Bharat Electronics Ltd,irrelevant,"The article is about a Nobel Prize in research on proteins, not related to a specific company"
20731772,Fitch prime money funds position compete reform,,,,16,ITC Ltd,irrelevant,"The article mentions Fitch in a general context of money funds reform, not specifically about Fitch's rating or action on a company"
31331660,Kenny De Ketele arr&#xEA;te comme s&#xE9;lectionneur de l'&#xE9;quipe belge de cyclisme sur piste &#xAB;pour raisons personnelles&#xBB;,,,,23,Bharat Electronics Ltd,irrelevant,"The article is about a personal decision of a sports team coach, not related to a specific company"
18378324,Update +fitch+a+marit+nota+de+rating+a+datoriei+pe+termen+lung+a+greciei,,,,16,ITC Ltd,relevant,"The article is about a rating update by Fitch on Greece's long-term debt, which could impact Greece's financial situation"
20739878,Credit suisse belaesst fresenius se auf neutral ziel 69 euro 1286429,,,,23,Bharat Electronics Ltd,relevant,"The article is about Credit Suisse's neutral rating and price target for Fresenius SE, a specific company"
28248981,Reliance Retail to open 7-Eleven outlets in India,,,,1,Reliance Industries Ltd,relevant,Reliance Retail partners with 7-Eleven to open outlets in India — major partnership announcement
31333485,Belgravia Group will develop Atavia Condominiums in North Scottsdale,,,,23,Bharat Electronics Ltd,irrelevant,Article about Belgravia Group developing a condominium project — not related to a specific stock or company that would require immediate attention from a portfolio manager
28248731,La Jornada - Ifigenia Mart&#xED;nez recibir&#xE1; hoy la Medalla Belisario Dom&#xED;nguez,,,,23,Bharat Electronics Ltd,irrelevant,Article about an award ceremony — not related to a specific stock or company that would require immediate attention from a portfolio manager
28751993,Belgians continue to favour home nation and France as summer holiday destinations,,,,23,Bharat Electronics Ltd,irrelevant,Article about travel trends in Belgium — not related to a specific stock or company that would require immediate attention from a portfolio manager
18376925,Fitch upgrades greece to ccc on third european bailout,,,,16,ITC Ltd,irrelevant,"Article about Fitch upgrading Greece's credit rating — while it mentions a rating, it's about a country, not a specific company"
20736731,Nobelevskiy komitet brosil popytki svyazatsya s laureatom bobom dilanom 730780,,,,23,Bharat Electronics Ltd,irrelevant,"Article appears to be about a Nobel Committee's attempt to contact a laureate, Bob Dylan, but does not seem to be primarily about a specific company's stock or business"
31333572,La lista de los diez &#xFA;ltimos ganadores del Premio Nobel de Econom&#xED;a | Internacional,,,,23,Bharat Electronics Ltd,irrelevant,"List of last 10 Nobel Prize in Economics winners, not related to a specific company's stock or business news"
31333748,"Descoperirea microARN-ului, r&#x103;spl&#x103;tit&#x103; cu Premiul Nobel. C&#xE2;&#x219;tig&#x103;torii sunt Victor Ambros &#x15F;i Gary Ruvkun",,,,23,Bharat Electronics Ltd,irrelevant,"Article about Nobel Prize winners in a scientific field, not related to a specific company's stock or business news"
31331571,U.S. pair wins Nobel in medicine for discovery of microRNA,,,,23,Bharat Electronics Ltd,irrelevant,"Article about U.S. pair winning Nobel Prize in medicine, not related to a specific company's stock or business news"
18372762,Agentura fitch zvysila rating grecka,,,,16,ITC Ltd,relevant,"Article mentions Fitch agency raising Greece's rating, which could have implications for Greek stocks or bonds"
22168489,Ashford trust completes refinancing of hotel indigo atlanta 300463558,,,,39,InterGlobe Aviation Ltd,relevant,Ashford trust completes refinancing of hotel - direct corporate action with financial impact
28751537,"Fitch Withdraws Ratings on Evergrande, Subsidiaries",,,,16,ITC Ltd,relevant,"Fitch Withdraws Ratings on Evergrande, Subsidiaries - credit rating change with direct financial impact"
28249551,Premio Nobel | Nobel de Literatura 2021 fue para Abdulrazak Gurnah | NNDC | ESPECTACULOS,,,,23,Bharat Electronics Ltd,irrelevant,Literature Nobel Prize announcement - unrelated to business or financial news
18370262,Titanic violin to go on display next year at 2 us 6446335,,,,17,Titan Company Ltd,irrelevant,"Titanic violin to go on display - unrelated to business or financial news, individual item"
20738891,Mid belgii vyzovet posla rossii iz za obvineniy v bombardirovkah aleppo 227684,,,,23,Bharat Electronics Ltd,irrelevant,Diplomatic incident between Belgium and Russia - unrelated to business or financial news
31331171,W&#x142;a&#x15B;ciciel warszawskiego hotelu Bellotto na zakupach w Bielsku-Bia&#x142;ej,,,,23,Bharat Electronics Ltd,irrelevant,"Article appears to be about a hotel owner making purchases, but it's not clear if it's about the company's business operations or a personal matter, and the language is not English"
24125679,New delhi security agencies indigo airlines jaipur korea graph flight bombs false news news in hindi 244357,,,,39,InterGlobe Aviation Ltd,irrelevant,"Article seems to be about false news regarding Indigo Airlines, but the language is not English and it's not clear if it's specifically about the company's actions or a general news story"
22168580,Schulte roth zabel hosts seminar shareholder activism,,,,23,Bharat Electronics Ltd,irrelevant,"Article is about a law firm hosting a seminar on shareholder activism, not specifically about a company's business operations or financials"
27592759,"Harsher Charges Revealed Against Jailed Belarusian Opposition Figures Kalesnikava, Znak",,,,23,Bharat Electronics Ltd,irrelevant,"Article appears to be about political news and charges against opposition figures, not related to a specific company's business operations or financials"
28245963,UEFA Nations League: Courtois Sakit Hati Belgia Gagal ke Final,,,,23,Bharat Electronics Ltd,irrelevant,"Article is about a sports event and a player's reaction, not related to a specific company's business operations or financials"
24124218,Isabel gemio juan echanove reconocidos gala quijote musica 426031 1,,,,23,Bharat Electronics Ltd,irrelevant,"The article appears to be about a gala event and celebrity recognitions, with no clear connection to a specific company's business or financial news"
31332432,"Nobel Prize For Medicine Awarded To US Scientists Victor Ambros, Gary Ruvkin",,,,23,Bharat Electronics Ltd,irrelevant,"The article is about the Nobel Prize in Medicine being awarded to scientists, which is not related to a specific company's financial news or business developments"
20736738,Regiony belgii dogovorilis o podpisanii torgovogo soglasheniya es i kanady 228485,,,,23,Bharat Electronics Ltd,irrelevant,"The article discusses a trade agreement between Belgium, the EU, and Canada, which is a macroeconomic or political topic and does not focus on a specific company's performance or actions"
20730660,Haruki murakami favorit la castigarea nobelului pentru literatura la casele de pariuri,,,,23,Bharat Electronics Ltd,irrelevant,"The article is about literary odds and a famous author's potential Nobel win, which is not related to business or financial news of a specific company"
27598722,Belgian Lawmakers Submit Resolution Recognizing Xinjiang Abuses as 'Genocide'-535998,,,,23,Bharat Electronics Ltd,irrelevant,"The article discusses a political resolution regarding human rights abuses in Xinjiang, which is a political or social issue and not specifically about a company's business or financial news"
31330601,U.S. scientists David Baker and John Jumper and Britain's Demis Hassabis win Nobel Prize in Chemistry for cracking code of proteins' structure | Indiablooms,,,,23,Bharat Electronics Ltd,irrelevant,"The article is about the Nobel Prize in Chemistry and does not mention any company, making it unrelated to a portfolio manager's stock holdings."
20731486,Lampe belaesst deutsche bank auf kaufen ziel 21 euro 4523034,,,,23,Bharat Electronics Ltd,relevant,"The title appears to be about a stock recommendation or target price for Deutsche Bank, indicating a potential financial impact on the company."
28757521,Bluebell Capital Partners asks Glencore for radical climate policy changes inviting stakeholders for support via UN PRI,,,,23,Bharat Electronics Ltd,relevant,"The article involves Bluebell Capital Partners asking Glencore for climate policy changes, which could affect Glencore's strategy and operations, making it relevant to a portfolio manager."
28247283,"Nobel Peace Prize awarded to journalists working to safeguard freedom of expression in Russia, Philippines",,,,23,Bharat Electronics Ltd,irrelevant,"The article is about the Nobel Peace Prize and does not mention any company, making it unrelated to a portfolio manager's stock holdings."
31333088,Belgische slachtoffers en hulpverleners getuigen in aangrijpende docureeks 'Tsunami',,,,23,Bharat Electronics Ltd,irrelevant,"The article appears to be about a documentary series and does not mention any company, making it unrelated to a portfolio manager's stock holdings."
18367472,Belen mayor vows town will fight to defend cregraveche,,,,23,Bharat Electronics Ltd,irrelevant,The article title does not mention a company and appears to be about a local political issue in Belen
18367254,Cooling centres open in belleville,,,,23,Bharat Electronics Ltd,irrelevant,The article title does not mention a company and appears to be about a local event in Belleville
31333829,US pair win Nobel medicine prize for gene regulation discovery - Radio Sweden,,,,23,Bharat Electronics Ltd,irrelevant,The article title does not mention a specific company and appears to be about a general scientific discovery
24120377,Belgium and iom collaborate reduce high costs money transfers developing countries,,,,23,Bharat Electronics Ltd,irrelevant,"The article title mentions a collaboration between Belgium and an organization (IOM), but does not specifically mention a company"
20731379,Fitch rates ppgs proposed euro denominated sr,,,,16,ITC Ltd,relevant,"The article title mentions Fitch ratings for a proposed euro-denominated senior rating by PPG, indicating a financial action related to the company PPG"
24129743,Jadwal siaran langsung belgia vs panama di piala dunia 2018,,,,23,Bharat Electronics Ltd,irrelevant,"Sports schedule, no business news or company mention"
27592833,Whitchurch residents organise campaign against Lawn plans,,,,16,ITC Ltd,irrelevant,"Local campaign against a development plan, no company mentioned"
18380026,Belarus authorities will hardly change election campaign to meet,,,,23,Bharat Electronics Ltd,irrelevant,"Politics, no business news or company mention"
22169669,Titan platform us names senior consumer electronics media and retail marketer alan cohen as cmo to drive product and go to market strategies 300462045,,,,17,Titan Company Ltd,relevant,"Titan platform announces new CMO, corporate action affecting strategy"
22170754,Filing indicates dartmouth hitchcock s restructuring plan is on track 10240559,,,,16,ITC Ltd,relevant,"Dartmouth Hitchcock's restructuring plan update, financial and corporate news"
20738877,Twitter ferme son bureau en belgique cinq personnes devraient perdre leur emploi,,,,23,Bharat Electronics Ltd,relevant,"Twitter closes its Belgian office, affecting 5 jobs — corporate restructuring action"
24115632,Belgica se debate entre finalizar primera o segunda del grupo g,,,,23,Bharat Electronics Ltd,irrelevant,"Article about a sports event, only mentions Belgium as a location — not related to a specific company"
28753952,Japonya'dan Rusya ve Belarus'taki bankalara yapt&#x131;r&#x131;m,,,,23,Bharat Electronics Ltd,irrelevant,Article about sanctions on Russian and Belarusian banks — not primarily about a specific company
27592279,Global Power Over Ethernet (POE) Network Switches Market latest demand by 2020-2025 with leading players & COVID-19 Analysis &#x2013; KSU,,,,16,ITC Ltd,irrelevant,"Market research report on Power Over Ethernet (POE) Network Switches, mentions no specific company as subject"
27597911,"Crude Oil - Feb 17, 2021 - Reliance Securities",,,,1,Reliance Industries Ltd,irrelevant,"Financial market analysis on crude oil, not primarily about a specific company"
31334119,"Big boost for Mukesh Ambani, Isha Ambani as Reliance Retail net profit jumps 1.3% to Rs..., number of new stores at...",,,,1,Reliance Industries Ltd,relevant,Reliance Retail's net profit and new store numbers are reported — financial and operational results
18368945,Murio jorge rua presidente belgrano 0 1412859040,,,,23,Bharat Electronics Ltd,irrelevant,Article appears to be in a different language and unrelated to business news or a specific company
28249569,Escritor tanzano Abdulrazak Gurnah gana Premio Nobel de Literatura,,,,23,Bharat Electronics Ltd,irrelevant,Literary award announcement unrelated to business or financial news
28759437,Bellerophon Therapeutics (NASDAQ:BLPH) Downgraded by Zacks Investment Research,,,,23,Bharat Electronics Ltd,relevant,Analyst downgrade of Bellerophon Therapeutics' stock rating — direct impact on company's stock
22162142,239117 v litve na territoriju posolstva belorussii brosili petardu,,,,23,Bharat Electronics Ltd,irrelevant,Incident report in a foreign embassy — not related to business or financial news of a specific company
22161223,Us41 million of equipment sold at ritchie bros fort worth tx auction 623131183,,,,16,ITC Ltd,relevant,"Ritchie Bros auction result shows $41 million equipment sale, directly related to company's business performance"
18367147,"Fitch bestaetigt daenemark mit aaa und slowakei mit a,a4308692",,,,16,ITC Ltd,irrelevant,"Fitch ratings for Denmark and Slovakia, not primarily about a specific company"
31331463,Nagroda Nobla 2024 z fizjologii lub medycyny. Nagroda Nobla z medycyny 2024. Medyczny Nobel 2024.,,,,23,Bharat Electronics Ltd,irrelevant,"Nobel Prize in Physiology or Medicine announcement, not related to a specific company"
20734540,2137483 nobelevskuju premiju po literature poluchil bob dilan,,,,23,Bharat Electronics Ltd,irrelevant,"Nobel Prize in Literature announcement, not related to a specific company"
18369245,One dead after fire in belleville,,,,23,Bharat Electronics Ltd,irrelevant,"Local incident report of a fire, not related to a specific company's business"
18373928,Fitch upgrades florida municipal loan council infrastructure,,,,16,ITC Ltd,irrelevant,"The article is about Fitch upgrading a municipal loan council infrastructure, not primarily about a specific company"
20732996,Raccoon takes bellarmine students phone,,,,23,Bharat Electronics Ltd,irrelevant,"The article is about a raccoon taking a student's phone, an individual incident with no business impact"
28245614,"Mitch McConnell, Tom Cotton Reportedly Plot Behind Donald Trump's Back To Stop Overturning The 2020 Election Results",,,,16,ITC Ltd,irrelevant,"The article is about politics and a plot to stop overturning election results, not primarily about a specific company"
18371560,Girl takes her senior photos at taco bell 2015 8,,,,23,Bharat Electronics Ltd,irrelevant,"The article is about a girl taking senior photos at Taco Bell, a consumer/lifestyle story with no business impact"
24118831,44121257 bitcoin group die bullen sind gefragt jetzt gilts 490,,,,16,ITC Ltd,irrelevant,"The article appears to be about a bitcoin group and market trends, but the title is unclear; however, it does not seem to be primarily about a specific company"
28250459,"Reliance Industries agrees to buy up to 40% of Sterling and Wilson Solar for Rs 3,630 cr",,,,1,Reliance Industries Ltd,relevant,"Reliance Industries agrees to buy up to 40% of Sterling and Wilson Solar - corporate action, acquisition announcement"
22171497,Global travel switches market 2017 share trend segmentation and forecast to 2022,,,,16,ITC Ltd,irrelevant,"Market research report on travel switches, not primarily about a specific company"
18368611,Cipla standalone net profit rises 107 74 in the june 2015 quarter 115081501017 1,,,,44,Cipla Ltd,relevant,"Cipla's standalone net profit rises 107.74% - financial result, earnings announcement"
20733758,Wipro launches treasury dna decisions and analytics platform powered by bellin s tm5,,,,35,Wipro Ltd,relevant,"Wipro launches new treasury platform - product launch, corporate action"
24120732,Info sought on item from isabella county farm,,,,23,Bharat Electronics Ltd,irrelevant,"Local farm item inquiry, not material or company-related news"
22170909,Rockwell collins inc col stake reduced by reliance trust co of delaware updated updated updated,,,,1,Reliance Industries Ltd,relevant,Rockwell Collins' stake reduced by Reliance Trust Co. of Delaware - direct mention of the company's stock holding
22164107,Bitcoins murkier rivals line up to displace it as cybercriminals favourite 20170518 gw8chp,,,,16,ITC Ltd,irrelevant,"Article about Bitcoin and its rivals, no direct mention of a specific company's stock or business"
24130195,Un label pour aider les fetards a rentrer chez eux,,,,23,Bharat Electronics Ltd,irrelevant,"French article about a label to help partygoers get home, no business or financial relevance"
28249803,Friedensnobelpreistr&#xE4;ger wird am Freitag verk&#xFC;ndet | Tiroler Tageszeitung Online,,,,23,Bharat Electronics Ltd,irrelevant,"Article about the Nobel Peace Prize announcement, no direct mention of a specific company's stock or business"
24130942,2816281 maintenant nobel donald trump kim jong,,,,23,Bharat Electronics Ltd,irrelevant,"Article about Donald Trump and Kim Jong, no direct mention of a specific company's stock or business"
28758057,An Ominous Taco Bell Is Giving Fans Serious 'Demolition Man' Vibes,,,,23,Bharat Electronics Ltd,irrelevant,"Article mentions Taco Bell but is about a themed restaurant giving fans movie vibes, not company news"
31333734,Nobelio medicinos premija paskirta amerikie&#xE8;iams u&#xFE; mikro-RNR atradim&#xE0;,,,,23,Bharat Electronics Ltd,irrelevant,"Article about a Nobel Prize in medicine, no mention of a company related to the topic"
24115772,Koenigsberger ludwig bundeslaender akzeptieren keine finanzielle mehrbelastung in sachen auva,,,,23,Bharat Electronics Ltd,irrelevant,"Article appears to be about German states and financial burdens, no clear company connection"
24125738,I m neighbour not invader taoiseach builds bridges symbolic belfast trip,,,,23,Bharat Electronics Ltd,irrelevant,"Article about political visit and symbolism, no company mentioned or implied"
28756469,Taco Bell's First Defy Drive-Thru Opens in Minnesota,,,,23,Bharat Electronics Ltd,relevant,"Taco Bell opens its first Defy Drive-Thru, a significant business development and new product launch"
20738401,Barclays belaesst daimler auf equal weight ziel 70 euro 3767577,,,,23,Bharat Electronics Ltd,relevant,Barclays analyst upgrades Daimler to equal weight with a target price of 70 euros — analyst action on Daimler's stock
28249710,"SOUNDFORM Freedom True Wireless, los nuevos auriculares de Belkin, con el Buscar de Apple",,,,23,Bharat Electronics Ltd,irrelevant,"Belkin launches new wireless earbuds with Apple Find My feature — product news, but primarily a consumer tech announcement"
22161026,Texas team trail presented by cabela s ends season with championship on lake livingston %c2%a0,,,,23,Bharat Electronics Ltd,irrelevant,"Cabela's-sponsored fishing tournament ends with championship — a single event, not material to Cabela's business"
28246979,"Nobel per la Pace 2021, il premio ai giornalisti Maria Ressa e Dmitry Muratov per le lotte per la libert&#xE0; di parola nelle Filippine e in Russia",,,,23,Bharat Electronics Ltd,irrelevant,Nobel Peace Prize awarded to journalists Maria Ressa and Dmitry Muratov — unrelated to business news
28758263,Y&#x131;ld&#x131;r&#x131;m Belediyesi'nden gen&#xE7;lere moral,,,,23,Bharat Electronics Ltd,irrelevant,"Yıldırım Municipality provides morale to young people — local community event, not business-related"
28248765,A fost anun&#x21B;at laureatul Premiului Nobel pentru literatur&#x103;,,,,23,Bharat Electronics Ltd,irrelevant,"The article is about the Nobel Prize in literature, not related to any company"
18371692,Ace ltd unit ace european group ltd liable for abercrombie fitch co,,,,16,ITC Ltd,relevant,"The article mentions Abercrombie & Fitch Co, indicating a legal or regulatory issue"
22165362,B31 5rs severn trent water limited environmental permit application advertisement,,,,42,Trent Ltd,irrelevant,"The article appears to be an advertisement for an environmental permit application, not a company-specific news"
27598505,"Panificatori, Emanuele Bonafini confermato presidente - La voce del Trentino",,,,42,Trent Ltd,relevant,"The article mentions Emanuele Bonafini being confirmed as president of Panificatori, indicating a corporate leadership change"
18376363,Fitch rates americredit automobile receivables trust 2015 3,,,,16,ITC Ltd,relevant,"The article mentions Fitch rating Americredit Automobile Receivables Trust 2015-3, indicating a credit rating action"
24119485,"Gruppe g durchenglands sieg belgien fuersachtelfinale qualifiziert a 50,1,3682177656",,,,23,Bharat Electronics Ltd,irrelevant,"Article appears to be about a sports event, not a company-specific news"
24113576,176515 trump nominohet per cmimin nobel per paqe nga norvegjezet,,,,23,Bharat Electronics Ltd,irrelevant,"Article appears to be about a Nobel Prize nomination, not a company-specific news"
28249806,"Bitcoin, Ethereum, Dogecoin all in negative territory early Saturday morning",,,,16,ITC Ltd,irrelevant,"Article is about cryptocurrency market trends, not specific to a company"
20730745,Sydney university quidditch society agm (1),,,,16,ITC Ltd,irrelevant,"Article appears to be about a university quidditch society event, not a company-specific news"
27593817,Want A New Car Without Hassles? Maruti Suzuki Subscribe Has Got You Covered!,,,,11,Maruti Suzuki India Ltd,relevant,"Article is about a specific product/service offered by Maruti Suzuki, a company"
28250885,Le Nobel de la paix &#xE0; deux journalistes,,,,23,Bharat Electronics Ltd,irrelevant,"The article is about the Nobel Peace Prize winners, not related to a specific company"
20730497,Fitch rates swedish covenant hospital il revs bbb outlook stable 592414,,,,16,ITC Ltd,relevant,Fitch ratings announcement directly impacts the Swedish Covenant Hospital's financial situation
27596649,&#x421;&#x442;&#x43E;&#x438;&#x43C;&#x43E;&#x441;&#x442;&#x44C; Bitcoin &#x432;&#x43F;&#x435;&#x440;&#x432;&#x44B;&#x435; &#x43F;&#x440;&#x438;&#x431;&#x43B;&#x438;&#x437;&#x438;&#x43B;&#x430;&#x441;&#x44C; &#x43A; $50 &#x442;&#x44B;&#x441;&#x44F;&#x447;&#x430;&#x43C;,,,,16,ITC Ltd,irrelevant,"The article is about the price of Bitcoin, a general market update, not company-specific"
31332355,"Lebensmittelverschwendung belastet Umwelt, Wirtschaft und Gesellschaft massiv",,,,23,Bharat Electronics Ltd,irrelevant,"The article discusses food waste as an environmental and economic issue, not related to a specific company"
28752601,Armed man arrested near Brett Kavanaugh's home apparently agreed with Chuck Schumer that Kavanaugh should 'pay the price' over Roe v. Wade &#x2013; twitchy.com,,,,16,ITC Ltd,irrelevant,"The article reports on a political incident involving an individual and a public figure, not related to a company"
28247192,Brexit: M&#xED;che&#xE1;l Martin visits Belfast ahead of protocol talks,,,,23,Bharat Electronics Ltd,irrelevant,"Article is about Brexit and political talks, no mention of a specific company"
22164932,Big boost for bellville 20170523 3,,,,23,Bharat Electronics Ltd,irrelevant,"Title is vague and lacks context, appears to be a local or event-focused article without clear business relevance"
24122875,Why europe%e2%80%99s defence policy hangs on belgium%e2%80%99s fighter jets,,,,23,Bharat Electronics Ltd,irrelevant,"Article discusses European defense policy and Belgium's fighter jets, no specific company mentioned"
31331722,"El Nobel de Literatura reconoce la ""intensa"" prosa po&#xE9;tica de la surcoreana Han Kang",,,,23,Bharat Electronics Ltd,irrelevant,"Literary award given to an author, no business or company relevance"
31333226,Nobel Prize 2024 in Medicine awarded to Victor Ambros and Gary Ruvkun for discovery of...,,,,23,Bharat Electronics Ltd,irrelevant,"Nobel Prize in Medicine awarded to individuals for a discovery, no company mentioned"
27598771,"AKZO NOBEL LANCE UN PROGRAMME DE RACHAT D'ACTIONS, HAUSSE DU B&#xE9;N&#xE9;FICE AU QUATRI&#xE8;ME TRIMESTRE",,,,23,Bharat Electronics Ltd,relevant,"Akzo Nobel announces a share buyback program and an increase in fourth-quarter profit, directly impacting the company's financials and stock"
28756195,"Napoli - Dal Belgio, Mertens ottiene la licenza da allenatore",,,,23,Bharat Electronics Ltd,irrelevant,"Article about a soccer player's coaching license, not related to a company's financials or operations"
18378966,Asesinan a un comandante del rebelde ejercito libre sirio en el libano,,,,23,Bharat Electronics Ltd,irrelevant,"News about the assassination of a Syrian rebel army commander, unrelated to a specific company's business"
27595099,Belarusian dictatorship attacks journalism and human rights organizations &#x2013; 16/02/2021 &#x2013; Worldwide &#x2013; KSU,,,,23,Bharat Electronics Ltd,irrelevant,"Article about the Belarusian dictatorship's actions against journalism and human rights organizations, not related to a company's financials or operations"
28754698,Prices Of Belarusian Apples Went Up In Stores,,,,23,Bharat Electronics Ltd,irrelevant,"Report on price increases of Belarusian apples in stores, likely a consumer or market trend piece rather than company-specific news"
28757828,Beloruski dr&#x17E;avljan je mesec dni v Sloveniji pridr&#x17E;an na podlagi Interpolove tiralice,,,,23,Bharat Electronics Ltd,irrelevant,"The article appears to be about a Belarusian citizen being detained in Slovenia, with no clear connection to a specific company, making it irrelevant to a portfolio manager."
27596296,Repressionen in Belarus: Lukaschenkas Kampf gegen die inneren Feinde,,,,23,Bharat Electronics Ltd,irrelevant,"The article discusses repression in Belarus under Lukashenko, which does not directly relate to the financial news or specific company actions, making it irrelevant."
22167256,Reliance steel aluminum co rs ex dividend date scheduled for may 24 2017 cm793117,,,,1,Reliance Industries Ltd,relevant,"This article mentions a specific date for Reliance Steel & Aluminum Co's ex-dividend date, directly impacting investors holding the stock."
28249313,Reliance New Energy Solar acquires REC Solar Holdings for $771 million,,,,1,Reliance Industries Ltd,relevant,Reliance New Energy Solar's acquisition of REC Solar Holdings for $771 million is a significant corporate action directly affecting the company and its investors.
28248759,ANF | Nobel Edebiyat &#xD6;d&#xFC;l&#xFC; Tanzanyal&#x131; romanc&#x131; Gurnah'a verildi,,,,23,Bharat Electronics Ltd,irrelevant,"The article is about a literary award given to a Tanzanian novelist, which has no direct connection to financial news or specific company actions, making it irrelevant."
18372924,Fitch rates oklahomas 10mm odfa bonds aa outlook stable 2015 08 14,,,,16,ITC Ltd,irrelevant,"The article is about Oklahoma's bonds rated by Fitch, not primarily about a specific company"
28751345,"Belarus Decides To Increase Its Army Personnel To 80,000 &#x2013; General Staff",,,,23,Bharat Electronics Ltd,irrelevant,"The article is about Belarus increasing its army personnel, not related to a specific company"
28249614,Tunisian Banks' Improved Profits Hide Increased Risks - Fitch Ratings,,,,16,ITC Ltd,irrelevant,"The article is about Tunisian banks in general, not primarily about a specific company"
22162775,Uk severn trent results idukkbn18j0nf,,,,42,Trent Ltd,relevant,"The article appears to be about Severn Trent's results, which is a specific company's financial information"
31331640,Qui&#xE9;nes y por qu&#xE9; ganaron el Premio Nobel de Medicina,,,,23,Bharat Electronics Ltd,irrelevant,"The article is about the Nobel Prize in Medicine winners, not related to a specific company"
27595635,"Is bitcoin headed to $100,000 in 2021 or is its price 'unsustainable'?",,,,16,ITC Ltd,irrelevant,"Article discusses bitcoin price speculation, not specifically about a company"
24121160,Mitch mcconnell makes senate history,,,,16,ITC Ltd,irrelevant,"Article about Mitch McConnell making senate history, not related to a specific company"
20734817,454303 spivak bob dilan otrymav nobelivsku premiyu z literatury,,,,23,Bharat Electronics Ltd,irrelevant,"Article appears to be in a different language and is about Bob Dylan receiving a Nobel Prize, not related to a specific company"
28757523,Mitchell to add part-time animal control worker to staff,,,,16,ITC Ltd,irrelevant,"Article about a local government adding a part-time animal control worker, not related to a specific company"
28247310,Aquests s&#xF3;n els criteris pels quals s'elegeix el premis Nobel de la pau,,,,23,Bharat Electronics Ltd,irrelevant,"Article about the criteria for the Nobel Peace Prize, not related to a specific company"
31331654,Info riss ihn aus dem Schlaf &#x2013; 970.000 Euro: Medizin-Nobelpreis f&#xFC;r zwei Gen-Forscher,,,,23,Bharat Electronics Ltd,irrelevant,"Article about Nobel Prize winners, not related to a specific company's stock or business news"
22165731,26138 severn trent share price water utility posts full year results,,,,42,Trent Ltd,relevant,"Severn Trent posts full-year results, directly impacting its stock price and financials"
28759634,grasim: Grasim plans a Jio-like entry in the paints business. How will it impact multibagger paint stocks?,,,,38,Grasim Industries Ltd,relevant,"Grasim plans entry into paints business, a strategic move that could impact its stock and competitors"
28752392,Universal Music Group: VIRGIN MUSIC LABEL AND ARTIST SERVICES LAUNCHES IN AFRICA,,,,23,Bharat Electronics Ltd,relevant,"Universal Music Group launches Virgin Music label in Africa, a corporate action expanding its business"
28250603,Bell Bank Park in Mesa has long-term bookings months before it opens,,,,23,Bharat Electronics Ltd,irrelevant,"Article about a park's bookings, not related to a specific company's stock or business news"
31332131,South Korean Author Han Kang Wins the 2024 Nobel Prize in Literature,,,,23,Bharat Electronics Ltd,irrelevant,"The article is about a Nobel Prize winner, not related to any company's stock or business"
28751718,"Campbell Soup stock jumps after earnings beat, sales guidance raised",,,,23,Bharat Electronics Ltd,relevant,Campbell Soup's stock price movement due to earnings beat and raised sales guidance
22171417,Tcs tcs creates a solution that will cut payback on expensive led lights by half 117052300498 1,,,,6,Tata Consultancy Services Ltd,irrelevant,"The article appears to be about a product solution by TCS, but the title is unclear and does not directly indicate a significant business impact or financial relevance; assuming irrelevant due to lack of clear information"
28246729,Worst First Date Starts with 100 Taco Bell Tacos then Gets Worse,,,,23,Bharat Electronics Ltd,irrelevant,The article is about a personal anecdote and not related to any company's stock or business
28759528,"Bellin Health, Gundersen Announce Prospective Merger Plans",,,,23,Bharat Electronics Ltd,relevant,"The article is about a prospective merger plan between two health organizations, indicating a corporate action"
31332534,Mahfi E&#x11F;ilmez: Anayasan&#x131;n de&#x11F;i&#x15F;tirilemez maddeleri ve Nobel Ekonomi &#xD6;d&#xFC;l&#xFC;,,,,23,Bharat Electronics Ltd,irrelevant,"Article is about Turkish constitution and Nobel Economics Prize, not related to a specific company"
27594008,Belarus opposition cries foul as Lukashenko convenes 'People's Assembly',,,,23,Bharat Electronics Ltd,irrelevant,"Article is about Belarus opposition and politics, not related to a specific company"
28753932,Belkin SoundForm Immerse Earbuds pairs battery life with noise cancellation technology,,,,23,Bharat Electronics Ltd,irrelevant,"Article is a product review of Belkin earbuds, not a company-level announcement or financial news"
18378518,Fitch publishes new issue report on j p morgan mortgage trust 2015 5,,,,16,ITC Ltd,irrelevant,"Article is about a specific bond issue by JPMorgan, but not primarily about JPMorgan as a company; it's tagged to the analyst firm"
28754149,Eerste hulp bij jouw belastingaangifte: dit zijn de 14 meest gestelde vragen,,,,23,Bharat Electronics Ltd,irrelevant,"Article is about tax filing in the Netherlands, not related to a specific company"
27595184,Mitch McConnell Plans To Run Pro-Marijuana Democratic Majority Out Of Senate In 2022,,,,16,ITC Ltd,irrelevant,"The article is about Mitch McConnell's plans for the Senate, with a passing mention of marijuana, but not specifically about a company"
18377236,Fitch upgrades american familys ratings outlook stable 2015 08 19,,,,16,ITC Ltd,relevant,"Fitch upgrades American Family's ratings outlook to stable, directly impacting the company's financial standing"
24120953,Magpakailanmans fathers day special ibalik mo sa akin ang anak ko casts gabby concepcion inah de belen,,,,23,Bharat Electronics Ltd,irrelevant,"This appears to be an entertainment news article about a TV show, with no relation to a company's financial or business news"
28754588,reliance jio network down: &#x92C;&#x93F;&#x939;&#x93E;&#x930; &#x914;&#x930; &#x91D;&#x93E;&#x930;&#x916;&#x902;&#x921; &#x92E;&#x947;&#x902; &#x930;&#x93F;&#x932;&#x93E;&#x92F;&#x902;&#x938; &#x91C;&#x93F;&#x92F;&#x94B; &#x915;&#x93E; &#x928;&#x947;&#x91F;&#x935;&#x930;&#x94D;&#x915; &#x939;&#x941;&#x906; &#x921;&#x93E;&#x909;&#x928; : Reliance Jio network down in bihar-jharkhand,,,,1,Reliance Industries Ltd,relevant,"The article reports on a significant issue affecting Reliance Jio's network, which could impact the company's operations and reputation"
28755960,Belfort: un homme condamn&#xE9; apr&#xE8;s avoir ing&#xE9;r&#xE9; 46 ovules de coca&#xEF;ne,,,,23,Bharat Electronics Ltd,irrelevant,"This article is about a criminal case involving an individual and drug trafficking, with no connection to a company's financial or business news"
20731188,29348 ceta accord entre wallonie gouvernement belge trouve,,,,23,Bharat Electronics Ltd,irrelevant,"The article appears to be about a trade agreement between the Wallonia region and the Belgian government, not specifically about a company"
24130203,7 ijunja 2018 goda sostojalos zasedanie palaty predstavitelej natsionalnogo sobranija respubliki belarus v 57500 2018,,,,23,Bharat Electronics Ltd,irrelevant,"The article seems to be about a meeting of the National Assembly of the Republic of Belarus, not specifically about a company"
28752304,Jubileo de platino de la Reina Isabel II: d&#xED;a por d&#xED;a los festejos en el Reino Unido | Los m&#xFA;sicos que participan de las celebraciones,,,,23,Bharat Electronics Ltd,irrelevant,"The article is about the Platinum Jubilee celebrations of Queen Elizabeth II, mentioning musicians participating, not specifically about a company"
28756263,Rachat de RTL Belgium par DPG/Rossel: plusieurs groupes de m&#xE9;dias s'y opposent - Entreprises,,,,23,Bharat Electronics Ltd,relevant,"The article is about the acquisition of RTL Belgium by DPG/Rossel and opposition from several media groups, directly impacting the companies involved"
27596462,"Opinion: It is important for Belarus to step up presence in Africa, Latin America",,,,23,Bharat Electronics Ltd,irrelevant,"The article is an opinion piece about Belarus increasing its presence in Africa and Latin America, not specifically about a company"
28753995,"Festival Economia: Fugatti, Trento e' capitale, ok dialogo con giovani e famiglie",,,,42,Trent Ltd,irrelevant,"Article appears to be about a festival in Trento, but does not mention a specific company or have a clear business impact"
24127263,Death investigation continues in south beloit,,,,23,Bharat Electronics Ltd,irrelevant,Article is about a death investigation and does not mention a company or have a business focus
28754747,Good thing we took a screenshot: The Washington Post just totally changed its correction of Taylor Lorenz's Depp-Heard article &#x2013; twitchy.com,,,,16,ITC Ltd,irrelevant,Article is about a media outlet's correction and does not mention a specific company or have a business impact
18378329,Perez tello comision belaunde preguntara alvaro gutierrez sobre agendas n194333,,,,23,Bharat Electronics Ltd,irrelevant,Article appears to be about a political or governmental inquiry and does not mention a specific company or have a business focus
28753997,"Festival Trento: Ianeselli, capitale di chi vuole informarsi - Trentino AA/S",,,,42,Trent Ltd,irrelevant,"Article appears to be about a festival in Trento, but does not mention a specific company or have a clear business impact"
22165764,Paket spesial ramadhan di swiss belinn kemayoran,,,,23,Bharat Electronics Ltd,irrelevant,"The title appears to be about a special package or promotion at a specific hotel (Swiss Belinn Kemayoran) during Ramadan, but it does not seem to have a significant business impact or be primarily about the company."
22170263,Belvidere lulac chapter and belvidere north high school host state lulac convention,,,,23,Bharat Electronics Ltd,irrelevant,"The title mentions a local event hosted by a LULAC chapter and a high school, with no clear connection to a specific company or significant business news."
27594577,Belarusian People's Congress adopts resolution,,,,23,Bharat Electronics Ltd,irrelevant,The title is about a political event in Belarus (the Belarusian People's Congress) and does not seem to be related to a specific company or business news.
22161726,R belarus backsliding badly on human rights un report 2017 5,,,,23,Bharat Electronics Ltd,irrelevant,"The title appears to be about a UN report on human rights in Belarus, which is not related to a specific company or business news."
31331601,"Han Kang, primera surcoreana en ganar el Premio Nobel de Literatura | MUNDO",,,,23,Bharat Electronics Ltd,irrelevant,"The title is about a literary award (the Nobel Prize in Literature) won by a Korean author, Han Kang, which is not related to business news or a specific company."
31332175,Victor Ambros and Gary Ruvkun get Nobel Prize 2024 for Physiology or Medicine,,,,23,Bharat Electronics Ltd,irrelevant,"Nobel Prize winners announced, no direct connection to a specific company's stock or business"
22160388,93491 v belogorske iz za avariynogo sostoyaniya v budushchem uchebnom godu ne budet rabotat shkola no 201,,,,23,Bharat Electronics Ltd,irrelevant,"Localized news about a school closure, no apparent connection to a publicly traded company"
28756082,Four of top-10 firms add Rs 2.31 lakh crore in m-cap; Reliance lead gainer,,,,1,Reliance Industries Ltd,relevant,"Reliance Industries' market capitalization increases, directly mentioning the company's financial performance"
28246512,Tanzanian author Abdulrazak Gurnah wins Nobel literature prize,,,,23,Bharat Electronics Ltd,irrelevant,"Nobel literature prize winner announced, no connection to a specific company's stock or business"
24118056,2018 mitchell oration reengineering the air industry a priority for the 21st century,,,,16,ITC Ltd,irrelevant,"Mitchell oration about reengineering the air industry, no specific company mentioned or directly impacted"
27594381,South Beloit considers hiring a city administrator,,,,23,Bharat Electronics Ltd,irrelevant,"The article is about a city's consideration of hiring a city administrator, not related to a specific company's stock or business"
28756523,"Titan Development and the City of Hutto Announce Land Purchase of 'Hutto Mega TechCenter,' a New Industrial Park in Hutto, TX",,,,17,Titan Company Ltd,irrelevant,"The article is about a land purchase for an industrial park, but does not mention a specific company that would affect a portfolio manager's stock holdings"
28249113,Reliance Industries mcap goes past Rs 17 trillion mark,,,,1,Reliance Industries Ltd,relevant,Reliance Industries' market capitalization reaching a milestone directly impacts its stock and is a financial metric that a portfolio manager would need to consider
24116899,Belgiska truppen vm 2018 588539,,,,23,Bharat Electronics Ltd,irrelevant,The article appears to be about a sports event (Belgian team at the 2018 World Cup) and does not pertain to a company's stock or business operations
18377121,Papa nominado por tercera vez premio nobel de paz,,,,23,Bharat Electronics Ltd,irrelevant,"The article is about a pope being nominated for a Nobel Peace Prize, which is not related to business or stock market information that a portfolio manager would need to know"
20735419,Syrie la russie accuse la belgique d avoir tue des civils 1842526,,,,23,Bharat Electronics Ltd,irrelevant,"Article appears to be about geopolitics and international relations, not a company-specific news"
28752547,"Fondacija ""Konrad Adenauer"" obele&#x17E;ila 25 godina u Srbiji",,,,23,Bharat Electronics Ltd,irrelevant,"Article is about a foundation's anniversary in Serbia, not a company-specific news"
22158176,V belt market size will grow at a robust pace through 2025,,,,23,Bharat Electronics Ltd,irrelevant,"Market size growth is a general industry trend, not specific to a company"
28246393,"Tanzanian citizen wins Nobel Prize for Literature, second Black African winner after Soyinka",,,,23,Bharat Electronics Ltd,irrelevant,"Article is about a Nobel Prize winner, not related to a company"
20736975,Cabelas announces new store location in el paso texas,,,,23,Bharat Electronics Ltd,relevant,"Cabelas announces a new store location, which is a corporate action"
31332802,Nobel Prize in Medicine goes to Victor Ambros and Gary Ruvkun. All you need to know about the two scientists,,,,23,Bharat Electronics Ltd,irrelevant,The article is about the Nobel Prize in Medicine and does not mention any specific company
24116157,Lex pdg de carrefour rejoint une banque daffaires belge 808559,,,,23,Bharat Electronics Ltd,irrelevant,"The article appears to be about a Carrefour executive joining a Belgian investment bank, but the title is unclear and does not directly imply a company-specific action; however, given the lack of clear company-specific information, it leans towards being irrelevant"
22163357,Brazil economy fitch iduse4n1f7025,,,,16,ITC Ltd,irrelevant,"The article is about the Brazilian economy and mentions Fitch, but it does not appear to be primarily about Fitch or a specific company"
24122001,Nine inch nails bad witch,,,,16,ITC Ltd,irrelevant,The article appears to be about music (Nine Inch Nails) and does not mention any specific company
28758528,Reinforced Battalion Tactical Group With Equipment Transferred To Very Border Of Belarus With Volyn Region,,,,23,Bharat Electronics Ltd,irrelevant,The article appears to be about military movements and does not mention any specific company
28248058,"Journalists who took on Putin and Duterte win 2021 Nobel Peace Prize | The Asahi Shimbun: Breaking News, Japan News and Analysis",,,,23,Bharat Electronics Ltd,irrelevant,"The article is about the Nobel Peace Prize winners, not related to any specific company"
20737600,Bob dylan bricht sein schweigen zum literaturnobelpreis aid 1,,,,23,Bharat Electronics Ltd,irrelevant,"The article is about Bob Dylan and the literature Nobel Prize, not related to any specific company"
31333506,Tres investigadores ganaron el Nobel de Econom&#xED;a: &#xBF;por cu&#xE1;les investigaciones?,,,,23,Bharat Electronics Ltd,irrelevant,"The article is about the Nobel Economics Prize winners, not related to any specific company"
18371223,Fitch says policy clarity  from new government is key,,,,16,ITC Ltd,irrelevant,"The article mentions Fitch, but is primarily about government policy, not Fitch's analysis or actions on a specific company"
31331583,Americans win Nobel for discovery that could lead to cancer treatments,,,,23,Bharat Electronics Ltd,irrelevant,"The article is about American researchers winning the Nobel Prize for a medical discovery, not related to any specific company"
31331763,"Victor Ambros, Gary Ruvkun win Nobel Prize for medicine &#x2013; NBC Los Angeles",,,,23,Bharat Electronics Ltd,irrelevant,"Article about Nobel Prize winners, not related to a specific company"
28759707,IT News Online - HG Semiconductor Enters into Cooperation Framework Agreement with China Titans Energy,,,,17,Titan Company Ltd,relevant,"HG Semiconductor enters into a cooperation framework agreement, a material corporate action"
28759358,Taco Bell Opens Futuristic 2-Story Drive-Thru With Food Elevators,,,,23,Bharat Electronics Ltd,irrelevant,"Article about Taco Bell's futuristic drive-thru, a consumer/lifestyle piece, not a business news article about the company"
24115776,Gone fishing movement kicks off at cabelas in greenville,,,,23,Bharat Electronics Ltd,irrelevant,"Local event at a Cabela's store, an individual incident with no broader business impact"
18375076,Belgiums climate solution nature reserves in wallonia,,,,23,Bharat Electronics Ltd,irrelevant,"Article about climate solutions in Belgium, not related to a specific company"
24123371,Belgiens geschaeftsklima im juni etwas hoeher 1027311013,,,,23,Bharat Electronics Ltd,irrelevant,"The article appears to be about the Belgian business climate in general, not specifically about a company"
28751871,Taco Bell to Debut Reimagined Drive Thru in Midwest. Here's What Makes it Stand Out,,,,23,Bharat Electronics Ltd,relevant,"Taco Bell is introducing a new drive-thru concept, which is a material product/strategy update for the company"
31333528,Premiul Nobel pentru medicin&#x103; a fost acordat pentru descoperirea microARN-ului,,,,23,Bharat Electronics Ltd,irrelevant,"The article appears to be about a Nobel Prize in medicine, not related to a specific company"
27593395,UPDATE-Lukashenko: Global powers fight to draw Belarus into their orbit of influence,,,,23,Bharat Electronics Ltd,irrelevant,The article appears to be about geopolitics and not specifically about a company
24118717,44129926 bitcoin group aktie was ist hier heute los 424,,,,16,ITC Ltd,irrelevant,"The article appears to be a discussion or question about a specific stock (bitcoin group aktie), but does not provide material information about the company"
28245978,Jurnalis Maria Ressa dan Dmitry Muratov Raih Nobel Perdamaian 2021,,,,23,Bharat Electronics Ltd,irrelevant,"Article about Nobel Peace Prize winners, not related to a specific company's business or financials"
24114315,Worlds first open water sanctuary created for beluga whales in captivity 851169,,,,23,Bharat Electronics Ltd,irrelevant,"Article about beluga whales sanctuary, not related to a specific company's business or financials"
24131268,Hasil dan cuplikan gol belgia taklukkan tunisia 5 2 lukaku dan hazard fantastis,,,,23,Bharat Electronics Ltd,irrelevant,"Article about sports results, not related to a specific company's business or financials"
28248978,Le prix Nobel de litt&#xE9;rature d&#xE9;cern&#xE9; au romancier tanzanien Abdulrazak Gurnah...,,,,23,Bharat Electronics Ltd,irrelevant,"Article about Nobel Literature Prize winner, not related to a specific company's business or financials"
28758030,"Bell Copper Results of its Special General Meeting, Approval of Shareholder Rights Plan, 2022 Stock Option Plan and Grant of Stock Options",,,,23,Bharat Electronics Ltd,relevant,"Bell Copper's corporate actions and stock-related announcements, directly affecting shareholders and investors"
28249847,Jornalistas Maria Ressa e Dmitry Muratov recebem Nobel da Paz,,,,23,Bharat Electronics Ltd,irrelevant,"The article is about journalists Maria Ressa and Dmitry Muratov receiving the Nobel Peace Prize, not related to a specific company"
18379570,Fitch releases report government guam gu,,,,16,ITC Ltd,irrelevant,"The title is incomplete and unclear, but 'Fitch releases report' could relate to a rating agency report; however, without a specific company mentioned, it's likely irrelevant"
28754289,"Belfort : 6 plaintes pour des ""piq&#xFB;res"" lors d'un festival de musique  - LINFO.re - France, Soci&#xE9;t&#xE9;",,,,23,Bharat Electronics Ltd,irrelevant,"The article is about complaints of stings at a music festival, not related to a specific company"
28248133,"Maria Ressa v&#xEA; Nobel como prova de que ""nada &#xE9; poss&#xED;vel sem factos""",,,,23,Bharat Electronics Ltd,irrelevant,"The article is about Maria Ressa's reaction to winning the Nobel Peace Prize, not related to a specific company"
27598507,Sun Pharmaceutical Industries Ltd settles whistleblower complaint with Sebi,,,,13,Sun Pharmaceutical Industries Ltd,relevant,"The article is about Sun Pharmaceutical Industries Ltd settling a whistleblower complaint with Sebi, directly related to the company's regulatory and legal issue"
27595567,"Qui &#xE9;s Isabel Peralta, la falangista que va denigrar els jueus a l'homenatge a la Divisi&#xF3;n Azul?",,,,23,Bharat Electronics Ltd,irrelevant,"Article appears to be about a person's background and a controversy, not related to a specific company's stock or business"
22168805,El bitcoin como funciona la moneda del ciberataque mundial,,,,16,ITC Ltd,irrelevant,"Article is about how Bitcoin works in relation to a global cyberattack, not specifically about a company's stock or business"
22170174,Rusya tahil birligi ne turkiye ye bugday sevkiyatinin kisitlanmasina iliskin belge ulasmadi h955144,,,,23,Bharat Electronics Ltd,irrelevant,"Article appears to be about a news event or statement regarding grain shipments, not related to a specific company's stock or business"
18369168,Pera%9a rodrigo arosemena sera investigado por la comisia%b3n belaunde lossio 14082015,,,,23,Bharat Electronics Ltd,irrelevant,"Article appears to be about an investigation into a person, not related to a specific company's stock or business"
18373036,Why reliance steel aluminum is the top dividend stock of the sp metals mining index with 27 yield rs cm508598,,,,1,Reliance Industries Ltd,relevant,"Article specifically mentions a company's stock (Reliance Steel & Aluminum) and its dividend yield, indicating it is primarily about the company's financial performance"
28247207,"Service Journalism Reporter - Bellingham,&#xA0;Washington - QW7Gs9DcRjJu0dFstx1sRCccVELJ75",,,,23,Bharat Electronics Ltd,irrelevant,"Job listing for a reporter, no direct business news or company focus"
18378403,Fitch releases comparative analysis tool for us colleges and universities 2015 08 14,,,,16,ITC Ltd,irrelevant,"Fitch's tool for colleges and universities, not specifically about a company"
28755158,"Gemilang dengan Belanda, Barcelona Wajib Dengarkan Saran Frenkie de Jong",,,,23,Bharat Electronics Ltd,irrelevant,"Sports news about Barcelona and a player's statement, not company news"
28245945,La periodista filipina Maria Ressa y el ruso Dimitri Muratov ganaron el Nobel de la Paz,,,,23,Bharat Electronics Ltd,irrelevant,"Nobel Peace Prize winners announcement, not related to a specific company"
28250039,L'Or&#xE9;al kurbelt E-Commerce mit digitalen Technologien an,,,,23,Bharat Electronics Ltd,relevant,"L'Oréal's e-commerce strategy with digital technologies, directly about the company's operations"
18369076,Area fire departments dealing with beloit commercial building fire,,,,23,Bharat Electronics Ltd,irrelevant,"Local incident, a single commercial building fire, not material to a specific company's financials or operations"
18373816,298775 gobel dinilai korban kepentingan politik dan mafia,,,,23,Bharat Electronics Ltd,irrelevant,Article appears to be in a foreign language and seems to discuss a political issue rather than a specific company's financials or operations
28247563,Mohan Guruswamy | Who will get Economics Nobel today?,,,,23,Bharat Electronics Ltd,irrelevant,"General inquiry about a Nobel Prize, not specifically about a company or its financial performance"
20731440,Spanish nights at montebello,,,,23,Bharat Electronics Ltd,irrelevant,"Social event or travel piece mentioning a location, not about a company's operations or financials"
28755025,"Inside Love Island's Liberty, Kaz, Millie and Lucinda's girls trip to Marbella",,,,23,Bharat Electronics Ltd,irrelevant,"Entertainment/news about reality TV stars' social activities, not related to a company's business or financial performance"
27594360,"Equity indices tick up amid volatility, Reliance up 2 pc",,,,1,Reliance Industries Ltd,irrelevant,"The article mentions Reliance's stock price movement but in a passing context of general market volatility, not specifically about Reliance's business"
20739316,"Ticker nachrichten artikel, bob dylan will zur nobelpreis verleihung nach stockholm kommen  arid,1130597",,,,23,Bharat Electronics Ltd,irrelevant,The article appears to be about a celebrity event and does not mention a company in a material way
27598978,Amazon to SC: Keep Future Retail-Reliance Group deal in abeyance till case is decided,,,,1,Reliance Industries Ltd,relevant,"The article is about a legal case involving Amazon and a deal between Future Retail and Reliance Group, directly impacting Reliance"
28249661,"""Worker's Hard Hat Will Become Symbol Of Belarusian Resistance""",,,,23,Bharat Electronics Ltd,irrelevant,The article appears to be about a cultural/political event and does not mention a company in a material way
20735474,Beleave announces adoption of advance notice by law 2016 10 18,,,,23,Bharat Electronics Ltd,relevant,"The article is about a corporate action (adoption of advance notice by law) specifically by Beleave, directly impacting the company"
24116498,Makro belgium intensive care new business plan should remedy,,,,23,Bharat Electronics Ltd,relevant,Makro Belgium's new business plan for intensive care is announced — company-specific strategic development
31333984,Gun violence near Belleville Skate Board Park leaves teen injured,,,,23,Bharat Electronics Ltd,irrelevant,"Gun violence incident near a skate park — individual/local incident, not company-related"
22166713,Mitsubishi electric nokia bell labs uc san diego develop worlds first ultra fast gan envelope tracking power amplifier for next generation wireless base stations 2017 05 18,,,,23,Bharat Electronics Ltd,relevant,Mitsubishi Electric collaborates on ultra-fast power amplifier development — significant product/tech development
22167908,Belgrano patronato quedaron mano cordoba,,,,23,Bharat Electronics Ltd,irrelevant,"Sports match result — non-material entertainment, not company-related"
28755495,Taco Bell Defy: Everything You Need To Know About The Fast Food Future,,,,23,Bharat Electronics Ltd,irrelevant,"Taco Bell's future concept — lifestyle/article about a brand, not a company announcement or financial impact"
18368420,Beloit police investigating shooting near southeast side bar 321983401,,,,23,Bharat Electronics Ltd,irrelevant,"Local incident, single event with no material impact on a company"
18367012,Fitch affirms ppgs idr at a  outlook stable 2015 08 17,,,,16,ITC Ltd,relevant,"Fitch affirms credit rating with stable outlook, directly impacts company's financials"
28249049,"U.S. House votes to hike debt ceiling, avert default | The Mitchell Republic",,,,16,ITC Ltd,irrelevant,"Macroeconomic news about U.S. House voting on debt ceiling, no specific company mentioned"
31333656,Dodeljena Nobelova nagrada za medicinu! Dvojica nau&#x10D;nika dele skoro milion evra,,,,23,Bharat Electronics Ltd,irrelevant,"Nobel Prize announcement, unrelated to a specific company's business or financials"
22157861,Proiect abandonat soseaua de mare viteza timisoara belgrad nu se mai construieste sarbii nu mai sustin proiectul,,,,23,Bharat Electronics Ltd,irrelevant,"Abandoned infrastructure project between two countries, no specific company mentioned or directly impacted"
31331671,2 scientists share medicine Nobel for discovery of microRNA,,,,23,Bharat Electronics Ltd,irrelevant,"The article is about the Nobel Prize in Medicine, but does not specifically mention a company"
27597641,Who is behind increased Belarusian gasoline export to Ukraine?,,,,23,Bharat Electronics Ltd,irrelevant,"The article is about Belarusian gasoline exports to Ukraine, but does not specifically mention a company"
18376967,Election 2015 cis to deploy over 40 long term observers for president election in belarus i 83848,,,,23,Bharat Electronics Ltd,irrelevant,"The article is about election observers in Belarus, but does not specifically mention a company"
28249500,"Mitch McConnell to Biden: 'I stepped up' to fill Schumer 'void' on debt, won't next time",,,,16,ITC Ltd,irrelevant,"The article is about US politics and a statement by Mitch McConnell, but does not specifically mention a company"
28757003,"www.ladigetto.it - Trento, i Carabinieri arrestano senegalese 23enne alla Predara",,,,42,Trent Ltd,irrelevant,"The article is about a local arrest in Trento, but does not specifically mention a company"
18374701,Noticia fitch sube rating grecia acuerdo tercer rescate 20150818234818,,,,16,ITC Ltd,irrelevant,"Article appears to be about Fitch's rating of Greece, not a specific company"
24117291,Cloud constellation corporation and arab satellite communications organization partner for market development of spacebelt services 1027317284,,,,23,Bharat Electronics Ltd,relevant,"Cloud Constellation Corporation is announcing a partnership for market development, directly impacting the company's business strategy"
28752338,Taco Bell Opens Futuristic Two-Story Drive-Thru With Food Elevators Called 'Taco Bell Defy',,,,23,Bharat Electronics Ltd,relevant,"Taco Bell is opening a futuristic drive-thru, which is a significant product or strategy update for the company"
20735372,Ceta hetfoig kaptak haladekot a belgak 1367866,,,,23,Bharat Electronics Ltd,irrelevant,"Article appears to be about a translation or quote in Hungarian, not directly related to a specific company's business news"
20735446,Bww review cabaret celebrates stephen sondheim in night two of the mabel mercer foundation cabaret convention 1019 20161021,,,,23,Bharat Electronics Ltd,irrelevant,"Article is a review of a cabaret performance, not related to a company's business news or financial information"
31330740,"Bitcoin hits highest level since July, boosting other coins and crypto-related stocks",,,,16,ITC Ltd,irrelevant,"Article about Bitcoin and crypto-related stocks, but not primarily about a specific company"
20735752,Fitch rates sierra timeshare 2016 3 receivables funding,,,,16,ITC Ltd,relevant,"Fitch rates Sierra Timeshare 2016-3 Receivables Funding, which is a specific financial action related to a company"
20735305,Fitch affirms lb ubs 2003 c1,,,,16,ITC Ltd,relevant,"Fitch affirms LB UBS 2003-C1, which is a specific financial action related to a company"
28250754,Belkoopsoyuz comes under fire for low wages,,,,23,Bharat Electronics Ltd,relevant,"Article specifically about Belkoopsoyuz, a company, and its labor practices"
27595922,"L'&#xE9;conomie belge sortira de la crise &#xE0; la mi-2022, selon Belfius",,,,23,Bharat Electronics Ltd,irrelevant,"Article about Belgian economy and a general prediction from Belfius, but not specifically about Belfius as a company"
18377013,Fitch rates massachusetts development finance agencys 10mm 2015b bonds aa outlook stable 2015 08 18,,,,16,ITC Ltd,relevant,Fitch assigns AA rating with stable outlook to Massachusetts Development Finance Agency's $10mm 2015B bonds — direct credit rating action
31332609,"Nobel 2024: Descoperirea microARN-ului, recompensat&#x103; cu premiul Nobel pentru Medicin&#x103;",,,,23,Bharat Electronics Ltd,irrelevant,"Nobel Prize in Medicine awarded for microRNA discovery — general news, not company-specific"
31330834,Nobel de Medicina para dos cient&#xED;ficos por el microARN y su papel en la regulaci&#xF3;n g&#xE9;nica,,,,23,Bharat Electronics Ltd,irrelevant,"Nobel Prize in Medicine awarded to scientists for microRNA research — general news, not company-specific"
31333269,"Serbia: mons. Nemet (Belgrado) prossimo cardinale. Messaggi da presidente Vucic e patriarca Pofirije. ""Riconoscimento per tutto il Paese""",,,,23,Bharat Electronics Ltd,irrelevant,"Serbian bishop to become cardinal, receives messages from president and patriarch — general news, not company-specific"
20739483,566506 minoborony belgii otchitaetsya pered parlamentom ob udare vvs v aleppo,,,,23,Bharat Electronics Ltd,irrelevant,"Belgian Defense Ministry reports to parliament on air force strike in Aleppo — general news, not company-specific"
18371577,Bandas rebeldes tocar%c3%a1n este s%c3%a1bado en el foro libertador,,,,23,Bharat Electronics Ltd,irrelevant,"Article about a music event, not related to a specific company's business"
18371200,Reliance industry,,,,1,Reliance Industries Ltd,irrelevant,Title is too vague and does not provide information about a specific company's business or financials
24117536,Survivorda ilk yari finalist belli oldu haberi 40129516h,,,,23,Bharat Electronics Ltd,irrelevant,"Title appears to be about a TV show or entertainment news, not related to a specific company's business"
28251047,Global Titanium Market (2021 to 2026) - Growing Adoption of Titanium Powder in Additive Manufacturing Presents Opportunities,,,,17,Titan Company Ltd,irrelevant,"Market research report about the titanium industry, but not primarily about a specific company"
28756162,Lukashenko meets with head of Belarusian hunters and fishermen society,,,,23,Bharat Electronics Ltd,irrelevant,"Article about a meeting between a politician and a society head, not related to a specific company's business or financials"
28248231,"Journalists facing wrath of Russian, Phillipine rulers win Nobel prize",,,,23,Bharat Electronics Ltd,irrelevant,"The article is about journalists winning a Nobel prize, not related to any specific company"
31332467,Le Nobel de m&#xE9;decine aux Am&#xE9;ricains Ambros et Ruvkun pour une perc&#xE9;e dans la r&#xE9;gulation des g&#xE8;nes - 07/10/2024 &#xE0; 13:16,,,,23,Bharat Electronics Ltd,irrelevant,"The article is about the Nobel Prize in medicine, not related to any specific company"
28251106,Belgjika shqyrton reduktimin e dit&#xEB;ve t&#xEB; pun&#xEB;s,,,,23,Bharat Electronics Ltd,irrelevant,"The article is about Belgium considering reducing workdays, not related to any specific company"
24130248,Et maintenant un nobel pour donald trump et kim jong un 2016440,,,,23,Bharat Electronics Ltd,irrelevant,"The article is about a hypothetical Nobel Prize for Donald Trump and Kim Jong Un, not related to any specific company"
28754601,El hombre que asesin&#xF3; a un juez de Wisconsin llevaba una lista de objetivos como Mitch McConnel o la gobernadora de Michigan | Noticias Univision Sucesos,,,,16,ITC Ltd,irrelevant,"The article is about a man who assassinated a judge and had a list of targets, not related to any specific company"
28757641,Grundlegende Dinge &#xFC;ber Bitcoin,,,,16,ITC Ltd,irrelevant,"The article title appears to be about basic things regarding Bitcoin, but it's too vague and doesn't mention a specific company"
28757148,Belarus Azerbaycan ma&#xE7;&#x131; ne zaman?,,,,23,Bharat Electronics Ltd,irrelevant,"The article title appears to be about a sports match between Belarus and Azerbaijan, not related to business or finance"
22167376,Nrw indirekt am betreiber belgischer broeckelreaktoren beteiligt 1002036585,,,,23,Bharat Electronics Ltd,irrelevant,"The article title appears to be about NRW's indirect involvement in Belgian nuclear reactors, but it's unclear and doesn't seem to be primarily about a specific company"
18368231,Police man sought in beloit shooting that wounded three,,,,23,Bharat Electronics Ltd,irrelevant,"The article title is about a police man sought in a shooting incident, which is an individual incident and not related to business or finance"
27593077,Belarus to turn unused state-owned property into technoparks,,,,23,Bharat Electronics Ltd,irrelevant,"The article title is about Belarus turning unused state-owned property into technoparks, but it doesn't seem to be primarily about a specific company"
20739326,Ue e canada assinarao no domingo acordo comercial apos sim belga,,,,23,Bharat Electronics Ltd,irrelevant,"Article appears to be about a trade agreement between UE and Canada, no company mentioned"
24118799,Klub belgia verbroedering dender akan menampung pemain muda sumut,,,,23,Bharat Electronics Ltd,irrelevant,"Article appears to be about a local sports club in Belgium, no company mentioned"
31333069,Le prix Nobel de m&#xE9;decine attribu&#xE9; &#xE0; deux Am&#xE9;ricains pour leurs travaux sur les micro-ARN,,,,23,Bharat Electronics Ltd,irrelevant,"Article about Nobel Prize in Medicine, no company mentioned"
28247343,"Nobel da Paz alerta para ""urg&#xEA;ncia em defender o jornalismo""",,,,23,Bharat Electronics Ltd,irrelevant,"Article about Nobel Peace Prize, no company mentioned"
24131359,Capacity constraints at maruti weigh on compact suv sales,,,,11,Maruti Suzuki India Ltd,relevant,"Article mentions capacity constraints at Maruti, a company, affecting compact SUV sales"
20736959,Lampe belaesst elringklinger auf halten ziel 17 euro 4559747,,,,23,Bharat Electronics Ltd,relevant,Lampe upgrades ElringKlinger to 'hold' with target price of 17 euros — analyst action on ElringKlinger's stock
24115524,Belmont county bar association awards donation to wheeling health right,,,,23,Bharat Electronics Ltd,irrelevant,Donation by Belmont County Bar Association to Wheeling Health Right does not mention ElringKlinger or related companies — no clear connection
18374679,Belorusskiy rubl demonstriruet rekordnoe padenie 4727,,,,23,Bharat Electronics Ltd,irrelevant,Article about Belarusian ruble's record decline — macroeconomic piece mentioning no specific company
31332150,"Wipro Imposes 3-Day Work From Office Rule For All Employees - Trak.in - Indian Business of Tech, Mobile & Startups",,,,35,Wipro Ltd,relevant,Wipro imposes 3-day work-from-office rule for all employees — corporate policy change directly affecting Wipro
27594855,SP Ostbelgien fordert Vollstatut f&#xFC;r Tagesm&#xFC;tter,,,,23,Bharat Electronics Ltd,irrelevant,Article about SP Ostbelgien demanding full status for daycare mothers — no clear connection to a specific company
20738551,Silencio de bob dylan sobre nobel pode lhe privar do premio de us900 mil 20347839,,,,23,Bharat Electronics Ltd,irrelevant,"Article mentions Bob Dylan in passing, but is not primarily about him or his actions"
22160155,"Develi belediyesinin yol yapim calismalari devam ediyor(17,n,12604831,153)",,,,23,Bharat Electronics Ltd,irrelevant,Article appears to be about local infrastructure work and does not mention a specific company or stock
31333189,Nobel Prize awarded to two scientists for microRNA research,,,,23,Bharat Electronics Ltd,irrelevant,"Article is about the Nobel Prize in a general sense, not specifically about a company or stock"
28248088,Gazetar&#xEB;t Maria Ressa dhe Dmitry Muratov fitojn&#xEB; &#xC7;mimin Nobel p&#xEB;r Paqe,,,,23,Bharat Electronics Ltd,irrelevant,"Article mentions the Nobel Peace Prize winners, but does not discuss a specific company or stock"
28246430,Belgio |  Nations League ultima vera occasione per la generazione d'oro?,,,,23,Bharat Electronics Ltd,irrelevant,Article appears to be about sports and does not mention a specific company or stock
31331202,Belkin BoostCharge review: Saves you in a pinch but doesn't impress,,,,23,Bharat Electronics Ltd,irrelevant,"Product review for a consumer audience, not focused on Belkin's business performance"
18374018,Na danasnji dan poceo boj na misaru rodjeni aleksandar belic hickok i fidel kastro umrli ezen delakroa i dzordz vels teroristi kod gorazdevca na reci bistrici 2003,,,,23,Bharat Electronics Ltd,irrelevant,"Unrelated to business news, appears to be a jumbled collection of historical dates and names"
20738346,Child sex assault and guns october 24 2016 trentonian police blotter,,,,42,Trent Ltd,irrelevant,"Police blotter entry about a local incident, not related to business news or a specific company's actions"
28753761,"Condi&#x21B;iile Belarusului pentru a accepta tranzitul cerealelor ucrainene c&#x103;tre porturile baltice. Luka&#x219;enko, ironii la adresa lui Biden",,,,23,Bharat Electronics Ltd,irrelevant,"Article about geopolitics and international relations, not specifically about a company's actions or performance"
24123920,Pres de 110 000 belges misent chaque jour en ligne pendant le mondial,,,,23,Bharat Electronics Ltd,irrelevant,"General statistics about internet usage during an event, not specifically about a company's actions or performance"
18376027,34702128 rating fitch stuft griechenland nach einigung mit glaeubigern hoch 016,,,,16,ITC Ltd,irrelevant,"Article is about Greece's credit rating, not primarily about a specific company"
28751780,"University of Cambridge: ""Write fewer papers, take more risks"": researchers call for 'rebellion' against academic convention &#x2013; India Education | Latest Education News  | Global Educational News",,,,23,Bharat Electronics Ltd,irrelevant,"Article is about academic convention and researchers, not related to a specific company"
28755342,Investegate |Severn Trent PLC Announcements | Severn Trent PLC: Severn Trent Plc,,,,42,Trent Ltd,relevant,"Article appears to be an official announcement from Severn Trent PLC, directly related to the company"
24129812,Nis furia belge panamaj e coroditur ne mbrojtje,,,,23,Bharat Electronics Ltd,irrelevant,"Article is in a foreign language and appears to be a news snippet, but does not seem to be primarily about a specific company"
28756490,Inilah Alasan Kelompok Usaha Gobel Gandeng Perusahaan Kue Jepang,,,,23,Bharat Electronics Ltd,relevant,"Article mentions a specific company (Gobel) and its partnership with a Japanese cake company, indicating a corporate action"
22163507,73462 mitchell leader of opposition business in senate,,,,16,ITC Ltd,irrelevant,"The title appears to be about a political leader, not a company or financial news"
24118063,Tech news reliance jio unveils 3 new plans for jiolink users with 5gb daily data 18120622,,,,1,Reliance Industries Ltd,relevant,"The title mentions Reliance Jio, a company, and announces new plans, which is a product or business development"
18371278,Fitch releases report on chicago park district il,,,,16,ITC Ltd,irrelevant,"The title is about a report on the Chicago Park District, not a company or financial news"
28758267,"La RD Congo no tiene ""duda"" de que Ruanda apoya a los rebeldes del M23 | Mundo | Edici&#xF3;n Am&#xE9;rica",,,,23,Bharat Electronics Ltd,irrelevant,"The title appears to be a news article about international politics, not a company or financial news"
24119327,At t illinois bell dropped from robocall tcpa suit,,,,23,Bharat Electronics Ltd,relevant,"The title mentions AT&T, a company, and a legal development (being dropped from a lawsuit)"
18372067,Fitch affirms wyndhams idr bbb  outlook stable,,,,16,ITC Ltd,relevant,"Fitch affirms Wyndham's IDR at BBB, outlook stable — credit rating action directly impacting the company"
27595556,Berlin Volleys treffen in der Champions League auf Trentino,,,,42,Trent Ltd,irrelevant,"Article about a sports event, no business impact or company news — Berlin Volleys' opponent in Champions League"
28759935,"Belarus, UAE confirmed interest in intensifying co-operation",,,,23,Bharat Electronics Ltd,irrelevant,"General diplomacy and international relations, no direct impact on a specific company — Belarus and UAE co-operation talks"
27592501,Fitch lowers risk for credit metrics of Indian oil marketing firms,,,,16,ITC Ltd,irrelevant,"Fitch lowers risk for credit metrics of Indian oil marketing firms — industry analysis, not company-specific news"
24128663,Reliance industries bajaj finance jubilant foodworks hit new high 118061500220 1,,,,1,Reliance Industries Ltd,irrelevant,"Stock market mention of several companies, but no specific news or analysis about any one company — general market update"
18372225,Bombardier shares hit new low as fitch again downgrades bombardier 321808161,,,,16,ITC Ltd,relevant,Bombardier's stock price movement with a stated business reason — Fitch downgrade
24122016,Lsues hester earns national pitcher of the year,,,,16,ITC Ltd,irrelevant,"Individual award, not material business news"
28757001,PSU Wants To See OSH Bill Passed | Channel5Belize.com,,,,23,Bharat Electronics Ltd,irrelevant,"Article about a bill, not primarily about a company"
28247324,Le Nobel de la paix d&#xE9;cern&#xE9; &#xE0; deux journalistes,,,,23,Bharat Electronics Ltd,irrelevant,"Nobel Peace Prize announcement, not related to a specific company's news"
24116887,Inspirational innovation sets tone finat label competition 29866,,,,23,Bharat Electronics Ltd,irrelevant,"Innovation competition, not primarily about a company's business news"
20739455,Macquarie belaesst deutsche bank auf underperform ziel 11 euro 9047291,,,,23,Bharat Electronics Ltd,relevant,Macquarie downgrades Deutsche Bank to underperform with a target price of 11 euros — analyst action on Deutsche Bank's stock
28250440,Reliance New Energy Solar acquires REC Solar Holdings for $...,,,,1,Reliance Industries Ltd,relevant,Reliance New Energy Solar acquires REC Solar Holdings for an undisclosed amount — corporate-level acquisition announcement
27593546,"Belarus' COVID-19 update: 1,733 new cases, 1,964 recoveries",,,,23,Bharat Electronics Ltd,irrelevant,"COVID-19 update for Belarus, not related to a specific company's business news"
20735303,Bela knjiga dvanaest preporuka saveta stranih investitora,,,,23,Bharat Electronics Ltd,irrelevant,"Title not in English, appears to be a general news or economic article, not specifically about a company's business news"
22170672,Stocks to watch glp sia sats yuuzoo kitchen culture,,,,16,ITC Ltd,irrelevant,"List of stocks to watch without specific news or analysis on individual companies, appears to be a general market update"
22161188,Maruti readying three new launches 404947,,,,11,Maruti Suzuki India Ltd,relevant,"Maruti is preparing new launches, which is a product strategy update"
28247505,"Nobel Prize in Economic Sciences 2021 jointly awarded to David Card, Joshua D. Angrist & Guido W. Imbens: All you need to know",,,,23,Bharat Electronics Ltd,irrelevant,"The article is about the Nobel Prize in Economic Sciences, not related to a specific company"
27598286,Reliance-Future &#x921;&#x940;&#x932; &#x915;&#x947; &#x916;&#x93F;&#x932;&#x93E;&#x92B; &#x938;&#x941;&#x92A;&#x94D;&#x930;&#x940;&#x92E; &#x915;&#x94B;&#x930;&#x94D;&#x91F; &#x92A;&#x939;&#x941;&#x902;&#x91A;&#x93E; amazon Amazon reaches Supreme Court against Reliance-Future deal,,,,1,Reliance Industries Ltd,relevant,"The article is about a legal dispute involving Reliance and Amazon, which is a corporate-level regulatory/ legal issue"
31333358,"Premiul Nobel pentru Medicin&#x103; 2024 a fost acordat pentru &#x201E;descoperirea microARN-ului &#x219;i rolul s&#x103;u &#xEE;n reglarea genetic&#x103;""",,,,23,Bharat Electronics Ltd,irrelevant,"The article is about the Nobel Prize in Medicine, not related to a specific company"
18378894,Cipla q1 net more than doubles to rs 651 cr 115081401639 1,,,,44,Cipla Ltd,relevant,"Cipla's Q1 net profit more than doubles, which is a financial result"
18380439,Bell group sees 6m profits jump on international improvement id130868,,,,23,Bharat Electronics Ltd,relevant,"The article reports on the profit jump of the Bell group, which is a direct financial result."
27597473,Le plus grand centre de vaccination de Belgique a ouvert ses portes au Heysel (en images) - Belgique,,,,23,Bharat Electronics Ltd,irrelevant,The article is about a vaccination center in Belgium and does not mention any company or financial information.
22161493,Ue serbia delegazione europarlamento da domani in missione a belgrado,,,,23,Bharat Electronics Ltd,irrelevant,The article is about a European Parliament delegation visiting Belgrade and does not mention any company or financial information.
28249586,Tanzanija sveikina A.Gurnah Nobelio premij&#x105; kaip &#x161;alies ir Afrikos pergal&#x119;,,,,23,Bharat Electronics Ltd,irrelevant,The article is about Tanzania celebrating a Nobel Prize winner and does not mention any company or financial information.
28245721,Premio Nobel de Paz 2021 a los periodistas Mar&#xED;a Ressa y Dmitry Muratov por su lucha por la libertad de expresi&#xF3;n en Filipinas y Rusia,,,,23,Bharat Electronics Ltd,irrelevant,The article is about the Nobel Peace Prize winners and does not mention any company or financial information.
28248958,Der Literaturnobelpreis 2021 geht an Abdulrazak Gurnah | B&#xFC;cher | DW,,,,23,Bharat Electronics Ltd,irrelevant,"The article is about the Nobel Prize in Literature awarded to Abdulrazak Gurnah, no mention of a specific company"
28249000,"Nobel Prize for Literature 2021: Abdulrazak Gurnah, Tanzanian writer",,,,23,Bharat Electronics Ltd,irrelevant,"The article is about the Nobel Prize in Literature awarded to Abdulrazak Gurnah, no mention of a specific company"
31331027,"Google AI wins another Nobel Prize, this time in Chemistry",,,,23,Bharat Electronics Ltd,irrelevant,"The article mentions Google AI winning a Nobel Prize, but it's not primarily about Google's business or stock performance"
20732685,Potbelly corp pbpb issues fy16 earnings guidance,,,,23,Bharat Electronics Ltd,relevant,"The article is about Potbelly Corp issuing FY16 earnings guidance, directly related to the company's financial performance"
28250172,Bel&#xE7;ika polisi yasak yaz&#x131;l&#x131;m kulland&#x131;,,,,23,Bharat Electronics Ltd,irrelevant,The article appears to be in a different language and does not seem to mention a specific company
18374176,Fitch rates cobb marietta coliseum exhibit hall auth,,,,16,ITC Ltd,relevant,"Fitch ratings are mentioned, indicating a credit rating action which is relevant to financial news"
31331108,Rebel School of Wine Takeover | To Do Brooklyn,,,,23,Bharat Electronics Ltd,irrelevant,"The title mentions a 'Rebel School of Wine Takeover' in a context that appears to be an event listing or promotion, not a corporate or financial news item"
28754017,Black candidates make their pitch as election campaign winds up,,,,16,ITC Ltd,irrelevant,"The title discusses political candidates and an election campaign, which is not related to financial news or a specific company's situation"
20734717,Belarus wants apologies from ukraine over plane 791174,,,,23,Bharat Electronics Ltd,irrelevant,"The title refers to a geopolitical incident involving Belarus and Ukraine, which does not directly relate to a company's financial situation or actions"
28759724,"TANJUG | Sa hitovima ""Pink Flojda"" Nik Mejson odr&#x17E;ao sino&#x107; koncert u hali Belexpo centra",,,,23,Bharat Electronics Ltd,irrelevant,"The title appears to discuss a concert event featuring a musician, which is not related to financial news or a company's business actions"
18367622,Violent incident at beloit bar injures four leaves police search for a suspect,,,,23,Bharat Electronics Ltd,irrelevant,A single local incident with no material impact on a company's business or financials
24120142,Fitch affirms armenia at b+,,,,16,ITC Ltd,irrelevant,"Credit rating affirmation for a country, not a company"
28250668,India's Reliance buys REC Solar for $771 million - statement,,,,1,Reliance Industries Ltd,relevant,Reliance's acquisition of REC Solar for $771 million — corporate action with financial impact
22161282,Anderlecht pastikan juara liga belgia ke 34,,,,23,Bharat Electronics Ltd,irrelevant,"Sports news about a Belgian league champion, no business or financial relevance"
20733557,Badgley phelps bell inc boosts position in medtronic plc mdt,,,,23,Bharat Electronics Ltd,relevant,Badgley Phelps & Bell Inc boosts position in Medtronic PLC — analyst action on the company's stock
28246287,Coal shortage India Pralhad Joshi production Coal India Ltd,,,,29,Coal India Ltd,irrelevant,"Article appears to be about a coal shortage in India, mentioning Coal India Ltd as one example, not the main subject"
20738492,Stovetop kitchen fire in belleville,,,,23,Bharat Electronics Ltd,irrelevant,"Local incident, a kitchen fire in Belleville, no material impact on a company"
18379680,Thompson manisa buyuksehir belediyespor da 2834972,,,,23,Bharat Electronics Ltd,irrelevant,"Article appears to be about a sports event or player, no clear connection to a company"
28757138,Juez sentencia a 2 del grupo La Oficina escisi&#xF3;n de Los Beltr&#xE1;n Leyva,,,,23,Bharat Electronics Ltd,irrelevant,"Article about a court sentence, no clear connection to a company"
20730882,Bel reports third quarter 2016 results,,,,23,Bharat Electronics Ltd,relevant,"Bel reports its third quarter 2016 results, direct financial information about the company"
28249030,Tanzanian Abdulrazak Gurnah awarded Nobel literature prize - Netscape Entertainment,,,,23,Bharat Electronics Ltd,irrelevant,"The article is about the Nobel literature prize being awarded to Tanzanian Abdulrazak Gurnah, with no mention of a specific company"
27593294,"FM: Belarus' independence, sovereignty are important for Europe too",,,,23,Bharat Electronics Ltd,irrelevant,"The article is about Belarus' independence and sovereignty, with no mention of a specific company"
20733424,News wipro lags peers in q2 as quarterly revenue falls 1023 2791187,,,,35,Wipro Ltd,relevant,"The article mentions Wipro's Q2 revenue falling, which is a financial result for the company"
31333654,"2024 Nobel T&#x131;p &#xD6;d&#xFC;l&#xFC; ""microRNA ke&#x15F;finden"" dolay&#x131; ABD'li Victor Ambros ve Gary Ruvkun'a verildi",,,,23,Bharat Electronics Ltd,irrelevant,"The article is about the Nobel Prize being awarded to Victor Ambros and Gary Ruvkun, with no mention of a specific company"
18374945,34670552 fitch bestaetigt deutschen telekom bei bbb 015,,,,16,ITC Ltd,relevant,"The article mentions Fitch confirming Deutsche Telekom's rating at BBB, which is a credit rating action for the company"
28759840,"Bell Bank rolls out 'Big Blue Bus' for on-the-go access to banking services - InForum | Fargo, Moorhead and West Fargo news, weather and sports",,,,23,Bharat Electronics Ltd,irrelevant,"Article about Bell Bank's new mobile banking service, but it's not primarily about the bank's financials or business strategy, and seems more like a community news piece"
18372760,Agentura fitch zvysila rating grecka spekulativne pasmo ponechala,,,,16,ITC Ltd,relevant,"Fitch rating upgrade for Greece, potentially impacting bond market and investments"
27592709,Bell Baxter High School-educated GPs 'give back' to Cupar community at Covid-19 vaccination sessions,,,,23,Bharat Electronics Ltd,irrelevant,"Article about alumni of Bell Baxter High School, not related to business or financial news about a company"
31333729,Nobel economics prize is awarded for research into how poor institutions affect countries' success &#x2013; East Bay Times,,,,23,Bharat Electronics Ltd,irrelevant,"Nobel economics prize article, not related to a specific company or business news"
22158795,Global cellulosic fibre market 2017 top players grasim industries limited bracell limited lenzing ag kelheim fibres gmbh,,,,38,Grasim Industries Ltd,irrelevant,"Market report listing top players in the cellulosic fibre market, but not primarily about one company's news or financials"
24131269,Live trans tv belgia vs tunisia di grup g piala dunia 2018 malam ini pelatih bela romelu lukaku,,,,23,Bharat Electronics Ltd,irrelevant,Sports event not related to a specific company's financial news or actions
28248606,Mitchell High School marching band takes second at final competition of season,,,,16,ITC Ltd,irrelevant,School event not related to a specific company's financial news or actions
20736633,333513 belstat na 1000 chelovek v belarusi prihoditsya 307 legkovih avtomobilei,,,,23,Bharat Electronics Ltd,irrelevant,Statistical report not related to a specific company's financial news or actions
28246551,Megvan az idei irodalmi Nobel-d&#xED;j gy&#x151;ztese,,,,23,Bharat Electronics Ltd,irrelevant,Literary award not related to a specific company's financial news or actions
18376862,Carrick buka keunggulan klub belgia,,,,23,Bharat Electronics Ltd,irrelevant,Sports news not related to a specific company's financial news or actions
31333340,Le Nobel de m&#xE9;decine d&#xE9;cern&#xE9; aux Am&#xE9;ricains Victor Ambros et Gary Ruvkun pour la d&#xE9;couverte des microARN,,,,23,Bharat Electronics Ltd,irrelevant,"The article is about the Nobel Prize in Medicine being awarded to Victor Ambros and Gary Ruvkun, not related to a specific company"
28756492,"LINK Nonton Online Live Streaming: Wales vs Belanda UEFA Nations League, 9 Juni 2022 Kick Off 01:45 WIB",,,,23,Bharat Electronics Ltd,irrelevant,"The article is about a live streaming link for a UEFA Nations League match between Wales and Belanda, not related to a specific company"
28247117,L&#xF3;a m&#x1EAF;t khi th&#x1EA5;y d&#xE0;n nh&#xE2;n v&#x1EAD;t Attack on Titan n&#x1EBF;u b&#x1B0;&#x1EDB;c ra &#x111;&#x1EDD;i th&#x1EF1;c l&#x1EA1;i ch&#x1EA5;t l&#x1EEB; th&#x1EBF; n&#xE0;y!,,,,17,Titan Company Ltd,irrelevant,"The article appears to be about a fictional scenario or fan content related to the Attack on Titan series, not related to a specific company"
20734108,Nobel academy member calls bob dylans silence arrogant 505194,,,,23,Bharat Electronics Ltd,irrelevant,"The article mentions Bob Dylan and the Nobel academy, but not a specific company"
18367718,Trenton fire department installs free smoke detectors in city homes,,,,42,Trent Ltd,irrelevant,"The article is about a local fire department installing smoke detectors, not related to a specific company"
24124995,Trakigt belgien jagar attondelsfinal,,,,23,Bharat Electronics Ltd,irrelevant,"Article appears to be about a sports event, not a company-specific news"
20730728,Titan to venture into women s ethnicwear 192048 newsdetails,,,,17,Titan Company Ltd,relevant,"Titan ventures into women's ethnicwear, a company-specific product strategy announcement"
20738886,Komite nobel tak bisa hubungi bob dylan,,,,23,Bharat Electronics Ltd,irrelevant,"Article about Bob Dylan, not related to a company-specific news"
28757555,Virgin Music Label And Artist Services Launched In Africa,,,,23,Bharat Electronics Ltd,relevant,"Virgin Music Label launches services in Africa, a company-specific business expansion announcement"
20733823,Ritchie bros completes new credit facilities totaling us1 billion 2016 10 27,,,,16,ITC Ltd,relevant,"Ritchie Bros completes new credit facilities, a company-specific financial news"
31331952,American scientists win 2024 Nobel Prize for groundbreaking gene research on microRNA,,,,23,Bharat Electronics Ltd,irrelevant,"The article is about scientists winning the Nobel Prize, not directly related to a specific company's stock or business"
18377612,China s yuan depreciation highlights economic challenges fitch 115081300647 1,,,,16,ITC Ltd,irrelevant,"The article is about China's economic challenges and yuan depreciation, not specifically about a company's performance or stock"
20731478,Reactii dupa ce bob dylan devine primul muzician distins cu premiul nobel pentru literatura cartarescu ne a facut o comitetul nobel,,,,23,Bharat Electronics Ltd,irrelevant,"The article is about Bob Dylan winning the Nobel Prize in Literature, not related to a company's business or stock"
28757628,The Army of Belarus Prepares for Military Time,,,,23,Bharat Electronics Ltd,irrelevant,"The article is about the Army of Belarus preparing for military time, not related to a company's business or stock"
27592585,Sand Volleyball | Calendar | Campbell University,,,,23,Bharat Electronics Ltd,irrelevant,"The article is about a sand volleyball calendar event at Campbell University, not related to a company's business or stock"
22162665,Campbell soup results idusl4n1il3ou,,,,23,Bharat Electronics Ltd,relevant,Campbell soup reports financial results
27595238,&#xBB; Bellingham house fire kills one,,,,23,Bharat Electronics Ltd,irrelevant,House fire incident unrelated to business news
28250058,"Nobel in economics goes to David Card, Joshua Angrist and Guido Imbens.",,,,23,Bharat Electronics Ltd,irrelevant,"Nobel Prize announcement in economics, not company-specific news"
28247333,Novelis Muslim Asal Tanzania Raih Hadiah Nobel Sastra 2021,,,,23,Bharat Electronics Ltd,irrelevant,"Nobel Literature Prize announcement, not company-specific news"
27593762,Wipro appoints Michael Seiger as the Country Head for Germany and Austria,,,,35,Wipro Ltd,relevant,"Wipro appoints new Country Head, corporate-level personnel change"
20738866,13216552 mid belgii vyzval posla rf iz za obvineniy v aviaudare po aleppo,,,,23,Bharat Electronics Ltd,irrelevant,"Article appears to be about a diplomatic incident involving Russia and Belgium, not a company-specific news"
22167252,Tcs launches smart software to cut led power consumption nid 203041 cid 2,,,,6,Tata Consultancy Services Ltd,relevant,"TCS launches smart software to cut LED power consumption, directly related to company's product or technology"
20734118,Nimbelink partners verizon and sequans deliver industrys first category m1 modem use verizons lte ne,,,,23,Bharat Electronics Ltd,relevant,"Nimbelink partners with Verizon and Sequans for a new modem technology, directly related to company's business or product"
22169351,Alipnickij ostanovit li litovskij zakon belorusskuyu aes,,,,23,Bharat Electronics Ltd,irrelevant,"Article appears to be about a political or legal issue in Lithuania and Belarus, not specifically about a company"
27597131,"Belarus: Police raids homes of journalists & human rights defenders, accuses them of financing protests - Business & Human Rights Resource Centre",,,,23,Bharat Electronics Ltd,irrelevant,"Article about police raids on journalists and human rights defenders in Belarus, not related to a specific company's news or actions"
31331676,"Nobel de litt&#xE9;rature 2024: Han Kang couronn&#xE9;e, premi&#xE8;re autrice sud-cor&#xE9;enne &#xE0; remporter le prix - M&#xE9;dias24 num&#xE9;ro un de l'information &#xE9;conomique marocaine",,,,23,Bharat Electronics Ltd,irrelevant,The article is about a literary award and does not mention any company or financial information
28760070,Isabella County Sheriff's Office Changing How they Handle Calls Until Fuel Budget Renews,,,,23,Bharat Electronics Ltd,irrelevant,The article is about a local law enforcement agency's budget and does not mention any company or financial information
18367523,Report reliance industries again loses most profitable tag this time to indian oil corp 2115140,,,,1,Reliance Industries Ltd,relevant,"The article mentions that Reliance Industries loses its tag as the most profitable to Indian Oil Corp, which is a financial and market-related news"
28758405,"Titan Medical Appoints Bill Fahey as Vice President, Manufacturing and Operations",,,,17,Titan Company Ltd,relevant,"The article is about Titan Medical appointing a new Vice President, which is a corporate action and relevant to the company"
28755476,'Beautiful angel' Annabell Rodriguez remembered at funeral,,,,23,Bharat Electronics Ltd,irrelevant,The article is about a funeral and does not mention any company or financial information
28759316,Belgian officials visit Border Police Coordination Operational Center,,,,23,Bharat Electronics Ltd,irrelevant,"The article is about a visit to a Border Police Coordination Operational Center, not primarily about a specific company"
28248274,"Sterling and Wilson Surges Over 8% As  Reliance Industries, through its subsidiary Reliance New Energy Solar, Buys Stake",,,,1,Reliance Industries Ltd,relevant,"Reliance Industries buying a stake in Sterling and Wilson, a direct corporate action affecting the company"
20736457,Fitch affirms king city union school district cas gos at a outlook revised to stable 2016 10 31,,,,16,ITC Ltd,irrelevant,"The article is about a school district's credit rating, not related to a specific company"
28751578,Provincia autonoma di Trento: Second Successful Day at Trento Festival of Economics,,,,42,Trent Ltd,irrelevant,"The article is about a festival, not primarily about a specific company"
28758344,Washington Post adds a pretty harsh correction to Taylor Lorenz's article on the Depp-Heard trial &#x2013; twitchy.com,,,,16,ITC Ltd,irrelevant,"The article is about a media outlet's correction, not related to a specific company"
20737160,Fitch assigns first time idr compania general de,,,,16,ITC Ltd,relevant,"Fitch assigns credit rating to Compania General de, a material financial action"
27598339,Un carnevale originale alle Albere: Consorzio Trento Iniziative ed Historic pi&#xF9; forti del Covid!,,,,42,Trent Ltd,irrelevant,"Article about a local event, not related to a company's financial performance or business actions"
28248313,Edelweiss appointed Manager for Reliance's open offer for Sterling and Wilson Solar,,,,1,Reliance Industries Ltd,relevant,"Edelweiss appointed as Manager for Reliance's open offer, a significant corporate action"
31333070,"ARN volta a dominar o Nobel da Medicina &#x2013; desta vez, o micro",,,,23,Bharat Electronics Ltd,irrelevant,"Article about a Nobel Prize winner, not related to a company's financial performance or business actions"
22160565,Rusya nin yeni ankara buyukelcisi belli oldu h159389,,,,23,Bharat Electronics Ltd,irrelevant,"Article about a diplomatic appointment, not related to a company's financial performance or business actions"
27596308,"Portes ouvertes de l ECM Belfort   Ecole de commerce et management : Rencontre, conference a Belfort",,,,23,Bharat Electronics Ltd,irrelevant,"The article is about an event at a school in Belfort, not related to a publicly traded company or financial news"
24125612,Venezuela constituent assembly names cabello as new president,,,,23,Bharat Electronics Ltd,irrelevant,"The article is about a political event in Venezuela, not related to a specific company or financial news"
18372517,Eks predsedatelya belkoopsoyuza prosadili na 12 let,,,,23,Bharat Electronics Ltd,irrelevant,"The article appears to be about a crime or punishment in Belarus, not related to a publicly traded company or financial news"
18371079,Ia  taco bell meth lab,,,,23,Bharat Electronics Ltd,irrelevant,"The article seems to be a casual mention of a brand (Taco Bell) in a non-business context, likely a joke or entertainment content"
24124838,Taco bell giving out free doritos locos tacos on wednesday 485385691,,,,23,Bharat Electronics Ltd,irrelevant,"The article is about a promotional offer by Taco Bell, but it's more of a marketing announcement than a material business news, and doesn't likely impact stock decisions directly"
27595996,AkzoNobel beloont aandeelhouders met 1 miljard euro aandeleninkoop,,,,23,Bharat Electronics Ltd,relevant,AkzoNobel announces a 1 billion euro share buyback program — direct financial action for shareholders
27597201,Amazon Moves Supreme Court Against Delhi High Court Order Lifting Status Quo On Future-Reliance Deal,,,,1,Reliance Industries Ltd,relevant,Amazon takes legal action against a Delhi High Court order regarding a Future-Reliance deal — corporate-level legal action
20731867,Jury verkuendet literaturnobelpreistraeger 2016 id15071201,,,,23,Bharat Electronics Ltd,irrelevant,Literature Nobel Prize announcement — unrelated to business or financial news
27598045,"Politik -  EU-Parlament kritisiert ""&#xFC;bereilte"" Inbetriebnahme von Atomkraftwerk in Belarus",,,,23,Bharat Electronics Ltd,irrelevant,EU Parliament criticism of a nuclear power plant in Belarus — unrelated to specific company news
24125290,Teen drowns while swimming in delaware river in trenton,,,,42,Trent Ltd,irrelevant,Local incident of a teen drowning in a river — individual incident with no business relevance
28753033,"Now Reliance will also dominate Toy Maket, Ambani bought a big stake in the business of Plastic Legno SP | &#x905;&#x92C; Toy Maket &#x92E;&#x947;&#x902; &#x92D;&#x940; &#x939;&#x94B;&#x917;&#x93E; &#x930;&#x93F;&#x932;&#x93E;&#x92F;&#x902;&#x938; &#x915;&#x93E; &#x926;&#x92C;&#x926;&#x92C;&#x93E;, &#x92A;&#x94D;&#x932;&#x93E;&#x938;&#x94D;&#x91F;&#x93F;&#x915; &#x932;&#x947;&#x917;&#x94D;&#x928;&",,,,1,Reliance Industries Ltd,relevant,"Reliance acquires a stake in Plastic Legno SP, potentially impacting the toy market"
31333750,"Kathleen S. Wright Associates Inc. Acquires 1,557 Shares of Grayscale Bitcoin Trust (NYSEARCA:GBTC)",,,,16,ITC Ltd,relevant,"Kathleen S. Wright Associates Inc. acquires shares of Grayscale Bitcoin Trust, a specific investment action"
24125387,Belgjika dominon formacionin e dites se peste te boterorit,,,,23,Bharat Electronics Ltd,irrelevant,Article appears to be in a different language and does not clearly relate to a specific company or financial news
28246312,Stanford professor shares Nobel prize in economics,,,,23,Bharat Electronics Ltd,irrelevant,"Article about a Stanford professor winning a Nobel prize, not related to a specific company or financial news"
27593551,"Belarus' FM calls to find adequate response to challenges, threats",,,,23,Bharat Electronics Ltd,irrelevant,"Article about Belarus' FM making a statement, not related to a specific company or financial news"
24118209,Cipla unitaid join hands to reduce hiv drug price,,,,44,Cipla Ltd,relevant,"Cipla partners with Unitaid to reduce HIV drug price, a significant corporate action"
31330728,Wester: Nobel Peace Prize for Japanese atomic bomb survivors 'fitting' amid global tensions,,,,23,Bharat Electronics Ltd,irrelevant,"Article about Nobel Peace Prize and Japanese atomic bomb survivors, no mention of the company"
24126626,54795 block deal in shares of reliance industries 20180622,,,,1,Reliance Industries Ltd,relevant,"Block deal in shares of Reliance Industries, a significant financial transaction"
24126163,Balgariya i belarus shte si satrudnichat v oblastta na statistikata,,,,23,Bharat Electronics Ltd,irrelevant,"Article about Bulgaria and Belarus cooperation in statistics, no company mentioned"
31330808,"David Baker, John Jumper & Demis Hassabis awarded 2024 Nobel Prize in Chemistry &#x2013; THE INDIAN AWAAZ",,,,23,Bharat Electronics Ltd,irrelevant,"Article about Nobel Prize in Chemistry winners, no company mentioned"
28754031,S&#x131;n&#x131;r &#xF6;tesi harekatlar ter&#xF6;r &#xF6;rg&#xFC;tlerinin belini b&#xFC;kt&#xFC;,,,,23,Bharat Electronics Ltd,irrelevant,"The title appears to be in Turkish and discusses terrorist organizations, but does not mention a specific company"
20736878,10 18 2016 beyond reality radio the salem witch trials,,,,16,ITC Ltd,irrelevant,"The title discusses a radio show about the Salem witch trials, which is not related to a specific company"
28754559,Mitch Albom: Bike crash on vacation shows me how the French roll,,,,16,ITC Ltd,irrelevant,The title is about a personal experience of Mitch Albom and does not mention a specific company
31333124,"Medizin-Nobelpreis geht an Genregulations-Forscher &#x2013; ""Bahnbrechende Entdeckung""",,,,23,Bharat Electronics Ltd,irrelevant,The title discusses the Nobel Prize in Medicine and does not mention a specific company
18379532,Heather robinson belle morris elementary school celebrating 100 years and woman who campaigned for 87396346,,,,23,Bharat Electronics Ltd,irrelevant,"The title discusses a school celebration and a woman who campaigned, but does not mention a specific company"
22170929,Man suspected of murder caught after fleeing bellingham,,,,23,Bharat Electronics Ltd,irrelevant,Local crime story with no business or financial relevance
18379080,Fitch affirms sarasota county fls guaranteed entitlement,,,,16,ITC Ltd,relevant,Fitch affirmation of credit rating has financial implications
28758056,"Victoria House Resort & Spa, Belize: Exclusive Slice of Paradise",,,,23,Bharat Electronics Ltd,irrelevant,"Travel article promoting a resort, not business news"
27593402,Lukashenko: Belarus' uniformed services will be strengthened to respond to new threats,,,,23,Bharat Electronics Ltd,irrelevant,Geopolitical statement with no direct business or financial impact
24129986,China fishery vessel damanzaihao stripped of belize registration,,,,23,Bharat Electronics Ltd,relevant,"Belize registration stripped from a specific vessel, potentially impacting its operations"
18379835,Campbell more than 700 backpacks supplies donated local,,,,23,Bharat Electronics Ltd,irrelevant,Local community event with no material business impact
22160964,Reliance communications bonds fall to record low as rating cut,,,,1,Reliance Industries Ltd,relevant,"Reliance Communications' bonds fall to record low due to rating cut, directly affecting the company's finances"
27593305,Darwin day 2021: Nessun albero &#xE8; solo / Eventi in citt&#xE0; / Vivi la citt&#xE0; / Citt&#xE0; / Trento Citt&#xE0; - Sito ufficiale del Comune di Trento,,,,42,Trent Ltd,irrelevant,"Unrelated event about a city event in Trento, no business news"
22170003,40800554 schulte roth zabel hosts seminar shareholder activism in the uk 004,,,,23,Bharat Electronics Ltd,irrelevant,"Seminar hosted by a law firm about shareholder activism, not specifically about a company's actions or performance"
27596307,Poli&#x21B;ia din Belarus a f&#x103;cut perchezi&#x21B;ii la locuin&#x21B;ele unor jurnali&#x219;ti &#x219;i activi&#x219;ti pentru drepturile omului,,,,23,Bharat Electronics Ltd,irrelevant,"News about police actions in Belarus, unrelated to business or financial news"
20731304,Nobel edebiyat odulunun sahibi bob dylan h100159,,,,23,Bharat Electronics Ltd,irrelevant,"Article about Bob Dylan winning a Nobel Prize, not related to a specific company's stock or business"
24119156,Les histoires de loncle phil raymond braine la star belge privee de coupe du,,,,23,Bharat Electronics Ltd,irrelevant,"Article about a Belgian star being deprived of a cup, no clear connection to a company's stock or financials"
31334161,"Daron Acemo&#x11F;lu kimdir, ka&#xE7; ya&#x15F;&#x131;nda nereli? Daron Acemo&#x11F;lu 2024 Nobel &#xD6;d&#xFC;l&#xFC; m&#xFC; ald&#x131;? Nas&#x131;l kazand&#x131;?",,,,23,Bharat Electronics Ltd,irrelevant,"Article about Daron Acemoğlu winning a Nobel Prize, not related to a specific company's stock or business"
28249757,"Titan Development, Robinson Weeks Partners break ground in Selma - San Antonio Business Journal",,,,17,Titan Company Ltd,relevant,"Article about a real estate development company breaking ground, potentially impacting their stock or financials"
28250159,Che cos'&#xE8; il Nordus e perch&#xE9; il Comune di Trento chiede un milione di euro allo Stato per studiarne la fattibilit&#xE0; - Trento,,,,42,Trent Ltd,irrelevant,"Article about a local government's request for funding, not directly related to a company's stock or business performance"
28245739,"Tanzanian novelist Gurnah wins 2021 Nobel for depicting impact of colonialism, migration",,,,23,Bharat Electronics Ltd,irrelevant,"The article is about the Nobel Prize winner, not related to any company"
20739705,Belarus capital seems main contender for 2019 european games 1,,,,23,Bharat Electronics Ltd,irrelevant,"The article is about the European Games, not related to any company"
28248368,"Nach Nobelpreis: Regierung gratuliert einer &#x201E;Verbrecherin"" - Philippinen",,,,23,Bharat Electronics Ltd,irrelevant,"The article is about a government's reaction to a Nobel Prize winner, not related to any company"
22170955,School district switches to local and organic meals cuts carbon footprint and saves money 20170522,,,,16,ITC Ltd,irrelevant,"The article is about a school district's environmental initiative, not related to any company"
20738420,National consultant short term trainings belgium follow activities 0,,,,23,Bharat Electronics Ltd,irrelevant,"The article is about a job posting or training, not related to any company news or stock performance"
20734347,Bob dylan kapja az irodalmi nobel dijat,,,,23,Bharat Electronics Ltd,irrelevant,"The article is about Bob Dylan receiving the Nobel Prize in Literature, which is not related to a specific company's stock or business performance"
22168087,More details surface in bellaire murder case,,,,23,Bharat Electronics Ltd,irrelevant,"The article is about a local murder case, which is an individual incident and not related to a company's stock or business performance"
27592489,"In Belarus, for a very Soviet president, a Soviet 'people's assembly'",,,,23,Bharat Electronics Ltd,irrelevant,The article is about politics in Belarus and does not mention a specific company or its stock performance
27597036,Escalating Demand for Proper Information about Medical Devices and Products to Heighten the Growth Prospects of the Medical Device Labeling Market between 2017 and 2025: TMR,,,,23,Bharat Electronics Ltd,irrelevant,The article is a market research report about the medical device labeling market and does not focus on a specific company's stock or business performance
31331704,La agencia de ONU en Palestina y la Corte Internacional de Justicia lideran pron&#xF3;sticos para Nobel de la Paz,,,,23,Bharat Electronics Ltd,irrelevant,"The article is about predictions for the Nobel Peace Prize and mentions UN agencies and the International Court of Justice, but does not focus on a specific company's stock or business performance"
31330953,Fitch evaluates SL's rating with debt restructuring in final stages  - Business  Main,,,,16,ITC Ltd,relevant,Fitch evaluating Sri Lanka's rating with debt restructuring in final stages — direct credit rating action
28754483,Prime minister: Belarus is redirecting export flows while Western sanctions backfire,,,,23,Bharat Electronics Ltd,irrelevant,"Belarus redirecting export flows due to Western sanctions — macro/economic analysis, not company-specific"
28753082,"Investegate |Provincia autonoma di Trento Announcements | Provincia autonoma di Trento: Trento, Data Confirmed the Success of the Festival",,,,42,Trent Ltd,irrelevant,"Provincia autonoma di Trento announces festival success — local event, not material business news"
28250998,Friedensnobelpreis an Journalisten Maria Ressa und Dmitry Muratov,,,,23,Bharat Electronics Ltd,irrelevant,Nobel Peace Prize awarded to journalists — unrelated to business news
27597891,Cipla Health's Naselin Launches ColdPlus Rub for effective Cold Relief & Relaxation for adults,,,,44,Cipla Ltd,relevant,Cipla Health's Naselin launches new product for cold relief — company-specific product launch
31331696,Bell Let's Talk Day 2025 to Prioritize Youth Mental Health as Young Canadians Face Growing Crisis,,,,23,Bharat Electronics Ltd,irrelevant,"Article about Bell Let's Talk Day, a corporate social responsibility initiative, but not primarily about the company's business or financials"
24120157,18 06 2018 dubl lukaku pomog belgijcam razgromit sbornuyu panamy,,,,23,Bharat Electronics Ltd,irrelevant,Article appears to be about a sports event and not related to a specific company's business or financials
31330563,"Vontobel Holding Ltd. Grows Stock Position in Fortinet, Inc. (NASDAQ:FTNT)",,,,23,Bharat Electronics Ltd,irrelevant,"Article about Vontobel Holding Ltd.'s stock position in Fortinet, Inc., but primarily about Vontobel's actions, not Fortinet's business or financials"
20731893,O dylanovi se jako o nositeli nobelovy ceny vazne uvazovalo od 90 let rika guziur 10477,,,,23,Bharat Electronics Ltd,irrelevant,Article appears to be about a literary or cultural topic and not related to a specific company's business or financials
22167561,Belizes annual wonder woman challenge coming,,,,23,Bharat Electronics Ltd,irrelevant,Article about a local event and not related to a specific company's business or financials
24118839,Technology experts in belfast for digital dna,,,,23,Bharat Electronics Ltd,irrelevant,"The article appears to be about a technology conference in Belfast, but does not mention a specific company, making it irrelevant"
22171058,Muzej jugoslavije obelezava 55 godina postojanja 826931,,,,23,Bharat Electronics Ltd,irrelevant,"The article is in a foreign language and appears to be about a museum's anniversary, with no clear connection to a specific company's business news, making it irrelevant"
22168286,Dajners klub belgrad so mega skandal rakovodstvoto so godini vrselo zloupotrebi,,,,23,Bharat Electronics Ltd,irrelevant,"The article appears to be about a scandal involving a club in Belgrade, but does not mention a specific company that would require a portfolio manager to take action, making it irrelevant"
22169119,Usw locals ratify titan contract,,,,17,Titan Company Ltd,relevant,"The article mentions 'locals ratify titan contract', suggesting a labor or collective bargaining agreement at a specific company named Titan, which could impact a portfolio manager's decisions"
24113444,Prediksi pertandingan piala dunia 2018 timnas belgia kontra timnas tunisia,,,,23,Bharat Electronics Ltd,irrelevant,"The article appears to be a prediction or preview of a sports match, with no connection to business news or a specific company's performance, making it irrelevant"
24128890,These maybelline makeup kits will make your summer fridays feel like youre back at camp 9557319,,,,23,Bharat Electronics Ltd,irrelevant,"Lifestyle article mentioning Maybelline makeup kits, not a business-related announcement or news"
28247141,"Dissident journalists from Philippines, Russia awarded Nobel Peace Prize",,,,23,Bharat Electronics Ltd,irrelevant,"Nobel Peace Prize announcement, not related to a specific company's business or financial news"
31331604,"&#xBF;D&#xF3;nde encontrar en Chile los libros de Han Kang, la ganadora del Premio Nobel de Literatura 2024?",,,,23,Bharat Electronics Ltd,irrelevant,"Article about finding books by a Nobel Literature Prize winner, not related to a specific company's business or financial news"
18379068,Fitch rates americredit automobile receivables trust 2015 3 2015 08 13,,,,16,ITC Ltd,relevant,"Fitch rates Americredit automobile receivables trust, directly related to financials and credit ratings"
22169270,Shareholders take akzo nobel to court in effort to aid ppg takeover 20170521 00040,,,,23,Bharat Electronics Ltd,relevant,"Shareholders take Akzo Nobel to court to aid PPG takeover, directly related to corporate actions and legal proceedings affecting the company"
31332866,Gary Ruvkun und Victor Ambros bekommen den Medizin-Nobelpreis,,,,23,Bharat Electronics Ltd,irrelevant,"The article is about the Nobel Prize winners in medicine, not primarily about a company"
28249555,And the 2021 Nobel Prizes go to men&#x2026; so far,,,,23,Bharat Electronics Ltd,irrelevant,"The article is about the 2021 Nobel Prizes and their recipients, not primarily about a company"
20730356,Bob dylan jadi penyanyi pertama yang raih hadiah nobel sastra,,,,23,Bharat Electronics Ltd,irrelevant,"The article is about Bob Dylan winning the Nobel Prize in literature, not primarily about a company"
18377610,Sensex nifty consolidate lupincipla up hindalco down 2501441,,,,44,Cipla Ltd,irrelevant,"The article appears to be a stock market update, but it does not focus on a specific company; it seems to be a general market summary"
27598739,Jusqu'&#xE0; 195.000 personnes ont fait appel chaque mois aux banques alimentaires - Belgique,,,,23,Bharat Electronics Ltd,irrelevant,"The article is about people using food banks in Belgium, not primarily about a company"
24122404,Italian core banking market takes major leap forward with cabel and oracle 300666766,,,,23,Bharat Electronics Ltd,irrelevant,"Article mentions Oracle, but appears to be about the Italian core banking market, not Oracle specifically"
27592793,"Lukashenko stages Belarusian ""People's Assembly"" ...",,,,23,Bharat Electronics Ltd,irrelevant,"Article appears to be about Lukashenko and a political event in Belarus, no clear business or financial relevance"
24124813,Cetak 2 gol ke gawang panama romelu lukaku samai legenda sepak bola belgia,,,,23,Bharat Electronics Ltd,irrelevant,"Article appears to be about a sports event, specifically a soccer game, with no clear business or financial relevance"
22163955,Beles yasamanin formulu ihanet,,,,23,Bharat Electronics Ltd,irrelevant,"Article appears to be about a Turkish soap opera or similar, no clear business or financial relevance"
28247998,And the 2021 Nobel Prizes go to men... so far,,,,23,Bharat Electronics Ltd,irrelevant,"Article appears to be about the Nobel Prizes and general news, no clear business or financial relevance"
28757613,City of Mitchell to post part-time animal control position to combat stray animals,,,,16,ITC Ltd,irrelevant,"The article is about a city's job posting for an animal control position, not related to a specific company's stock or business news"
28753008,Community Kitchen's Volunteer of the Year honored,,,,16,ITC Ltd,irrelevant,"The article is about a volunteer award, not related to a specific company's stock or business news"
20734268,Wz 22 111172886 1 72542 jury verkuendetliteraturnobelpreistraeger 2016,,,,23,Bharat Electronics Ltd,irrelevant,"The title appears to be a jumbled collection of numbers and words, possibly a mistaken or irrelevant entry"
24116567,Beltran advierte que colocar ikurrina ilegal por muchas argucias que intenten hacer 597356 300,,,,23,Bharat Electronics Ltd,irrelevant,The article appears to be in Spanish and discusses a political or social issue (ikurrina) without clear relevance to a specific company's stock or business news
20738910,Hackers invadem conta no twitter de chanceler belga 1,,,,23,Bharat Electronics Ltd,irrelevant,"The article is about a Twitter account hack of a Belgian chancellor, which is an individual incident and not related to a specific company's stock or business news"
28751614,"Feltre, nessuno vuole comprare villa Bellati: ora costa soltanto 250mila euro",,,,23,Bharat Electronics Ltd,irrelevant,"Article about a specific villa for sale in Feltre, not related to a company's financial news or business operations"
27596068,"Dow Jones Falls, Tech Stocks Sell Off As Bitcoin Jumps Toward $52,000; Apple, Tesla Hit Key Support Level",,,,16,ITC Ltd,irrelevant,"Market update mentioning Apple and Tesla in a general context of stock market movements, not specifically about either company's business or financials"
28759169,&#x3010;&#x5C08;&#x6B04;&#x3011;&#x63A1;&#x7528;&#x6BD4;&#x7279;&#x5E63;&#x70BA;&#x6CD5;&#x5E63;&#xFF0C;&#x4E0D;&#x662F;&#x982D;&#x6BBC;&#x58DE;&#x53BB;&#xFF01;&#x7834;&#x89E3;Bitcoin&#x7684;&#x8B0A;&#x8A00;&#x8FF7;&#x601D;&#xFF5C;&#x6578;&#x4F4D;&#x6642;&#x4EE3; BusinessNext,,,,16,ITC Ltd,irrelevant,"Article appears to be about Bitcoin and cryptocurrency, not specifically about a company's financial news or business operations"
27594959,NATO-Linked Think Tank Proposes Biden Adopt Venezuela-Style 'Regime Change' Policies Towards Belarus,,,,23,Bharat Electronics Ltd,irrelevant,"Article about geopolitics and international relations, not related to a company's financial news or business operations"
31331348,Wealthy Woman Labeled Ignorant For Refusing To Evacuate Tampa Home For Hurricane Milton,,,,23,Bharat Electronics Ltd,irrelevant,"Article about an individual's behavior during a natural disaster, not related to a company's financial news or business operations"
28758144,"Atlanta BeltLine, Inc. Celebrates 182 More Affordable Homes Opening Doors on Atlanta's Westside",,,,23,Bharat Electronics Ltd,irrelevant,"Article about Atlanta BeltLine celebrating affordable homes, not primarily about a company's financials or business actions"
28759108,"Cowbell Cyber Wins Global Infosec's ""Best Product in Cyber Insurance"" Award at RSA Conference 2022",,,,23,Bharat Electronics Ltd,relevant,"Cowbell Cyber wins an award, indicating a business achievement that could impact its market position or reputation"
24118874,Gelebte geschichte im nabel der boomenden region 132703973,,,,23,Bharat Electronics Ltd,irrelevant,The title appears to be in a different language and does not clearly relate to a specific company's financials or business actions
31333228,Trent shares rise 300% from 52 week low price targets for the multibagger,,,,42,Trent Ltd,relevant,"Trent shares rise significantly, indicating a notable stock price movement with a business implication"
27594270,"Lukashenko acusa a Occidente de orquestar una ""guerra rel&#xE1;mpago"" en Belar&#xFA;s",,,,23,Bharat Electronics Ltd,irrelevant,"Article about geopolitical tensions, not related to a specific company's financials or business actions"
28752036,"Tentara Belarusia Gelar Latihan Perang, Segera Bantu Rusia Gempur Kyiv?",,,,23,Bharat Electronics Ltd,irrelevant,"Article about Belarus military exercises and potential involvement in Russia-Ukraine conflict, no clear connection to a specific company's financials or operations"
31333573,"Victor Ambros, Gary Ruvkun win Nobel Prize for medicine &#x2013; NBC Connecticut",,,,23,Bharat Electronics Ltd,irrelevant,"Nobel Prize in medicine awarded to Victor Ambros and Gary Ruvkun, no clear connection to a specific company's financials or operations"
22158485,Why is cabelas cab down 38 since the last earnings report cm800398,,,,23,Bharat Electronics Ltd,relevant,"Cabela's stock price movement mentioned with reference to last earnings report, directly related to the company's financial performance"
24122543,"Sobem apoios lula para nobel paz,c375d22e 6056 4cca ad0c 696b6669d834",,,,23,Bharat Electronics Ltd,irrelevant,"Article about Lula's support for the Nobel Peace Prize, no clear connection to a specific company's financials or operations"
24114256,L equipe feminine belge du 4x400m bat le record de belgique de 1980 et ira a l euro,,,,23,Bharat Electronics Ltd,irrelevant,"Article about a Belgian women's 4x400m relay team breaking a record, no clear connection to a specific company's financials or operations"
28248654,Town of Beloit police: Man dies after single-vehicle crash,,,,23,Bharat Electronics Ltd,irrelevant,"Single-vehicle crash in a town - individual/local incident, not related to a company's business"
27593518,"Changes  planned for Belpre Homecoming | News, Sports, Jobs",,,,23,Bharat Electronics Ltd,irrelevant,Changes planned for a local event (Homecoming) - not related to a company's business or financials
24128373,Stealth hitches llc announces product release of new tesla model 3 hidden hitch 300666679,,,,16,ITC Ltd,relevant,Product release announcement for a Tesla Model 3 accessory - directly related to Tesla's products and business
20736867,Witchstock festival returning to 25th street in ogden,,,,16,ITC Ltd,irrelevant,Local festival returning to a street - not related to a company's business or financials
18375558,Abercrombie fitchs stock tumbles to 6 12 year low 2015 08 18,,,,16,ITC Ltd,relevant,Abercrombie & Fitch's stock price movement with a stated business reason - directly related to the company's financials and stock performance
20737168,324007 indias reliance quarterly profit falls 23pc,,,,1,Reliance Industries Ltd,relevant,India's Reliance quarterly profit falls 23pc — financial result directly impacting the company
20733034,Bel net zooms 68 in q2 116102701672 1,,,,23,Bharat Electronics Ltd,relevant,Bel net zooms 68 in Q2 — financial result directly impacting the company
31332647,Nobel Prize in medicine honours two Americans over discovery of microRNA,,,,23,Bharat Electronics Ltd,irrelevant,Nobel Prize in medicine honors unrelated discovery — no business impact on any company
31330662,Britannia and Bel group strengthen partnership with new cheese manufacturing plant&#xA0;in Maharashtra,,,,23,Bharat Electronics Ltd,relevant,Britannia and Bel group strengthen partnership with new cheese manufacturing plant — corporate-level partnership announcement
18377544,Man caught robbing phoenixville taco bell he climbs out drive thru window police,,,,23,Bharat Electronics Ltd,irrelevant,Single incident at a local Taco Bell — individual/local incident with no material business impact
18373665,Yesiller ittifaki adayi sibel arslan isvicre ulusal parlamentosu yolunda h53194,,,,23,Bharat Electronics Ltd,irrelevant,The title appears to be in a non-English language and does not seem to be related to a specific company's financial news or business update
28755435,"&#xC7;far&#xEB; jan&#xEB; gjetur pas sekuestrimit t&#xEB; serverit? 'Thesari' me p&#xEB;rgjimet e kriminel&#xEB;ve n&#xEB; dor&#xEB; t&#xEB; SPAK-ut, autoritetet belge i sjellin n&#xEB; Shqip&#xEB;ri. Zbardhet si komunikonin bos&#xEB;t me aplikacionet e 'n&#xEB;ndheshme'",,,,23,Bharat Electronics Ltd,irrelevant,"The title appears to be in a non-English language and seems to be related to a crime or law enforcement story, not financial news or business update"
28248722,Eat Well Investment Group Inc.: Eat Well Group Provides Belle Pulses Operational Update,,,,23,Bharat Electronics Ltd,relevant,"The title mentions 'Eat Well Group Provides Belle Pulses Operational Update', indicating a business update related to the company Eat Well Investment Group Inc."
31333718,Reliance Industries quarterly consolidated revenue at Rs 2.58 lakh crore for Q2 &#x2013; Bilkul Online,,,,1,Reliance Industries Ltd,relevant,"The title mentions 'Reliance Industries quarterly consolidated revenue', providing financial information about the company Reliance Industries"
18379977,Capacity building consultancy belize,,,,23,Bharat Electronics Ltd,irrelevant,The title 'Capacity building consultancy belize' seems too vague and does not appear to be related to a specific company's financial news or business update
28751305,Detroit man charged in fatal hit-and-run on Belle Isle beach,,,,23,Bharat Electronics Ltd,irrelevant,"Individual incident, not related to a company's business or financials"
22159888,Hold up drake just performed inside the bellagio s massive fountain display at the 2017 billboard music awards,,,,23,Bharat Electronics Ltd,irrelevant,"Entertainment news, celebrity event, no business or financial impact"
22159060,Akzo nobel m a ppg inds idinkbn18j0wu,,,,23,Bharat Electronics Ltd,relevant,M&A activity involving Akzo Nobel and PPG Industries
24122985,President ilham aliyev received delegation led by state secretary of security council of belarus 1174414,,,,23,Bharat Electronics Ltd,irrelevant,"Geopolitical news, no clear connection to a specific company's business or financials"
27595003,"Indian shares scale new high as financials, Reliance gain",,,,1,Reliance Industries Ltd,irrelevant,"Market news, but the article appears to be about the Indian stock market and specific sectors, not a company-specific announcement"
22157826,Argex titanium appoints amir dallala as director a r4597997,,,,17,Titan Company Ltd,relevant,"Argex titanium appoints new director, which is a corporate-level appointment"
31333327,Ambiguities galore in Economics Nobel,,,,23,Bharat Electronics Ltd,irrelevant,The article is about the Economics Nobel and does not mention a specific company
20739777,Wipro q2 net profit dips,,,,35,Wipro Ltd,relevant,Wipro's Q2 net profit decrease is a financial result that affects the company's stock
27593461,"PWM Switching Regulators Market Research,&#xA0;Dependability&#xA0;And Innovations In Technology &#x2013; KSU",,,,16,ITC Ltd,irrelevant,The article is a market research report and does not focus on a specific company's business news
28246452,"Traga se za naoru&#x17E;anim &#x10D;ovekom: U Belgijskom gradu zatvorene institucije, gra&#x111;ani upozoreni",,,,23,Bharat Electronics Ltd,irrelevant,The article appears to be a news story about a local incident in Belgium and does not mention a specific company
31332801,"Bear Grill, LLC Appliance Sponsors KB/Titan Racing Team NHRA Drag Racing",,,,17,Titan Company Ltd,relevant,"Bear Grill, LLC sponsors KB/Titan Racing Team NHRA Drag Racing, a material partnership announcement"
22166920,Belgischer reaktor tihange 1 wieder am netz 88050,,,,23,Bharat Electronics Ltd,irrelevant,"Article about a Belgian reactor Tihange 1 returning to the grid, no clear connection to a specific company that would require a portfolio manager to read"
24120502,Police seek california pizza kitchen wallet thief,,,,16,ITC Ltd,irrelevant,"Local incident about a wallet thief at California Pizza Kitchen, not material to the company's overall business"
28249857,Laure&#xE1;tka Nobelovej ceny za mier Ressov&#xE1; ju venovala v&#x161;etk&#xFD;m novin&#xE1;rom,,,,23,Bharat Electronics Ltd,irrelevant,"Nobel Peace Prize laureate's statement, not related to a specific company's business or financials"
20731158,Bob dylan nobel prize snub impolite arrogant 1725570,,,,23,Bharat Electronics Ltd,irrelevant,"Article discussing Bob Dylan's Nobel Prize snub, not related to a specific company's business or financials"
22159590,Belgische unternehmen nicht genuegend gegen datenklau gewappnet,,,,23,Bharat Electronics Ltd,irrelevant,"Article about Belgian companies' preparedness against data theft, not primarily about a specific company"
22161353,Belgischer reaktor doel 3 abgestellt 1,,,,23,Bharat Electronics Ltd,irrelevant,"Article about a Belgian reactor being shut down, not primarily about a specific company's business or financials"
18368695,Agentura fitch potvrdila hodnotenie uverovej spolahlivosti slovenska,,,,16,ITC Ltd,irrelevant,"Article about Fitch confirming Slovakia's credit rating, not primarily about a specific company's business or financials"
28251235,Fl&#xFC;chtlingsstreit mit Belarus: Eine willkommene Bedrohung,,,,23,Bharat Electronics Ltd,irrelevant,"Article about the refugee crisis with Belarus, not primarily about a specific company's business or financials"
24127980,Hospital lights market will grow to reach 10 42 billion by 2026 global key players ge hubbell eaton cree koninklijke philips n v zumtobel trilux gmbh co kg hill rom holdings,,,,23,Bharat Electronics Ltd,irrelevant,"Market growth article mentioning several companies, including Koninklijke Philips N.V., but not primarily about the company's business or financials"
22163611,40763544 fitch bestaetigt bonitaetsnote von brasilien trotz politischer turbulenzen 016,,,,16,ITC Ltd,irrelevant,"Article about Fitch confirming Brazil's credit rating, not primarily about a specific company"
22163576,Maruti organises free summer spa campaign for their cars 134318,,,,11,Maruti Suzuki India Ltd,relevant,Maruti organises free summer spa campaign for their cars — a corporate marketing action
28756017,Titan Machinery (TITN) &#x2013; Research Analysts' Weekly Ratings Updates,,,,17,Titan Company Ltd,relevant,Research analysts' weekly ratings updates for Titan Machinery — analyst actions on the company's stock
31332614,Nobel de Medicina para dos estadounidenses por su hallazgo del microARN,,,,23,Bharat Electronics Ltd,irrelevant,Nobel Prize in Medicine awarded to two Americans for their discovery — not related to a specific company
31331462,Donderslag bij heldere hemel: Kenny De Ketele stopt als Belgisch pistebondscoach,,,,23,Bharat Electronics Ltd,irrelevant,"Belgian cycling coach Kenny De Ketele stops — individual incident, not related to a company"
31333643,Victor Ambros y Gary Ruvkun ganan el Nobel de Medicina,,,,23,Bharat Electronics Ltd,irrelevant,"Nobel Prize winners in Medicine, no business or financial relevance"
20735217,Minsk suudistab ukrainat belavia reisilennuki ahvardamises,,,,23,Bharat Electronics Ltd,irrelevant,"News about a flight incident, no direct business or financial impact on a specific company"
18367949,Louisville kitchen and bath remodeling company,,,,16,ITC Ltd,irrelevant,"A company name is mentioned but in a non-specific, non-financial, and non-business context (remodeling company, no news)"
31331475,"For the first time since 2019, TCS sees a fall in Sep quarter margins",,,,6,Tata Consultancy Services Ltd,relevant,"TCS reports a fall in margins for the Sep quarter, direct financial result"
20732278,Senator pushkov razgadal sekret ignorirovaniya bobom dilanom nobelevskoj premii 498003,,,,23,Bharat Electronics Ltd,irrelevant,"A senator's statement about Bob Dylan's Nobel Prize, no business or financial relevance"
24119087,Tech mahindra ltd gained for a third straight session today 118061100333 1,,,,47,Tech Mahindra Ltd,relevant,"Tech Mahindra Ltd's stock gained for a third straight session, indicating a positive stock price movement with a business reason"
28247520,His Holiness the Dalai Lama Congratulates 2021 Nobel Peace Prize Laureates,,,,23,Bharat Electronics Ltd,irrelevant,"The article is about the Dalai Lama congratulating Nobel Peace Prize laureates, with no mention of a specific company"
24113559,Doi deputati norvegieni l au nominalizat pe donald trump la premiul nobel pentru pace 3009401,,,,23,Bharat Electronics Ltd,irrelevant,"The article is about Norwegian deputies nominating Donald Trump for the Nobel Peace Prize, with no mention of a specific company"
24116540,Mkoe belegt starke zunahme der fpoe einzelfaelle,,,,23,Bharat Electronics Ltd,irrelevant,The article appears to be in a different language and does not seem to be related to a specific company's business news
28757724,"Belkin Revamps its SOUNDFORM Audio Portfolio With New Colors, more",,,,23,Bharat Electronics Ltd,relevant,"Belkin is revamping its SOUNDFORM audio portfolio, which is a product update and relevant to the company's business"
24114772,Mission endures despite final 5k honoring katie decubellis,,,,23,Bharat Electronics Ltd,irrelevant,The article title does not suggest a material business-related event or news about a specific company.
31332127,Campbell Soup (NASDAQ:CPB) Shares Sold by Tobam,,,,23,Bharat Electronics Ltd,relevant,"Campbell Soup is the subject of the article, with a specific mention of a stock sale by Tobam, which is a financial market-related event."
28246767,"Bel&#xE7;ika polisi, yasa d&#x131;&#x15F;&#x131; &#x15F;ekilde 'y&#xFC;z tan&#x131;ma yaz&#x131;l&#x131;m&#x131;' kullanm&#x131;&#x15F;",,,,23,Bharat Electronics Ltd,irrelevant,The article title appears to be in a different language and does not suggest a material business-related event or news about a specific company.
20732325,Fitch legea conversiei creditelor in franci nu va avea efecte imediate asupra bancilor din romania 15804861,,,,16,ITC Ltd,irrelevant,"The article title mentions Fitch, but seems to be about the effect on Romanian banks in general, not specifically about Fitch or a company being rated."
28759379,Govt Push to Keep Pakistan's Islamic Finance Industry on Growth Path: Fitch Ratings,,,,16,ITC Ltd,irrelevant,"The article is about the Pakistani Islamic finance industry and mentions Fitch Ratings as a source, but is not specifically about Fitch or a company being rated."
20736200,Dylan jag tar emot nobelpriset,,,,23,Bharat Electronics Ltd,irrelevant,"The article appears to be about a Nobel Prize ceremony, not related to a specific company."
28751232,Haven't Been Able To Get A Mexican Pizza From Tacobell?... This Is Why | T102,,,,23,Bharat Electronics Ltd,irrelevant,"The article is a consumer-focused piece about a product availability issue, not a material company announcement."
28758872,"Japan imposes sanctions on banks in Russia, Belarus",,,,23,Bharat Electronics Ltd,irrelevant,"The article is about Japan imposing sanctions on banks in Russia and Belarus, not specifically about a company's financials or operations."
22170766,Reliance set 750mw plant nganj 1409845,,,,1,Reliance Industries Ltd,relevant,"The article mentions Reliance setting up a 750MW plant, which appears to be a significant corporate action or investment."
22162839,Construction market in belarus to rise at a cagr of 3 22 over the forecast period by 2020 key trends and opportunities,,,,23,Bharat Electronics Ltd,irrelevant,"The article is a general market research report about the construction industry in Belarus, not specifically about a company's financials or operations."
28757528,Taco Bell Opens Their First High-Tech Drive-Thru,,,,23,Bharat Electronics Ltd,relevant,"Taco Bell opens its first high-tech drive-thru, a significant product or strategic update"
27597913,"Silver - Feb 17, 2021 - Reliance Securities",,,,1,Reliance Industries Ltd,irrelevant,"The title appears to be a market update or news from Reliance Securities, but lacks specific company information"
24122246,Fitch ups india growth forecast to 7 4 for fy 19,,,,16,ITC Ltd,irrelevant,"The article is about Fitch upgrading India's growth forecast, not specifically about a company"
18375424,186 belorusskij rubl bet antirekordy na fone padeniya rossijskogo rublya,,,,23,Bharat Electronics Ltd,irrelevant,"The title appears to be a news article about currency exchange rates, but does not mention a specific company"
28758075,Belgian king decorates last Congolese WWII vet,,,,23,Bharat Electronics Ltd,irrelevant,"The article is about a Belgian king decorating a Congolese WWII vet, unrelated to business or company news"
27597441,Indian shares end higher as beaten down Reliance jumps,,,,1,Reliance Industries Ltd,relevant,Reliance's stock price movement with a stated business reason
20739584,Fitch affirms arbor multifamily lending llcs cmbs,,,,16,ITC Ltd,irrelevant,"Fitch rating action on a specific financial instrument, not primarily about the company"
20733801,22 10 2016 belorusskiy samolet pod ugrozoy podnyat istrebiteli vernuli v kiev,,,,23,Bharat Electronics Ltd,irrelevant,"Article appears to be about a geopolitical event, not a company-specific news"
24130237,Jpmorgan chase co trims abercrombie fitch anf target price to 22 00,,,,16,ITC Ltd,relevant,JPMorgan Chase analyst action on Abercrombie & Fitch's stock price target
28246307,Fitch: Sara Duterte's presidential bid still possible through loophole,,,,16,ITC Ltd,irrelevant,"Article about a political event, not primarily about a company's business or financials"
28753391,Trento: si rafforza alleanza per il sostegno a iniziative legate all' energia  proveniente da fonti rinnovabili,,,,42,Trent Ltd,irrelevant,"The article mentions an alliance related to renewable energy, but it does not appear to be primarily about a specific company, and the company Trento is not clearly mentioned as a subject."
27592723,TCS Group says working on payment system Tinkoff Pay - All News - PRIME Business News Agency - All News Politics Economy Business Wire Financial Wire Oil Gas Chemical Industry Power Industry Metals Mining Pulp Paper Agro Commodities Transport Automobile Construction Real Estate Telecommunications Engineering Hi-Tech Consumer Goods Retail Calendar Our Features Interviews Opinions Press Releases,,,,6,Tata Consultancy Services Ltd,relevant,"TCS Group is working on a payment system called Tinkoff Pay, which is a corporate action related to the company's business strategy."
18369851,Bellaire community festival set,,,,23,Bharat Electronics Ltd,irrelevant,"The article appears to be about a community festival, with no clear connection to a specific company's business news or financials."
31331929,Victor Ambros &#x219;i Gary Ruvkun au c&#xE2;&#x219;tigat Premiul Nobel pentru Medicin&#x103;,,,,23,Bharat Electronics Ltd,irrelevant,"The article appears to be about a Nobel Prize in Medicine, with no clear connection to a specific company's business news or financials."
22158727,Statement von klaus mueller vorstand des vzbv zur entscheidung des europaeischen parlaments ueber das neue energielabel,,,,23,Bharat Electronics Ltd,irrelevant,"The article appears to be a statement from a consumer protection organization about an EU parliament decision on energy labels, with no clear connection to a specific company's business news or financials."
24115070,Ophef om dividendbelasting laait op,,,,23,Bharat Electronics Ltd,irrelevant,"Article appears to be about a general controversy or discussion around dividend tax, but does not specifically mention a company"
22162603,Polres beltim kumpulkan bukti bukti cari penyebab terbakarnya venue panjat tebing,,,,23,Bharat Electronics Ltd,irrelevant,"Article about a local incident (venue fire) and investigation, not related to a specific company's business or financials"
18378016,Campbell residents tell planners turn campbell into another,,,,23,Bharat Electronics Ltd,irrelevant,"Article about a local planning issue, not related to a specific company's business or financials"
31332574,Nobel de Medicina para Ambros y Ruvkun por el micro-ARN,,,,23,Bharat Electronics Ltd,irrelevant,"Article about a Nobel Prize in Medicine, not related to a specific company's business or financials"
20734905,Elsevier selected by bellin health as partner of choice 2016 10 19,,,,23,Bharat Electronics Ltd,relevant,"Article about Elsevier being selected as a partner by Bellin Health, indicating a business partnership or contract"
28751613,"LINK LIVE STREAMING Belgia vs Belanda Liga Nasional Eropa, Sabtu 4 Juni 2022 Kick Off 01:45 WIB",,,,23,Bharat Electronics Ltd,irrelevant,"Live streaming announcement for a sports event, no business or financial content"
27597536,KUNCI JAWABAN Tema 6 Kelas 3 Halaman 176 177 178 179 180 181 182 Subtema 4 Pembelajaran 4 Energi,,,,23,Bharat Electronics Ltd,irrelevant,"Educational content with answers for a school theme, no business or financial relevance"
22169834,Fitch ratings ratifica grado de inversion bbb al aeropuerto de panama,,,,16,ITC Ltd,relevant,"Fitch ratings affirms investment grade for an airport, directly related to finance and business"
20736258,Medic din belgia despre reactia fostului ministru banicioiu in cazul colectiv a fost o greseala sa spuna ne descurcam 322244,,,,23,Bharat Electronics Ltd,irrelevant,"Medical professional's opinion on a politician's statement, no direct business or financial impact"
27593344,Why does Bitcoin need more energy than whole countries? | Business| Economy and finance news from a German perspective | DW,,,,16,ITC Ltd,irrelevant,"General information article about Bitcoin energy consumption, not specifically about a company"
28759180,"Mitchell, Bedford school resource officers talk safety in schools",,,,16,ITC Ltd,irrelevant,"Article about school safety, no direct mention of a company's stock or business"
18374179,Article former lion williams inks pro deal with top league in belgium,,,,23,Bharat Electronics Ltd,relevant,Former Lion Will Williams inks pro deal with top league in Belgium — official contract announcement
24122634,Update skor belgia vs tunisia di grup g piala dunia 2018 gol eden hazard skor 1 0,,,,23,Bharat Electronics Ltd,irrelevant,"Sports update about a specific match, no direct mention of a company's stock or business"
28249058,Clarivate Demonstrates 2021 Nobel Prediction Success in Every Field of Science and Economics,,,,23,Bharat Electronics Ltd,relevant,Clarivate demonstrates 2021 Nobel Prediction Success — company achievement in science and economics
31332865,Bedeutendste Mediziner-Ehrung: Medizin-Nobelpreis an Genregulations-Forscher,,,,23,Bharat Electronics Ltd,irrelevant,"General news about a Nobel Prize in medicine, no direct mention of a company's stock or business"
22157405,"Buyuksehir belediyesi kitaplarini tanitacak(17,n,12604838,266)",,,,23,Bharat Electronics Ltd,irrelevant,"The title appears to be about a local government promoting books, but it does not mention a specific company that would require a portfolio manager to read it."
28250576,"3 Ilmuwan Raih Nobel Fisika 2021, Ini Kontribusi Mereka Terhadap Ilmu Pengetahuan",,,,23,Bharat Electronics Ltd,irrelevant,The title is about the Nobel Prize in Physics and does not mention a specific company that would require a portfolio manager to read it.
20738715,Barack obama taco bell ohio rally yooooooo he is hype about tacos,,,,23,Bharat Electronics Ltd,irrelevant,"The title is about a celebrity (Barack Obama) and a fast-food chain (Taco Bell), but it does not appear to be a significant business announcement or news that would require a portfolio manager to read it."
31331675,Le prix Nobel de litt&#xE9;rature 2024 attribu&#xE9; &#xE0; l'autrice sud-cor&#xE9;enne Han Kang - M&#xE9;dias24 num&#xE9;ro un de l'information &#xE9;conomique marocaine,,,,23,Bharat Electronics Ltd,irrelevant,The title is about the Nobel Prize in Literature and does not mention a specific company that would require a portfolio manager to read it.
28250505,Tanzanian Abdulrazak Gurnah wins Nobel literature prize,,,,23,Bharat Electronics Ltd,irrelevant,The title is about a Nobel Prize winner in Literature and does not mention a specific company that would require a portfolio manager to read it.
28752500,"Nintendo Switch Online Missions And Rewards: June 2022 - Animal Crossing, Zelda: Breath Of The Wild",,,,16,ITC Ltd,irrelevant,"Article about Nintendo Switch Online rewards for June 2022, not material business news"
20731940,Taco bell shipping container california,,,,23,Bharat Electronics Ltd,irrelevant,"Single Taco Bell shipping container incident in California, not material business news"
28759783,Latest News | Deadline to Submit Reliance Capital Resolution Plans Likely to Be Extended,,,,1,Reliance Industries Ltd,relevant,"Reliance Capital's resolution plan deadline extension, directly affects the company's financial restructuring"
20735025,Fitch affirms cleveland ohs general obligation bonds and idr at a outlook revised to stable 2016 10 19,,,,16,ITC Ltd,irrelevant,"Fitch rating action on Cleveland OHS bonds, not about a specific company being analyzed but rather a credit rating update"
28249982,Navalnas pasveikino Nobelio taikos premij&#x105; pelnius&#x12F; Muratov&#x105;,,,,23,Bharat Electronics Ltd,irrelevant,"Article about Nobel Peace Prize, not related to business news or a specific company"
27593397,Lukashenko: People are at the heart of everything in Belarus,,,,23,Bharat Electronics Ltd,irrelevant,"The article is about a statement by Lukashenko regarding Belarus, but it does not mention any specific company or financial information that would be relevant to a portfolio manager."
28752031,UEFA-Nationenliga: Aserbaidschan und Belarus trennen sich torlos,,,,23,Bharat Electronics Ltd,irrelevant,"The article is about a sports event between Azerbaijan and Belarus, and does not contain any financial information or company-specific data that would be relevant to a portfolio manager."
18370456,Wallstreetmanager setzen auf bitcoin 3356147 771,,,,16,ITC Ltd,irrelevant,"The article appears to be about a general interest in bitcoin among Wall Street managers, but it does not specifically focus on a particular company's financials, actions, or announcements that would directly impact a portfolio manager's decisions."
20736590,Fitch upgrades louisiana stadium expo dist rev bonds to aa  outlook stable 2016 10 27,,,,16,ITC Ltd,irrelevant,"The article is about Fitch upgrading bonds for a Louisiana stadium expo district, which does not directly relate to a specific company's stock performance or financial health that a portfolio manager would need to know."
18370076,2015&titular=el papa francisco figura entre los 20 posibles candidatos para el premio nobel de la paz,,,,23,Bharat Electronics Ltd,irrelevant,"The article mentions the Pope as a potential candidate for the Nobel Peace Prize, which is not related to financial markets, company performance, or any specific business-related news that would affect a portfolio manager's decisions."
28755808,ING Belgi&#xEB; stopt met negatieve rente voor particuliere spaarder &#x2013; Wel.nl,,,,23,Bharat Electronics Ltd,irrelevant,"ING België stops with negative interest for private savers — a policy change by a Belgian bank, not primarily about a listed company's business"
20736601,Fitch rates verizons sr,,,,16,ITC Ltd,relevant,Fitch rates Verizon's sr — credit rating action directly impacting Verizon's financials
20734949,Revue du web ceta un accord entre parties belges a ete trouve,,,,23,Bharat Electronics Ltd,irrelevant,"Review of the web about CETA agreement between Belgian parties — a general news piece about a trade agreement, not primarily about a company's business"
28755670,Belgium&#xA0;Economic Mission to Atlanta: How to Engage With Princess Astrid and 500+ Participants,,,,23,Bharat Electronics Ltd,irrelevant,"Belgium Economic Mission to Atlanta — an event announcement, not directly related to a company's financial news or business actions"
22158724,Thanks warriors  free tacos from taco bell this taco tuesday,,,,23,Bharat Electronics Ltd,irrelevant,"Free tacos from Taco Bell — a promotional offer, not related to the company's business news or financial performance"
28250393,Uluslar Ligi'nde Bel&#xE7;ika'y&#x131; ma&#x11F;lup eden &#x130;talya 3. oldu!,,,,23,Bharat Electronics Ltd,irrelevant,"Article about a sports event, not related to a company's business or financials"
31332803,"Nobel Prize 2024 in Medicine announced: Victor Ambros, Gary Ruvkun awarded for discovering microRNA",,,,23,Bharat Electronics Ltd,irrelevant,"Nobel Prize announcement in Medicine, not related to a specific company's business or financials"
18373502,Ft mitchell explore possible hire recreation after successful summer,,,,16,ITC Ltd,irrelevant,"Local exploration of recreation hire, not related to a company's business or financials"
18367424,Fitch affirms lamont school district cas bonds,,,,16,ITC Ltd,relevant,"Fitch affirms school district bonds, directly related to financials and credit rating"
28751683,A new warehouse facility to be built in Beloit's Gateway Business Park,,,,23,Bharat Electronics Ltd,irrelevant,"Announcement of a new warehouse facility, but no company is specified or primarily involved"
27597768,Il sindaco ha incontrato il  presidente dell'Associazione Cinese Trentino / Comunicati stampa / Ufficio stampa / Il Comune informa / Comunicazione / Trento Citt&#xE0; - Sito ufficiale del Comune di Trento,,,,42,Trent Ltd,irrelevant,"The article is about a meeting between the mayor of Trento and the president of the Chinese Association of Trentino, not related to a specific company's financial news or actions"
28246499,"Belgjika &#x2013; Franca, formacionet e mundshme t&#xEB; gjysm&#xEB;finales s&#xEB; Lig&#xEB;s s&#xEB; Kombeve",,,,23,Bharat Electronics Ltd,irrelevant,"The article appears to be about a sports event between Belgium and France, not related to a specific company's financial news or actions"
28759014,"Amherst town employee, library curator&#xA0;parting ways for jobs in Belchertown",,,,23,Bharat Electronics Ltd,irrelevant,"The article is about a town employee and library curator leaving for jobs in another town, not related to a specific company's financial news or actions"
24125439,Union belge la presidence de linard sera contestee le 15 juin,,,,23,Bharat Electronics Ltd,irrelevant,"The article is about a union and a presidency contest, but does not mention a specific company related to financial news or actions"
28754441,"Brisk Launches Brisk Dragon Paradise Sparkling Iced Tea, Available Exclusively at Taco Bell Nationwide",,,,23,Bharat Electronics Ltd,relevant,"The article announces a new product launch by Brisk, a specific company, available exclusively at Taco Bell nationwide, which is a material product action"
24113972,Belgica presenta candidatura 1258748,,,,23,Bharat Electronics Ltd,irrelevant,"Title appears to be about a sports event or a person's action, not related to a company's business or financials"
22158317,Networknewswire announces publication on the potential of bitcoin to address banking concerns of cannabis industry,,,,16,ITC Ltd,irrelevant,"Article is about the potential of bitcoin in the cannabis industry, not specifically about a company's financials or business"
27596073,First Direct reintroduces &#xA3;100 switching offer,,,,16,ITC Ltd,relevant,"First Direct reintroduces a £100 switching offer, which is a financial promotion that could impact the bank's business and customers"
18370340,Lucian bute knocks andrea di luisa front beloved montreal crowd,,,,23,Bharat Electronics Ltd,irrelevant,"Title appears to be about a sports event, specifically a boxing match, and not related to a company's business or financials"
27596986,"Simplificar la rutina de belleza como objetivo 2021: por qu&#xE9; nos estamos pasando al maquillaje multifuncional | Belleza, Maquillaje",,,,23,Bharat Electronics Ltd,irrelevant,"Article is about beauty and makeup trends, not related to a company's financials or business"
24120692,Sen mitch mcconnell pushes hemp legalization in farm bill ap national3e718f8492714f7aa059d8f65fcaeef6,,,,16,ITC Ltd,irrelevant,"Article is about hemp legalization and Senator Mitch McConnell, not a company-specific news"
18378810,Fitch affirms the bank of new york mellon l t idr at aa outlook stable,,,,16,ITC Ltd,relevant,"Fitch affirms Bank of New York Mellon's long-term IDR at AA, outlook stable — direct credit rating action on the company"
27599007,Belarusian police raids homes of journalists and human rights activists,,,,23,Bharat Electronics Ltd,irrelevant,"Article is about Belarusian police raids on journalists and human rights activists, no company mentioned or implied"
31334151,Dos estadounidenses ganan el Nobel de Medicina por avances en regulaci&#xF3;n de genes,,,,23,Bharat Electronics Ltd,irrelevant,"Article is about the Nobel Prize in Medicine, no company mentioned or implied"
24114942,Mitch mcconnells super pac makes its initial fall ad buy,,,,16,ITC Ltd,irrelevant,"Article is about Mitch McConnell's Super PAC making an ad buy, not a company-specific news"
20736201,Nobelprisvinner dylan sier han ble %c2%abm%c3%a5ll%c3%b8s%c2%bb 13713228,,,,23,Bharat Electronics Ltd,irrelevant,"Article appears to be about Nobel Prize winner Bob Dylan's personal experience, not related to a specific company"
18372519,Ficove tajne miliony belize vojna matovica premierom graduje,,,,23,Bharat Electronics Ltd,irrelevant,Title seems to be in a foreign language and does not clearly reference a specific company or financial news
28249137,"The 15-Minute City wins &#xA3;100,000 OBEL Award for architecture",,,,23,Bharat Electronics Ltd,irrelevant,"The article is about an architectural award, not related to a specific company's financial news or business"
31333577,"Victor Ambros, Gary Ruvkun win Nobel Prize for medicine &#x2013; NBC 6 South Florida",,,,23,Bharat Electronics Ltd,irrelevant,"The article reports on a Nobel Prize in medicine, which is not directly related to a specific company's financial performance or business actions"
28247813,HAPPENINGS IN THE HILLS: Litchfield ambulance chief honored for service,,,,16,ITC Ltd,irrelevant,"The article is about a local community event and an ambulance chief being honored, not related to a company's financial news or business"
24113897,Gabelli co investment advisers inc invests 1 57 million in u s geothermal htm,,,,23,Bharat Electronics Ltd,irrelevant,"Article appears to be about an investment firm's portfolio move, not primarily about the company being invested in"
22162446,"Sahinbey belediyesinden 19 mayis voleybol turnuvasi(17,n,12601528,207)",,,,23,Bharat Electronics Ltd,irrelevant,Non-English title appears unrelated to business news or company announcements
27597728,Investegate |TCS Group Holding PLC Announcements | TCS Group Holding PLC: Notification of Q4 and FY 2020 IFRS Results and Conference Call,,,,6,Tata Consultancy Services Ltd,relevant,"TCS Group Holding PLC announcing Q4 and FY 2020 IFRS Results and Conference Call, directly related to company's financials"
28755756,Five Below Expected to Post 1Q Profit Dip -- Earnings Preview,,,,23,Bharat Electronics Ltd,relevant,"Earnings preview for Five Below, directly related to company's financial performance"
28250194,"Biden, EU congratulate Ressa, Muratov on Nobel Peace Prize honors",,,,23,Bharat Electronics Ltd,irrelevant,"Article about Nobel Peace Prize, not related to business news or company announcements"
31331775,Akzo Nobel to begin portfolio review with initial focus on Deco South Asia - News and insights for the European coatings industry,,,,23,Bharat Electronics Ltd,relevant,"Akzo Nobel announces a portfolio review, a strategic corporate action"
18377411,Fitch affirms sarasota county fls second guaranteed entitlement rev bonds at aa outlook stable 2015 08 13,,,,16,ITC Ltd,irrelevant,"Fitch affirms bonds for Sarasota County, not related to Akzo Nobel or another specific company"
27593475,"COVID-19 Impact on Control Foot Switches Market Share, Size, Trends and Growth 2021 to 2026|Schneider Electric, Stryker, Linemaster, Marquardt, Siemens, etc &#x2013; KSU",,,,16,ITC Ltd,irrelevant,"Market analysis mentioning Schneider Electric among several companies, not primarily about the company"
24130936,Man at center of nobel prize sexual harassment scandal charged with rape,,,,23,Bharat Electronics Ltd,irrelevant,"News about a sexual harassment scandal, not related to a specific company's business or operations"
24120432,Belgia vs panama: ambisi dua tim beda kasta,,,,23,Bharat Electronics Ltd,irrelevant,"Sports match analysis, not related to a specific company's business or operations"
28752602,Belmont Resources Inc pushes towards updated resources estimate for Lone Star copper-gold project in Washington,,,,23,Bharat Electronics Ltd,relevant,"Belmont Resources Inc updates resources estimate for Lone Star copper-gold project, directly impacting the company's assets and operations"
27596718,"Mishustin asks Defense Ministry, Foreign Ministry to negotiate with Belarus on extending use of 2 Russian military facilities",,,,23,Bharat Electronics Ltd,irrelevant,"Article about Russian military facilities and negotiations with Belarus, not primarily about a specific company"
20730688,Fitch rates hillsborough county fl s 116mm solid waste revenue bonds a outlook stable 592410,,,,16,ITC Ltd,irrelevant,"Fitch rates Hillsborough County solid waste revenue bonds, not related to a specific company"
20737167,5623 new zealand to us dollar exchange rate to fall below 0 70 in the medium term,,,,23,Bharat Electronics Ltd,irrelevant,"General economic analysis about exchange rates, no specific company mentioned"
31330738,Quei 19 milioni di euro di vitalizi (che il Trentino diceva di aver abolito),,,,42,Trent Ltd,irrelevant,"Article about Italian politics and economics, no specific company mentioned"
31331603,Nobel prize in medicine awarded to US scientists Ambros and Ruvkun for work on microRNA,,,,23,Bharat Electronics Ltd,irrelevant,"The article is about the Nobel prize in medicine awarded to US scientists Ambros and Ruvkun, not primarily about a specific company"
27595679,Hindalco Share Price: Hindalco Gains Over 5% After Net Profit Surged 90% In December Quarter,,,,48,Hindalco Industries Ltd,relevant,"The article reports on Hindalco's net profit surging 90% in the December quarter, directly impacting the stock"
18370404,Spc sharks bite liceo titans 424867,,,,17,Titan Company Ltd,irrelevant,The title appears to be nonsensical and not related to any company's stock or business news
18372835,Bell considers how to share the wealth,,,,23,Bharat Electronics Ltd,irrelevant,The title is vague and does not indicate that the article is primarily about a specific company's business or financial news
18374946,Turun+yliopisto+kehittaa+belgialaisen+cd3n+kanssa+uudenlaista+syopalaaketta,,,,23,Bharat Electronics Ltd,irrelevant,"The title appears to be in a different language and seems to be about a university and a company collaboration, but does not clearly indicate it's primarily about the company's business or financial news"
20730664,Fitch affirms fresno ca s sewer revs at aa outlook stable 592409,,,,16,ITC Ltd,irrelevant,"The article is about Fitch affirming Fresno, CA's sewer revenue bonds, not about a specific company."
22163804,Mar bitcoint is valt egy magyar penzvalto kinek eri ez meg,,,,16,ITC Ltd,irrelevant,"The article appears to be about Bitcoin in Hungarian, not related to a specific company."
20731476,Ceta un accord entre parties belges a ete trouve,,,,23,Bharat Electronics Ltd,irrelevant,"The article mentions a Belgian agreement, but does not specifically relate to a company."
18374283,G%c3%b6bel yolu na s%c4%b1cak asfalt 149148,,,,23,Bharat Electronics Ltd,irrelevant,"The article appears to be about road construction in Turkish, not related to a specific company."
20739245,51545 fitch affirms nbe cib credit agricole egypt stable outlook,,,,16,ITC Ltd,irrelevant,"The article is about Fitch affirming NBE Cib Credit Agricole Egypt's credit rating, but it's tagged to the analyst firm, not the company being rated."
27599195,Belarusian and Russian languages viewed as national treasure,,,,23,Bharat Electronics Ltd,irrelevant,"Article appears to be about language being a national treasure, no clear connection to a specific company's business or financials"
27593452,Queen's University Belfast Recognized for Role in Growing Cybersecurity Awareness,,,,23,Bharat Electronics Ltd,irrelevant,"Article is about a university's role in cybersecurity awareness, not specifically about a company"
18373478,Colombia rebelioacute,,,,23,Bharat Electronics Ltd,irrelevant,"Title appears to be incomplete or about a general event (Colombia rebellion), no clear connection to a specific company's business or financials"
22160846,Novyy proekt nan belarusi uchenyy pod klyuch startuet 29 maya,,,,23,Bharat Electronics Ltd,irrelevant,Title mentions a project in Belarus but does not clearly reference a specific company or financial information
24115571,Les belges parient comme jamais pendant ce mondial,,,,23,Bharat Electronics Ltd,irrelevant,"Article appears to be about betting trends in Belgium during a global event, no clear connection to a specific company's business or financials"
22170540,Bellingrath area church holding prayer walk against violence,,,,23,Bharat Electronics Ltd,irrelevant,Local community event unrelated to business or financial news
28248803,El tanzano Abdulrazak Gurnah gana el  Premio Nobel de Literatura 2021,,,,23,Bharat Electronics Ltd,irrelevant,Literary award announcement unrelated to business or financial news
22169642,Reliance jio accused  these companies lent 400 crores to the government 623236,,,,1,Reliance Industries Ltd,relevant,Reliance jio accused of lending to government — potential corporate-level financial or regulatory issue
28753142,"Union Bank CEO, others resign as Titan Trust completes acquisition",,,,17,Titan Company Ltd,relevant,Union Bank CEO resigns amid acquisition by Titan Trust — corporate action and leadership change
20734301,Fitch rates state board regents state utah,,,,16,ITC Ltd,relevant,Fitch rates state board regents — credit rating action by a major ratings agency
27592289,Amazon Said to Appeal to Supreme Court in Future-Reliance Deal Dispute,,,,1,Reliance Industries Ltd,relevant,Amazon is involved in a dispute over the Future-Reliance deal and is appealing to the Supreme Court — direct corporate action
28250672,Nobel for the Noble,,,,23,Bharat Electronics Ltd,irrelevant,The title 'Nobel for the Noble' does not mention any company and appears to be about the Nobel Prize in general — no clear business relevance
31331605,The discovery of microRNA wins the 2024 physiology Nobel Prize,,,,23,Bharat Electronics Ltd,irrelevant,The discovery of microRNA winning the 2024 physiology Nobel Prize is a scientific breakthrough and does not directly mention or impact any specific company — no clear business relevance
20732835,454343 loza nazval dylana nedostoynym nobelevskoy premyy,,,,23,Bharat Electronics Ltd,irrelevant,"The title appears to be in a different language and discusses a Nobel Prize, seemingly criticizing someone named Dylan — no clear business relevance to any company"
28248494,"Nobelpreistr&#xE4;gerin Alexijewitsch: &#x201E;Die Menschen der jungen Generation in Belarus sind keine Sklaven mehr."" &#x2013; Nachrichten aus Leipzig",,,,23,Bharat Electronics Ltd,irrelevant,"The title discusses a Nobel Prize winner, Alexijewitsch, giving a statement about the young generation in Belarus — no clear business relevance"
24122257,Nobel prize donald trump if obama can get futuristic award why cant he 771773,,,,23,Bharat Electronics Ltd,irrelevant,The article title appears to be satirical or opinion-based and does not mention a specific company or financial news
22160651,Fitch ratings assigns bb rating to istars senior unsecured debt with positive outlook  2680200,,,,16,ITC Ltd,relevant,Fitch Ratings assigning a rating to a company's debt is a financial news event directly impacting the company's credit profile
28753357,"Students from island school delve into coastal ecology | News, Sports, Jobs - SANIBEL-CAPTIVA",,,,23,Bharat Electronics Ltd,irrelevant,"The article appears to be about students from an island school and coastal ecology, with no mention of a specific company or financial news"
22157639,online.campbell.edu,,,,23,Bharat Electronics Ltd,irrelevant,The title seems to be a URL for an online educational institution and does not convey financial news or information about a specific company
20739913,Syrische rebellen greifen luftwaffenbasis bei aleppo an 5157393,,,,23,Bharat Electronics Ltd,irrelevant,The article title reports on a geopolitical event (a military action by Syrian rebels) and does not mention a specific company or financial news
22168411,Belcikada sampiyon anderlecht 594878h,,,,23,Bharat Electronics Ltd,irrelevant,"The title appears to be about a sports team, Anderlecht, but is not in English and lacks clear relevance to business news or the company's stock."
31332460,"Los descubridores del microARN, Nobel de Medicina 2024",,,,23,Bharat Electronics Ltd,irrelevant,"The title discusses the Nobel Prize in Medicine and does not mention a specific company or stock, indicating it is not relevant to a portfolio manager."
22160607,Fitch affirms cameroon at b outlook stab idusfit999842,,,,16,ITC Ltd,irrelevant,"The title mentions Fitch affirming Cameroon's rating, which is not related to a specific company that a portfolio manager would need to read about."
28251038,Nobel Peace Prize for journalists serves as a reminder that the freedom of the press is under threat,,,,23,Bharat Electronics Ltd,irrelevant,"The title discusses the Nobel Peace Prize and the freedom of the press, with no apparent connection to a specific company or stock."
24128000,Sensex posts fourth straight weekly gain infosys tcs boost 118061500637 1,,,,6,Tata Consultancy Services Ltd,relevant,"The title mentions the Sensex index posting a gain, boosted by Infosys and TCS, which are specific companies that could impact a portfolio manager's decisions."
18371926,Financial guru dave ramsey to visit bellevue baptist church,,,,23,Bharat Electronics Ltd,irrelevant,The article is about a visit to a church and does not contain any business-related information about Dave Ramsey's company or financial activities
20738802,Baader bank belaesst metro auf buy ziel 35 euro 0422730,,,,23,Bharat Electronics Ltd,relevant,"The article mentions a specific stock (Metro) and a target price by Baader Bank, indicating a financial analysis or recommendation"
20732260,Northeast fiddlers coming bellows falls,,,,23,Bharat Electronics Ltd,irrelevant,The article appears to be about a musical event and does not contain any business-related information
27596818,"Son dakika haberi! Belarus Cumhurba&#x15F;kan&#x131; Luka&#x15F;enko: ""2022 ba&#x15F;&#x131;nda yeni anayasa tasar&#x131;s&#x131;n&#x131; referanduma g&#xF6;t&#xFC;rece&#x11F;iz""",,,,23,Bharat Electronics Ltd,irrelevant,The article is about a political announcement in Belarus and does not contain any business-related information
27598315,Les 10 risques technologiques du premier FNB de bitcoins,,,,16,ITC Ltd,irrelevant,"The article discusses technological risks related to a Bitcoin ETF, but does not focus on a specific company, making it more of a general industry or market article"
20730355,Bob dylan nobel akademie wirft musiker arroganz vor a 1117832,,,,23,Bharat Electronics Ltd,irrelevant,"Article about Bob Dylan and the Nobel Academy, no business or financial relevance"
20739890,A new york la patience des enseignes belges est payante 581221b8cd70958a9d58ef53,,,,23,Bharat Electronics Ltd,irrelevant,"Article about retail patience of Belgian stores in New York, no specific company mentioned or analyzed"
28249096,"Nobel Signs Option Agreement to Acquire La Salvadora Copper Project, Chile",,,,23,Bharat Electronics Ltd,relevant,"Nobel signs option agreement to acquire a copper project, corporate action with material impact"
24124719,Satin creditcare raises rs 500 cr from nabard 118062600529 1,,,,16,ITC Ltd,relevant,"Satin Creditcare raises funds from NABARD, direct financial result"
20732059,Fitch downgrades great plain regional 202800192,,,,16,ITC Ltd,relevant,"Fitch downgrades Great Plain Regional, credit rating action with material impact"
31334014,Nobel prize for medicine: US duo Ambros and Ruvkun win for work on microRNA,,,,23,Bharat Electronics Ltd,irrelevant,"Article about Nobel prize in medicine, not primarily about a specific company"
28757951,Police Arrest Two Bell County Men Charged With Stealing Phone Wire,,,,23,Bharat Electronics Ltd,irrelevant,"Article about a local crime incident, not related to a company's business or financials"
24113872,Ten times more britons seek to become belgians,,,,23,Bharat Electronics Ltd,irrelevant,"Article about migration trends, not related to a specific company's business or financials"
22161880,Raymond james financial inc rjf shares sold by pitcairn co,,,,16,ITC Ltd,relevant,"Shares of Raymond James Financial Inc. sold by Pitcairn Co., a direct financial market action"
28751978,Bellevue Gold Ltd boosts reserves 29% and locks in costs to cement golden future,,,,23,Bharat Electronics Ltd,relevant,"Bellevue Gold Ltd announces significant increase in reserves and cost management, directly impacting its business and financials"
31331531,"Mihaela Pascu-Oglind&#x103; despre Premiul Nobel pentru Literatur&#x103;:&#xA0;""Am fost, din nou, surprin&#x219;i cu to&#x21B;ii, mai ales c&#x103; nu era pe lista autorilor favori&#x21B;i"" | Literatur&#x103;",,,,23,Bharat Electronics Ltd,irrelevant,"The article is about an author's reaction to a Nobel Prize in Literature, not related to a specific company's business or financials"
27599123,Coronavirus test from a suitcase,,,,16,ITC Ltd,irrelevant,The article title mentions a coronavirus test but does not reference a specific company or its business impact
24119999,L armee progresse face aux rebelles dans le sud de la syrie,,,,23,Bharat Electronics Ltd,irrelevant,"The article reports on military progress in Syria, not related to a specific company's business or financials"
27593116,Poli&#x21B;ia din Belarus a luat cu asalt casele &#x15F;i birourile a peste 20 de jurnali&#x219;ti,,,,23,Bharat Electronics Ltd,irrelevant,"The article discusses police actions against journalists in Belarus, not related to a specific company's business or financials"
18378572,Chi ugc article hitchcock design group promotes four company 2015 08 13 story,,,,16,ITC Ltd,irrelevant,"The article appears to be about a company's internal promotion, but lacks specific details and is likely a passing mention or non-material"
24125253,V dtp bliz batumi pogibla turistka iz belorussii,,,,23,Bharat Electronics Ltd,irrelevant,"Article appears to be about a tourist's accident in Batumi, not related to a specific company's financial news"
28246053,Lukashenko calls to strengthen Belarus-Venezuela ties,,,,23,Bharat Electronics Ltd,irrelevant,"Article discusses Belarus-Venezuela ties, not specifically about a company's financial news or actions"
24120400,Motorcycle crash in slate belt,,,,23,Bharat Electronics Ltd,irrelevant,"Article reports a motorcycle crash, a local incident not related to company financial news"
27593284,"Belarus' COVID-19 update: 1,100 new cases, 827 recoveries",,,,23,Bharat Electronics Ltd,irrelevant,"Article provides COVID-19 updates for Belarus, a macro health report not specifically about a company's financial news or actions"
24124662,Taco bell free taco how to get free taco bell doritos locos golden state warriors kevin durant steal a taco,,,,23,Bharat Electronics Ltd,irrelevant,"Article is about a promotional offer from Taco Bell, but it's a consumer-oriented piece and not a material business announcement"
18370083,Belcika milletvekili yukselden baskan kurta ziyaret 483431h,,,,23,Bharat Electronics Ltd,irrelevant,"The title appears to be about a visit from a Belgian MP to a president, with no clear connection to a specific company's financial news or business developments"
18372201,Fitch downgrades two distressed classes of bear stearns 2006 top 22,,,,16,ITC Ltd,relevant,"The title mentions a Fitch downgrade of specific classes of Bear Stearns 2006 TOP 22, which is a financial development related to a company's (Bear Stearns) financial instruments"
18368813,Article1 telecommunication services private company reliance communications ltd gross net profit 490986,,,,1,Reliance Industries Ltd,relevant,"The title mentions Reliance Communications Ltd's gross and net profit, which is a financial result directly related to the company's performance"
22166225,Ppg request for akzo nobel extension under consideration   dutch regulator 175102,,,,23,Bharat Electronics Ltd,relevant,"The title mentions a request by PPG for an extension related to Akzo Nobel, which is a corporate action with potential business implications"
31331336,Azerbaijani and Belarusian military experts discuss technical support,,,,23,Bharat Electronics Ltd,irrelevant,"The title appears to be about a discussion between military experts from Azerbaijan and Belarus, with no clear connection to a specific company's financial news or business developments"
20734231,Everyone relax bob dylan intends to claim his nobel prize,,,,23,Bharat Electronics Ltd,irrelevant,Article about Bob Dylan's Nobel Prize has no business or financial relevance
27596483,Yelena Lazareva: The coup met little support in Belarus because of a smart social policy,,,,23,Bharat Electronics Ltd,irrelevant,Article about Belarus politics has no direct business or financial relevance
24130631,Titanium metal market by type application element product on toho titanium fengxiang titanium material powder quanxing titanium mtco,,,,17,Titan Company Ltd,irrelevant,"Market analysis mentioning several titanium companies, but not primarily about one company"
24123221,Tcseyes136 billion over10 years from deal with prudenti,,,,6,Tata Consultancy Services Ltd,relevant,"Deal worth $136 billion over 10 years, likely impacting Prudential's financials"
24125694,Belgiens geschaeftsklima im juni etwas hoeher 6314959,,,,23,Bharat Electronics Ltd,irrelevant,"General business climate index in Belgium, not specifically about a company"
22171494,Sri lanka shows interest in belarusian military hardware,,,,23,Bharat Electronics Ltd,irrelevant,"Article about Sri Lanka's interest in Belarusian military hardware, not primarily about a specific company"
18375633,Wahlen 2015 516 nationale wahlbeobachter in belarus akkreditiert i 80857,,,,23,Bharat Electronics Ltd,irrelevant,"Article about election observers in Belarus, not primarily about a specific company"
24120759,Reliance communications arm announces completion of india data centre for eagle cable network 2605791,,,,1,Reliance Industries Ltd,relevant,"Reliance Communications announces completion of India data centre, directly related to the company's business"
24121281,Belgica sufre una dura baja previo a debut en rusia 2018,,,,23,Bharat Electronics Ltd,irrelevant,"Article about a sports team, specifically Belgium's, and their injury issues, not primarily about a specific company"
31331723,Nobel Prize 2024: &#x926;&#x915;&#x94D;&#x937;&#x93F;&#x923; &#x915;&#x94B;&#x930;&#x93F;&#x92F;&#x93E;&#x908; &#x932;&#x947;&#x916;&#x93F;&#x915;&#x93E; &#x939;&#x93E;&#x928; &#x915;&#x93E;&#x902;&#x917; &#x915;&#x94B; &#x92E;&#x93F;&#x932;&#x947;&#x917;&#x93E; &#x938;&#x93E;&#x939;&#x93F;&#x924;&#x94D;&#x92F; &#x915;&#x93E; &#x928;&#x94B;&#x92C;&#x947;&#x932; &#x92A;&#x941;&#x930;&#x938;&#x94D;&,,,,23,Bharat Electronics Ltd,irrelevant,"Article about the Nobel Prize, not primarily about a specific company"
24124654,Ring the bell for beadell as strings cut on golden harp deal,,,,23,Bharat Electronics Ltd,irrelevant,"Article appears to be about a deal involving Beadell, but the company 'Golden Harp' seems to be the main subject, and Beadell is only mentioned in passing"
22160823,351904 rosselhoznadzor ogranichil postavki molochnoi produkcii iz belarusi,,,,23,Bharat Electronics Ltd,irrelevant,"Article appears to be in a different language and seems to be about a news event involving Rosselhoznadzor and Belarus, no clear connection to a specific company"
18372687,Rbi nod to reliance others for setting up payment banks 115081900956 1,,,,1,Reliance Industries Ltd,relevant,Reliance is mentioned as part of a regulatory decision by Rbi regarding payment banks
28758879,Kong&#xF3;ba utazott F&#xFC;l&#xF6;p belga kir&#xE1;ly,,,,23,Bharat Electronics Ltd,irrelevant,"Article appears to be about a travel event or news involving Fülöp and the Belgian king, no clear connection to a specific company"
24122683,Ritchie bros sells us44 million of equipment in houston tx 300670007,,,,16,ITC Ltd,relevant,"Ritchie Bros. is the company taking action, selling equipment in Houston, TX"
20732389,Bob dylan premio nobel de literatura 2016 di2208401,,,,23,Bharat Electronics Ltd,irrelevant,"The article is about Bob Dylan winning the Nobel Prize in Literature, which is not related to a specific company's business or financial news"
31333384,Nobel Medicina 2024 a Victor Ambros e Gary Ruvkun per scoperta ' interruttori dei geni',,,,23,Bharat Electronics Ltd,irrelevant,"The article is about the Nobel Prize in Medicine, which is not related to a specific company's business or financial news"
27594818,"reliance-future deal: Reliance-Future deal: Biyani received no help from amazon, reached out 8 times - 8 &#x92C;&#x93E;&#x930; &#x917;&#x941;&#x939;&#x93E;&#x930; &#x932;&#x917;&#x93E;&#x928;&#x947; &#x915;&#x947; &#x92C;&#x93E;&#x926; &#x92D;&#x940; &#x910;&#x92E;&#x91C;&#x949;&#x928; &#x928;&#x947; &#x928;&#x939;&#x940;&#x902; &#x915;&#x940; &#x92B;&#x94D;&#x92F;&#x942;&#x91A;&#x930; &#x917;&#x9",,,,1,Reliance Industries Ltd,relevant,"The article is about a business deal involving Reliance and Future, which could have financial implications for the companies involved"
28757865,Taco Bell opens 'Defy' restaurant that prioritizes drive-thru orders via app,,,,23,Bharat Electronics Ltd,relevant,"The article is about Taco Bell opening a new restaurant with a specific business strategy, which could have financial implications for the company"
24118253,Scuola in trentino 985 mln di euro per il 2018 fb1f069a 3271 4514 a2d6 52b5dacd306d,,,,42,Trent Ltd,irrelevant,"The article appears to be about a school in Trentino and its budget, which is not related to a specific company's business or financial news"
24124274,Aurellie moeremans jagokan belgia ini alasannya,,,,23,Bharat Electronics Ltd,irrelevant,"The article appears to be about a celebrity's opinion on a sports team, with no business or financial relevance"
18377819,Cipla extends fall post june quarter results 115081800315 1,,,,44,Cipla Ltd,relevant,"The article mentions Cipla's June quarter results, which is a financial update"
20730656,Bob dyla receives nobel prize bob thompson,,,,23,Bharat Electronics Ltd,irrelevant,"The article is about Bob Dylan receiving a Nobel Prize, with no apparent connection to a specific company"
27597381,Protein Labeling Market Survey Report 2021 Along with,,,,23,Bharat Electronics Ltd,irrelevant,"The article appears to be a market survey report, but does not seem to focus on a specific company; it is likely a general industry report"
31332960,"Cipla, Alkem eye Rs 4,000 crore stake in India's largest stent manufacturer",,,,44,Cipla Ltd,relevant,"The article mentions Cipla and Alkem's potential stake in a specific company, indicating a corporate action or M&A development"
24116637,44107627 wipro positioned as a leader in gartner s magic quadrant 2018 for oracle application services worldwide 004,,,,35,Wipro Ltd,relevant,"Wipro positioned as a leader in Gartner's Magic Quadrant for Oracle application services, indicating a significant corporate recognition"
20734352,Ceta un accord entre parties belges a ete trouve ia0b0n1278233,,,,23,Bharat Electronics Ltd,irrelevant,Article appears to be in a different language and seems to discuss a general agreement or news from Belgium without specifically mentioning a company in a material way
18379077,Fitch rates cibcs cards ii trust series,,,,16,ITC Ltd,relevant,"Fitch rates a specific trust series related to CIBC, indicating a credit rating action"
24130051,Spielbericht belgien panama,,,,23,Bharat Electronics Ltd,irrelevant,"The title appears to be a sports match report between Belgium and Panama, which is not related to business or financial news"
20733179,23 10 2016 snyatyj s samoleta belaviya passazhir podast v sud na ukrainskie vlasti,,,,23,Bharat Electronics Ltd,irrelevant,"The title discusses an individual incident involving a passenger on a flight from Belavia to Ukrainian authorities, which does not seem to have a material impact on a company's business"
18375962,Bitcoin comes to a fork in the road and takes it,,,,16,ITC Ltd,irrelevant,"The article title is about Bitcoin in general, not specifically about a company"
18376074,20150818 indigo jeune compagnie fait une place le ciel indien,,,,39,InterGlobe Aviation Ltd,irrelevant,The title does not appear to be in English and does not mention a specific company
20732451,Belgiens regionen lenken beim ceta abkommen ein 1245737,,,,23,Bharat Electronics Ltd,irrelevant,"The article is about a political agreement (CETA) and mentions regions of Belgium, not a specific company"
18375600,Trenton teen shooting protest 322118052,,,,42,Trent Ltd,irrelevant,The title is about a local incident (teen shooting protest) and does not mention a specific company
28759510,"Stock Market LIVE updates: Sensex jumps 437 points led by Reliance, IT shares; Nifty settles above 16,600",,,,1,Reliance Industries Ltd,irrelevant,"The article is about the stock market in general, mentioning Reliance and IT shares as part of a broader market update"
22163711,Bellaire police report 11168044,,,,23,Bharat Electronics Ltd,irrelevant,"Police report about an incident, not related to a company's business or financials"
28758133,Taco Bell's New High-Tech Drive-Thru Has Tiny Food Elevators,,,,23,Bharat Electronics Ltd,relevant,"Article about Taco Bell's new drive-thru technology, a product and strategy development"
28247714,EDITORIAL - Pr&#xEA;mio Nobel reconhece a imprensa livre como instrumento da paz,,,,23,Bharat Electronics Ltd,irrelevant,"Editorial about a Nobel Prize, not related to a specific company's business or financials"
22170449,Akw belgischer reaktor tihange 1 wieder am netz 26935690,,,,23,Bharat Electronics Ltd,irrelevant,"Article about a Belgian nuclear reactor, not related to a specific company's business or financials"
18374584,Fitch rates chicago park district ils gos aa  outlook stable 2015 08 18,,,,16,ITC Ltd,relevant,"Fitch rating for Chicago Park District, a financial markets and credit rating announcement"
28756054,Fitch Ratings'ten '&#x130;stanbul ofisi' a&#xE7;&#x131;klamas&#x131; &#x2013; Gazeteuzay,,,,16,ITC Ltd,irrelevant,"The article appears to be about Fitch Ratings' Istanbul office, but the title is not in English and does not clearly indicate a specific company being analyzed; it seems to be more about an event or announcement related to Fitch Ratings' office, which might not directly impact a portfolio manager's decision on a specific stock."
28249393,India's Reliance swoops on solar capacity as part of net zero goal,,,,1,Reliance Industries Ltd,relevant,"The article is about India's Reliance and its acquisition of solar capacity, which directly relates to the company's business strategy and operations, potentially impacting its stock performance."
24121097,Rebels mascot will stay juanita high school,,,,23,Bharat Electronics Ltd,irrelevant,The article appears to be about a local event or a sports mascot and does not seem to have any direct connection to a publicly traded company's financial performance or business operations.
24124533,La justice belge a enfin eu acces au panama papers 5b2b2f5e55326301e7a6c379,,,,23,Bharat Electronics Ltd,irrelevant,The article seems to be about a general news event (access to Panama Papers) and does not directly relate to a specific company's financial performance or business operations.
28757099,How To Recreate Taco Bell's Crunchwrap Supreme At Home,,,,23,Bharat Electronics Ltd,irrelevant,The article is a lifestyle piece about recreating a fast food item at home and does not relate to any company's financial performance or business operations in a material way.
28754433,"Oslobo&#x111;enje - Afrkika, Evropa i kolonijalizam: Belgijski kralj se u Kongu izvinio zbog brutalne vlasti koju je nazvao rasisti&#x10D;kom",,,,23,Bharat Electronics Ltd,irrelevant,"Article about Belgian king's apology for colonial actions in Congo, not related to a specific company's financial news"
28248001,Belt Technologies Recognized at Sixth Annual Manufacturing Awards Ceremony,,,,23,Bharat Electronics Ltd,relevant,Belt Technologies being recognized at a manufacturing awards ceremony could be related to their business operations and reputation
20734299,Eil bob dylan erhaelt literaturnobelpreis 1,,,,23,Bharat Electronics Ltd,irrelevant,"Article about Bob Dylan receiving the Nobel Prize in Literature, not related to a specific company's financial news"
24115667,4182226 xbtc finally getting close elusive bitcoin etf,,,,16,ITC Ltd,irrelevant,"Article about Bitcoin ETF, not specifically about a company's financial news"
22163227,Wirtschaft belgischer reaktor tihange 1 wieder am netz,,,,23,Bharat Electronics Ltd,irrelevant,"Article about a Belgian reactor returning to the grid, not specifically about a company's financial news"
31333857,Los descubridores del microARN ganan el Nobel de Medicina | Noticias Diario de &#xC1;vila,,,,23,Bharat Electronics Ltd,irrelevant,"The article is about the Nobel Prize in Medicine, not related to a specific company"
22161969,Reliance trust co of delaware raises position in national oilwell varco inc nov updated updated updated,,,,1,Reliance Industries Ltd,relevant,"Reliance Trust Co. of Delaware raises its position in National Oilwell Varco Inc., indicating a change in stock holdings"
27594843,Lukashenko announces plans for Belarus to hold constitutional referendum in 2022 &#x2014; Meduza,,,,23,Bharat Electronics Ltd,irrelevant,"The article is about Belarusian politics, not related to a specific company"
22165788,Belarys rasschitivaet rasshirit torgovoe prisytstvie na afrikanskom kontine,,,,23,Bharat Electronics Ltd,irrelevant,"The article appears to be about Belarus expanding trade presence in Africa, but does not mention a specific company"
20733012,Bob dylan ist literaturnobelpreistraeger 2016,,,,23,Bharat Electronics Ltd,irrelevant,"The article is about Bob Dylan winning the Nobel Prize in Literature, not related to a specific company"
18374414,Campbell veteran joins conagra,,,,23,Bharat Electronics Ltd,relevant,Campbell veteran joins Conagra — executive appointment at Conagra
27597736,Morgan Stanley investment arm looking to invest in Bitcoins,,,,16,ITC Ltd,irrelevant,"Morgan Stanley investment arm looking to invest in Bitcoins — article about Morgan Stanley's investment strategy, not the company itself"
28249810,CPJ congratulates Maria Ressa and Dmitry Muratov for winning the 2021 Nobel Peace Prize &#x2013; Global News Network,,,,23,Bharat Electronics Ltd,irrelevant,Nobel Peace Prize announcement — not related to a specific company's business or financials
22165633,Fitch downgrades nigerias seven energy to c,,,,16,ITC Ltd,irrelevant,"Fitch downgrades Nigeria's Seven Energy — article about a different company, Seven Energy, and its credit rating"
20736797,"Anadolu yakasi belediye baskanlari basbakan yildirim ve bakanlarla gorustu(17,n,12380398,595)",,,,23,Bharat Electronics Ltd,irrelevant,Turkish local news article — appears to be a local news article with no clear connection to a specific company's business or financials
22159635,R brazil committed to fiscal consolidation after fitch decision 2017 5,,,,16,ITC Ltd,irrelevant,"Article about Brazil's fiscal consolidation after a Fitch decision, not primarily about a specific company"
20736915,Bolshe malenkih belorysov yroven rozhdaemosti v strane vpervie za 20 let vz,,,,23,Bharat Electronics Ltd,irrelevant,Article appears to be in a non-English language and does not clearly relate to a specific company's business news
28249526,Dan Nobel a pioneros de qu&#xED;mica m&#xE1;s verde,,,,23,Bharat Electronics Ltd,irrelevant,"Article about Nobel Prize in green chemistry, not primarily about a specific company"
27598281,Bitcoin 50 bin dolar&#x131; zorluyor,,,,16,ITC Ltd,irrelevant,"Article about Bitcoin price movement, not primarily about a specific company's business news"
24130495,Na belaes zakonchili svarku glavnogo cirkulyacionnogo truboprovoda vtorogo energobloka,,,,23,Bharat Electronics Ltd,irrelevant,"Article about a specific infrastructure project or event at a company (Belaes), but the company name is not clear and it seems to be a passing mention or local incident"
28249060,Los premios Nobel 2021: entre la b&#xFA;squeda de la equidad y los mejores descubrimientos,,,,23,Bharat Electronics Ltd,irrelevant,"The article is about the 2021 Nobel Prizes in general, not specifically about a company"
31331814,Nobel Medicina y Fisiolog&#xED;a 2024 para dos cient&#xED;ficos de EEUU,,,,23,Bharat Electronics Ltd,irrelevant,"The article is about the 2024 Nobel Prize in Medicine, not specifically about a company"
31333219,"Cipla, Alkem Vie for SMT Acquisition | India Infoline",,,,44,Cipla Ltd,relevant,"The article is about a potential acquisition involving Cipla, a specific company"
31334128,"Qui&#xE9;nes son V&#xED;ctor Ambros y Gary Ruvkun, los ganadores del premio Nobel de Medicina 2024",,,,23,Bharat Electronics Ltd,irrelevant,"The article is about the winners of the 2024 Nobel Prize in Medicine, not specifically about a company"
18372418,Fitch publishes new issue report on jp morgan mortgage trust 2015 5 2015 08 14,,,,16,ITC Ltd,relevant,"The article is about a specific report on a JPMorgan mortgage trust, directly related to the company's financial activities"
28247253,Huron man charged in fatal Mitchell shooting claims Miranda rights weren't 'fully understood' during interrogation,,,,16,ITC Ltd,irrelevant,"Article about an individual incident involving a criminal charge, not related to a company's business"
18374606,Taco bell nachos had unwelcome crunch couple says,,,,23,Bharat Electronics Ltd,irrelevant,"Consumer complaint about a product, not a material event or corporate action"
24118254,American airlines technical glitch causes cancellations,,,,16,ITC Ltd,relevant,"Technical glitch affects American Airlines operations, potentially impacting customers and finances"
22162895,Grasim posts q4 net profit of rs1063 crore,,,,38,Grasim Industries Ltd,relevant,"Grasim reports Q4 net profit, directly related to the company's financial performance"
22157750,Kitchen matters tops our clean eating reading list,,,,16,ITC Ltd,irrelevant,"Article listing recommended reading, mentioning a brand in a non-business context"
22169740,La actriz ana belen galardonada belgrado su contribucion al cine n1087431,,,,23,Bharat Electronics Ltd,irrelevant,"Article about an actress being awarded, not related to a company's financial news or actions"
22159193,Bupati beltim wisuda 794 santrisantriwati,,,,23,Bharat Electronics Ltd,irrelevant,"Article about a regional event, not related to a company's financial news or actions"
31331874,"Han Kang qui&#xE9;n es la ganadora Nobel de Literatura 2024, sus obras literarias y premios de escritora surcoreana",,,,23,Bharat Electronics Ltd,irrelevant,"Article about a Nobel laureate in Literature, not related to a company's financial news or actions"
20734747,Maruti profit beats estimates on demand for its compact models,,,,11,Maruti Suzuki India Ltd,relevant,"Article about Maruti's profit beating estimates, directly related to the company's financial performance"
28757912,"Taco Bell Opens First ""Drive-Thru Of The Future"" | 92.1 The Beat",,,,23,Bharat Electronics Ltd,irrelevant,"Article about a new Taco Bell location, not related to the company's financial news or actions, seems to be a consumer/lifestyle piece"
24113717,Toreshow von lukaku und hazard belgien glaenzt gegen tunesien,,,,23,Bharat Electronics Ltd,irrelevant,"Article about a sports game, not related to a company's business or financials"
28751203,Haven't Been Able To Get A Mexican Pizza From Tacobell?... This Is Why | KIX 100.9,,,,23,Bharat Electronics Ltd,irrelevant,"Consumer-focused article about a product availability issue, not a company announcement or financial impact"
18379755,Fitch downgrades bombardier to b outlook negative,,,,16,ITC Ltd,relevant,"Fitch downgrades Bombardier's credit rating, directly impacting the company's financial situation"
31330801,Parmy Olson: Nobel prizes give Google the glow it craves,,,,23,Bharat Electronics Ltd,irrelevant,"Article primarily about Google but mentions Nobel prizes in a non-material, non-business context"
27593558,"Belarus' five-year plan: Inflation under 5%, focus on socially important goods",,,,23,Bharat Electronics Ltd,irrelevant,"Economic plan of a country, not specifically about a company's business or financials"
22161125,Delay in cabelas sale to bass pro keeps spartanburg project on hold,,,,23,Bharat Electronics Ltd,relevant,"Article about delay in Cabela's sale to Bass Pro, which directly affects Cabela's business"
31334019,Fugro Names Annabelle Vos Director For Middle East &,,,,23,Bharat Electronics Ltd,relevant,"Fugro announces new director for Middle East region, which is a corporate-level appointment"
18379064,Fitch affirms slm private student loan trust 2004 a 2015 08 13,,,,16,ITC Ltd,irrelevant,"Fitch affirms rating for SLM Private Student Loan Trust, not about the company issuing the rating"
24115015,Global industrial brakes clutches procurement market report 2018 covering altra industrial motion eaton lenze regal beloit rexnord and abb   researchandmarketscom 2018 06 21,,,,23,Bharat Electronics Ltd,irrelevant,"Market report covering multiple companies, including the one mentioned, but not primarily about the company"
31331421,"Nobel Prize in chemistry awarded to 3 scientists for work on proteins, the building blocks of life",,,,23,Bharat Electronics Ltd,irrelevant,"Nobel Prize in chemistry awarded, no direct connection to a specific company's business or stock"
31330542,"AI in wrong hands could be 'used for harm', warns Sir Demis after Nobel win",,,,23,Bharat Electronics Ltd,irrelevant,"Article about AI's potential risks, mentioning Sir Demis after a Nobel win, but not primarily about a specific company"
28251149,Vehicle burglaries rose during 2020 in Belton as did some violent crimes,,,,23,Bharat Electronics Ltd,irrelevant,"Local crime statistics, not related to a specific company"
24124488,Zbirna belgiyi rozgromila panamu na chempionati svitu n985764,,,,23,Bharat Electronics Ltd,irrelevant,"Sports match result, not related to a specific company"
31333120,A.I. e premio Nobel: storia dei soliti noti,,,,23,Bharat Electronics Ltd,irrelevant,"Article about AI and a Nobel Prize, but not specifically about a company's AI developments or impact"
27595716,Belarus leader vows to defeat 'foreign-backed rebellion',,,,23,Bharat Electronics Ltd,irrelevant,"Geopolitical news about Belarus, not related to a specific company"
24130175,Belgiens hazard auf dem zenit 178782,,,,23,Bharat Electronics Ltd,irrelevant,The title appears to be nonsensical and does not mention a specific company or relevant financial news
31334718,Nobel Peace Prize given to group against nuclear weapons,,,,23,Bharat Electronics Ltd,irrelevant,"The article is about the Nobel Peace Prize, which is not related to a specific company's financial news or business developments"
27595605,Lukashenko: Belarus is looking forward for its own coronavirus vaccine,,,,23,Bharat Electronics Ltd,irrelevant,"The article mentions a country's interest in developing its own coronavirus vaccine, but does not specifically focus on a company's financials or business actions"
20732305,Abci isabel bonig actitudes como oltra propias dictaduras 201610221416 noticia,,,,23,Bharat Electronics Ltd,irrelevant,The title appears to be a jumbled collection of words and does not clearly relate to a specific company's financial news or business developments
20732068,Fitch affirms san antonio tx sr airport revs at a sub pfc revs at a outlook stable 2016 10 28,,,,16,ITC Ltd,relevant,"Fitch affirms San Antonio's airport revenue ratings, which could impact the city's or related companies' financial situation and creditworthiness"
24117765,Baffert winning day 3 times belmont stakes,,,,23,Bharat Electronics Ltd,irrelevant,"Article about a horse racing event, no business impact or company mentioned"
31333511,"Nobel de econom&#xED;a, para autores de estudio sobre desigualdad en el mundo",,,,23,Bharat Electronics Ltd,irrelevant,"Nobel economics prize announcement, no specific company mentioned"
18371415,20150819 quand esprits viennent medecins tradipraticien transculturel babel solenn uraca in,,,,23,Bharat Electronics Ltd,irrelevant,"Unintelligible title, appears to be a jumbled collection of words, no clear company or business topic"
28754374,"Hubbell (NYSE:HUBB) Raised to ""Buy"" at Zacks Investment Research",,,,23,Bharat Electronics Ltd,relevant,"Analyst upgrade for Hubbell (HUBB) stock, directly impacts investors"
22168257,Unternehmen belgischer reaktor tihange 1 wieder am netz id 7161265,,,,23,Bharat Electronics Ltd,irrelevant,"Article about a Belgian nuclear reactor going back online, not primarily about a company"
24126518,Cong nghe bitcoin mo cua nen kinh te 20 ti usd cua kenya 973418,,,,16,ITC Ltd,irrelevant,"Article appears to be about Bitcoin technology opening up Kenya's economy, not specifically about a company"
20733080,"Konyaalti belediyesinden ogrencilere tiyatro(17,n,12389529,107)",,,,23,Bharat Electronics Ltd,irrelevant,"Article seems to be about a local theater event for students, not related to a specific company's news"
28250663,Libertad y el Nobel | El Imparcial de Oaxaca,,,,23,Bharat Electronics Ltd,irrelevant,Article title is vague and does not clearly relate to a specific company's news or financial information
28247017,Reliance New Energy Solar buys REC Solar Holdings for $771 mn,,,,1,Reliance Industries Ltd,relevant,Reliance New Energy Solar's acquisition of REC Solar Holdings for $771 million is a direct corporate action with financial implications
31332344,"HAL, Mazagon Dock, BEML, BEL, BDL, Paras Defence: What Nirmal Bang says on defence stocks",,,,23,Bharat Electronics Ltd,irrelevant,"Article discusses analyst views on defence stocks in general, not specifically about one company's news or actions"
18372435,Fitch affirms tucson electric power bbb outlook,,,,16,ITC Ltd,relevant,"Fitch affirms credit rating for Tucson Electric Power, a specific company's financial standing"
28758672,Belleville Police Chief honoured at Loyalist College Convocation,,,,23,Bharat Electronics Ltd,irrelevant,"Police Chief honoured at Loyalist College Convocation, not related to business or financial news"
24130225,Close race expected in kitchener centre bellwether 1,,,,16,ITC Ltd,irrelevant,"Kitchener centre bellwether election update, political news without direct business impact"
18376664,Fitch stuft bonitaet griechenlands herauf 1,,,,16,ITC Ltd,irrelevant,"Fitch upgrades Greece's rating, not about a specific company but a country's credit rating"
20738783,Carjackings and gun arrests october 31 2016 trentonian police blotter,,,,42,Trent Ltd,irrelevant,"Trentonian police blotter, a list of individual incidents without material impact on a company"
22162152,Cybele industries standalone net profit declines 50 00 in the march 2017 quarter 117051901024 1,,,,23,Bharat Electronics Ltd,relevant,"Cybele Industries reports a 50% decline in standalone net profit for the March 2017 quarter, directly impacting financials"
31333606,Grayscale Bitcoin Trust (NYSEARCA:GBTC) Shares Up 4.6%  &#x2013; Still a Buy?,,,,16,ITC Ltd,irrelevant,"Article discusses Grayscale Bitcoin Trust shares' price movement with a general 'still a buy' stance, not company-specific news"
18374783,Reliance capital shares up 4 as q1 net profit rises 115081401298 1,,,,1,Reliance Industries Ltd,relevant,"Reliance Capital shares rise 4% after Q1 net profit increases, directly impacting financials and stock price"
18374317,Fitch releases report kansas state 193700263,,,,16,ITC Ltd,irrelevant,Fitch report on Kansas state does not specifically mention or impact a particular company's financials or operations
28246121,Expresso | Rep&#xF3;rteres Sem Fronteiras diz que Nobel da Paz &#xE9; um forte sinal para agir,,,,23,Bharat Electronics Ltd,irrelevant,"Article appears to be a news piece about a Nobel Peace Prize and its implications, with no clear connection to a specific company's financials or operations"
28751644,"Belgi&#x10D;an&#xE9; v Lize n&#xE1;rod&#x16F; prohr&#xE1;li 1:4 s Nizozemskem, Francie podlehla D&#xE1;nsku 1:2",,,,23,Bharat Electronics Ltd,irrelevant,"Sports news about national teams, no company mentioned"
24128515,Canton woman resigns as assistant town admin in belmont,,,,23,Bharat Electronics Ltd,irrelevant,"Local news about a town administration resignation, no company mentioned"
20731864,Mitchell police arrest two suspected in burglary of storage units cars 396862551,,,,16,ITC Ltd,irrelevant,"Local crime news about a burglary, no company mentioned"
24122587,Belgica ejemplo europa abierta liberal ahora gira xenofobia 0 sky0rfklx,,,,23,Bharat Electronics Ltd,irrelevant,"Article appears to be about politics or social issues in Belgium, no company mentioned"
18378762,Premier ma podla matovica ucet v belize podla fica ide o nezmysly,,,,23,Bharat Electronics Ltd,irrelevant,"Politics discussion about an account in Belize, no company mentioned"
31330336,"L'IA est devenue indispensable, m&#xEA;me pour les prix Nobel",,,,23,Bharat Electronics Ltd,irrelevant,"The article discusses the importance of AI, but does not mention a specific company, only that AI has become indispensable, even for Nobel Prizes"
31331945,US scientists win Nobel Prize for gene regulation breakthrough,,,,23,Bharat Electronics Ltd,irrelevant,"The article is about US scientists winning the Nobel Prize, which is not directly related to a specific company's business or financial news"
20730875,Campbells invests in personalized nutrition habit,,,,23,Bharat Electronics Ltd,relevant,"The article mentions Campbell's investment in personalized nutrition, which is a business-related action"
27593323,Future Group Creditors Said to Scramble to Recover $2.5 Billion Loans Amid Reliance Deal Woes,,,,1,Reliance Industries Ltd,relevant,"The article discusses the financial implications of a deal on Future Group's creditors and Reliance, which is related to a specific company's financial situation"
22165145,Litve proizoshel vzryv dvore posolstva belarusi 1495186607,,,,23,Bharat Electronics Ltd,irrelevant,"The article appears to be about an explosion at the Belarusian embassy, which is not related to business or financial news"
28247884,"Share Market Updates: Sensex Surges 488 Points; Titan, Tata Motors Surge Over 10%",,,,17,Titan Company Ltd,irrelevant,"The article mentions Titan in a list of surging stocks, but it's a macro market update, not primarily about Titan"
24119006,Head to head comparison wipro wit versus cognizant technology solutions ctsh,,,,35,Wipro Ltd,irrelevant,"The article is a head-to-head comparison between Wipro and Cognizant, not primarily about either company's business news"
22159108,Kepala dispora merasa terpukul venue panjat tebing terbakar cabor andalan beltim dulang emas,,,,23,Bharat Electronics Ltd,irrelevant,The article appears to be in a different language and does not seem to be related to any company's business news
24115684,Senate republican leader mitch mcconnell turns on mueller,,,,16,ITC Ltd,irrelevant,"The article is about US politics, mentioning Mitch McConnell and Mueller, not related to any company's business news"
28248775,Mukesh Ambani's Reliance brings India's first 7-Eleven stores to Mumbai,,,,1,Reliance Industries Ltd,relevant,"Mukesh Ambani's Reliance announces a significant retail partnership with 7-Eleven in India, a material business development"
28757807,"&#x200B;Reliance Industries share price: Reliance Industries rallies 14% in 2 weeks, market cap tops Rs 19 lakh cr",,,,1,Reliance Industries Ltd,relevant,Reliance Industries share price movement with a stated business reason — 14% rally in 2 weeks and market cap milestone
31332089,'Wealth of experience': Burnaby appoints Miles Ritchie as new fire chief,,,,16,ITC Ltd,irrelevant,"Appointment of a fire chief in Burnaby, no connection to a company that would affect a portfolio manager"
18368671,Blue jays broadcasts pulled from bell s mobile tv app 985,,,,23,Bharat Electronics Ltd,relevant,Bell's mobile TV app content change — removal of Blue Jays broadcasts
28246576,"Cushing Square in Belmont gets a new storefront, Curate Gift and Home",,,,23,Bharat Electronics Ltd,irrelevant,"New storefront opening in Cushing Square, not related to a company's financial performance or strategy"
28250496,Terrains connus ou nouveaux horizons? Le Nobel de litt&#xE9;rature remis &#xE0; Stockholm - Toute l'actualit&#xE9; de la Guadeloupe sur Internet,,,,23,Bharat Electronics Ltd,irrelevant,"Literature Nobel Prize ceremony in Stockholm, no connection to a company that would affect a portfolio manager"
20731592,Fitch rates americredit automobile receivables trust 2016 4,,,,16,ITC Ltd,relevant,"Fitch rates Americredit automobile receivables trust 2016-4, which involves a credit rating for a specific financial entity"
31332334,Zomato Share Price: Share price of Zomato  falls  as Sensex  drops  274.27 points,,,,32,Zomato Ltd,relevant,"Zomato's share price falls in response to market movement, directly impacting its stock value"
22168295,Ppg wil meer tijd voor bod akzonobel media,,,,23,Bharat Electronics Ltd,relevant,"PPG's potential bid on AkzoNobel is mentioned, indicating a possible corporate action or merger"
28754733,Wisconsin man who shot judge had 'hit list' including Gretchen Whitmer and Mitch McConnell,,,,16,ITC Ltd,irrelevant,The article is about a Wisconsin man's hit list and has no connection to any company's business or financials
28247257,"Nobel Peace Prize awarded to journalists in Philippines, Russia for promoting freedom of expression",,,,23,Bharat Electronics Ltd,irrelevant,The article is about the Nobel Peace Prize and does not mention any company or financial information
28249561,Reliance Retail Announces To Launch 7-Eleven Convenience Stores In India,,,,1,Reliance Industries Ltd,relevant,"Reliance Retail announces launch of 7-Eleven stores in India, a major partnership or business expansion"
28249609,Fake MTZ: Where Belarusian Workers' Bonuses Were Spent - Charter'97 :: News from Belarus - Belarusian News - Republic of Belarus,,,,23,Bharat Electronics Ltd,irrelevant,"Article about Belarusian workers' bonuses, not primarily about a specific company"
28249513,President of Peru announces Prime Minister Guido Bellido's resignation,,,,23,Bharat Electronics Ltd,irrelevant,"Peruvian President announces Prime Minister's resignation, a political news piece"
18372030,Belkoopsoyuz now exports more to european union asia i 83857,,,,23,Bharat Electronics Ltd,irrelevant,Brief export update without specific company context or material impact
22159553,Il reclame 20 000 euros a miss belgique pour avoir ete victime d un commentaire raciste,,,,23,Bharat Electronics Ltd,irrelevant,"A individual incident involving a beauty pageant contestant, not related to a company's business"
28250764,WATCH LIVE: Nobel Peace Prize buzz for press freedom and Belarus opposition,,,,23,Bharat Electronics Ltd,irrelevant,"The article is about the Nobel Peace Prize and press freedom, with no mention of a specific company."
28246548,La Generalitat pag&#xF3; a una sociedad belga sospechosa de blanquear dinero p&#xFA;blico,,,,23,Bharat Electronics Ltd,irrelevant,"The article discusses a payment made by La Generalitat to a Belgian company suspected of money laundering, but it does not appear to be primarily about the Belgian company."
20735207,Kilis belediyespor 1 karaman belediyespor 1 haberi 1742254,,,,23,Bharat Electronics Ltd,irrelevant,The article appears to be a sports result and does not mention a specific company.
20738668,Oekobuero 5 tage begutachtung fuer reform von 25 umweltgesetzen inakzeptabel,,,,23,Bharat Electronics Ltd,irrelevant,"The article seems to be about environmental laws and an organization called Oekobuero, but it does not appear to be primarily about a specific company."
31332148,Titan unveils Mumbai billboard for its Stellar collection,,,,17,Titan Company Ltd,relevant,"The article is about Titan unveiling a billboard for its Stellar collection, which is a marketing action by the company Titan."
28759636,Beloit deputy fire chief to temporarily serve as South Beloit fire chief,,,,23,Bharat Electronics Ltd,irrelevant,"Local personnel change in a fire department, not related to a publicly traded company"
28245981,"Export prices for Belarusian processed rapeseed, sugar beet products sold via BUCE keep rising",,,,23,Bharat Electronics Ltd,irrelevant,"Commodity price information for Belarusian products, not related to a specific publicly traded company"
18369092,Reliance jio s 4g beta launch today for employees 1276166,,,,1,Reliance Industries Ltd,relevant,"Reliance Jio's 4G beta launch for employees, a significant product development for the company"
24119735,Forty years partnership between belgium international potato center cip,,,,23,Bharat Electronics Ltd,irrelevant,"A general announcement about a long-standing partnership between two organizations, no specific business impact"
28249123,The Bellas Podcast Acquired by Stitcher,,,,23,Bharat Electronics Ltd,relevant,"Stitcher acquires The Bellas Podcast, a significant business deal for Stitcher"
20734782,Jelly belly debuts snapple flavored beans,,,,23,Bharat Electronics Ltd,relevant,Jelly Belly debuts Snapple-flavored beans — new product launch
20734959,Les negociateurs belges sont parvenus a sentendre sur le traite de libre echange canada union europeenne,,,,23,Bharat Electronics Ltd,irrelevant,"Article about Canada-EU free trade agreement, Belgium's negotiators — not primarily about a specific company"
24125221,Bitcoine finansal bir bakis,,,,16,ITC Ltd,irrelevant,General article about Bitcoin from a financial perspective — not company-specific
27593384,Call to update Belarus' concept of national security,,,,23,Bharat Electronics Ltd,irrelevant,Article about updating Belarus' national security concept — not company-related
18379706,Deux braqueurs belgo marocains mis sous les verrous a tanger 55d49a2935708aa43798f95c,,,,23,Bharat Electronics Ltd,irrelevant,Article about individual criminals being arrested — not material company news
18371488,New study adani enterprises ltd adanient oil gas d r4284778,,,,28,Adani Enterprises Ltd,irrelevant,"The title appears to be a fragmented or incomplete article about a study, but it does not provide clear information about Adani Enterprises Ltd being the main subject."
22157463,Stanciu si chipciu vor incasa prime uriase dupa ce au devenit campioni in belgia profit si pentru becali,,,,23,Bharat Electronics Ltd,irrelevant,"The article seems to be about football players' bonuses and does not appear to be primarily about a specific company, with Becali likely being a person's name."
18369321,Tri nagradi zavoevala sbornaya belarysi na kybke mira po hydozhestvennoj gi,,,,23,Bharat Electronics Ltd,irrelevant,The title is about a sports event (a hockey tournament) and does not seem to relate to a specific company.
22159061,40781781 severn trent fy profit rises 020,,,,42,Trent Ltd,relevant,"The title mentions 'Severn Trent FY profit rises', indicating a direct financial result for the company Severn Trent."
27593401,Lukashenko: Belarus' stability and sovereignty are tested,,,,23,Bharat Electronics Ltd,irrelevant,The title appears to be a political statement by Lukashenko and does not seem to relate to a specific company's business or financial news.
31333422,"Premiul Nobel pentru Fiziologie sau Medicin&#x103; 2024 a fost acordat cercet&#x103;torilor Victor Ambros &#x15F;i Gary Ruvkun pentru ""descoperirea microARN"", folosit la vaccinul anti-Covid",,,,23,Bharat Electronics Ltd,irrelevant,"The article is about the Nobel Prize in Physiology or Medicine being awarded to researchers for their discovery of microRNA, which is used in the COVID-19 vaccine, but it does not appear to be primarily about a specific company"
22170129,12062128 cumhurbaskani erdogan belcikaya geldi,,,,23,Bharat Electronics Ltd,irrelevant,The title appears to be a jumbled collection of words and does not seem to relate to a specific company or financial news
27595543,SEC Bitcoin fonlar&#x131;na onay verecek mi?,,,,16,ITC Ltd,irrelevant,"The article appears to be about the SEC potentially approving Bitcoin funds, but it does not mention a specific company"
22167213,Belarus primet uchastie v glavnoi neftegazovoi vystavke prikaspiiskogo regiona caspian oil  amp gas 2017 1063891,,,,23,Bharat Electronics Ltd,irrelevant,"The article appears to be about Belarus participating in an oil and gas exhibition, but it does not seem to be primarily about a specific company"
18368966,Cipla consolidated net profit rises 120 86 in the june 2015 quarter 115081501013 1,,,,44,Cipla Ltd,relevant,"The article is about Cipla's consolidated net profit rising, which is a financial result directly related to the company"
18375826,Getreideernte in belarus fast 7 mio tonnen gedroschen i 80783,,,,23,Bharat Electronics Ltd,irrelevant,"Article about grain harvest in Belarus, no specific company mentioned"
31333056,"Premiul Nobel pentru Medicin&#x103; 2024 &#x2013; Victor Ambros &#x219;i Gary Ruvkun, laurea&#x21B;i pentru descoperirea microARN-ului",,,,23,Bharat Electronics Ltd,irrelevant,"Nobel Prize in Medicine announcement, no company mentioned"
31331095,Han Kang incrementa la venta de sus libros tras ganar el Premio Nobel,,,,23,Bharat Electronics Ltd,irrelevant,"Author's book sales increase after Nobel Prize, but article is about the author, not a company"
22159696,Trenton teachers aide charged with child abuse for kicking student,,,,42,Trent Ltd,irrelevant,"Individual incident of a teacher's aide charged with child abuse, no company involved"
24115837,Penneys kitchens bathrooms ltd larne,,,,16,ITC Ltd,irrelevant,"Seems to be a company name, but it's not clear if it's a news article, and there's no obvious business news or impact"
28751421,Man arrested for allegedly shooting at victim in Beloit,,,,23,Bharat Electronics Ltd,irrelevant,"A single individual incident of a man arrested for shooting, not related to a company"
20736657,271016 u belgiyi dosyagly konsensusu shchodo ugody pro zvt yes kanada,,,,23,Bharat Electronics Ltd,irrelevant,The title appears to be garbled and does not clearly relate to a specific company's news or financial information
28758653,Belararox Limited (ASX:BRX) Belara Drilling Bolstered by Two Additional Rigs,,,,23,Bharat Electronics Ltd,relevant,"Belararox Limited (ASX:BRX) is the subject with news about drilling operations being bolstered by additional rigs, directly impacting the company's operations"
24126817,Satin creditcare network gets revision in credit ratings 118062700180 1,,,,16,ITC Ltd,relevant,"Satin Creditcare Network experiences a revision in credit ratings, which directly affects the company's financial standing and investor perception"
18371987,213487 el papa otra vez candidato al nobel de la paz,,,,23,Bharat Electronics Ltd,irrelevant,"The article appears to be about the Pope being a candidate for the Nobel Peace Prize, which does not relate to a specific company's financial news or actions"
28751433,MAD collaboratore scolastico Trento |  pu&#xF2; inoltrare domanda anche chi &#xE8; in graduatoria terza fascia ATA  Punteggio servizio valutato,,,,42,Trent Ltd,irrelevant,"The title appears to be about a job collaboration in Italy, specifically for a school in Trento, and does not seem to relate to any stock or business news that would affect a portfolio manager."
27598049,PO&#x10C;ELA REVAKCINACIJA - Mozzart postavio dozatore za dezinfekciju ruku na Sajmu i u Belekspo centru,,,,23,Bharat Electronics Ltd,irrelevant,"The title seems to be about a company (Mozzart) installing hand disinfectant dispensers at an event, which is a passing mention and not primarily about the company's financials or business strategy."
28754975,Starnieuws - Belfort: Initiatiefwet om mij uit DNA te krijgen,,,,23,Bharat Electronics Ltd,irrelevant,"The title appears to be about a personal or local news story in Belfort, Belgium, and does not seem to relate to any stock or business news that would affect a portfolio manager."
31333919,Los descubridores del microARN ganan el Nobel de Medicina | Noticias La Tribuna de Albacete,,,,23,Bharat Electronics Ltd,irrelevant,"The title is about the discoverers of microARN winning a Nobel Prize in Medicine, which is a general news story and not specifically about a company that a portfolio manager would need to read."
20737927,Isvec akademisi nobel odullu bob dylan a ulasma cabalarindan vazgecti 749304,,,,23,Bharat Electronics Ltd,irrelevant,"The title seems to be about an academic or cultural event involving a Nobel Prize and Bob Dylan, which does not appear to be related to business or financial news that would impact a portfolio manager's decisions."
27599170,ESPN+ adds Belgium Pro League to growing portfolio of soccer rights,,,,23,Bharat Electronics Ltd,irrelevant,"Article about ESPN+ adding soccer rights, not primarily about a specific company's financials or actions"
28250036,"future-reliance deal: Future group firms convene shareholder, creditors meetings to seek approval for the Reliance deal",,,,1,Reliance Industries Ltd,relevant,"Future group firms seek approval for deal with Reliance, directly impacting company's structure and finances"
27596083,Ex-presidential hopeful faces trial in Belarus,,,,23,Bharat Electronics Ltd,irrelevant,"Article about an ex-presidential hopeful's trial, not related to a company's business or financials"
24131027,Belcika 2018 dunya kupasi kadrosu belcika teknik direktoru kim dunya kupasi g grubu haber 116501,,,,23,Bharat Electronics Ltd,irrelevant,"Unreadable title appears to be a jumbled collection of words, likely not a real article or relevant to business news"
28247993,Los periodistas Maria Ressa y Dmitry Muratov comparten el Premio Nobel de la Paz 2021,,,,23,Bharat Electronics Ltd,irrelevant,"Article about Nobel Peace Prize winners, not related to a company's business or financials"
20738495,Every taco bell restaurant to hand out free tacos wednesday,,,,23,Bharat Electronics Ltd,irrelevant,"Taco Bell promotion is a marketing event, not a material business news"
28245914,Abdulrazak Gurnah: Un nobel que narra el trauma y el dolor de &#xC1;frica - M&#xFA;sica y Libros - Cultura,,,,23,Bharat Electronics Ltd,irrelevant,"Article about a Nobel laureate, not related to a specific company's business news"
31331129,"Meet Han Kang, Winner of the Nobel Prize for Literature",,,,23,Bharat Electronics Ltd,irrelevant,"Article about a Nobel Prize winner, not related to a specific company's business news"
24128141,Nc8672627 neue tether fuer 250 millionen dollar turnaround bei bitcoin,,,,16,ITC Ltd,irrelevant,"Article about cryptocurrency and a potential investment, but not specifically about a company's business news"
18376290,Zumtobel lighting investing $10 million for expansion in the americas 17699,,,,23,Bharat Electronics Ltd,relevant,"Zumtobel lighting invests $10 million for expansion, a material business announcement"
20737442,Commerzbank belaesst uniper auf buy ziel 11 80 euro 6566356,,,,23,Bharat Electronics Ltd,relevant,Commerzbank upgrades Uniper to buy with a target price of 11.80 euros — analyst upgrade on Uniper's stock
31334085,"Daron Acemoglu, Simon Johnson y James A. Robinson recibieron el Premio Nobel de Econom&#xED;a",,,,23,Bharat Electronics Ltd,irrelevant,"Nobel Prize in Economics awarded to Daron Acemoglu, Simon Johnson, and James A. Robinson — not related to a specific company"
31332599,"El Premio Nobel de Medicina fue para&#xA0; Victor Ambros y Gary Ruvkun, por su hallazgo del microARN | Descubrimiento clave para el desarrollo y funcionamiento de los organismos",,,,23,Bharat Electronics Ltd,irrelevant,Nobel Prize in Medicine awarded to Victor Ambros and Gary Ruvkun — not related to a specific company
28758529,"Fitch Ratings describes Governor Newsom's budget as ""structurally balanced"" and ""maintaining budgetary resilience""",,,,16,ITC Ltd,irrelevant,Fitch Ratings comments on Governor Newsom's budget — not related to a specific company
20732646,Fitch rates thl credit wind river 2016 2 clo ltd llc 603528,,,,16,ITC Ltd,irrelevant,"Fitch rates THL Credit Wind River 2016-2 CLO Ltd. LLC — article tagged to Fitch, not the company being rated"
20732224,"Kilis belediyespor 1 karaman belediyespor 1(17,n,12385868,815)",,,,23,Bharat Electronics Ltd,irrelevant,Sports match result with no business or financial relevance
28247825,Nobel literature prize awarded for works on imperialism,,,,23,Bharat Electronics Ltd,irrelevant,"General news about the Nobel literature prize, no specific company mentioned"
20733701,The infantry school belgaum recruitment 2016 for 04 stenographer grade ii and fatigueman posts 1477111990 1,,,,23,Bharat Electronics Ltd,irrelevant,"Job recruitment announcement for a specific school, not a company-level news"
22166541,1087794 opinie hypocriet verzet bij vijandige overname akzonobel en unilever,,,,23,Bharat Electronics Ltd,relevant,"AkzoNobel and Unilever mentioned in context of hostile takeover, directly related to the companies"
31333236,"Nobel Prize for Medicine awarded to to US scientists Victor Ambros, Gary Ruvkin",,,,23,Bharat Electronics Ltd,irrelevant,"General news about the Nobel Prize for Medicine, no specific company mentioned"
20733334,World bob dylan breaks his silence accept nobel prize 843086,,,,23,Bharat Electronics Ltd,irrelevant,"Article about Bob Dylan accepting the Nobel Prize, no business relevance"
20732533,V sbu soobshchili prichinu vozvrata belorusskogo samoleta v kiev,,,,23,Bharat Electronics Ltd,irrelevant,"Article about a Belarusian plane returning to Kiev, no business relevance"
28251012,Toms River North grad wins Nobel Peace Prize,,,,23,Bharat Electronics Ltd,irrelevant,"Article about a Toms River North graduate winning the Nobel Peace Prize, not related to a company"
31331880,"Literaturnobelpreis: &#x201E;Han Kang ist eine angenehme &#xDC;berraschung""",,,,23,Bharat Electronics Ltd,irrelevant,"Article discussing the Nobel Literature Prize winner, no business relevance"
27594511,Bidding opens for virtual Ritchie Bros. auction,,,,16,ITC Ltd,irrelevant,"Article about a virtual Ritchie Bros. auction, while related to a company, it's more about an event than the company's business performance or actions"
24122040,76793 trento la polizia di stato di trento arresta 15 richiedenti asilo,,,,42,Trent Ltd,irrelevant,"Local incident involving individual arrests, not material to a company's business"
28752882,Celebrations honouring 1030th anniversary of Orthodoxy in Belarusian lands held in Polotsk,,,,23,Bharat Electronics Ltd,irrelevant,Celebration event with no business impact or company involvement
22158847,Fitch ratings assigns bb rating to istar s senior unsecured debt with positive outlook 778938,,,,16,ITC Ltd,relevant,"Fitch Ratings assigns a rating to Istar's senior unsecured debt, directly impacting the company's financials"
20737552,Bob dylan now says he will accept nobel prize for literature,,,,23,Bharat Electronics Ltd,irrelevant,"Individual news about Bob Dylan accepting a Nobel Prize, no business or company impact"
31330585,"Bitcoin hits highest level since July, boosting crypto-related stocks",,,,16,ITC Ltd,irrelevant,"Macro market news mentioning crypto-related stocks in general, not a specific company"
18372252,Research markets belarus soft drinks review 2014,,,,23,Bharat Electronics Ltd,irrelevant,"Market research report on Belarus soft drinks, not primarily about a specific company"
31332267,Ormeau Road: Man&#xA0;who allegedly attacked&#xA0;pregnant teen in south Belfast charged to court,,,,23,Bharat Electronics Ltd,irrelevant,"Local news about an individual incident, not related to a company's business or financials"
28249331,"Avec la participation de la Syrie, r&#xE9;union de haut niveau du Mouvement des non-align&#xE9;s se tiendra demain &#xE0; Belgrade &#x2013; Agence Arabe Syrienne Informations",,,,23,Bharat Electronics Ltd,irrelevant,"News about a geopolitical event, not related to a specific company's business or financials"
24115739,Im neighbour not invader taoiseach builds bridges on symbolic belfast trip 36991001,,,,23,Bharat Electronics Ltd,irrelevant,"Political news article, not related to a company's business or financials"
28758412,Bell Partners Acquires 352-Unit Element Uptown and 192-Unit Waypoint West Apartment Communities in Charlotte Marketplace,,,,23,Bharat Electronics Ltd,relevant,"Real estate acquisition news, primarily about a company's business actions"
20735005,Belgian prime minister,,,,23,Bharat Electronics Ltd,irrelevant,The title mentions a Belgian prime minister but does not specify which one or relate to a company
28247319,Friedensnobelpreis 2021 geht an Journalisten Maria Ressa und Dmitry Muratov,,,,23,Bharat Electronics Ltd,irrelevant,"The title is about the 2021 Nobel Peace Prize winners, Maria Ressa and Dmitry Muratov, and does not mention a company"
24128454,368699 wysoki triumf belgow siedem goli w moskwie,,,,23,Bharat Electronics Ltd,irrelevant,"The title appears to be in Polish and mentions a sports event or a team, not a company"
22169230,Psoe isabel rodriguez defiende portavoz provisional tenga linea directa sanchez,,,,23,Bharat Electronics Ltd,irrelevant,The title mentions a Spanish political figure and does not relate to a company
31331608,"Chemie-Nobelpreis 2024 f&#xFC;r Proteinforscher &#x2013; &#x201E;Anerkennung der k&#xFC;nstlichen Intelligenz ist beispiellos""",,,,23,Bharat Electronics Ltd,irrelevant,The title is about the 2024 Nobel Prize in Chemistry and does not mention a company
20734173,Bob dylan nobel prize accepts us 5813dda3e4b0990edc316e75,,,,23,Bharat Electronics Ltd,irrelevant,"Article about Bob Dylan's Nobel Prize, not related to a specific company"
28758461,"ESG Study Shows Bitcoin Mining's Potential to Eliminate 0.15% of Global Warming by 2045, Claims No Other Technology Can Do Better &#x2013; Mining Bitcoin News",,,,16,ITC Ltd,irrelevant,"Article about Bitcoin mining's potential environmental impact, not primarily about a specific company"
27596858,Fitch Solutions slashes Malaysia's 2021 real GDP growth forecast to 4.9%,,,,16,ITC Ltd,irrelevant,"Article about Fitch Solutions' forecast for Malaysia's GDP growth, not primarily about a specific company"
20738193,Unhcr commemorates 2 years ibelong campaign eradicate global statelessness,,,,23,Bharat Electronics Ltd,irrelevant,"Article about UNHCR campaign, not related to a specific company"
27592486,Belgium's Flanders region unveils compensation scheme for PV systems affected by smart meter disruption,,,,23,Bharat Electronics Ltd,irrelevant,"Article about Belgium's Flanders region compensation scheme for PV systems, not primarily about a specific company"
20736502,Fitch affirms metropolitan college york revs bb,,,,16,ITC Ltd,relevant,Fitch affirms credit rating for Metropolitan College York - direct credit rating action
31334113,"Amerikanci dobili Nobelovu nagradu za medicinu. ""Njihovo otkri&#x107;e je revolucionarno""",,,,23,Bharat Electronics Ltd,irrelevant,Nobel Prize announcement in medicine - not related to a specific company
20738204,Museum bellingwolde erft schilderij van ploeglid johan dijkstra,,,,23,Bharat Electronics Ltd,irrelevant,Museum acquires painting - not related to a specific company's business or financials
20735215,Dz bank belaesst krones auf kaufen fairer wert 108 euro 5279925,,,,23,Bharat Electronics Ltd,relevant,DZ Bank analyst recommends Krones stock with a fair value of 108 euros - direct analyst action on the stock
28758253,POTVR&#x110;ENA DRUGA OPTU&#x17D;NICA PROTIV VELJKA BELIVUKA I MARKA MILJKOVI&#x106;A: Terete se i za ubistva Miti&#x107;a i Mihajlovi&#x107;a,,,,23,Bharat Electronics Ltd,irrelevant,Criminal charges against individuals - not related to a specific company's business or financials
18374371,Belo festivale davao 425427,,,,23,Bharat Electronics Ltd,irrelevant,"The title appears to be about a local event in Davao, but it is unclear and does not mention a specific company"
28246829,Le prix Nobel de la paix aux journalistes philippine Maria Ressa et russe Dimitri Muratov,,,,23,Bharat Electronics Ltd,irrelevant,"The title is about the Nobel Peace Prize winners, Maria Ressa and Dimitri Muratov, and does not mention a specific company"
22167106,Campbell soup company makes strategic investment in chef d,,,,23,Bharat Electronics Ltd,relevant,"The title mentions Campbell Soup Company's strategic investment, making it relevant to the company's business actions"
24125761,Belgische studentin zoe brunet zur miss wm gekuert 1,,,,23,Bharat Electronics Ltd,irrelevant,The title appears to be about a beauty pageant winner and does not mention a specific company
27596004,Trump pide reemplazar a Mitch McConnell como l&#xED;der republicano en el Senado | Principal | Edici&#xF3;n USA,,,,16,ITC Ltd,irrelevant,The title is about a political event in the US Senate and does not mention a specific company
22170682,16442 hickory crawdads pitcher hernandez named sal pitcher of the week,,,,16,ITC Ltd,irrelevant,"A minor league baseball player wins an award — individual/local incident, not material to investors"
28246989,Reliance announces launch of 'Jio World Drive' in Mumbai,,,,1,Reliance Industries Ltd,relevant,"Reliance announces launch of new service — corporate action, product launch"
28249509,Hannity calls on Mitch McConnell to 'stop being a swamp creature',,,,16,ITC Ltd,irrelevant,"TV host makes a comment about a politician — non-material entertainment, not related to business news"
22169667,Reliance jio says airtel vodafone idea caused rs 400 crore loss for government 622310,,,,1,Reliance Industries Ltd,relevant,Reliance Jio accuses competitors of causing financial loss — regulatory/legal issue directly impacting the company's business
28249565,Fort Campbell Soldier Charged With Murder in His Pregnant Wife's Death,,,,23,Bharat Electronics Ltd,irrelevant,"Soldier charged with murder — individual/local incident, not material to investors or business news"
18377572,Fitch affirms expedias idr at bbb outlook stable,,,,16,ITC Ltd,relevant,"Fitch affirms Expedia's credit rating, which affects the company's financial situation"
22165190,Belmond acquires anguilla s cap juluca luxury resort,,,,23,Bharat Electronics Ltd,irrelevant,"Belmond acquires a luxury resort, but the article is about Belmond, not the company in question (no company mentioned)"
31331634,Premio Nobel de Medicina para los interruptores de genes,,,,23,Bharat Electronics Ltd,irrelevant,"The article is about the Nobel Prize in Medicine and gene editing, not related to a specific company"
31331557,"Jane Goodall tours Indigenous community centre in Kitchener, Ont.",,,,16,ITC Ltd,irrelevant,"The article is about Jane Goodall's visit to a community centre, not related to a specific company"
22170084,Campbell soup s profit drops 4 8 on weak demand 1,,,,23,Bharat Electronics Ltd,relevant,"Campbell Soup's profit drops due to weak demand, directly impacting the company's financials"
28759124,EU adopts new sanctions to de-SWIFT Russian and Belarusian banks,,,,23,Bharat Electronics Ltd,irrelevant,"Article about EU sanctions on Russian and Belarusian banks, not specifically about a company"
28246861,"Nobel da Paz alerta para urg&#xEA;ncia em defender o jornalismo, considera sindicato",,,,23,Bharat Electronics Ltd,irrelevant,"Article about Nobel Peace Prize and journalism, not related to a specific company"
28754752,Man Arrested After Pursuit of Erratically Driving U-Haul in Beloit,,,,23,Bharat Electronics Ltd,irrelevant,"Article about a local incident involving a U-Haul, not related to a company"
22159642,Global front fog lamp switch market research report 2017 2021 growth trends forecast,,,,16,ITC Ltd,irrelevant,"Market research report about front fog lamp switches, not specifically about a company"
27599197,Belarus to complete modernization of its two oil refineries in 2021,,,,23,Bharat Electronics Ltd,relevant,"Article about Belarus completing modernization of its oil refineries, directly mentioning a country's industrial project"
20732958,161013 nobel literature om,,,,23,Bharat Electronics Ltd,irrelevant,The title appears to be incomplete and unrelated to business or financial news
27597977,2021 &#xD6;&#x11F;retmen atamalar&#x131; ne zaman yap&#x131;lacak? &#xD6;&#x11F;retmen atama kontenjanlar&#x131; ve atama takvimi belli oldu mu?,,,,23,Bharat Electronics Ltd,irrelevant,"The title appears to be about teacher appointments in Turkey, unrelated to business or financial news"
28247203,New York Supreme Court Addresses New Uniform Rule Regarding Summary Judgment Motions Adapted from Commercial Division Rules | Patterson Belknap Webb & Tyler LLP,,,,23,Bharat Electronics Ltd,irrelevant,"The title is about a law firm discussing a new rule in the New York Supreme Court, not specifically about a company"
31332336,"Wipro Q2 Results Preview: Revenue seen down up to 2% YoY, Q3 CC guidance at -1% to 1%",,,,35,Wipro Ltd,relevant,"The title is about Wipro's Q2 results preview, including expected revenue and guidance"
31332830,Nobelovu cenu za medic&#xED;nu z&#xED;skali Ambros a Ruvkun za objav mikroRNA,,,,23,Bharat Electronics Ltd,irrelevant,"The title is about the Nobel Prize in Medicine, not related to business or financial news about a specific company"
22161956,Sbornaya belarysi po hydozhestvennoj gimnastike yspeshno startovala v kvali,,,,23,Bharat Electronics Ltd,irrelevant,"Article appears to be about Belarus' rhythmic gymnastics team, not a company"
31330985,Google DeepMind CEO Awarded Nobel Prize for AlphaFold,,,,23,Bharat Electronics Ltd,relevant,"Google DeepMind CEO awarded Nobel Prize, directly impacts Google's AI division"
27598850,Coronacrisis: VN roept op tot 'wereldwijd vaccinatieplan' - Belgi&#xEB;,,,,23,Bharat Electronics Ltd,irrelevant,"Article discusses global vaccination plans during the coronavirus crisis, not a company-specific news"
18378248,Around thirty belgian blue bulls will be sent to lebanon on wednesday,,,,23,Bharat Electronics Ltd,irrelevant,"Article about exporting Belgian blue bulls to Lebanon, not a company-specific news"
20732532,Der handel zwischen kanada und belgien 1,,,,23,Bharat Electronics Ltd,irrelevant,"Article about trade between Canada and Belgium, not a company-specific news"
18369527,Territoire de belfort sept nouveaux profils dont trois grades viennent d integrer le groupement de gendarmerie departementale,,,,23,Bharat Electronics Ltd,irrelevant,"The article is about new personnel integrating into a departmental gendarmerie group, not primarily about a company"
22166382,Reliance jio gets tm forums digital service innovator of the year award 620419,,,,1,Reliance Industries Ltd,relevant,"Reliance Jio receives an award, which could impact its reputation and business"
31330578,"Nobel Prize in chemistry awarded to David Baker, Demis...",,,,23,Bharat Electronics Ltd,irrelevant,"The article is about the Nobel Prize in chemistry, which does not appear to involve a company directly"
24130305,Le francais au centre du scandale du nobel de litterature accuse de viol,,,,23,Bharat Electronics Ltd,irrelevant,"The article is about a scandal related to the Nobel Prize in literature, not about a company"
18371360,Campbell high school open despite social media warning about man with gun,,,,23,Bharat Electronics Ltd,irrelevant,"The article is about a school and a social media warning, not related to a company"
28247835,Tanzanian Abdulrazak Gurnah awarded Nobel Prize for literature,,,,23,Bharat Electronics Ltd,irrelevant,"The article is about the Nobel Prize in literature being awarded to Abdulrazak Gurnah, with no mention of a company that would require a portfolio manager to take action."
27593936,Amazon vs Future Retail: E-comm giant moves SC against Biyani's deal with Reliance,,,,1,Reliance Industries Ltd,relevant,"The article is about a legal dispute involving Amazon, specifically its move to the Supreme Court against a deal between Future Retail's Biyani and Reliance, which directly impacts Amazon's business."
22169425,Le jardin planetaire du domaine de longchamp 5132483 3244,,,,21,Oil & Natural Gas Corporation Ltd,irrelevant,"The title does not appear to be related to business or financial news, and seems to be about a garden or a location, with no clear connection to a company's stock performance."
24123892,130590 hedgepath named campbellsville university bass fishing coach,,,,23,Bharat Electronics Ltd,irrelevant,"The article is about an individual, Hedgepath, being named as a bass fishing coach at Campbellsville University, which does not appear to have any direct financial or business implications for a company that a portfolio manager would need to know about."
28247795,SEC throws sop to US investors with bitcoin 'lite' equity ETFs,,,,16,ITC Ltd,irrelevant,The article mentions SEC and bitcoin equity ETFs but does not focus on a specific company's stock performance or business actions that a portfolio manager would need to read about; it seems more about a general financial product.
24128886,Team akzonobel proud of fourth place,,,,23,Bharat Electronics Ltd,irrelevant,"Article about a company's team achieving fourth place, but no significant business impact or news"
22160382,Bitcoin price plunges and then recovers its losses 2017 5,,,,16,ITC Ltd,irrelevant,"Article about Bitcoin price movement, not specifically about a company"
24127716,Aluminum ingots market outlook to 2025 top industry like ega alcoa rio tinto sapa as aluminum bahrain hindalco industries 1000994,,,,48,Hindalco Industries Ltd,irrelevant,"Market outlook article mentioning several companies, including AkzoNobel, but not primarily about the company"
28755173,Belfort : six plaintes pour des &#xAB;piq&#xFB;res&#xBB; lors d'un festival de musique,,,,23,Bharat Electronics Ltd,irrelevant,"Article about a local incident involving a music festival, not related to a company's business"
27594722,Bellsouth Email Not Working Issue,,,,23,Bharat Electronics Ltd,irrelevant,"Article about a technical issue with a company's email service, but not a significant business news or announcement"
18376851,Fitch stuft griechenland nach einigung mit glaeubigern hoch artikel9278093,,,,16,ITC Ltd,irrelevant,"Article about Fitch rating action on Greece, not related to a specific company"
31332090,South Korea's Han Kang wins 2024 Nobel Prize in literature &#x2013; Kashmir Reader,,,,23,Bharat Electronics Ltd,irrelevant,"Nobel Prize in literature awarded to an author, no company mentioned or implied"
27594068,Colonisation belge au Congo : les fant&#xF4;mes de L&#xE9;opold II &#x2013; Jeune Afrique,,,,23,Bharat Electronics Ltd,irrelevant,"Article about Belgian colonization in Congo, no company mentioned or implied"
20734162,Indigo artists on show 35158032,,,,39,InterGlobe Aviation Ltd,irrelevant,"Article about an art show, no company mentioned or implied"
28755577,"Belarus expands death penalty law, ups threat to opposition",,,,23,Bharat Electronics Ltd,irrelevant,"Article about Belarus' death penalty law, no company mentioned or implied"
28245731,Belkoopsoyuz instructed to increase product processing,,,,23,Bharat Electronics Ltd,relevant,"Belkoopsoyuz, presumably a Belarusian company, is given instructions to increase product processing, directly affecting its operations"
18369998,Taco bell cleared to reopen 185954,,,,23,Bharat Electronics Ltd,relevant,"Taco Bell is cleared to reopen a location, indicating a resolution to a business disruption"
18374707,Bellevue washington police impaired driver smashes 7 cars attempts carjackings 321844982,,,,23,Bharat Electronics Ltd,irrelevant,"An unrelated incident involving a Bellevue, Washington police case about an impaired driver, not related to a company"
20733755,Belarusian capital minsk awarded 2019 european games,,,,23,Bharat Electronics Ltd,irrelevant,"The Belarusian capital Minsk being awarded the 2019 European Games is a general event, not specifically about a company"
27592843,"Belarus: New charges against Maria (Marfa) Rabkova, Viasna&#x2026;",,,,23,Bharat Electronics Ltd,irrelevant,"New charges against an individual, Maria (Marfa) Rabkova, related to Viasna, which seems to be an organization or movement rather than a company"
28751575,"EU imposes new sanctions against Belaruskali, BPC, Naftan and five other companies",,,,23,Bharat Electronics Ltd,relevant,"EU imposes new sanctions directly on Belaruskali, indicating a material regulatory action against the company"
24120627,Octopus titan vct portfolio value rises in particularly busy half,,,,17,Titan Company Ltd,relevant,"Octopus titan vct portfolio value rises, which is a financial performance update for the company"
27596537,Coronacrisis: Braziliaanse variant duikt op in Belgi&#xEB; - Belgi&#xEB;,,,,23,Bharat Electronics Ltd,irrelevant,"The article appears to be about a coronavirus variant in Belgium, with no clear connection to a specific company's business or financials"
18373273,Fitch assigns bbb idrs bancolombia 213900919,,,,16,ITC Ltd,relevant,"Fitch assigns a credit rating to Bancolombia, which is a direct financial and credit-related action"
28246346,New Belgium Brewing partners with Chaco Footwear to celebrate 30 wild years,,,,23,Bharat Electronics Ltd,irrelevant,"The article is about a partnership for a celebratory event, but it seems more like a marketing collaboration than a material corporate action or financial news"
31331633,Nobelpreis f&#xFC;r Medizin: Entdecker der MicroRNA &#x2013; Zwei US-Forscher ausgezeichnet,,,,23,Bharat Electronics Ltd,irrelevant,"The article is about the Nobel Prize in Medicine awarded to two US researchers, not related to a specific company's stock or business"
27592273,Belarus strongman Lukashenko says foreign 'blitzkrieg' failed,,,,23,Bharat Electronics Ltd,irrelevant,"The article is about Belarus politics and Lukashenko's statement, not related to a specific company's stock or business"
18379899,Deyv lyuis podpisal novyy kontrakt s federaciey hokkeya belarusi,,,,23,Bharat Electronics Ltd,irrelevant,"The article appears to be about a sports contract, but the language is unclear; however, it does not seem to be primarily about a company's stock or business"
31331720,Nobel de Literatura 2024 recae en la autora surcoreana Han Kang &#x2013; El Venezolano News,,,,23,Bharat Electronics Ltd,irrelevant,"The article is about the Nobel Prize in Literature awarded to a South Korean author, not related to a specific company's stock or business"
31333190,BEL Share Price: BEL shares  fall  1.14 per cent in Wednesday's trading session,,,,23,Bharat Electronics Ltd,relevant,"The article is about the stock price movement of BEL ( likely Bharat Electronics Limited), which is a specific company's financial performance"
27593545,FM: Belarus will develop a new foreign policy doctrine within a year,,,,23,Bharat Electronics Ltd,irrelevant,"Article is about Belarus' foreign policy doctrine, not specifically about a company"
28758080,Belgian king returns mask to Congo in symbolic gesture of restitution,,,,23,Bharat Electronics Ltd,irrelevant,"Article is about a symbolic gesture of restitution involving the Belgian king and Congo, not about a company"
27599200,Lukashenko: Belarusian society should mature for party-list elections,,,,23,Bharat Electronics Ltd,irrelevant,"Article is about Lukashenko's comments on Belarusian society and party-list elections, not about a company"
27592603,Belarus : our undercover investigation into mass police&#x2026;,,,,23,Bharat Electronics Ltd,irrelevant,"Article is about an undercover investigation into police actions in Belarus, not about a company"
28753967,Campbell Burned by Cigarette Pack in Dugout,,,,23,Bharat Electronics Ltd,irrelevant,"Article is about a sports incident involving a player, not about a company"
20735299,Ceta les belges enfin d accord vers une signature du traite 820036,,,,23,Bharat Electronics Ltd,irrelevant,"The article appears to be about a treaty signature involving Belgium, but lacks specific company mention or direct business impact"
20735980,Nobel literature bob dylan whose words transcend form,,,,23,Bharat Electronics Ltd,irrelevant,"The article is about Bob Dylan winning the Nobel Literature prize, which is not related to business or financial news"
24124238,Belgia  et delt land gar sammen til vm 1,,,,23,Bharat Electronics Ltd,irrelevant,"The article seems to be about Belgium and another country teaming up for a World Cup event, lacking specific company mention or direct business impact"
22159455,Belen tendra parque para todos 133840,,,,23,Bharat Electronics Ltd,irrelevant,The article mentions a park in Belen but does not appear to be primarily about a company or business news
28756388,Petrishenko: healthy lifestyle promoted in Belarus,,,,23,Bharat Electronics Ltd,irrelevant,The article promotes a healthy lifestyle in Belarus but does not seem to be primarily about a company or business news
31332246,Nobel Prize In Medicine for 2024 Goes To US Scientists Victor Ambros and Gary Ruvkun For micro RNA Discovery &#x926;&#x94B; &#x905;&#x92E;&#x947;&#x930;&#x93F;&#x915;&#x940; &#x935;&#x948;&#x91C;&#x94D;&#x91E;&#x93E;&#x928;&#x93F;&#x915;&#x94B;&#x902; &#x915;&#x94B; &#x91A;&#x93F;&#x915;&#x93F;&#x924;&#x94D;&#x938;&#x93E; &#x915;&#x94D;&#x937;&#x947;&#x924;&#x94D;&#x930; &#x915;&#x93E; 2024 &#x915,,,,23,Bharat Electronics Ltd,irrelevant,The article is about the Nobel Prize in Medicine and does not mention a specific company
20736150,Rise of electric batteries casts shadow over oil companies fitch warns  1759554,,,,16,ITC Ltd,irrelevant,"The article mentions oil companies in general, but is primarily about the impact of electric batteries on the industry, not a specific company"
28751202,"Belgian woman who saved Jewish kids in Holocaust, dies at 100",,,,23,Bharat Electronics Ltd,irrelevant,The article is a obituary and does not mention a specific company
24118613,Belcika panama maci canli hangi kanalda saat kacta belcika panama maci izle sxhbq713893sxq,,,,23,Bharat Electronics Ltd,irrelevant,The article appears to be about a sports event and does not mention a specific company
28247036,Reliance acquires Norway''s REC Solar for $771 mn for clean energy foray,,,,1,Reliance Industries Ltd,relevant,"Reliance acquires REC Solar, a direct corporate action"
27593506,Hannity nukes 'sanctimonious' Mitch McConnell: 'The time is now coming for new leadership',,,,16,ITC Ltd,irrelevant,"Article about political commentary on leadership, not related to a specific company's financial news"
24115033,Alianza entre banco famsa y pitchbull1,,,,16,ITC Ltd,irrelevant,"Article about an alliance between two entities, but the names are not clear and it does not appear to be primarily about a company's financial news"
31332832,Ameri&#x10D;ki dvojac osvojio Nobela za medicinu: Sada je jasno kako geni upravljaju stanicama,,,,23,Bharat Electronics Ltd,irrelevant,"Article about a Nobel Prize in medicine, not related to a specific company's financial news"
24116161,Belgica vs panama grupo g mundial rusia 2018 previa,,,,23,Bharat Electronics Ltd,irrelevant,"Article about a sports event, not related to a specific company's financial news"
28246639,Reliance Industries Acquires Norway's REC Solar For $771 Million To Expand Clean Energy Market,,,,1,Reliance Industries Ltd,relevant,Reliance Industries' acquisition of REC Solar for $771 Million is a corporate action and financial news
18371495,Cedar rapids taco bell cleared to reopen but date still uncertain 20150814,,,,23,Bharat Electronics Ltd,irrelevant,"Single store reopening after uncertain closure, local incident, not material company news"
28756572,Taco Bell Has A Drastically New Drive In Model | BIG 105.9,,,,23,Bharat Electronics Ltd,relevant,"Taco Bell introduces new drive-in model, company-level strategic change"
28759695,Kevin De Bruyne et certains joueurs belges ont pass&#xE9; leur dipl&#xF4;mes d'entraineur,,,,23,Bharat Electronics Ltd,irrelevant,"Article about soccer players getting coaching diplomas, no connection to Taco Bell"
18372416,Taco bell is considering locations that serve alcohol in boston,,,,23,Bharat Electronics Ltd,relevant,"Taco Bell considers serving alcohol in certain locations, potential business model change"
24126595,Taco bell dunkin donuts and burger king all set to open new stores at doncaster lakeside 1 8460440,,,,23,Bharat Electronics Ltd,irrelevant,"Announcement of new store openings in a specific location, not material company news"
28758998,Belgia a demolat-o pe Polonia &#xEE;n Nations League la fotbal. Toate rezultatele zilei,,,,23,Bharat Electronics Ltd,irrelevant,"Article about sports results, no business impact or company mention"
28251028,Everything you need to know: Amazon vs Reliance and Future Retail,,,,1,Reliance Industries Ltd,relevant,"Article about Amazon's dispute with Reliance and Future Retail, directly impacting Amazon's business"
20737032,Carry with respect campaign collecting suitcases for women in need,,,,16,ITC Ltd,irrelevant,"Charity campaign, not related to a company's business or financials"
28247648,Journalists Maria Ressa and Dmitry Muratov win Nobel Peace Prize,,,,23,Bharat Electronics Ltd,irrelevant,"Nobel Peace Prize winners, no direct connection to a company's business or financials"
18379861,10558 critchlow labour college dispatches 2016 budget for subvention,,,,16,ITC Ltd,irrelevant,"Labour college budget, not related to a publicly traded company or significant business news"
20734531,Mircea cartarescu dupa oferirea premiului nobel pentru literatura lui bob dylan nu cred ca avea nevoie de premiul asta ne a facut o comitetul nobel de data asta 4807711,,,,23,Bharat Electronics Ltd,irrelevant,"Article appears to be a Romanian literary discussion about a Nobel Prize, not related to a specific company's financial news or actions"
22167004,Bottle attack drugs and thefts may 23 2017 trentonian police blotter,,,,42,Trent Ltd,irrelevant,"Police blotter entry about a bottle attack, drugs, and thefts; a local incident not related to a company's financial news or actions"
18366821,"Grupo rebelde sirio diz que cessarfogo acabou, negociacoes entram em colapso id489104",,,,23,Bharat Electronics Ltd,irrelevant,News about a Syrian rebel group's ceasefire and negotiations; a geopolitical event not related to a specific company's financial news or actions
20737865,"Nigde belediye baskani faruk akdogan muhtarlar gununu kutladi(17,n,12380419,797)",,,,23,Bharat Electronics Ltd,irrelevant,Turkish local news about a mayor's event; not related to a specific company's financial news or actions
22160870,The 10 000 bitcoin pizza purchase remembered 1,,,,16,ITC Ltd,irrelevant,"Article about a historical anecdote regarding a large Bitcoin transaction for a pizza; while related to cryptocurrency, it's not specifically about a company's financial news or actions"
18375080,Cryptocurrency trading news the great bitcoin depression 62116,,,,16,ITC Ltd,irrelevant,"The article is about general cryptocurrency trading news, not specifically about a company"
24130407,Two arrested in drug bust in bellaire,,,,23,Bharat Electronics Ltd,irrelevant,"The article is about a local drug bust, not related to a company"
28752619,"Geosyn Mining leases second Bitcoin Mine Facility &#x2013; 26,000SF facility new home to second Geosyn Mine",,,,16,ITC Ltd,relevant,"The article is about Geosyn Mining's business operation, specifically leasing a new Bitcoin mine facility"
22161211,V belarusi nachali delat derevyannye velosipedy opublikovany foto 436797,,,,23,Bharat Electronics Ltd,irrelevant,"The article appears to be about a local Belarusian news story, not related to a specific company's business or financial news"
24115626,77169 miss trento 27 giugno 2018 moda bellezza e sogni,,,,42,Trent Ltd,irrelevant,"The article appears to be about a fashion or beauty event, not related to a company's business or financial news"
31332010,Voc&#xEA; sabe quem s&#xE3;o os ganhadores do Nobel de F&#xED;sica? - 10/10/2024 - Bibi Bailas,,,,23,Bharat Electronics Ltd,irrelevant,"The article is about the Nobel Prize in Physics winners, not related to a specific company"
22159366,Burger brief enjoy tasty burgers he kitchen cos ingenious wudaoying hutong space,,,,16,ITC Ltd,irrelevant,"The title appears to be a jumbled collection of words, possibly a restaurant or food-related content, but not related to a specific company's business news"
24116933,Comunit cinese trentino unassociazione circa 2mila persone,,,,42,Trent Ltd,irrelevant,"The article appears to be about a Chinese community in Trentino, not related to a specific company's business news"
28248343,"Premio Nobel de Econom&#xED;a a la visi&#xF3;n social usada en los ""experimentos naturales""",,,,23,Bharat Electronics Ltd,irrelevant,"The article is about the Nobel Prize in Economics, not related to a specific company"
28247252,"2021 Nobel Peace Prize awarded to journalists Maria Ressa, Dmitry Muratov",,,,23,Bharat Electronics Ltd,irrelevant,"The article is about the Nobel Peace Prize winners, not related to a specific company's business news"
27597133,Journalists and activists detained in Belarus raids,,,,23,Bharat Electronics Ltd,irrelevant,"Article about journalists and activists detained in Belarus raids, no mention of a specific company"
27594962,Aurangabad HC orders de-sealing of 6 Reliance Infratel towers,,,,1,Reliance Industries Ltd,relevant,"Reliance Infratel towers are being de-sealed by court order, directly affects the company"
31330580,Nobel Prize in chemistry awarded to 3 scientists for wo...,,,,23,Bharat Electronics Ltd,irrelevant,"Nobel Prize in chemistry awarded to scientists, no company mentioned"
28247831,Tanzanian Abdulrazak Gurnah awarded Nobel literature prize - Medicine Hat NewsMedicine Hat News,,,,23,Bharat Electronics Ltd,irrelevant,"Literature prize awarded to Tanzanian author, no company mentioned"
20738989,Fitch rates bexar county tx certificates obligation,,,,16,ITC Ltd,irrelevant,"Fitch rates certificates of obligation for a county, not a company"
24123177,Wipro and opera solutions launch solution to detect and address fraud and waste in us healthcare insurance claims,,,,35,Wipro Ltd,relevant,Wipro launches solution with Opera Solutions to detect fraud and waste in US healthcare insurance claims — major product/service announcement
27593564,"Ambassador: Belarus, Pakistan cooperate closely in various areas",,,,23,Bharat Electronics Ltd,irrelevant,Article about Belarus and Pakistan cooperation — no mention of Wipro or relevant business news
24124502,Man charged with watching porn at youngstown soup kitchen,,,,16,ITC Ltd,irrelevant,"Local incident about a man watching porn at a soup kitchen — individual incident, not material to Wipro or business news"
20737204,Appirio m a wipro ltd idinkcn12k1r9,,,,35,Wipro Ltd,relevant,"Appirio merges with Wipro Ltd — corporate action, merger announcement"
18379826,Fitch rates pitt county ncs gos aa outlook stable 2015 08 13,,,,16,ITC Ltd,irrelevant,"Fitch rates Pitt County, NC — not related to Wipro, no business news impact"
18370237,Detail un leader belge de l emballage passe dans des mains japonaises,,,,23,Bharat Electronics Ltd,relevant,Belgian packaging leader is being acquired by Japanese hands — corporate action with change of ownership
22159831,Na territoriyu posolstva belarusi v litve brosili petardu,,,,23,Bharat Electronics Ltd,irrelevant,Incident at Belarusian embassy in Lithuania — not related to a company's business
20732353,Roger waters tickets centre bell in montreal ticket process has roger waters tickets at centre bell in quebec for the october 16 2017 show,,,,23,Bharat Electronics Ltd,irrelevant,"Roger Waters concert ticket sale — individual event, not related to business news"
18379813,Cabelas announces september opening date for,,,,23,Bharat Electronics Ltd,relevant,Cabelas announces opening date — corporate action with a specific business event
28753268,"3 facing fentanyl dealing charges after search warrants executed in Beloit, authorities say",,,,23,Bharat Electronics Ltd,irrelevant,"Fentanyl dealing charges in Beloit — individual incident, not related to business news"
27593352,"Future Group's future at stake without Reliance deal, creditors worried: Report",,,,1,Reliance Industries Ltd,relevant,"Article discusses the potential impact of a deal between Future Group and Reliance on the company's future, indicating a significant corporate action"
18373726,Fitch affirms comm 2014 ccre19 2015 08 13,,,,16,ITC Ltd,irrelevant,"The title appears to be a technical rating or affirmation by Fitch, but lacks specific details about the company being rated, making it unclear; however, based on the provided information, it seems more like a passing mention or technical update rather than a company-specific news"
28753673,"Slovenija pridr&#x17E;ala Belorusa, nasprotnika Luka&#x161;enkovega re&#x17E;ima",,,,23,Bharat Electronics Ltd,irrelevant,The article title does not mention any known company related to the financial news and seems to be about a political or general news topic
24116189,Glava mid litvy informaciya o bezopasnosti belaes ne sootvetstvuet realnosti,,,,23,Bharat Electronics Ltd,irrelevant,The article title does not clearly reference a specific company and appears to be related to information security or politics rather than financial news about a company
22157521,"Esenler belediyesi iftar sofrasini evlere tasiyacak(17,n,12604998,176)",,,,23,Bharat Electronics Ltd,irrelevant,The title does not clearly reference a known company and appears to be related to a local event or public service announcement rather than financial news
24131070,Jason somerville pokerstars announce partnership in twitch s 31203,,,,16,ITC Ltd,irrelevant,"Article mentions a partnership, but it's about a Twitch streamer and Pokerstars, likely a personal/influencer deal rather than a material corporate announcement"
22165887,Premier etablissement technique de diourbel les anciens refusent de servir 039 039 leur ecole 767423,,,,23,Bharat Electronics Ltd,irrelevant,"Article appears to be about a local incident at a school, with no clear connection to a publicly traded company or material business news"
28246351,Reliance Retail to roll out 7-Eleven stores in India - The Hindu BusinessLine,,,,1,Reliance Industries Ltd,relevant,Reliance Retail announcing rollout of 7-Eleven stores in India is a material corporate action and partnership
22161732,Dnotes prepares to introduce dnotes 20 upgrade launches new bitcointalk forum 2017 05 22,,,,16,ITC Ltd,irrelevant,"Article appears to be about a cryptocurrency upgrade and a forum launch, but is not clearly related to a specific publicly traded company or material financial news"
31332416,"Nobel Prize 2024: Victor Ambros, Gary Ruvkun awarded for discovery of microRNA",,,,23,Bharat Electronics Ltd,irrelevant,"Article is about the Nobel Prize and scientific discovery, with no clear connection to a specific publicly traded company or material business news"
18378814,Fitch affirms state street corporation at aa outlook stable,,,,16,ITC Ltd,relevant,"Fitch affirms State Street Corporation's credit rating, directly impacting the company's financials"
20730706,Yuhi airlines in japan signs for bell 505 jet ranger x,,,,23,Bharat Electronics Ltd,irrelevant,"Article about Yuhi Airlines, not State Street Corporation, with no apparent connection"
22160152,Serbia gets first national meat quality label,,,,23,Bharat Electronics Ltd,irrelevant,Serbia's national meat quality label has no apparent connection to State Street Corporation
28246447,"Abdulrazak Gurnah, fitues i Nobelit p&#xEB;r Let&#xEB;rsin&#xEB;",,,,23,Bharat Electronics Ltd,irrelevant,Nobel Prize winner announcement unrelated to State Street Corporation
27597142,"Belarus: Police raid homes of journalists, activists | News | DW",,,,23,Bharat Electronics Ltd,irrelevant,Belarus police raids on journalists and activists unrelated to State Street Corporation
22162986,Rossiya schitaet perspektivnym sozdanie v belarusi servisnykh tekhnicheskikh tsentrov po obsluzhivan,,,,23,Bharat Electronics Ltd,irrelevant,"Article title is in a foreign language and appears to discuss a general concept of creating service technical centers, not specifically about a company's actions or financials"
24122933,Park electrical services belfast,,,,23,Bharat Electronics Ltd,irrelevant,"Title appears to be about a generic electrical services company in Belfast, lacking specific information about a company's financials, actions, or stock performance"
28247647,Journalists Maria Ressa and Dmitry Muratov awarded Nobel Peace Prize,,,,23,Bharat Electronics Ltd,irrelevant,"Nobel Peace Prize award to journalists, not related to a specific company or stock performance"
28755006,"Sensex rallies for 2nd day; Reliance, Infosys, TCS surge",,,,1,Reliance Industries Ltd,relevant,"Mentions specific stocks (Reliance, Infosys, TCS) surging, which impacts their financials and stock prices"
24129672,Cotrydnichestvo belarysi i rossii v ramkah coyuznogo gosydarstva obsydili n,,,,23,Bharat Electronics Ltd,irrelevant,"Title discusses cooperation between Belarus and Russia in a general context, not specifically about a company's actions, financials, or stock performance"
28249849,Nobel Prizes Winners 2021 | Nobel Prize Female Scientists,,,,23,Bharat Electronics Ltd,irrelevant,The article is a general list of Nobel Prize winners and does not primarily focus on a specific company
28758370,This Groundbreaking New Taco Bell Location Is Opening Its Doors Tomorrow,,,,23,Bharat Electronics Ltd,irrelevant,"The article is about a new Taco Bell location, but it's a consumer/lifestyle piece and not primarily focused on the company's business or financials"
27594735,New York Mets shortstop Francisco Lindor buys $3.5M Bella Collina estate in Montverde,,,,23,Bharat Electronics Ltd,irrelevant,The article is about a sports figure's personal real estate purchase and has no connection to a company's business or financials
22165886,Opere au pied dembele forfait avec les diables rouges,,,,23,Bharat Electronics Ltd,irrelevant,The article appears to be a sports news piece in French and does not mention a specific company
31332054,Nobel Prize in medicine goes to American duo for their discovery of microRNA,,,,23,Bharat Electronics Ltd,irrelevant,The article is a general news piece about the Nobel Prize in medicine and does not primarily focus on a specific company
31331070,Nobel Prize awarded to AI protein researchers,,,,23,Bharat Electronics Ltd,irrelevant,"Nobel Prize awarded to AI protein researchers — article is about a general scientific achievement, not specifically about a company"
27597501,Rated Sri Lankan corporates less exposed to sovereign than banks: Fitch Ratings,,,,16,ITC Ltd,irrelevant,"Rated Sri Lankan corporates less exposed to sovereign than banks: Fitch Ratings — article is primarily about Fitch Ratings, not the corporates being rated"
20732024,Fitch rates wicomico county md 20,,,,16,ITC Ltd,irrelevant,"Fitch rates wicomico county md 20 — article is about a rating by Fitch, not about a specific company"
18369679,Sibel colak ailesine not birakip intihar etti 1003005,,,,23,Bharat Electronics Ltd,irrelevant,"Sibel colak ailesine not birakip intihar etti 1003005 — non-English text, appears to be a news article about an individual incident, not a company"
31333892,Hentbol Kad&#x131;nlar S&#xFC;per Lig'de G&#xF6;rele Belediyespor'un Zaferi,,,,23,Bharat Electronics Ltd,irrelevant,"Hentbol Kad&#x131;nlar S&#xFC;per Lig'de G&#xF6;rele Belediyespor'un Zaferi — non-English text, appears to be a sports news article, not about a company"
18375192,E411 auto estrada luxemburgo bruxelas bloqueada por manifestac o de agricultores belgas 55d428560c88b46a8ce5e933,,,,23,Bharat Electronics Ltd,irrelevant,"Article about a roadblock in Luxembourg due to a farmer's protest, not related to a specific company's financial news"
28249656,"ASIA/PHILIPPINES - The Bishops: the Nobel Peace Prize awarded to journalist Maria Ressa, a sign of hope for the future",,,,23,Bharat Electronics Ltd,irrelevant,"Article about a Nobel Peace Prize awarded to a journalist, not related to a specific company's financial news"
24126805,You leave my husband alone elaine chao mitch mcconnell confronted over family separations 1873762,,,,16,ITC Ltd,irrelevant,"Article about a confrontation over family separations, not related to a specific company's financial news"
28249324,Reliance New Energy Solar acquires Norway-based REC Solar for $771 million,,,,1,Reliance Industries Ltd,relevant,"Reliance New Energy Solar acquires REC Solar for $771 million, direct corporate action with financial impact"
24124466,Today in cryptocurrency bitcoin an environmental disaster squa,,,,16,ITC Ltd,irrelevant,"Article about cryptocurrency and environmental concerns, not related to a specific company's financial news"
18370904,Man arrested crawling through phoenixville taco bell drive thru window,,,,23,Bharat Electronics Ltd,irrelevant,"Single employee incident at a local Taco Bell, not material to the company"
20738653,Goldman belaesst gea group auf neutral ziel 52 euro 4536457,,,,23,Bharat Electronics Ltd,relevant,Goldman Sachs analyst action on a specific company's stock price target
22160913,Buzo dice acero bilbao titanic habria permitido recuperar barco 6044388,,,,17,Titan Company Ltd,irrelevant,Article not related to a specific company's business or financials
31332836,Medizin-Nobelpreis geht an die Entdecker der microRNA,,,,23,Bharat Electronics Ltd,irrelevant,"General news about a Nobel Prize, not related to a specific company's business or financials"
22162320,Litovcy s vozdushnogo shara pokazali chlenu evrokomissii belaes,,,,23,Bharat Electronics Ltd,irrelevant,"Article not related to a specific company's business or financials, appears to be political or general news"
20739456,Oddo seydler belaesst fmc auf buy ziel 95 euro 0616240,,,,23,Bharat Electronics Ltd,relevant,"Analyst firm Oddo Seydler upgrades FMC to 'buy' with a target price of 95 euros, directly impacting FMC's stock"
28249506,2 scientists share 2021 Nobel Prize in Chemistry - People's Daily Online,,,,23,Bharat Electronics Ltd,irrelevant,"Nobel Prize announcement is primarily about the scientists, not related to a specific company's business news"
31331038,"A Spellbinding Night Awaits: Buffalo Rising's 11th Annual Witches Ball Returns To The Statler Hotel for a Massive Celestial Celebration on Sat, Oct 26",,,,16,ITC Ltd,irrelevant,Event announcement is about a celebration and does not contain business news related to a specific company
27593560,"Lukashenko: Belarus, unlike Russia, will not get on its knees in front of business",,,,23,Bharat Electronics Ltd,irrelevant,"Quote from Lukashenko is about geopolitics and economics in general, not specifically about a company's business news"
18373488,Who to believe snowy farmers almanac or noaas warm el ninoey blob 321966281,,,,23,Bharat Electronics Ltd,irrelevant,Discussion about weather forecasts does not contain business news related to a specific company
28756778,Litchfield Hills Road Race ready to get 'back to normal' this weekend,,,,16,ITC Ltd,irrelevant,"Local event announcement, no business impact or company mentioned"
18370638,City bears down beltzhoover blight,,,,23,Bharat Electronics Ltd,irrelevant,"Local community issue, no specific company or business impact mentioned"
28247376,Mar&#xED;a Ressa y Dmitri Muratov son Premio Nobel de la Paz 2021,,,,23,Bharat Electronics Ltd,irrelevant,"News about Nobel Peace Prize winners, no business or company mentioned"
27597066,Price Of Bitcoin Hits High As Two More Financial Giants Add Crypto Support,,,,16,ITC Ltd,irrelevant,"Article about Bitcoin price and general crypto market, mentions financial giants but not a specific company as the subject"
20738375,Ukraine should not have returned belavia flight belarus aviation official,,,,23,Bharat Electronics Ltd,irrelevant,"Geopolitical news about Ukraine and Belarus, no specific company mentioned"
31333908,Nobel Prize in Economics awarded to LSE alumni Daron Acemoglu and James Robinson,,,,23,Bharat Electronics Ltd,irrelevant,"The article is about the Nobel Prize in Economics, mentioning LSE alumni but not specifically about the alumni or LSE"
27596213,"Modular Switch Market Analysis by Products and Applications | Anchor Electricals, Havells India, Honeywell Electrical Devices and Systems India &#x2013; KSU",,,,16,ITC Ltd,irrelevant,"The article is a market analysis of the Modular Switch Market, mentioning several companies including Havells India, but not primarily about any of them"
28756317,Mitchell City Council to consider doubling monthly fines for residents still lacking smart water meter,,,,16,ITC Ltd,irrelevant,"The article is about a local council decision regarding smart water meters, not related to a specific company"
27596962,Belarus leader vows to defeat 'foreign-backed rebellion' | Clacton and Frinton Gazette,,,,23,Bharat Electronics Ltd,irrelevant,"The article is about Belarus leader's statement on a rebellion, not related to a specific company"
28754204,Will We See Mexican Pizza Back in Amarillo or Really Any Taco Bel,,,,23,Bharat Electronics Ltd,irrelevant,The article appears to be a casual discussion about a food item and does not mention a specific company
20733136,2016 belmont farmers market closes,,,,23,Bharat Electronics Ltd,irrelevant,"A single local market closes, not material to a portfolio manager"
28753938,"Russia's Sberbank says India, Belarus still discuss potash deal By Reuters",,,,23,Bharat Electronics Ltd,relevant,Sberbank's discussion on a potash deal with India and Belarus is a corporate-level negotiation
31331401,Nobel Prize in literature goes to South Korean author Han Kang &#x2013; NBC10 Philadelphia,,,,23,Bharat Electronics Ltd,irrelevant,The Nobel Prize in literature has no direct business impact on any company
28757441,"Business News | Sensex Rallies for 2nd Day; Reliance, Infosys, TCS Surge",,,,1,Reliance Industries Ltd,irrelevant,"The article is about overall market trends, not specifically about a company's business"
22169880,Brokerages anticipate titan international inc twi will announce earnings of 0 09 per share updated updated updated,,,,17,Titan Company Ltd,relevant,Earnings announcement expectation for Titan International Inc. (TWI) is a direct financial result
27592485,Belarusian diaspora in Russia concerned about events in Belarus,,,,23,Bharat Electronics Ltd,irrelevant,"Article is about the Belarusian diaspora's concerns, not primarily about a specific company"
27598972,ITC Ltd Q3FY21 consolidated PAT declines QoQ to Rs. 3526.55 crore,,,,16,ITC Ltd,relevant,"ITC Ltd's Q3FY21 financial results are reported, directly impacting investors"
28753322,Faits divers. Isabelle Balkany souffre d'un cancer du poumon,,,,23,Bharat Electronics Ltd,irrelevant,"Article is about Isabelle Balkany's health issue, not related to a company"
22159705,Infosys infy receiving somewhat favorable press coverage analysis finds,,,,10,Infosys Ltd,irrelevant,Analysis of Infosys' press coverage is not a material business development or financial result
28762478,"Akron Man Joins ""Saved by the Belt"" Club",,,,23,Bharat Electronics Ltd,irrelevant,"Local incident about an individual, not related to a company"
28758669,Campbell Soup (CPB) Gains Post Earnings On Sustained Demand and Improved Supply,,,,23,Bharat Electronics Ltd,relevant,"Campbell Soup's stock gains after earnings due to sustained demand and improved supply, directly impacting the company's financials and stock price"
20733446,Wipro adrs fall 1 41 nyse over weak q2 results q3 guidance 700737,,,,35,Wipro Ltd,relevant,"Wipro's ADRs fall after weak Q2 results and Q3 guidance, directly impacting the company's financials and stock price"
27594998,The story behind Scotland's witch hunt and trials,,,,16,ITC Ltd,irrelevant,"Article about Scotland's witch hunt and trials, no connection to a specific company or financial news"
28246624,India s first 7 eleven store opens in deal with reliance industries,,,,1,Reliance Industries Ltd,relevant,"7-Eleven's first store opening in India through a deal with Reliance Industries, indicating a corporate action and partnership"
27592982,Opinion: Political rhetoric over BelNPP belies EU-Belarus technical cooperation,,,,23,Bharat Electronics Ltd,irrelevant,"Opinion piece about EU-Belarus technical cooperation, mentioning BelNPP but not a company-specific news or financial impact"
28250173,Nobelovu cenu za ekon&#xF3;miu z&#xED;skali D. Card a J. D. Angrist a G. W. Imbe | Spravodajstvo | &#x10C;l&#xE1;nky,,,,23,Bharat Electronics Ltd,irrelevant,"The article appears to be about the Nobel Prize in Economics, not specifically about a company"
22170086,Dte energy co dte stake maintained by sunbelt securities inc,,,,23,Bharat Electronics Ltd,irrelevant,"The article mentions DTE Energy but only in the context of a stake being maintained by a securities firm, not a material company development"
22169810,Amid takeover reports abercrombie fitch flies on eagles wings,,,,16,ITC Ltd,relevant,"The article is about Abercrombie & Fitch stock movement amid takeover reports, indicating a potential corporate action"
27592309,Fitch Lower Risks For Redit Metrics Of Indian Oil Marketing Firms-ANI,,,,16,ITC Ltd,irrelevant,"The article discusses Fitch's assessment of Indian oil marketing firms in general, not specifically about one company's financials or operations"
31332086,'Christmas At Belmont' To Stream Live On Amazon Music For The First Time,,,,23,Bharat Electronics Ltd,irrelevant,"The article is about a streaming event on Amazon Music, not a material company announcement or financial development"
27598109,"Fitch unit slashes Malaysia's 2021 GDP forecast by half due to runaway Covid-19 cases, MCO | Malaysia",,,,16,ITC Ltd,irrelevant,"Article discusses Fitch unit's forecast for Malaysia's GDP, not specifically about a company"
24122972,Ce attends lindau nobel laureate meeting,,,,23,Bharat Electronics Ltd,irrelevant,Article appears to be about a meeting and does not mention a specific company
28246975,Krieg und Klima - Friedensnobelpreistr&#xE4;ger wird verk&#xFC;ndet - Ausland,,,,23,Bharat Electronics Ltd,irrelevant,Article seems to be about general news and does not mention a specific company
20739280,Portobello high school gives old desks to ghana schools 1 4262360,,,,23,Bharat Electronics Ltd,irrelevant,"Article discusses a school giving desks to another school, not related to a company's business"
28247481,India's Reliance swoops on solar capacity as part of net zero goal By Reuters,,,,1,Reliance Industries Ltd,relevant,"Article is about India's Reliance and its actions to achieve a net zero goal, directly related to the company's business"
28247326,Prix Nobel de la paix 2021: Les journalistes Maria Ressa et Dmitry Muratov r&#xE9;compens&#xE9;s,,,,23,Bharat Electronics Ltd,irrelevant,"The article is about the 2021 Nobel Peace Prize winners, Maria Ressa and Dmitry Muratov, and does not mention any specific company."
27596643,An interview with Belgium international Christian Kabasele &#x2013; Roar News,,,,23,Bharat Electronics Ltd,irrelevant,"The article is an interview with a football player, Christian Kabasele, and does not mention any specific company."
20739629,Fitch affirms arbor multifamily lending llcs cmbs servicer ratings 2016 10 28,,,,16,ITC Ltd,relevant,"The article is about Fitch affirming ratings for Arbor Multifamily Lending LLC, which is a specific company in the financial industry."
24131227,Belgiytsy razgromili sbornuyu tunisa i vyshli v pley off chm 2018 80900,,,,23,Bharat Electronics Ltd,irrelevant,"The article appears to be about a sports event, specifically a football match between Belgium and Tunisia, and does not mention any specific company."
31333270,Shpallen fituesit e &#xE7;mimit Nobel n&#xEB; mjek&#xEB;si 2024/ Dy shkenc&#xEB;tar&#xEB;t amerikan&#xEB; vler&#xEB;sohen p&#xEB;r zbulimin e mikroRNA &#x2013; Almakos.com,,,,23,Bharat Electronics Ltd,irrelevant,"The article is about the Nobel Prize in Medicine and two American scientists, and does not mention any specific company."
28756748,Investegate |Provincia di Trento Announcements | Provincia di Trento: Great Start for the Festival of Economics in Trento,,,,42,Trent Ltd,irrelevant,"The article is about a festival of economics in Trento, with no clear connection to a specific company's financial news or actions."
27596236,"Trump calls former ally Mitch McConnell a 'dour, sullen, unsmiling political hack'",,,,16,ITC Ltd,irrelevant,The article is about a political statement made by Trump and has no clear connection to a specific company's financial news or actions.
20733849,Fitch upgrades gilbert azs revs aaa outlook,,,,16,ITC Ltd,irrelevant,"The article is about a credit rating upgrade for the city of Gilbert, AZ, but does not mention a specific company being analyzed; it seems to be about a municipal bond rating."
20734760,Ritchie bros auctioneers to host third quarter 2016 earnings conference call on november 10 2016 2016 10 27,,,,16,ITC Ltd,relevant,"The article is about Ritchie Bros. Auctioneers hosting an earnings conference call, directly related to the company's financial performance and communication with investors."
20733471,1184291 sbu razvernula samolet belavia letevshiy minsk,,,,23,Bharat Electronics Ltd,irrelevant,"The article appears to be in a different language and seems to discuss an incident involving a plane operated by Belavia, which does not clearly relate to a specific company's financial news or actions as a subject."
20732938,Ismail kadare deshton edhe nje here bob dylan fiton cmimin nobel per letersi,,,,23,Bharat Electronics Ltd,irrelevant,"Article appears to be about literary awards, not related to a specific company's business or financial news"
27592787,"Switchback Energy Acquisition Corporation Reminds Stockholders to Vote in Favor of the Business Combination with ChargePoint, Inc.",,,,16,ITC Ltd,relevant,"Article is about a business combination and stockholder voting, directly related to ChargePoint, Inc.'s corporate actions"
22164386,Rusya tahil birligi ne turkiye ye bugday sevkiyatinin kisitlanmasina iliskin belge ulasmadi h955143,,,,23,Bharat Electronics Ltd,irrelevant,Article appears to be about international grain shipments and does not directly relate to a specific company's business or financial news
24127252,Business briefs president trump ihop miss america taco bell,,,,23,Bharat Electronics Ltd,irrelevant,"Article mentions several companies (IHOP, Taco Bell) in a brief, passing context, likely for entertainment or general business news, not focused on a single company's material events"
22161611,Mr and miss lhs crowned with rebelee court 11165212,,,,23,Bharat Electronics Ltd,irrelevant,"Article appears to be about a local beauty pageant, not related to a specific company's business or financial news"
22163220,Thousands join irish language act march in belfast 35736910,,,,23,Bharat Electronics Ltd,irrelevant,The article is about a march in Belfast and does not mention a specific company.
18378313,31269 bupati sintang resmikan pra operasional bandara tebelian,,,,23,Bharat Electronics Ltd,irrelevant,The article appears to be about the inauguration of an airport in Indonesia and does not mention a specific company.
22169392,Bitcoin alternative dnotes prepares to introduce dnotes 20 upgrade,,,,16,ITC Ltd,relevant,"The article is about DNotes, a cryptocurrency, preparing to introduce an upgrade, which is a material development for the company behind DNotes."
18375654,Postulan nuevamente al papa francisco para el nobel de la paz 20150818 0012,,,,23,Bharat Electronics Ltd,irrelevant,The article is about a request for Pope Francis to receive the Nobel Peace Prize and does not mention a specific company.
28246788,Journalist Maria Ressa of the Philippines and Dmitry Muratov of Russia win 2021 Nobel Peace prize,,,,23,Bharat Electronics Ltd,irrelevant,The article is about the winners of the 2021 Nobel Peace Prize and does not mention a specific company.
20731356,38520 titan airways to begin london gambia flights this october,,,,17,Titan Company Ltd,relevant,"Titan Airways announces new flight route, a corporate action"
20738799,Jefferies belaesst sap auf underperform ziel 63 50 euro 9123739,,,,23,Bharat Electronics Ltd,relevant,"Jefferies analyst downgrades SAP to underperform, an analyst action on the company"
20735820,Wipro provide energy management services speciality restaurants 701883,,,,35,Wipro Ltd,relevant,"Wipro provides energy management services to a client, a business partnership or contract"
27599193,Belarusians will get coronavirus vaccines for free,,,,23,Bharat Electronics Ltd,irrelevant,"Article about free coronavirus vaccines for Belarusians, not primarily about a company"
24127697,Bella hadid crashes a high school prom in a juicy tracksuit see the pics 104986,,,,23,Bharat Electronics Ltd,irrelevant,"Article about Bella Hadid's personal life, not related to business or finance"
28247778,Dos periodistas obtienen el Premio Nobel de la Paz,,,,23,Bharat Electronics Ltd,irrelevant,"The article is about the Nobel Peace Prize winners, not related to a specific company"
31333068,Entdeckung der microRNA: Nobelpreis f&#xFC;r Medizin geht an US-Genforscher,,,,23,Bharat Electronics Ltd,irrelevant,"The article is about the Nobel Prize in Medicine, not related to a specific company"
31333062,Premiul Nobel pentru descoperirea microARN-ului,,,,23,Bharat Electronics Ltd,irrelevant,"The article is about the Nobel Prize for the discovery of microARN, not related to a specific company"
31334035,Reliance Retail's Tira launches luxury skincare brand Augustinus Bader in India,,,,1,Reliance Industries Ltd,relevant,"Reliance Retail's Tira launches a new luxury skincare brand, a corporate action related to Reliance Retail"
18369467,Fitch affirms classes capital auto receivables asset,,,,16,ITC Ltd,relevant,"Fitch affirms classes of capital auto receivables asset, a credit rating action related to a specific asset"
31332375,El Nobel de Medicina es para dos estadounidenses por el micro-ARN y su papel en regulaci&#xF3;n g&#xE9;nica,,,,23,Bharat Electronics Ltd,irrelevant,"The article is about the Nobel Prize in Medicine, not related to any specific company"
31331323,La surcoreana Han Kang nueva Nobel de Literatura,,,,23,Bharat Electronics Ltd,irrelevant,"The article is about the Nobel Prize in Literature, not related to any specific company"
28759808,"Belkin Revamps SOUNDFORM&#x2122; Audio Portfolio With New Colors, R...",,,,23,Bharat Electronics Ltd,relevant,"The article is about Belkin's new product announcement, which is a corporate action related to the company's product portfolio"
28756464,Campbell Soup Co. Announces Advance In Q3 Profit,,,,23,Bharat Electronics Ltd,relevant,"The article is about Campbell Soup Co.'s financial performance, specifically an increase in Q3 profit, which is a financial result"
20730697,Activists executions resume belarus 42770862,,,,23,Bharat Electronics Ltd,irrelevant,"The article is about activist executions in Belarus, not related to any specific company"
31333856,Prix Nobel de M&#xE9;decine : la d&#xE9;couverte des microARN couronn&#xE9;e - A la une,,,,23,Bharat Electronics Ltd,irrelevant,"The article is about the Nobel Prize in Medicine, but does not mention a specific company"
27592760,Welcome to Marbella: Spanish-inspired hotel set to open on Dubai's World Islands,,,,23,Bharat Electronics Ltd,irrelevant,"The article is about a hotel opening, but does not mention a specific company related to the hotel"
24122974,Bel air volunteer firefighters rescue puppy dog whose head was stuck in broken glass,,,,23,Bharat Electronics Ltd,irrelevant,"The article is about a local incident involving volunteer firefighters, no company mentioned"
31332854,Nobel w dziedzinie medycyny przyznany. Zdobywca ma polskie pochodzenie,,,,23,Bharat Electronics Ltd,irrelevant,"The article is about the Nobel Prize in Medicine, but does not mention a specific company"
20730906,Bob dylan raih nobel sastra 2016 382183,,,,23,Bharat Electronics Ltd,irrelevant,"The article is about Bob Dylan winning the Nobel Prize in Literature, no company mentioned"
27593422,Lukashenko: Belarus will remain committed to its role as a donor of stability,,,,23,Bharat Electronics Ltd,irrelevant,The article is about a political statement by Lukashenko and does not mention a specific company or financial information
31332149,Metaplanet Shares Surge 15.7% After $6.7 Million Bitcoin Purchase,,,,16,ITC Ltd,relevant,"The article is about Metaplanet's purchase of Bitcoin and the subsequent surge in shares, which is a financial and market-related news"
28758636,Taco Bell has a new floating restaurant that delivers tacos from the sky. Here's how it works,,,,23,Bharat Electronics Ltd,irrelevant,The article is about Taco Bell's new marketing stunt and does not contain any material business or financial information
20731787,Nobelevskiy komitet obyasnil pochemu prisudil premiyu bobu 13102016160400,,,,23,Bharat Electronics Ltd,irrelevant,The article appears to be in a different language and does not seem to be related to a specific company or financial information
18375973,Fitch affirms scholar funding trust 2012 b outlook stable 2015 08 18,,,,16,ITC Ltd,irrelevant,"The article is about a credit rating affirmation by Fitch, but it does not seem to be related to a specific company (the name is not provided) and appears to be about a trust"
28249134,"Looking back at the remarkable history of the Nobel Prize from 1901-2021 using maps, charts, and tables | American Enterprise Institute",,,,23,Bharat Electronics Ltd,irrelevant,The article is a historical overview of the Nobel Prize and does not mention any specific company or financial news
20732341,Sbu denies info threat scramble fighters return belavia aircraft airport,,,,23,Bharat Electronics Ltd,irrelevant,"The article appears to be about a specific event or incident involving Sbu, Belavia, and an airport, but it is unclear and does not seem to be primarily about a company's financial news or actions"
24114320,The supreme court that mitch mcconnell rigged upheld trumps travel ban,,,,16,ITC Ltd,irrelevant,The article is about a Supreme Court decision regarding Trump's travel ban and does not mention any specific company or financial news
24119773,Afp 120382 l ex pdg de carrefour rejoint une banque d affaires belge,,,,23,Bharat Electronics Ltd,relevant,"The article mentions that a former CEO of Carrefour is joining a Belgian investment bank, which could be relevant to Carrefour's strategy or leadership"
27593299,"Number of confirmed coronavirus cases in Belarus exceeds 269,000",,,,23,Bharat Electronics Ltd,irrelevant,The article reports on the number of coronavirus cases in Belarus and does not mention any specific company or financial news
18377373,Fitch withdraws s t ratings on pennsylvania infrastructure investment a,,,,16,ITC Ltd,irrelevant,"The article is about Fitch withdrawing ratings on a Pennsylvania infrastructure investment, not primarily about a specific company"
31333310,Medizin-Nobelpreis geht in die USA,,,,23,Bharat Electronics Ltd,irrelevant,"The article is about the Nobel Prize in Medicine going to someone in the USA, not related to a specific company"
31333524,Trio win economics Nobel for work on wealth inequality,,,,23,Bharat Electronics Ltd,irrelevant,"The article is about the Nobel Prize in Economics being awarded to individuals for work on wealth inequality, not related to a specific company"
24126639,Trimesechna pauza prodolzhuva tehnichkiot dijalog belgrad 18,,,,23,Bharat Electronics Ltd,irrelevant,The article appears to be in a non-English language and does not seem to be related to a specific company
28752315,HG Semiconductor Enters into Cooperation Framework Agreement with China Titans Energy &#x2013; IT Business Net,,,,17,Titan Company Ltd,relevant,"The article is about HG Semiconductor entering into a cooperation framework agreement with China Titans Energy, which is a corporate action"
24127254,Mitch mcconnell why cant the mueller investigation finally wrap up,,,,16,ITC Ltd,irrelevant,"Article is about politics and the Mueller investigation, not related to a specific company's stock or business"
27594243,EU considers power import restrictions over Belarus nuclear safety fears,,,,23,Bharat Electronics Ltd,irrelevant,"Article is about EU policies and Belarus nuclear safety, not related to a specific company's stock or business"
27593318,"Belarus' COVID-19 update: 1,134 new cases, 1,028 recoveries",,,,23,Bharat Electronics Ltd,irrelevant,"Article is about COVID-19 updates in Belarus, not related to a specific company's stock or business"
28758469,Press release: Rangers Mart&#xED;n P&#xE9;rez wins AL Pitcher of the Month for May 2022,,,,16,ITC Ltd,irrelevant,"Article is about a sports award, not related to a specific company's stock or business"
27592575,World. Lukashenko Asked the West Not to Tell Belarus How to Live,,,,23,Bharat Electronics Ltd,irrelevant,"Article is about politics and Lukashenko's statement, not related to a specific company's stock or business"
24131103,Ya no mas calles flechadas en bella union,,,,23,Bharat Electronics Ltd,irrelevant,"The article appears to be about a local traffic change in Bella Union, with no clear connection to a specific company's stock or business operations"
20733020,Nobel per la letturatura bob dylan il primo 144527288,,,,23,Bharat Electronics Ltd,irrelevant,"The article is about Bob Dylan winning the Nobel Prize in Literature, which is not related to business or financial news"
28246410,"Abdulrazak Gurnah Nobel prize a 'victory for Tanzania and Africa,' says govt",,,,23,Bharat Electronics Ltd,irrelevant,"The article discusses Abdulrazak Gurnah winning the Nobel Prize and its implications for Tanzania and Africa, which is not related to business or financial news"
28250295,"Maria Ressa le dedic&#x103; ""tuturor jurnali&#x15F;tilor"" Premiul Nobel pentru Pace",,,,23,Bharat Electronics Ltd,irrelevant,"The article is about Maria Ressa dedicating her Nobel Peace Prize to journalists, which is not related to business or financial news"
27596347,"M5S, al via il voto sul direttorio. Fiducia, si continua a trattare per far rientrare i ribelli",,,,23,Bharat Electronics Ltd,irrelevant,"The article appears to be about Italian politics, specifically the M5S party's internal vote, with no clear connection to a specific company's stock or business operations"
22166766,Belmont town day draws crowdsand camels,,,,23,Bharat Electronics Ltd,irrelevant,Local event with no business impact or company-specific news
24113975,La bitcoineta una iniciativa que acerca la criptomoneda a la gente,,,,16,ITC Ltd,irrelevant,"Article about a cryptocurrency initiative, not specifically about a company"
18372098,Hr director of bel conferred distinguished fellow of institute of directors 115081800791 1,,,,23,Bharat Electronics Ltd,relevant,HR director of a company (Bel) conferred distinguished fellow of Institute of Directors
20734292,Fitch ratings downgrades sedgwick county ks idr,,,,16,ITC Ltd,relevant,"Fitch ratings downgrades Sedgwick County, KS IDR - direct financial impact"
31331133,Google DeepMind cofounder Demis Hassabis' Nobel Prize win shows the promise of AI in science,,,,23,Bharat Electronics Ltd,irrelevant,"Article about Google DeepMind cofounder, not primarily about Google or its business"
18376415,55241 specsluzhby belarusi raskryli kanal verbovki naemnikov na donbass,,,,23,Bharat Electronics Ltd,irrelevant,"Article appears to be about Belarusian special services uncovering a recruitment channel for mercenaries, not related to a specific company's financial news"
24127785,Belgische studentin zoe brunet zur miss wm gewaehlt 15630910,,,,23,Bharat Electronics Ltd,irrelevant,"Article about a Belgian student being elected Miss WM, unrelated to financial news or a specific company's business"
18378408,Fitch affirms sacramento county cas pobs cops,,,,16,ITC Ltd,relevant,"Fitch affirms Sacramento County's credit rating, which could impact the county's financials and potentially affect investors"
22168048,Ppg request for akzo nobel extension under consideration dutch regulator 20170523 00761,,,,23,Bharat Electronics Ltd,relevant,"Dutch regulator considers PPG's request for extension related to Akzo Nobel, potentially impacting Akzo Nobel's business and stock"
18374331,Grain crop in belarus over 8m tonnes i 83826,,,,23,Bharat Electronics Ltd,irrelevant,"Article reports on Belarus' grain crop yield, a general economic or agricultural topic, not specifically about a company's financial news"
28754963,Titan Company receives ratings action from ICRA,,,,17,Titan Company Ltd,relevant,"Titan Company receives a ratings action from ICRA, which is a credit rating change"
31331096,"Reliance Industries Bonus Issue: &#x92C;&#x94B;&#x928;&#x938; &#x936;&#x947;&#x92F;&#x930; &#x915;&#x947; &#x932;&#x93F;&#x90F; &#x930;&#x93F;&#x915;&#x949;&#x930;&#x94D;&#x921; &#x921;&#x947;&#x91F; &#x924;&#x92F;, &#x939;&#x930; &#x936;&#x947;&#x92F;&#x930; &#x92A;&#x930; &#x92E;&#x93F;&#x932;&#x947;&#x917;&#x93E; &#x90F;&#x915; &#x92B;&#x94D;&#x930;&#x940; &#x936;&#x947;&#x92F;&#x930;",,,,1,Reliance Industries Ltd,relevant,"Reliance Industries announces a bonus issue, which is a corporate action affecting shareholders"
27598660,Korbel School to Host Denver Democracy Summit | University of Denver,,,,23,Bharat Electronics Ltd,irrelevant,"Article about a university event, no connection to a company's financial news"
24124888,Belorusskij publicist zhanna kotliarova nagrazhdena diplomom iunesko,,,,23,Bharat Electronics Ltd,irrelevant,"Article about an individual receiving a diploma, no connection to a company's financial news"
20735447,10 2016 un verso una cancion un nobel,,,,23,Bharat Electronics Ltd,irrelevant,"Article appears to be about a song and a Nobel prize, no connection to a company's financial news"
27596988,D&#xFC;sseldorf: Demonstration auf dem Rathausplatz gegen Diktator Lukaschenko und f&#xFC;r Demokratie in Belarus / Aktuelles / D&#xFC;sseldorf / report-d.de,,,,23,Bharat Electronics Ltd,irrelevant,Demonstration against Lukashenko in Düsseldorf — not related to a specific company's financial news
28754382,Reliance Capital CoC to further extend resolution plan submission date,,,,1,Reliance Industries Ltd,relevant,Reliance Capital CoC extends resolution plan submission date — corporate restructuring action
27599129,Belarus to take part in Gulfood 2021 expo in Dubai,,,,23,Bharat Electronics Ltd,irrelevant,"Belarus participation in Gulfood expo — general event, no specific company news"
27593161,"Belarusian Police Mount Raids on Journalists, Activists",,,,23,Bharat Electronics Ltd,irrelevant,"Belarusian Police raids on journalists and activists — general news, not company-specific"
31331269,Prosvetni radnici u Srbiji protiv nove platforme za bele&#x17E;enje zdravstvenih podataka u&#x10D;enika,,,,23,Bharat Electronics Ltd,irrelevant,"Serbian healthcare workers protest — general news, not related to a specific company's financial news"
22158156,Tcs tech mahindra hcl wipro other it stocks fall on sell,,,,35,Wipro Ltd,relevant,"IT stocks including TCS, Tech Mahindra, HCL, and Wipro fall on sell - direct stock price movement with business reason"
18375605,Nifty hovers around 8 450 amid volatility cipla dips 2 115081800337 1,,,,44,Cipla Ltd,irrelevant,"Nifty market update with various stocks mentioned, including Cipla - macro market analysis with passing mentions"
28756840,MAD collaboratore scolastico Trento: pu&#xF2; inoltrare domanda anche chi &#xE8; in graduatoria terza fascia ATA. Punteggio servizio valutato,,,,42,Trent Ltd,irrelevant,Italian educational job posting - unrelated to business or financial news
28752671,Reliance Brands in joint venture pact with toy maker Plastic Legno,,,,1,Reliance Industries Ltd,relevant,Reliance Brands announces joint venture with toy maker Plastic Legno - corporate action with strategic partnership
18373870,Thats fire senior pics taken at taco bell go viral,,,,23,Bharat Electronics Ltd,irrelevant,Viral social media story about Taco Bell - non-material entertainment with no business impact
18372004,N3242285  fitch sube el 2623393brating2623393b de grecia tras el acuerdo sobre el tercer rescate,,,,16,ITC Ltd,irrelevant,"Article appears to be about Fitch's rating action on Greece, not specifically about a company"
28248453,Review of Bravo Belt Holster | The View From North Central Idaho,,,,23,Bharat Electronics Ltd,irrelevant,"Product review of a holster, not related to a company's business news"
28753819,Belarus in Focus Information Office | The EU introduces the sixth package of sanctions against Belarus amid discussion of a transit scheme for Ukrainian grain,,,,23,Bharat Electronics Ltd,irrelevant,"Article about EU sanctions on Belarus, mentions a transit scheme for Ukrainian grain, not specifically about a company's news"
28758928,"Bell Copper Corporation: Bell Copper Results of its Special General Meeting, Approval of Shareholder Rights Plan, 2022 Stock Option Plan and Grant of Stock Options",,,,23,Bharat Electronics Ltd,relevant,"Bell Copper Corporation's special general meeting results, approval of shareholder rights plan, stock option plan, and grant of stock options — corporate actions and financial news"
22169484,Indigo airline indigo air services company 117051800116 1,,,,39,InterGlobe Aviation Ltd,irrelevant,"Title appears to be incomplete or unclear, but does not suggest a specific company news or financial information"
22159552,Vitesse sur autoroutes petite congestion de trafic entre prevot et bellot,,,,23,Bharat Electronics Ltd,irrelevant,Traffic update with no business or financial impact
22170902,Alternate foreign minister katrougalos meets with deputy minister of foreign affairs of belarus kravchenko,,,,23,Bharat Electronics Ltd,irrelevant,"Diplomatic meeting between government officials, not related to a specific company's business"
18373758,Teen breaks senior portrait borders with taco bell shoot,,,,23,Bharat Electronics Ltd,irrelevant,Viral social media story about a one-off event with no business impact
24117989,Belcikadan bir skandal iddia daha,,,,23,Bharat Electronics Ltd,irrelevant,Scandal claim without clear connection to a specific company or financial news
24122226,Nokia choisit wipro pour acclrer la transformation numrique de sa chane dapprovisionnement,,,,35,Wipro Ltd,relevant,Nokia announces major IT partnership with Wipro to transform supply chain
22165998,Aldevron names biomanufacturing veteran henry hebel as new chief operating officer 2017 05 23,,,,23,Bharat Electronics Ltd,relevant,"Aldevron appoints new COO, a significant corporate leadership change"
27598106,Mitch McConnell Says He May Not Support Trump-Backed Candidates: 'The Only Thing I Care About Is Electability',,,,16,ITC Ltd,irrelevant,"Article about Mitch McConnell and Trump-backed candidates, no clear connection to a specific company's stock"
18374830,Diyarbakir belediyesporun ismi degisti 2223497,,,,23,Bharat Electronics Ltd,irrelevant,"Article appears to be about a sports team's name change, not a company relevant to financial news"
28249259,Duterte administration belatedly congratulates journalist for Nobel Peace Prize,,,,23,Bharat Electronics Ltd,irrelevant,"Article about a government administration congratulating a journalist, not related to a company's financial news"
20732365,Italian nobel winning playwright and master satirist dario fo dies,,,,23,Bharat Electronics Ltd,irrelevant,"Article about the death of a notable individual, not related to a company's financial news or stock performance"
24123967,Migranti universita trento per studenti richiedenti asilo 9f704a1d 6d94 4df4 b57c 36151fde88f2,,,,42,Trent Ltd,irrelevant,"Article appears to be about university programs for asylum seekers, no clear business impact or company mentioned"
24124846,Ciplaqcil looks to partner with uganda govt for cancer care 118061301266 1,,,,44,Cipla Ltd,relevant,"Ciplaqcil is exploring a partnership with the Uganda government for cancer care, a potential business development for the company"
27596914,Wire Belt Company of America searches for new headquarters,,,,23,Bharat Electronics Ltd,relevant,"Wire Belt Company of America is searching for a new headquarters, a corporate action with potential business implications"
27597772,8 Bell COVID-19 related deaths reported; bars can reopen at 50% capacity after data corrected,,,,23,Bharat Electronics Ltd,irrelevant,"Article reports on COVID-19 related deaths and bar reopenings, but does not appear to be primarily about a specific company"
31330682,Vontobel Holding Ltd. Reduces Holdings in Eli Lilly and Company (NYSE:LLY),,,,23,Bharat Electronics Ltd,relevant,"Vontobel Holding Ltd. changes its holdings in Eli Lilly and Company, a financial move that may impact the company's stock"
28759095,www.ladigetto.it - Romano Prodi: &#xAB;Sono molto affezionato a Trento&#xBB;,,,,42,Trent Ltd,irrelevant,"Article about Romano Prodi's affection for Trento, no business or financial relevance"
22158318,Honouring translators protecting soviet version history belarus foreign policy digest 29891,,,,23,Bharat Electronics Ltd,irrelevant,"Article about Belarus foreign policy, no clear connection to a specific company's business or financials"
28751865,"Trento, Data Confirmed the Success of the Festival | Comunicados | Edici&#xF3;n USA",,,,42,Trent Ltd,irrelevant,"Article about the success of a festival in Trento, no business or financial relevance"
20734364,A bob dylan il nobel per,,,,23,Bharat Electronics Ltd,irrelevant,"Article about Bob Dylan winning the Nobel Prize, no business or financial relevance"
20736329,Fitch rates seacoast utility auth fls water wastewater ref revs aa outlook to positive 2016 10 26,,,,16,ITC Ltd,relevant,"Fitch rates Seacoast Utility Auth FL's water/wastewater ref revs, a credit rating action with financial implications"
24115383,Tcs france paris delivery center,,,,6,Tata Consultancy Services Ltd,irrelevant,"The title appears to be about a delivery center of TCS in France, but it lacks specific business news or impact, making it unclear and likely not material"
20732514,Reliance group picks madhya pradesh for defence manufacturing 7669361,,,,1,Reliance Industries Ltd,relevant,"Reliance Group chooses Madhya Pradesh for defense manufacturing, indicating a significant business decision or investment"
28759210,Bellair Development Group proposes warehouses in Largo - Tampa Bay Business Journal,,,,23,Bharat Electronics Ltd,irrelevant,"The title mentions a proposal for warehouses by Bellair Development Group, but it seems to be more about a specific real estate or development plan rather than a company-wide strategic announcement"
31334064,"Nobel 2024: Descoperirea microARN-ului, recompensat&#x103; cu premiul Nobel pentru Medicin&#x103; &#xBB; Radio Rom&#xE2;nia Re&#x219;i&#x21B;a",,,,23,Bharat Electronics Ltd,irrelevant,"The title discusses the Nobel Prize in Medicine related to the discovery of microRNA, which does not appear to be directly related to a specific company's business news or actions"
31333975,Nobel per la Medicina 2024: Victor Ambros e Gary Ruvkun premiati per la scoperta dei microRNA,,,,23,Bharat Electronics Ltd,irrelevant,"Similar to the previous title, this discusses the Nobel Prize in Medicine for the discovery of microRNA, not directly related to a company's business news"
28758282,New York Clamps Down On Bitcoin Mining In Newly Passed Bill,,,,16,ITC Ltd,irrelevant,"Article about New York clamping down on bitcoin mining, not specifically about a company"
24129435,Vanoirbeek to head belgiums vbt,,,,23,Bharat Electronics Ltd,irrelevant,"Brief announcement of a personnel change, but no company mentioned"
20736003,Chinas debt equity swaps face implementation risks says fitch,,,,16,ITC Ltd,irrelevant,"Article about China's debt-equity swaps facing implementation risks, mentions Fitch but not a specific company"
31331351,Han Kang is first South Korean to win the Nobel Prize for literature,,,,23,Bharat Electronics Ltd,irrelevant,"Literary award to an individual, not related to a company's business or financials"
31333551,Nobel prize for medicine goes to U.S. pair for work on microRNA,,,,23,Bharat Electronics Ltd,irrelevant,"Scientific award to individuals, not related to a company's business or financials"
22169647,Miami rep carlos curbelo praises japans universal health care system after voting for obamacare repeal 9365250,,,,23,Bharat Electronics Ltd,irrelevant,"Article about a politician's statement on healthcare, not related to a specific company's stock or business"
31331361,S Korean novelist Han Kang wins Nobel for literature,,,,23,Bharat Electronics Ltd,irrelevant,"Literary award to an author, no connection to a company's financials or business news"
18375563,Fitch rates sce trust iv preference securities bbb outlook stable 2015 08 18,,,,16,ITC Ltd,relevant,"Fitch rates SCE Trust IV preference securities, directly related to a company's financials and credit rating"
20734043,2 economists share 2016 nobel prize in economics,,,,23,Bharat Electronics Ltd,irrelevant,"Nobel prize in economics awarded to economists, not related to a specific company's stock or business"
24126500,Apple store un chargeur sans fil belkin plus chic et des olloclip pour liphone x,,,,23,Bharat Electronics Ltd,irrelevant,"Article about Apple products but focused on accessories and consumer content, not material business news or financials"
31333635,Otorgan el premio Nobel de Medicina a Victor Ambros y Gary Ruvkun por el descubrimiento del microRNA,,,,23,Bharat Electronics Ltd,irrelevant,"The article is about the Nobel Prize in Medicine, not primarily about a specific company"
24127634,Infosys ltd gained for a fifth straight session today 118062600409 1,,,,10,Infosys Ltd,relevant,"Infosys Ltd's stock gained for a fifth straight session, indicating a financial market movement"
24122997,Eni ghana supports health facilities in ellembelle 134611,,,,23,Bharat Electronics Ltd,irrelevant,"The article is about Eni Ghana's CSR activity, not a material business development or financial news"
22159437,Twenty first century fox inc foxa position lowered by pitcairn co,,,,16,ITC Ltd,relevant,"Twenty-first Century Fox's position was lowered by Pitcairn Co, indicating an analyst action"
28248538,Who Will Get the Nobel Prize in Economics Tomorrow?,,,,23,Bharat Electronics Ltd,irrelevant,"The article is a speculative piece about the Nobel Prize in Economics, not related to a specific company's news"
31331679,"Han Kang, South Korean author, wins 2024 Nobel Prize in literature -",,,,23,Bharat Electronics Ltd,irrelevant,"Article about a Nobel Prize winner, not related to a specific company's stock or business"
22165410,Pemkab beltim gelar penanggulangan bencana alam,,,,23,Bharat Electronics Ltd,irrelevant,"Local news about disaster management, no mention of a company"
28751722,"Blue Belt extends to the Caribbean, as Turks and Caicos Islands join flagship marine conservation programme",,,,23,Bharat Electronics Ltd,irrelevant,"Article about a marine conservation program, not related to a specific company's stock or business"
22171023,Ppg wil meer tijd voor overname van akzonobel,,,,23,Bharat Electronics Ltd,relevant,"Article mentions a potential acquisition by Ppg of AkzoNobel, directly related to Ppg's business strategy"
18378658,2015 08 14 rodrigo arosemena sera investigado por la comision belaunde lossio noticia 826674,,,,23,Bharat Electronics Ltd,irrelevant,"Article appears to be in a different language and is about a political investigation, not related to a company's stock or business"
27596129,Lukashenko stages Belarusian 'People's Assembly' as opposition cries foul | World,,,,23,Bharat Electronics Ltd,irrelevant,"Article is about Lukashenko and a 'People's Assembly' in Belarus, not related to a specific company's financial news"
22165260,Gabelli funds llc maintains position in fly leasing ltd fly,,,,23,Bharat Electronics Ltd,relevant,"Gabelli funds maintains position in Fly Leasing Ltd, indicating a financial action related to the company"
28247414,Le Nobel de la paix&#xA0;2021 attribu&#xE9; &#xE0; deux journalistes,,,,23,Bharat Electronics Ltd,irrelevant,"Article is about the 2021 Nobel Peace Prize awarded to two journalists, not related to a specific company's financial news"
27597607,Europark rinnova la Cets al Parco Dolomiti Bellunesi Obiettivo  sostenibilit&#xE0;,,,,23,Bharat Electronics Ltd,irrelevant,"Article is about Europark renewing something at a park, not related to a specific company's financial news or primary business action"
20734290,Bob dylan  nobelpreis fuer legendaeren saenger und dichter in stockhom 7100508,,,,23,Bharat Electronics Ltd,irrelevant,"Article is about Bob Dylan's Nobel Prize, not related to a specific company's financial news"
24125101,292329 trampa v ocherednoj raz vydvinuli na na nobelevskuju premiju mira,,,,23,Bharat Electronics Ltd,irrelevant,"Article appears to be about a person being nominated for a Nobel Prize, not a company"
18369913,Live sensex drops 300 points psu banks gain cipla falls,,,,44,Cipla Ltd,irrelevant,"Article is about market trends and stock movements, but does not focus on a specific company's news"
27593923,"County teenager receives Saved by the Belt certificate | News, Sports, Jobs",,,,23,Bharat Electronics Ltd,irrelevant,"Article is about a local news story, not related to a company's business or financial news"
22158414,Abel noser solutions launches fixed income tca product portfolio managers traders,,,,23,Bharat Electronics Ltd,relevant,"Article announces a product launch by Abel Noser Solutions, which is likely to impact portfolio managers and traders"
28247975,Journalisten Maria Ressa und Dmitri Muratov erhalten Friedensnobelpreis | Tiroler Tageszeitung Online,,,,23,Bharat Electronics Ltd,irrelevant,"Article is about two journalists receiving a Nobel Peace Prize, not related to a company's business or financial news"
27594935,"Underground Mining Machinery Market SWOT Analysis by Lead Players (2021-2025) | Komatsu, Bel Company, Joy Global &#x2013; KSU",,,,23,Bharat Electronics Ltd,irrelevant,"Market analysis mentioning Komatsu as one of several lead players, not primarily about the company"
22171068,Fitch disruptive trends may roil the global auto industry 117052400838 1,,,,16,ITC Ltd,irrelevant,"Article about Fitch's view on the global auto industry, no specific company mentioned"
27595815,"Polres Belawan Ungkap Kasus Pembunuhan, Pencurian, dan Narkoba",,,,23,Bharat Electronics Ltd,irrelevant,"Local crime report, no connection to a specific company"
24123645,Arte belen premio 20180625001729 ntvo,,,,23,Bharat Electronics Ltd,irrelevant,Unclear or non-business related content
18375656,Manlio fabio beltrones,,,,23,Bharat Electronics Ltd,irrelevant,Unclear or non-business related content
28751882,Digital Packaging and Labeling Market- 31% of Growth to Originate from APAC |Evolving Opportunities with Cenveo Worldwide Ltd. & Durst Phototechnik AG|Technavio - Press Release,,,,23,Bharat Electronics Ltd,irrelevant,"The article mentions Cenveo Worldwide Ltd. but is primarily about the digital packaging and labeling market, not the company's specific business or financials."
18369529,Eintracht frankfurt kribbeln vor der premiere 13751419,,,,23,Bharat Electronics Ltd,irrelevant,"The title appears to be in German and seems unrelated to business or financial news, likely about a sports event."
28757651,La guerre en Ukraine pr&#xE9;sente des risques potentiellement significatifs pour la stabilit&#xE9; financi&#xE8;re en Belgique - Finance,,,,23,Bharat Electronics Ltd,irrelevant,"The article discusses financial stability in Belgium in relation to the Ukraine war, not a specific company's business or financials."
18372375,Paint industry impacted rupee continues depreciate akzo nobel 151004451,,,,23,Bharat Electronics Ltd,relevant,"The title mentions Akzo Nobel and a specific financial impact from the rupee's depreciation, indicating the article is about the company's financial situation."
27593566,PM criticizes foreign recommendations for economic reforms in Belarus,,,,23,Bharat Electronics Ltd,irrelevant,"The article discusses economic reforms in Belarus mentioned by the PM, not a specific company's business or financials."
18375084,Fitch latin america corporate outlooks update   colombian corporates remain resilient 2015 08 19,,,,16,ITC Ltd,irrelevant,"The article appears to be about Fitch's Latin America corporate outlooks, but it is not primarily about a specific company; it seems to be a general market update"
24129998,Reliance sees consumer business powering profits over next decade 118060701341 1,,,,1,Reliance Industries Ltd,relevant,"Reliance's consumer business outlook is mentioned, indicating a company-specific strategy or financial update"
22168014,Global system integration market 2017 wipro informatica mulesoft ericsson cgi group,,,,35,Wipro Ltd,irrelevant,"The article appears to be a general market report about system integration, mentioning several companies including Wipro, but not focusing on any one company"
22161377,International woman sues jelly belly because jelly beans have sugar 53920938,,,,23,Bharat Electronics Ltd,irrelevant,"The article is about a lawsuit by an individual against Jelly Belly, which seems to be an individual incident rather than a material event affecting the company as a whole"
28248422,Obele&#x17E;en dan mentalnog zdravlja u Beogradu,,,,23,Bharat Electronics Ltd,irrelevant,The title does not appear to be in English and does not seem to relate to a specific company or financial news
27592934,"Wipro, Telef&#xF3;nica Germany / O2 Sign IT Partnership Agreement",,,,35,Wipro Ltd,relevant,"Wipro and Telefónica Germany / O2 sign a significant IT partnership agreement, directly impacting Wipro's business"
20730720,333543 belorusskii lainer vernuli v kiev po trebovaniyu sbu,,,,23,Bharat Electronics Ltd,irrelevant,"The title appears to be in a different language and mentions a return of a liner to Kiev, with no clear connection to a specific company's stock or financials"
22158631,Fitch south african banks pressured by stagnant economy,,,,16,ITC Ltd,irrelevant,"The article discusses Fitch's view on South African banks in general, not a specific company, and is tagged to Fitch rather than the banks"
27595868,Coronacrisis: steeds meer sprake van versoepelingen in de lente - Belgi&#xEB;,,,,23,Bharat Electronics Ltd,irrelevant,"The title appears to discuss COVID-19-related easing of restrictions in Belgium, with no clear connection to a specific company's stock or financials"
31330879,Basket |  Trento travolta a Istanbul dal Bahcesehir terza sconfitta in EuroCup,,,,42,Trent Ltd,irrelevant,"The title discusses a sports game result, with no clear connection to a specific company's stock or financials"
22171409,Independiente beltran le gano defensores forres ultimo minuto,,,,23,Bharat Electronics Ltd,irrelevant,"Article appears to be about a sports game, not a company"
28246494,Abdulrazak Gurnah Wins 2021 Nobel Prize in Literature,,,,23,Bharat Electronics Ltd,irrelevant,"Article is about a literary award, not a company"
28755493,Taco Bell Opens Futuristic 2-Story Drive-Thru With Food Elevators | 101.5 KGB,,,,23,Bharat Electronics Ltd,relevant,"Article is about Taco Bell, a company, opening a new futuristic drive-thru"
28250274,"UNESCO: Le Nobel de la paix 2021, une reconnaissance du r&#xF4;le crucial des journalistes",,,,23,Bharat Electronics Ltd,irrelevant,"Article is about a peace prize and the role of journalists, not a company"
24115321,Spielinfo belgien panama,,,,23,Bharat Electronics Ltd,irrelevant,"Article appears to be about a sports game, not a company"
20731344,Raub in belgischem einkaufszentrum dutzende menschen evakuiert,,,,23,Bharat Electronics Ltd,irrelevant,"Article about a robbery in a Belgian shopping center, not related to a specific company's stock or business"
20737347,Rs iaea makes recommendations to belarusian regulator 1810165,,,,23,Bharat Electronics Ltd,irrelevant,"Article about IAEA recommendations to a Belarusian regulator, not primarily about a specific company's stock or business"
24122064,Get free taco from taco bell wednesday,,,,23,Bharat Electronics Ltd,irrelevant,"Promotional offer from Taco Bell, not a business news article about the company"
20736788,Nobel komitesi dylan a ulasamiyoruz pes ettik  735305,,,,23,Bharat Electronics Ltd,irrelevant,"Article about the Nobel Committee, not related to a specific company's stock or business"
18367912,Health officials iowa taco bell can reopen after meth lab,,,,23,Bharat Electronics Ltd,relevant,"Taco Bell location closed due to meth lab, then allowed to reopen - corporate-level incident affecting operations"
18373639,298487 3 ya konferenciya itsm belarus v minske,,,,23,Bharat Electronics Ltd,irrelevant,"The title appears to be about a conference in Belarus, but it is not clear what company it relates to, and seems to be more about an event than a specific company's news"
27593552,Lukashenko: Belarus will continue to fight corruption resolutely,,,,23,Bharat Electronics Ltd,irrelevant,"The article seems to be about Belarus' president Lukashenko discussing corruption, which does not directly relate to a specific company's financial news or actions"
28754362,Taco Bell Opens Futuristic 2-Story Drive-Thru Complete With Food Elevators | 103.7 FM 80s+,,,,23,Bharat Electronics Ltd,irrelevant,"The title discusses Taco Bell's new drive-thru concept, but given that it's from a consumer-focused source and likely discusses a product in a general sense, it seems to lean more towards consumer & lifestyle content rather than material business news"
28250896,Nobels fredspris til Maria Ressa og Dmitrij Muratov,,,,23,Bharat Electronics Ltd,irrelevant,"The title mentions the Nobel Peace Prize being awarded to Maria Ressa and Dmitrij Muratov, which does not relate to business or financial news of a company"
24122843,333053 stalo izvestno imya luchshego igroka matcha chm 2018 belgiya panama,,,,23,Bharat Electronics Ltd,irrelevant,"The title appears to discuss a sports event (best player in a match between Belgium and Panama at the 2018 World Cup), which is not related to financial news or company actions"
31331770,"Victor Ambros, Gary Ruvkun win Nobel Prize for medicine &#x2013; NBC10 Philadelphia",,,,23,Bharat Electronics Ltd,irrelevant,"Nobel Prize winners announced, no business impact or company mentioned"
28246813,Titan Shares Set New Record As It soars 10 Percent,,,,17,Titan Company Ltd,relevant,"Titan Shares surge 10%, setting new record — direct stock price movement with business reason"
24119749,Home in campbell hall destroyed by fire,,,,23,Bharat Electronics Ltd,irrelevant,"Individual home destroyed by fire, no business or company impact"
18378982,Belarussische bauarbeiter wollen wohnviertel in pskow bauen i 80806,,,,23,Bharat Electronics Ltd,irrelevant,"Belarussian construction workers plan to build housing, unclear company involvement and no direct business impact"
28756838,EU's Latest Sanctions Package Imposes Embargo on Russian Energy; Additional Restrictions On Russian and Belarusian Dealings | Kelley Drye & Warren LLP,,,,23,Bharat Electronics Ltd,irrelevant,"EU sanctions package affects Russian and Belarusian dealings, no specific company mentioned and not primarily about a named company"
22162754,Ng31 9ah severn trent water limited environmental permit application advertisement,,,,42,Trent Ltd,relevant,Severn Trent Water Limited's environmental permit application is a regulatory matter directly affecting the company's operations
18379241,Cabelas opens in west chester 13868512,,,,23,Bharat Electronics Ltd,relevant,Cabela's store opening is a corporate action indicating business expansion
31331477,"2 Local Students Among Belmont Students To Perform :Christmas at Belmont: Live from Nashville""",,,,23,Bharat Electronics Ltd,irrelevant,Local students performing at a Christmas event at Belmont has no direct business impact on the company
20737794,Kbr announces completion of landmark dyno nobel ammonia plant 2016 10 27,,,,23,Bharat Electronics Ltd,relevant,KBR's announcement of completing an ammonia plant is a significant corporate action related to its business operations
24117903,Open house to focus on iron belle trail loop on belle isle,,,,23,Bharat Electronics Ltd,irrelevant,An open house event on Belle Isle about a trail loop does not directly relate to a company's business operations or financials
27594606,Panel to probe furnace oil leakage from Titanium,,,,17,Titan Company Ltd,irrelevant,"Local incident involving a single company's facility, not material business news"
22166160,Quadruplets set to graduate from isabella high school,,,,23,Bharat Electronics Ltd,irrelevant,"Individual/local incident, not related to business or financial news"
28754194,"Research and Markets: Belgium Data Center Market Investments & Growth Opportunities 2022-2027: Schneider Electric, Rittal, STULZ, and Vertiv is Growing the Competition Among Vendors",,,,23,Bharat Electronics Ltd,irrelevant,"Market research report mentioning several companies, including Schneider Electric, but not primarily about the company"
27595368,Taco Bell At Home! Taco Chain Drops All Purpose Seasoning! | 93.1 WPOC,,,,23,Bharat Electronics Ltd,irrelevant,"Consumer/lifestyle content, product promotion, not material business news"
27596604,Bitcoin: The Top Canadian Stock to Buy for the Next Decade!,,,,16,ITC Ltd,irrelevant,Investment opinion piece not specifically about a company's stock performance or business news
24117608,Union beltran gano lo justo avanza paso firme,,,,23,Bharat Electronics Ltd,irrelevant,"The title appears to be about a sports event or a personality, not a company or financial news"
18375982,Bell to develop weapon systems for pakistani attack helicopters,,,,23,Bharat Electronics Ltd,relevant,"The title mentions a company (Bell) and a specific business contract or development, indicating a material corporate action"
18372946,Kitchen community opening office near u of m,,,,16,ITC Ltd,irrelevant,"The title appears to be about a community organization opening an office, not a company or financial news"
22169253,Fitch revises 3 state owned vietnam bank idusl4n1iq3p3,,,,16,ITC Ltd,irrelevant,"The title mentions a rating agency (Fitch) revising ratings for state-owned banks, but it seems to be tagged to the analyst firm rather than the banks being rated"
20732963,Nobelevskaya premiya 2016 komu i za chto prisudili nagradu v etom godu 227178,,,,23,Bharat Electronics Ltd,irrelevant,The title appears to be about a general news topic (Nobel Prize) and does not seem to be primarily about a specific company or financial news
18373435,298564 v belarusi ujestochili nakazanie sotnikam i desyatnikam mmm 2011,,,,23,Bharat Electronics Ltd,irrelevant,The title appears to be about Belarus and punishment for MMM ( possibly a company or organization) but lacks clear relevance to a specific company's stock or business operations
28756502,"""Zoals de Colruyt, maar veel goedkoper"": eerste Belgische filiaal van Russische prijsbreker in alle stilte geopend (Opwijk)",,,,23,Bharat Electronics Ltd,relevant,"The article seems to discuss the opening of a Russian discount store's first Belgian branch, which directly involves a company's business operation"
22161003,Prosecutors of uzbekistan and belarus sign agreement on cooperation,,,,23,Bharat Electronics Ltd,irrelevant,"The title mentions an agreement between Uzbekistan and Belarus prosecutors, which does not directly relate to a specific company's stock or business operations"
28248125,&#xC7;in'in Kripto Para ile &#x130;lgili &#x130;&#x15F;lemleri Yasaklamas&#x131;ndan Sonra Yeni Bitcoin Merkezi ABD ve Avrupa Olabilir mi?,,,,16,ITC Ltd,irrelevant,"The title discusses the potential impact of China's cryptocurrency ban on the global market, not specifically about a company's business or stock performance"
27592416,Best current accounts: First Direct brings back &#xA3;100 switching bonus,,,,16,ITC Ltd,relevant,"The article is about First Direct offering a £100 switching bonus for current accounts, which directly relates to the company's business operations and customer incentives"
28248999,Nobel de Literatura 2021 fue para el tanzano Abdulrazak Gurnah | NNDC | MUNDO,,,,23,Bharat Electronics Ltd,irrelevant,"The article is about the Nobel Prize in Literature being awarded to Abdulrazak Gurnah, with no mention of a specific company."
24127842,Detail plus d un employeur belge sur trois a des difficultes pour recruter,,,,23,Bharat Electronics Ltd,irrelevant,"The article is about recruitment difficulties in Belgium, with no mention of a specific company."
31333532,Nobelova cena za medic&#xED;nu v ruk&#xE1;ch genetikov. Z&#xED;skali ju americk&#xED; vedci Victor Ambros a Gary Ruvkun za objav mikroRNA,,,,23,Bharat Electronics Ltd,irrelevant,"The article is about the Nobel Prize in Medicine being awarded to American scientists, with no mention of a specific company."
27595045,At the All Belarusian People's Assembly: the flags of two states | Belarus in Focus Information Office,,,,23,Bharat Electronics Ltd,irrelevant,"The article is about a political event in Belarus, with no mention of a specific company."
27592739,Coal India Ltd falls around 1%,,,,29,Coal India Ltd,relevant,"The article is about a stock price movement of Coal India Ltd, a specific company, with a stated business reason."
28250640,Reliance New Energy Solar acquires REC Solar Holdings for $771 mn,,,,1,Reliance Industries Ltd,relevant,Reliance New Energy Solar acquires REC Solar Holdings for $771 mn — direct corporate action announcement
28248678,"Outside the Box: Nobel winner David Card's former students on how he bridged economics and the social sciences, created the most important 15 minutes of their day, and marked up papers with an X-Acto knife",,,,23,Bharat Electronics Ltd,irrelevant,"Article about Nobel winner David Card, not primarily about a company — individual profile"
31333999,"US duo Victor Ambros, Gary Ruvkun win Nobel medicine for microRNA discovery",,,,23,Bharat Electronics Ltd,irrelevant,US duo win Nobel medicine for microRNA discovery — not primarily about a company
18371271,Airtel vodafone reliance paytm s sharma amongst 11 get rbi s nod payment banks 18114438,,,,1,Reliance Industries Ltd,relevant,"Multiple companies (Airtel, Vodafone, Reliance, Paytm) get RBI nod for payment banks — regulatory action directly impacting listed companies"
20731820,E a internet nao percebeu porque o nobel foi para bob dylan,,,,23,Bharat Electronics Ltd,irrelevant,"Article about Nobel Prize reaction in Brazil, not primarily about a company — general news"
22163279,Belarus azerbaycan icmalari konqresi rusiyanin dovlet orqanlarina muraciet unvanlayib 1062681,,,,23,Bharat Electronics Ltd,irrelevant,The title appears to be in a non-English language and does not clearly relate to a specific company's financial news or business developments
22169611,rtp.campbell.edu,,,,23,Bharat Electronics Ltd,irrelevant,The title seems to be a URL and does not provide any information about a company's financial situation or business activities
22160386,Fitch saudi 1q deficit narrows some allowance cuts reversed 717702,,,,16,ITC Ltd,relevant,"The title mentions Fitch, a credit rating agency, and discusses a specific financial development (Saudi's 1Q deficit narrowing), which could impact a company's financial situation or investor decisions"
22165943,Belgischer reaktor tihange 1 wieder am netz 5489190,,,,23,Bharat Electronics Ltd,irrelevant,"The title mentions a Belgian reactor going back online, which could be relevant to the energy sector but does not directly relate to a specific company's financial news or business developments without further context"
18367637,Des ruches installees sur le toit du senat belge pour sensibiliser aux dangers de la mortalite des abeilles a90880,,,,23,Bharat Electronics Ltd,irrelevant,"The title discusses the installation of beehives on the roof of the Belgian Senate, which is an environmental or social initiative and not directly related to a company's financial news or business developments"
24129377,David martin to join titan international,,,,17,Titan Company Ltd,relevant,David Martin to join Titan International — executive appointment
24127680,"Nobel odullu ekonomist shiller bitcoin bir cosku salginidir,660874",,,,23,Bharat Electronics Ltd,irrelevant,Nobel economist discusses Bitcoin — not primarily about a company
22158902,Akzonobel zet chemietak in september in etalage,,,,23,Bharat Electronics Ltd,relevant,AkzoNobel to put chemical division up for sale — corporate action
28757052,Second Successful Day at Trento Festival of Economics | Comunicados | Edici&#xF3;n USA,,,,42,Trent Ltd,irrelevant,Festival of Economics announcement — not primarily about a company
20734759,1477133017 mid belarusi zayavil ukraine protest i zhdet oficialnyh izvineniy,,,,23,Bharat Electronics Ltd,irrelevant,Geopolitical news about Belarus and Ukraine — not primarily about a company
22161031,Taco bell senior portraits us 5925c86de4b0650cc0213ed2,,,,23,Bharat Electronics Ltd,irrelevant,"The title appears to be about a senior portraits event at Taco Bell, which seems like a local or individual incident, not material business news"
24116771,Nokia selects wipro accelerate supply chain digital,,,,35,Wipro Ltd,relevant,"Nokia selects Wipro to accelerate supply chain digitalization, which is a corporate action related to Nokia's operations"
18370527,Meth taco bell reopens,,,,23,Bharat Electronics Ltd,irrelevant,"The title mentions a meth incident at Taco Bell, which seems like a local or individual incident, not material business news"
31332670,Nobel prize for medicine goes to US scientists for discovery of microRNA,,,,23,Bharat Electronics Ltd,irrelevant,"The title is about the Nobel Prize in Medicine, which does not appear to be related to any specific company mentioned"
28759621,"Festival dell'economia di Trento, successo per nuova formula - Trentino AA/S",,,,42,Trent Ltd,irrelevant,"The title appears to be about a local economic festival, which does not seem to be related to any specific company or material business news"
27595786,Bell asks Canadians to stop talking,,,,23,Bharat Electronics Ltd,irrelevant,"The title appears to be about a request from Bell, but it's unclear what kind of impact this would have on a portfolio manager; seems like a non-material event or individual incident"
20738782,Akzonobel+q3+2016+resultaten+winstgevendheid+toegenomen+in+een+omgeving+van+gemengde+volumegroei+hug2049784,,,,23,Bharat Electronics Ltd,relevant,"The title mentions Q3 2016 results and increased profitability for Akzonobel, indicating a direct financial impact"
28759807,"In Congo, Belgian king tries to move past the past",,,,23,Bharat Electronics Ltd,irrelevant,"The title appears to be about a historical event involving the Belgian king in Congo, with no apparent connection to a specific company's financials or operations"
22167333,Police believe woman stole 400000 elderly patient nursing home,,,,23,Bharat Electronics Ltd,irrelevant,"The title appears to be about a crime incident involving a police investigation, with no apparent connection to a specific company's financials or operations"
27592304,Why does Bitcoin need more energy than whole countries?,,,,16,ITC Ltd,irrelevant,"The title appears to be a general information piece about Bitcoin's energy usage, with no specific company mentioned or directly impacted"
22166356,Mitsubishi electric nokia bell labs uc san diego develop worlds first ultra fast gan envelope tracki,,,,23,Bharat Electronics Ltd,relevant,Mitsubishi Electric collaborates on world's first ultra-fast GaN envelope tracking technology — significant product development
24129289,Lambassadeur de belgique en russie invite des eleves en hotellerie de,,,,23,Bharat Electronics Ltd,irrelevant,"Belgian ambassador to Russia hosts hospitality students — non-material, individual/local incident"
22157784,Tcs digital head satya ramaswamy quits,,,,6,Tata Consultancy Services Ltd,relevant,TCS digital head Satya Ramaswamy quits — executive departure that affects strategy
28753270,Fitch Assigns Ratings To A Non-QM Offering,,,,16,ITC Ltd,irrelevant,"Fitch assigns ratings to a non-QM offering — article about a financial rating, not specifically about a company"
27599024,"Tech Mahindra, Wipro inks deals with Telef&#xF3;nica Germany/O2",,,,35,Wipro Ltd,relevant,"Tech Mahindra, Wipro inks deals with Telefónica Germany/O2 — significant partnership or contract announcement"
28759128,Gallery: First-of-its-kind Taco Bell set to open in Brooklyn Park,,,,23,Bharat Electronics Ltd,irrelevant,"Article about a new Taco Bell location — individual/local incident, not material business news"
20737619,Hsbc belaesst lufthansa auf reduce ziel 7 50 euro 4863419,,,,23,Bharat Electronics Ltd,relevant,HSBC analyst downgrades Lufthansa — analyst action on the company's stock
31331308,"Other driver in crash that killed Deputy Cailee Campbell will not be ticketed, identified",,,,23,Bharat Electronics Ltd,irrelevant,Article about a car crash involving an individual — not related to a company's business
28245839,"Maria&#xA0; Ressa, Dmitry&#xA0; Muratov awarded Nobel Peace Prize",,,,23,Bharat Electronics Ltd,irrelevant,Nobel Peace Prize awards — unrelated to a specific company's business news
28754480,ServiceNow to Acquire Hitch Works to Help Customers Address Talent Gaps &#x2013; IT Business Net,,,,16,ITC Ltd,relevant,"ServiceNow acquires Hitch Works — corporate action, material business news"
24123390,Et maintenant un nobel pour donald trump et kim jong un 802691,,,,23,Bharat Electronics Ltd,irrelevant,"Article title appears to be satirical or unrelated to actual business news, mentioning a Nobel Prize for Donald Trump and Kim Jong Un, which seems improbable and not company-specific"
22160063,Uk akzo nobel m a ppg inds regulator idukkbn18j1yn,,,,23,Bharat Electronics Ltd,relevant,"The title mentions a specific company, Akzo Nobel, in the context of M&A (mergers and acquisitions) with PPG Industries, indicating a material corporate action"
28250506,Taco Bell is coming to Worksop with a free taco for first 100 customers,,,,23,Bharat Electronics Ltd,irrelevant,"The title announces the opening of a Taco Bell location in a specific town, which, while related to the Taco Bell brand, does not contain material information about the company's overall strategy, finances, or significant events"
28246956,Belgia kohus m&#xF5;istis eestlasest Euroopa tippametniku v&#xE4;gistamise eest vangi,,,,23,Bharat Electronics Ltd,irrelevant,"The title appears to discuss a legal matter involving a Belgian court and an Estonian top official, which seems unrelated to business news about a specific company"
28759206,Haven't Been Able To Get A Mexican Pizza From Tacobell?... This Is Why | 102.9 is MISS 103,,,,23,Bharat Electronics Ltd,irrelevant,"The title discusses a product availability issue with Taco Bell's Mexican Pizza, presented in a consumer-oriented tone on a radio station's website, which doesn't qualify as material business news"
22162428,"Baskan seyfi dingil ilaclama hatay buyuksehir belediyesinin gorevidir(17,n,12604349,108)",,,,23,Bharat Electronics Ltd,irrelevant,"The title appears to be a municipal or local issue discussion in Turkish, not related to a specific company's financial news or actions"
31339877,"&#x130;qtisadiyyat &#xFC;zr&#x259; ""Nobel"" m&#xFC;kafat&#x131; laureatlar&#x131; m&#x259;lum oldu",,,,23,Bharat Electronics Ltd,irrelevant,"The title mentions economics and Nobel laureates, but does not specifically focus on a company's financial news or actions"
28754124,Belkin SoundForm Immerse Earbuds pairs battery life with noise cancellation technology - General Discussion Discussions on AppleInsider Forums,,,,23,Bharat Electronics Ltd,irrelevant,The title discusses a product (Belkin SoundForm Immerse Earbuds) on a forum but does not provide financial news or company actions related to Belkin or its parent company
28756135,Obele&#x17E;avanje sedam decenija De&#x10D;ijeg kulturnog centra Beograd,,,,23,Bharat Electronics Ltd,irrelevant,"The title appears to celebrate an anniversary of a cultural center in Belgrade, not related to financial news or company actions"
31332853,Victor Ambros &#x219;i Gary Ruvkun c&#xE2;&#x219;tig&#x103; premiul Nobel pentru Medicin&#x103;,,,,23,Bharat Electronics Ltd,irrelevant,"The title announces Nobel Prize winners in Medicine, Victor Ambros and Gary Ruvkun, which is not related to a specific company's financial news or actions"
18374247,Rating+fitch+stuft+griechenland+nach+einigung+mit+glaeubigern+hoch+6662756,,,,16,ITC Ltd,irrelevant,"Article appears to be about Fitch ratings for Greece, not a specific company"
31332650,1st LD Writethru: 2024 Nobel Prize in Medicine honors 2 scientists for discovering mircoRNA,,,,23,Bharat Electronics Ltd,irrelevant,"Nobel Prize in Medicine awarded to scientists for discovering microRNA, no company mentioned"
28249250,UC Berkeley's David Card wins 2021 Nobel Prize in Economics | University of California,,,,23,Bharat Electronics Ltd,irrelevant,"Nobel Prize in Economics awarded to UC Berkeley's David Card, not about a specific company"
27592561,Sensex jumps 222 pts to fresh closing high; Reliance rallies over 4 pc,,,,1,Reliance Industries Ltd,irrelevant,"Article about stock market movement, mentions Reliance but as part of a broader market context"
18377622,Starbucks taco bell seek to hire hundreds of youths in chicago,,,,23,Bharat Electronics Ltd,irrelevant,"Starbucks and Taco Bell seeking to hire youths in Chicago, a general corporate announcement not specific to either company's financials or major actions"
27595961,"Brojni pretresi prostorija novinara, sindikalaca i drugih aktivista u Belorusiji",,,,23,Bharat Electronics Ltd,irrelevant,"Article is about a general event in Belarus, not specifically about a company"
22163808,332976  argex titanium appoints amir dallala as director and rudy laurent as interim cfo,,,,17,Titan Company Ltd,relevant,"Argex Titanium appoints new director and interim CFO, which is a corporate action"
18376567,Fitch rates capital auto receivables asset trust 2015 3 2015 08 19,,,,16,ITC Ltd,irrelevant,"Fitch rates a specific asset trust, not the company itself"
22165893,1495433795 bolshinstvo belorusov nedovolno svoim ekonomicheskim polozheniem,,,,23,Bharat Electronics Ltd,irrelevant,"Article is about general public sentiment in Belarus, not specifically about a company"
18374729,Fitch affirms insite wireless group llc secured cellular site 2013 1 re,,,,16,ITC Ltd,irrelevant,"Fitch affirms a specific secured cellular site, not the company itself"
27598516,Oil spill opens can of worms for Travancore Titanium,,,,17,Titan Company Ltd,relevant,Oil spill opens can of worms for Travancore Titanium — environmental incident directly affecting the company
28754862,Futuristic New Taco Bell Opens Less Than an Hour from St. Cloud,,,,23,Bharat Electronics Ltd,irrelevant,"New Taco Bell opens near St. Cloud — a single store opening, not material to the company"
27592659,Lukashenko: Belarus autocrat surviving protests with Soviet tactics,,,,23,Bharat Electronics Ltd,irrelevant,Article about Lukashenko and Belarus protests — not related to a specific company
24115098,Mon mark stmf mrkt tariq premji joins board of wipro enterprises 5890817 nor,,,,35,Wipro Ltd,relevant,Wipro Enterprises board appointment — corporate-level leadership change
28246532,Hugo Lloris: Partai Bergengsi Vs Belgia | Republika Online,,,,23,Bharat Electronics Ltd,irrelevant,Hugo Lloris and football — not related to a specific company
27595672,K&#xF6;lns Bornauw muss sich wohl Wirbels&#xE4;ulen-OP unterziehen,,,,23,Bharat Electronics Ltd,irrelevant,"Article about a specific player's medical issue, not material company news"
24123446,Global anti corrosion coatings market 2018 akzo nobel basf rpm international the dow chemical company 62223,,,,23,Bharat Electronics Ltd,irrelevant,"Market research report mentioning several companies, including Akzo Nobel, but not primarily about the company"
18377416,Fitch rates pitt county ncs gos aa,,,,16,ITC Ltd,irrelevant,"Fitch ratings for Pitt County, NC, not related to a specific company's financial news"
28248696,2021  October  06 | Channel5Belize.com,,,,23,Bharat Electronics Ltd,irrelevant,"No actual news content, appears to be a date-stamped placeholder or error"
27593624,Autopsy completed in investigation of Tammy Daybell's death,,,,23,Bharat Electronics Ltd,irrelevant,"Autopsy report on an individual's death, not related to a company's financial news"
28250108,Nobel de Econom&#xED;a para tres especialistas en estudios emp&#xED;ricos del mercado laboral | Internacional,,,,23,Bharat Electronics Ltd,irrelevant,"The article is about the Nobel Prize in Economics being awarded to specialists in labor market studies, with no mention of a specific company."
24127387,Belorusy po vsemu miru probezhali bolee 54 tysyach km v pomoshch solnechnym detyam,,,,23,Bharat Electronics Ltd,irrelevant,"The article appears to be about a charity event or fundraiser, with no clear connection to a specific company's business news."
27594589,"Belarus, China maintain trade momentum amid global economic decline",,,,23,Bharat Electronics Ltd,irrelevant,"The article discusses trade relations between Belarus and China, but does not focus on a specific company's financials, actions, or announcements."
20738979,El obelisco altamira ilumina la alianza contra el cancer mama,,,,23,Bharat Electronics Ltd,irrelevant,"The article seems to be about an event or awareness campaign for breast cancer, with no apparent connection to a company's business news or financials."
28248081,Muratov dedica el Nobel a los periodistas de 'Novaya Gazeta' asesinados,,,,23,Bharat Electronics Ltd,irrelevant,"The article is about a Nobel laureate's tribute to assassinated journalists, with no mention of a specific company or its business."
27595849,"Belarus Detains Dozens of Journalists, Activists",,,,23,Bharat Electronics Ltd,irrelevant,"Article about Belarus detaining journalists and activists, no mention of a specific company"
20737874,Nobeli kazanan bob dylan kayboldu haberi 1015108,,,,23,Bharat Electronics Ltd,irrelevant,"Article about Bob Dylan, appears to be a celebrity news piece, no company mentioned"
31332481,"Belpre City Council recognizes new employees | News, Sports, Jobs",,,,23,Bharat Electronics Ltd,irrelevant,"Local news about Belpre City Council recognizing new employees, no company mentioned"
28752910,Reliance-Apollo Global approaches Walgreens' Boots takeover deal,,,,1,Reliance Industries Ltd,relevant,"Article about a potential takeover deal for Walgreens' Boots, directly mentioning the company"
22166491,Dgap news raschke von knobelsdorff heiser dienstleistungsgesellschaft mbh laedt ein zur zweiten informations telefonkonferenz 1002027915,,,,23,Bharat Electronics Ltd,irrelevant,"German news about a company conference call, but the company name is not recognizable and not a well-known firm, likely a random mention"
27595867,Le plus grand centre de vaccination de Belgique ouvre ses portes aujourd'hui &#xE0; Bruxelles,,,,23,Bharat Electronics Ltd,irrelevant,"Article about a vaccination center in Belgium, not primarily about a company"
28759937,Gabelli Asset ETF (GAST) Completes Rebranding to Gabelli Automation ETF,,,,23,Bharat Electronics Ltd,relevant,ETF rebranding announcement directly impacts Gabelli Asset ETF's product offering
31334150,"El Premio Nobel de Econom&#xED;a 2024 fue otorgado a Daron Acemoglu, Simon Johnson y James Robinson",,,,23,Bharat Electronics Ltd,irrelevant,"Nobel Prize in Economics announcement, not related to a specific company"
24121360,Belorusy prodolzhayut sdavat valyutu,,,,23,Bharat Electronics Ltd,irrelevant,"Article about Belarusian currency exchange, not primarily about a company"
31331821,Victor Ambros y Gary Ruvkun ganan el Nobel de Medicina por el descubrimiento del microARN,,,,23,Bharat Electronics Ltd,irrelevant,"Nobel Prize in Medicine announcement, not related to a specific company"
22157805,Kinka mihaylova istoricheski muzey belogradchik edno ot nay starite kiliyni uchilishta se namira v selo rabisha osnovano prez 1835 godina,,,,23,Bharat Electronics Ltd,irrelevant,"The article appears to be about a historical museum in Bulgaria, not a company, and does not seem to have any financial or business implications."
28248615,Canadian David Card one of three U.S.-based economists to win Nobel Prize - Medicine Hat NewsMedicine Hat News,,,,23,Bharat Electronics Ltd,irrelevant,"The article is about a Nobel Prize winner, not a company, and does not have any direct financial or business implications for a specific company."
31332427,Nobel Prize in medicine awarded to 2 U.S. scientists who discovered microRNA,,,,23,Bharat Electronics Ltd,irrelevant,"The article is about Nobel Prize winners in medicine, not a company, and does not have any direct financial or business implications for a specific company."
24118179,Screen%e2%80%99s truepress jet l350uv passes ample industries%e2%80%99 print test with flying colors versatile uv inkjet label press positions 50 year label leader for future growth 62243,,,,23,Bharat Electronics Ltd,relevant,"The article mentions a specific company's product (Screen's Truepress Jet L350UV) and its performance in a print test, indicating a potential business or financial impact."
20730675,Bob dylan mas grande poeta vivo gana nobel literatura 2016 2172335,,,,23,Bharat Electronics Ltd,irrelevant,"The article is about a Nobel Prize winner in literature, not a company, and does not have any direct financial or business implications for a specific company."
18374674,509529 novyi hlava koktebelia prorabotal menshe 10 dnei yz za vziatochnychestva,,,,23,Bharat Electronics Ltd,irrelevant,"Article appears to be about a local incident involving a municipal official's arrest, not a company-level event"
20732228,Kilis belediyespor 1 karaman belediyespor 1 haber 505539,,,,23,Bharat Electronics Ltd,irrelevant,"Article seems to be a sports news item about a specific soccer match, not related to a company's business or financials"
28247205,Nobel Peace Prize: Kremlin lauds 'brave' journalist Muratov | Media News,,,,23,Bharat Electronics Ltd,irrelevant,"Article discusses the Nobel Peace Prize and mentions a journalist, not a company-level event or business news"
28758982,Taco Bell Opens Futuristic 2-Story Drive-Thru Complete With Food Elevators | V101.1,,,,23,Bharat Electronics Ltd,irrelevant,"Article is about a new Taco Bell location and its features, but does not contain company-level news or financial information"
18375293,Reliance airtel vodafone coming up payments banks post rbi s nod 18115410,,,,1,Reliance Industries Ltd,relevant,"Article mentions Reliance, Airtel, and Vodafone in the context of upcoming payments banks after RBI's nod, indicating a company-level development in the financial sector"
31334118,Le prix Nobel de m&#xE9;decine r&#xE9;compense les micro-ARN,,,,23,Bharat Electronics Ltd,irrelevant,"The article is about the Nobel Prize in medicine, not specifically about a company"
31330500,Andrzej Duda wyg&#x142;osi&#x142; or&#x119;dzie w Sejmie. Witczak o dealu z Kaczy&#x144;skim &#x2013; Wprost,,,,16,ITC Ltd,irrelevant,"The article appears to be about Polish politics, not a specific company"
28752574,What Makes Latest High-Tech Taco Bell the First of Its Kind for Consumer Convenience?,,,,23,Bharat Electronics Ltd,irrelevant,"The article is about a new Taco Bell location, but it's a general consumer-focused piece, not a company announcement or financial news"
27595646,Belgian Health Authorities Warn of Fake Russian Vaccines - Novinite.com,,,,23,Bharat Electronics Ltd,irrelevant,"The article is about a health warning, not specifically about a company"
27593784,Strongman Tells Loyalists Belarus Beat Foreign 'Blitzkrieg',,,,23,Bharat Electronics Ltd,irrelevant,"The article appears to be about geopolitics, not a specific company"
27598837,"Minsko teismas dviem &#x201E;Belsat"" &#x17E;urnalistams skyr&#x117; administracinio are&#x161;to bausmes",,,,23,Bharat Electronics Ltd,irrelevant,"Article about a court case involving journalists, not related to a specific company's financial news"
28246708,UC Berkeley's David Card wins 2021 Nobel Prize in economics &#x2013; India Education | Latest Education News  | Global Educational News,,,,23,Bharat Electronics Ltd,irrelevant,"Article about a Nobel Prize winner in economics, not related to a specific company's financial news"
28250705,"Filipino, Russian journalists awarded Nobel Peace Prize 202...",,,,23,Bharat Electronics Ltd,irrelevant,"Article about Nobel Peace Prize winners, not related to a specific company's financial news"
27597478,"La morosidad bancaria podr&#xED;a alcanzar el 8% el pr&#xF3;ximo a&#xF1;o, seg&#xFA;n Fitch",,,,16,ITC Ltd,irrelevant,"Article about banking morosity forecast, not specifically about a company's financial news"
28752220,Bitcoin Miners Are Selling Tokens as  Prices Linger Near Lows,,,,16,ITC Ltd,irrelevant,"Article about Bitcoin miners selling tokens, not specifically about a company's financial news"
28756828,Foxtrot hires former Taco Bell CFO | Crain's Chicago Business,,,,23,Bharat Electronics Ltd,relevant,Foxtrot hires former Taco Bell CFO — executive appointment that affects strategy
28250529,Nobel in chemistry honors pair for new way to make molecules,,,,23,Bharat Electronics Ltd,irrelevant,Nobel Prize in chemistry awarded to others — no direct business impact on named companies
28247335,Premio Nobel per la pace 2021: chi sono i giornalisti Maria Ressa e Dmitri Muratov,,,,23,Bharat Electronics Ltd,irrelevant,Nobel Peace Prize winners announced — no direct business impact on named companies
31331120,Vontobel Holding Ltd. Has $263.35 Million Stock Holdings in Zoetis Inc. (NYSE:ZTS),,,,23,Bharat Electronics Ltd,irrelevant,"Vontobel Holding's stock holdings in Zoetis Inc. — article primarily about Vontobel, not Zoetis"
27597120,What Happens To Your Body When You Eat Taco Bell,,,,23,Bharat Electronics Ltd,irrelevant,"Consumer health article about Taco Bell — lifestyle content, not business news"
18378884,34668930 fitch withdraws various deutsche bank spears lifers trust ratings 004,,,,16,ITC Ltd,relevant,Fitch withdraws ratings from Deutsche Bank trust - credit rating action directly affects Deutsche Bank
31331417,"St. Martin News Network - Demolition of Sister Marie Laurence, Charles Leopold Bell School and Library.",,,,23,Bharat Electronics Ltd,irrelevant,Demolition of a school and library - not related to a company's business or financials
28249491,Nobel Peace Prize awarded to journalists Maria Ressa and DmitryMuratov,,,,23,Bharat Electronics Ltd,irrelevant,Nobel Peace Prize awarded to journalists - not related to a company's business or financials
27596898,"Vegetable Juice Market Overview, New Opportunities and SWOT Analysis by 2025| Biotta, Campbell Soup, Naked Juice",,,,23,Bharat Electronics Ltd,irrelevant,"Market overview and SWOT analysis of vegetable juice market - mentions companies as examples, not primarily about them"
22171305,Supreme court justice rosalie abella denounces narcissistic populism,,,,23,Bharat Electronics Ltd,irrelevant,Supreme court justice comments on populism - not related to a company's business or financials
28249543,Tanzano Abdulrazak Gurnah gana el Premio Nobel de Literatura de 2021,,,,23,Bharat Electronics Ltd,irrelevant,"The article is about the Nobel Prize in Literature being awarded to Tanzano Abdulrazak Gurnah, with no mention of a company."
18379163,13082015 260507 flexa ribeiro anuncia abertura do colegio militar de belem em janeiro do proximo ano,,,,23,Bharat Electronics Ltd,irrelevant,"The article appears to be about a school opening announcement, which does not seem to be related to a company's stock or financials."
22161934,1086525 rechtszaak akzonobel zwaartepunt komende beursweek,,,,23,Bharat Electronics Ltd,relevant,"The article mentions a legal case (rechtszaak) involving AkzoNobel, which could have an impact on the company's stock or financials."
27595121,"Machthaber Lukaschenko: &#x201E;Blitzkrieg"" gegen Belarus ist gescheitert | Tiroler Tageszeitung Online &#x2013; Nachrichten von jetzt!",,,,23,Bharat Electronics Ltd,irrelevant,"The article is about politics and a statement from a leader, with no apparent connection to a specific company's stock or financials."
20730575,Ceta un accord entre parties belges a ete trouve  862610,,,,23,Bharat Electronics Ltd,irrelevant,"The article mentions an agreement (accord) between Belgian parties regarding Ceta, but does not seem to be primarily about a company's stock or financials."
18373344,Fitch seagate technologies bbb  idr unaffected by acquisition of dot hill 2015 08 19,,,,16,ITC Ltd,relevant,"Fitch rates Seagate Technologies unaffected by acquisition of Dot Hill, indicating a credit rating action related to Seagate"
28246108,Friedensnobelpreis f&#xFC;r Journalisten Maria Ressa und Dmitri Muratov,,,,23,Bharat Electronics Ltd,irrelevant,"Nobel Peace Prize awarded to journalists Maria Ressa and Dmitri Muratov, no mention of a company"
20734524,Obama felicitari catre bob dylan un nobel bine meritat pentru unul dintre poetii mei preferati 165030,,,,23,Bharat Electronics Ltd,irrelevant,"Obama congratulates Bob Dylan on Nobel Prize, no company mentioned"
18368972,Reliance communications reports standalone net loss of rs 551 00 crore in the june 2015 quarter 115081500920 1,,,,1,Reliance Industries Ltd,relevant,"Reliance Communications reports net loss for June 2015 quarter, direct financial result"
24125012,Job openings california pizza kitchen roytec open hand atlanta,,,,16,ITC Ltd,irrelevant,"Job openings at various restaurants, not related to a specific company's material news"
31333629,"A fost acordat Premiul Nobel &#xEE;n Medicin&#x103;. Doi cercet&#x103;tori americani au descoperit &#x201E;un principiu fundamental""",,,,23,Bharat Electronics Ltd,irrelevant,"The article is about the Nobel Prize in Medicine, not related to a specific company"
28247810,Lukashenko calls to take stock of Belarus-Venezuela relations,,,,23,Bharat Electronics Ltd,irrelevant,"The article is about Belarus-Venezuela relations, not related to a specific company"
24130433,Analysts say kraft deal won t work as campbell soup shares jump 1,,,,23,Bharat Electronics Ltd,relevant,The article mentions analyst comments on a deal involving Kraft and its impact on Campbell Soup's stock
28247102,"Peace Nobel for Filipino, Russian journos fighting for free press",,,,23,Bharat Electronics Ltd,irrelevant,"The article is about the Peace Nobel Prize, not related to a specific company"
20730948,Global industrial network switches market 2016 industry trends sales supply demand analysis forecast to 2021,,,,16,ITC Ltd,irrelevant,"The article is a general market analysis and forecast, not related to a specific company"
22166432,Hora razdorat dps dps miting hiljadi jebel sblasak dost 25784284,,,,23,Bharat Electronics Ltd,irrelevant,Title appears to be nonsensical or in a foreign language with no clear business relevance
18378945,Akzonobel wil stroom opslaan in lege zoutbronnen,,,,23,Bharat Electronics Ltd,relevant,AkzoNobel is mentioned and the article seems to discuss a specific business-related development (storing electricity in salt caverns)
20734386,Titan toy drive,,,,17,Titan Company Ltd,irrelevant,The title 'Titan toy drive' seems to refer to a charitable event or promotion and does not clearly imply a material business development for a specific company
22164655,Serbiya namerena sovmestno s belarusyu vykhodit na rynki tretikh stran,,,,23,Bharat Electronics Ltd,irrelevant,"The title mentions Serbia and Belarus discussing market access, but it does not clearly focus on a specific company's business news"
31334147,Wirtschaftsnobelpreis: Demokratie f&#xF6;rdert Reichtum eines Landes - Spektrum der Wissenschaft,,,,23,Bharat Electronics Ltd,irrelevant,"The article is about the Nobel Prize in Economics and its relation to democracy and wealth, not specifically about a company's business news"
20730861,333928 esche odno unikalnoe novovvedenie iv belorusskogo foruma korporativnogo yurista,,,,23,Bharat Electronics Ltd,irrelevant,"Title is not in English and appears to be a random phrase, no clear indication of company news"
22163403,Grasim industries posts q4 net profit at rs 1063 cr 2284195,,,,38,Grasim Industries Ltd,relevant,"Grasim Industries posts Q4 net profit, direct financial result"
28757968,California Pizza Kitchen to Open New Branch in India,,,,16,ITC Ltd,relevant,"California Pizza Kitchen expands with new branch in India, corporate action"
18367197,Fitch affirms one and upgrades six classes of two santander drive auto receivables trusts 2015 08 17,,,,16,ITC Ltd,irrelevant,"Fitch affirms or upgrades classes of Santander drive auto receivables trusts, not primarily about the company mentioned (Santander)"
28754847,Universal Music Group launches Virgin Music Label & Artist Services in Africa,,,,23,Bharat Electronics Ltd,relevant,"Universal Music Group launches new label and artist services, corporate action"
28755965,"Povert&#xE0;: Gruppo Abele e Abit, ""nel 2021 distribuiti 10.400 pacchi alimentari a pi&#xF9; di 100 famiglie""",,,,23,Bharat Electronics Ltd,irrelevant,"Article about food distribution by Gruppo Abele and Abit, not primarily about a company's financials or business"
22167289,Baloise belgium tour zoekt vanaf morgen opvolger voor dries devenyns,,,,23,Bharat Electronics Ltd,irrelevant,"Article about a Belgian tour seeking a successor for Dries Devenyns, not primarily about a company's financials or business"
20739267,Fitch assigns first time b idr to compania general de combustibles s a 591188,,,,16,ITC Ltd,relevant,"Fitch assigns a credit rating to Compania General de Combustibles S.A., directly impacting the company's financials"
20737887,333911 mid podtverdil chto v ukraine pilotu belavia ugrojali istrebitelyami,,,,23,Bharat Electronics Ltd,irrelevant,"Article about a pilot threat in Ukraine involving Belavia, but not primarily about the company's financials or business"
31333574,Wirtschaftsnobelpreis: Was uns wirklich reich macht,,,,23,Bharat Electronics Ltd,irrelevant,"Article about the economics of wealth, not specifically about a company"
20736909,Taco bell live mas scholarship ricarda urso,,,,23,Bharat Electronics Ltd,irrelevant,"Taco Bell scholarship mention with an individual name, not a company-wide announcement or financial news"
28757162,Taco Bell Defy to open in Brooklyn Park on June 7,,,,23,Bharat Electronics Ltd,relevant,"New Taco Bell location opening on a specific date, indicating business expansion"
28753261,Ole Miss Rebels Recruiting Tracker: New Ole Miss Target Committing Monday Night - The Grove Report &#x2013;&#xA0;Sports Illustrated at Ole Miss,,,,23,Bharat Electronics Ltd,irrelevant,"Article about Ole Miss Rebels recruiting, only mentions Taco Bell in passing or context, not primarily about Taco Bell"
20736808,"Dinar belediyesi otobus duragi yapimina basladi(17,n,12380361,585)",,,,23,Bharat Electronics Ltd,irrelevant,"Non-English article about a Turkish municipality's bus stop construction, no clear connection to Taco Bell"
31332932,Han Kang: Die Vegetarierin l Nobelpreis f&#xFC;r Literatur 2024,,,,23,Bharat Electronics Ltd,irrelevant,"Literary award announcement, no apparent connection to Taco Bell"
28248383,"Oil & Gas, Chemical & Telecom Sector - Results Preview - On Growth Trajectory - Reliance Research",,,,1,Reliance Industries Ltd,irrelevant,"Results preview for multiple sectors, not primarily about a specific company"
20740121,Fitch affirms barry university fl s revs at bbb outlook revised to negative 592211,,,,16,ITC Ltd,irrelevant,"Fitch affirms rating for Barry University, not a company"
28759741,"Billionaire Tom Siebel Warns of Inflation, Choppy Markets, Recession",,,,23,Bharat Electronics Ltd,irrelevant,"General market commentary by a billionaire, no specific company mentioned"
28247148,2021 Nobel Peace Prize: Statement by Council of Europe Secretary General,,,,23,Bharat Electronics Ltd,irrelevant,"Nobel Peace Prize statement, unrelated to business or companies"
18369926,Megaworld open 1st belmont hotel newport city 425105,,,,23,Bharat Electronics Ltd,relevant,"Megaworld opening a new hotel, a corporate action"
31333852,"Premio Nobel per la Medicina 2024, chi sono i vincitori? Vita e carriera di Victor Ambros e Gary Ruvkun, scopritori del micro Rna",,,,23,Bharat Electronics Ltd,irrelevant,"Article about Nobel Prize winners in Medicine, no mention of a specific company"
28758885,SU&#x110;ENJE BO&#x17D;IDARU STOLI&#x106;U: Prikazana Skaj komunikacija! Tu&#x17E;ilac tvrdi da je biv&#x161;i inspektor SBPOK slao Golubov&#x107;u slike Belivuka,,,,23,Bharat Electronics Ltd,irrelevant,"Article appears to be about a local scandal or lawsuit, no clear connection to a specific company"
18377112,Seria importante para toda la humanidad que el papa francisco gane el nobel de la paz 77382,,,,23,Bharat Electronics Ltd,irrelevant,"Article is a hypothetical or satirical piece about the Pope winning a Nobel Prize, not related to a specific company"
22157912,Report wipro adrs slump on the nyse company clarifies on bonus issue 2470290,,,,35,Wipro Ltd,relevant,"Wipro's ADRs (American Depositary Receipts) are slumping on the NYSE, and the company is clarifying a bonus issue"
20730326,Region belgium powers wales dreams 12076228,,,,23,Bharat Electronics Ltd,irrelevant,"Article appears to be about a sports event or match, no connection to a specific company"
28246776,Nobel de Econom&#xED;a para expertos en mercado laboral y relaciones causales,,,,23,Bharat Electronics Ltd,irrelevant,"The title appears to be about the Nobel Prize in Economics, but does not mention a specific company"
24118316,Sto tamburasa zasvirat ce na sredisnjem gradskom trgu u belom manastiru,,,,23,Bharat Electronics Ltd,irrelevant,"The title seems to be about an event in a city, but does not mention a specific company"
27593590,"Water Dissolvable Labels Market Value Share, Analysis and Segments 2021-2025 &#x2013; KSU",,,,23,Bharat Electronics Ltd,irrelevant,"The title is about a market research report on water dissolvable labels, but does not primarily focus on a specific company"
28247353,Nobel da Paz atribu&#xED;do aos jornalistas Maria Ressa e Dmitry Muratov,,,,23,Bharat Electronics Ltd,irrelevant,"The title appears to be about the Nobel Peace Prize, but does not mention a specific company"
24130388,Dartmouth hitchcock president joanne conroy named one 50 most influential,,,,16,ITC Ltd,relevant,"The title mentions the president of Dartmouth Hitchcock and an honor, which could be related to the company's leadership"
22167319,Lanka interested in belarusian military hardware,,,,23,Bharat Electronics Ltd,irrelevant,"Article mentions Belarusian military hardware as a general topic of interest for Lanka, not specifically about a company"
27592300,"Wire Mesh Belt Market Size, Key Players Analysis, Competitive Scenario, Opportunities, Development Status 2021-2026|Audubon, Wire Belt Company, Cambridge Engineered Solutions, FURNACE BELT COMPANY, M&#xC3;&#x201E;RTENS, etc &#x2013; KSU",,,,23,Bharat Electronics Ltd,irrelevant,"Market research report mentioning Wire Belt Company as one of several players in the industry, not specifically about the company's business or financials"
28754659,"Five Below 1Q Profits Fall, as Company Updates Outlook -- Earnings Review",,,,23,Bharat Electronics Ltd,relevant,Five Below's 1Q profits and updated outlook directly impact the company's stock and financial performance
24130902,Fitch abu dhabi stimulus confirms fiscal adjustment is over,,,,16,ITC Ltd,irrelevant,"Article about Fitch's analysis of Abu Dhabi's fiscal situation, not specifically about a company's financials or actions"
20739566,Controversial new nuclear plant ignites belarus al jazeera 788919,,,,23,Bharat Electronics Ltd,irrelevant,"Article about a new nuclear plant in Belarus, not specifically about a company's business or financials"
27596670,ROUNDUP 2/Belarus: Landesweite Razzien bei Menschenrechtlern und Journalisten,,,,23,Bharat Electronics Ltd,irrelevant,"The article appears to be about nationwide raids on human rights activists and journalists in Belarus, with no clear connection to a specific company's financials, operations, or stock performance."
27596606,"Air Force Pitches 'Armed Overwatch' Planes to Patrol Austere Regions, Police Africa Extremism",,,,16,ITC Ltd,irrelevant,"The article discusses the U.S. Air Force's proposal for 'armed overwatch' planes to combat extremism in Africa, which seems to be a general military and security topic without a direct link to a specific company's business or stock."
20737912,"Sivas belediyespordan bucaspora fairplay tepkisi(17,n,12380300,027)",,,,23,Bharat Electronics Ltd,irrelevant,"The title seems to be in Turkish and mentions a response from a municipality (Sivas belediyesi) regarding a fair play issue, which does not clearly relate to a specific company's financial performance, operations, or stock."
28752037,"""Belluno citt&#xE0; delle rondini"", installati ombrelli antiguano e tappetini nuovi - Bellunopress",,,,23,Bharat Electronics Ltd,irrelevant,"The article appears to be about local installations in Belluno, Italy, specifically mentioning the installation of anti-pigeon umbrellas and new mats, which seems to be a local municipal or community news item without a direct link to a company's business or stock."
18371450,Gallos blancos no puede sumar triunfo en belice,,,,23,Bharat Electronics Ltd,irrelevant,"The title, which seems to be in Spanish, mentions a sports team (Gallos blancos) and a failure to achieve a victory in Belize, which appears to be a sports news item without a clear connection to a specific company's financial performance, operations, or stock."
28751299,"Carbon County increases patrols, education after seat belt use drops dramatically in latest survey",,,,23,Bharat Electronics Ltd,irrelevant,"Local incident about seat belt use, no material impact on a company"
28755619,Un recours introduit contre le rachat de RTL Belgium par DPG/Rossel,,,,23,Bharat Electronics Ltd,relevant,Lawsuit filed against acquisition of RTL Belgium by DPG/Rossel
31330519,2024 Nobel prizes announced this week,,,,23,Bharat Electronics Ltd,irrelevant,"General announcement of Nobel prizes, no company-specific news"
18378009,Fitch affirms and withdraws peoples united financial inc and subs ratings outlook stable 2015 08 13,,,,16,ITC Ltd,relevant,Fitch affirms and withdraws ratings for Peoples United Financial Inc
22167493,Titanic belfast and odyssey expansion plans 35747732,,,,17,Titan Company Ltd,irrelevant,"Expansion plans for Titanic Belfast and Odyssey, not primarily about a listed company"
22161745,Hotel provision in belfast will find natural balance says dalata chief 35743586,,,,23,Bharat Electronics Ltd,relevant,"Dalata chief comments on hotel provision in Belfast, indicating company involvement and strategic statement"
31333691,Tibetan leadership congratulates Japanese atomic bomb survivors for winning Nobel Peace Prize,,,,23,Bharat Electronics Ltd,irrelevant,"Tibetan leadership congratulates Japanese atomic bomb survivors, no business relevance or company mention"
28754401,"Geosyn Mining leases second Bitcoin Mine Facility: 26,000 sq. ft. facility new home to second Geosyn Mine",,,,16,ITC Ltd,relevant,"Geosyn Mining leases new Bitcoin mine facility, directly impacting company's operations and growth"
28754969,Pelatih Timnas Belgia Sebut Eden Hazard Bakal Sulit untuk Bersinar Lagi,,,,23,Bharat Electronics Ltd,irrelevant,"Article about Eden Hazard's career prospects, no business relevance or company mention"
27592484,Police eject a hundred Covid rule flouters from a Marbella bar,,,,23,Bharat Electronics Ltd,irrelevant,"Report on Covid rule flouters ejected from a Marbella bar, individual/local incident with no business impact"
22170874,Goebel co furniture opens first brick and mortar showroom,,,,23,Bharat Electronics Ltd,relevant,"Goebel co furniture opens its first brick and mortar showroom, a significant corporate action"
27593375,6th Belarusian People's Congress kicks off in Minsk,,,,23,Bharat Electronics Ltd,irrelevant,"The article is about a political event in Belarus, not related to a specific company"
28753855,"Severn Trent launches &#xA3;30 million fund to help 100,000 households with bills",,,,42,Trent Ltd,relevant,"Severn Trent launches a £30 million fund to help households with bills, a material corporate action"
31332017,"La surcoreana Han Kang, primera asi&#xE1;tica en ganar el Premio Nobel de Literatura",,,,23,Bharat Electronics Ltd,irrelevant,"The article is about a literary award winner, not related to a specific company"
22161276,Belgian+financial+regulators+tightening+of+investor+protection+against+unfair+contract+terms,,,,23,Bharat Electronics Ltd,irrelevant,"The article is about financial regulators and investor protection, not specifically about a company"
18377704,Bursaspor belcikali tom de sutter ile anlasti h598943,,,,23,Bharat Electronics Ltd,irrelevant,"Article appears to be about a sports team (Bursaspor) and a player (Tom De Sutter), but the language is unclear and may not be directly related to a specific business or financial news"
18379529,Bellefontaine mom killer,,,,23,Bharat Electronics Ltd,irrelevant,Article appears to be about a crime story and does not seem to be related to a specific company or business news
31330584,20% of Indian families buy cheese once a year: Bel Group CEO Beliot,,,,23,Bharat Electronics Ltd,relevant,"Article features the CEO of Bel Group, which suggests it could be about the company's performance or strategy in the Indian market"
24122329,Bellagio shanghai redefines shanghai luxury hotel scene with its bellagio only grand celebration  3338313,,,,23,Bharat Electronics Ltd,irrelevant,Article appears to be about a hotel's event or celebration and does not seem to be related to a specific company's financial news or business announcement
18371974,El papa francisco nominado para ganar el premio nobel de la paz,,,,23,Bharat Electronics Ltd,irrelevant,Article appears to be about a general news story (Pope Francis and a Nobel Peace Prize nomination) and does not seem to be related to a specific company or business news
18372521,I194604 expertos universidad belga identifican origen celular cancer mama,,,,23,Bharat Electronics Ltd,irrelevant,"Article is about a medical research discovery, not related to a specific company's business or financials"
20731615,Wipro revenue growth disappoints too net profit down 76 1530550,,,,35,Wipro Ltd,relevant,"Wipro's revenue growth and net profit results are reported, directly impacting investors"
18379556,Fitch affirms sun life financial incs ratings outlook stable 2015 08 19,,,,16,ITC Ltd,relevant,"Fitch affirms Sun Life Financial's ratings, providing insight into the company's creditworthiness"
28249299,Medlem i norska Nobelkommitt&#xE9;n kritiseras f&#xF6;r uttalande om Greta Thunberg,,,,23,Bharat Electronics Ltd,irrelevant,"Article discusses a Norwegian Nobel Committee member's statement about Greta Thunberg, unrelated to business or financial news"
22159693,Sevi isabel san sebastian presenta marbella ultimo veran ojos 201705182200 noticia,,,,23,Bharat Electronics Ltd,irrelevant,"Article appears to be about a local event or celebrity news, not related to a specific company's business or financials"
27597797,Lindsey Graham Orders Mitch McConnell To Get In Line With Trump: 'I Know [He] Can Be A Handful' But The GOP Is Dead Without Him &#x2014; WATCH,,,,16,ITC Ltd,irrelevant,"Article is about US politics, not financial news or company updates"
18374451,Belarus und slowakei tauschen zusatzliche genehmigungen fur spediteurunternehmen aus i 80845,,,,23,Bharat Electronics Ltd,irrelevant,"Article appears to be in a non-English language and seems to be about international relations or trade, not financial news about a specific company"
20738436,38992914 mitchell announces dollar 50 million first lien term loan 256,,,,16,ITC Ltd,relevant,"Mitchell announces a $50 million first lien term loan, which is a financial action that could impact the company's stock"
31334222,"Victor Ambros, Gary Ruvkun win Nobel Prize for medicine &#x2013; NECN",,,,23,Bharat Electronics Ltd,irrelevant,"Article is about a Nobel Prize in medicine, not related to financial news or company updates"
24125573,Rebeldes sirios dizem que eua nao intervirao no sul da siria 24062018,,,,23,Bharat Electronics Ltd,irrelevant,"Article is about geopolitical events in Syria, not related to financial news or company updates"
28249540,"Premios Nobel: El novelista Abdulrazak Gurnah, Premio Nobel de Literatura 2021",,,,23,Bharat Electronics Ltd,irrelevant,"The article is about the Nobel Prize in Literature awarded to Abdulrazak Gurnah, with no mention of a specific company"
18370391,Mila kunis is 32 how wyatt isabelles gorgeous mom has transformed since,,,,23,Bharat Electronics Ltd,irrelevant,"The article is about Mila Kunis' personal life and appearance, with no mention of a specific company"
27598300,Gabelli Funds Launches Actively Managed ETF Growth Innovators (GGRW),,,,23,Bharat Electronics Ltd,relevant,"The article is about Gabelli Funds launching a new ETF, which is a financial product and directly related to the company's business"
20739278,Bellingham man pleads guilty in murder for hire 9982453,,,,23,Bharat Electronics Ltd,irrelevant,"The article is about a criminal case involving a Bellingham man, with no mention of a specific company"
18378842,Fitch publishes new issue report on salvadoreno dpr funding ltd 2015 08 14,,,,16,ITC Ltd,relevant,"The article is about Fitch publishing a report on a specific funding issue related to Salvadoreno DPR Funding Ltd, which is a financial and market-related topic"
27594626,LimaCorporate and TechMah Medical Receive Regulatory Approvals For Smart SPACE Digital Platform,,,,47,Tech Mahindra Ltd,relevant,"LimaCorporate and TechMah Medical receive regulatory approvals for their joint digital platform, directly impacting their business operations"
27592958,Buy Titan Company; Target Of Rs 1830: ICICI Direct,,,,17,Titan Company Ltd,relevant,"ICICI Direct issues a buy recommendation and target price for Titan Company, directly affecting its stock price and investor interest"
28249512,2 scientists share 2021 Nobel Prize in Chemistry,,,,23,Bharat Electronics Ltd,irrelevant,The article is about the Nobel Prize in Chemistry and does not mention the named companies
24116066,Timnas belgia pesta gol ke gawang tunisia hazard cetak 2 gol,,,,23,Bharat Electronics Ltd,irrelevant,The article appears to be about a sports event and does not mention any companies
27592328,"Titanium Continues US Expansion, Commences Brokerage Operations in Chicago, IL, its Third Major Hub in the United States  - Press Release",,,,17,Titan Company Ltd,relevant,"Titanium announces expansion of its brokerage operations in Chicago, IL, indicating a significant business development"
22165350,Altay prensesinin intikami belgesel film gosterimi yapildi haber 667574,,,,23,Bharat Electronics Ltd,irrelevant,The title appears to be about a documentary film screening and does not mention a specific company or financial news
20730491,Us songwriter bob dylan wins nobel literature prize 113107237,,,,23,Bharat Electronics Ltd,irrelevant,"The title is about Bob Dylan winning the Nobel Literature Prize, which is not related to a specific company or financial news"
31331961,Kaotik olaylara bir te&#x15F;vik daha: Tecav&#xFC;z ve ensest yaz&#x131;lar&#x131;n sahibine Nobel &#xF6;d&#xFC;l&#xFC;,,,,23,Bharat Electronics Ltd,irrelevant,"The title appears to be about a controversy surrounding a writer and the Nobel Prize, which is not related to a specific company or financial news"
28755853,Virgin Music Label and Artist Services Launches in Africa,,,,23,Bharat Electronics Ltd,relevant,"The title mentions Virgin Music Label and Artist Services launching in Africa, which could be related to business operations and expansion"
22170169,Tajikistan launches measles and rubella vaccination campaign,,,,23,Bharat Electronics Ltd,irrelevant,The title is about a vaccination campaign in Tajikistan and does not mention a specific company or financial news
27593548,6th Belarusian People's Congress in Minsk: Day Two,,,,23,Bharat Electronics Ltd,irrelevant,"The article title does not mention any specific company, and appears to be about a general event in Belarus"
22158748,Real estate companies ditch the paperwork get on the cloud,,,,16,ITC Ltd,irrelevant,"The article title mentions real estate companies in general, but does not focus on a specific company, and seems to be about a trend rather than company-specific news"
22168427,Editorial time tighten our belts,,,,23,Bharat Electronics Ltd,irrelevant,"The article title appears to be an editorial about general economic conditions, without mention of a specific company"
31332774,La valenciana Isabelle Mamadou nombrada Experta del Consejo de Derechos Humanos de la ONU,,,,23,Bharat Electronics Ltd,irrelevant,"The article title does not appear to be primarily about a specific company, but rather about a person's appointment to a UN human rights council"
27593567,"Opinion: Belarus has built strong, open relations with China",,,,23,Bharat Electronics Ltd,irrelevant,"The article title appears to be an opinion piece about Belarus' relations with China, without mention of a specific company"
22168953,"Pide fiyatlari belli oldu(17,n,12604895,146)",,,,23,Bharat Electronics Ltd,irrelevant,"Title appears to be in a different language and seems to be a price announcement, but lacks context about a specific company's financials or actions"
20731717,Out of the ordinary stolen base at world series means free tacos at taco bell,,,,23,Bharat Electronics Ltd,irrelevant,"Article seems to be about a sports event and a promotional offer from Taco Bell, not related to a specific company's business news or financials"
28759550,Plusieurs groupes de m&#xE9;dias s'opposent au rachat de RTL Belgium par DPG/Rossel,,,,23,Bharat Electronics Ltd,relevant,"Article mentions a potential acquisition of RTL Belgium by DPG/Rossel, which is a corporate action that could impact the companies involved"
27598087,"Coronavirus, l'appello dei Maestri di Sci del Trentino: ''Situazione drammatica, servono subito aiuti concreti. La politica trentina si faccia carico del problema''",,,,42,Trent Ltd,irrelevant,"Article appears to be an appeal for help during the coronavirus pandemic, but does not seem to be primarily about a specific company's business news or financials"
18379452,Inistr truda kazhdaya sedmaya beloruska rabotaet na pensii,,,,23,Bharat Electronics Ltd,irrelevant,"Title appears to be in a different language and seems to be a general statement about pension work in Belarus, lacking context about a specific company's financials or actions"
24127386,Reciful coralian din belize a fost retras de pe lista patrimoniului in pericol 3010811,,,,23,Bharat Electronics Ltd,irrelevant,"Article appears to be about a UNESCO World Heritage site in Belize, not related to a specific company's business or financials"
22164754,Cento disoccupati incontrano trenta aziende 1,,,,42,Trent Ltd,irrelevant,"Article seems to be about job fairs or employment events, not specifically related to a company's financials or business operations"
27598989,ModSort&#xAE; Roller Top Belt Integration by Multi-Conveyor,,,,23,Bharat Electronics Ltd,relevant,"Article announces a product integration by Multi-Conveyor, which could be relevant to the company's business operations or product offerings"
24115719,398971 v norvegii vidvinuli trampa na nobelevskuyu premiyu mira,,,,23,Bharat Electronics Ltd,irrelevant,"Article appears to be about a Norwegian individual's nomination for a Nobel Prize, not related to a specific company's business or financials"
20733521,Bob dylan primele declaratii publice dupa castigarea premiului nobel pentru literatura este greu de crezut  217347403,,,,23,Bharat Electronics Ltd,irrelevant,"Article is about Bob Dylan's Nobel Prize in Literature and his public statements, not related to a specific company's business or financials"
24117774,Former south beloit commissioner killed in murder suicide,,,,23,Bharat Electronics Ltd,irrelevant,"Article about a murder-suicide incident involving a former commissioner, not related to any company's business or financials"
31331030,Three scientists win Nobel Prize in Chemistry for work on proteins&#xA0; &#x2013; Grenada Chronicle,,,,23,Bharat Electronics Ltd,irrelevant,"Nobel Prize in Chemistry announcement, not related to any company's business or financials"
22170939,Kuntzl gratuliert dem vsstoe konsequenter einsatz fuer die studierenden wurde belohnt,,,,23,Bharat Electronics Ltd,irrelevant,"Article in German about a student affairs award, not related to any company's business or financials"
24131440,Mitchell park launches sunday book fair 15694211,,,,16,ITC Ltd,irrelevant,"Local event announcement about a book fair in Mitchell Park, not related to any company's business or financials"
28250615,"Filipina diz que Nobel da Paz &#xE9; ""alento"" para jornalistas do mundo",,,,23,Bharat Electronics Ltd,irrelevant,"Article about a journalist's reaction to the Nobel Peace Prize, not related to any company's business or financials"
28247759,Belgische U17 zien EK-match in het water vallen door corona,,,,23,Bharat Electronics Ltd,irrelevant,"Article about Belgian U17 soccer team and a cancelled match due to corona, not related to a specific company's stock or business"
20736635,"Belgia lekarze w ciagu roku poddali eutanazji 124 osoby chore psychicznie,166957,2",,,,23,Bharat Electronics Ltd,irrelevant,"Article about euthanasia in Belgium, not related to a specific company's stock or business"
20734486,1477130365 samolet belavia vernuli v kiev iz za izvestnogo antimaydanovca,,,,23,Bharat Electronics Ltd,irrelevant,"Article about a plane return to Kiev due to a passenger issue, not related to a specific company's stock or business"
22163464,Ashford trust completes refinancing of hotel indigo atlanta 2017 05 24,,,,39,InterGlobe Aviation Ltd,relevant,"Ashford trust completes refinancing of hotel, directly related to the company's financials and business"
28753640,Belfast 'Our Place in Space' festival details announced,,,,23,Bharat Electronics Ltd,irrelevant,"Article about a festival announcement in Belfast, not related to a specific company's stock or business"
24121220,Granby belchertown residents band together to fight biomix 18341658,,,,23,Bharat Electronics Ltd,irrelevant,"Article appears to be about local residents fighting a company, not primarily about the company"
18377017,Fitch 27 financial indicators for assessing credit risk in mexican municipalities 2015 08 18,,,,16,ITC Ltd,irrelevant,"Article is about financial indicators for assessing credit risk in municipalities, not primarily about a specific company"
20730929,Premio nobel bob dylan de magistris,,,,23,Bharat Electronics Ltd,irrelevant,"Article appears to be about a Nobel Prize winner, Bob Dylan, and unrelated to a specific company"
28250078,Redditch Standard is recruiting SALES EXECUTIVES,,,,16,ITC Ltd,irrelevant,"Article is a job posting for sales executives, not primarily about a specific company's news or performance"
31333393,Nobel per l'Economia sociale a 3 docenti per studi su colonialismo e ricchezza,,,,23,Bharat Electronics Ltd,irrelevant,"Article appears to be about Nobel Prize in social economics, not primarily about a specific company"
18371460,Thompson manisa buyuksehir belediyesporda 485432h,,,,23,Bharat Electronics Ltd,irrelevant,"The title appears to be a jumbled collection of words and numbers, lacking coherence or relevance to a specific company's news."
27596476,"Belarus' COVID-19 update: 1,352 new cases, 1,511 recoveries",,,,23,Bharat Electronics Ltd,irrelevant,"The article appears to be a general COVID-19 update for Belarus, not specifically about a company."
24122899,Cipla rises nearly 3 as company in partnership with eli lilly to market diabetes drug 2585709,,,,44,Cipla Ltd,relevant,"Cipla's stock price rises due to a partnership with Eli Lilly to market a diabetes drug, directly impacting the company's business and stock."
18372124,Fitch stuft griechenland nach einigung mit glaeubigern hoch 1,,,,16,ITC Ltd,irrelevant,"The article is about Fitch upgrading Greece's rating, not specifically about a company."
28247539,"Cabela's in Cheektowaga to host hiring event, over 80 positions to be filled",,,,23,Bharat Electronics Ltd,irrelevant,"The article is about a single store's hiring event, which is an individual/local incident and not material enough to be considered relevant."
20731544,Tcs results suggest it industrys struggles have worsened,,,,6,Tata Consultancy Services Ltd,relevant,TCS results indicate worsening industry struggles — direct financial impact on the company
24118992,Lieu gia bitcoin co ve muc 1 000 usd 168866,,,,16,ITC Ltd,irrelevant,"Article appears to be about Bitcoin price speculation, not primarily about a specific company"
28245989,2021 Nobel Bar&#x131;&#x15F; &#xD6;d&#xFC;l&#xFC;'n&#xFC; Maria Ressa ve Dmitry Muratov kazand&#x131; (2),,,,23,Bharat Electronics Ltd,irrelevant,Nobel Peace Prize announcement — not related to a specific company
28249707,Bamada.net - Comm&#xE9;moration de la Journ&#xE9;e internationale de la Fille : Hawa Ciss&#xE9; dans la peau de l'ambassadeur de la Belgique au Mali pour une journ&#xE9;e,,,,23,Bharat Electronics Ltd,irrelevant,Article about a commemoration event and a person's role as an ambassador — not related to a specific company
20738115,Fa secures international broadcast deal with pitch international and img make the,,,,16,ITC Ltd,relevant,FA secures international broadcast deal — significant partnership announcement
24129833,Insulting flood compensation severn trent 1710375,,,,42,Trent Ltd,irrelevant,"Article appears to be about a specific incident of flood compensation related to Severn Trent, but the title is unclear and does not directly indicate a material business impact"
31334135,Reliance Retail: Navigating Challenges and Charting New Growth,,,,1,Reliance Industries Ltd,relevant,"Article is primarily about Reliance Retail, discussing challenges and growth strategy"
28247967,"Journalists From Russia, the Philippines Win Nobel Peace Prize",,,,23,Bharat Electronics Ltd,irrelevant,"Nobel Peace Prize winners announced, no clear connection to a specific company"
24120127,Cupa mondiala 2018 belgia panama jaime penedo singurul jucator din liga 1 la mondial 5928835,,,,23,Bharat Electronics Ltd,irrelevant,"Article about a sports event, mentions a player from Liga 1, but no clear connection to a specific company's business news"
31330786,"Goldbelt Inc. Signs Agreement with Royal Caribbean Group to Build a Cruise Port in Juneau, Alaska",,,,23,Bharat Electronics Ltd,relevant,"Goldbelt Inc. signs a significant agreement with Royal Caribbean Group for a cruise port project, directly impacting Goldbelt's business"
22169006,"Van buyuksehir belediyesi yillarin sorununu cozdu(17,n,12601450,709)",,,,23,Bharat Electronics Ltd,irrelevant,"Title appears to be in a non-English language and seems to be about a local government issue, not a company-specific news"
18372909,Senate economics references committee recommends gst changes for australian bitcoin industry 76086,,,,16,ITC Ltd,irrelevant,"Article is about a Senate committee recommendation for GST changes in the Australian bitcoin industry, not specifically about a company"
22160761,Eva koerbel 71680,,,,23,Bharat Electronics Ltd,irrelevant,"Title only contains a person's name, Eva Koerbel, with no apparent company or business context"
18367940,Cabelas cab restructures management will it hold good cm509956,,,,23,Bharat Electronics Ltd,relevant,"Cabela's (CAB) is restructuring management, which is a corporate action that may impact the company's strategy and performance"
28755070,"Taco Bell Announces Mexican Pizza Sold Out, Will it Return?",,,,23,Bharat Electronics Ltd,irrelevant,"Article is about a product availability issue at Taco Bell, but it's more of a consumer news piece and not a material business announcement"
28246324,Belgique &#x2013; Une &#xE9;norme araign&#xE9;e a terroris&#xE9; les usagers d'un ascenseur,,,,23,Bharat Electronics Ltd,irrelevant,"Article about a local incident with an elevator and a spider, not related to any company"
18369987,"Muratpasa belediye baskani uysala anlamli hediye(17,n,11992697,118)",,,,23,Bharat Electronics Ltd,irrelevant,"Article appears to be about a local political figure giving a gift, not related to any company"
24121244,Reliance industries go jio ipo 2 3 years report 773019,,,,1,Reliance Industries Ltd,relevant,"Article mentions Reliance Industries and a potential JIO IPO, which is a company-specific financial news"
28757180,Cryptoverse: The early birds betting bitcoin's bottoming out,,,,16,ITC Ltd,irrelevant,"Article is a general cryptocurrency market analysis, not specifically about any company"
31333322,Nobel de Medicina vai para Victor Ambros e Gary Ruvkun,,,,23,Bharat Electronics Ltd,irrelevant,"Article about Nobel Prize in Medicine winners, not related to any company"
28250582,Kult: Abdulrazak Gurnah nyerte az irodalmi Nobelt,,,,23,Bharat Electronics Ltd,irrelevant,"The article is about the Nobel Prize in Literature, not related to any company"
22162570,2003429 severn trent shares strong growth shareholders,,,,42,Trent Ltd,relevant,"The article mentions Severn Trent's shares and growth, indicating a financial update about the company"
27592962,Belkin Boosts Security and Streamlines Work Environment with Next-generation Protection Profile 4.0 Compliant Secure KVM Portfolio,,,,23,Bharat Electronics Ltd,relevant,"The article announces Belkin's new product and features, directly related to the company's product strategy"
20739607,Fitch upgrades surprise azs revs to aa on criteria change outlook stable 2016 10 28,,,,16,ITC Ltd,relevant,"The article reports on Fitch's upgrade of Az's rating, which is a credit rating change directly affecting the company"
28758559,Taco Bell to Debut Reimagined Drive Thru in Midwest. Here's What Makes It Stand Out &#x2013; NBC Connecticut,,,,23,Bharat Electronics Ltd,relevant,"The article discusses Taco Bell's new drive-thru concept, which is a product/strategy update for the company"
27599068,India's Budget points to a loosening of fiscal policy: Fitch Ratings,,,,16,ITC Ltd,irrelevant,"The article discusses India's Budget and its potential impact on fiscal policy according to Fitch Ratings, but does not primarily focus on a specific company"
27593162,Canada Approves Evolve to Launch Physically-Settled Bitcoin ETF,,,,16,ITC Ltd,relevant,"The article is about Evolve getting approval to launch a physically-settled Bitcoin ETF, directly mentioning and impacting the company"
28756322,Four of top-10 firms add &#x20B9;2.31-lakh cr in m-cap; Reliance lead gainer,,,,1,Reliance Industries Ltd,irrelevant,"The article mentions Reliance as one of the top firms that added a significant amount to their market capitalization, but the focus is on the overall market rather than the company specifically"
24122189,Fitchburg law bans recreational pot sales from most,,,,16,ITC Ltd,irrelevant,"The article discusses a law in Fitchburg regarding recreational pot sales, which does not appear to be related to a specific company"
28761062,The best current account switch deals,,,,16,ITC Ltd,irrelevant,The article is about current account switch deals in general and does not focus on a specific company
24114216,Mondial 2018 la belgique qui mise tout sur l attaque presque en huitiemes 405558,,,,23,Bharat Electronics Ltd,irrelevant,"Article appears to be about Belgium's soccer strategy, not a company"
27595380,Taco Bell Releases All-Purpose Seasoning,,,,23,Bharat Electronics Ltd,relevant,"Taco Bell, a company, releases a product - all-purpose seasoning"
24121833,Adnan januzaj befason kosoven me deklaraten jam dhe ndihem belg,,,,23,Bharat Electronics Ltd,irrelevant,"Article appears to be about a soccer player's statement, not a company"
31333565,"Nobel Prize in medicine goes to two American biologists for work on the discovery of microRNA - Boston News, Weather, Sports",,,,23,Bharat Electronics Ltd,irrelevant,"Article is about the Nobel Prize in medicine, not a company"
28758005,"Romelu Lukaku nu va evolua &#xEE;n partida Belgia - Polonia, din Liga Na&#x163;iunilor",,,,23,Bharat Electronics Ltd,irrelevant,"Article appears to be about a soccer player, not a company"
28247585,Le Nobel d'&#xE9;conomie boucle un mill&#xE9;sime impr&#xE9;visible - Toute l'actualit&#xE9; de la Guadeloupe sur Internet,,,,23,Bharat Electronics Ltd,irrelevant,"Article appears to be about the Nobel Prize in economics, but does not specifically mention a company"
18375297,Fitch affirms pheaa 2009 1 and pheaa 2009 2 outlook stable,,,,16,ITC Ltd,relevant,"Fitch affirms outlook for a specific entity, indicating a credit rating action"
28249040,Maybell Library gets fresh coat of paint at hands of volunteers from around the county,,,,23,Bharat Electronics Ltd,irrelevant,"Article is about a local library event, not related to business or finance"
31332383,Nobelio medicinos premija &#x2013; amerikie&#x10D;i&#x173; mokslininkams u&#x17E; mikroRNR atradim&#x105;,,,,23,Bharat Electronics Ltd,irrelevant,"Article appears to be about the Nobel Prize in medicine, but does not specifically mention a company"
24120314,Update skor belgia vs tunisia piala dunia 2018 gol eden hazard bikin belgia unggul 4 1,,,,23,Bharat Electronics Ltd,irrelevant,"Article is about a sports update, not related to business or finance"
27597885,Bene confiscato a Bellocchi. Ora il Comune pensa al suo riutilizzo,,,,23,Bharat Electronics Ltd,irrelevant,"Article about a confiscated good and its potential reuse by the local government, not related to a specific company's financials or operations"
28246204,Belmont expands program to offer MNPS students scholarships,,,,23,Bharat Electronics Ltd,relevant,"Belmont announces scholarship program expansion for MNPS students, directly impacts the company's operations or community engagement"
24115300,Diorama daze bell museum prepares open doors 79m new digs,,,,23,Bharat Electronics Ltd,irrelevant,"Article about a museum's new exhibit and expansion, does not directly relate to a company's financials or operations"
27597561,Star Wars Republic Commando could be headed for a Nintendo Switch release,,,,16,ITC Ltd,irrelevant,"Rumor about a potential video game release on Nintendo Switch, not directly related to a specific company's financials or operations"
24114975,Campbell county deputies looking for man wanted for multiple larcenies 486592131,,,,23,Bharat Electronics Ltd,irrelevant,"Article about a law enforcement search for a suspect, unrelated to a company's financials or operations"
27597648,Parc industriel: Montebello veut vendre ses terrains &#xE0; Corporation A25,,,,23,Bharat Electronics Ltd,relevant,"Company (Montebello) is involved in a potential land sale, a corporate action"
20739070,Meyer opposes coffland for belmont county commission seat,,,,23,Bharat Electronics Ltd,irrelevant,"Article is about a local political election, not related to a specific company's business"
20731994,149480 maruti hyundai sell more than 45k units on dhanteras,,,,11,Maruti Suzuki India Ltd,relevant,"Maruti and Hyundai sales performance on a specific day, a financial and market-related update"
31333547,Der Nobelpreis in Medizin geht an zwei US-Forscher f&#xFC;r die Entdeckung der Mechanismen von Mikro-RNA,,,,23,Bharat Electronics Ltd,irrelevant,"Article is about a scientific Nobel Prize, not related to a specific company's business"
31330898,Taco Bell responds to Davante Adams' trade from Raiders in the best way possible,,,,23,Bharat Electronics Ltd,irrelevant,"Article is about a sports trade and a company's social media response, not a material business update"
28248556,Maruti Suzuki India to expand mobile services vans to over 300 by FY22-end,,,,11,Maruti Suzuki India Ltd,relevant,"Maruti Suzuki India announces expansion of mobile services vans, a corporate action affecting operations"
22158543,Tcnj student robbed leads the trentonian police blotter for may 19 2017,,,,42,Trent Ltd,irrelevant,"Trentonian police blotter mentions a student robbed, individual/local incident not related to a company's business"
28246023,Friedensnobelpreis geht an Journalisten Ressa und Muratow - OSLo,,,,23,Bharat Electronics Ltd,irrelevant,"Nobel Peace Prize awarded to journalists, not related to a specific company's business or financials"
31334214,Nobel Prize in Medicine goes to U.S. scientists Ambros and Ruvkun for microRNA discovery,,,,23,Bharat Electronics Ltd,irrelevant,"Nobel Prize in Medicine awarded to scientists, not related to a specific company's business or financials"
18375737,Fitch rates mvw owner trust 2015 1 2015 08 13,,,,16,ITC Ltd,relevant,"Fitch rates an entity related to MVW, a credit rating affecting the company's financials"
22166088,Bitcoin just tanked 10 after hitting a record high but now its rallying again 2017 5,,,,16,ITC Ltd,irrelevant,"The article is about the fluctuation in Bitcoin's value, not specifically about a company"
20734194,Bob dylan finalmente acepta premio nobel literatura 624729,,,,23,Bharat Electronics Ltd,irrelevant,"The article is about Bob Dylan accepting a Nobel Prize, not related to a specific company"
20734748,Bob dilan se darzhi nevazpitano i arogantno izrignaha ot nobeloviya komitet,,,,23,Bharat Electronics Ltd,irrelevant,"The article is about Bob Dylan and the Nobel Committee, not related to a specific company"
28752173,Another trade union leader arrested in Belarus,,,,23,Bharat Electronics Ltd,irrelevant,"The article is about a trade union leader's arrest in Belarus, not related to a specific company"
27594556,Plans to amend riot control regulations in Belarus,,,,23,Bharat Electronics Ltd,irrelevant,"The article is about plans to amend regulations in Belarus, not related to a specific company"
28755616,Provincia di Trento: Great Start for the Festival of Economics in Trento,,,,42,Trent Ltd,irrelevant,"The article is about a festival in Trento, no clear connection to a specific company"
28246032,&#xC7;mimi Nobel p&#xEB;r Paqen p&#xEB;r Maria Ressa dhe Dmitri Muratov,,,,23,Bharat Electronics Ltd,irrelevant,"The article appears to be about Nobel prizes, no clear connection to a specific company"
20732112,Cabelas cab q3 earnings and revenues miss estimates cm699833,,,,23,Bharat Electronics Ltd,relevant,"Cabela's Q3 earnings and revenues miss estimates, direct financial result"
27595886,"Pasca Tawuran di Belawan, Posko PAM & Tim Patroli Dibentuk",,,,23,Bharat Electronics Ltd,irrelevant,"The article appears to be about a local incident in Belawan, no clear connection to a specific company"
27592663,Credit impact of Budget hinges on growth outlook: Fitch,,,,16,ITC Ltd,irrelevant,"The article is about the credit impact of a budget and growth outlook, but not specifically about a company"
24130439,New home knox prairie community kitchen,,,,16,ITC Ltd,irrelevant,"The title appears to be about a new community kitchen in a specific location, with no clear connection to a company's financial news or business operations."
24120927,Forte hausse du nombre d armes enregistrees en belgique,,,,23,Bharat Electronics Ltd,irrelevant,"The title discusses a general increase in registered firearms in Belgium, not specifically about a company's financial news or business operations."
28249722,"VOX POPULI: Card's Nobel win lends weight to fight for higher minimum wage | The Asahi Shimbun: Breaking News, Japan News and Analysis",,,,23,Bharat Electronics Ltd,irrelevant,"The title discusses a general opinion piece about a Nobel win and its relation to the minimum wage, without mentioning a specific company."
28249743,"Belarus, Egypt to further co-operate in trade and finance",,,,23,Bharat Electronics Ltd,irrelevant,"The title mentions cooperation between two countries, Belarus and Egypt, in trade and finance, but does not focus on a specific company."
18372588,Reliance airtel nine others get rbi nod payments banks 18116771,,,,1,Reliance Industries Ltd,relevant,"The title mentions that Reliance, Airtel, and nine others received RBI nod for payments banks, which is a specific business development and regulatory news directly impacting these companies."
28247104,"21st Austria weekly - Strabag, Zumtobel (08/10/2021)",,,,23,Bharat Electronics Ltd,irrelevant,"The article appears to be a weekly summary mentioning Strabag and Zumtobel, but without specific business news or analysis, likely a passing mention in a general newsletter"
28245875,"Qui sont Maria Ressa et Dimitri Muratov, Nobel de la Paix 2021&#xA0;?",,,,23,Bharat Electronics Ltd,irrelevant,"The article is about the Nobel Peace Prize winners, Maria Ressa and Dimitri Muratov, and does not mention the companies in the list"
28247067,Reliance New Energy Solar Ltd to acquire REC Solar Holdings AS for $771 mn,,,,1,Reliance Industries Ltd,relevant,Reliance New Energy Solar Ltd's acquisition of REC Solar Holdings AS for $771 mn is a material corporate action
27596619,"US, Great Britain, EU Countries, Switzerland Ambassadors Demand Immediate Unconditional Release Of All Those Detained In Belarus",,,,23,Bharat Electronics Ltd,irrelevant,The article is about ambassadors demanding the release of detainees in Belarus and does not mention any company-specific news or analysis
22166037,Air belgium repousse lancement ses vols vers chine saison d hiver,,,,23,Bharat Electronics Ltd,relevant,Air Belgium's postponement of winter season flights to China is a company-specific announcement affecting operations
22159879,Belgischer reaktor tihange 1 wieder am netz 1002030386,,,,23,Bharat Electronics Ltd,irrelevant,"Article about a Belgian reactor going back online, no clear connection to a specific company that would require a portfolio manager to read"
28247363,Nobel: fosso entre homens e mulheres premiados &#xE9; cada vez maior,,,,23,Bharat Electronics Ltd,irrelevant,"Article about Nobel prizes, not related to a specific company's business or financials"
27596069,Microsoft's President: We're Not Considering Bitcoin For Now,,,,16,ITC Ltd,relevant,Microsoft's President commenting on Bitcoin strategy - direct quote from a high-level executive on company's stance on cryptocurrency
18377026,Fitch withdraws ratings bbt financial fsb,,,,16,ITC Ltd,relevant,Fitch withdraws ratings for BBT Financial FSB - direct action by a credit rating agency affecting the company's financial standing
22170200,Bulls eye buy cipla eveready emami concor godrej eih fortis health 2284783,,,,44,Cipla Ltd,irrelevant,"List of stocks recommended for buying, but no specific company news or analysis that would necessitate reading for a portfolio manager holding these stocks"
24120681,"Et maintenant un nobel pour donald trump et kim jong un,83677",,,,23,Bharat Electronics Ltd,irrelevant,"The article title appears to be satirical or nonsensical, mentioning a Nobel Prize for Donald Trump and Kim Jong Un without any credible context, indicating it is not a serious news piece about a company"
22159605,50 photos national belfast saturday 13067960,,,,23,Bharat Electronics Ltd,irrelevant,The title seems to refer to a photo gallery or event in Belfast with no clear connection to a specific company's business news
20739526,2273138 wallonisches regionalparlament erlaubt belgisches ja zu ceta,,,,23,Bharat Electronics Ltd,irrelevant,"The article discusses a political development in Wallonia related to the CETA agreement, which does not directly relate to a company's stock or business operations"
28247235,Novelist Abdulrazak Gurnah wins Nobel Literature Prize,,,,23,Bharat Electronics Ltd,irrelevant,"This article is about the Nobel Literature Prize being awarded to Abdulrazak Gurnah, which has no direct connection to business news or a specific company"
22158240,Na vostochnom fronte bez peremen rossiya razvernula 600 tonn produktov iz belarusi,,,,23,Bharat Electronics Ltd,irrelevant,"The title discusses a development on the Eastern front involving Russia and Belarus, which does not appear to be related to a specific company's business news or stock performance"
28759512,Crest Hill's Taco Bell Murder: Killer Sentenced,,,,23,Bharat Electronics Ltd,irrelevant,"Article about a murder at a Taco Bell location in Crest Hill, but it's about a crime incident, not related to Taco Bell as a company"
31332084,South Korea's experimental novelist Han Kang wins Nobel,,,,23,Bharat Electronics Ltd,irrelevant,"Article about a Nobel Prize winner, Han Kang, not related to any specific company"
27599206,Agricultural industry seen as a great contributor to Belarusian economy,,,,23,Bharat Electronics Ltd,irrelevant,"Article about the agricultural industry's contribution to the Belarusian economy, not specific to any company"
28755121,"RIGHT SPEAK: Groomers Say Kids Will Be Exposed to 'Nudity and Kink' at Pride Parades, But Don't Worry, It's 'Educational'; Taco Bell: Come for the Diarrhea, Stay for the Drag Show",,,,23,Bharat Electronics Ltd,irrelevant,"Article about a social issue, mentioning Taco Bell in a casual and unrelated context, not a company-specific news"
24124191,Lex pdg de carrefour rejoint une banque daffaires belge,,,,23,Bharat Electronics Ltd,relevant,"Article about Carrefour's former CEO joining a Belgian investment bank, a corporate-level personnel change"
28250153,Bel&#xE7;ika h&#xFC;k&#xFC;meti kabul etti: Polis yasa d&#x131;&#x15F;&#x131; y&#xFC;z tan&#x131;ma kulland&#x131;,,,,23,Bharat Electronics Ltd,irrelevant,"Article is in Turkish and appears to be about a government decision in Belgium regarding police use of facial recognition, not specifically about a company"
31331902,Sibelco Restarts Production and Customer Shipments at Spruce Pine Following Hurricane Helene,,,,23,Bharat Electronics Ltd,relevant,"Sibelco restarts production and shipments after a hurricane, directly impacting operations"
24125602,New pes1600 series power supplies from bel is ideal for powering iba in servers routers and network switches 40012652,,,,23,Bharat Electronics Ltd,irrelevant,"Article is about a new product series from Bel, but does not specifically mention or impact Bel's company-wide operations or financials"
28246554,Reliance Jio Network Down 8 hours,,,,1,Reliance Industries Ltd,relevant,Reliance Jio network outage directly impacts customers and operations
27593569,Private business urged to prioritize Belarus' interests,,,,23,Bharat Electronics Ltd,irrelevant,"Article is a general call to private businesses regarding priorities in Belarus, not specifically about a company"
28245890,Jurnalis Filipina dan Rusia Menangkan Nobel Perdamaian,,,,23,Bharat Electronics Ltd,irrelevant,"The article is about the Nobel Peace Prize winners, not related to any specific company"
24127560,Bitcoin cash yeni borsa hizmetinde sunuldu 4956,,,,16,ITC Ltd,irrelevant,"The article mentions Bitcoin, but it's about a new exchange service, not specifically about a company's financials or actions"
28248289,Duterte's government congratulates Filipino editor for Nobel Peace,,,,23,Bharat Electronics Ltd,irrelevant,"The article is about the Philippine government's congratulatory message to a Nobel Peace Prize winner, not related to any specific company"
27598129,&#x110;&#x1EA7;u T&#x1B0; Tr&#xFA; &#x1EA8;n V&#xE0;o V&#xE0;ng Hay Bitcoin T&#x1ED1;t H&#x1A1;n?,,,,16,ITC Ltd,irrelevant,"The article appears to be a general investment advice or comparison between gold and Bitcoin, not specifically about a company's financials or actions"
18375464,Rebelion de congreso aumento de presupuesto fiscalia y articulo 580176,,,,23,Bharat Electronics Ltd,irrelevant,"The article appears to be about a government budget or fiscal policy, not related to any specific company"
20732945,Nobel edebiyat odulunun sahibi bob dylan oldu h153821,,,,23,Bharat Electronics Ltd,irrelevant,"Article about Bob Dylan winning the Nobel Prize in Literature, not related to a company's stock or business"
27594401,"Koepelfederatie roept Nederlanders op: ""Kom niet in Belgi&#xEB; n...",,,,23,Bharat Electronics Ltd,irrelevant,"Article about a call to action for Dutch people not to travel to Belgium, not related to a company's stock or business"
20731896,Bob dylan wins nobel prize literature,,,,23,Bharat Electronics Ltd,irrelevant,"Article about Bob Dylan winning the Nobel Prize in Literature, not related to a company's stock or business"
18368948,Magazinul titan a luat foc,,,,17,Titan Company Ltd,irrelevant,"Article about a store (Titan) catching fire, but no company-level implications or stock impact mentioned"
27597416,Belarus leader vows to defeat 'foreign-backed rebellion' | Maldon and Burnham Standard,,,,23,Bharat Electronics Ltd,irrelevant,"Article about Belarus leader's statement on rebellion, not related to a company's stock or business"
31331667,2 Americans awarded Nobel Prize in medicine for discovery of microRNA,,,,23,Bharat Electronics Ltd,irrelevant,"The article is about the Nobel Prize in medicine, which is not related to a specific company's business or financials"
18378089,Rachmat gobel korban politik dan mafia,,,,23,Bharat Electronics Ltd,irrelevant,"The article appears to be about an individual, Rachmat Gobel, and a political issue, not related to a company's business or financials"
27596464,Former Chinese ambassador emphasizes importance of Belarusian People's Congress,,,,23,Bharat Electronics Ltd,irrelevant,"The article is about a former Chinese ambassador and a political event in Belarus, not related to a company's business or financials"
22170283,La escuela de bellas artes del oeste ya es una realidad yg2833357,,,,23,Bharat Electronics Ltd,irrelevant,"The article appears to be about an art school, but the language and content are unclear; assuming it's not related to a specific company's business or financials"
24126268,Pracownik fermy drobiu   belgia,,,,23,Bharat Electronics Ltd,irrelevant,"The article appears to be a job posting or a general term for a poultry farm worker in Belgium, not related to a specific company's business or financials"
31333645,Perch&#xE9; Victor Ambros e Gary Ruvkun hanno vinto il Premio Nobel per la Medicina: cos'&#xE8; il microRNA,,,,23,Bharat Electronics Ltd,irrelevant,"Article about Nobel Prize winners in Medicine, no mention of a specific company"
31331046,Entenda como funciona a IA que conquistou o Nobel de Qu&#xED;mica,,,,23,Bharat Electronics Ltd,irrelevant,"Article about Nobel Prize in Chemistry, mentions AI but not a specific company"
22169947,Wipro tightens appraisal policy now a single poor rating can lead to job loss 2287885,,,,35,Wipro Ltd,relevant,"Wipro's new appraisal policy could impact employees, a corporate action"
18371973,El papa es nuevamente candidato al nobel de la paz 77218,,,,23,Bharat Electronics Ltd,irrelevant,"Article about Pope being a candidate for Nobel Peace Prize, no company mentioned"
31330752,MicroStrategy Is a Strategic Buy to Capitalize on Bitcoin's Outperformance,,,,16,ITC Ltd,relevant,"Analyst recommendation to buy MicroStrategy, directly related to the company's stock"
20732750,Fitch upgrades vermont student assistance corporation 2012 1 sub notes,,,,16,ITC Ltd,irrelevant,"The article is about Fitch upgrading Vermont Student Assistance Corporation 2012 1 sub notes, not primarily about a company that a portfolio manager would need to read for their stock holdings"
22162010,Stanciu si chipciu vor primi cel putin 140000 de euro pentru titlul in belgia,,,,23,Bharat Electronics Ltd,irrelevant,"The article appears to be about sports, specifically player salaries, and does not seem to be primarily about a company that a portfolio manager would need to read for their stock holdings"
27593289,BUCE to facilitate Belarusian agricultural export to Russia's Bryansk Oblast,,,,23,Bharat Electronics Ltd,irrelevant,The article is about facilitating agricultural export and does not seem to be primarily about a company that a portfolio manager would need to read for their stock holdings
27592959,Feb. 18 Special Cabell County Commission Meeting Agenda,,,,23,Bharat Electronics Ltd,irrelevant,The article is about a local government meeting agenda and does not seem to be primarily about a company that a portfolio manager would need to read for their stock holdings
28248090,Maria Ressa y Dmitry Muratov ganan Nobel de la Paz por defender libertad de expresi&#xF3;n,,,,23,Bharat Electronics Ltd,irrelevant,The article is about Nobel Peace Prize winners and does not seem to be primarily about a company that a portfolio manager would need to read for their stock holdings
24124453,Mundial 2018 directo belgica panama 201806155b2388210cf2e3c4f256abf8,,,,23,Bharat Electronics Ltd,irrelevant,The title appears to be about a sports event (World Cup 2018) and does not mention a specific company
18372426,672226 rebel mps to contest in nrm primaries,,,,23,Bharat Electronics Ltd,irrelevant,The title appears to be about Ugandan politics (NRM primaries) and does not mention a specific company
27594421,Lithuanian Police Are Shocked: What Belarusians Say about Torture,,,,23,Bharat Electronics Ltd,irrelevant,The title appears to be about a social issue (torture in Belarus) and does not mention a specific company
22167642,2174374 confrontatie akzonobel en boze aandeelhouders voor de rechter,,,,23,Bharat Electronics Ltd,relevant,"The title mentions a confrontation between AkzoNobel and angry shareholders in court, which is a corporate-level legal issue"
28754934,"Bellin, Gundersen merger raises five questions for patient care, staff",,,,23,Bharat Electronics Ltd,relevant,"The title mentions a merger between Bellin and Gundersen, which is a corporate action that could impact patients and staff"
31333227,Nobel Prizes give Google the glow it craves,,,,23,Bharat Electronics Ltd,irrelevant,"Article discusses Google in a non-financial, non-material context, mentioning Nobel Prizes"
20739668,Fitch upgrades four classes and affirms seven in msci 2004 top13 2016 10 28,,,,16,ITC Ltd,irrelevant,"Article appears to be about a credit rating action by Fitch, but does not specifically mention a company; likely about a financial instrument"
20735455,29043 syrie accusations frappes belges civils syrie belgique,,,,23,Bharat Electronics Ltd,irrelevant,"Article seems to be about Syrian accusations and Belgian civilian strikes, not related to business or finance"
24124823,76968 convegno della %c2%absociet%c3%a0 di studi trentini di scienze storiche%c2%bb,,,,42,Trent Ltd,irrelevant,"Article appears to be about a historical conference or meeting, with no clear connection to business or finance"
28756192,"Main Tidaknya Pemain Naturalisasi, Timnas Indonesia Tetap Ada Panglima Perang Elite di Lini Belakang",,,,23,Bharat Electronics Ltd,irrelevant,"Article discusses Indonesian national football team, not related to business or finance"
27592815,Ethel Campbell,,,,23,Bharat Electronics Ltd,irrelevant,The title does not provide any information about a company or financial news
28249160,Minister: Belarusian energy system goes digital,,,,23,Bharat Electronics Ltd,irrelevant,"The title mentions Belarusian energy system going digital, but does not specifically mention a company"
22168245,2336576 belcikadan pkk yanlisi bakan demir aciklamasi,,,,23,Bharat Electronics Ltd,irrelevant,The title appears to be in a different language and does not provide any clear information about a company or financial news
24126341,Belgian chocolate crisis threat food a8409771,,,,23,Bharat Electronics Ltd,irrelevant,"The title mentions a chocolate crisis threat, but does not specifically mention a company or provide financial news"
24128168,Reliance jio raises 1 billion term loan from korea trade in,,,,1,Reliance Industries Ltd,relevant,"The title mentions Reliance Jio raising a term loan, which is a financial news item"
22170431,Belorusy mogut poekhat v argentinu bez viz s 19 maya,,,,23,Bharat Electronics Ltd,irrelevant,"The article appears to be about travel requirements between Belarus and Argentina, not related to a specific company's stock or business"
31332075,South Korea's Han Kang wins 2024 Nobel Prize in literature&#xA0; &#x2013; Dominican Republic Post,,,,23,Bharat Electronics Ltd,irrelevant,The article is about a literary award winner and does not mention any company stock or business directly
27596799,Eigenaar omstreden mestfabriek Biomoer nu spil in Belgische fraudezaak,,,,23,Bharat Electronics Ltd,irrelevant,"The article seems to discuss a legal or fraud case involving an individual or a company in Belgium, but it does not directly relate to stock market information or a specific company's business that would affect a portfolio manager"
20732203,Uk nobel prize americans idukkcn12d28g,,,,23,Bharat Electronics Ltd,irrelevant,The title appears to be garbled or nonsensical and does not clearly relate to any company's stock or business news
31330531,'Godfather of AI' wins Nobel Prize for pioneering AI,,,,23,Bharat Electronics Ltd,irrelevant,"The article mentions the 'Godfather of AI' winning a Nobel Prize, which could relate to AI technology but does not directly pertain to a specific company's stock performance or business operations that a portfolio manager would need to know"
28756781,Belt prepares for upcoming PRCA rodeo,,,,23,Bharat Electronics Ltd,irrelevant,"Local event about a rodeo, no material business impact or company news"
22166273,Belarus to join caspian oil and gas exhibition in baku 1064008,,,,23,Bharat Electronics Ltd,irrelevant,"Country participating in an exhibition, no specific company news or financial impact"
28248785,Nobel de Qu&#xED;mica para nueva herramienta para construir mol&#xE9;culas,,,,23,Bharat Electronics Ltd,irrelevant,"Scientific award announcement, no direct business or company news"
28752263,Filenin Sultanlar&#x131; Bel&#xE7;ika'y&#x131; devirdi,,,,23,Bharat Electronics Ltd,irrelevant,"Sports result, no material business impact or company news"
28752786,Haven't Been Able To Get A Mexican Pizza From Tacobell?... This Is Why | Aggie 96,,,,23,Bharat Electronics Ltd,irrelevant,"Consumer complaint about a product, no corporate response or material business impact"
24116717,Inside mukesh ambanis reliance ecommerce plan,,,,1,Reliance Industries Ltd,relevant,"Article is about Mukesh Ambani's Reliance ecommerce plan, suggesting a corporate strategy update"
28248761,Nobelio literat&#xFB;ros premija &#x2013; i&#xF0;&#xA0;Zanzibaro kilusiam ra&#xF0;ytojui A. Gurnah,,,,23,Bharat Electronics Ltd,irrelevant,Article appears to be about a literary award and not related to any company
24127453,54722 maruti suzuki stopped prduction of diesel variants of ignis 20180615,,,,11,Maruti Suzuki India Ltd,relevant,"Maruti Suzuki stopped production of diesel variants of Ignis, indicating a product change"
28754784,Roberto Verino ingresar&#xE1; este mes de junio en la Real Academia Galega de Belas Artes,,,,23,Bharat Electronics Ltd,irrelevant,Article is about an individual's entry into an art academy and not related to a company
28751228,Cipla adds capacity of captive renewable energy power plant in Maharashtra & Karnataka,,,,44,Cipla Ltd,relevant,"Cipla adds capacity to its captive renewable energy power plant, indicating a corporate action related to sustainability"
18374908,Korean street food book mitchell beazley 309312,,,,16,ITC Ltd,irrelevant,"The title appears to be about a book on Korean street food, with no clear connection to a specific company's stock or business news"
20731540,Nobelova nagrada za knjizevnost bobu dylanu 46978,,,,23,Bharat Electronics Ltd,irrelevant,"The title is about the Nobel Prize in Literature awarded to Bob Dylan, with no apparent connection to business or financial news"
31331319,Literaturnobelpreis f&#xFC;r S&#xFC;dkoreanierin Han Kang,,,,23,Bharat Electronics Ltd,irrelevant,"The title is about the Nobel Prize in Literature awarded to Han Kang, with no apparent connection to business or financial news"
31333911,Fugro Names Annabelle Vos Director for Middle East,,,,23,Bharat Electronics Ltd,relevant,The title announces a significant corporate action: the appointment of a new director for Fugro's Middle East operations
20735785,Fitch places reynolds american inc on rating watch positive,,,,16,ITC Ltd,relevant,"The title mentions a specific action by Fitch that could impact Reynolds American Inc.'s credit rating, which is financial news that a portfolio manager would need to read"
27593133,"Perchezi&#x21B;ii &#xEE;n Belarus. Jurnali&#x219;tii, militan&#x21B;ii pentru drepturile omului &#x219;i sindicali&#x219;tii sunt viza&#x21B;i",,,,23,Bharat Electronics Ltd,irrelevant,"The article appears to be about general news in Belarus, not specifically about a company"
20731963,Nordea investment management ab has 1855000 position in abercrombie fitch co anf,,,,16,ITC Ltd,relevant,Nordea Investment Management's shareholding in Abercrombie & Fitch Co. is a specific financial holding that could impact the stock
31332583,"Nobel de m&#xE9;decine 2024 : le prix attribu&#xE9; aux Am&#xE9;ricains Ambros et Ruvkun pour ""leur d&#xE9;couverte r&#xE9;volutionnaire"" du microARN",,,,23,Bharat Electronics Ltd,irrelevant,The article is about the Nobel Prize in Medicine and does not mention any specific company
27597390,Belarus leader vows to defeat 'foreign-backed rebellion' | The Wiltshire Gazette and Herald,,,,23,Bharat Electronics Ltd,irrelevant,The article appears to be a general news piece about Belarus and does not specifically relate to a company's business or financials
28751592,BUCE's digital import substation platform to help adapt Belarusian economy to sanctions,,,,23,Bharat Electronics Ltd,irrelevant,"The article mentions Belarusian economy and a platform to help adapt to sanctions, but does not specifically relate to a company's business or financials"
27598338,Aktualisierter Text: Selbstbestimmt sterben: WissenHoch2 in 3sat mit Wissenschaftsdoku &#xFC;ber Palliativmedizin und scobel,,,,23,Bharat Electronics Ltd,irrelevant,The article is about a documentary on palliative medicine and does not mention any company
27599046,"Bitcoin soars toward $50,000 &#x2013; is it being driven by a 'melt up?'",,,,16,ITC Ltd,irrelevant,"The article is about Bitcoin price movement with a general market context, not specifically about a company"
27594734,Grasim net doubles on higher realisation - The Hindu BusinessLine,,,,38,Grasim Industries Ltd,relevant,"The article is about Grasim's financial performance, specifically net profit doubling due to higher realization"
24118048,Over 80 players take part in jd club ni trials in belfast,,,,23,Bharat Electronics Ltd,irrelevant,The article is about a sports event and does not mention any company
31331326,"""Un style po&#xE9;tique exp&#xE9;rimental"" : Han Kang, prix Nobel de litt&#xE9;rature 2024, au chevet des traumas historiques",,,,23,Bharat Electronics Ltd,irrelevant,The article is about a literary award and does not mention any company
24120693,News 30116 overcooked 2 enters the kitchen once again this august,,,,16,ITC Ltd,irrelevant,"The article title mentions a video game 'Overcooked 2' but does not indicate it's primarily about a company's business, so it's irrelevant"
28756374,Filenin Sultanlar&#x131; Bel&#xE7;ika'ya ge&#xE7;it vermedi,,,,23,Bharat Electronics Ltd,irrelevant,"The title appears to be about a sports event or team, 'Filenin Sultanlar&#x131;', which is Turkish for 'The Sultans of the File', likely a volleyball team, and does not indicate it's about a company's business"
20732932,Bob dylan gets nobel prize in literature for his poetic expressions first songwriter to win honour 3050004,,,,23,Bharat Electronics Ltd,irrelevant,"The article is about Bob Dylan winning the Nobel Prize in Literature, which is not related to a company's business or financial news"
22161658,Belarus v 2 4 raza priumnozhila promyshlennyy potentsial dostavshiysya ot sovetskogo soyuza,,,,23,Bharat Electronics Ltd,irrelevant,"The title discusses Belarus' industrial potential in relation to the Soviet Union, which is not specifically about a company's business or financial news"
18379656,763048 aparshev poyavlenie prozapadnykh pravitelstv v belorussii,,,,23,Bharat Electronics Ltd,irrelevant,"The title appears to be in a non-English language and discusses political or social issues in Belarus, which does not seem to be related to a company's business or financial news"
27597678,Google cenzuruje &#x15B;lusarzy m.in. w Belgii i Niemczech. Rzemie&#x15B;lnicy szukaj&#x105; wytrycha,,,,23,Bharat Electronics Ltd,irrelevant,"Article mentions Google in a passing context related to censorship, but it's not primarily about Google's business or financials"
18379082,Fitch withdraws s t ratings pennsylvania infrastructure investment,,,,16,ITC Ltd,irrelevant,"Fitch ratings withdrawal is mentioned, but the article is about Pennsylvania infrastructure investment, not Fitch or its ratings directly"
28754892,"Ministerul Ap&#x103;r&#x103;rii, anun&#x21B; de ultim moment: &#x201E;For&#x21B;ele armate din Belarus &#xEE;ncep exerci&#x21B;ii de preg&#x103;tire pentru r&#x103;zboi"" &#x2013; Evenimentul Zilei",,,,23,Bharat Electronics Ltd,irrelevant,"The article is about military exercises in Belarus, not related to any specific company's business or financials"
28757978,"Belkin Revamps SOUNDFORM&#x2122; Audio Portfolio With New Colors, Robust Feature Sets, and Kid-friendly Offerings &#x2013; Consumer Electronics Net",,,,23,Bharat Electronics Ltd,relevant,Belkin's product portfolio revamp is a significant product update announcement
27594164,"Belarus, Pakistan discuss preparations for Prime Minister Imran Khan's visit to Minsk",,,,23,Bharat Electronics Ltd,irrelevant,"The article is about diplomatic discussions between Belarus and Pakistan, not related to any specific company's business or financials"
31332511,Trenton Police Department kicks off 'National Night Out',,,,42,Trent Ltd,irrelevant,"Local event in Trenton, no business or financial relevance"
18368808,Artists from belarus and russia to take part in plein air in mozyr district i 83800,,,,23,Bharat Electronics Ltd,irrelevant,"Cultural event in Mozyr district, no business or financial relevance"
31332576,"Victor Ambros y Gary Ruvkun, descubridores del microARN, Nobel de Medicina 2024",,,,23,Bharat Electronics Ltd,irrelevant,"Scientific award, no direct business or financial relevance to specific companies"
24123365,In der simplonhalle durfte staatsrat christophe darbellay am freitag die maturadiplome uebergeben ueber 200 schueler starteten gluecklich in einen neuen lebensabschnitt 97533,,,,23,Bharat Electronics Ltd,irrelevant,"Local educational event, no business or financial relevance"
20733007,Beleave announces debt settlement 2016 10 13,,,,23,Bharat Electronics Ltd,relevant,"Beleave announces debt settlement, direct financial action"
28248662,Polres Pelabuhan Belawan Serahkan Sejumlah Anak Terlibat Tawuran Kembali ke Ortunya,,,,23,Bharat Electronics Ltd,irrelevant,"Local incident involving police returning children to their parents after a brawl — individual/local incident, not material to a company's stock"
31334173,"Daron Acemo&#x11F;lu, Aziz Sancar'dan sonra Nobel kazanan ikinci Galatasarayl&#x131; oldu: Kul&#xFC;pten tebrik geldi",,,,23,Bharat Electronics Ltd,irrelevant,"Article about a Galatasaray member winning a Nobel Prize — celebrity/lifestyle content, not primarily about a company's business or financials"
22159549,Postverteilerzentrumlogistikzentrum langenzersdorf pseudo sup unterlagen belegen sup pflicht anhang,,,,23,Bharat Electronics Ltd,irrelevant,Jumbled text appears to be a document or file name — not a coherent article title related to a company's business or financials
28754187,"""Write fewer papers, take more risks"": researchers call for 'rebellion' against academic convention",,,,23,Bharat Electronics Ltd,irrelevant,Article about researchers calling for a rebellion against academic convention — not related to a specific company's business or financials
28755673,SwitchON Foundation in collaboration with JMU plans to set up Miyawaki Urban Forests on EM Bypass,,,,16,ITC Ltd,irrelevant,Article about a foundation and university planning to set up urban forests — not primarily about a company's business or financials
27599167,Belgium: 60 companies & business federations urge Government to introduce due diligence legislation - Business & Human Rights Resource Centre,,,,23,Bharat Electronics Ltd,irrelevant,"The article mentions 60 companies but does not primarily focus on any one company, it's about a general call for due diligence legislation"
28249349,Reliance New Energy Solar announces acquisition of REC Solar Holdings for $771 million,,,,1,Reliance Industries Ltd,relevant,Reliance New Energy Solar's acquisition of REC Solar Holdings for $771 million is a specific corporate action
24125231,Spawacz tig   belgia,,,,23,Bharat Electronics Ltd,irrelevant,The title appears to be unrelated to business news and seems to be a random phrase
28246317,Braemar Hotels & Resorts To Ring Opening Bell At NYSE,,,,23,Bharat Electronics Ltd,relevant,"Braemar Hotels & Resorts is specified to ring the opening bell at the NYSE, an event directly related to the company"
31332453,Victor Ambros y Gary Ruvkun ganan el Nobel de Medicina 2024 por el micro-ARN,,,,23,Bharat Electronics Ltd,irrelevant,"The article appears to be about scientific research and awards, not related to business or financial news about a specific company"
28250031,"Wirtschaftsnobelpreis 2021: Card, Angrist, Imbens ausgezeichnet",,,,23,Bharat Electronics Ltd,irrelevant,"The article is about the 2021 Nobel Prize in Economics, not related to a specific company"
28760058,"Campbell Soup lifts sales forecast on easing supply snarls, robust demand",,,,23,Bharat Electronics Ltd,relevant,"Campbell Soup's sales forecast is lifted due to easing supply issues and strong demand, directly impacting the company's financials"
18373176,Al meer dan 100 ivm baby s geboren in belgie,,,,23,Bharat Electronics Ltd,irrelevant,"The article is about a record number of births in Belgium, not related to a specific company"
27596514,193rd Day Of Protests: Rallies Held In Belarus And Abroad,,,,23,Bharat Electronics Ltd,irrelevant,"The article is about protests in Belarus, not related to a specific company"
28248801,Borussia Dortmund: El delantero noruego Haaland se recupera de su lesi&#xF3;n en Marbella,,,,23,Bharat Electronics Ltd,irrelevant,"The article is about a soccer player's injury recovery, not related to a specific company's business or financials"
31330832,"B&#xE1;rbara Rey pide auxilio a la Polic&#xED;a en Marbella tras sentirse perseguida por la prensa: ""&#xA1;No puedo m&#xE1;s!""",,,,23,Bharat Electronics Ltd,irrelevant,"Article about a celebrity feeling persecuted by the press, no business impact or company involvement"
22158754,Five charged in belvidere armed robbery 423239074,,,,23,Bharat Electronics Ltd,irrelevant,"Local crime report about an armed robbery, no company or business relevance"
28250406,W&#x142;ochy : Belgia - Raport meczowy -  Liga Narod&#xF3;w - mecz o 3. miejsce,,,,23,Bharat Electronics Ltd,irrelevant,"Sports report about a soccer match, no business or company news"
31331550,"Han Kang Awarded 2024 Nobel Prize For Literature, Reflecting On Fragility And Human Trauma",,,,23,Bharat Electronics Ltd,irrelevant,"Literary award announcement, not related to any company's business or financials"
20735350,Woman involved in mitchell robbery kidnapping arrested in north dakota,,,,16,ITC Ltd,irrelevant,"Crime report about a kidnapping and robbery, no company or business involvement"
18373521,Belarus academy of sciences busy working on four new union state programs i 83853,,,,23,Bharat Electronics Ltd,irrelevant,The article title does not mention a specific company and appears to be about general scientific programs
27594572,"Lukashenko: Current values, priorities in demand in Belarusian society",,,,23,Bharat Electronics Ltd,irrelevant,The article title does not mention a specific company and appears to be about societal values and priorities
27597698,3 Cryptocurrencies That Have Crushed Bitcoin Over the Past 3 Months,,,,16,ITC Ltd,irrelevant,The article title is about cryptocurrencies in general and does not focus on a specific company
28754745,On the Market: A Modern Farmhouse in Belmont with a Fitness Wing,,,,23,Bharat Electronics Ltd,irrelevant,The article title appears to be about a real estate listing and not related to business or financial news
22162689,Quantitative investment management llc takes position in five below inc five,,,,23,Bharat Electronics Ltd,relevant,The article title mentions a specific company (Five Below Inc) and a quantitative investment management firm's position in it
18366873,Arsenal dijamu palace petr cech halau label perusak klub,,,,23,Bharat Electronics Ltd,irrelevant,"Article appears to be about a sports event or a celebrity (Petr Cech) associated with Arsenal, but does not contain financial or business information about the club"
31331460,Nobelpreise: Auch die verkannten Genies und Pechv&#xF6;gel geh&#xF6;ren zur Historie,,,,23,Bharat Electronics Ltd,irrelevant,Article seems to be about Nobel Prize history and does not mention any specific company or financial/business topic
27593886,Ted Lieu Defends Mitch McConnell After Donald Trump's Broadside,,,,16,ITC Ltd,irrelevant,"Article is about politics and a confrontation between politicians, does not contain financial or business information"
18379466,Thompson manisa buyuksehir belediyesporda h931576,,,,23,Bharat Electronics Ltd,irrelevant,Title appears to be nonsensical or in a foreign language and does not clearly relate to a specific company's financials or business
24124974,Anons matchej chm 23 iyunya nemcy zhazhdut reabilitacii belgijcy dumayut o plej off,,,,23,Bharat Electronics Ltd,irrelevant,"Article seems to be about sports, specifically a match, and does not contain financial or business information about a company"
28753454,Mitchells & Butlers (OTCMKTS:MBPFF) Upgraded by Zacks Investment Research to Hold,,,,16,ITC Ltd,relevant,Mitchells & Butlers stock rating upgraded by Zacks Investment Research to Hold — analyst action on the company's stock
28249621,Belarus expects that Poland will return to fulfilling its obligations on refugees,,,,23,Bharat Electronics Ltd,irrelevant,"Article about Belarus and Poland's obligations on refugees, no mention of a specific company's stock or business"
18376909,"Kuluda okullarda calisacaklar kurayla belirlendi(17,n,11994439,943)",,,,23,Bharat Electronics Ltd,irrelevant,"Article appears to be in a different language and seems to be about a school lottery, not a company's stock or business"
28753665,"Hasil UEFA Nations League Tadi Malam: Belgia Kena Mental, Prancis Tumbang, Debut Manis Rangnick",,,,23,Bharat Electronics Ltd,irrelevant,"UEFA Nations League results, sports news with no relation to a specific company's stock or business"
18371959,34703051 fitch erhoeht griechenland um eine stufe auf ccc 015,,,,16,ITC Ltd,irrelevant,"Fitch rating change for Greece, not related to a specific company's stock or business"
31332720,Taco Bell Is Testing Chicken Al Pastor Street Chalupas,,,,23,Bharat Electronics Ltd,irrelevant,"Taco Bell is testing a new product, but the article is likely a consumer-focused piece about the product rather than a material business announcement"
27593710,'Uvezena mafija' i mogu&#x107;e veze sa dr&#x17E;avom u slu&#x10D;aju Belivuk,,,,23,Bharat Electronics Ltd,irrelevant,The title appears to be in a different language and does not clearly relate to a specific company's business news
22163355,Isabel campbell school enters samsung challenge,,,,23,Bharat Electronics Ltd,irrelevant,"The article mentions a school and a Samsung challenge, but it's likely a one-off event or a consumer piece rather than material business news for Samsung"
28755950,"Belarus, Cuba discuss mutual cooperation areas",,,,23,Bharat Electronics Ltd,irrelevant,The article appears to be about diplomatic discussions between two countries and does not seem to be related to a specific company's business news
31330755,"Titan Army P2510S 25-inch 240 Hz QHD gaming monitor review: Impressive color, performance and value",,,,17,Titan Company Ltd,irrelevant,The article is a product review and not a material business announcement or news related to the company
28758939,Taco Bell Opens Futuristic 2-Story Drive-Thru Complete With Food Elevators | 102.3 THE BEAT,,,,23,Bharat Electronics Ltd,relevant,"Taco Bell opens futuristic 2-story drive-thru, a significant investment in technology and customer experience"
24125900,Les politiques belges briefes sur le risque d ingerence russe,,,,23,Bharat Electronics Ltd,irrelevant,"Article about Belgian politics and Russian interference, no mention of a specific company"
20733341,Bob dylan dice academia sueca acepta nobel,,,,23,Bharat Electronics Ltd,irrelevant,"Bob Dylan mentions Swedish Academy, not related to a specific company's business or financials"
18378519,Fitch no rating impact on iowa fertilizer company llc rating following,,,,16,ITC Ltd,relevant,"Fitch rating update for Iowa Fertilizer Company, directly impacts the company's financial situation"
22164311,Acadia healthcare company breaks below 200 day moving average notable for achc cm793933,,,,23,Bharat Electronics Ltd,irrelevant,"Stock price movement of Acadia Healthcare Company without a stated business reason, appears to be pure market analysis"
24124723,Le recif corallien de belize retire de la liste du patrimoine en danger,,,,23,Bharat Electronics Ltd,irrelevant,"Article about a coral reef in Belize, not related to a specific company's financial news"
24126512,Virtualnye chitalnye zaly mogut poyavitsya v belorusskikh shkolakh,,,,23,Bharat Electronics Ltd,irrelevant,"Article about virtual reading rooms in Belarusian schools, not related to a specific company's financial news"
28757239,City of Mitchell discuss 14th Street traffic issues during Monday meeting,,,,16,ITC Ltd,irrelevant,"Article about a local traffic meeting in Mitchell, not related to a specific company's financial news"
24128743,Belorusskaya firma uklonyalas ot tamozhennyh platezhej,,,,23,Bharat Electronics Ltd,relevant,"Article about a Belarusian firm avoiding customs payments, which could have financial and legal implications for the company"
27752887,Bitcoin ETFs: Worth a Buy?,,,,16,ITC Ltd,irrelevant,"Article discussing the general topic of buying Bitcoin ETFs, not specifically about a company's financial news"
18377067,Hedge funds so down on us stocks gabelli says time to buy 22781,,,,23,Bharat Electronics Ltd,irrelevant,"The article appears to be about a general market view from a hedge fund manager, but it does not specifically focus on one company's stock performance or business news."
22169600,"Altintas belediyesi cami yaptirdi(17,n,12604887,535)",,,,23,Bharat Electronics Ltd,irrelevant,The title does not appear to be in English and does not clearly relate to business or financial news about a specific company.
28249980,Ressa's Nobel victory finally merits comments from Palace; 'We're happy for it',,,,23,Bharat Electronics Ltd,irrelevant,The article seems to be about a general reaction to a Nobel Prize victory and does not specifically focus on business or financial news about a company.
28754201,Minister: TIBO 2022 will review IT development in Belarus,,,,23,Bharat Electronics Ltd,irrelevant,The article appears to be about an event or conference related to IT development in Belarus and does not specifically focus on business or financial news about a company.
31333549,La Polic&#xED;a Local de Marbella incauta en lo que va de a&#xF1;o m&#xE1;s de 18.000 art&#xED;culos contra la venta ambulante ilegal,,,,23,Bharat Electronics Ltd,irrelevant,The article appears to be about a local law enforcement action against illegal street vendors and does not specifically focus on business or financial news about a company.
20735055,Belhasa international secures business critical r1050684618,,,,23,Bharat Electronics Ltd,irrelevant,"The title is incomplete and does not provide enough information to determine relevance, but 'business critical' suggests a company announcement; however, it's unclear which company's stock would be impacted"
28753559,"Centro Municipal de Sa&#xFA;de Heitor Beltr&#xE3;o, na Tijuca, deixa de oferecer vacinas contra Covid e gripe",,,,23,Bharat Electronics Ltd,irrelevant,"The article appears to be about a local health center and its vaccination services, not related to a specific company's stock performance or business actions"
28756685,Haven't Been Able To Get A Mexican Pizza From Tacobell?... This Is Why | 92.5 WPAP,,,,23,Bharat Electronics Ltd,irrelevant,"The article discusses a consumer issue with Taco Bell's menu item availability, not a company announcement or financial impact"
22161983,351923 na territoriyu posolstva belarusi v vilnyuse brosili petardu,,,,23,Bharat Electronics Ltd,irrelevant,"The article reports on an incident involving a petard thrown at the Belarusian embassy, which does not appear to relate to a company's stock or business actions"
31331573,Taco Bell returns the Double Decker Taco to its menu for October,,,,23,Bharat Electronics Ltd,relevant,"Taco Bell, a specific company, is announcing the return of a product to its menu, which could impact sales and stock performance"
28758679,Termoenergetica inchiriaza 5 capacitati modulare pentru productia de energie termica in spatiul fostului CET Titan,,,,17,Titan Company Ltd,relevant,"Termoenergetica announces leasing of modular capacities for heat energy production, indicating a corporate action"
20734482,Lychshyyu molodyyu semyu vibrali v belarysi,,,,23,Bharat Electronics Ltd,irrelevant,The title appears to be in a different language and does not seem to relate to a specific company's business news or financial information
28753207,Belinvestbank Possibly Got Into Sixth Package Of EU Sanctions,,,,23,Bharat Electronics Ltd,relevant,"Belinvestbank possibly facing EU sanctions, which would have a material impact on the company's operations and financials"
28247621,EQS-News: Bellevue Asset Management AG: Bellevue Asset Management lanciert Bellevue Global Income (Lux) Fonds,,,,23,Bharat Electronics Ltd,irrelevant,"The article is about Bellevue Asset Management launching a new fund, which does not directly relate to the business news or financial information of the company mentioned in the other titles"
24117235,Russia belarus finland fbl wc 2018 immigration 1933953,,,,23,Bharat Electronics Ltd,irrelevant,The title appears to be a jumbled collection of words and does not seem to relate to a specific company's business news or financial information
22164608,From deep in atlantic titanic relics sail toward auction,,,,17,Titan Company Ltd,irrelevant,"Article about Titanic relics going to auction, not primarily about a company"
18369905,Fitch rates public facilities fin auth of san diego ca wastewater revs aa outlook stable 2015 08 17,,,,16,ITC Ltd,relevant,"Fitch rates public facilities financing authority of San Diego CA wastewater revs, directly related to a company's financials"
31333690,Fugro Names Annabelle Vos Director for Middle East & India,,,,23,Bharat Electronics Ltd,relevant,"Fugro names new director for Middle East & India, a corporate-level appointment"
31333326,Los descubridores del microARN ganan el Nobel de Medicina | Noticias Diario de Burgos,,,,23,Bharat Electronics Ltd,irrelevant,"Article about Nobel Prize in Medicine, not related to a specific company"
22164894,Mid neizvestno o nalichii belorusov sredi postradavshih pri terakte v manchestere,,,,23,Bharat Electronics Ltd,irrelevant,"Article about an unclear topic regarding Belarusian citizens and a terrorist attack in Manchester, not related to a company"
28247846,Reliance launches premium retail mall Jio World Drive in Mumbai,,,,1,Reliance Industries Ltd,relevant,"Reliance launches a new premium retail mall, a significant corporate action"
18377086,"Aktuelle nachrichten artikel, fitch stuft griechenland nach einigung mit glaeubigern hoch  arid,10289906",,,,16,ITC Ltd,irrelevant,"The article is primarily about Fitch's rating of Greece, with no mention of Reliance"
28752537,La Ganzega dei Ciusi e Gobj / Eventi in citt&#xE0; / Vivi la citt&#xE0; / Citt&#xE0; / Trento Citt&#xE0; - Sito ufficiale del Comune di Trento,,,,42,Trent Ltd,irrelevant,"The article appears to be about local events in Trento, Italy, with no business relevance"
24114218,54812 reliance industries and jm financial set to buy alok industries 20180623,,,,1,Reliance Industries Ltd,relevant,"Reliance Industries and JM Financial are reportedly set to buy Alok Industries, a significant corporate action"
28250563,"Qui&#xE9;n es Abdulrazak Gurnah, el refugiado tanzano que se convirti&#xF3; ""por accidente"" en la voz de los desplazados y gan&#xF3; el Nobel de Literatura",,,,23,Bharat Electronics Ltd,irrelevant,"The article is a biographical piece about Abdulrazak Gurnah, with no business relevance"
28751667,"Belgian king regrets colonial past in DRC, stops short of apology",,,,23,Bharat Electronics Ltd,irrelevant,"Article about Belgian king's statement on colonial past, not related to a specific company"
27595975,"Mai mul&#x21B;i jurnali&#x15F;ti, militan&#x163;i pentru drepturile omului &#x15F;i sindicali&#x15F;ti din Belaruss, viza&#x163;i de o serie de perchezi&#x163;ii",,,,23,Bharat Electronics Ltd,irrelevant,"Article about journalists, activists, and unionists in Belarus being targeted by searches, not related to a specific company"
28759340,Amazon's Notice To Future Group Promoters To Stop Transaction With Reliance,,,,1,Reliance Industries Ltd,relevant,"Article about Amazon's notice to Future Group promoters, directly related to Amazon's business actions"
31334282,Nobel z ekonomii. Kto otrzyma&#x142; nagrod&#x119; i co to oznacza dla Polski?,,,,23,Bharat Electronics Ltd,irrelevant,"Article about the Nobel Prize in Economics and its implications for Poland, not related to a specific company"
18375924,Belarus china to discuss trade economic cooperation in beijing on 20 august i 83829,,,,23,Bharat Electronics Ltd,irrelevant,"Article about Belarus-China trade and economic cooperation, not related to a specific company"
27596248,Belarus' adherence to international safety standards in nuclear power plant construction stressed | NEWSWIRE | NPP Belarus &#x2013; Nuclear power industry &#x2013; News Belarus &#x2013; Technologies,,,,23,Bharat Electronics Ltd,irrelevant,"Article is about Belarus' nuclear power plant construction and international safety standards, not specifically about a company"
31330679,Adobe Inc. (NASDAQ:ADBE) Position Decreased by Vontobel Holding Ltd.,,,,23,Bharat Electronics Ltd,irrelevant,"Article mentions Adobe Inc. but is about a change in Vontobel Holding Ltd.'s position, not Adobe's business"
31332040,"Mukesh Ambani's Reliance Jio seeks revised paper on satellite spectrum allocation, alleges...",,,,1,Reliance Industries Ltd,relevant,"Article is about Reliance Jio's actions regarding satellite spectrum allocation, directly impacting the company"
31331011,Prof. Su&#x142;kowska: tegoroczny Nobel z chemii to nagroda za wyj&#x15B;cie poza granice wyobra&#x17A;ni,,,,23,Bharat Electronics Ltd,irrelevant,Article appears to be in a different language and does not clearly relate to a specific company's business news
28245700,Nobel peace prize 2021: journalists Maria Ressa and Dmitry Muratov win &#x2013; live,,,,23,Bharat Electronics Ltd,irrelevant,Article is about the Nobel Peace Prize winners and does not relate to a specific company's business news
28757192,"Taco Bell Opens First ""Drive-Thru Of The Future"" | 106.1 The Twister",,,,23,Bharat Electronics Ltd,relevant,"Taco Bell opens first ""Drive-Thru Of The Future"" — major product launch or update"
24122314,Jelang mudik lebaran kapolres pelabuhan belawan beri enam poin himbauan,,,,23,Bharat Electronics Ltd,irrelevant,Article appears to be in a different language and does not seem to be primarily about a specific company — may be local news or announcement
22166662,Pitcairn co sells 79 shares of mettler toledo international inc mtd,,,,16,ITC Ltd,relevant,Pitcairn co sells shares of Mettler Toledo International Inc — insider transaction or change in ownership
27598088,Le chargeur Belkin Boost Charge Pro est disponible en France,,,,23,Bharat Electronics Ltd,irrelevant,Product announcement but appears to be a consumer-focused article about a product's availability in a specific market — not primarily about the company's business or financials
20730513,Winchester designer features label at hartford fashion week,,,,23,Bharat Electronics Ltd,irrelevant,"Winchester designer features label at fashion week — individual event or product showcase, not material business news"
27596319,Bornauw muss sich wohl Wirbels&#xE4;ulen-Operation unterziehen,,,,23,Bharat Electronics Ltd,irrelevant,"Article about a sports player's medical issue, not related to a company's business or financials"
24120425,Holocaust survivor speaks bellmore students,,,,23,Bharat Electronics Ltd,irrelevant,"Article about a Holocaust survivor speaking to students, no connection to a company's financials or business"
28756986,"Tata Group Stock: Titan &#x92A;&#x930; &#x92C;&#x94D;&#x930;&#x94B;&#x915;&#x930;&#x947;&#x91C; '&#x928;&#x94D;&#x200D;&#x92F;&#x942;&#x91F;&#x94D;&#x930;&#x932;', &#x91A;&#x947;&#x915; &#x915;&#x930;&#x947;&#x902; &#x91F;&#x93E;&#x930;&#x917;&#x947;&#x91F;; Rakesh Jhunjhunwala &#x915;&#x93E; &#x92D;&#x940; &#x939;&#x948; &#x928;&#x93F;&#x935;&#x947;&#x936;",,,,17,Titan Company Ltd,relevant,"Article about a stock (Titan) within the Tata Group, mentioning financial targets and a notable investor"
28246535,Gana el escritor tanzano Abdulrazak Gurnah el Premio Nobel de Literatura 2021,,,,23,Bharat Electronics Ltd,irrelevant,"Article about a literary award winner, not related to a company's business or financials"
28248597,Le Nobel d'&#xE9;conomie &#xE0; un trio de sp&#xE9;cialistes en exp&#xE9;riences - Toute l'actualit&#xE9; de la Guadeloupe sur Internet,,,,23,Bharat Electronics Ltd,irrelevant,"Article about economics award winners, not related to a specific company's business or financials"
20733855,Fitch takes rating actions enhanced equipment notes,,,,16,ITC Ltd,relevant,"Fitch takes rating actions on enhanced equipment notes, indicating a credit rating change"
18374183,3452226 who wins and who loses with oil below 50 part ii,,,,23,Bharat Electronics Ltd,irrelevant,Article discusses oil prices and mentions no specific company as the subject
28249988,"Nobel de la paz 2021: &#xBF;Qui&#xE9;nes son los ganadores y por qu&#xE9;? - El Sol de M&#xE9;xico | Noticias, Deportes, Gossip, Columnas",,,,23,Bharat Electronics Ltd,irrelevant,"Article is about Nobel Peace Prize winners, not related to a specific company's business or financials"
20731832,Verleihung literaturnobelpreis geht an bob dylan 24908780,,,,23,Bharat Electronics Ltd,irrelevant,"Article is about the literature Nobel Prize going to Bob Dylan, not related to a specific company's business or financials"
24116420,Wipro positioned as a leader in gartners magic quadrant 2018 for oracle application services worldwide 2018 06 21,,,,35,Wipro Ltd,relevant,"Wipro is positioned as a leader in Gartner's Magic Quadrant for Oracle application services, indicating a business recognition"
28759863,Belgian king returns mask on visit to DR Congo alongside PM,,,,23,Bharat Electronics Ltd,irrelevant,"Article about Belgian king's visit to DR Congo, no business impact or company mentioned"
28752028,Taco Bell's Futuristic Drive-Thru in Minnesota,,,,23,Bharat Electronics Ltd,irrelevant,"Taco Bell's futuristic drive-thru mentioned, but article appears to be a general feature or lifestyle piece, not primarily about the company"
28756329,Belgian income tax: The Bulletin's fully updated guide to filing your 2022 return,,,,23,Bharat Electronics Ltd,irrelevant,"Guide to filing income tax in Belgium, no company mentioned"
31332170,"CULTURA ITALIANA NEL MONDO - MUSICA/AMBIENTE - A TRENTO Ila EDIZ. ""FILARMONICA CASUAL"" EMINENTI POLISTRUMENTISTI CON 50 STRUMENTI MUSICALI UNICI AL MONDO. / News / Italian Network",,,,42,Trent Ltd,irrelevant,"Cultural event in Italy, no company mentioned and appears to be a general cultural piece"
18379411,Rotary happenings  sanibel community house one of island s oldest building,,,,23,Bharat Electronics Ltd,irrelevant,"Community events at Sanibel Community House, no company mentioned and appears to be a general community piece"
28755895,Taco Bell opens its first 'Defy' restaurant that prioritizes ordering via app,,,,23,Bharat Electronics Ltd,relevant,Taco Bell opens its first 'Defy' restaurant with a focus on app-based ordering — a significant product launch and strategy update
20736373,Hauck aufhaeuser belaesst saf holland auf buy ziel 18 euro 4287053,,,,23,Bharat Electronics Ltd,irrelevant,"Article appears to be about a stock price target by Hauck aufhaeuser, but the company being analyzed is not clear, and it seems to be in a different language with incomplete information"
28250343,"@VraiNobel OK, ce n'est pas un prix Nobel canal",,,,23,Bharat Electronics Ltd,irrelevant,"A casual social media mention of a Nobel Prize, not related to a specific company's business news"
31333641,Otorgan el Premio Nobel de Medicina a los descubridores del microARN :: El Diario de La Pampa,,,,23,Bharat Electronics Ltd,irrelevant,"The Nobel Prize in Medicine is awarded to discoverers of microARN — a general news article about a scientific achievement, not specifically about a company"
22158942,The global wind turbine pitch systems market is valued is expected to reach 1654 69 million by the end of 2022,,,,16,ITC Ltd,irrelevant,"A market research report about the global wind turbine pitch systems — a general industry analysis, not specifically about a company"
28250027,"N&#xEB; Angli dhe Belgjik&#xEB; k&#xEB;rkohet nga prind&#xEB;rit q&#xEB; t&#xEB; mos i lejojn&#xEB; f&#xEB;mij&#xEB;t t&#xEB; shikojn&#xEB; ""Squid Game"" t&#xEB; NETFLIX, sepse po i kopjojn&#xEB; skenat e rrezikshme n&#xEB; shkoll&#xEB;",,,,23,Bharat Electronics Ltd,irrelevant,"Article is about parents being advised not to let children watch a specific Netflix show, not primarily about Netflix's business"
20739265,Uk akzonobel results idukkcn12j0g6,,,,23,Bharat Electronics Ltd,relevant,"Article appears to be about AkzoNobel's financial results, which directly impacts investors"
28760045,"Ao vivo, Maria Beltr&#xE3;o chora ao se despedir da GloboNews | Divers&#xE3;o",,,,23,Bharat Electronics Ltd,irrelevant,"Article is about a news anchor's personal moment on a network, not related to a company's business or financials"
18375025,Contemporary design kitchen,,,,16,ITC Ltd,irrelevant,"Article is about kitchen design, not related to a specific company's business or financials"
27597195,"Belarus strongman Alexander Lukashenko crows that he's ""survived"" a foreign ""blitzkrieg""",,,,23,Bharat Electronics Ltd,irrelevant,"Article is about political news and a country's leader, not related to a specific company's business or financials"
24119447,Gave false information of bomb in indigo airlines gurugram,,,,39,InterGlobe Aviation Ltd,irrelevant,"Article about a false bomb threat on an airline flight, not related to the airline company's business or financials"
24120550,Hippisme maxamore et aspasra disqualifies gameloft et rebel alliance declares vainqueurs,,,,23,Bharat Electronics Ltd,irrelevant,"Article appears to be about a gaming event or competition, with no clear connection to a specific company's business or financials"
20739005,Durafast label company now taking pre orders for the new epson tm c7500ge graphics edition color label printer bundle 2016 10 19,,,,23,Bharat Electronics Ltd,relevant,"Durafast label company is taking pre-orders for a new product bundle, which is a business-related announcement"
18371440,19001 skonchalsya narodnyj artist belarusi sergej zhuravel,,,,23,Bharat Electronics Ltd,irrelevant,"Article about the death of a Belarusian artist, with no apparent connection to a company's business or financials"
24120830,Get gardening with bellflower garden centre 1 5571881,,,,23,Bharat Electronics Ltd,irrelevant,"Article appears to be a promotional piece for a gardening center, with no clear connection to a specific company's business or financials"
27598165,"grasim industries Q3 earnings: Grasim Industries Q3 results: Net profit surges 107% at Rs 2,152 crore",,,,38,Grasim Industries Ltd,relevant,Grasim Industries reports Q3 earnings with significant net profit increase — direct financial result
31333874,Hubbell (NYSE:HUBB) Reaches New 52-Week High  &#x2013; What's Next?,,,,23,Bharat Electronics Ltd,irrelevant,"Hubbell reaches new 52-week high, but article is about stock price movement without a stated business reason"
22166710,Preliminary hearing held for bellaire murder,,,,23,Bharat Electronics Ltd,irrelevant,"Preliminary hearing for a murder case — individual/local incident, not related to a company"
22168724,4074608 tweedy brownes letter akzo nobels board re ppgs buyout offer,,,,23,Bharat Electronics Ltd,relevant,Tweedy Browne sends letter to Akzo Nobel's board regarding PPG's buyout offer — corporate-level M&A activity
27594233,Belardi Wong Expands Client Roster and Staff Amid Growth of DTC Category,,,,23,Bharat Electronics Ltd,irrelevant,Belardi Wong expands client roster — not primarily about a specific company's business news or financials
18367189,Fitch assigns initial bbb idr to integrys affirms wec at bbb 2015 08 17,,,,16,ITC Ltd,relevant,"Fitch assigns credit rating to Integrys, a specific company's financial standing"
20732864,"Tekirdag buyuksehir belediyesinin otobuslerine el koydular(17,n,12376248,915)",,,,23,Bharat Electronics Ltd,irrelevant,"Article appears to be about a local Turkish government or transportation issue, no clear connection to a specific company's financial news"
18375491,Fitch raises greece rating 20150819 4197i,,,,16,ITC Ltd,irrelevant,"Fitch raises Greece's rating, a macroeconomic and country-level development, not company-specific"
31332505,3 share Nobel in Economics for explaining why some countries are rich and others poor,,,,23,Bharat Electronics Ltd,irrelevant,"Nobel Prize in Economics awarded, a general recognition in the field, not company-specific news"
20734389,Klart for nobels litteraturpris 13636616,,,,23,Bharat Electronics Ltd,irrelevant,"Nobel Literature Prize announcement, unrelated to financial news or a specific company"
20739751,Belhaven conference focuses on faith and mental 10029713,,,,23,Bharat Electronics Ltd,irrelevant,"The article title does not mention any company-related news or financial information, appears to be about a conference"
20733079,Belcikada dev mac club bruggeun 3700465h,,,,23,Bharat Electronics Ltd,irrelevant,The article title seems to be nonsensical and does not appear to be related to any company news or financial information
18375969,Fitch affirms f1 s t rating on maryland cda residential rev bonds 2012 series b 2015 08 18,,,,16,ITC Ltd,irrelevant,"The article title mentions a rating affirmation, but it is related to Maryland CDA residential rev bonds, not a specific company, and seems to be more related to a government or municipal entity"
22163109,Watch ultra street fighter ii the final challengers switch between old school and hd graphics,,,,16,ITC Ltd,irrelevant,The article title appears to be about a video game and does not mention any company-related news or financial information
28245774,Maria Ressa's Nobel peace prize win is an indictment of Facebook,,,,23,Bharat Electronics Ltd,irrelevant,"The article title mentions Facebook, but it is in the context of criticism and not related to the company's financials, operations, or business strategy"
28249668,Stockholm: Abdulrazak Gurnah bekommt Literaturnobelpreis,,,,23,Bharat Electronics Ltd,irrelevant,"The article is about the Nobel Prize in Literature being awarded to Abdulrazak Gurnah, with no mention of a specific company"
22158989,1495178415 v chetverg vecherom na territorii posolstva belarusi v litve proizoshel,,,,23,Bharat Electronics Ltd,irrelevant,"The article appears to be about an event at the Belarusian embassy in Lithuania, but the title is not in English and does not clearly relate to a specific company's business news"
20736963,Equinet belaesst slm solutions auf buy ziel 27 50 euro 9751856,,,,23,Bharat Electronics Ltd,relevant,"The article mentions Equinet setting a buy rating on SLM Solutions with a target price, which is a direct analyst action on a specific company"
18378013,Fitch affirms hsbc mexicos idr at a vr at bbb outlook stable 2015 08 13,,,,16,ITC Ltd,relevant,"The article states that Fitch affirms HSBC Mexico's IDR at A, which is a credit rating action on a specific company"
31334218,Two Americans Win Nobel for Medicine,,,,23,Bharat Electronics Ltd,irrelevant,"The article is about two Americans winning the Nobel Prize in Medicine, with no mention of a specific company"
18374255,Auto estrada e411 luxemburgo bruxelas bloqueada por manifestac o de agricultores belgas 55d428560c88b46a8ce5e933,,,,23,Bharat Electronics Ltd,irrelevant,"Article about a roadblock due to a farmer's protest, not related to a specific company's business or financial news"
22158515,40915887 cancer research uk selects spinnaker support for siebel crm support 008,,,,23,Bharat Electronics Ltd,relevant,"Cancer Research UK selects Spinnaker Support for Siebel CRM support, a specific business contract announcement"
31333145,Investigadores de EE.UU. ganan Nobel de Medicina por hallazgos en la regulaci&#xF3;n del comportamiento de los genes,,,,23,Bharat Electronics Ltd,irrelevant,"Article about a general scientific breakthrough, not related to a specific company's business or financial news"
28758587,Japan-Russia-Sanctions :  Japan imposes sanctions on banks of Russia and Belarus| international News in Hindi | Japan-Russia-Sanctions : &#x91C;&#x93E;&#x92A;&#x93E;&#x928; &#x928;&#x947; &#x930;&#x942;&#x938; &#x914;&#x930; &#x92C;&#x947;&#x932;&#x93E;&#x930;&#x942;&#x938; &#x915;&#x947; &#x92C;&#x948;&#x902;&#x915;&#x94B;&#x902; &#x92A;&#x930; &#x932;&#x917;&#x93E;&#x90F; &#x92A;&#x94D;&#x930;&#,,,,23,Bharat Electronics Ltd,irrelevant,"Article about Japan imposing sanctions on Russian and Belarusian banks, a macro/political news piece, not specifically about a company's business or financials"
27595762,Sul caso dei 3 orsi in gabbia in Trentino il parere dell'esperto molisano Antonio Liberatore,,,,42,Trent Ltd,irrelevant,"Article about an expert's opinion on a local incident involving bears, not related to a specific company's business or financial news"
28247932,"Expectativa por el Nobel de la Paz, sin un candidato claro este a&#xF1;o",,,,23,Bharat Electronics Ltd,irrelevant,"The article is about the expectation for the Nobel Peace Prize without a clear candidate this year, not related to a specific company's stock or business"
24121979,Agencia fitch eurogrupo mejora sostenibilidad a largo plazo de deuda griega 677792,,,,16,ITC Ltd,irrelevant,"The article mentions Fitch rating agency improving Greece's long-term debt sustainability, but it's primarily about the Greek economy, not a specific company"
27596602,"Kilbourne Group to Implement SmartRent in Fargo, N.D., Apartment Communities",,,,42,Trent Ltd,relevant,"The article is about Kilbourne Group implementing SmartRent in their apartment communities, which could impact Kilbourne Group's business or stock"
27597051,Red Flames: le match amical Belgique - Pays-Bas au Stade Roi Baudouin plut&#xF4;t qu'&#xE0; Louvain,,,,23,Bharat Electronics Ltd,irrelevant,"The article is about a friendly soccer match between Belgium and the Netherlands, not related to a specific company's stock or business"
28249733,Mozambique Forces Kill Opposition Renamo Rebel Leader Nhongo,,,,23,Bharat Electronics Ltd,irrelevant,"The article is about Mozambique forces killing an opposition rebel leader, not related to a specific company's stock or business"
31331656,Nobelpreis der Medizin f&#xFC;r die Entdeckung der microRNA,,,,23,Bharat Electronics Ltd,irrelevant,"The article is about a Nobel Prize in Medicine, not related to a specific company's business or financials"
20738767,Rosatom otgruzil novyy korpus reaktora dlya belorusskoy aes,,,,23,Bharat Electronics Ltd,irrelevant,"The article is about Rosatom delivering a reactor body for a Belarusian nuclear power plant, but it's not clear if it's about Rosatom's own business or a specific company-related financial news"
28250434,"Distilleries, Melstacorp 'AAA-(lka); Fitch rating confirmed despite expected tax hike",,,,16,ITC Ltd,relevant,"Fitch rating confirmed for Melstacorp, which is a specific company, indicating a material financial event"
28757589,Fitch Ratings mejora calificaci&#xF3;n de riesgo de Bam,,,,16,ITC Ltd,relevant,"Fitch Ratings upgrades Bam's risk rating, which is a specific company, indicating a material financial event"
28757887,Beluga Group shareholder approve 47.24 rbl/share in 2021 divs - All News - PRIME Business News Agency - All News Politics Economy Business Wire Financial Wire Oil Gas Chemical Industry Power Industry Metals Mining Pulp Paper Agro Commodities Transport Automobile Construction Real Estate Telecommunications Engineering Hi-Tech Consumer Goods Retail Calendar Our Features Interviews Opinions Press Rel,,,,23,Bharat Electronics Ltd,relevant,"Beluga Group's shareholder approves dividend payment, which is a specific company-related financial decision"
27594796,"Car Sales January 2021: Maruti Suzuki, Tata Motors, Hyundai, Mahindra, MG Motors                     &                     Toyota Sales Report - &#x915;&#x93F;&#x938; &#x915;&#x902;&#x92A;&#x928;&#x940; &#x915;&#x940; &#x917;&#x93E;&#x921;&#x93C;&#x93F;&#x92F;&#x94B;&#x902; &#x915;&#x94B; &#x938;&#x92C;&#x938;&#x947; &#x91C;&#x94D;&#x92F;&#x93E;&#x926;&#x93E; &#x92A;&#x938;&#x902;&#x926; &#x915;&#",,,,11,Maruti Suzuki India Ltd,irrelevant,"The article provides a sales report for multiple car companies, including Maruti Suzuki, Tata Motors, and others, but is not primarily about one company, making it a macro/industry piece"
31332800,"Nobel Prize Winners in India: From Rabindranath Tagore, Mother Teresa to Amartya Sen, here is the full list",,,,23,Bharat Electronics Ltd,irrelevant,The article lists Nobel Prize winners in India and does not mention any specific company
18379756,Fitch affirms fayetteville state univ ncs 2013a b grbs at a 2011 ltd ob,,,,16,ITC Ltd,irrelevant,"The article is about Fitch affirming a credit rating for Fayetteville State University, not a company"
28758880,"Inter: si accelera per Bellanova, probabile trattativa intorno agli 8 milioni di euro",,,,23,Bharat Electronics Ltd,relevant,"The article mentions a possible negotiation for Bellanova, suggesting a corporate action or potential acquisition"
18376542,Scott walker goes after fellow republicans in health care pitch,,,,16,ITC Ltd,irrelevant,The article is about Scott Walker discussing healthcare and does not mention a specific company
28756874,Mesa's Bell Bank Park hosts American Cornhole League series,,,,23,Bharat Electronics Ltd,irrelevant,"The article mentions a specific event (American Cornhole League series) hosted at Bell Bank Park in Mesa, but it does not appear to be primarily about Mesa or have any direct business impact on the city or the park."
31332869,&#xC7;mimi Nobel p&#xEB;r Mjek&#xEB;si u jepet shkenc&#xEB;tar&#xEB;ve p&#xEB;r pun&#xEB;n n&#xEB; mikroARN,,,,23,Bharat Electronics Ltd,irrelevant,The article appears to be about a scientific award related to microRNA research and does not mention any company or business-related topic.
20734348,Nobel dij   bob dylan kapja az irodalmi elismerest,,,,23,Bharat Electronics Ltd,irrelevant,"The article is about Bob Dylan receiving a literary award, which is not related to business or a specific company."
20732394,Bob dylan kapja az irodalmi nobeldijat,,,,23,Bharat Electronics Ltd,irrelevant,"The article is about Bob Dylan receiving a literary award, which is not related to business or a specific company."
18373498,Singers wanted bel air community chorus,,,,23,Bharat Electronics Ltd,irrelevant,"The article is a call for singers for a community chorus, which is not related to business or a specific company."
22166391,Dordevic u belorusiji o unapredenu saradne 20 05 2017,,,,23,Bharat Electronics Ltd,irrelevant,"The title appears to be about a meeting or discussion in Belarus, but it is not clear what company is involved or what the topic is, making it likely irrelevant"
22159485,Bellaire alumni honor tuskegee airmen,,,,23,Bharat Electronics Ltd,irrelevant,"The title is about alumni honoring the Tuskegee Airmen, which seems to be an event or a tribute and not related to a specific company's business news"
31333354,"Zbuluan mikroARN-n&#xEB;, dy biolog&#xEB; amerikan&#xEB; fitojn&#xEB; &#xE7;mimin ""Nobel"" p&#xEB;r mjek&#xEB;si",,,,23,Bharat Electronics Ltd,irrelevant,"The title discusses two American biologists winning a prize related to medicine, which does not appear to be directly related to a specific company's business news"
18375322,Moqbel meets shamsi requests uae 39 support for army,,,,23,Bharat Electronics Ltd,irrelevant,"The title seems to be about a meeting or discussion between individuals regarding support for an army, which does not directly relate to a company's business news"
31330561,NYRA updates business community on $455M Belmont Park reconstruction,,,,23,Bharat Electronics Ltd,relevant,"The title specifically mentions NYRA and a significant business update regarding a $455M Belmont Park reconstruction, which directly impacts NYRA's business"
27593720,Bitcoin verst&#xE4;ndlich erkl&#xE4;rt: Was Sie &#xFC;ber die Kryptow&#xE4;hrung wissen m&#xFC;ssen,,,,16,ITC Ltd,irrelevant,"The article is a general educational piece about Bitcoin, not specifically about a company"
18374652,859462140 spaltung droht  wird bitcoin ein opfer des eigenen erfolges,,,,16,ITC Ltd,irrelevant,The article mentions Bitcoin but does not appear to be primarily about a specific company or its stock
18379322,Two trenton men accept plea deals in attempted murder case which included shooting at police,,,,42,Trent Ltd,irrelevant,The article is about a local crime case and does not mention any company
27598751,Bundesratsinitiative zur Mindestpreisbindung auf Erzeugerebene eingebracht,,,,4,State Bank of India,irrelevant,The article appears to be about a government initiative on minimum price binding and does not specifically mention a company
24114650,77194 roberto codroico espone a trento %e2%80%93 di daniela larentis,,,,42,Trent Ltd,irrelevant,The article appears to be about an art exhibition and does not mention a company or stock
18373122,Bulletin board dreibelbis farm to host annual festival,,,,23,Bharat Electronics Ltd,irrelevant,The article appears to be about a local event and does not mention a specific company
20735082,Belorusskiy balans mezhdu rossiey i zapadom,,,,23,Bharat Electronics Ltd,irrelevant,The article title does not mention a specific company and appears to be about geopolitics
24127535,Envestnet asset management inc has 115000 stake in campbell soup cpb,,,,23,Bharat Electronics Ltd,relevant,"The article mentions Envestnet's stake in Campbell Soup, indicating a financial holding"
27596468,TCS Launches Neural Automotive and Industrial Experience Center Outside Detroit,,,,6,Tata Consultancy Services Ltd,relevant,"The article mentions TCS launching a new experience center, which is a corporate action"
27598813,"Belgium Nuclear Power Market Report-Growth, Analysis Of Key-players Types And Application, Outlook 2025 &#x2013; KSU",,,,23,Bharat Electronics Ltd,irrelevant,The article appears to be a market report and does not focus on a specific company's news
27598127,"Antrenor nou la Barcelona? Belgienii anun&#x21B;&#x103;: ""El &#xEE;l va &#xEE;nlocui pe Koeman!""",,,,23,Bharat Electronics Ltd,irrelevant,"Article is about a potential new coach for Barcelona FC, not financial news about the company"
24119836,Isabel gemio juan echanove seran reconocidos xiii gala quijote musica campo criptana 30 junio,,,,23,Bharat Electronics Ltd,irrelevant,"Article appears to be about an awards gala and mentions no company, let alone being primarily about one"
31333271,Shpallen fituesit e &#xE7;mimit Nobel n&#xEB; mjek&#xEB;si 2024/ Dy shkenc&#xEB;tar&#xEB;t amerikan&#xEB; vler&#xEB;sohen p&#xEB;r zbulimin e mikroRNA,,,,23,Bharat Electronics Ltd,irrelevant,"Article is about the Nobel Prize in medicine, not related to any specific company's financial news"
18368651,Now available reliance power limited rpower financ r4284839,,,,1,Reliance Industries Ltd,relevant,"Announcement of financial instrument availability for Reliance Power Limited, directly related to the company's financials"
18378376,Fitch affirms industrial dpr funding ltd at bbb outlook stable,,,,16,ITC Ltd,relevant,"Fitch ratings affirmation for Industrial DPR Funding Ltd, directly impacts the company's financial standing and credit rating"
22171191,40755909 mitsubishi electric nokia bell labs uc san diego develop world s first ultra fast gan envelope tracking power amplifier for next generation wireless 004,,,,23,Bharat Electronics Ltd,relevant,Mitsubishi Electric collaborates on breakthrough technology for next-gen wireless - direct R&D impact
22160462,Yerevan belediyesi cumhuriyetci partinin,,,,23,Bharat Electronics Ltd,irrelevant,"Title appears to be about a local political party in Yerevan, not a company or financial news"
28753017,"Stocks in news: Reliance, Eicher Motors, YES Bank,  Delta Corp and more",,,,1,Reliance Industries Ltd,irrelevant,"List of stocks mentioned in news, but article not primarily about any one company - more of a market summary"
22167892,Deep in atlantic titanic relics sail toward auction 117052000864 1,,,,17,Titan Company Ltd,irrelevant,"Article about Titanic relics going to auction, not related to a specific company's business or financials"
24120767,Ateneo trento fondi richiedenti asilo 1,,,,42,Trent Ltd,irrelevant,"Title appears to discuss asylum seekers in Trento, not related to business or financial news"
28247201,"Nobel Prize a deserved award for Dmitry Muratov, Russian Government says",,,,23,Bharat Electronics Ltd,irrelevant,"The article is about the Russian Government's reaction to the Nobel Prize, not primarily about Dmitry Muratov's actions or achievements"
18373560,Fitch releases report kansas state ks,,,,16,ITC Ltd,irrelevant,"The article appears to be about a general report by Fitch, but lacks specific company information to determine relevance"
18372541,Beltrones y el pri,,,,23,Bharat Electronics Ltd,irrelevant,"The article appears to be about a general topic, lacking specific company information to determine relevance"
24117941,Belmont instrument llc announces acquisition mtre advanced,,,,23,Bharat Electronics Ltd,relevant,"Belmont Instrument LLC announces an acquisition, which is a corporate action directly related to the company"
20730574,Ceta un accord entre parties belges a ete trouve 1845004,,,,23,Bharat Electronics Ltd,irrelevant,"The article appears to be about a general agreement between Belgian parties, lacking specific company information to determine relevance"
28249071,Nobel |  Accademia reale svedese si oppone a quote rosa o etniche,,,,23,Bharat Electronics Ltd,irrelevant,"Article appears to be about the Swedish Academy and Nobel prizes, no clear connection to a specific company's stock or business"
22169242,"Aylik prim ve hizmet belgelerinin bildirim suresi uzatildi(17,n,12604756,154)",,,,23,Bharat Electronics Ltd,irrelevant,"Article seems to be a government announcement or news about Turkey (based on the language), no clear connection to a specific company's stock or business"
18368811,Fitch china s yuan depreciation highlights economic challenges 115081700598 1,,,,16,ITC Ltd,irrelevant,"Article is about China's economic challenges and yuan depreciation, mentions Fitch but not in the context of a specific company being rated or analyzed"
24122201,World cup 2018 primer group g belgium england panama tunisia,,,,23,Bharat Electronics Ltd,irrelevant,"Article is about the World Cup and appears to be a sports-related piece, no connection to business or stock market news"
28759026,"Cowbell Cyber Wins Global Infosec's ""Best Product in Cyber Insurance"" Award at RSA Conference 2022 &#x2013; InsuranceNewsNet",,,,23,Bharat Electronics Ltd,relevant,"Article announces Cowbell Cyber winning an award, which is a material event for the company"
24130839,Bellevue teen wrecks family car one week after getting license,,,,23,Bharat Electronics Ltd,irrelevant,"Article about a individual incident involving a teen and a family car, not related to a company"
20739346,Rebellen starten neue offensive in aleppo article18957801,,,,23,Bharat Electronics Ltd,irrelevant,"Article about a conflict in Aleppo, no clear connection to a specific company"
24121285,Belcikada teror saldirisi uyarisi 4198690 1,,,,23,Bharat Electronics Ltd,irrelevant,"Article about a terrorist attack warning, not related to a company"
20736007,Russia belarus prepare to establish auto joint ventures in vietnam 334027,,,,23,Bharat Electronics Ltd,irrelevant,"Article about Russia, Belarus, and Vietnam preparing to establish auto joint ventures, but not specifically about a company's stock or business"
18378229,Riding amt vehicles maruti gains pace south 594,,,,11,Maruti Suzuki India Ltd,relevant,"Article mentions Maruti, likely referring to Maruti Suzuki, a company, and its vehicles gaining pace in the south"
24119578,"Mondial 2018 thierry henry le monsieur coupe du monde des belges,84174",,,,23,Bharat Electronics Ltd,irrelevant,"Article appears to be about a sports event, mentioning Thierry Henry, and does not seem to have any direct connection to a specific company's business or financials."
31333851,Premio Nobel 2024 per la Medicina a Victor Ambros e Gary Ruvkun per la scoperta del microRna,,,,23,Bharat Electronics Ltd,irrelevant,"The article is about the Nobel Prize in Medicine being awarded to Victor Ambros and Gary Ruvkun, which does not directly relate to the business or financial news of a specific company."
31331686,Nobel Prize in literature awarded to South Korean author Han Kang,,,,23,Bharat Electronics Ltd,irrelevant,"This article is about the Nobel Prize in Literature being awarded to a South Korean author, which is not related to business or financial news of a company."
31333672,Nobelpreis f&#xFC;r Medizin: Victor Ambros und Gary Ruvkun f&#xFC;r Entdeckung der microRNA ausgezeichnet,,,,23,Bharat Electronics Ltd,irrelevant,"The article discusses the Nobel Prize in Medicine awarded to Victor Ambros and Gary Ruvkun for their discovery of microRNA, which is not related to a company's business or financial news."
24118452,Bellevue group ag sells 15000 shares of merck co inc mrk,,,,23,Bharat Electronics Ltd,relevant,"This article mentions a specific company, Merck Co Inc (MRK), in relation to a stock sale by Bellevue Group AG, indicating a direct financial or business-related action involving the company."
27599136,"RIGHT SPEAK: Trump Tells GOP To Ditch McConnell, Vows To Back Primary Challengers; Pro-Trump Candidates Launch Early Senate, Governor Bids, and related stories",,,,16,ITC Ltd,irrelevant,"Article is about politics and Trump's statements, not related to a specific company's business or financials"
20738026,Wipro falls on disappointing q2 results flattish q3 it revenue guidance 116102400147 1,,,,35,Wipro Ltd,relevant,Wipro's Q2 results and Q3 revenue guidance are directly related to the company's financial performance
28247318,Friedensnobelpreis f&#xFC;r Maria Ressa und Dmitri Muratow | Freie Presse,,,,23,Bharat Electronics Ltd,irrelevant,"Article is about the Nobel Peace Prize winners, not related to a specific company's business or financials"
20735192,Ue si canada dau belgiei un ultimatum pana luni seara sa decida daca sustine ceta,,,,23,Bharat Electronics Ltd,irrelevant,"Article appears to be about geopolitics and an ultimatum, not related to a specific company's business or financials"
22166734,Global and china kitchen scales market research re r4597612,,,,16,ITC Ltd,irrelevant,"Article is a market research report on kitchen scales, not specifically about a company's business or financial performance"
31331960,"Belift Lab refutes bullying allegations, accuses Min Heejin of changing stance after reviewing CCTV footage",,,,23,Bharat Electronics Ltd,irrelevant,"Article about Belift Lab and bullying allegations, not primarily about a company with material financial impact"
18379830,Fitch to rate world financial network credit card master note trust series 2015 b presale issued 2015 08 13,,,,16,ITC Ltd,irrelevant,"Article about a credit card master note trust series, but not primarily about the company issuing the credit card"
28249693,Nobelova nagrada za ekonomijo za raziskovanje vloge naravnih eksperimentov v ekonomiji,,,,23,Bharat Electronics Ltd,irrelevant,"Article about the Nobel Prize in Economics, not related to a specific company"
20736137,Amerykanskyi muzykant bob dilan pryiniav nobelivsku premiiu 349088,,,,23,Bharat Electronics Ltd,irrelevant,"Article about Bob Dylan receiving the Nobel Prize, not related to a specific company"
22170670,Belcika da irkci rozet krizi 830120,,,,23,Bharat Electronics Ltd,irrelevant,Article appears to be in a foreign language and does not seem to be related to a specific company with material financial impact
18379906,Otro reactor nuclear belga parado por un problema en una revision tecnica,,,,23,Bharat Electronics Ltd,irrelevant,"The article is about a technical issue with a Belgian nuclear reactor, but it does not mention a specific company being affected in a material way"
20739324,Bob dylan will zur nobelpreis verleihung nach stockholm kommen id39576967,,,,23,Bharat Electronics Ltd,irrelevant,"The article is about Bob Dylan attending a Nobel Prize ceremony, which is not related to business or financial news"
28249189,&#x130;sve&#xE7; Kraliyet Bilimler Akademisi'nden Nobel karar&#x131;: Kota uygulanmayacak - Teknolojiden Son Dakika Haberler,,,,23,Bharat Electronics Ltd,irrelevant,"The article appears to be about a Nobel Prize decision and rules, which is not related to business or financial news"
24122630,Terminan las obras de mejoras en dos calles de marbella en las que se han invertido mas de 500000 euros,,,,23,Bharat Electronics Ltd,irrelevant,"The article is about infrastructure improvements in Marbella, but does not mention a specific company being involved or affected in a material way"
24117555,10987 world cadets rapid and blitz championships started in belarus,,,,23,Bharat Electronics Ltd,irrelevant,"The article is about a chess championship in Belarus, which is not related to business or financial news"
28249032,Fitch Ratings cuts India's FY22 GDP growth projection to 8.7%,,,,16,ITC Ltd,irrelevant,"Fitch Ratings cuts India's GDP growth projection — macro economic analysis, not company-specific"
22168419,Campbell county holds wreath laying for fallen officers,,,,23,Bharat Electronics Ltd,irrelevant,"Local event honoring fallen officers — individual incident, not material business news"
24129574,Sodexo consumers can now order delicious meals online from zomato 686223341,,,,32,Zomato Ltd,relevant,Sodexo partners with Zomato for online meal ordering — corporate-level partnership announcement
24125949,85536 adman harold mitchell lists south melbourne office premises,,,,16,ITC Ltd,irrelevant,Real estate listing for adman's office premises — not material business news related to a company
28247193,"Head of Science Academy: ""Katalin Karik&#xF3; Will Have a Much Better Chance of Winning the Nobel Prize in a Year or Two""",,,,23,Bharat Electronics Ltd,irrelevant,Interview with Science Academy head about Nobel Prize chances — not material business news related to a company
27595588,Fitch affirms Garanti BBVA Romania's long-term IDR at 'BB-' &#x2013; The Diplomat Bucharest,,,,16,ITC Ltd,relevant,"Fitch affirms Garanti BBVA Romania's credit rating, directly impacting the company's financial standing"
28250570,Belton High School students learn masonry skills,,,,23,Bharat Electronics Ltd,irrelevant,"Article about students learning masonry skills, no connection to a specific company's financial news"
31331833,&#xBF;Qui&#xE9;nes ganaron el Premio Nobel de Medicina 2024?,,,,23,Bharat Electronics Ltd,irrelevant,"Nobel Prize in Medicine announcement, no direct connection to a specific company's financial news"
31332543,Work starts on data center in Italian mine outside Trento,,,,42,Trent Ltd,irrelevant,"Data center construction in an Italian mine, not specifically about a company's financial news or actions"
28756588,Belgian king reiterates regret for past colonial brutality in DRC,,,,23,Bharat Electronics Ltd,irrelevant,"Belgian king's statement on colonial brutality, not related to a specific company's financial news or actions"
27592332,"Markets trade in red: Metal stocks up; IT stocks like TCS, Wipro, Infosys, Mindtree, and others drag",,,,35,Wipro Ltd,irrelevant,"Article mentions TCS, Wipro, Infosys, and Mindtree as part of a broader market trend, but is not primarily about any one of these companies"
31333454,Prix Nobel de m&#xE9;decine | Victor Ambros et Gary Ruvkun r&#xE9;cipiendaires pour une perc&#xE9;e dans la r&#xE9;gulation des g&#xE8;nes,,,,23,Bharat Electronics Ltd,irrelevant,Article is about a Nobel Prize in medicine and does not mention any of the companies listed
28756488,anil ambani led reliance capital deadline for submission of resolution plan may be extended - Business News India - &#x905;&#x928;&#x93F;&#x932; &#x905;&#x902;&#x92C;&#x93E;&#x928;&#x940; &#x915;&#x940; &#x915;&#x902;&#x92A;&#x928;&#x940; &#x915;&#x940; &#x92C;&#x93F;&#x915;&#x94D;&#x930;&#x940; &#x92A;&#x94D;&#x930;&#x915;&#x94D;&#x930;&#x93F;&#x92F;&#x93E; &#x92E;&#x947;&#x902; &#x939;&#x94B;&#x,,,,1,Reliance Industries Ltd,relevant,"Article is about a specific company, Reliance Capital, and a deadline for submission of a resolution plan"
24122598,Reliance industries aims to raise consumer businesses profits idinkcn1j31db,,,,1,Reliance Industries Ltd,relevant,Article is about Reliance Industries and its aim to raise consumer businesses' profits
20740075,Wipro q2 net declines 76,,,,35,Wipro Ltd,relevant,"Article reports on Wipro's Q2 net decline, which is a financial result for the company"
22166950,While it firms are on a firing spree wipro is busy reinventing itself 117052201713 1,,,,35,Wipro Ltd,relevant,"Wipro is mentioned as reinventing itself, implying a corporate-level strategy or restructuring"
28755949,Israel's Titan Capital Partners closes $100m growth fund,,,,17,Titan Company Ltd,irrelevant,"The article is about Israel's Titan Capital Partners, not the companies mentioned in the context"
20738300,144732 novosti rossii i mira segodnya 19102016 kak amerika otreagiruet na ubiystvo mirnyh siriycev belgiey,,,,23,Bharat Electronics Ltd,irrelevant,The title appears to be in a foreign language and does not clearly relate to a specific company's news
24121341,Acusan de violacion al fotografo del escandalo sexual que sacude a los premios nobel,,,,23,Bharat Electronics Ltd,irrelevant,"The article appears to be about a photographer accused of violation, not related to a company's news"
18377185,Fitch upgrades freddie mac 2011 k15 affirms freddie mac structured p t,,,,16,ITC Ltd,relevant,"Fitch upgrades Freddie Mac, which is a direct financial news and credit rating action"
18369305,Bitcoin vor grossen turbulenzen 836522,,,,16,ITC Ltd,irrelevant,"The article appears to be about general Bitcoin market trends, not specifically about a company's stock or business"
27596887,Bell Partners Expands West Coast Presence with Fourth Property Acquisition in California,,,,23,Bharat Electronics Ltd,irrelevant,"The article is about a real estate company's expansion, but does not mention a specific stock or business that would require a portfolio manager to read it for their holdings"
31330538,Bitcoin News: Der Bitcoin-ETF von BlackRock erreicht erstmals 25 Milliarden US-Dollar Marktkapitalisierung,,,,16,ITC Ltd,irrelevant,"The article is about a Bitcoin ETF and its market capitalization, not specifically about a company's stock or business"
22169690,Ppg wil van afm meer tijd overname akzonobel,,,,23,Bharat Electronics Ltd,relevant,"The article mentions a specific company (PPG) and its potential acquisition of AkzoNobel, which could have a significant impact on PPG's stock"
22161307,Surfstitch group in an asx trading halt 178225,,,,16,ITC Ltd,relevant,"The article mentions a specific company (Surfstitch Group) and its ASX trading halt, which could have a significant impact on the company's stock"
27598717,Prince Charles Camilla Belgravia 'aristo-flats' Duke of Westminster redevelopment row,,,,23,Bharat Electronics Ltd,irrelevant,"Article about a redevelopment row involving Prince Charles and the Duke of Westminster, not related to a specific company's financial news"
28752311,Haven't Been Able To Get A Mexican Pizza From Tacobell?... This Is Why | 101.5 WYNK,,,,23,Bharat Electronics Ltd,irrelevant,"Consumer-focused article about a specific product (Mexican Pizza) from Tacobell, not a company-wide financial or strategic announcement"
20739955,Kepler cheuvreux belaesst covestro auf buy ziel 62 euro 3830791,,,,23,Bharat Electronics Ltd,relevant,"Analyst firm Kepler cheuvreux upgrades Covestro to 'buy' with a target price of 62 euros, directly impacting the stock"
31332612,"Castello Tesino, Don Luigi Ciotti torna in Trentino: ""Dobbiamo liberare il nostro paese dalle situazioni che non portano libert&#xE0;""",,,,42,Trent Ltd,irrelevant,"Article about a local event or individual in Italy, not related to a specific company's financial news or announcements"
28249637,Navalny Congratulates Journalist Muratov on Nobel Peace Prize Win,,,,23,Bharat Electronics Ltd,irrelevant,"News about a Nobel Peace Prize win and a congratulatory message, not related to a specific company's financial news or announcements"
28759177,Abercrombie & Fitch (NYSE:ANF) Rating Lowered to Hold at StockNews.com,,,,16,ITC Ltd,relevant,Abercrombie & Fitch's rating was lowered to Hold at StockNews.com — analyst action on the company's stock
22170404,Things belfast beyond weekend 20 13034813,,,,23,Bharat Electronics Ltd,irrelevant,The title appears to be unrelated to business news or a specific company — seems to be about events in Belfast
20739881,Credit suisse belaesst basf auf underperform ziel 70 euro 3449792,,,,23,Bharat Electronics Ltd,irrelevant,"The title mentions Credit Suisse and BASF, but appears to be about an analyst action on BASF, not Credit Suisse — and is tagged to Credit Suisse"
28248526,Mukesh Ambani's Reliance acquires Norway based REC Solar for $771m,,,,1,Reliance Industries Ltd,relevant,Reliance acquires REC Solar for $771m — corporate-level acquisition announcement
20735704,Obama aun no sabe por que gano el premio nobel de la paz,,,,23,Bharat Electronics Ltd,irrelevant,"The title appears to be about Obama winning the Nobel Peace Prize, unrelated to business news or a specific company"
31331587,U.S. duo wins Nobel Prize in medicine for discovery of microRNA and gene regulation breakthrough,,,,23,Bharat Electronics Ltd,irrelevant,"The article is about the Nobel Prize in medicine, not specifically about a company"
18368128,Belorusy v iyule prodolzhili vynos rublevyh depozitov,,,,23,Bharat Electronics Ltd,irrelevant,The article appears to be in a non-English language and does not clearly relate to a specific company's stock or business
28246846,"Nobel Peace Prize 2021 to Maria Ressa, Dmitry Andreyevich Muratov for 'efforts to safeguard freedom of expression'",,,,23,Bharat Electronics Ltd,irrelevant,"The article is about the Nobel Peace Prize, not specifically about a company"
24118336,Oil futures slide and other news to know before mondays opening bell,,,,23,Bharat Electronics Ltd,irrelevant,The article is a general news summary and does not focus on a specific company's stock or business
28758790,Reliance Industries Ltd up for third consecutive session,,,,1,Reliance Industries Ltd,relevant,"The article is about the stock performance of Reliance Industries Ltd, indicating a potential financial or market development"
31333835,El Nobel de Medicina 2024 fue para los estadounidenses Victor Ambros y Gary Ruvkun,,,,23,Bharat Electronics Ltd,irrelevant,"The article is about the Nobel Prize in Medicine, not primarily about a specific company"
24118811,Sbornaia belgii razgromila komandu tunisa v matche chm 2018,,,,23,Bharat Electronics Ltd,irrelevant,"The article is about a soccer match, not related to a specific company"
24127509,Maruti suzuki inaugurates manesar village2019s water atm,,,,11,Maruti Suzuki India Ltd,relevant,"The article is about Maruti Suzuki's corporate social responsibility initiative, specifically the inauguration of a water ATM"
24115657,L ex pdg de carrefour rejoint une banque d affaires belge 18 06 2018 2228183 28,,,,23,Bharat Electronics Ltd,relevant,The article is about the former CEO of Carrefour joining a Belgian investment bank
24130060,Lukaku tambah keunggulan belgia panama tertinggal 3 gol,,,,23,Bharat Electronics Ltd,irrelevant,"The article is about a soccer match, not related to a specific company"
20737550,Rebellen offensive fuehrt zu heftigen gefechten in aleppo,,,,23,Bharat Electronics Ltd,irrelevant,"Article about rebel offensive in Aleppo, no mention of a specific company"
27599203,"Belarus reports 1,692 new COVID-19 cases, 1,990 recoveries in past 24 hours",,,,23,Bharat Electronics Ltd,irrelevant,"COVID-19 case report from Belarus, no company mentioned"
28755178,Lumumba's tooth: Belgium's unfinished reckoning with its colonial past &#x2013; POLITICO,,,,23,Bharat Electronics Ltd,irrelevant,"Article about Belgium's colonial past, no company mentioned"
24125129,399045 abu dhabis 136bn stimulus signals end of fiscal cuts fitch,,,,16,ITC Ltd,relevant,"Abu Dhabi's $136bn stimulus package and its implications for fiscal cuts, according to Fitch"
28756032,Ministry of Foreign Affairs sees heinous goals behind another package of sanctions against Belarus,,,,23,Bharat Electronics Ltd,irrelevant,"Article about sanctions against Belarus, no specific company mentioned"
18371020,Fitch affirms validus ratings upgrades hybrid debt,,,,16,ITC Ltd,relevant,"Fitch affirms Validus ratings, upgrades hybrid debt — credit rating action"
24127223,Traffic alert mitchell co i 20 road closure due to downed power lines,,,,16,ITC Ltd,irrelevant,"Traffic alert for road closure due to downed power lines — local incident, no business impact"
28753563,"V. liga: G&#xF3;lov&#xE9; divo&#x10D;iny, vyl&#xFA;&#x10D;en&#xFD; tr&#xE9;ner Belej. Gbe&#x13E;any rupli v Stre&#x10D;ne, 3 body Vi&#x161;&#x148;ov&#xE9;ho - SME",,,,23,Bharat Electronics Ltd,irrelevant,Sports news about a league and teams — not related to a specific company's business
22163893,Fitch wins rating agency emerging market bonds,,,,16,ITC Ltd,irrelevant,"Fitch wins rating agency award for emerging market bonds — article about Fitch, not a company being rated"
31334239,Ilmuwan AS Penemu MicroRNA Menangkan Hadiah Nobel Bidang Kedokteran,,,,23,Bharat Electronics Ltd,irrelevant,"Nobel prize winner in medicine — individual achievement, no direct business impact"
31333165,"Victor Ambros, Gary Ruvkun wins Nobel Prize in medicine",,,,23,Bharat Electronics Ltd,irrelevant,Nobel Prize in medicine winners announced — not primarily about a company
28755655,"Slain Judge John Roemer Was on Hit List With Mitch McConnell, Gretchen Whitmer, More",,,,16,ITC Ltd,irrelevant,Hit list including public figures mentioned — no company primarily involved
20740126,Literature nobel for bob dylan not a right decision bond 116102101041 1,,,,23,Bharat Electronics Ltd,irrelevant,Literature Nobel Prize discussion — not primarily about a company
27597064,Dow Jones Reverses Lower As Bitcoin Surges To All-Time High; Bumble IPO Set To Skyrocket Investor's Business Daily,,,,16,ITC Ltd,irrelevant,Market news mentioning Bumble IPO but primarily about broader market trends — not specifically about Bumble's business
24118794,Peraih nobel kedokteran buka kongres one health,,,,23,Bharat Electronics Ltd,irrelevant,Nobel Prize in medicine winner's congress speech — not primarily about a company
18376781,Fitch discusses possible solutions to ffelp us slabs maturity risk 2015 08 18,,,,16,ITC Ltd,irrelevant,"Article appears to be about a discussion on risk related to US slabs maturity, but it's unclear which company's slabs are being referred to, and there's no direct mention of a specific company being impacted"
24113747,Tottenham hotspur transfer rumors dembele serie a,,,,23,Bharat Electronics Ltd,irrelevant,"Transfer rumors about a soccer player, no direct connection to a specific company's business or financials"
24125149,Golden state warriors steal bestows america with free taco bell,,,,23,Bharat Electronics Ltd,irrelevant,"Promotional event by a sports team, no direct connection to a specific company's business or financials"
24117084,Oregon states luke heimlich named national pitcher of the year,,,,16,ITC Ltd,irrelevant,"Award given to an individual athlete, no direct connection to a specific company's business or financials"
31333664,Victor Ambraso and Gary Rupkun have been awarded this year Nobel Prize in Medicine rrp,,,,23,Bharat Electronics Ltd,irrelevant,"Nobel Prize awarded to individuals, no direct connection to a specific company's business or financials"
22171412,Drakes bbmas las vegas bellagio fountains,,,,23,Bharat Electronics Ltd,irrelevant,Social media post about Drake's BBMAs performance at the Bellagio fountains in Las Vegas — non-material entertainment
27596121,Welcome To IANS Live  - TopStory - India's Budget points to a loosening of fiscal policy: Fitch Ratings,,,,16,ITC Ltd,irrelevant,"Article about India's budget and its implications, mentioning Fitch Ratings — macro analysis with passing mention of a ratings firm"
28249382,Mukesh Ambani's Reliance acquires REC Solar for USD 771 million,,,,1,Reliance Industries Ltd,relevant,Reliance acquires REC Solar for USD 771 million — corporate-level acquisition announcement
27599079,FM: We should not let Belarus' opponents disunite us,,,,23,Bharat Electronics Ltd,irrelevant,"FM's statement about Belarus' opponents — individual incident, non-material, and not related to a company"
28754388,Taco Bell opens first restaurant with high-tech drive-thru experience,,,,23,Bharat Electronics Ltd,relevant,Taco Bell opens first restaurant with high-tech drive-thru experience — company-level product/strategy update
22157860,1495368172 fotofakt v belarusi vpervye proshli zanyatiya po pivnoy yoge,,,,23,Bharat Electronics Ltd,irrelevant,"Article appears to be about a local event or cultural activity in Belarus, not related to a specific company's business or financials"
24117651,Belorusov ne bylo v avtobuse popavshem v avariyu v polshe,,,,23,Bharat Electronics Ltd,irrelevant,"Article seems to report on an accident involving a bus, not related to a company's financials or business operations"
22161907,Housebuilder abel homes help for primary school 1 5025823,,,,23,Bharat Electronics Ltd,irrelevant,"Article mentions a housebuilder helping a primary school, but does not appear to be a significant corporate action or financial announcement"
31331650,Reac&#x21B;iile cercet&#x103;torilor care au c&#xE2;&#x219;tigat premiul Nobel pentru Medicin&#x103; &#xEE;n 2024. Ruvkun: C&#xE2;inele nu &#xEE;n&#x21B;elegea de ce alergam prin cas&#x103;,,,,23,Bharat Electronics Ltd,irrelevant,"Article discusses Nobel Prize in Medicine and a researcher, not related to a specific company's business or financials"
28751247,"Litchfield Hills Research Starts Wearable Health Solutions, Inc. (WHSI) at Buy",,,,16,ITC Ltd,relevant,"Article reports on a research firm initiating coverage on Wearable Health Solutions, Inc. with a buy rating, directly impacting the company's stock and investor decisions"
20734526,Cantaretul bob dylan a primit premiul nobel pentru literatura 2016 4807179,,,,23,Bharat Electronics Ltd,irrelevant,"Article about Bob Dylan winning the Nobel Prize in Literature, not related to a specific company's stock or business"
27596116,Mitchell Will Pursue SAFER Grant for Engine 8 [OPINION],,,,16,ITC Ltd,irrelevant,"OPINION piece about pursuing a SAFER Grant for Engine 8, likely related to a local fire department or government entity, not a company stock or business"
28248724,"Nobel Fizyoloji veya T&#x131;p &#xD6;d&#xFC;l&#xFC;, David Julius ile Ardem Patapoutian'a verildi",,,,23,Bharat Electronics Ltd,irrelevant,"Article about Nobel Prize in Physiology or Medicine being awarded to David Julius and Ardem Patapoutian, not related to a specific company's stock or business"
22169167,Taco bell giving away free tacos during nba finals,,,,23,Bharat Electronics Ltd,irrelevant,"Promotional offer by Taco Bell, a company, but the context is a consumer promotion rather than a material business announcement or financial news"
27597580,Belarus strongman tells loyalists to fight off foreign 'blitzkrieg',,,,23,Bharat Electronics Ltd,irrelevant,"Article about Belarus politics, not related to a specific company's stock or business"
28250092,Le Nobel d'&#xE9;conomie &#xE0; un trio de sp&#xE9;cialistes en &#xAB; exp&#xE9;riences naturelles &#xBB;,,,,23,Bharat Electronics Ltd,irrelevant,"The article is about the Nobel Prize in Economics, not specifically about a company"
24130830,Indigo s chief commercial officer sanjay kumar quits 825495,,,,39,InterGlobe Aviation Ltd,relevant,"The article announces the departure of Indigo's chief commercial officer, a significant corporate action"
27596038,Mitchell International expects increase in parking revenue from WallyPark closure,,,,16,ITC Ltd,relevant,The article reports on a specific financial impact on Mitchell International from a business event (WallyPark closure)
18378634,Hotel marbella donde quedas 20150811164604,,,,23,Bharat Electronics Ltd,irrelevant,The title appears to be a random phrase with no clear business or financial content
31330555,Taco Bell is testing Chicken Al Pastor Street Tacos,,,,23,Bharat Electronics Ltd,irrelevant,"The article is about a product test by Taco Bell, but it's likely a consumer-focused piece rather than material business news"
28754689,Campbell Soup (NYSE:CPB) Updates FY 2022 Earnings Guidance,,,,23,Bharat Electronics Ltd,relevant,"Campbell Soup updates FY 2022 earnings guidance, directly impacting financials"
18368660,Ermakova status zhenshchiny v belarusi ochen vysokiy,,,,23,Bharat Electronics Ltd,irrelevant,"Title not in English, appears unrelated to business or financial news"
24127849,Sadzenie i sortowanie roslin bez jezyka belgia,,,,23,Bharat Electronics Ltd,irrelevant,"Title appears to be about plant sorting in Belgium, unrelated to business or financial news"
22161620,Milex 2017 details emerge on belarusian anti tank ugv navigation system,,,,23,Bharat Electronics Ltd,irrelevant,"Title mentions a Belarusian anti-tank UGV navigation system, but not primarily about a company"
28246067,Periodistas de Filipinas y Rusia ganan el Nobel de la Paz; luchan por la libertad de expresi&#xF3;n,,,,23,Bharat Electronics Ltd,irrelevant,"Title about Nobel Peace Prize winners, not related to business or financial news"
18374890,Taco bell open another beer selling location san,,,,23,Bharat Electronics Ltd,irrelevant,"Taco Bell location update is a minor, individual incident, not a company-wide announcement or material event"
27592443,Wisebitcoin Continues Addition of Experts to its Team with Andrew Chae,,,,16,ITC Ltd,relevant,Wisebitcoin team addition with Andrew Chae as an expert — a corporate-level appointment that could impact strategy
22163270,Artigianato d eccellenza parte l ottava edizione tra creativita e bellezza,,,,23,Bharat Electronics Ltd,irrelevant,"Unrelated to business or financial news, seems to be about an art event"
28249510,Presidente Castillo acept&#xF3; renuncia de Guido Bellido a la Presidencia del Consejo de Ministros,,,,23,Bharat Electronics Ltd,irrelevant,"This appears to be about a political development in Peru, not related to a specific company's business"
31331889,South Korean Author Han Kang awarded 2024 Nobel Prize in Literature &#x2013; THE INDIAN AWAAZ,,,,23,Bharat Electronics Ltd,irrelevant,This article is about a literary award and does not relate to a company's business or financial performance
24128586,17 year old hospitalized after being shot in the chest in litchfield,,,,16,ITC Ltd,irrelevant,"Local incident involving a 17-year-old being shot, no connection to a company"
18372242,Fitch to rate santander drive auto receivables trust 2015 4 presale issued 2015 08 13,,,,16,ITC Ltd,relevant,"Fitch rating for Santander Drive Auto Receivables Trust, a financial instrument related to Santander"
31333032,US scientist duo win Nobel for gene regulation breakthrough - World,,,,23,Bharat Electronics Ltd,irrelevant,"Nobel Prize awarded to scientists for gene regulation breakthrough, no specific company mentioned"
28248074,Nobelovu cenu mieru z&#xED;skali Maria Ressov&#xE1; a Dmitrij Muratov,,,,23,Bharat Electronics Ltd,irrelevant,"Nobel Peace Prize awarded, no specific company mentioned"
31333966,"Nobel Medicina, il premio ai microRna: evidenziatori nel manuale d'istruzioni delle cellule",,,,23,Bharat Electronics Ltd,irrelevant,"Nobel Prize in Medicine awarded for microRNA research, no specific company mentioned"
22166090,Campbell soup misses profit sales estimates trims sales forecast,,,,23,Bharat Electronics Ltd,relevant,"Campbell Soup misses profit and sales estimates, trims sales forecast — direct financial result"
24122089,Artikel neue tether fuer 250 millionen dollar turnaround bitcoin 8672627,,,,16,ITC Ltd,irrelevant,"Article appears to be about Tether and Bitcoin, not a company-specific financial news"
28757184,TCI First in Caribbean for UKs Blue Belt Marine Protection program; gets $1M vessel for DECR,,,,23,Bharat Electronics Ltd,relevant,"TCI gets $1M vessel for DECR, part of marine protection program — corporate action with financial impact"
18378334,Queretaro no pudo con el verde de belice,,,,23,Bharat Electronics Ltd,irrelevant,"Title seems to be a sports or general news article, not related to a specific company's financial news"
20740102,Fitch rates state ohio 150mm bonds aa,,,,16,ITC Ltd,irrelevant,"Fitch rates State of Ohio bonds, not a company-specific rating or financial news"
22159246,Indy 500 pole sitter scott dixon dario franchitti robbed taco bell drive thru indianapolis motor speedway,,,,23,Bharat Electronics Ltd,irrelevant,"Article about Indy 500 pole sitter being robbed at Taco Bell, not related to business news or company performance"
22166773,Ppg request for akzo nobel extension under consideration dutch regulator,,,,23,Bharat Electronics Ltd,relevant,"PPG's request for Akzo Nobel extension under consideration by Dutch regulator, directly impacts PPG's business strategy"
31333663,Dos estadounidenses reciben Premio Nobel de Medicina 2024,,,,23,Bharat Electronics Ltd,irrelevant,"Article about two Americans receiving the Nobel Prize in Medicine, not related to business news or company performance"
18375559,Fitch places dishs bb  idr on rating watch negative 2015 08 18,,,,16,ITC Ltd,relevant,"Fitch places DISH's BB IDR on rating watch negative, directly impacts DISH's financials and credit rating"
20736435,Fitch affirms metropolitan college of new york revs at bb outlook stable 2016 10 31,,,,16,ITC Ltd,irrelevant,"Fitch affirms rating for Metropolitan College of New York, not related to business news of a specific company"
22169967,"Buyuksehir belediyesi muratpasa ve korkutelinde 8 tasinmazini satiyor(17,n,12604876,197)",,,,23,Bharat Electronics Ltd,irrelevant,"Article appears to be about a municipal entity selling properties in Turkey, but the title is not in English and does not clearly relate to a specific listed company or financial news"
27593563,Vladimir Makei: We should not let Belarus' opponents disunite us,,,,23,Bharat Electronics Ltd,irrelevant,Article appears to be a political statement and does not relate to a specific listed company or financial news
27592684,All Belarusian People's Assembly UK statement,,,,23,Bharat Electronics Ltd,irrelevant,Article appears to be a news brief about a political event and does not relate to a specific listed company or financial news
28757009,Fitch: capital enough to withstand 2022 hurricane season,,,,16,ITC Ltd,relevant,"Fitch ratings comment on capital adequacy to withstand hurricane season, directly related to a company's financials and risk assessment"
28754547,El pr&#xED;ncipe Enrique y Meghan Markle reaparecen en el Jubileo de Isabel II,,,,23,Bharat Electronics Ltd,irrelevant,Article appears to be a celebrity news piece and does not relate to a specific listed company or financial news
24123209,Involucrado en casos de abuso sexual en la fundacion nobel es acusado formalmente,,,,23,Bharat Electronics Ltd,irrelevant,Article appears to be about a Nobel Foundation scandal but does not specifically mention a company
18370476,Cynthia campbell,,,,23,Bharat Electronics Ltd,irrelevant,"Single name with no context, not clearly related to a company or business news"
31333392,Medizin-Nobelpreis f&#xFC;r microRNA-Entdeckung,,,,23,Bharat Electronics Ltd,irrelevant,"The article is about a Nobel Prize in medicine, not specifically about a company"
28250079,Crowds descend as Taco Bell finally opens in Basingstoke,,,,23,Bharat Electronics Ltd,irrelevant,"The article is about a local event of a company opening a new location, but does not contain any material business news or announcements"
24123151,Regal beloit corporation present stifel 210500739,,,,23,Bharat Electronics Ltd,relevant,"The article appears to be about Regal Beloit Corporation presenting at Stifel, which could imply financial information or investor relations"
20733699,Most haunted places europe halloween france belgium holland denmark,,,,23,Bharat Electronics Ltd,irrelevant,"Listicle about haunted places in Europe, no business relevance"
28249117,Wipro posts 17 per cent jump in consolidated net profit,,,,35,Wipro Ltd,relevant,"Wipro's financial results, specifically a 17% jump in consolidated net profit"
28756092,Enrollment open for Cabell County virtual academy,,,,23,Bharat Electronics Ltd,irrelevant,"Announcement for a virtual academy, no business relevance to a specific company"
28248554,TikToker Tricked into Buying 100 Taco Bell Tacos on 'Worst First Date',,,,23,Bharat Electronics Ltd,irrelevant,"Viral social media story about a Taco Bell customer, no material business impact"
31334139,MIPD assists with Bellevue incident involving explosive devices,,,,23,Bharat Electronics Ltd,irrelevant,"Local incident report, no business relevance to a specific company"
31334145,"HNonline.sk - Nobelovu cenu za medic&#xED;nu z&#xED;skala dvojica, ktor&#xE1; objavila mikroRNA",,,,23,Bharat Electronics Ltd,irrelevant,"The article is about the Nobel Prize in Medicine, not primarily about a specific company"
20734022,Fitch affirms central america bottling corporation bb,,,,16,ITC Ltd,relevant,"Fitch affirms credit rating for Central America Bottling Corporation, a direct financial result"
27592330,"Titanium Continues US Expansion, Commences Brokerage Operations in Chicago, IL, its Third Major ...",,,,17,Titan Company Ltd,relevant,"Titanium expands US operations, commences brokerage operations in Chicago, a significant corporate action"
24115488,Titan medical to present and exhibit at the society of robotic surgery 2018 annual meeting,,,,17,Titan Company Ltd,irrelevant,"The article is about a medical conference presentation, not a material corporate action or financial result for Titan Medical"
22168110,Chris ilitch approved as the tigers controlling owner,,,,16,ITC Ltd,relevant,"Chris Ilitch approved as controlling owner of the Tigers, a significant corporate-level appointment"
28756691,"Titanium Powder Market Outlook 2022: Business overview,",,,,17,Titan Company Ltd,irrelevant,"Market outlook for titanium powder, not primarily about a specific company"
20738005,637984 winklevoss brothers name state street as bitcoin etf administrator,,,,16,ITC Ltd,relevant,Winklevoss brothers' Bitcoin ETF administrator announcement directly involves their company
31332912,Die gr&#xF6;&#xDF;te Sage der Welt: HAGEN - IM TAL DER NIBELUNGEN feiert Premiere in M&#xFC;nchen,,,,23,Bharat Electronics Ltd,irrelevant,"Theatrical premiere announcement, not related to a specific company's business news"
18379329,Fitch publishes new issue report for goldentree loan opportunities x limitedllc 2015 08 19,,,,16,ITC Ltd,irrelevant,"Fitch report on a specific loan opportunity, not primarily about the Fitch company"
22164143,Belarus sowing pace is in line with last year,,,,23,Bharat Electronics Ltd,irrelevant,"General information about Belarus' sowing pace, not related to a specific company's business news"
27598494,bitcoins: Morgan Stanley may bet on Bitcoin in $150-billion investment arm,,,,16,ITC Ltd,relevant,"Morgan Stanley considering investment in Bitcoin, directly impacts their business strategy"
20730565,New portobello high finally opens to students 1 4271222,,,,23,Bharat Electronics Ltd,irrelevant,"Article about a school opening, not related to business or financial news"
28246345,"RIGHT SPEAK: McConnell Offers Democrats a Way Out of Debt Ceiling Standoff; Mitch McConnell Caves, Offers Democrats Short-Term Debt Fix Amid Standoff; Reps and Dems Agree to Delay Debt Ceiling Showdown Until December",,,,16,ITC Ltd,irrelevant,"Article about US political negotiations on debt ceiling, does not specifically focus on a company's business or financials"
20732777,Premiul nobel pentru literatura 2016 va fi anuntat astazi  in topul preferintelor sunt poetul sirian adunis  scriitorul kenian ngugi wa thiong o si japonezul haruki murakami 430409,,,,23,Bharat Electronics Ltd,irrelevant,"Announcement of the Nobel literature prize, not related to business or financial news"
28246138,Nobel da Paz para jornalistas &#xE9; &#x2033;chama de esperan&#xE7;a&#x2033; para colegas na &#xC1;frica lus&#xF3;fona | Angola | DW,,,,23,Bharat Electronics Ltd,irrelevant,"Article about the Nobel Peace Prize and journalism, not related to business or financial news"
18369902,Man found dead in overnight atv accident in campbell county,,,,23,Bharat Electronics Ltd,irrelevant,"Local incident report, not related to a company's business or financials"
20736482,334193 gpk soobschil grafik raboti punktov propuska na granice belarusi i litvi 1 2 noyabrya,,,,23,Bharat Electronics Ltd,irrelevant,"Non-English title with unclear content, appears to be about border crossing schedules, not a company's financial or business news"
28755236,"Todo pasa, menos la reina Isabel | Sociedad",,,,23,Bharat Electronics Ltd,irrelevant,"Article about society with a passing mention of Queen Isabel, not related to a specific company's business or financials"
18371330,Fitch downgrades or withdraws ratings on distressed classes in 16 us cmbs transactions 2015 08 19,,,,16,ITC Ltd,relevant,"Fitch ratings downgrade or withdrawal in US CMBS transactions, related to financial markets and credit ratings"
28752647,Congo-Kinshasa: Agenda charg&#xE9; du couple royal belge ce mercredi &#xE0; Kinshasa,,,,23,Bharat Electronics Ltd,irrelevant,"Article about the Belgian royal couple's schedule in Kinshasa, not related to a specific company's business or financials"
18372190,Fitch affirms fayetteville state univ 181800212,,,,16,ITC Ltd,irrelevant,"The article is about Fitch affirming a credit rating for Fayetteville State University, not a company"
22161993,Trump administration lobbied ditch climate language arctic declaration,,,,16,ITC Ltd,irrelevant,The article mentions the Trump administration but does not primarily focus on a specific company
28246034,Rep&#xF3;rteres Sem Fronteiras diz que Nobel da Paz &#xE9; um forte sinal para agir,,,,23,Bharat Electronics Ltd,irrelevant,The article appears to be about a general topic (Nobel Peace Prize) and does not mention a specific company
22161831,4074584 started one taco bell turned swan,,,,23,Bharat Electronics Ltd,irrelevant,"The article seems to be an anecdotal story about someone who started a Taco Bell franchise, not a company-level announcement or news"
20738751,Chinas midea at the vanguard of a smart kitchen revolution 20161019 00008,,,,16,ITC Ltd,relevant,"The article is primarily about Midea, a company, and its role in the smart kitchen revolution"
24129116,Belorusskaya pochtovaya marka popala v top 10 samykh krasivykh v mire,,,,23,Bharat Electronics Ltd,irrelevant,"Article about a Belarusian postage stamp being one of the most beautiful in the world, no business or financial relevance"
18373290,Report reliance airtel vodafone coming up with payments banks post rbi s nod 2116172,,,,1,Reliance Industries Ltd,relevant,"Report about Reliance, Airtel, and Vodafone planning payments banks after RBI's approval, directly related to their business operations"
28250482,Families flock to overnight campout at Belton's Heritage Park,,,,23,Bharat Electronics Ltd,irrelevant,"Article about a family event at a park, no connection to business or financial news"
28752268,Inauguraron las obras del Centro de Salud del barrio Belgrano,,,,23,Bharat Electronics Ltd,irrelevant,"Article about the inauguration of a health center, no clear connection to business or financial news"
28248641,"Reliance Industries shares can hit Rs 3,000, tech charts indicate",,,,1,Reliance Industries Ltd,relevant,"Article about a stock price target for Reliance Industries, directly related to its financial performance"
27598168,The 'Wagner Affair' in Belarus and its implications for UkraineEuromaidan Press,,,,23,Bharat Electronics Ltd,irrelevant,The article title does not mention a specific company and appears to be about a geopolitical event
28246445,"La sorpresa de Abdulrazak Gurnah al recibir el Nobel de Literatura: ""Pens&#xE9; que era una broma""",,,,23,Bharat Electronics Ltd,irrelevant,The article title does not mention a specific company and appears to be about a literary award
24114375,Mitchell pest services 43323096,,,,16,ITC Ltd,irrelevant,"The article title appears to be a random phone number and business name, not a company announcement or news"
27595182,[Internet] Bell FTTH - Bell Canada | DSLReports Forums,,,,23,Bharat Electronics Ltd,irrelevant,"The article title mentions a company (Bell) but in a forum discussion about internet services, not a company announcement or news"
28752534,Ostbelgien Live - Mehrere ostbelgische Gewinnerbetriebe,,,,23,Bharat Electronics Ltd,irrelevant,The article title does not mention a specific company and appears to be about local businesses or events
28250763,Minsk refutes Poland's allegations about use of weapons by Belarusian border guards -  World,,,,23,Bharat Electronics Ltd,irrelevant,"Article is about a geopolitical incident involving Belarus and Poland, not related to a specific company"
28753706,"Leitchfield Post Office honoring fallen longtime employee Javier Rodarte with ""Last Ride"" around his route",,,,16,ITC Ltd,irrelevant,"Article is about a local tribute to a postal worker, not related to a company of interest to investors"
28753328,Bitcoin Mining: Kenya Offers Renewable Energy Sources to Miners,,,,16,ITC Ltd,irrelevant,"Article discusses a general topic of Bitcoin mining and Kenya's renewable energy offer, not specifically about a company"
24127362,Severn trent boss pours cold water on claims of bt interest pztzqn65p,,,,42,Trent Ltd,relevant,"Article mentions Severn Trent, a company, and its boss's statement, indicating it's about the company's potential interests or actions"
24125565,Menang telak belgia derita kerugian hadapi partai lanjutan,,,,23,Bharat Electronics Ltd,irrelevant,Article appears to be in a different language and does not clearly reference a specific company in a material way
27597221,"Trump turns on Mitch McConnell, calls him a 'political hack'",,,,16,ITC Ltd,irrelevant,"Article is about political news, not related to a specific company's financials or business"
20737385,Fitch affirms pheaa student loan trust 2013 3 2016 10 18,,,,16,ITC Ltd,irrelevant,"Article appears to be about a financial rating, but the company name is not provided, and it seems to be a specific financial instrument"
24125490,9k54aank respons penggawa belgia soal cedera kompany,,,,23,Bharat Electronics Ltd,irrelevant,"Article appears to be in a different language and is about a sports injury, not related to a specific company's financials or business"
28757022,Charges: Driver strikes pedestrian after causing scene in Taco Bell drive-thru,,,,23,Bharat Electronics Ltd,irrelevant,"Article is about a local incident involving a driver and a pedestrian, not related to a specific company's financials or business"
24115767,Basket finale scudetto milano trento 90 80 7a84ec52 0d8b 479c 8567 88ae15400283,,,,42,Trent Ltd,irrelevant,"Article appears to be in a different language and is about a sports game, not related to a specific company's financials or business"
28755800,Mukesh ambani led reliance jefferies says buy key beneficiary of energy inflation stock target price - Business News India - 2900 &#x930;&#x941;&#x92A;&#x92F;&#x947; &#x915;&#x947; &#x92A;&#x93E;&#x930; &#x91C;&#x93E;&#x90F;&#x917;&#x93E; &#x92E;&#x941;&#x915;&#x947;&#x936; &#x905;&#x902;&#x92C;&#x93E;&#x928;&#x940; &#x915;&#x940; RIL &#x915;&#x93E; &#x936;&#x947;&#x92F;&#x930;! &#x905;&#x92D;&#x9,,,,1,Reliance Industries Ltd,relevant,"Jefferies analyst recommends buying Reliance Industries stock, citing energy inflation as a key beneficiary, with a target price increase"
20735064,48407 shkolnikov tatarstana odenut v formu ot belorusskikh proizvoditelej,,,,23,Bharat Electronics Ltd,irrelevant,"Article about Tatarstan residents wearing uniforms from Belarusian producers, no clear business impact or company-specific news"
27597697,Belarusian journalists face two years in prison for filming police violence at pro-democracy protest,,,,23,Bharat Electronics Ltd,irrelevant,"Article about Belarusian journalists facing prison time for filming police violence, not related to a specific company's business"
20731265,Bob dylan gano nobel literatura 2016,,,,23,Bharat Electronics Ltd,irrelevant,"Article about Bob Dylan winning the Nobel Prize in Literature, unrelated to business or company news"
27595759,ROUNDUP/Belarus: Landesweite Razzien bei Menschenrechtlern und Journalisten (),,,,23,Bharat Electronics Ltd,irrelevant,"Article about nationwide raids on human rights activists and journalists in Belarus, not related to a specific company's business"
22161064,"Burdur belediyesinden ramazan soleni(17,n,12604828,673)",,,,23,Bharat Electronics Ltd,irrelevant,"The title appears to be about a municipal event or Ramadan celebration in Burdur, Turkey, and does not seem to relate to a specific company's stock or business news"
18376352,Fitch rates northwest isd txs ult bonds aaa tx psfaa underlying outlook stable 2015 08 13,,,,16,ITC Ltd,irrelevant,"The title mentions Fitch ratings for bonds issued by Northwest ISD, TX, but does not directly relate to a specific company's stock performance or business news; it's more about a local government's or school district's financial situation"
18370675,Sidi bel abbes un jeune mortellement poignarde par son cousin a35324,,,,23,Bharat Electronics Ltd,irrelevant,"The title reports on a local crime incident in Sidi Bel Abbès, Algeria, and does not appear to be related to business news or a specific company's stock"
22163401,Belcika federal polisinde irkci rozet krizi 31494,,,,23,Bharat Electronics Ltd,irrelevant,"The title discusses a crisis within the Belgian federal police regarding racist badges, which seems to be a social or political issue rather than business news related to a specific company"
31332927,Tag der Wiederbelebung,,,,23,Bharat Electronics Ltd,irrelevant,The title translates to 'Day of Revival' and does not provide any information that would suggest it is related to business news or a specific company's stock performance
31333662,Ambros y Ruvkun ganan Premio Nobel de Medicina por descubrir los micro-ARN,,,,23,Bharat Electronics Ltd,irrelevant,"The article is about the Nobel Prize in Medicine winners, not related to a specific company"
27593530,'A dour political hack': Trump levels stinging criticism at Mitch McConnell,,,,16,ITC Ltd,irrelevant,"The article is about US politics, criticizing Mitch McConnell, no company mentioned"
18370641,Ya iz belarusi,,,,23,Bharat Electronics Ltd,irrelevant,The title is not in English and seems unrelated to business or company news
28249959,"Hogan Lovells, Adduson Bright Sloane successful represent Bank of Ghana in dismissal of Us$478m claim by Sibton Switch Systems Ltd",,,,16,ITC Ltd,relevant,"The article mentions a specific company, Bank of Ghana, and a legal case, making it relevant to the company's news"
22158666,Titan united steelworkers agree on terms of five year contract,,,,17,Titan Company Ltd,relevant,"The article mentions a specific company, Titan, and a labor agreement, making it relevant to the company's news"
28759396,Fatsa Belediyespor'da play-off hedefi,,,,23,Bharat Electronics Ltd,irrelevant,"Article about a sports team's goal, not related to a specific company's financial news"
27598035,"Coronacrisis: bereik, snelheid en contactverzameling is 'zeer performant' - Belgi&#xEB;",,,,23,Bharat Electronics Ltd,irrelevant,"Article about COVID-19 crisis management in Belgium, not related to a specific company's financial news"
28248297,Three US academics scoop Nobel Prize for Economics,,,,23,Bharat Electronics Ltd,irrelevant,"Article about Nobel Prize in Economics winners, not related to a specific company's financial news"
22170887,Importance of fabric labels highlighted by fashions impact on the envir,,,,23,Bharat Electronics Ltd,irrelevant,"Article about environmental impact of fashion, not related to a specific company's financial news"
27593893,Armaty morskie BAE Systems dla marynarek wojennych Belgii i Holandii,,,,23,Bharat Electronics Ltd,irrelevant,"Article about naval military equipment, not related to a specific company's financial news"
22165661,4694 el misterio del chalet que mira al obelisco,,,,23,Bharat Electronics Ltd,irrelevant,The title appears to be about a mysterious chalet and does not mention a specific company or financial news
22163995,Haber voleybolda rakipler belli oldu 707192,,,,23,Bharat Electronics Ltd,irrelevant,The title appears to be about volleyball rivals and does not mention a specific company or financial news
24126856,Montreal canadiens to host los angeles kings in home opener bell centre nhl schedule october 11,,,,23,Bharat Electronics Ltd,irrelevant,The title is about a sports event (NHL game) and does not mention a specific company or financial news
27593382,Lukashenko: Belarus will hold out,,,,23,Bharat Electronics Ltd,irrelevant,The title is a quote from Lukashenko and does not mention a specific company or financial news
18371021,Fitch affirms adts idr at bbb  outlook stable 2015 08 17,,,,16,ITC Ltd,relevant,The title mentions a credit rating action by Fitch (affirms IDR at BBB) which is a financial news item
28247043,Sri Lanka's SDB 'BB+(lka)' rating confirmed by Fitch amid strong credit growth,,,,16,ITC Ltd,irrelevant,"The article is about Sri Lanka's SDB rating by Fitch, not a specific company mentioned in the context of its own business news"
27596122,Welcome To IANS Live  - BUSINESS - India's Budget points to a loosening of fiscal policy: Fitch Ratings,,,,16,ITC Ltd,irrelevant,"The article mentions Fitch Ratings in the context of India's Budget, not a specific company being analyzed"
24117819,20180611 brilliant belgium rip costa rica,,,,23,Bharat Electronics Ltd,irrelevant,The title appears to be nonsensical and does not mention any company or financial news
28249451,James 'Arg' Argent shows off his 7 stone weight loss as he frolics in the sea in Marbella,,,,23,Bharat Electronics Ltd,irrelevant,"The article is about a celebrity's personal life, not related to business or financial news"
27599209,Lukashenko speaks on redistribution of powers in Belarus,,,,23,Bharat Electronics Ltd,irrelevant,"The article is about a political event in Belarus, not related to a specific company's business news"
20738316,"Belgrade jews oppose wwii serbian leaders rehabilitation balkan insight,10198",,,,23,Bharat Electronics Ltd,irrelevant,"The article appears to be about historical events and political rehabilitation, not related to a specific company's stock or business"
31334093,Le Nobel d'&#xE9;conomie distingue la recherche sur les in&#xE9;galit&#xE9;s de richesses entre pays,,,,23,Bharat Electronics Ltd,irrelevant,"The article discusses the Nobel Prize in Economics and research on wealth inequality, not related to a specific company's stock or business"
31332264,Nobel de Medicina y Fisiolog&#xED;a para el estudio sobre los microARN,,,,23,Bharat Electronics Ltd,irrelevant,"The article reports on the Nobel Prize in Medicine and Physiology, focusing on a scientific study, not related to a specific company's stock or business"
28756446,"Two Years Later, A New Kitchen at Camp Belizario | Channel5Belize.com",,,,23,Bharat Electronics Ltd,irrelevant,"The article is about a new kitchen at a camp, likely a local or non-profit related story, not related to a specific company's stock or business"
28752171,"Beloit police seeing 'rash of auto thefts' targeting Kia, Hyundai vehicles",,,,23,Bharat Electronics Ltd,irrelevant,"The article reports on a local crime trend, not related to a specific company's stock or business"
31332046,Dna-database Interpol levert eerste match voor zaak in Nederland en Belgi&#xEB; op,,,,23,Bharat Electronics Ltd,irrelevant,"Article about Interpol and a crime case, no clear connection to a specific company's financial news"
27595008,Europe vs US: Time of the bitcoin ETP has come,,,,16,ITC Ltd,irrelevant,"General article about bitcoin ETP, not primarily about a specific company's financial news"
27593396,Lukashenko: Global powers fight to draw Belarus into their orbit of influence,,,,23,Bharat Electronics Ltd,irrelevant,"Article about geopolitics and influence, not related to a specific company's financial news"
28247090,Trabzon Barosu'nda Sibel Sui&#xE7;mez g&#xFC;ven tazeledi!,,,,23,Bharat Electronics Ltd,irrelevant,"Article about a local Turkish news, no clear connection to a specific company's financial news"
24121691,Investors sell shares of campbell soup cpb on strength cpb,,,,23,Bharat Electronics Ltd,relevant,"Investors selling shares of Campbell Soup on strength, directly related to stock price movement with a stated business reason"
24129566,Fonterra and bellamy s partner to grow organic milk supply for nutritional powders,,,,23,Bharat Electronics Ltd,relevant,Fonterra partners with Bellamy's to grow organic milk supply — a significant partnership announcement
18367627,Wipro sets up open data centre for enterprises 115081701311 1,,,,35,Wipro Ltd,relevant,Wipro sets up open data centre for enterprises — a major corporate investment and strategic move
27598731,Nove imprese trentine del biologico a Biofach per conquistare il mercato tedesco,,,,42,Trent Ltd,irrelevant,Article about multiple Trentino companies attending Biofach to conquer the German market — not primarily about a specific company's news
27592940,Belgium Opens Tax Portal For Company Filings,,,,23,Bharat Electronics Ltd,irrelevant,General news about Belgium's tax portal for company filings — not specific to a particular company
31333339,Victor Ambros y Gary Ruvkun ganan el premio Nobel de Medicina por descubrimiento del microARN,,,,23,Bharat Electronics Ltd,irrelevant,Nobel Prize in Medicine awarded to researchers — not related to a specific company's news or performance
28753796,"New Taco Bell in Brooklyn Center is first with two stories, four lanes and two-minute promise",,,,23,Bharat Electronics Ltd,irrelevant,"Article about a new Taco Bell location with specific features, not related to the company's financials or major business actions"
18369710,Ann coulter notices immigrant mass murder illegal from belize kills whole family,,,,23,Bharat Electronics Ltd,irrelevant,"Article appears to be about a crime story and Ann Coulter's reaction, no clear connection to a specific company's business or financials"
22167544,Plan belgrano %e2%80%9cen 2015 se destinaban mas fondos a las provincias del norte%e2%80%9d,,,,23,Bharat Electronics Ltd,irrelevant,"Article seems to be about government funding in Argentina, but the title is not in English and does not clearly relate to a specific company's business or financials"
28246640,Cement & Building Materials - Results Preview - Cost Inflations to Weigh on Performance - Reliance Research,,,,1,Reliance Industries Ltd,relevant,"Article is a results preview for a cement and building materials company, discussing cost inflation and its expected impact on performance"
28754054,Opposition Leader Does Not Believe Health Minister on NHI Agreement,,,,23,Bharat Electronics Ltd,irrelevant,"Article appears to be about a political issue in a country (likely Belize, given the mention of the Health Minister and NHI Agreement), not related to a specific company's business or financials"
27593385,"Lukashenko: Belarus faced a coup attempt, not a color revolution",,,,23,Bharat Electronics Ltd,irrelevant,"Article is about Belarus politics, no clear connection to a specific company's financials or operations"
27595047,Belarusian neutrality is cheap fiction,,,,23,Bharat Electronics Ltd,irrelevant,"Article is about Belarus politics, no clear connection to a specific company's financials or operations"
20736901,Project childsafe cabelas partner with 50 state fish wildlife agencies to help americans hunt safe 2016 10 20,,,,23,Bharat Electronics Ltd,irrelevant,"Article is about a partnership for hunting safety, not directly related to a company's financial performance or strategic actions"
18374378,Fitch assigns final ratings to csail 2015 c3 commercial mtge trust pass through ctfs 2015 08 18,,,,16,ITC Ltd,relevant,"Fitch assigns ratings to a commercial mortgage trust, which is a financial markets and credit rating action"
27594772,Coronavirus: pas de courses cyclistes pour amateurs et jeunes au moins jusqu'au 1er avril en Belgique,,,,23,Bharat Electronics Ltd,irrelevant,"Article is about coronavirus restrictions in Belgium, not directly related to a specific company's financial performance or strategic actions"
27597912,"Gold - Feb 17, 2021 - Reliance Securities",,,,1,Reliance Industries Ltd,irrelevant,"The title appears to be related to a financial report or market analysis by Reliance Securities, but it lacks specific company information and seems to be more about market trends or analysis rather than a specific company's news"
31332104,'90's fan-favorite menu item has returned to Taco Bell,,,,23,Bharat Electronics Ltd,irrelevant,"The article is about a menu item return at Taco Bell, but it's a consumer/lifestyle piece rather than a company announcement or material business news"
24126026,Durch englands sieg  belgien fuer achtelfinale qualifiziert 8139640,,,,23,Bharat Electronics Ltd,irrelevant,The title appears to be about a sports event and does not mention a specific company or material business news
27594115,Coronavirus / Bis zu 6.700 Patienten sollen w&#xF6;chentlich in Belval geimpft werden | Tageblatt.lu,,,,23,Bharat Electronics Ltd,irrelevant,The article seems to be about COVID-19 vaccination efforts and does not directly relate to a specific company's business news or material announcement
27594694,TUI fly Belgium to put the Boeing 737 MAX back into service,,,,23,Bharat Electronics Ltd,relevant,"The article specifically mentions TUI fly Belgium and their decision to put the Boeing 737 MAX back into service, which is a material operational announcement for the company"
18374511,2497 es beltrones virtual dirigente del pri,,,,23,Bharat Electronics Ltd,irrelevant,"Article appears to be about a political figure, not a company, and lacks financial/business context"
20737628,Dylan le sporocil da sprejema nobelovo nagrado 6270871,,,,23,Bharat Electronics Ltd,irrelevant,"Article seems to be about a Nobel Prize, not a company, and lacks financial/business context"
22168961,Eveques belges reiterent leur opposition leuthanasie 2017 05 24 1200849762,,,,23,Bharat Electronics Ltd,irrelevant,"Article appears to be about a social/religious issue, not a company, and lacks financial/business context"
20732785,Jury verk%c3%bcndet literaturnobelpreistr%c3%a4ger 2016 article3379662,,,,23,Bharat Electronics Ltd,irrelevant,"Article seems to be about a Nobel Prize, not a company, and lacks financial/business context"
22167290,"Pge przejecie edf agencja fitch rating,6,0,2323974",,,,16,ITC Ltd,relevant,"Article mentions a company's (PGE) rating by Fitch, which has financial implications"
27593062,Taco Bell Now Has An All-Purpose Seasoning For Your Spice Rack,,,,23,Bharat Electronics Ltd,irrelevant,"Taco Bell product mention in a lifestyle context, not a business announcement"
20739327,Ue e canada assinarao no domingo acordo comercial apos sim belga 8062517,,,,23,Bharat Electronics Ltd,irrelevant,"Article about a trade agreement between UE and Canada, no specific company mentioned"
20732357,V den vrucheniya nobelevskoy premii po literature skonchalsya laureat 1997 goda dari,,,,23,Bharat Electronics Ltd,irrelevant,"Literature Nobel Prize laureate's death, no company mentioned"
28249443,"ASIA/FILIPPINE - I Vescovi: il Premio Nobel per la pace alla giornalista Maria Ressa, segno di speranza per il futuro",,,,23,Bharat Electronics Ltd,irrelevant,"Nobel Peace Prize awarded to a journalist, no company mentioned"
20000473,Belgien sicherheit iddekcn0z50bh,,,,23,Bharat Electronics Ltd,irrelevant,"Belgium security, no company mentioned and appears to be a nonsensical title"
31332044,Nobel Prize for medicine goes to American scientists who worked on microRNA,,,,23,Bharat Electronics Ltd,irrelevant,"The article is about the Nobel Prize in medicine, not primarily about a specific company"
24124527,Highly touted belgium starts with world cup newcomer panama,,,,23,Bharat Electronics Ltd,irrelevant,"The article is about a sports event, not related to a company's business or financials"
24126871,Somewhat favorable media coverage somewhat unlikely to affect mitcham industries mind share price,,,,16,ITC Ltd,irrelevant,"The article mentions a company (Mitcham Industries) but only discusses media coverage and potential stock price impact, not material business news"
24117577,Reliance jio takes 1 bn term loan to pay korean vendors 2632221,,,,1,Reliance Industries Ltd,relevant,"Reliance Jio takes a significant term loan, which is a material financial action"
20739523,Fitchburg man wanted assault murder held texas,,,,16,ITC Ltd,irrelevant,"The article is about a crime and a suspect, not related to a company's business or financials"
24119958,Hasil piala dunia 2018 belgia vs tunisia menang telak dan lukaku samai ronaldo,,,,23,Bharat Electronics Ltd,irrelevant,"Article about a soccer match, not related to a company's business or financials"
22169865,Belgischer reaktor tihange 1 wieder am netz,,,,23,Bharat Electronics Ltd,irrelevant,"Article about a Belgian nuclear reactor, not primarily about a company's business or financials"
18375655,243280 el papa francisco entre los candidatos al nobel de la paz,,,,23,Bharat Electronics Ltd,irrelevant,"Article about Pope Francis and the Nobel Peace Prize, not related to a company's business or financials"
27596409,IFC commits $4m in funding to poultry firm Bel Ga Myanmar,,,,23,Bharat Electronics Ltd,relevant,"Article about IFC (International Finance Corporation) investing in a poultry firm, Bel Ga Myanmar, which is a financial news item"
24117954,News indigo offers daily non stop flights from rs 3999 on select routes 175920303,,,,39,InterGlobe Aviation Ltd,irrelevant,"Article about flight deals, a consumer-oriented piece and not a company-focused financial news item"
20739909,Fitch high tax burden pushes pemex toward insolvency 2016 10 21,,,,16,ITC Ltd,irrelevant,"Article is about Pemex, but Fitch is mentioned as the source of information on tax burden, not as the main subject"
22159111,Saude recebe novos veiculos em francisco beltrao,,,,23,Bharat Electronics Ltd,irrelevant,"Article appears to be a local news piece about a health organization (Saude) receiving new vehicles, not related to a publicly traded company or financial markets"
27599145,Bell Financial Group profit surges by 43.9%,,,,23,Bharat Electronics Ltd,relevant,"Article reports on Bell Financial Group's profit surge, directly impacting investors and stakeholders"
31331646,"Nobelul 2024 pentru Medicin&#x103;,, pentru descoperirea microARN",,,,23,Bharat Electronics Ltd,irrelevant,Article is about the Nobel Prize in Medicine and does not mention a specific company or financial news
28754681,Josep Borrell: Vreau s&#x103; contez pe Serbia ca partener de &#xEE;ncredere al UE / Ce a transmis Comisia European&#x103; Belgradului,,,,23,Bharat Electronics Ltd,irrelevant,"Article is about a European Commission statement and Serbia, not related to a specific company or financial markets"
28248420,Ford Rebelle Rally Team,,,,23,Bharat Electronics Ltd,irrelevant,"The title appears to be about a rally team, but it does not provide any material information about Ford's business or operations"
24118614,Meunier sebut belgia jauh lebih baik dari inggris di grup g piala dunia 2018,,,,23,Bharat Electronics Ltd,irrelevant,The title is about a sports event and does not mention Ford or any related business news
22160422,Bellavais lady alexandra meet again in soaring softly,,,,23,Bharat Electronics Ltd,irrelevant,The title appears to be about a social or entertainment event and does not mention Ford or any related business news
24113922,Wipro ceo s pay rises 34 5 in fy18 118062500046 1,,,,35,Wipro Ltd,relevant,"The title mentions Wipro CEO's pay rise, which is related to the company's financials and executive compensation"
28246275,SGN :: Seattle writer H.E. Edgmon talks about bewitching gender identities,,,,16,ITC Ltd,irrelevant,The title appears to be about an interview with a writer and does not mention Ford or any related business news
24115888,V yanvare aprele realnye denezhnye dokhody belorusov uvelichilis na 7 4,,,,23,Bharat Electronics Ltd,irrelevant,"Article appears to be about Belarusian real income growth, but does not mention a specific company"
27597000,"""NEGUJMO SRPSKI JEZIK"": Svesrpski de&#x10D;ji sabor - Obele&#x17E;avanje Dana sveslovenske pismenosti",,,,23,Bharat Electronics Ltd,irrelevant,"Article appears to be about a cultural event in Serbia, not related to a specific company"
27598579,Bitcoin Bir &#xDC;lke Olsayd&#x131; Enerji T&#xFC;ketiminde Bak&#x131;n Ka&#xE7;&#x131;nc&#x131; Olurdu...,,,,16,ITC Ltd,irrelevant,"Article appears to be about Bitcoin energy consumption, not related to a specific company"
28751948,"Belgium Data Center Market Investments & Growth Opportunities 2022-2027: Schneider Electric, Rittal, STULZ, and Vertiv is Growing the Competition Among Vendors - ResearchAndMarkets.com",,,,23,Bharat Electronics Ltd,irrelevant,"Article is about the data center market in Belgium, mentioning several companies but not primarily about one of them"
20733217,Cea mai sexy profesoara de matematica este din belarus foto 1625694,,,,23,Bharat Electronics Ltd,irrelevant,"Article appears to be about a individual, not related to a specific company"
27596724,"Belarusian authorities raid homes, offices of journalists and human rights activists",,,,23,Bharat Electronics Ltd,irrelevant,"Article about Belarusian authorities' actions against journalists and human rights activists, not related to a specific company's stock or business"
28756881,Russian and Belarusian officials survive vote to exclude them from ISU Congress,,,,23,Bharat Electronics Ltd,irrelevant,"Article about Russian and Belarusian officials in the context of the ISU Congress, no direct connection to a company's financials or operations"
27595670,Pol&#xED;cia v Belehrade sa nesta&#x10D;ila divi&#x165;: S neleg&#xE1;lnymi ve&#x10D;ierkami sa roztrhlo vrece,,,,23,Bharat Electronics Ltd,irrelevant,"Article in Czech about a police incident in Belgrade, not related to a specific company's stock or business"
31331162,Han Kang recibe el Premio Nobel de Literatura 2024  | Cultura,,,,23,Bharat Electronics Ltd,irrelevant,"Article about a literary award given to Han Kang, not related to a specific company's stock or business"
28757603,Risk Of Another Offensive By Russia From Belarus Minimal - Zelenskyy,,,,23,Bharat Electronics Ltd,irrelevant,"Article about geopolitical risk assessment by Zelenskyy, not directly related to a company's financial performance or business operations"
22157570,Us campbell soup investment chefd iduskbn18k1x7,,,,23,Bharat Electronics Ltd,irrelevant,The title appears to be a nonsensical string and does not convey any meaningful information about Campbell Soup.
27596600,"Bell County shelters, warming stations listed",,,,23,Bharat Electronics Ltd,irrelevant,"The article is about Bell County shelters and warming stations, not related to a specific company."
28248196,Nobel Peace Prize 2021 | wtsp.com,,,,23,Bharat Electronics Ltd,irrelevant,"The article is about the Nobel Peace Prize, not related to a specific company."
24124259,54792 payworld and reliance mutual fund ties up 20180622,,,,1,Reliance Industries Ltd,irrelevant,"The article appears to be about a partnership between Payworld and Reliance Mutual Fund, not directly related to a well-known company."
31333828,Nobel Prize goes to microRNA researchers,,,,23,Bharat Electronics Ltd,irrelevant,"The article is about the Nobel Prize in a scientific field, not related to a specific company."
31332804,Nobel Prize in Medicine goes to U.S. biologists who discovered microRNA,,,,23,Bharat Electronics Ltd,irrelevant,"The article is about the Nobel Prize in Medicine, not primarily about a specific company"
28246598,Tanzanian writer Abdulrazak Gurnah awarded Nobel literature prize,,,,23,Bharat Electronics Ltd,irrelevant,"The article is about the Nobel literature prize, not primarily about a specific company"
22163848,Debt concerns pile pressure on shares in reliance communications 1608607,,,,1,Reliance Industries Ltd,relevant,"The article mentions debt concerns and its impact on shares of a specific company, Reliance Communications"
27597804,'Jet skis and water-skiing' - What you would do if you had enough money to buy the Trentham Estate,,,,42,Trent Ltd,irrelevant,"The article is about a luxury lifestyle and real estate, with no mention of a specific company's business or financials"
20731429,Wipro wins energy mgt contractspeciality restaurants %c2%a0 7848361,,,,35,Wipro Ltd,relevant,"The article mentions Wipro winning energy management contracts, which is a business development for the company"
27597386,Belarus leader vows to defeat 'foreign-backed rebellion' | Chester and District Standard,,,,23,Bharat Electronics Ltd,irrelevant,"Article is about Belarus leader and a foreign-backed rebellion, no mention of a specific company"
18380023,Fitch releases report chicago park district il,,,,16,ITC Ltd,irrelevant,"Report by Fitch is about Chicago Park District, not a company-specific news"
24113884,Gabelli funds llc lowers position in johnson controls international plc jci,,,,23,Bharat Electronics Ltd,relevant,"Gabelli Funds LLC lowers position in Johnson Controls International PLC, a specific action related to the company's stock"
31332883,"Hibakusha group receives Nobel Peace Prize for ""demonstrating through witness testimony that nuclear weapons must never be used again"" &#xAB; nuclear-news",,,,23,Bharat Electronics Ltd,irrelevant,"Article is about a group receiving the Nobel Peace Prize, no relation to a specific company"
28246641,"Post Market views - Oct 8, 2021 - Mr. Binod Modi, Head Strategy at Reliance Securities",,,,1,Reliance Industries Ltd,irrelevant,"Post market views by a strategy head, general market commentary and not specifically about a company"
27597802,Belden Launches Same-Day Shipping Service for 64+ Fiber Products,,,,23,Bharat Electronics Ltd,relevant,Belden launches same-day shipping service for 64+ fiber products — major product/service update
31331527,"""Tomar&#xE9; un t&#xE9; con mi hijo, celebrar&#xE9; sigilosamente"": Han Kang tras ganar el Nobel de Literatura",,,,23,Bharat Electronics Ltd,irrelevant,Author Han Kang's personal life after winning the Nobel Prize — not related to a company
22167606,News 88112 v posolstve belarusi v litve progremel vzryv,,,,23,Bharat Electronics Ltd,irrelevant,Explosion at Belarusian embassy in Lithuania — unrelated to a specific company
20734635,143 v sbu rasskazali o detalyax incidenta s belorusskim samoletom,,,,23,Bharat Electronics Ltd,irrelevant,Details of an incident involving a Belarusian plane — not related to a company
20738069,Niger assembly grants gov bello approval for n2 5bn overdraft,,,,23,Bharat Electronics Ltd,irrelevant,Niger assembly approves government official's overdraft — not related to a specific company
27595586,"Grasim Q3 Profit Jumps 95% To Rs 359.4 Crore, Revenue Misses Estimates",,,,38,Grasim Industries Ltd,relevant,"Grasim's Q3 profit and revenue are reported, directly impacting stock performance"
28754723,Nippon Express (Belgium)&#x5F00;&#x8BBE;&#x4EA8;&#x514B;&#x7269;&#x6D41;&#x4E2D;&#x5FC3;-&#x7F8E;&#x901A;&#x793E;PR-Newswire,,,,23,Bharat Electronics Ltd,irrelevant,"The article appears to be a press release about Nippon Express's logistics center, but the title is not in English and does not clearly indicate a material impact on the company"
18378707,Fitch affirms waste management bbb outlook stable,,,,16,ITC Ltd,irrelevant,"Fitch's affirmation of a 'BBB' outlook for a waste management company does not directly mention Grasim, and the title lacks specificity about the company"
28754112,Bell County Men Arrested After Attempting To Steal Telephone Wire,,,,23,Bharat Electronics Ltd,irrelevant,"The article reports a local incident about men attempting to steal telephone wire, which is not material to any company's stock performance"
28249086,Former owner of Old City's Eulogy Belgian Tavern jailed for allegedly threatening Philly judge,,,,23,Bharat Electronics Ltd,irrelevant,"The article is about a former owner of a tavern being jailed, which is an individual incident and not material to any company's stock performance"
18367619,Marbella lujo 20150815003337 v,,,,23,Bharat Electronics Ltd,irrelevant,Title appears to be a file name or code with no clear business or financial meaning
22166521,Softswitch market industry analysis size share growth trends and forecast 2022,,,,16,ITC Ltd,irrelevant,"Market analysis focused on industry, not a specific company"
22162583,Campbell soup breaks above 200 day moving average bullish for cpb cm793297,,,,23,Bharat Electronics Ltd,relevant,Campbell Soup's stock price movement with technical analysis
20732168,7966049 us songwriter bob dylan wins nobel literature prize,,,,23,Bharat Electronics Ltd,irrelevant,"News about Bob Dylan winning Nobel prize, no business or financial relevance"
20740130,Wipro projects slower third quarter revenue growth,,,,35,Wipro Ltd,relevant,"Wipro's revenue growth guidance, a direct financial update"
27593676,Al via la campagna vaccinale a &#xAB;Trento Fiere&#xBB;. Vaccinati ieri 60 ultraottantennni,,,,42,Trent Ltd,irrelevant,"Local vaccination event in Trento, no material business news"
31330641,Chemie-Nobelpreis f&#xFC;r Protein-Forscher,,,,23,Bharat Electronics Ltd,irrelevant,"Nobel Prize in Chemistry awarded, not related to a specific company"
27593152,Outdoor Pickleball | Calendar | Campbell University,,,,23,Bharat Electronics Ltd,irrelevant,"Pickleball calendar event at Campbell University, not material business news"
22167683,Waywardkitchen,,,,16,ITC Ltd,irrelevant,"Title appears to be a website or blog name, no news content"
28246826,2021 Nobel Peace Prize goes for journalists who fought state oppression,,,,23,Bharat Electronics Ltd,irrelevant,"Nobel Peace Prize awarded to journalists, not related to a specific company"
20736081,Bell county sheriffs office subject of hoax,,,,23,Bharat Electronics Ltd,irrelevant,"Local incident involving a sheriff's office, not related to a company"
31333336,"Shpallen fituesit e &#xE7;mimit Nobel n&#xEB; mjek&#xEB;si 2024, dy shkenc&#xEB;tar&#xEB;t amerikan&#xEB; vler&#xEB;sohen p&#xEB;r zbulimin e mikroRNA",,,,23,Bharat Electronics Ltd,irrelevant,"Nobel Prize in medicine awarded to scientists, no company mentioned or involved"
22159508,switchstreamers.com,,,,16,ITC Ltd,irrelevant,"No title or content provided, but the URL suggests a website domain, not a news article about a company"
27594662,"Polymers Market Development Analysis, Share and Recent Trends By 2029 LyondellBasell, SABIC, Braskem, Total, ExxonMobil, JPP, Prime Polymer, Reliance Industries, Formosa Plastics, Sinopec, CNPC, Shenhua, Chevron Phillips, Ineos, NIOC, Borealis & Borouge, DOW, Borealis, NOVA Chemicals, Petro Rabigh, PTT, Mitsubishi, Jam Petrochemical &#x2013; KSU",,,,1,Reliance Industries Ltd,irrelevant,"Market analysis article mentioning many companies in the polymers industry, but not focused on a single company"
27597303,ROUNDUP/Belarus: Landesweite Razzien bei Menschenrechtlern und Journalisten,,,,23,Bharat Electronics Ltd,irrelevant,"News article about raids on human rights activists and journalists in Belarus, no company mentioned or involved"
18375178,Rating agentur fitch stuft griechenland hoch a 1048781,,,,16,ITC Ltd,irrelevant,"Article is about Fitch rating agency's action on Greece, not a specific company"
28250060,"RUSSIA Dmitrij Muratov, heir of Sakharov, awarded Nobel for Peace",,,,23,Bharat Electronics Ltd,irrelevant,"Article is about Nobel Peace Prize award, not related to a specific company"
22157357,Aprimo chooses bell techlogix for fully managed service desk and infrastructure monitoring and management 300470815,,,,23,Bharat Electronics Ltd,relevant,"Aprimo chooses Bell Techlogix for managed service desk and infrastructure monitoring, a corporate action"
28249582,"Presentato il nuovo Festival dell'Economia di Trento targato Sole 24 Ore. Maggior attenzione per giovani, famiglie e territorio",,,,42,Trent Ltd,irrelevant,"Article is about a festival sponsored by Sole 24 Ore, but primarily about the festival, not the company"
28249932,Operation School Bell provides clothes for students in need,,,,23,Bharat Electronics Ltd,irrelevant,"Article is about a charitable event, not related to a specific company's business or financials"
18372634,Fitch even as fda approvals slow cancer treatments progress in pharma rd pipeline 2015 08 19,,,,16,ITC Ltd,irrelevant,"The article mentions FDA approvals, but it's primarily about pharma R&D pipeline and not specifically about a company's progress or actions"
18370346,Cipla rides high on nexium but strikes a cautious note,,,,44,Cipla Ltd,relevant,"The article is about Cipla's performance and guidance related to its product Nexium, directly impacting the company's stock"
20732146,Nobel prize winning playwright dario dies o2wx4l9q1pjs5t5ewhvowo,,,,23,Bharat Electronics Ltd,irrelevant,"The article is about the death of a playwright, Dario, and has no connection to a company or business news"
20736481,Rosatom otgruzil noviy korpus reaktora dlya belorusskoy aes,,,,23,Bharat Electronics Ltd,irrelevant,"The article appears to be about a nuclear reactor shipment by Rosatom, but the content seems to be in a foreign language and does not clearly relate to a specific company's stock performance or actions"
28248056,"De Greta Thunberg &#xE0; l'OMS, qui sont les favoris pour le prix Nobel de la Paix, remis ce",,,,23,Bharat Electronics Ltd,irrelevant,"The article is about the Nobel Peace Prize and mentions Greta Thunberg and the WHO, but does not relate to a company's business news or stock performance"
24123012,178206 isabel allende edhe pse 75 vjece perpiqet te bej ndryshime cdo dite,,,,23,Bharat Electronics Ltd,irrelevant,"Article appears to be about Isabel Allende's personal life or a non-business related event, no clear connection to a company's financials or operations"
22164673,Muratpasa belediyesinden yapilandirma taksit odemesi uyarisi 30061,,,,23,Bharat Electronics Ltd,irrelevant,"Article seems to be about a local government or municipality's tax payment warning, not primarily about a specific company's financials or operations"
20739426,Tcs recognized as global leader in digital services for second consecutive year by everest group 300348464,,,,6,Tata Consultancy Services Ltd,relevant,"TCS (Tata Consultancy Services) is recognized as a global leader in digital services, indicating a business-related achievement and potential impact on the company's reputation and financials"
28752418,Beloit man arrested in connection with shots fired incident,,,,23,Bharat Electronics Ltd,irrelevant,"Article reports on a local incident (arrest in connection with shots fired) and does not appear to be related to a company's financials, operations, or reputation"
28247091,A journalist who just won the Nobel Peace Prize called Facebook 'biased against facts' and a threat to democracy,,,,23,Bharat Electronics Ltd,irrelevant,"Article discusses a journalist's comments on Facebook's impact on democracy, but does not seem to be primarily about Facebook's financials, operations, or corporate actions as a company"
24126736,Mitch mcconnell tweets photo gorsuch after scotus upholds trump travel ban,,,,16,ITC Ltd,irrelevant,"Article is about a tweet by Mitch McConnell and a Supreme Court decision, not primarily about a specific company"
28246446,Novelista Abdulrazak Gurnah gana el Nobel de Literatura,,,,23,Bharat Electronics Ltd,irrelevant,"Article is about a Nobel Prize in Literature winner, not related to a specific company"
22159803,Campbell soup earnings q3 2017 2017 5,,,,23,Bharat Electronics Ltd,relevant,"Article is about Campbell Soup's earnings, a direct financial result"
22163441,Poly chain adv transmission belt reduces maintenance costs 40004341,,,,23,Bharat Electronics Ltd,irrelevant,"Article appears to be a product announcement or technical description, but does not seem to be primarily about a specific company's financials or major corporate actions"
31331532,Los descubridores del microARN ganan el Nobel de Medicina | Noticias La Tribuna de Toledo,,,,23,Bharat Electronics Ltd,irrelevant,"Article is about Nobel Prize winners in Medicine, not related to a specific company"
24119747,Belvedere katalog franz west artistclub gewinnt staatspreis,,,,23,Bharat Electronics Ltd,irrelevant,The article appears to be about an art-related event or award and does not mention a specific company in a material way.
18376532,Tunisia abolishes visas for belarusians i 83870,,,,23,Bharat Electronics Ltd,irrelevant,The article discusses a visa policy change by Tunisia for Belarusians and does not relate to a specific company's business or financial news.
22162816,1495518717 chm 2018 po hokkeyu sbornaya belarusi sygraet v gruppe s rossiey shveciey i,,,,23,Bharat Electronics Ltd,irrelevant,The article seems to be about a sports event involving the Belarusian national team and does not pertain to company-related news.
20734176,Dylan nobel prize accept 1,,,,23,Bharat Electronics Ltd,irrelevant,"The article is about Dylan receiving the Nobel Prize, which does not directly relate to business or financial news of a specific company."
28751424,Is This Taco Bell The Fast Food Restaurant Of The Future? &#x2013; 850 WFTL,,,,23,Bharat Electronics Ltd,irrelevant,The article discusses a specific Taco Bell restaurant as a potential future model but does not provide material business news or financial information about Taco Bell or its parent company.
28249736,Fact.MR: Automotive Switches Sales to More than Double as Adoption of Automotive Interior Control Switches Grows,,,,16,ITC Ltd,irrelevant,"Market research report on automotive switches, not primarily about a specific company"
28755825,"Il avait ing&#xE9;r&#xE9; 46 ovules de coca&#xEF;ne, un homme qui ramenait la drogue de Guyane vient d'&#xEA;tre condamn&#xE9; &#xE0; Belfort",,,,23,Bharat Electronics Ltd,irrelevant,"News about a drug smuggler, no connection to a specific company"
27598482,Reminiscences with Professor Bello Salim,,,,23,Bharat Electronics Ltd,irrelevant,"Biographical interview, not related to a company's business or financials"
31331364,Three scientists win Nobel Prize in Chemistry for work on proteins&#xA0; &#x2013; Dominican Republic Post,,,,23,Bharat Electronics Ltd,irrelevant,"Nobel Prize announcement, not related to a specific company's business or financials"
28250428,Norwegian solar energy company REC Group becomes part of Reliance Industries Ltd. and accelerates its expansion,,,,1,Reliance Industries Ltd,relevant,"REC Group, a Norwegian solar energy company, becomes part of Reliance Industries Ltd., a corporate action"
22165161,Detective auld honored with ritcey award,,,,16,ITC Ltd,irrelevant,"Article about an individual receiving an award, not related to a company"
27596535,Der uners&#xE4;ttliche Stromfresser: Bitcoin | Wirtschaft | DW,,,,16,ITC Ltd,irrelevant,"Article about Bitcoin consumption, not primarily about a specific company"
28759644,"Belarusian, Hungarian Defense Officials Discuss Situation In Eastern Europe - Minsk",,,,23,Bharat Electronics Ltd,irrelevant,"Article about defense officials discussing a situation, not related to a specific company"
27597868,Belarus police launch raids on journalists and human rights activists,,,,23,Bharat Electronics Ltd,irrelevant,"Article about police raids on journalists and activists, not related to a company"
24125142,L ecole francaise de belgrade va t elle s installer sur le site controverse de,,,,23,Bharat Electronics Ltd,irrelevant,"Article about a French school in Belgrade, not primarily about a specific company"
22162413,"La actriz ana belen galardonada en belgrado por su contribucion al cine,7841cc7e956171d1aec184b5a1d6cd3at0unvmnb",,,,23,Bharat Electronics Ltd,irrelevant,"Article about an actress winning an award, not related to a specific company's business or financials"
28248252,3 Reasons to Buy Bitcoin | The Motley Fool,,,,16,ITC Ltd,irrelevant,"General investment advice about Bitcoin, not specifically about a company's business or financials"
31333437,"Reliance Retail Q2 Results: Reliance Retail Q2 operating revenue dips 3.5% to Rs 66,502 cr, PAT up 1.28%, ET Retail",,,,1,Reliance Industries Ltd,relevant,"Reliance Retail's Q2 financial results, including operating revenue and profit, directly impacts investors"
28755165,Brits koningshuis verwart Queen met onze prinses | Het Belang van Limburg,,,,23,Bharat Electronics Ltd,irrelevant,"Article about a royal family mix-up, not related to a specific company's business or financials"
28767030,Glen Riddersholm mister sit job i belgiske Genk,,,,23,Bharat Electronics Ltd,irrelevant,"Article about a person's job change, not related to a specific company's business or financials"
28759330,Yahaya Bello remains hero of the oppressed &#x2014; Campaign Media,,,,23,Bharat Electronics Ltd,irrelevant,"Article appears to be about a political campaign and not related to a specific company's financials, actions, or products"
24120211,Taco bell handing out free tacos on june 13th,,,,23,Bharat Electronics Ltd,irrelevant,"Taco Bell promotion, while related to a company, seems to be a consumer-oriented announcement rather than material business news"
24122305,Mercato ol un international belge dans le viseur 802976,,,,23,Bharat Electronics Ltd,irrelevant,"Article in French about a Belgian international market, seems to be related to sports or transfer news, not clear connection to a specific company's stock or business"
18366688,Dui arrest at a metro taco bell,,,,23,Bharat Electronics Ltd,irrelevant,"Individual incident at a Taco Bell location, not material to the company's financials or operations"
31332394,Nobel Medicina 2024 a Victor Ambros e Gary Ruvkun per scoperta 'interruttori dei geni',,,,23,Bharat Electronics Ltd,irrelevant,"Nobel Prize announcement in Medicine, not related to a specific company's stock, financials, or business actions"
27593945,USA: Donald Trump atakuje lidera GOP w Senacie Mitcha McConnella,,,,16,ITC Ltd,irrelevant,"Article is about US politics, mentioning Donald Trump and Mitch McConnell, no clear connection to a specific company's stock or business"
24122031,Prognozy vlastey realnye denezhnye dohody belorusov vyrastut na 34,,,,23,Bharat Electronics Ltd,irrelevant,"Article appears to be about economic forecasts in Belarus, but does not mention a specific company or stock"
31333159,"Trento: reagisce al tentativo di rapina, bloccato e picchiato. Arrestate due persone",,,,42,Trent Ltd,irrelevant,"Article is about a local incident in Trento, Italy, and does not mention a specific company or stock"
22157846,Fitch recovery in belarus bank lending is still some way off 717399,,,,16,ITC Ltd,relevant,"Article mentions Fitch, a credit rating agency, and discusses bank lending in Belarus, which could impact financial markets or specific companies"
20734522,Laureatul premiului nobel pentru literatura este muzicianul american bob dylan 79078,,,,23,Bharat Electronics Ltd,irrelevant,"Article is about the Nobel Prize in Literature being awarded to Bob Dylan, and does not mention a specific company or stock"
28752188,"Switcher, Inc. Launches Shopify Solution for Small and Mid-Sized Businesses to Drive Video Commerce Sales through Shoppable Livestreams",,,,16,ITC Ltd,relevant,"Switcher, Inc. launches a Shopify solution, a significant product launch for the company"
22165354,4bazo6vk anderlecht juara liga belgia,,,,23,Bharat Electronics Ltd,irrelevant,"Article appears to be about a sports result in Belgium, no clear connection to a specific company"
28246993,Vil&#xE1;g: A sz&#xF3;l&#xE1;sszabads&#xE1;g&#xE9;rt k&#xFC;zd&#x151; &#xFA;js&#xE1;g&#xED;r&#xF3;k kapt&#xE1;k a Nobel-b&#xE9;ked&#xED;jat,,,,23,Bharat Electronics Ltd,irrelevant,"Article about journalists winning a Nobel Prize, no clear connection to a specific company"
22163497,Wirtschaft belgischer reaktor doel 3 abgestellt,,,,23,Bharat Electronics Ltd,irrelevant,"Article about a Belgian reactor being shut down, but does not appear to be primarily about a specific company"
27595091,"Searches of Journalists, Activists, and Human Rights Defenders Are Being Carried Out All over Belarus",,,,23,Bharat Electronics Ltd,irrelevant,"Article about searches of journalists and activists in Belarus, no clear connection to a specific company"
20735868,Accusations frappes belges civils syrie belgique convoque ambassadeur russe 1112433,,,,23,Bharat Electronics Ltd,irrelevant,"Article appears to be about international diplomacy and conflict, not related to a specific company's financial news"
20730819,Surging earnings estimates signal good news for bellatrix exploration bxe cm699390,,,,23,Bharat Electronics Ltd,relevant,"Article mentions surging earnings estimates for Bellatrix Exploration, indicating a potential positive financial impact on the company"
31332687,"Magnus Financial Group LLC Purchases Shares of 10,431 iShares Bitcoin Trust (NASDAQ:IBIT)",,,,16,ITC Ltd,relevant,"Article reports on a specific investment firm's purchase of shares in iShares Bitcoin Trust, indicating a financial transaction related to the company"
24121253,Bezar a belgradi fopalyaudvar,,,,23,Bharat Electronics Ltd,irrelevant,Title appears to be in a different language and does not seem to relate to a specific company's financial news
22167876,Atom   huy belgischer reaktor tihange 1 wieder am netz dpa,,,,23,Bharat Electronics Ltd,irrelevant,"Article appears to be about a nuclear reactor issue in Belgium, but does not seem to relate to a specific company's financial news"
27593795,Red River Capital Corp. and Bitcoin Well Announce Concurrent Brokered Private Placement of up to $7 Million with Canaccord Genuity Corp. as Agent,,,,16,ITC Ltd,relevant,"Bitcoin Well announces private placement with Red River Capital Corp., a material financial action"
24125347,Focus will be on the new launch maruti suzuki 180917,,,,11,Maruti Suzuki India Ltd,irrelevant,Focus on a new car launch by Maruti Suzuki with no clear business impact mentioned
27594185,"Nh&#xE0; &#x110;&#x1EA7;u T&#x1B0; Danh Ti&#x1EBF;ng ""D&#x1ED9;i G&#xE1;o N&#x1B0;&#x1EDB;c L&#x1EA1;nh"" V&#xE0;o L&#xFD; Do Tesla Mua 1,5 T&#x1EF7; Usd Bitcoin",,,,16,ITC Ltd,irrelevant,"Article appears to be a Vietnamese-language opinion piece about Tesla's Bitcoin investment, not a company announcement or financial news"
28759279,A history of the Belle Isle ferry &#x2014; and why it hasn't returned,,,,23,Bharat Electronics Ltd,irrelevant,A historical article about the Belle Isle ferry with no apparent business or financial relevance
24122942,Ndp gain kitchener centre as lindo ousts vernile 1,,,,16,ITC Ltd,irrelevant,A news article about a local political election with no business or financial relevance
31331302,Belarus' Internal Affairs Ministry open to cooperation with China's colleagues,,,,23,Bharat Electronics Ltd,irrelevant,"The article is about Belarus' Internal Affairs Ministry and its potential cooperation with China, not specifically about a company"
24122134,Joseph lancaster exhibition at hitchin s british schools museum 1 5563797,,,,16,ITC Ltd,irrelevant,The title appears to be about an art exhibition and does not mention a company or relevant financial news
22170379,Chris ilitch approved as owner of tigers,,,,16,ITC Ltd,relevant,"Chris Ilitch being approved as owner of the Tigers could have financial implications for the team, making it relevant to a portfolio manager"
20730620,"Chp myk besiktas belediye baskani hazinedari disipline sevk etti(17,n,12376140,107)",,,,23,Bharat Electronics Ltd,irrelevant,"The title is in a foreign language and appears to be about a local political or sports issue, not specifically about a company or relevant financial news"
28245849,Nobel da Paz para Maria Ressa e Dmitry Muratov,,,,23,Bharat Electronics Ltd,irrelevant,"The article is about the Nobel Peace Prize being awarded to Maria Ressa and Dmitry Muratov, not specifically about a company"
24123591,Swiss belhotel to open five hotels in africa by 2021,,,,23,Bharat Electronics Ltd,relevant,"Swiss belhotel announces expansion plans in Africa, a corporate action"
22158753,Fitch foreign currency liquidity improving for nigerian banks,,,,16,ITC Ltd,irrelevant,"Fitch discusses foreign currency liquidity for Nigerian banks, not a specific company action"
24125773,Norwegian air ceo launching bitcoin 233048851,,,,16,ITC Ltd,relevant,"Norwegian Air CEO's involvement with Bitcoin, a material event for the company"
22163443,Bell leadership institute introduces leadership trainer coach,,,,23,Bharat Electronics Ltd,irrelevant,"Bell Leadership Institute introduces a leadership trainer coach, not material news for Bell company"
18374915,Institutional investors back japanese bitcoin exchange with 4m,,,,16,ITC Ltd,irrelevant,"Institutional investors back a Japanese bitcoin exchange, not company-specific news"
27595912,Priorit&#xE9; vaccinale : les syndicats de m&#xE9;decins gu&#xE8;re enthousiastes &#xE0; l'id&#xE9;e de retracer les patients &#xE0; risque - Belgique,,,,23,Bharat Electronics Ltd,irrelevant,"Article discusses vaccine priority and doctors' unions in Belgium, not related to a specific company's financial news"
24131132,Cupa mondiala 2018 belgia a invins tunisia cu 5 2 si este aproape calificata in optimi de finala,,,,23,Bharat Electronics Ltd,irrelevant,"Article reports on a soccer match between Belgium and Tunisia, not related to financial news or a specific company"
20736311,Fitch rates burnham park clo ltd,,,,16,ITC Ltd,relevant,"Fitch rates Burnham Park CLO Ltd, which is a financial news about a company's credit rating"
22164356,Belgischer reaktor doel 3 abgestellt 1002038741,,,,23,Bharat Electronics Ltd,irrelevant,"Article reports on a Belgian reactor being shut down, not directly related to a company's financial news or stock performance"
28751517,"Slovenska policija pridr&#x17E;ala Belorusa, nasprotnika Luka&#x161;enkovega re&#x17E;ima",,,,23,Bharat Electronics Ltd,irrelevant,"Article reports on Slovenian police detaining a Belarusian opponent, not related to financial news or a specific company"
28751830,Meghi&#xFA;s&#xED;tott&#xE1;k a belgr&#xE1;di &#xFA;tj&#xE1;t az eur&#xF3;pai orsz&#xE1;gok Szergej Lavrovnak,,,,23,Bharat Electronics Ltd,irrelevant,"Article appears to be about international relations or politics, not specifically about a company's business or financials"
22170320,Makey ne vidit tragedii v mezhdunarodnyh punktah propuska v rf dlya belorusov,,,,23,Bharat Electronics Ltd,irrelevant,"Article seems to discuss international checkpoints and travel issues, not a company's financials or operations"
22166477,Wirtschaft fitch bestaetigt bonitaetsnote von brasilien trotz politischer turbulenzen,,,,16,ITC Ltd,irrelevant,"While the article mentions a credit rating, it is about a country's rating, not a specific company"
31332052,"Mircea C&#x103;rt&#x103;rescu, victima unei farse &#xEE;nainte de anun&#x21B;area c&#xE2;&#x219;tig&#x103;torului Premiului Nobel pentru Literatur&#x103;",,,,23,Bharat Electronics Ltd,irrelevant,"Article appears to be about a literary award and a possible prank, not related to business or financial news"
28756601,K&#xF6;zoktat&#xE1;s: &#xDA;jabb bombariad&#xF3; volt: t&#xF6;bb mint k&#xE9;tsz&#xE1;z belgr&#xE1;di iskol&#xE1;ban maradt el a tan&#xED;t&#xE1;s,,,,23,Bharat Electronics Ltd,irrelevant,"Article discusses an educational issue in a specific region, not related to a company's financials or operations"
31331623,Fundaci&#xF3;n Isabel Gemio y Miguel&#xE1;&#xF1;ez buscan financiaci&#xF3;n en enfermedades minoritarias con la campa&#xF1;a 'Sonrisas Dulces',,,,23,Bharat Electronics Ltd,irrelevant,The article is about a charity campaign and does not mention a specific company as the main subject
18367011,6390558 coal scam  court to hear hindalco s case on sept 14,,,,48,Hindalco Industries Ltd,relevant,"The article is about a court case involving Hindalco, a specific company, related to a coal scam"
27596123,Lukashenko: Decisions of Belarusian People's Congress will not be spontaneous and unexpected,,,,23,Bharat Electronics Ltd,irrelevant,The article is about a political statement by Lukashenko and does not mention a specific company as the main subject
22169298,59864 la muerte de guatemalteco en belice fue un accidente confirma la canciller%c3%ada,,,,23,Bharat Electronics Ltd,irrelevant,The article is about a diplomatic incident and does not mention a specific company as the main subject
18372464,Fitch affirms renres ratings upgrades preference shares,,,,16,ITC Ltd,relevant,"The article is about Fitch affirming and upgrading ratings for RenRes, a specific company"
24115093,Contrasting pinnacle foods pf and campbell soup cpb,,,,23,Bharat Electronics Ltd,irrelevant,"Article compares two companies, Pinnacle Foods and Campbell Soup, but is not primarily about either company's financials, operations, or strategy"
20735633,4013987 wipro limiteds wit ceo abidali neemuchwala q2 2017 results earnings call transcript,,,,35,Wipro Ltd,relevant,"Wipro Limited's CEO discusses Q2 2017 earnings, directly impacting the company's stock and investor relations"
31333319,Reliance Industries Q2 net drops 3% on weaker refining margin,,,,1,Reliance Industries Ltd,relevant,"Reliance Industries reports Q2 net drop due to weaker refining margin, directly affecting financials and investor relations"
27593229,GLEBELANDS HOSTEL MOST WANTED 'HITMAN' BUST!,,,,23,Bharat Electronics Ltd,irrelevant,"Unrelated to any company's financials, operations, or strategy; appears to be a sensational news headline"
18379458,El papa candidato al nobel por 3 vez,,,,23,Bharat Electronics Ltd,irrelevant,"Unrelated to any company's financials, operations, or strategy; appears to be a news headline about a pope's potential Nobel nomination"
31331400,Exclusiva | El motivo por el que B&#xE1;rbara Rey huy&#xF3; de la prensa a toda velocidad en Marbella,,,,23,Bharat Electronics Ltd,irrelevant,"The article appears to be about a celebrity's personal life, not related to a company's business or financials"
31334162,Victoru Ambrosu i Garyju Ruvkunu Nobelova nagrada za fiziologiju i medicinu,,,,23,Bharat Electronics Ltd,irrelevant,"The article seems to be about a scientific award, not related to a specific company's business or financials"
27596125,Lukashenko to BPC delegates: Today you are the masters of our Belarus,,,,23,Bharat Electronics Ltd,irrelevant,"The article appears to be about a political speech, not related to a specific company's business or financials"
28246697,Maruti Suzuki to increase mobile service vans to over 300 by fiscal-end,,,,11,Maruti Suzuki India Ltd,relevant,"The article is about Maruti Suzuki's business plans, specifically increasing its mobile service vans"
28755198,"Snapping 2-day losses, indices settle in green; Reliance top gainer",,,,1,Reliance Industries Ltd,irrelevant,"The article appears to be a general market update, mentioning Reliance as one of several gainers, but not specifically about the company's business or financials"
22171146,Buyout of cabelas cab on track hold the stock for now cm793882,,,,23,Bharat Electronics Ltd,relevant,"Cabela's buyout is on track, directly impacting the company's stock"
24128383,Reliance investing in india s first carbon fibre unit 118061501108 1,,,,1,Reliance Industries Ltd,relevant,"Reliance investing in India's first carbon fibre unit, a significant corporate action"
27596078,"Switchable Smart Film Market Size, Industry Analysis, Forecast Report 2021-2027",,,,16,ITC Ltd,irrelevant,"Market size and industry analysis report, not specifically about a company's stock or actions"
31333848,2024 Nobel T&#x131;p &#xD6;d&#xFC;l&#xFC;'ne ABD'li biyologlar Ambros ve Ruvkun lay&#x131;k g&#xF6;r&#xFC;ld&#xFC;,,,,23,Bharat Electronics Ltd,irrelevant,"Nobel Prize award, not related to a specific company's stock or business actions"
18378846,Fitch affirms and withdraws ambevs ratings 2015 08 14,,,,16,ITC Ltd,relevant,"Fitch affirms and withdraws Ambev's ratings, a direct credit rating action"
18372028,Reliance comm gets several bids for tower unit stake sale709825,,,,1,Reliance Industries Ltd,relevant,"Reliance Communications receives bids for tower unit stake sale — corporate action, potential divestiture"
28246331,MAE al Belarus a comentat situa&#x21B;ia cu privire la &#xEE;nchiderea Consulatului General al republicii de la New York,,,,23,Bharat Electronics Ltd,irrelevant,Article about Belarusian consulate closure in New York — not related to a specific company's financial news
31333434,El Nobel de Medicina es para Ambros y Ruvkun por el microARN y su papel en regulaci&#xF3;n g&#xE9;nica,,,,23,Bharat Electronics Ltd,irrelevant,"Nobel Prize in Medicine awarded — general news, not related to a specific company's financial news"
28248859,R&#xE9;compenses : Terrains connus ou nouveaux horizons ? Le Nobel de litt&#xE9;rature remis &#xE0; Stockholm,,,,23,Bharat Electronics Ltd,irrelevant,"Nobel Prize in Literature — general news, not related to a specific company's financial news"
24115826,Boudewijn zenden pendant la coupe du monde je supporterai la belgique 456595,,,,23,Bharat Electronics Ltd,irrelevant,Personal statement about supporting Belgium during World Cup — not related to a specific company's financial news
28245764,Journalists Maria Ressa and Dmitri Muratov Win Nobel Peace Prize 2021: Live Updates,,,,23,Bharat Electronics Ltd,irrelevant,"The article is about the Nobel Peace Prize winners, not primarily about a company."
18370780,Dui arrest at a okc taco bell,,,,23,Bharat Electronics Ltd,irrelevant,"The article is about an individual incident at a Taco Bell location, not material or company-level news."
24126136,Magas trumps gonna get a nobel prize nobel committee member lolwut,,,,23,Bharat Electronics Ltd,irrelevant,"The article appears to be a social media post or commentary about a potential Nobel Prize, not related to a company's news."
28247297,Idiot Decided To Climb On A Taco Bell Drive-Thru Menu | 94HJY,,,,23,Bharat Electronics Ltd,irrelevant,"The article is about an individual's actions at a Taco Bell location, not material or company-level news."
22165741,232322 beltone hosts prom patients and local community,,,,23,Bharat Electronics Ltd,irrelevant,"The article appears to be about a local event or community activity hosted by a company, but it does not seem to have significant business impact or be primarily about the company's operations."
27593677,"Town of Beloit to seek bids for park shelters, parking lot work",,,,23,Bharat Electronics Ltd,irrelevant,"The article is about a town's infrastructure project, not related to a specific company"
31331338,Belarus' Interior Minister noted readiness of his department to liaise and share experience with Chinese colleagues,,,,23,Bharat Electronics Ltd,irrelevant,"The article is about international cooperation between government departments, not related to a specific company"
22160977,Belgischer reaktor doel 3 abgestellt 5494669,,,,23,Bharat Electronics Ltd,irrelevant,"The article appears to be about a nuclear reactor in Belgium, but it's not clear if it's company-related; however, the lack of specific company mention makes it irrelevant"
24129409,Adman harold mitchell moves to offload city office 20180619 p4zmgc,,,,16,ITC Ltd,irrelevant,"The article seems to be about a real estate transaction or business move, but the title is unclear; however, it does not appear to be primarily about a specific company's business news"
24118795,Belgia vs tunisia piala dunia 2018 live grup g,,,,23,Bharat Electronics Ltd,irrelevant,"The article appears to be about a sports event, specifically a World Cup match, and does not relate to business news or a specific company"
28754369,Campbell Soup (NYSE:CPB) Updates FY22 Earnings Guidance,,,,23,Bharat Electronics Ltd,relevant,"Campbell Soup updates FY22 earnings guidance, directly impacting stock performance"
28250349,India's Reliance buys Norway-based REC Solar in green energy push | Money,,,,1,Reliance Industries Ltd,irrelevant,"Reliance's acquisition of REC Solar is the main topic, not about Campbell Soup"
24118788,"Kantersieg toreshow von lukaku hazard belgien glaenzt gegen tunesien a 50,1,3650092608",,,,23,Bharat Electronics Ltd,irrelevant,Article appears to be in a foreign language and unrelated to business or financial news
24125588,1529837930 mid podtverdil gibel grazhdanki belarusi v dtp na territorii lvovskoy,,,,23,Bharat Electronics Ltd,irrelevant,Article appears to be in a foreign language and unrelated to business or financial news
27593593,Bell on hunt for new cell tower site,,,,23,Bharat Electronics Ltd,irrelevant,"Article about a local cell tower site hunt, likely a non-material event for a specific region"
20735896,Belkin launches tempered glass screen protector for apple iphone 7 7 plus at rs 2299 1302687,,,,23,Bharat Electronics Ltd,irrelevant,"Belkin product launch mentioned in context of Apple iPhone, but primarily a consumer product announcement"
22162908,Medjunarodni dan muzeja obelezen u muzeju vojvodine 825683,,,,23,Bharat Electronics Ltd,irrelevant,Museum event unrelated to financial news or business analysis
18370228,Grasim sells consumer products business to future group 1432610244,,,,38,Grasim Industries Ltd,relevant,Grasim's sale of consumer products business to Future Group — corporate action with material impact
20738471,Minoborony prokommentirovalo intsident s samoletom belavia,,,,23,Bharat Electronics Ltd,irrelevant,Incident involving military and Belavia airplane — not related to Belavia's business or financials
20738848,Fitch rates bexar county tx certificates of obligation aaa outlook stable 2016 10 31,,,,16,ITC Ltd,irrelevant,"Fitch rating for Bexar County, TX certificates of obligation — not related to a company or stock"
28755917,"Scuola per parrucchiere ed estetiste di Trento, Ferrari (Pd): ""Ancora tre anni nei container, inaccettabile"" - Trento",,,,42,Trent Ltd,irrelevant,"The article appears to be about a local school issue in Trento, Italy, and does not mention a company in a material way"
28757638,Oyo Rating Downgraded by Fitch Amid Profit Concerns,,,,16,ITC Ltd,relevant,Oyo's rating being downgraded by Fitch due to profit concerns is a direct financial and market-related news about the company
24122474,South korea blockchain (skbc) opens   bitcoin learning center   in seoul to introduce the general public to the basics of bitcoin 5461932,,,,16,ITC Ltd,irrelevant,"The article is about a blockchain company opening a Bitcoin learning center, but the company name is not provided, and it seems to be more about the general introduction of Bitcoin rather than specific company news"
24129106,Marbella florida serie 20180620235539 nt,,,,23,Bharat Electronics Ltd,irrelevant,The title seems to be a random string and does not appear to be related to any company news or financial information
27597624,OSCE Media Freedom Representative deeply concerned about state of media freedom and freedom of expression in Belarus,,,,23,Bharat Electronics Ltd,irrelevant,The article is about the state of media freedom and freedom of expression in Belarus and does not mention a specific company in a material way
28757458,"Broadway's Beloved Basement Club, Feinstein's/54 Below, Turns 10",,,,23,Bharat Electronics Ltd,irrelevant,"Article about a venue's anniversary, no business impact or financial news about the company"
20736493,Mauritius suspends belvedere units fund management licence,,,,23,Bharat Electronics Ltd,relevant,"License suspension for Belvedere's unit in Mauritius, directly affects the company's operations"
20738433,Belgian deaf devils et homeless red wolves special olympics font partie de l union belge 580e6cc8cd70fdfb1a574c83,,,,23,Bharat Electronics Ltd,irrelevant,"Unintelligible title, likely not about a company's financial news or business operations"
27598213,Vlast &#x107;e poku&#x161;ati da zata&#x161;ka Belivukovu ulogu u bakljadama,,,,23,Bharat Electronics Ltd,irrelevant,"Unintelligible title, likely not about a company's financial news or business operations"
18372066,Fitch rates chicago park district ils gos,,,,16,ITC Ltd,relevant,"Fitch ratings for Chicago Park District ILS, directly related to financial markets and credit rating"
27592987,Metaswitch Announces More Than Fifty Operator Customers Now Delivering Direct Routing for Microsoft Teams with Perimeta SBC,,,,16,ITC Ltd,relevant,"Metaswitch announces milestone with operator customers for Microsoft Teams integration, directly impacting their business"
18378817,Eurasian economic union format in belarus social and economic development forecast i 83789,,,,23,Bharat Electronics Ltd,irrelevant,"Article appears to be about economic development in Belarus, only mentions 'Eurasian economic union format' in passing, no clear business impact"
28250891,Al Museo di Trento (diretto dalla casalese Primerano) il GP Europeo,,,,42,Trent Ltd,irrelevant,"Article seems to be about a museum event in Trento, no clear connection to a specific company's business"
28755296,Domanda di messa a disposizione (MAD) collaboratore scolastico Trento: scadenza 17 giugno,,,,42,Trent Ltd,irrelevant,"Job posting for a school collaborator in Trento, not material business news"
20733240,Morreu o nobel da literatura dario fo a953796,,,,23,Bharat Electronics Ltd,irrelevant,"Obituary for Nobel laureate Dario Fo, no business relevance"
28249110,Beltz Ianni & Associates | Rochester Business Journal,,,,23,Bharat Electronics Ltd,irrelevant,Title appears to be about a company or firm but lacks specific information to determine relevance
24113991,Port isabel service processing center to be primary reunification removal center,,,,23,Bharat Electronics Ltd,irrelevant,"Title mentions a service processing center but does not directly relate to a specific company's financials, actions, or material events"
28759100,LNB - Mendoza anota 32 con 10 rebotes y Reales vencen a Titanes en tiempo extra,,,,17,Titan Company Ltd,irrelevant,"Title appears to be about a sports game result, not directly related to a company's financials, actions, or material events"
28751362,"Taco Bell Opens First ""Drive-Thru Of The Future"" | 96.1 KXY",,,,23,Bharat Electronics Ltd,relevant,"Title mentions Taco Bell opening a ""Drive-Thru Of The Future,"" which could be a significant product or strategy update for the company"
28246368,Nobel Prize 2021: Tanzanian Abdulrazak Gurnah awarded Nobel literature prize,,,,23,Bharat Electronics Ltd,irrelevant,"Title is about the Nobel Prize in literature, not related to a specific company's financials, actions, or material events"
28756372,"Maj mesec matematike okupio 100.000 posetilaca: gejming, kreativnost i matematika obele&#x17E;ili mesec za nama",,,,23,Bharat Electronics Ltd,irrelevant,"Article about a math event with 100,000 visitors, not related to a specific company's business or financials"
27594552,Belarusian People's Congress wraps up in Minsk,,,,23,Bharat Electronics Ltd,irrelevant,"News about a political event in Belarus, no clear connection to a company's financials or business"
28754966,"37% des Belges sont d&#xE9;j&#xE0; certains de partir en vacances cet &#xE9;t&#xE9;, 34% h&#xE9;sitent encore",,,,23,Bharat Electronics Ltd,irrelevant,"Survey about Belgians' vacation plans, not related to a specific company's financials or business"
24126322,Belarus azerbaijan agree to expand cooperati 381114,,,,23,Bharat Electronics Ltd,irrelevant,"Brief mention of cooperation between Belarus and Azerbaijan, not clearly related to a specific company's financials or business"
28751505,"Prediksi Skor Belgia vs Belanda, Kondisi Terkini, Head to Head, Susunan Pemain",,,,23,Bharat Electronics Ltd,irrelevant,"Sports prediction article, not related to a specific company's financials or business"
20734815,13142779 nobel vsku prem yu z l teraturi otrimav bob d lan,,,,23,Bharat Electronics Ltd,irrelevant,"Title appears to be nonsensical or garbled text, not related to a specific company or financial news"
18370373,Muratpa%c5%9fa belediye ba%c5%9fkan%c4%b1 uysal a anlaml%c4%b1 hediye 146636,,,,23,Bharat Electronics Ltd,irrelevant,"Title appears to be about a local political figure or event, not related to a specific company or financial news"
27594561,Call to award Hero of Belarus title to Aleksandr Lukashenko,,,,23,Bharat Electronics Ltd,irrelevant,"Title is about an award or honor for an individual, not related to a specific company or financial news"
20734542,154292 blagodarya zapusku aes belorussiya rasschityvaet otkazatsya ot importa elektroenergii i snizit zavisimost ot gaza,,,,23,Bharat Electronics Ltd,irrelevant,"Title appears to be about energy production or policy in Belarus, but does not specifically relate to a company's financial news or stock performance"
28756898,"Lamb of God Announce New Album 'Omens,' Plot North American Tour with Killswitch Engage",,,,16,ITC Ltd,irrelevant,"Title is about a music band's new album and tour, not related to a specific company or financial news"
28756219,Belfast International Airport bus services: Translink announce timetable change with more departures,,,,23,Bharat Electronics Ltd,irrelevant,"The article is about a bus service timetable change at Belfast International Airport, not primarily about a company that a portfolio manager would need to read for stock-related decisions."
20733274,1476365411 belarus i es podpisali soglashenie o partnerstve v sfere mobilnosti,,,,23,Bharat Electronics Ltd,irrelevant,"The article appears to be about a partnership agreement between Belarus and another entity regarding mobility, but it's not clear which company is involved or if it's material."
20739562,Female nobel prize winners,,,,23,Bharat Electronics Ltd,irrelevant,"The article is a list of female Nobel Prize winners, which does not relate to any specific company's stock performance or business developments."
20732949,Nobelisti bob dylan,,,,23,Bharat Electronics Ltd,irrelevant,"The article seems to be about Nobel laureate Bob Dylan, which does not directly relate to business or financial news that would affect stock holdings."
28752287,Taproot Dentsu & Cipla Health get Ayushmann Khurrana energised in Maxirich's new campaign,,,,44,Cipla Ltd,irrelevant,"The article discusses a marketing campaign involving celebrities and advertising agencies, which is not directly relevant to the stock performance of a specific company that a portfolio manager would need to know."
22158503,Cancer research uk selects spinnaker support for siebel crm support 300471009,,,,23,Bharat Electronics Ltd,irrelevant,"The article is about Cancer Research UK selecting Spinnaker Support for Siebel CRM support, which does not directly relate to a company's financials, market performance, or strategic actions."
28247059,"HASIL AKHIR Italia vs Belgia, Dapat Hadiah Pinalti, Italia Juara Tiga, Menang 2-1",,,,23,Bharat Electronics Ltd,irrelevant,"The article appears to be about a sports match between Italia and Belgia, discussing the outcome and details of the game, which is not related to a specific company's performance or actions."
31332829,Qu&#xE9; ver en Belgrado: todos los imprescindibles de la capital de Serbia,,,,23,Bharat Electronics Ltd,irrelevant,"The article seems to be a travel guide or tourism information about Belgrade, Serbia, listing must-see places, which does not pertain to a company's business or financial news."
28754798,'Where would you go?': Kitchener man speaks out about encampment evictions,,,,16,ITC Ltd,irrelevant,"The article discusses a local issue about encampment evictions in Kitchener, which does not relate to a specific company's operations or financial situation."
24129832,Jan vertonghen apres belgique panama ce ne fut pas notre meilleur match,,,,23,Bharat Electronics Ltd,irrelevant,"The article appears to be about a sports match and a player's comments, which does not pertain to a company's business, financials, or strategic actions."
18378378,Show me data do you use your seat belt,,,,23,Bharat Electronics Ltd,irrelevant,The title appears to be a personal or rhetorical question about seat belt usage and does not mention any company or financial information
22163746,Omers administration corp invests 1 448 million in abercrombie fitch co anf,,,,16,ITC Ltd,relevant,"Omers Administration Corp invests $1,448 million in Abercrombie & Fitch Co, indicating a significant financial transaction involving the company"
24113940,Los cajeros belgas cerraran por las noches para evitar ataques con explosivos,,,,23,Bharat Electronics Ltd,irrelevant,"The title discusses a labor issue or security concern affecting Belgian cashiers, but does not specifically mention a company that would require a portfolio manager to take action"
22165903,Abci universidad isabel conocimiento 201705221141 noticia,,,,23,Bharat Electronics Ltd,irrelevant,The title appears to be a fragment or a non-English phrase that does not provide any meaningful information about a company or financial topic
20737209,Fitch affirms msci 2007 iq15 2016 10 20,,,,16,ITC Ltd,relevant,"Fitch affirms MSCI, indicating a credit rating action that could impact the company's financial situation or investor perception"
24130292,Naznachen novyy press sekretar belorusskogo mid,,,,23,Bharat Electronics Ltd,irrelevant,"The title appears to be about a new press secretary appointment for the Belarusian Ministry of Foreign Affairs, but it does not mention a specific company that would require a portfolio manager to read about."
18372178,Acuna me entere contratos belaunde lossio prensa noticia 1833916,,,,23,Bharat Electronics Ltd,irrelevant,The title seems to be a jumbled collection of words and does not form a coherent or recognizable piece of business news related to a specific company.
28755952,Lamb of God and Killswitch Engage Coming to MI in September,,,,16,ITC Ltd,irrelevant,"The title discusses a concert event featuring the bands Lamb of God and Killswitch Engage, which does not pertain to business news about a specific company."
24131247,Regal beloit corp rbc receives average rating of hold from brokerages,,,,23,Bharat Electronics Ltd,relevant,"The title mentions that Regal Beloit Corp (RBC) receives an average rating of 'hold' from brokerages, which directly pertains to the company's stock performance and financial news."
24122841,Belgica vs panama transmision en vivo online 194703,,,,23,Bharat Electronics Ltd,irrelevant,The title appears to be about a sports event transmission and does not contain information related to a specific company's business news.
18372254,Fitch affirms tabor hills il revenue bonds,,,,16,ITC Ltd,irrelevant,"The article is about Fitch affirming revenue bonds for Tabor Hills, IL, which is not related to a specific company's stock performance or business news"
20730848,Belgiumban vizumot kellene adni a menekultstatust kero migransoknak,,,,23,Bharat Electronics Ltd,irrelevant,The article appears to be about a news story in Hungarian and does not mention a specific company
27595831,"High Class KVM Switches&#xA0;Market Size, Status and Global Outlook 2021 to 2025 | Belkin, Adder, Aten, Dell &#x2013; KSU",,,,23,Bharat Electronics Ltd,irrelevant,"The article is a market research report about KVM switches and mentions several companies, including Belkin, Adder, Aten, and Dell, but is not primarily about any one company's stock performance or business news"
20732226,Kilis belediyespor aciklamasi 1 karaman belediyespor aciklamasi 1 3528672,,,,23,Bharat Electronics Ltd,irrelevant,The article appears to be a sports-related news story in Turkish and does not mention a specific company
31332522,A child is dead after being hit by a car in Bellevue,,,,23,Bharat Electronics Ltd,irrelevant,The article is a news story about a local accident and does not mention a specific company
31333466,El Nobel de Medicina 2024 premia el descubrimiento del micro-ARN,,,,23,Bharat Electronics Ltd,irrelevant,"The article is about the Nobel Prize in Medicine 2024, not specifically related to any company"
27592335,Law Enforcers Break Through Doors To Leadership Of Belarusian Association Of Journalists,,,,23,Bharat Electronics Ltd,irrelevant,"The article is about a law enforcement action against the Belarusian Association of Journalists, not related to a company"
28758806,Garc&#xED;a y Feliz toman las riendas de los Titanes del Distrito en la LNB,,,,17,Titan Company Ltd,irrelevant,"The article appears to be about sports leadership appointments, not related to a specific company"
18371854,Fitch upgrades greece to ccc 77418,,,,16,ITC Ltd,irrelevant,"The article is about Fitch upgrading Greece's rating, not related to a specific company (country-level rating)"
31332228,"Premiul Nobel pentru Medicin&#x103; 2024, primit de doi cercet&#x103;tori americani. Ei au descoperit cum apar diferen&#x21B;ele &#xEE;ntre gene",,,,23,Bharat Electronics Ltd,irrelevant,"The article is about the Nobel Prize in Medicine 2024, not specifically related to any company"
20732304,Bob dylan prix nobel de 185529,,,,23,Bharat Electronics Ltd,irrelevant,The title appears to be garbled and does not clearly relate to a specific company's financial news or events.
22166836,Megaport appoints belle lajoie as chief commercial officer 2017 05 21,,,,23,Bharat Electronics Ltd,relevant,"Megaport appoints a new Chief Commercial Officer, which is a corporate action affecting leadership and strategy."
28247208,Reliance announces launch of premium mall 'Jio World Drive' in Mumbai,,,,1,Reliance Industries Ltd,relevant,"Reliance announces the launch of a new premium mall, which is a significant corporate action related to its business operations and strategy."
28253140,"Meet Elyse Myers, TikToker goes viral for worst first date at Taco Bell",,,,23,Bharat Electronics Ltd,irrelevant,"The article appears to be about a viral social media story involving a customer experience at Taco Bell, which is not material to the company's business."
18368081,Fitch withdraws ratings on certain state of oregon bond maturities 2015 08 17,,,,16,ITC Ltd,relevant,"Fitch withdraws ratings on certain bonds, which is a credit rating action that could impact the state's or a specific entity's financial situation."
31332839,Premiul Nobel pentru Medicin&#x103; a fost c&#xE2;&#x219;tigat &#xEE;n 2024 de cercet&#x103;torii Victor Ambros &#x219;i Gary Ruvkun pentru descoperirea microARN-ului,,,,23,Bharat Electronics Ltd,irrelevant,"The article is about the Nobel Prize in Medicine, which is not related to a specific company's business or financial news"
27595684,"7 Marketing Lessons from TikTok, Hulu, and Taco Bell",,,,23,Bharat Electronics Ltd,irrelevant,"The article provides general marketing lessons from various companies, but is not primarily about any one company's business or financial news"
22168821,"Ak parti merkez karar yonetim kurulu belli oldu(17,n,12601469,110)",,,,23,Bharat Electronics Ltd,irrelevant,"The article appears to be about a political party's decision, but the title is not in English and does not clearly relate to a specific company's business or financial news"
31332497,Rosatom to help Belarusian exporters ship via Northern Sea Route,,,,23,Bharat Electronics Ltd,relevant,"The article mentions a specific company, Rosatom, and its business action to help Belarusian exporters, making it relevant to the company's business news"
27596502,Donald Trump Condemns Senate Minority Leader Mitch McConnell in Deepening Republican Rift,,,,16,ITC Ltd,irrelevant,The article is about a political event and does not relate to a specific company's business or financial news
28751795,Dame Jocelyn Bell Burnell inspires next generation,,,,23,Bharat Electronics Ltd,irrelevant,"The article is about Dame Jocelyn Bell Burnell inspiring the next generation, which does not appear to be related to a specific company's business or financial news."
28248718,Belarus' Foreign Ministry comments on Poland's offer of humanitarian aid,,,,23,Bharat Electronics Ltd,irrelevant,"The article is about Belarus' Foreign Ministry commenting on Poland's offer of humanitarian aid, which does not appear to be related to a specific company's business or financial news."
24116010,Londoners relying food banks soup kitchens 180622180813207,,,,16,ITC Ltd,irrelevant,"The article is about Londoners relying on food banks and soup kitchens, which does not appear to be related to a specific company's business or financial news."
22160389,Cabor panjat tebing andalan beltim mendulang emas,,,,23,Bharat Electronics Ltd,irrelevant,The article appears to be in a different language and does not provide enough information to suggest it is related to a specific company's business or financial news.
20730894,Fitch rates sirius senior notes bbb  2016 10 27,,,,16,ITC Ltd,relevant,"The article is about Fitch rating Sirius' senior notes, which is a credit rating action directly related to the company's financial situation."
28754184,mediacongo.net - Actualit&#xE9;s - L'aide publique au d&#xE9;veloppement de la Belgique &#xE0; la RDC &#xE9;valu&#xE9;e &#xE0; 100 millions d'Euros,,,,23,Bharat Electronics Ltd,irrelevant,"Article about Belgian public development aid to the RDC, not primarily about a specific company"
24126513,Gandbolisty sbornoy belarusi ne probilis na chempionat mira 2019,,,,23,Bharat Electronics Ltd,irrelevant,"Sports news about Belarus national team not qualifying for World Championship, no company mentioned"
18367354,Fitch affirms validus ratings upgrades hybrid debt 2015 08 17,,,,16,ITC Ltd,relevant,"Fitch affirms Validus ratings and upgrades hybrid debt, directly impacts the company's financial standing"
18372437,Fitch affirms camden property trust bbb outlook,,,,16,ITC Ltd,relevant,"Fitch affirms Camden Property Trust ratings, directly impacts the company's financial standing"
24118522,Belgjika tregon forcen yjet e saj dhurojne spektakel,,,,23,Bharat Electronics Ltd,irrelevant,"Sports or entertainment news about Belgium, no company mentioned"
28250452,"Schoolchildren from Russia and Belarus take part in the cadet shift of students of the Union State ""For the Honor of the Motherland &#x2013; India Education | Latest Education News  | Global Educational News",,,,23,Bharat Electronics Ltd,irrelevant,"The article is about a student event involving Russia, Belarus, and India, with no clear connection to a specific company's stock performance or business news."
28247514,"India will avert any power crunch for now, says Fitch Solutions",,,,16,ITC Ltd,irrelevant,"The article mentions India and power, but is not specifically about a company that would require a portfolio manager to take action; it appears to be more about market analysis."
22160062,Premium chess tournament abel matovu shines,,,,23,Bharat Electronics Ltd,irrelevant,The article is about a chess tournament and does not contain information that would be relevant to a portfolio manager or stock performance.
18377136,Belarus und china besprechen zusammenarbeit in handel und wirtschaft in peking am 20 august i 80849,,,,23,Bharat Electronics Ltd,irrelevant,"The article discusses cooperation between Belarus and China in trade and economics, but does not specifically focus on a company's stock performance or business news that would require immediate attention from a portfolio manager."
18373093,Fitch rates metropolitan trans auth ny trans rev bonds a 2015 08 13,,,,16,ITC Ltd,irrelevant,"The article is about Fitch ratings for Metropolitan Transportation Authority bonds, not specifically related to stock performance or business news of a particular company that would necessitate reading for a portfolio manager holding a specific stock."
28759542,El Paso teens arrested in Bel Air High School terror threat case,,,,23,Bharat Electronics Ltd,irrelevant,"Article about individual arrests for a terror threat, not related to a company's financials or business"
24114434,Belvidere high school graduati 2,,,,23,Bharat Electronics Ltd,irrelevant,"Incomplete title, but appears to be about a high school graduation, which is not related to a company's financials or business"
28248645,How the Belgium government is encouraging its citizens to cycle,,,,23,Bharat Electronics Ltd,irrelevant,"Article about government encouragement for cycling in Belgium, not related to a company's financials or business"
31331190,El premio Nobel de Literatura fue para la escritora surcoreana Han Kang,,,,23,Bharat Electronics Ltd,irrelevant,"Article about a literary award winner, not related to a company's financials or business"
24116192,Belgischer nationaltrainer martinez im interview,,,,23,Bharat Electronics Ltd,irrelevant,"Article about a Belgian national soccer trainer interview, not related to a company's financials or business"
28759911,Termoenergetica &#xEE;nchiriaz&#x103; 5&#xA0;capacit&#x103;&#x163;i modulare&#xA0;pentru produc&#x163;ia de energie termic&#x103; &#xEE;n spa&#x163;iul fostului CET Titan,,,,17,Titan Company Ltd,relevant,Termoenergetica announces modular capacity rental for thermal energy production — corporate action and business development
22160054,Stavropolskiy forum belaya akatsiya obretaet status mezhdunarodn 103301,,,,23,Bharat Electronics Ltd,irrelevant,"Article appears to be about a forum or event, not directly related to a specific company's business or financials"
22166518,Ph ag xcomm belair lions camp possibilities 20170521 story,,,,23,Bharat Electronics Ltd,irrelevant,Article title seems unclear and does not directly reference a specific company's business or financials
20736722,84579 pod brestom nachalis sovmestnyie ucheniya rossijskih i belorusskih desantnikov,,,,23,Bharat Electronics Ltd,irrelevant,"Article appears to be about joint military exercises, not directly related to a specific company's business or financials"
24128320,Fas iran maci hangi kanalda saat kacta belhanda fas iran macinda oynayacak sxhbq713376sxq,,,,23,Bharat Electronics Ltd,irrelevant,"Article title seems to be about a sports event or broadcast schedule, not directly related to a specific company's business or financials"
22170186,A milli basketbol takiminin rakipleri belli oldu 637806,,,,23,Bharat Electronics Ltd,irrelevant,"Article appears to be about a basketball team's opponents, not related to a specific company's business or financials"
20737262,Correction fitch rates mercks euro notes offering a,,,,16,ITC Ltd,relevant,"Fitch rates Merck's euro notes offering, directly related to Merck's financials and credit rating"
31337466,Rusya'n&#x131;n en g&#xFC;zel k&#x131;z&#x131; belli oldu,,,,23,Bharat Electronics Ltd,irrelevant,"Article about a personal beauty pageant, not related to a company's business or financials"
24119242,Belgiya rozgromila tunis ta viyshla v pley of chempionatu svitu n988578,,,,23,Bharat Electronics Ltd,irrelevant,"Article about a sports match, not related to a specific company's business or financials"
24117700,Natural skin care   just open your kitchen cabinet 2158802,,,,16,ITC Ltd,irrelevant,"Article about natural skin care, mentioning opening a kitchen cabinet, appears to be lifestyle or consumer content rather than company-focused news"
28250644,2021 Nobel Kimya &#xD6;d&#xFC;lleri: Yetenekli organokataliz&#xF6;rler ne getirir?,,,,23,Bharat Electronics Ltd,irrelevant,"The title appears to be about the Nobel Chemistry Prize, but it does not mention a specific company and seems to be focused on the scientific aspect rather than business or financial news."
28249165,"Belarus' COVID-19 latest: 2,038 new cases, 1,534 recoveries",,,,23,Bharat Electronics Ltd,irrelevant,"The title reports on COVID-19 cases and recoveries in Belarus, which is a public health update and not related to business or financial news about a specific company."
28751837,El Museo Provincial de Bellas Artes presentar&#xE1; una muestra de la destacada escultora Gloria Priotti,,,,23,Bharat Electronics Ltd,irrelevant,"The title announces an art exhibition by a sculptor named Gloria Priotti, which is a cultural event and not related to business or financial news about a specific company."
18378756,Aantal dodelijke ongevallen met vluchtmisdrijf in vijf jaar tijd meer dan verdubbeld,,,,23,Bharat Electronics Ltd,irrelevant,"The title discusses a statistical report on fatal accidents involving hit-and-run incidents, which is a general societal issue and not related to business or financial news about a specific company."
18379453,V moldove budut sobirat belorusskie avtobusy,,,,23,Bharat Electronics Ltd,irrelevant,"The title mentions that Moldovans will collect Belarusian buses, which seems to be a news piece about a specific product or industry but does not clearly relate to financial news or a specific company's business actions."
28250552,"""Le Comit&#xE9; Nobel veut encourager tous les politiques, m&#xEA;me ceux qui sont douteux, &#xE0; contribuer &#xE0; la paix"", dit Dan Smith, directeur du SIPRI",,,,23,Bharat Electronics Ltd,irrelevant,The article is about a general statement on peace encouragement and does not mention a specific company
20731194,Maruti suzuki q2 profit rises 60 pct beats estimates 116102700480 1,,,,11,Maruti Suzuki India Ltd,relevant,"Maruti Suzuki's Q2 profit rise is a direct financial result, beating estimates"
18378427,Reliance capital gains after strong q1 results 115081401006 1,,,,1,Reliance Industries Ltd,relevant,"Reliance Capital's strong Q1 results led to a gain, directly impacting the company's stock"
22163409,Adcraft labels,,,,23,Bharat Electronics Ltd,irrelevant,"The title 'Adcraft labels' does not provide enough information to determine it is about a company's business, financials or actions"
24121746,1735779 zbirna belgiyi oderzhala rozgromnu peremogu pered startom chs 2018,,,,23,Bharat Electronics Ltd,irrelevant,The title appears to be about a sports event and does not mention a specific company
31332591,"El premio Nobel de Medicina 2024 fue para Victor Ambros y Gary Ruvkun, de EEUU",,,,23,Bharat Electronics Ltd,irrelevant,"The article is about the Nobel Prize in Medicine winners, not related to a specific company"
28757486,Dartmouth-Hitchcock Offers Vaccine Confidence Virtual Learning for Community Influencer,,,,16,ITC Ltd,irrelevant,"The article is about a vaccine confidence virtual learning program, not related to a specific company's business or financial news"
22163853,Guj pnp infog know about ada group reliance dakc campus navi mumbai gujarati news 5605975 pho,,,,1,Reliance Industries Ltd,irrelevant,"The article title is unclear and seems to be a jumbled collection of words, but it does not appear to be related to a specific company's business or financial news"
18367934,Belarus exploring technical specifications of renewable energy facilities built in china i 83811,,,,23,Bharat Electronics Ltd,irrelevant,"The article is about Belarus exploring renewable energy facilities built in China, not related to a specific company's business or financial news"
31331734,"El Nobel de Qu&#xED;mica premia a 3 cient&#xED;ficos por su trabajo en prote&#xED;nas, cruciales para la vida",,,,23,Bharat Electronics Ltd,irrelevant,"The article is about the Nobel Prize in Chemistry winners, not related to a specific company"
22162374,Vom netz genommen vorfall im belgischen reaktor doel 3 26960288,,,,23,Bharat Electronics Ltd,irrelevant,"Article appears to be about an incident at a Belgian nuclear reactor, but does not seem to have a direct business impact on a specific company"
28250574,Abdulrazak Gurnah az irodalmi Nobel-d&#xED;j nyertese,,,,23,Bharat Electronics Ltd,irrelevant,"Literary Nobel Prize winner announcement, not related to business or finance"
22157450,1495188660 buenos ayres stal dlya belorusov blizhe nachal deystvovat bezviz mezhdu,,,,23,Bharat Electronics Ltd,irrelevant,"Article seems to be about a visa agreement between Belarus and Buenos Aires, but is not clearly related to a specific company's business"
24122216,Bpo business analytics market 2018 global analysis by key players accenture cognizant genpact ibm tcs hp tech mahindra capgemini wipro exl ntt data dell wns global,,,,35,Wipro Ltd,irrelevant,"Market analysis report about the business analytics market, but does not focus on a specific company's performance or actions"
22168494,Bella union to close after 13 years of music and laughter at trades hall 20170524 gwbxnr,,,,23,Bharat Electronics Ltd,irrelevant,"Local event announcement about a music venue closure, not related to a specific company's business or financial performance"
31332142,Guest editorial | Nobel Peace Prize reminds of nuclear dangers,,,,23,Bharat Electronics Ltd,irrelevant,"The article is a guest editorial about the Nobel Peace Prize and nuclear dangers, with no mention of a specific company."
28758703,"Belarus, Cuba discussed liaisons in legal sphere",,,,23,Bharat Electronics Ltd,irrelevant,"The article discusses diplomatic relations between Belarus and Cuba in the legal sphere, with no mention of a specific company."
28248091,Friedensnobelpreis geht an die Journalisten&#xA0;Maria Ressa und Dmitri Muratow,,,,23,Bharat Electronics Ltd,irrelevant,"The article reports on the Nobel Peace Prize winners, Maria Ressa and Dmitri Muratow, with no mention of a specific company."
20733001,Lampe belaesst suedzucker auf halten ziel 25 euro 3159938,,,,23,Bharat Electronics Ltd,relevant,"The article appears to be about a stock recommendation or price target by Lampe, specifically maintaining a 'halten' (hold) rating for Südzucker with a target price of 25 euros."
24119895,Jadwal pertandingan piala dunia 2018 belgia vs panama di penyisihan grup g malam ini,,,,23,Bharat Electronics Ltd,irrelevant,"The article is about the schedule of a 2018 World Cup match between Belgium and Panama, with no mention of a specific company."
27592357,BitGo Blog: Discusses Bitcoin's First Movers and Growing Mainstream Acceptance as More Institutional Investors Embrace Cryptocurrencies - Press Release,,,,16,ITC Ltd,irrelevant,"The article is a press release about Bitcoin's growing mainstream acceptance, but it's not primarily about BitGo, it's discussing Bitcoin and institutional investors"
24113438,Mondial 2018 la belgique corrige la tunisie 5 2 et fait un grand pas vers les 8e 813527,,,,23,Bharat Electronics Ltd,irrelevant,"The article appears to be a sports news article about a soccer match between Belgium and Tunisia, no business or financial relevance"
18374881,Fitch affirms mid america apartment communities at bbb outlook positive 2015 08 14,,,,16,ITC Ltd,relevant,"Fitch affirms rating for Mid America Apartment Communities, indicating a credit rating update for the company"
24128959,Pelatih timnas belgia cedera eden hazard tidak serius,,,,23,Bharat Electronics Ltd,irrelevant,"The article appears to be a sports news article about an injury to a Belgian soccer player, Eden Hazard, no business or financial relevance"
20731094,Oil exploration halted belize must law,,,,23,Bharat Electronics Ltd,irrelevant,"The article appears to be a news article about oil exploration being halted in Belize, but it's not clear if it's specifically about a company, seems to be more about a general law or regulation"
28246980,Nobelio taikos premija skirta M.Ressai ir D.Muratovui &#x2013; u&#x17E; kov&#x105; d&#x117;l savirai&#x161;kos laisv&#x117;s,,,,23,Bharat Electronics Ltd,irrelevant,"The article is about the Nobel Peace Prize winners, not related to a specific company"
31331281,Literature honor marks S. Korea's 2nd Nobel Prize,,,,23,Bharat Electronics Ltd,irrelevant,"The article is about South Korea's second Nobel Prize in Literature, not related to a specific company"
20737488,Mobi rasskazal pochemu bobu dilanu dali nobelevskuyu premiyu 762181,,,,23,Bharat Electronics Ltd,irrelevant,"The article appears to be a Russian-language discussion about Bob Dylan winning the Nobel Prize, not related to a specific company"
31332043,Italia-Belgio LIVE 2-0 |  Retegui! Azione clamorosa degli Azzurri!,,,,23,Bharat Electronics Ltd,irrelevant,"The article is about a sports match between Italy and Belgium, not related to a specific company"
18375208,Gallos blancos no supo ganar en belice 64564,,,,23,Bharat Electronics Ltd,irrelevant,"The article appears to be about a sports match, specifically a football game, not related to a specific company"
18378149,Fitch affirms citizens financial group 181100686,,,,16,ITC Ltd,relevant,"Fitch affirms credit rating for Citizens Financial Group, directly impacting the company's financials and investor perception"
31332956,Nobel Medicina 2024 a Victor Ambros e Gary Ruvkun per la scoperta del microRna &#x2022; Vivere San Benedetto notizie per la citt&#xE0; e il territorio,,,,23,Bharat Electronics Ltd,irrelevant,The article is primarily about a Nobel Prize in medicine and does not mention the company in a material or financial context
22158696,The cost of reliance jios free services,,,,1,Reliance Industries Ltd,irrelevant,"The article discusses the cost of reliance on Jio's free services, but does not provide material financial information or corporate actions related to Jio"
27597497,Mitch McConnell Has Learned Nothing And Forgotten Nothing,,,,16,ITC Ltd,irrelevant,The article is a political commentary about Mitch McConnell and does not relate to any company in a financial or material context
18368073,Q a with titan md 115081700135 1,,,,17,Titan Company Ltd,irrelevant,The title appears to be a generic Q&A session with a medical professional (MD) and does not provide any information related to a specific company in a material or financial context
18375176,Griechenland ratingagentur fitch stuft bonitaet griechenlands herauf aid 1,,,,16,ITC Ltd,irrelevant,"Article appears to be about Greece's credit rating, not a specific company"
28752517,Police ask for help over suspicious activity in West Belfast,,,,23,Bharat Electronics Ltd,irrelevant,"Police request for help in a local incident, not related to a company"
28246406,Tanzanian Abdulrazak Gurnah awarded Nobel literature prize - News - Books,,,,23,Bharat Electronics Ltd,irrelevant,"Nobel literature prize awarded to an individual, not related to a company"
27597438,sensex today:  Sensex jumps 222 points to fresh closing high; Reliance rallies over 4%,,,,1,Reliance Industries Ltd,relevant,Stock market update mentioning Reliance's significant stock rally
24121874,Lucy bell gallery opens first exhibition of terry smith s unseen blitz club pictures,,,,23,Bharat Electronics Ltd,irrelevant,"Art gallery exhibition, not related to a company's business news"
22161279,Mitsubishi electric nokia bell labs uc san,,,,23,Bharat Electronics Ltd,irrelevant,"Title appears to list company names without specific news or context, likely a fragment or incomplete article"
28248114,Z besedo proti strahovladi. Nobelova nagrada za mir letos novinarjema,,,,23,Bharat Electronics Ltd,irrelevant,"Article about Nobel Peace Prize winners, not primarily about a specific company"
20730914,Belgicky premier je z kompromisu stastny  dohodu o ceta este musia schvalit parlamenty,,,,23,Bharat Electronics Ltd,irrelevant,"Article about Belgian prime minister and political compromise, not primarily about a specific company"
27593556,PM: Belarus' government will do everything necessary for IT sector,,,,23,Bharat Electronics Ltd,irrelevant,"General statement from the Prime Minister about support for the IT sector, not specific to a company"
24116389,7 eleven receives exclusive launch window taco bell chips,,,,23,Bharat Electronics Ltd,relevant,"7-Eleven receives exclusive launch window for Taco Bell chips, indicating a partnership or product launch"
20739684,Playbill swan lake an edgar allan poe musical and the mercs allied witches 8419466,,,,16,ITC Ltd,irrelevant,The title appears to be about theater productions and does not mention a specific company in a financial or business context
24123617,Vandalen zerstoeren gedenkstaette fuer nobelpreistraeger 4178940,,,,23,Bharat Electronics Ltd,irrelevant,"The title discusses vandalism of a memorial for a Nobel Prize winner, but does not primarily focus on a company's financials, actions, or reputation"
22170072,Quoi visiter dans les ardennes belges,,,,23,Bharat Electronics Ltd,irrelevant,"The title is a travel guide about visiting the Belgian Ardennes, which does not relate to a specific company's business or financial news"
22164284,Lionel messi ook in beroep veroordeeld na belastingfraude,,,,23,Bharat Electronics Ltd,irrelevant,"Although the title mentions Lionel Messi and a legal issue, it does not focus on a company's financials, actions, or reputation, but rather on an individual's legal case"
20736764,Parque manuela beltran fue entregado y beneficiara 200 familias del sector 294838,,,,23,Bharat Electronics Ltd,irrelevant,"The title discusses the delivery of a park and its benefits to families, which seems to be a local community or infrastructure news and does not directly relate to a company's financial or business news"
24115801,Perspecta to ring opening bell at the new york stock exchange on june 11 2018 06 11,,,,23,Bharat Electronics Ltd,relevant,"Perspecta is mentioned as ringing the opening bell at the NYSE, a notable corporate event"
24124134,Drugsbende vrijuit na oliedomme belgische blunder,,,,23,Bharat Electronics Ltd,irrelevant,"The article appears to be about a drug-related crime in Belgium, no clear connection to a specific company"
31331629,"Los hoteleros reclaman ""alquiler barato de forma masiva"" para trabajadores en Marbella",,,,23,Bharat Electronics Ltd,irrelevant,"The article discusses a general issue in the hotel industry in Marbella, no specific company mentioned"
31332970,Nobel m&#xFC;kafat&#x131; haqq&#x131;nda maraql&#x131; faktlar,,,,23,Bharat Electronics Ltd,irrelevant,"The article appears to be a general informational piece about Nobel prizes, no specific company mentioned"
28249502,Vistamar School Ribbon Cutting Celebrates New Commons and Commercial Kitchen Addressing Community and Wellness,,,,16,ITC Ltd,irrelevant,"The article is about a school's ribbon-cutting ceremony, not related to a publicly traded company or financial news"
22162670,Chef bryant wigger of tavernonna italian kitchen at hotel phillips wins the pitchs golden fork at taste 2017,,,,16,ITC Ltd,irrelevant,"Article about a chef winning an award, not related to the company's business or financials"
27595011,"Belgian top fruit stocks: fewer apples, far more pears",,,,23,Bharat Electronics Ltd,irrelevant,"Industry report about Belgian fruit stocks, not specifically about a company"
18376021,Bitcoin xt neue variante des standardclients spaltet die community 2783930,,,,16,ITC Ltd,irrelevant,"Article about a cryptocurrency variant, not related to a specific company's business or financials"
22158447,Steun in zaak tegen akzonobel,,,,23,Bharat Electronics Ltd,relevant,"Article about support in a case against AkzoNobel, indicating a potential legal or regulatory issue for the company"
18372158,91117 francisco entre los 20 posibles candidatos al premio nobel de la paz,,,,23,Bharat Electronics Ltd,irrelevant,"Article about a person being considered for a Nobel Peace Prize, not related to a company's business or financials"
31333753,Nobel Prize in medicine awarded to two Americans for discovery of microRNA,,,,23,Bharat Electronics Ltd,irrelevant,"The article is about the Nobel Prize in medicine being awarded, but does not mention a specific company"
31333394,Los estadounidenses Victor Ambros y Gary Ruvkun se llevan el Nobel de Medicina 2024 por su descubrimiento de los microARN  | Ciencia y tecnolog&#xED;a,,,,23,Bharat Electronics Ltd,irrelevant,"The article is about the Nobel Prize in medicine being awarded, but does not mention a specific company"
24113644,Ing belgique a fourni des comptes offshores a des oligarques russes 5b2de24f5532a296889ea4d3,,,,23,Bharat Electronics Ltd,irrelevant,"The article appears to be about a bank providing offshore accounts to Russian oligarchs, but the company 'Ing belgique' is not clearly identified as a major company and the context seems unclear"
31333163,Nobel per la Medicina 2024 a Victor Ambros e Gary Ruvkun per i loro studi sui microRna,,,,23,Bharat Electronics Ltd,irrelevant,"The article is about the Nobel Prize in medicine being awarded, but does not mention a specific company"
18379898,Belorusy dobrovolcy bez grazhdanstva ukrainy i statusa bezhenca,,,,23,Bharat Electronics Ltd,irrelevant,The article appears to be about Belarusian volunteers and does not mention a specific company
27593857,Global Truck Labels Market Size 2021 - Industry Forecast Report 2026,,,,23,Bharat Electronics Ltd,irrelevant,"Market size report mentioning truck labels, not primarily about a specific company"
20739717,"Selcuk belediyesi uluslararasi yaslilik ve yerel yonetim sempozyumuna davet edildi(17,n,12382499,474)",,,,23,Bharat Electronics Ltd,irrelevant,"Municipality invitation to a symposium, no clear business relevance or company mentioned"
28246029,Nobel Prizes 2021: Nobel Prizes Struggle With Wide Gender Disparity... This Year Too,,,,23,Bharat Electronics Ltd,irrelevant,"General discussion about Nobel Prizes and gender disparity, no company mentioned"
22165090,Maruti suzuki india 117052400116 1,,,,11,Maruti Suzuki India Ltd,irrelevant,"Incomplete or unclear title, no obvious relevance to Maruti Suzuki's business"
18374826,Los rivales sub 15 de bella union,,,,23,Bharat Electronics Ltd,irrelevant,"Sports competition for under 15s, no clear business relevance or company mentioned"
31333825,"Victor Ambros, Gary Ruvkun win Nobel Prize for medicine &#x2013; NBC Bay Area",,,,23,Bharat Electronics Ltd,irrelevant,"The article is about the Nobel Prize winners, not primarily about a specific company"
18374876,Austin software maker umbel enlists tech veteran,,,,23,Bharat Electronics Ltd,relevant,"The article is about a tech veteran joining Austin software maker Umbel, indicating a corporate action"
20735684,Esrarengiz durum nobeli kazanan bob dylana ne oldu 1724068h,,,,23,Bharat Electronics Ltd,irrelevant,The title appears to be garbled and not related to a specific company's news
28759838,Trez Capital Funds $24.54 Million in Acquisition Financing for Development Site on Westside Trail of Atlanta BeltLine in West Midtown,,,,23,Bharat Electronics Ltd,irrelevant,"The article is about a financing deal for a development site, not specifically about a company that needs portfolio manager attention"
18375894,Peachtree corners restaurant scores taco bell atlanta slingshot stacks more,,,,23,Bharat Electronics Ltd,irrelevant,"The article is about a restaurant and its menu, not primarily about a specific company's business news"
31331317,"Han Kang, primera surcoreana en ganar el Nobel de Literatura 2024",,,,23,Bharat Electronics Ltd,irrelevant,The article is about a literary award winner and does not mention any company
18373832,Belorusy smogut rasplachivatsya v internete anonimno,,,,23,Bharat Electronics Ltd,irrelevant,"The article appears to be about anonymous online payments in Belarus, but does not clearly reference a specific company"
20732988,Oddo seydler belaesst baywa auf neutral ziel 29 euro 9391205,,,,23,Bharat Electronics Ltd,relevant,"The article mentions a specific stock price target and analyst action related to BayWa, a company"
31331845,Nobelpreis Medizin 2024 f&#xFC;r die Entdeckung der microRNA - Spektrum der Wissenschaft,,,,23,Bharat Electronics Ltd,irrelevant,The article is about a Nobel Prize in Medicine and does not mention any company
28759890,Legion Riders hope to raise $10K for Believet,,,,23,Bharat Electronics Ltd,irrelevant,The article is about a fundraising event and does not clearly reference a specific company
31331061,"Little Rock native, Pulaski Academy grad wins Nobel Prize in Chemistry",,,,23,Bharat Electronics Ltd,irrelevant,"Article about a Nobel Prize winner, not related to a specific company's stock or business news"
27598726,"La sfida dei panificatori trentini: ""Con il Covid &#xE8; cambiato tutto, ora pronti per ripartire"". Bonafini confermato presidente",,,,42,Trent Ltd,irrelevant,"Article about a local bakery challenge in Trento, Italy, not related to a publicly traded company or stock market news"
31333509,Radicar&#xE1;n querella en contra del alcalde de Santa Isabel | Gobierno,,,,23,Bharat Electronics Ltd,irrelevant,"Article about a lawsuit against a mayor, not related to a specific company's stock or business news"
18373027,Fitch paraguay bolivia ratings resilient 170900276,,,,16,ITC Ltd,irrelevant,"Fitch ratings report, but not specifically about a company's stock or financial performance, appears to be general ratings information"
18373887,Fitch new issue report on fremf 2014 k39 multifamily mtg pt ctfs freddi,,,,16,ITC Ltd,irrelevant,"Fitch new issue report on a specific financial instrument (FREMF 2014-K39 multifamily mtg), not about a company's overall financial performance or stock"
24123524,Rilarm plans to raise 4000 crore to fund reliance jio gr,,,,1,Reliance Industries Ltd,relevant,"Reliance Industries plans to raise funds for Jio, a major business unit, indicating a significant corporate financing action"
28752185,"Qualifying period approaching for local election races | News, Sports, Jobs - SANIBEL-CAPTIVA",,,,23,Bharat Electronics Ltd,irrelevant,Article is about local election news and does not mention any company or business-related topic
18374281,Belcika multeci kriziyle karsi karsiya 3605470h,,,,23,Bharat Electronics Ltd,irrelevant,The title appears to be in a foreign language and does not clearly relate to a specific company or business news
31332097,Double Decker Taco Coming Back to Taco Bell,,,,23,Bharat Electronics Ltd,relevant,"Taco Bell is bringing back a popular product, indicating a product update or relaunch"
28751423,Today.Az -  Belarus recommends its cargo carriers leave Georgia by transit through Azerbaijan,,,,23,Bharat Electronics Ltd,irrelevant,"The article appears to be about geopolitics and international trade, mentioning multiple countries but not focusing on a specific company's business news"
31333405,Dos estadounidenses ganan el Nobel de Medicina por su descubrimiento del microARN,,,,23,Bharat Electronics Ltd,irrelevant,"The article is about the Nobel Prize in Medicine, not related to a specific company"
18374021,"Ptt 1 ligde ilk hafta hakemleri belli oldu(17,n,11990570,001)",,,,23,Bharat Electronics Ltd,irrelevant,"The article appears to be about sports referees in a Turkish league, not related to a specific company"
20737976,"Kusadasi belediyesinden asure ikrami(17,n,12380690,872)",,,,23,Bharat Electronics Ltd,irrelevant,"The article seems to be about a local Turkish municipality's offering of asure (a type of food), not related to a specific company"
24121642,Studentessa pescara casa trento discriminazione affitto triveneto lombardia marta 3810338,,,,42,Trent Ltd,irrelevant,"The article appears to be about a student housing issue in Italy, not related to a specific company"
20735738,Five below inc five upgraded by zacks investment research to buy,,,,23,Bharat Electronics Ltd,relevant,"The article is about Five Below Inc being upgraded by Zacks Investment Research to a buy rating, directly impacting the company's stock"
20732956,Bob dylan es el premio nobel de literatura 2016 234088,,,,23,Bharat Electronics Ltd,irrelevant,"Article about Bob Dylan winning the Nobel Prize in Literature, not related to a specific company's stock or business"
27599196,"Belarus, Russia to hold Zapad 2021 army exercise in autumn",,,,23,Bharat Electronics Ltd,irrelevant,"News about a military exercise between Belarus and Russia, no mention of a specific company"
22170206,Headline letter: belize is facing an unprecedented number of issues 34503,,,,23,Bharat Electronics Ltd,irrelevant,"General discussion about Belize facing issues, no specific company mentioned"
22163295,Fitch ratings assigns bb rating to istars senior unsecured debt with positive outlook 2017 05 18,,,,16,ITC Ltd,relevant,"Fitch Ratings assigns a rating to IStars' senior unsecured debt, directly related to the company's financial situation"
31332625,Perch&#xE9; Victor Ambros e Gary Ruvkun hanno vinto il Premio Nobel per la Medicina,,,,23,Bharat Electronics Ltd,irrelevant,"Article about Victor Ambros and Gary Ruvkun winning a Nobel Prize, not related to a specific company's stock or business"
28755004,"Indian shares hit four-week high as IT stocks, Reliance shine",,,,1,Reliance Industries Ltd,irrelevant,"The article mentions Reliance in passing as part of a broader market movement, not specifically about the company"
22171393,Museum belv%c3%a9d%c3%a8re viert 125 jarig jubileum 22229720,,,,23,Bharat Electronics Ltd,irrelevant,"The title does not appear to be in English and does not clearly relate to a specific company, suggesting it may not be relevant to financial news"
22167771,2026756 belgrano de cordoba estudiantes de buenos aires copa argentina horario tv y formaciones,,,,23,Bharat Electronics Ltd,irrelevant,The title appears to be about a sports event and does not mention a specific company that would require a portfolio manager to take action
27595262,Grasim Industries Ltd posts consolidated PAT jumps to Rs. 1356.85 crores in Q3 FY2020-21,,,,38,Grasim Industries Ltd,relevant,"The article directly reports on Grasim Industries Ltd's financial performance, specifically their Q3 PAT, which would be relevant for a portfolio manager"
24119913,Portobello means everything to me shauna macdonald 1 4755608,,,,23,Bharat Electronics Ltd,irrelevant,The title appears to be a personal story or opinion piece and does not mention a specific company in a financial context
27597232,Belleville-based coyote hunt contest draws ire of eco-groups as cruel,,,,23,Bharat Electronics Ltd,irrelevant,"Article about a coyote hunt contest and its criticism by eco-groups, not related to a specific company's financial news"
28755114,Chesapeake Energy (NASDAQ:CHK) and Kimbell Royalty Partners (NYSE:KRP) Head-To-Head Comparison,,,,23,Bharat Electronics Ltd,relevant,"Financial comparison article directly about Chesapeake Energy and Kimbell Royalty Partners, including stock ticker symbols"
28755023,"These Belarusians join the fight against Russia, defying their Moscow-backed regime",,,,23,Bharat Electronics Ltd,irrelevant,"Article about Belarusians joining the fight against Russia, no mention of a specific company or financial news"
24116344,Gde belorusam zhit khorosho,,,,23,Bharat Electronics Ltd,irrelevant,"Non-English title with unclear content, but does not appear to be related to financial news or a specific company"
27593400,"Lukashenko: Peace in the region depends on joint efforts of Belarus, Russia",,,,23,Bharat Electronics Ltd,irrelevant,"Article about Lukashenko's statement on peace in the region, no mention of a specific company or financial news"
18367124,Titanium enters into lease for new head office 317571,,,,17,Titan Company Ltd,relevant,"Titanium enters into a lease for a new head office, a corporate action"
27592855,"Impeachment Managers Reflect on Mitch McConnell, Insist Trial Hurt Donald Trump",,,,16,ITC Ltd,irrelevant,"Article about impeachment trial of Donald Trump, no mention of the company"
20733529,Fitch affirms wfcm 2015 nxs4 2016 10 27,,,,16,ITC Ltd,irrelevant,"Fitch affirms a financial rating, but the company name is not provided and does not appear to be the subject"
18374051,Article reliance industries mobile carriers post office win payment bank permits 1208936,,,,1,Reliance Industries Ltd,irrelevant,"Article about payment bank permits for various industries, company is not the subject"
27593746,"Commercial Kitchen Ventilation Systems Market 2021 Innovative Technology Growth, Strategies and Trend- Middleby (US), Halton (Finland), Unified Brands (US), Dover (US), Greenheck Fan (US) &#x2013; KSU",,,,16,ITC Ltd,irrelevant,"Market research report on commercial kitchen ventilation systems, company is one of several examples listed"
28246127,Friedensnobelpreis f&#xFC;r Medienschaffende Ressa und Muratow | Freie Presse,,,,23,Bharat Electronics Ltd,irrelevant,"The article is about the Nobel Peace Prize winners, not a company"
20737616,44982 bob dylan accetta il nobel sono senza parole,,,,23,Bharat Electronics Ltd,irrelevant,"The article is about Bob Dylan accepting the Nobel Prize, not a company"
27598981,Lukashenko: I will not allow any harm to Belarus whether I am in power or not,,,,23,Bharat Electronics Ltd,irrelevant,"The article is about Lukashenko's statement on Belarus, not a company"
27599190,Lukashenko: Belarus is a common home for different religions,,,,23,Bharat Electronics Ltd,irrelevant,"The article is about Lukashenko's statement on religion in Belarus, not a company"
27593980,"Ayob Khan mengganas lagi, sindiket bitcoin jadi sasaran",,,,16,ITC Ltd,irrelevant,"The article is about a bitcoin syndicate, not a company"
20733769,Fitch predicts npp victory but warns of re run 479704,,,,16,ITC Ltd,irrelevant,"Article appears to be about politics, not financial news about a specific company"
20739610,751697430 rebellen lehnen abzug aus aleppo ab  %c2%abdas eigene land zu evakuieren  kommt nicht infrage%c2%bb,,,,23,Bharat Electronics Ltd,irrelevant,"Article appears to be about a geopolitical event, not financial news about a specific company"
28759669,"Snapping two days of losses, indices settle in green; Reliance top gainer",,,,1,Reliance Industries Ltd,irrelevant,"Article is about general market movement, mentioning Reliance as one of several gainers, but not specifically about Reliance's business"
28752603,"WATCH: Futuristic Taco Bell ""Defy"" Location Opens in Minnesota",,,,23,Bharat Electronics Ltd,irrelevant,"Article is about a new Taco Bell location, but does not contain material business news or financial information about Taco Bell or its parent company"
18377213,Moqbel meets shamsi requests uae 39 sup,,,,23,Bharat Electronics Ltd,irrelevant,"Article appears to be about a meeting between individuals, with no clear connection to financial news or a specific company"
18368938,Unidades de saude de francisco beltrao atendem em horario ampliado,,,,23,Bharat Electronics Ltd,irrelevant,"The article appears to be about healthcare services in a specific location, with no clear connection to a company's financial performance or business news."
28758909,"Zonta taking applications for empowerment grants | News, Sports, Jobs - SANIBEL-CAPTIVA - Island Reporter, Islander and Current",,,,23,Bharat Electronics Ltd,irrelevant,"The article seems to be about grant applications for a local community, unrelated to a specific company's business or financial news."
31332058,Victor Ambros and Gary Ruvkun Awarded 2024 Nobel Prize in Medicine for microRNA Discovery,,,,23,Bharat Electronics Ltd,irrelevant,"The article is about a Nobel Prize award in medicine, which does not directly relate to a company's financial performance or business news."
22162113,Konjunktur fitch bestaetigt bonitaetsnote von brasilien trotz politischer turbulenzen id 7157585,,,,16,ITC Ltd,irrelevant,"The article discusses Fitch's credit rating for Brazil, which is a macroeconomic topic and not specifically about a company's financial performance or business news."
18373060,Market report severn trent plc svt clean technolog r4283994,,,,42,Trent Ltd,relevant,"The article appears to be a market report specifically about Severn Trent PLC, suggesting it contains financial or market information about the company."
18377795,Belvedere sets fema compliant rules for raising homes in lagoon flood zone,,,,23,Bharat Electronics Ltd,irrelevant,"Article about Belvedere setting rules for raising homes in a flood zone, not primarily about the company's business or financials"
31332468,Le Nobel de m&#xE9;decine d&#xE9;cern&#xE9; aux scientifiques am&#xE9;ricains Ambros et Ruvkun - 07/10/2024 &#xE0; 12:12,,,,23,Bharat Electronics Ltd,irrelevant,"Nobel Prize in Medicine awarded to American scientists, not related to a specific company's business or financials"
28245730,Novaya Gazeta Editor-In-Chief Dmitry Muratov Wins Nobel Peace Prize,,,,23,Bharat Electronics Ltd,irrelevant,"Editor-in-Chief of Novaya Gazeta wins Nobel Peace Prize, not related to the company's business or financials"
28246026,C&#xE2;&#x219;tig&#x103;torul Premiului Nobel pentru Literatur&#x103; a crezut c&#x103; este o fars&#x103; c&#xE2;nd a fost anun&#x21B;at,,,,23,Bharat Electronics Ltd,irrelevant,"Romanian reaction to Nobel Prize in Literature announcement, not related to a specific company's business or financials"
28756716,Stitch Fix (SFIX) Scheduled to Post Earnings on Thursday,,,,16,ITC Ltd,relevant,"Stitch Fix scheduled to post earnings, directly related to the company's financial performance"
27596605,"Hotter Than Bitcoin: These 2 TSX Momentum Stocks Are up Over 1,500% Since March &#x2014; Don't Chase Them",,,,16,ITC Ltd,irrelevant,"Article mentions TSX momentum stocks, but does not specifically focus on one company; it's a general market discussion"
18375527,Bellefontaine police mother admits to murdering kids 187153,,,,23,Bharat Electronics Ltd,irrelevant,"Local incident about a mother's admission to murdering kids, unrelated to business or stock market news"
28246537,"Fitch, AMRO lower Philippine growth forecast this year as coronavirus persists",,,,16,ITC Ltd,irrelevant,"Article about economic forecast adjustments due to coronavirus, not focused on a specific company"
24113990,Story inside mukesh ambani reliance e commerce plan 2014941,,,,1,Reliance Industries Ltd,relevant,"Article specifically mentions Mukesh Ambani's Reliance e-commerce plan, indicating a focus on Reliance's business strategy"
27597725,Bitcentral Adds Two New Senior Directors To Sales Team,,,,16,ITC Ltd,relevant,"Bitcentral announces addition of two new senior directors to its sales team, which is a corporate action"
28247797,LOOK:  Reebok x Jelly Belly reveals a new sweet surprise &#x2013; Manila Bulletin,,,,23,Bharat Electronics Ltd,irrelevant,"The article mentions a collaboration between Reebok and Jelly Belly, but it's a passing mention of a product launch and seems to be more of a lifestyle or entertainment piece"
20734989,"Alman belediyesinden ornek karar(17,n,12389721,179)",,,,23,Bharat Electronics Ltd,irrelevant,The title appears to be in a different language and does not seem to mention a company or financial news
28251088,Jadwal dan Link Live Streaming Italia Vs Belgia UEFA Nations League Malam Ini,,,,23,Bharat Electronics Ltd,irrelevant,The article appears to be about a sports event and does not mention a company or financial news
20731676,Freeland departs belgium after one more canada eu free,,,,23,Bharat Electronics Ltd,irrelevant,The article appears to be about a government or diplomatic news and does not mention a company or financial news
27596908,Belle Center man pulled from icy Indian Lake on Tuesday,,,,23,Bharat Electronics Ltd,irrelevant,The article appears to be about a local incident and does not mention a company or financial news
28250498,"Saroj Grover vs State Bank Of India on 6 October, 2021",,,,4,State Bank of India,irrelevant,"Individual lawsuit against State Bank Of India, non-material and specific to a single person"
28247568,The Target Report: Private Equity Fuels Consolidation of Label Industry,,,,23,Bharat Electronics Ltd,irrelevant,"Article primarily about private equity and label industry consolidation, mentions Target as one example"
20735761,Fitch affirms hawaiian banks idr removes rating,,,,16,ITC Ltd,relevant,"Fitch affirms ratings for Hawaiian banks, directly impacts the bank's financial standing"
24113784,Taco bell to giveaway free taco june 13  485369051,,,,23,Bharat Electronics Ltd,irrelevant,"Promotional event by Taco Bell, a single marketing action with no material business impact"
18378892,Hindalco first quarter net profit falls 67 percent 115081500032 1,,,,48,Hindalco Industries Ltd,relevant,"Hindalco's financial results, specifically net profit falling 67 percent, directly impacts investor decisions"
28250421,Reliance Industries' arm to acquire 40% stake in Sterling & Wilson Solar,,,,1,Reliance Industries Ltd,relevant,Reliance Industries' arm to acquire 40% stake in Sterling & Wilson Solar — acquisition announcement by Reliance Industries
28756252,Hg semiconductor enters into cooperation framework agreement with china titans energy,,,,17,Titan Company Ltd,irrelevant,"Hg semiconductor enters into cooperation framework agreement with china titans energy — not primarily about Hg semiconductor, and company names seem mixed up"
24127403,Charmin found guilty of murdering 2 rivals at trenton brothels,,,,42,Trent Ltd,irrelevant,"Charmin found guilty of murdering 2 rivals at trenton brothels — individual incident, not related to Charmin as a company"
22171107,Belkin intros pocket power fast charging battery lineup,,,,23,Bharat Electronics Ltd,relevant,Belkin intros pocket power fast charging battery lineup — product launch announcement by Belkin
27593810,Belarusian MZKT to present new APC at IDEX 2021 in Abu Dhabi,,,,23,Bharat Electronics Ltd,irrelevant,"Belarusian MZKT to present new APC at IDEX 2021 in Abu Dhabi — not primarily about a well-known company, and seems to be a neutral event announcement"
18374270,Setnjom obelezen medjunarodni dan humanosti,,,,23,Bharat Electronics Ltd,irrelevant,The title appears to be in a non-English language and does not seem to be related to a specific company's financial news or business announcement
18377884,Dsm en akzonobel in top 3 duurzaamste chemiebedrijven,,,,23,Bharat Electronics Ltd,relevant,"DSM and AkzoNobel are mentioned as being in the top 3 most sustainable chemistry companies, which could have a positive impact on their stock prices or reputation"
22161317,Isabel rodriguez abalos psoe congreso 0 1801620014,,,,23,Bharat Electronics Ltd,irrelevant,"The title appears to be related to a person's name and a political party, and does not seem to be related to a specific company's financial news or business announcement"
22162295,"Niksarda melik gazi turbesinde mukabele okunacak(17,n,12604954,123)",,,,23,Bharat Electronics Ltd,irrelevant,The title appears to be in a non-English language and does not seem to be related to a specific company's financial news or business announcement
22164760,2174663 ppg wil meer tijd voor uitgebreid bod op akzonobel,,,,23,Bharat Electronics Ltd,relevant,"The title mentions PPG's plans to make a bid on AkzoNobel, which is a corporate action that could have a significant impact on AkzoNobel's stock price"
18373520,Belarus retail trade 1 up in january july i 83852,,,,23,Bharat Electronics Ltd,irrelevant,"The article appears to be about Belarus retail trade in general, not a specific company"
28249942,Banco Hipotecario forms alliances to help El Salvador's Bitcoin roll-out,,,,16,ITC Ltd,relevant,"Banco Hipotecario is forming alliances for El Salvador's Bitcoin roll-out, a significant corporate action"
28246101,Peste 200 de persoane din Belarus au fost arestate pentru comentarii negative aduse guvernului pe re&#x163;ele sociale,,,,23,Bharat Electronics Ltd,irrelevant,"The article is about arrests in Belarus for negative comments on social media, not related to a specific company"
27598004,Wawrinka jugar&#xE1; en Marbella el Andaluc&#xED;a Open 2021 | Deportes Redes Sociales,,,,23,Bharat Electronics Ltd,irrelevant,"The article is about a sports event and a celebrity, not related to a specific company"
27594430,Wipro Limited: Wipro and Telef&#xF3;nica Germany / O2 Sign Radical IT Transformation Partnership Agreement,,,,35,Wipro Ltd,relevant,Wipro Limited is signing a significant IT transformation partnership agreement with Telefónica Germany / O2
27595324,Die Chronologie des Bitcoin-Kurses,,,,16,ITC Ltd,irrelevant,"The article is about the chronology of the Bitcoin price, not a specific company"
24130028,Info jio dth launch reliance big tv dth settop box booking direct to home television service services news in hindi 243096,,,,1,Reliance Industries Ltd,irrelevant,"The article appears to be about a TV service launch, but the title is unclear and not specifically about a company; likely a consumer/lifestyle topic"
27595899,Journalisten in Belarus: F&#xFC;r einen Livestream ins Gef&#xE4;ngnis?,,,,23,Bharat Electronics Ltd,irrelevant,The article is about journalists in Belarus and not related to a specific company
22162819,1495535570 birzha belorusskiy rubl snizilsya k evro ukrepilsya k dollaru i rossiyskomu,,,,23,Bharat Electronics Ltd,irrelevant,The article appears to be about currency exchange rates and not specifically about a company
18377688,Expertos universidad belga identifican origen celular cancer mama,,,,23,Bharat Electronics Ltd,irrelevant,The article is about a scientific discovery related to cancer research and not related to a specific company
18377313,298550 v belarusi mogut povisit shtrafi za poyavlenie v obschestvennih mestah v sostoyanii narkoticheskogo opyaneniya,,,,23,Bharat Electronics Ltd,irrelevant,"Article appears to be about potential fines for public intoxication in Belarus, not related to a specific company"
20735780,Kern sets 5 dates in lake isabella to help erskine fire victims with housing applications,,,,23,Bharat Electronics Ltd,irrelevant,"Article is about a local event to help fire victims with housing applications, not related to a specific company"
27594075,Nigeria's Interswitch launches Quickteller Business to support the growth of the SMEs across Africa,,,,16,ITC Ltd,relevant,"Article is about Interswitch launching a new product to support SMEs, directly related to the company's business strategy"
28756689,"New items from Taco Bell, Church's Chicken and Shake Shack | Nation's Restaurant News",,,,23,Bharat Electronics Ltd,irrelevant,"Article is a general news piece about new menu items from various restaurants, not focused on a specific company's business news"
27598376,"Trump decries 'witch hunt,' hints at a political return following historic second impeachment trial",,,,16,ITC Ltd,irrelevant,"Article is about a political event involving Trump, not related to a specific company's business news"
28755061,"Titan Trust Bank completes takeover of Union Bank, appoints new CEO",,,,17,Titan Company Ltd,relevant,"Titan Trust Bank completes takeover of Union Bank and appoints new CEO, indicating a corporate action with strategic implications"
20740030,Imperdibile appuntamento di autunno in barbagia a belvi,,,,23,Bharat Electronics Ltd,irrelevant,The title appears to be in Italian and seems to be an event announcement unrelated to business or financial news
27598353,"Bitcoin'in T&#xFC;ketti&#x11F;i Enerji, T&#xFC;rkiye'nin Elektrik Kullan&#x131;m&#x131;n&#x131;n Yar&#x131;s&#x131;na Yakla&#x15F;t&#x131;!",,,,16,ITC Ltd,irrelevant,"The title discusses Bitcoin's energy consumption in relation to Turkey's electricity usage, but does not seem to focus on a specific company's financials or actions"
31333315,Japanese atomic bomb survivor group wins 2024 Nobel Peace Prize,,,,23,Bharat Electronics Ltd,irrelevant,"The title is about a Japanese atomic bomb survivor group winning the Nobel Peace Prize, which is unrelated to business or financial news"
31333142,"Gioved&#xEC; sera a Belluno la presentazione del libro ""Borgo Piave e Palazzo Doglioni""",,,,23,Bharat Electronics Ltd,irrelevant,"The title appears to be an announcement for a book presentation, which is not related to business or financial news"
28246971,Bell County sheriff's department give soldier life saving award,,,,23,Bharat Electronics Ltd,irrelevant,"Local incident about a soldier receiving an award, not related to a company's business or financials"
22170761,Rs800 coaching weekend at itchenor,,,,16,ITC Ltd,irrelevant,"Coaching weekend advertisement, not related to a company's business or financials"
20731187,Who nominates writers for the nobel prize,,,,23,Bharat Electronics Ltd,irrelevant,"General information about Nobel Prize nominations, not related to a company's business or financials"
28248211,"Journalists from Philippines, Russia get Nobel Peace Prize :: WRAL.com",,,,23,Bharat Electronics Ltd,irrelevant,"Nobel Peace Prize announcement, not related to a company's business or financials"
20737688,274434 belorusskii kirmash priglashaet na yarkii prazdnik,,,,23,Bharat Electronics Ltd,irrelevant,"Advertisement for an event in Belarus, not related to a company's business or financials"
27599189,Lukashenko: There are no oligarchs in Belarus,,,,23,Bharat Electronics Ltd,irrelevant,The article appears to be about a political statement by Lukashenko and does not mention a specific company
22164000,Khakiery ukrali dannyie 17 mln polzovatieliei siervisa zomato,,,,32,Zomato Ltd,irrelevant,"The article appears to be about a cyberattack on a service called Zomato, but the title is in a different language and it's unclear if it's primarily about Zomato's business"
24118775,Her majesty the queen in right of the province of alberta as represented by alberta investment management corp grows position in campbell soup cpb,,,,23,Bharat Electronics Ltd,irrelevant,"The article mentions Campbell Soup as part of a portfolio change by Alberta Investment Management Corp, but it's not primarily about Campbell Soup"
20739651,661639 minoboroni belgii koalitsii,,,,23,Bharat Electronics Ltd,irrelevant,The article appears to be about a military or coalition-related topic and does not mention a specific company
31331449,Kreasi Protein Berbuah Hadiah Nobel Kimia 2024 untuk 3 Peneliti Ini,,,,23,Bharat Electronics Ltd,irrelevant,The article appears to be about a Nobel Prize in Chemistry and does not mention a specific company
28247901,Le prix Nobel de litt&#xE9;rature 2021 attribu&#xE9; &#xE0; Abdulrazak Gurnah,,,,23,Bharat Electronics Ltd,irrelevant,"The article is about the Nobel Prize in Literature being awarded to Abdulrazak Gurnah, with no mention of a company"
24126007,New delhi cheap mobile freedom 251 ringing bells owner mohit goyal arrested news in hindi 243382,,,,23,Bharat Electronics Ltd,irrelevant,"The article appears to be about a local incident involving the arrest of Mohit Goyal, owner of a company called 'Ringing Bells', but it is not primarily about the company"
28245967,Abdulrazak Gurnah: los pasos del nuevo Nobel de Literatura,,,,23,Bharat Electronics Ltd,irrelevant,"The article is about Abdulrazak Gurnah, the Nobel Prize in Literature winner, and does not mention any company"
18371349,Rbi nod to reliance others for setting up payment banks 171156,,,,1,Reliance Industries Ltd,relevant,"The article mentions RBI nod to Reliance and others for setting up payment banks, which is a corporate action"
18374751,Fitch to take rating actions on triborough bridge and tunnel authority nys 2001c vrbs 2015 08 14,,,,16,ITC Ltd,irrelevant,"The article is about Fitch taking rating actions on Triborough Bridge and Tunnel Authority, which is not related to a specific company"
20739001,Fitch rates goldentree loan opportunities ix limitedllc,,,,16,ITC Ltd,irrelevant,"Fitch rates a specific loan opportunity, not primarily about a listed company"
18374164,Fitch upgrades freddie mac 2011 k15 affirms freddie mac structured p t certificates k 015 2015 08 19,,,,16,ITC Ltd,irrelevant,"Fitch upgrades and affirms specific certificates issued by Freddie Mac, not primarily about Freddie Mac as a company"
22159593,Inegol belediyesporda transfer atagi,,,,23,Bharat Electronics Ltd,irrelevant,"Title appears to be in a different language and seems to be about a sports transfer, not financial news about a listed company"
22169232,Education reliance job mukesh ambani employment vacancy career news in hindi 189378,,,,1,Reliance Industries Ltd,irrelevant,"Article appears to be about job vacancies and employment news, not financial news about a listed company"
18375024,Fitch releases report on government of guam gu,,,,16,ITC Ltd,irrelevant,"Fitch releases a report on the government of Guam, not primarily about a listed company"
18367768,Bitcoin spaltet die software der eigenen waehrung,,,,16,ITC Ltd,irrelevant,"Article about Bitcoin technology split, not specifically about a company"
28250824,"Nobel Peace Prize Goes to Journalists Maria Ressa, Dmitry Muratov for Work on Freedom of Expression",,,,23,Bharat Electronics Ltd,irrelevant,"Nobel Peace Prize announcement, no connection to a specific company"
31333618,EPS obele&#x17E;io 131 godinu postojanja i rada,,,,23,Bharat Electronics Ltd,irrelevant,"EPS celebrates 131 years, but no specific company mentioned or implied"
20739315,Nobelpreise bob dylan will zur nobelpreis verleihung nach stockholm kommen 29020004,,,,23,Bharat Electronics Ltd,irrelevant,"Bob Dylan's Nobel Prize attendance plans, not related to a company"
31332675,Efter Nobelbr&#xE5;ket: Nya planer f&#xF6;r Blasieholmen i Stockholm,,,,23,Bharat Electronics Ltd,irrelevant,"New plans for Blasieholmen in Stockholm, not related to a specific company"
31333592,The Nobel Prizes will be announced against a backdrop o...,,,,23,Bharat Electronics Ltd,irrelevant,"The article is about the announcement of the Nobel Prizes, which does not seem to be related to a specific company's stock or business news."
18369925,Fitch rates pennsylvania state system 132600890,,,,16,ITC Ltd,irrelevant,"The article is about Fitch rating Pennsylvania state system, which seems to be related to a government or municipal entity, not a specific company."
24127214,Belcikada teror saldirisi uyarisi,,,,23,Bharat Electronics Ltd,irrelevant,"The article title appears to be in Turkish and mentions a terrorist attack warning, which does not seem to be related to business or stock market news."
18374507,Noticia fitch sube rating grecia acuerdo tercer rescate 20150818234243,,,,16,ITC Ltd,irrelevant,"The article is about Fitch upgrading Greece's rating, which is related to a country, not a specific company."
20738656,Kepler cheuvreux belaesst zalando auf buy ziel 43 30 euro 7198299,,,,23,Bharat Electronics Ltd,relevant,"The article is about Kepler Cheuvreux upgrading Zalando to 'buy' with a target price, which is directly related to Zalando's stock and business news."
24113978,Copamundialrusia2018grupogbelgicatunezsalaprensatunez,,,,23,Bharat Electronics Ltd,irrelevant,"Title appears to be about a sports event, not a company or financial news"
18379915,Makej und saakaschwili besprechen rolle von regionen beim belarussisch ukrainischen dialog i 80798,,,,23,Bharat Electronics Ltd,irrelevant,"Title appears to be about a diplomatic meeting or political discussion, not a company or financial news"
27597075,ChargePoint Stock Eyes Trading Debut As Switchback Energy Shareholders Vote On Merger,,,,16,ITC Ltd,relevant,"Title mentions a stock (ChargePoint) and a merger, which is a corporate action with financial implications"
31331610,Nobel&#xA0;prize for medicine goes to US duo,,,,23,Bharat Electronics Ltd,irrelevant,"Title is about a Nobel Prize in medicine, not related to a company or financial news"
28247591,"Studio di fattibilit&#xE0; del Nordus, la Giunta chiede un finanziamento statale / Ultime notizie / Il Comune informa / Comunicazione / Trento Citt&#xE0; - Sito ufficiale del Comune di Trento",,,,42,Trent Ltd,irrelevant,"Title appears to be about a local government project or financing, not related to a company or financial news"
27596284,Power Grid Corporation of India Ltd Q3FY21 consolidated net profit up at Rs. 3367.71 crore,,,,26,Power Grid Corporation of India Ltd,relevant,"Power Grid Corporation of India Ltd reports Q3FY21 financial results, specifically net profit"
27592587,Wipro earthian awards felicitate excellence,,,,35,Wipro Ltd,irrelevant,"Wipro's 'earthian awards' seems to be a corporate social responsibility or sustainability initiative, not material business news"
28250941,Los periodistas Mar&#xED;a Ressa y Dmitry Muratov ganan el Premio Nobel de la Paz 2021,,,,23,Bharat Electronics Ltd,irrelevant,The Nobel Peace Prize winners are not related to business news or the companies mentioned
22164497,Energie belgischer reaktor doel 3 abgestellt id 7172810,,,,23,Bharat Electronics Ltd,irrelevant,"The article appears to be about a Belgian nuclear reactor, not directly related to business news or a specific company"
27593639,Titan Company Share Price: Titan Falls Over 2% After Net Profit Drops 11% In December Quarter,,,,17,Titan Company Ltd,relevant,"Titan Company's share price movement is reported with a stated business reason, specifically a drop in net profit"
24123196,20180612 brilliant belgium rip costa rica,,,,23,Bharat Electronics Ltd,irrelevant,"The title appears to be a travel or tourism-related article, with no clear connection to a specific company's financial news or business developments"
22169845,Crews on the scene of a reported fire at a kfctaco bell in huber heights,,,,23,Bharat Electronics Ltd,irrelevant,"The title reports on a local incident (a fire at a Taco Bell) and does not contain material information about the company's financials, operations, or strategy"
20736540,Itc ltd net profit up 10 5 in q2 lead correcting headline 116102600922 1,,,,16,ITC Ltd,relevant,"The title reports on ITC Ltd's financial performance, specifically a 10.5% increase in net profit, which is a material financial result"
22166726,Gabelli funds llc boosts position in dominion diamond corp ddc,,,,23,Bharat Electronics Ltd,relevant,"The title reports on Gabelli Funds LLC increasing its position in Dominion Diamond Corp, which is a material development for the company's stock and investors"
22171238,New market study belgium telecommunications report r4598098,,,,23,Bharat Electronics Ltd,irrelevant,"The title appears to be a general market study or report on the telecommunications industry in Belgium, without specific focus on a company's financial news or business developments"
28752760,US Dollar's Share Of Global Foreign Exchange Reserves Falls Below 59%: IMF,,,,23,Bharat Electronics Ltd,irrelevant,"The article discusses the US dollar's share of global foreign exchange reserves, but does not focus on a specific company"
31332077,AI comes to the Nobels: double win sparks debate about scientific fields,,,,23,Bharat Electronics Ltd,irrelevant,The article is about AI in scientific fields and does not mention a specific company
20737534,Dylan rompe il silenzio e accetta il nobel,,,,23,Bharat Electronics Ltd,irrelevant,The article is about a Nobel Prize winner and does not mention a specific company
27595306,Release Belkin 3-in-1 MagSafe oplader: vanaf nu te bestellen,,,,23,Bharat Electronics Ltd,relevant,"The article announces the release of a new product from Belkin, a specific company"
31334167,"La Jornada: Premios Nobel, rayo de esperanza en un mundo fracturado por las guerras",,,,23,Bharat Electronics Ltd,irrelevant,The article discusses Nobel Prizes in a general sense and does not focus on a specific company
28246487,Industrial Belt Drives Market Records a CAGR of 3.89% Growth of Industrial Machinery in Developing Countries to Drive Market,,,,23,Bharat Electronics Ltd,irrelevant,"Market growth article mentioning industrial machinery in general, not a specific company"
31331717,"Literaturnobelpreis an Han Kang: &#xDC;berraschend, aber verdient",,,,23,Bharat Electronics Ltd,irrelevant,"Literary Nobel Prize announcement, no connection to a specific company's business or financials"
24116464,Beloit man 92 cited after accident monday,,,,23,Bharat Electronics Ltd,irrelevant,"Local accident report, individual incident with no material impact on a company"
20733568,Fitch affirms slc student loan trust 2006 2 2016 10 27,,,,16,ITC Ltd,irrelevant,"Fitch affirmation of a student loan trust, not related to a specific company's financials or operations"
31332464,Premio Nobel de Medicina 2024 para los estadounidenses Victor Ambros y Gary Ruvkun,,,,23,Bharat Electronics Ltd,irrelevant,"Nobel Prize in Medicine announcement, no connection to a specific company's business or financials"
27598590,"Donald Trump releases scathing statement about Republican Party, Mitch McConnell",,,,16,ITC Ltd,irrelevant,"Article is about Donald Trump's statement on the Republican Party, not related to a specific company's stock or business"
22162903,Stanciu si chipciu campioni in belgia,,,,23,Bharat Electronics Ltd,irrelevant,"Article appears to be about sports in Belgium, no clear connection to a specific company's stock or business"
20730717,Samye neodnoznachnye obladateli nobelevskoi premii za vsu istoriu nagrady 440497,,,,23,Bharat Electronics Ltd,irrelevant,"Article seems to be about Nobel Prize winners, no clear connection to a specific company's stock or business"
20730661,Activists executions resume belarus 094109237,,,,23,Bharat Electronics Ltd,irrelevant,"Article is about activists and executions in Belarus, no clear connection to a specific company's stock or business"
28753817,Afzaal family honoured at Kitchener vigil,,,,16,ITC Ltd,irrelevant,"Article is about a vigil for a family, no clear connection to a specific company's stock or business"
31331888,Le prix Nobel de litt&#xE9;rature attribu&#xE9; &#xE0; la Sud-Cor&#xE9;enne Han Kang,,,,23,Bharat Electronics Ltd,irrelevant,"The article is about a Nobel Prize in Literature being awarded to Han Kang, a South Korean author, which has no direct connection to a specific company's financial news or business impact."
28753311,Sud u Beogradu potvrdio drugu optu&#x17E;nicu protiv Belivuka i &#x10D;lanova njegove grupe,,,,23,Bharat Electronics Ltd,irrelevant,"The article appears to be about a legal case or charges filed against certain individuals, which does not seem to have a direct impact on a company's financials or business operations."
18374900,Fitch rates pendergast esd no,,,,16,ITC Ltd,relevant,"The article mentions Fitch ratings for Pendergast ESD, which directly relates to credit ratings, a key aspect of financial news and markets."
28757418,Sud potvrdio drugu optu&#x17E;nicu protiv Belivuka,,,,23,Bharat Electronics Ltd,irrelevant,"Similar to another article with a similar title, this seems to be about a legal case or charges against individuals, which does not directly impact a company's financials or business."
27599192,Lukashenko in favor of evolutionary development of Belarusian economy,,,,23,Bharat Electronics Ltd,irrelevant,"The article discusses Lukashenko's views on the development of the Belarusian economy, which is more about macroeconomic or political analysis rather than specific company news or financial performance."
22171467,V belgorode sledovateli ne stali vozbuzhdat ugolovnoe delo po faktu massovogo otravleniya shkolnikov,,,,23,Bharat Electronics Ltd,irrelevant,"Article about a mass poisoning incident in a specific location, not related to a company's financial or business news"
18376610,Litchfield historical society opens fashion exhibit aug 29,,,,16,ITC Ltd,irrelevant,"Local historical society event, not related to a company's financial or business news"
28250469,Why Maria and Demitry Are Not The First Journalists To Get Nobel Prize?,,,,23,Bharat Electronics Ltd,irrelevant,"General article about Nobel Prize winners, not related to a specific company's financial or business news"
28249645,"Nobel Prize in Physics awarded for discoveries in climate, complex physical systems",,,,23,Bharat Electronics Ltd,irrelevant,"General article about Nobel Prize in Physics, not related to a specific company's financial or business news"
28246699,"Millions Barred From Calls, SMS, Data As MTN Experience Service Hitch - Phones",,,,16,ITC Ltd,relevant,"MTN experiences service outage affecting millions of users, which could impact the company's reputation and operations"
20739870,Psychoterror am arbeitsplatz mobbing belaestigung und gewalt,,,,23,Bharat Electronics Ltd,irrelevant,"The title appears to be about workplace psychoterror, mobbing, and violence, but does not mention a specific company and seems to be a general topic rather than a company-specific news article."
18373941,West michigan cabelas opens annual fall great outdoor days this weekend 20150813,,,,23,Bharat Electronics Ltd,irrelevant,"The title is about a local event at a Cabela's store in West Michigan, but it's more of a community event announcement rather than material company news, and lacks specific business impact."
20739693,Marbella pone marcha foro 20161019002725 v,,,,23,Bharat Electronics Ltd,irrelevant,The title seems to be about a city event or meeting in Marbella but doesn't mention a specific company or have a clear business impact.
24122921,Stitch fix inc sfix ceo katrina lake sold 52 million of shares,,,,16,ITC Ltd,relevant,"The title specifically mentions that the CEO of Stitch Fix Inc. (SFIX) sold $5.2 million of shares, which is a material financial action by a key executive."
28756604,Michniewicz poda&#xB3; kadr&#xEA; na mecz z Belgi&#xB1;. 13 pi&#xB3;karzy skre&#xB6;lonych,,,,23,Bharat Electronics Ltd,irrelevant,"The title appears to be about a sports team or player selections for a match, without reference to a specific company."
28758583,Bell Copper Corporation: Bell Copper Reports Big Sandy Assays,,,,23,Bharat Electronics Ltd,relevant,"Bell Copper Corporation reports assay results, directly related to company's operations and financials"
28246728,Residents sound off on Mitchell man's request to swap residential home for carpet business,,,,16,ITC Ltd,irrelevant,"Article about a resident's complaint regarding a business proposal, not primarily about the company"
24131335,Orf iii am mittwoch nibelungengauer sonnwendfeuer in heimat oesterreich land der berge ueber kontrastreiche zugspitze,,,,23,Bharat Electronics Ltd,irrelevant,"Unrelated to business or financial news, appears to be a cultural or event-related article"
18379030,Energy bio  nano  and medical technologies among belarus science priorities in next five years i 83745,,,,23,Bharat Electronics Ltd,irrelevant,"Article about Belarus' science priorities, does not specifically focus on a company's news or actions"
18369692,Grupo rebelde sirio dice termin%c3%b3 cese al fuego 150919861,,,,23,Bharat Electronics Ltd,irrelevant,"Article about a Syrian rebel group's announcement, unrelated to business or financial news"
31330447,Mousa Demb&#xE9;l&#xE9; et Lenie Onzia inaugurent &#xE0; Borgerhout le 10e Red Court de l'Union belge,,,,23,Bharat Electronics Ltd,irrelevant,"Article about a sports-related event, not primarily about a company"
24125021,First beluga whale sanctuary iceland welcome new arrivals next year 773165,,,,23,Bharat Electronics Ltd,irrelevant,"Article about a beluga whale sanctuary, not primarily about a company"
31333896,"2024 Nobel Ekonomi &#xD6;d&#xFC;l&#xFC;, Daron Acemo&#x11F;lu ve ekibine verildi",,,,23,Bharat Electronics Ltd,irrelevant,"Article about a Nobel Prize in Economics, not primarily about a company"
18366740,Belorusy vzyali bronzu na mezhdunarodnykh armeyskikh igrakh,,,,23,Bharat Electronics Ltd,irrelevant,"Article about a sports event, not primarily about a company"
28248580,UN Philippines Congratulates Journalist Maria Ressa On Winning The Nobel Peace Prize,,,,23,Bharat Electronics Ltd,irrelevant,"Article about a journalist winning a Nobel Peace Prize, not primarily about a company"
31331831,Han Kang bekommt Literaturnobelpreis &#x2013; ihre &#xDC;bersetzerin erhielt Preis der Leipziger Buchmesse 2024,,,,23,Bharat Electronics Ltd,irrelevant,The article is about a literary award and does not mention any company
28754728,Belarus: EU adopts new round of restrictive measures over internal repression,,,,23,Bharat Electronics Ltd,irrelevant,The article is about EU restrictive measures against Belarus and does not mention any company
31332078,A.I. Winners Spark Debate Whether It's Time to Modernize Nobel Prizes,,,,23,Bharat Electronics Ltd,irrelevant,The article discusses modernizing Nobel Prizes and does not mention any company
20733184,Disputa diplomatica intre rusia si belgia pe tema unui presupus raid aerian belgian in siria 15840362,,,,23,Bharat Electronics Ltd,irrelevant,"The article is about a diplomatic dispute between Russia and Belgium, and does not mention any company"
28753458,"Belarus, Russia's Chuvashia Republic to share experience of realization of digital projects",,,,23,Bharat Electronics Ltd,irrelevant,"The article is about Belarus and Russia's Chuvashia Republic sharing digital project experiences, and does not mention any company"
27592608,"Johnson&Johnson beantragt Zulassung: Impfstoff mit &#x201E;belgischem Stempel""",,,,23,Bharat Electronics Ltd,relevant,Johnson & Johnson beantragt Zulassung für Impfstoff - direct company action on product approval
28249341,"mukesh ambani own reliance bought china solar company worth 58 million approx - International news in Hindi - &#x91A;&#x940;&#x928; &#x915;&#x940; &#x915;&#x902;&#x92A;&#x928;&#x940; &#x92A;&#x930; &#x905;&#x92C; &#x92E;&#x941;&#x915;&#x947;&#x936; &#x905;&#x902;&#x92C;&#x93E;&#x928;&#x940; &#x915;&#x93E; &#x939;&#x94B;&#x917;&#x93E; &#x930;&#x93E;&#x91C;, &#x907;&#x924;&#x928;&#x947; &#x915;&#x93",,,,1,Reliance Industries Ltd,irrelevant,Reliance Industries buys Chinese solar company - article about a different company (Reliance) and its acquisition
28250911,"Norwegia: Ekspert: pokojowy Nobel dla Muratowa nie poprawi sytuacji ""Nowej Gaziety""",,,,23,Bharat Electronics Ltd,irrelevant,Norwegian expert discusses Nobel Peace Prize - unrelated to business or company news
31334201,Nobel Prize In Medicine Honours Two Americans For Discovery Of microRNA,,,,23,Bharat Electronics Ltd,irrelevant,"Nobel Prize in Medicine awarded to Americans for discovery - general news, not company-specific"
28248858,"Vladimir Cerr&#xF3;n: Es momento que Per&#xFA; Libre ""exija su cuota de poder"", se&#xF1;ala tras renuncia de Bellido | nndc | PERU",,,,23,Bharat Electronics Ltd,irrelevant,Peruvian politician discusses power dynamics - unrelated to business or company news
22160677,Global and china automotive ignition switch market r4598318,,,,16,ITC Ltd,irrelevant,"Market research report on automotive ignition switch market, not primarily about a specific company"
28759295,OYO Ranking Downgraded By Fitch Over Profitability Concerns,,,,16,ITC Ltd,relevant,"Fitch downgrades OYO's ranking due to profitability concerns, directly impacting the company's credit rating"
24121686,333706 belarus biathlone star domracheva retires,,,,23,Bharat Electronics Ltd,irrelevant,"Biathlete Domracheva's retirement, unrelated to business or financial news"
22158970,Casa in utile itea trentino 430ee44e 0b0d 43e2 a2f9 b58d9325c498,,,,42,Trent Ltd,irrelevant,"Real estate listing in Italy, not related to business or financial news"
28246439,"La OMS, organizaciones de prensa y lucha clim&#xE1;tica aspiran al Nobel de la Paz",,,,23,Bharat Electronics Ltd,irrelevant,"Nobel Peace Prize nominations, not related to business or financial news"
18378697,Eu trade deal will help viet nam exports fitch,,,,16,ITC Ltd,irrelevant,"Article mentions Fitch in passing, likely providing context or analysis, not primarily about Fitch"
28248232,Maria Ressa '86 awarded 2021 Nobel Peace Prize,,,,23,Bharat Electronics Ltd,irrelevant,"Nobel Peace Prize award to Maria Ressa, no clear business or financial impact on a company"
31331309,Polisi Beber Kronologi Jambret Turis Belgia di Banyuwangi,,,,23,Bharat Electronics Ltd,irrelevant,"Local incident report, not related to a company's business or financials"
20734587,Inga kvinnor bland arets nobelpristagare,,,,23,Bharat Electronics Ltd,irrelevant,"General news about Nobel Prize winners, no company-specific information or impact"
28753448,Wipro and ServiceNow to modernize IT processes at Petrobras,,,,35,Wipro Ltd,relevant,Wipro and ServiceNow announce a major partnership with Petrobras to modernize IT processes
31331023,Lokesh On Duty: TCS Comes To Vizag,,,,6,Tata Consultancy Services Ltd,irrelevant,"TCS is mentioned but the article appears to be about a local event or a person's duty, not primarily about TCS's business"
24116187,Siaran langsung piala dunia 2018 malam ini di trans tv belgia vs panama dan inggris vs tunisia,,,,23,Bharat Electronics Ltd,irrelevant,"The article appears to be a TV schedule listing for sports events, with no business relevance to any company"
22170361,Anderlecht raih gelar liga belgia untuk ke 34 kalinya,,,,23,Bharat Electronics Ltd,irrelevant,"The article is about a sports team winning a league title, with no business relevance to any company"
28246594,Abercrombie and Fitch Co. distribution center coming to Arizona,,,,16,ITC Ltd,relevant,"Abercrombie and Fitch Co. is expanding its distribution operations, a material corporate action"
22170697,Global warranty management system wms market 2017 oracle ptc sap se astea international wipro,,,,35,Wipro Ltd,irrelevant,"The article appears to be a market research report or analysis, not primarily about a specific company's business news"
18367285,R indias indigo finalizes 265 billion purchase of 250 new airbus jets 2015 8,,,,39,InterGlobe Aviation Ltd,relevant,"Indigo finalizes purchase of 250 new Airbus jets, a major fleet expansion"
27597190,"Share Market News: Sensex Rises 222 Points, Nifty settles Above 15,150 Led By Reliance Industries",,,,1,Reliance Industries Ltd,irrelevant,"Sensex and Nifty market movements led by Reliance Industries, but primarily a market update"
20733006,Bob dylan der nobelpreistraeger in der werbung,,,,23,Bharat Electronics Ltd,irrelevant,"Bob Dylan in advertising, not a business news article about a company"
27596080,"Emergency Stop Switches Market: Future Opportunities, Analysis & Outlook To 2027",,,,16,ITC Ltd,irrelevant,"Market research report on Emergency Stop Switches, not a company-specific news article"
24121068,44026401 bellway expects fy completions to exceed those achieved last year by 600 units 020,,,,23,Bharat Electronics Ltd,relevant,"Bellway expects FY completions to exceed last year's by 600 units, a company-specific financial update"
18379021,Research and markets belarus soft drinks review 2014 current and emergi,,,,23,Bharat Electronics Ltd,irrelevant,"The article appears to be a market research report about Belarus's soft drinks industry, but it does not primarily focus on a specific company."
28250649,United States Imports of Crude Fertilizers and Minerals Sitc,,,,16,ITC Ltd,irrelevant,"The article appears to be about United States imports of crude fertilizers and minerals, which is a macroeconomic or industry-level topic, not focused on a specific company."
22160952,Jobs in maruti suzuki campus interview in himachal kangra,,,,11,Maruti Suzuki India Ltd,irrelevant,"The article appears to be a job posting for a campus interview at Maruti Suzuki, but it is not a company-level news article."
28753993,Meghi&#xFA;sulhat az orosz k&#xFC;l&#xFC;gyminiszter belgr&#xE1;di l&#xE1;togat&#xE1;sa,,,,23,Bharat Electronics Ltd,irrelevant,"The article appears to be a news article about a diplomatic visit by the Russian Foreign Minister to Belgrade, which is unrelated to a specific company."
24116846,Perspecta to ring opening bell at the new york stock exchange on june 11 300663809,,,,23,Bharat Electronics Ltd,relevant,"The article announces that Perspecta will ring the opening bell at the New York Stock Exchange, which is a significant corporate event."
28752416,The Campbell Snacks Charlotte Wellness Fair is This Week,,,,23,Bharat Electronics Ltd,irrelevant,"Local event promotion, not material business news"
31332002,Bitcoin vor neuem Allzeithoch? Analyst prophezeit Kursverdopplung! Von Investing.com,,,,16,ITC Ltd,irrelevant,"Cryptocurrency analysis, no direct mention of Campbell Snacks or related business news"
28247015,Reliance buys REC Solar for USD 771 mn,,,,1,Reliance Industries Ltd,relevant,Reliance's acquisition of REC Solar for $771 mn — direct corporate action
22165895,1495440134 sbornaya belarusi opustilas na odnu poziciyu v reytinge iihf,,,,23,Bharat Electronics Ltd,irrelevant,"Unintelligible title, appears to be sports-related and not material business news"
18379336,Fitch upgrade mta trans rev bds subseries,,,,16,ITC Ltd,relevant,Fitch upgrades MTA Trans Rev Bds Subseries — credit rating action
22170498,Vecinos de luis beltran reclamaron por loteos sociales ha2828944,,,,23,Bharat Electronics Ltd,irrelevant,"Article appears to be about a local community issue in Luis Beltran, not related to a specific company's business or financials"
22165807,Tajikistan launches national measles and rubella vaccination campaign,,,,23,Bharat Electronics Ltd,irrelevant,"Article is about a public health campaign in Tajikistan, not related to a specific company's business or financials"
18368514,Toledo to host major league quidditch tournament,,,,16,ITC Ltd,irrelevant,"Article is about a sports event, not related to a specific company's business or financials"
28245992,Upcoming Bellingham ballot measures attracting outside money,,,,23,Bharat Electronics Ltd,irrelevant,"Article is about local politics and ballot measures, not related to a specific company's business or financials"
31332539,Man (30) who allegedly attacked pregnant teen&#xA0;in Ormeau Road area of south Belfast charged to court,,,,23,Bharat Electronics Ltd,irrelevant,"Article is about a crime incident, not related to a specific company's business or financials"
24114287,Belgien tunesien im liveticker,,,,23,Bharat Electronics Ltd,irrelevant,"The title appears to be about a sports event between Belgium and Tunisia, with no clear connection to a specific company's business news"
31331738,www.ladigetto.it - Vite parallele al cinema &#xAB;Dolomiti&#xBB; di Trento,,,,42,Trent Ltd,irrelevant,"The title seems to be about a movie event at a cinema in Trento, with no apparent connection to business news or a specific company"
27598065,AkzoNobel maakt 15 by 20-belofte waar en zet stijgende lijn voort in vierde kwartaal met 6% omzetstijging in vergelijkbare valuta,,,,23,Bharat Electronics Ltd,relevant,"The title discusses AkzoNobel's financial performance, specifically a 6% sales increase in the fourth quarter, which is relevant to investors"
31333832,"Harvard, UMass professors win Nobel Prize in medicine for discovery of microRNA",,,,23,Bharat Electronics Ltd,irrelevant,"The title is about a Nobel Prize in medicine awarded to Harvard and UMass professors, which does not appear to be related to business news or a specific company's performance"
27592979,"Bitcoin soars, nearing $50,000 for the first time",,,,16,ITC Ltd,irrelevant,"The title discusses the price movement of Bitcoin, which is a macroeconomic topic and not specifically about a company's business news"
27593196,"Bitcoin Bilgi Servisi Pazar? 2021 Sanayi Geli?tirme Stratejisi, Uygulama T&#xFC;rleri, Br&#xFC;t Marjlar, Talep, Pay ve B&#xFC;y&#xFC;me Tahmini 2025",,,,16,ITC Ltd,irrelevant,"The article appears to be a market research report about the Bitcoin information service industry, but it does not primarily focus on a specific company, making it irrelevant."
18374474,El papa francisco fue postulado por tercer ao consecutivo para el premio nobel de la paz 20150818 0005,,,,23,Bharat Electronics Ltd,irrelevant,"The article is about Pope Francis being nominated for the Nobel Peace Prize, which does not relate to a specific company's business or financial news."
31333843,Nobelpreis f&#xFC;r Medizin 2024: Das sind die Gewinner,,,,23,Bharat Electronics Ltd,irrelevant,"The article announces the winners of the 2024 Nobel Prize in Medicine, which is not related to business or financial news of a specific company."
27595234,"Dow Jones Reverses Lower As Bitcoin Jumps Above $50,000; Tesla Stock Slides Near Key Level",,,,16,ITC Ltd,relevant,"The article mentions Tesla stock movement, which directly relates to the financial news of the company Tesla."
22165855,Mid informatsii o nalichii belorusov sredi postradavshikh pri terakte v manchestere net,,,,23,Bharat Electronics Ltd,irrelevant,"The article appears to be a news snippet about an information report regarding Belarusian citizens affected by a terrorist attack in Manchester, which does not relate to business or financial news of a specific company."
28755656,Celebrating Cancer Survivors  | Channel5Belize.com,,,,23,Bharat Electronics Ltd,irrelevant,The article appears to be a general celebratory piece about cancer survivors and does not mention a specific company in a material way.
20733117,Ellembele mp offers elderly free chiropractic care service 481260,,,,23,Bharat Electronics Ltd,irrelevant,The article discusses a local politician offering free chiropractic care and does not seem to involve a company in a material business context.
22159315,Mitch mcconnell obamacare repeal senate votes 238779,,,,16,ITC Ltd,irrelevant,The article is about a political event regarding Obamacare repeal and does not directly involve a specific company.
20732638,Asia tv forum launches inaugural pitch competition,,,,16,ITC Ltd,irrelevant,The article announces an event (inaugural pitch competition) by Asia TV Forum but does not seem to provide material business news about a specific company.
18378907,Hindalco industries gains after q1 results 115081401005 1,,,,48,Hindalco Industries Ltd,relevant,"The article mentions that Hindalco Industries gained after Q1 results, directly relating to the company's financial performance."
28246025,Some Past Nobel Peace Prize Winners Have Caused Controversy,,,,23,Bharat Electronics Ltd,irrelevant,"Article discusses past Nobel Peace Prize winners, not primarily about a specific company"
18372694,Dutch firm dsm selects wipro to provide it solutions 115080400179 1,,,,35,Wipro Ltd,relevant,"Wipro selected by DSM to provide IT solutions, a specific company announcement about a major contract"
28752799,Le Miss Mondo a Gallipoli. Connubio di bellezza. Centoventi bellezze italiane approdano in riva allo Jonio,,,,23,Bharat Electronics Ltd,irrelevant,"Article appears to be about a beauty pageant, not related to a specific company"
18377059,Big switch advances network transformation new innovations sdn fabrics and first elastic,,,,16,ITC Ltd,irrelevant,"Article about Big Switch Networks' innovations, but not specifically about a company that would require a portfolio manager to read, seems more like a product announcement but company not identified"
31330675,"Nobel Peace Prize awarded to Japanese nuclear abolitionist group, World Council of Churches calls for a Nuclear-Weapon-Free Movement",,,,23,Bharat Electronics Ltd,irrelevant,"Article about the Nobel Peace Prize and a nuclear abolitionist group, not primarily about a specific company"
31331345,"TCS taps emerging markets to fuel growth as US, Europe demand remains muted",,,,6,Tata Consultancy Services Ltd,relevant,"TCS is the subject, with information about its growth strategy in emerging markets"
20731843,Ceta un accord ete trouve en belgique 4585654,,,,23,Bharat Electronics Ltd,irrelevant,The title appears to be in a different language and does not clearly relate to a specific company's business news
20738148,Cod4 kill switch,,,,16,ITC Ltd,irrelevant,"The title seems to refer to a gaming-related topic, not a company's business news"
24130816,Man accused of assaulting customers manager at taco bell over slow service,,,,23,Bharat Electronics Ltd,irrelevant,"This is an individual incident at a local Taco Bell, not material to the company's business"
27593654,"Bell Food Group Sees Retail Arm Surge, As Shoppers Stock Up On Meat",,,,23,Bharat Electronics Ltd,relevant,"Bell Food Group is the subject, with financial information about its retail arm's performance"
31333490,"Daron Acemoglu, Simon Johnson, James Robinson win Nobel Prize",,,,23,Bharat Electronics Ltd,irrelevant,"Nobel Prize winners announced, no direct business impact or company mentioned"
28247526,City of Beloit police chief condemns alleged act of violence toward community service officer,,,,23,Bharat Electronics Ltd,irrelevant,"Local incident involving police chief and community service officer, no company mentioned"
27595745,Coronacrisis:  vier besmettingen met Braziliaanse variant vastgesteld in Belgi&#xEB; - Belgi&#xEB;,,,,23,Bharat Electronics Ltd,irrelevant,"Report on COVID-19 cases in Belgium, no specific company mentioned"
31333523,Why are some countries so rich? Economics Nobel awarded for study of inequality,,,,23,Bharat Electronics Ltd,irrelevant,"Article explaining economics Nobel Prize, no company mentioned"
28752093,"As Union Bank and Titan complete their transaction, a new board of directors takes charge",,,,17,Titan Company Ltd,relevant,"Union Bank and Titan complete transaction, new board takes charge — direct corporate action"
24116122,Fitch sp global affirm northwestern mutuals financial strength ratings 300672432,,,,16,ITC Ltd,relevant,"Fitch affirms Northwestern Mutual's financial strength ratings, directly impacting the company's financials and creditworthiness"
31332076,&#x300A;TAIPEI TIMES&#x300B;S Korean novelist Han Kang wins Nobel for literature - &#x7126;&#x9EDE;,,,,23,Bharat Electronics Ltd,irrelevant,"Article about a Nobel Prize in literature winner, not related to any company's financials or business"
31332847,Victor Ambros dhe Gary Ruvkun fitojn&#xEB; &#xE7;mimin Nobel n&#xEB; mjek&#xEB;si p&#xEB;r zbulimin e mikroRNA,,,,23,Bharat Electronics Ltd,irrelevant,"Article about Nobel Prize in medicine winners, not related to any company's financials or business"
28752012,Cryptoverse: The early birds betting bitcoin's bottoming out | WSAU News/Talk 550 AM &#xB7; 99.9 FM,,,,16,ITC Ltd,irrelevant,"General cryptocurrency market analysis, not specifically about a company's financials or business"
24113677,Cm 2018 belgia a invins clar tunisia 22532,,,,23,Bharat Electronics Ltd,irrelevant,"Sports news about a soccer match, not related to any company's financials or business"
20731613,Fitch rate honda auto receivables 2016 4 owner,,,,16,ITC Ltd,relevant,"Fitch rates Honda auto receivables, indicating a credit rating action related to Honda"
24116451,Dix fois plus de britanniques veulent devenir belges,,,,23,Bharat Electronics Ltd,irrelevant,"Article about British people wanting to become Belgian, no mention of a specific company"
20731988,Bellingham library community space still closed after car crash,,,,23,Bharat Electronics Ltd,irrelevant,"Local incident about a library closure due to a car crash, no material impact on a company"
27597518,Trentham Estate including gardens and shopping village up for sale,,,,42,Trent Ltd,irrelevant,"Article about a property for sale, not related to a specific company's business or financials"
22161097,The 78year old retiree taking on surfstitch 20170524 gwbs3r,,,,16,ITC Ltd,irrelevant,"Article about a retiree taking on Surfstitch, likely a consumer or individual story rather than company-focused news"
28248325,France - Monde | Le Nobel d'&#xE9;conomie &#xE0; un trio de sp&#xE9;cialistes en exp&#xE9;riences,,,,23,Bharat Electronics Ltd,irrelevant,"The article is about the Nobel Prize in Economics being awarded to a trio of specialists, with no mention of a specific company."
28247001,Maria Ressa und Dmitri Muratow erhalten Friedensnobelpreis,,,,23,Bharat Electronics Ltd,irrelevant,"The article is about Maria Ressa and Dmitri Muratow receiving the Peace Nobel Prize, with no mention of a specific company."
27593554,Belarus' PM announces 500 investment projects in industry,,,,23,Bharat Electronics Ltd,irrelevant,"The article is about Belarus' PM announcing investment projects in industry, but it does not mention a specific company."
31330980,Santo Tom&#xE9; recrear&#xE1; el paso del General Belgrano con un espect&#xE1;culo multidisciplinario,,,,23,Bharat Electronics Ltd,irrelevant,The article is about a cultural event in Santo Tomé and does not mention a specific company.
22162552,Taco bells giving away free tacos during nba finals,,,,23,Bharat Electronics Ltd,irrelevant,"The article is about Taco Bell giving away free tacos, but it is a promotional event and not a material business news."
20737555,Bob dylan now says will accept nobel prize in literature,,,,23,Bharat Electronics Ltd,irrelevant,"Bob Dylan accepting a Nobel Prize is a personal event, not related to a company or financial news"
24123684,Man claims went to taco bell to get job got arrested instead,,,,23,Bharat Electronics Ltd,irrelevant,"An individual incident of a man getting arrested at Taco Bell, not related to the company or financial news"
22170199,Listen camila cabello opens up on new song i have questions 118849,,,,23,Bharat Electronics Ltd,irrelevant,"Camila Cabello's new song is a lifestyle/entertainment topic, not related to a company or financial news"
28246610,"Reliance acquires Norway''s REC Solar, 40% in Sterling & Wilson Solar for Rs 8,645cr",,,,1,Reliance Industries Ltd,relevant,Reliance's acquisition of REC Solar and Sterling & Wilson Solar is a corporate action with financial implications
31333065,Le Nobel de m&#xE9;decine d&#xE9;cern&#xE9; aux scientifiques am&#xE9;ricains Ambros et Ruvkun,,,,23,Bharat Electronics Ltd,irrelevant,"The Nobel Prize in Medicine being awarded to American scientists is a scientific honor, not related to a company or financial news"
28249593,"San Cap Community Bank to relocate Periwinkle branch | News, Sports, Jobs - SANIBEL-CAPTIVA - Island Reporter, Islander and Current",,,,23,Bharat Electronics Ltd,irrelevant,"Article about a bank branch relocation, but not a major business news or financial impact for the bank itself, appears to be local news"
28248265,Nobel Peace Prize for journalists serves as a reminder that freedom of the press is under threat,,,,23,Bharat Electronics Ltd,irrelevant,"Nobel Peace Prize discussion, does not mention a specific company"
20737326,Coveris labels division receives top award for sustainability 55143,,,,23,Bharat Electronics Ltd,relevant,"Coveris labels division receives top award for sustainability, directly related to the company's achievements and reputation"
18374687,Francisco esta entre los candidatos para ganar el premio nobel de la paz  a 204443,,,,23,Bharat Electronics Ltd,irrelevant,"Nobel Peace Prize candidates, does not mention a specific company"
24116807,Informe alerta ruido deposito bellavista 0 1254475244,,,,23,Bharat Electronics Ltd,irrelevant,"Article about noise alert for a deposit, seems to be a local incident, and does not provide clear information about a company's situation"
27593759,"Equity indices close higher after volatile session, Reliance up 4.4 pc",,,,1,Reliance Industries Ltd,irrelevant,"Article about overall market movement, Reliance is just one of many stocks mentioned"
24123873,Head to head prediksi skor belgia vs panama grup g piala dunia 2018 live transtv malam ini,,,,23,Bharat Electronics Ltd,irrelevant,"Not a financial news article, appears to be a sports prediction"
28756512,Atelier Ark&#x131;n'&#x131;n 2022 Yaz Kursiyer Sergisi Girne Belediyesi Sanat Gal,,,,23,Bharat Electronics Ltd,irrelevant,"Not a financial news article, appears to be an art exhibition announcement"
18371383,Abercrombie fitch names new brand heads but shares slump,,,,16,ITC Ltd,relevant,"Abercrombie & Fitch announces new brand heads, with a direct impact on stock price"
28757790,Taproot Dentsu & Cipla Health launch a new TVC,,,,44,Cipla Ltd,irrelevant,"Marketing/advertising announcement, not a material business news item"
20739027,Campbell bay lg visits campbell bay 117840,,,,23,Bharat Electronics Ltd,irrelevant,The title appears to be a jumbled or incomplete piece of text and does not convey any meaningful information about a company
18373749,Fitch affirms princeton texas gos cos a,,,,16,ITC Ltd,irrelevant,"Fitch affirms a rating, but the company name 'Princeton Texas' seems to be a location rather than a specific company; the title does not clearly imply the article is about a specific company"
28754496,A celebration of Campbell's eighth graders | Education,,,,23,Bharat Electronics Ltd,irrelevant,The article appears to be about a local education event and does not seem to be primarily about a specific company
28753991,Zacks: Brokerages Expect Campbell Soup (NYSE:CPB) Will Announce Earnings of $0.61 Per Share,,,,23,Bharat Electronics Ltd,relevant,"The article is about earnings expectations for Campbell Soup, a specific company, providing financial information that a portfolio manager would need to read"
28759347,Reliance Capital Resolution Plan Submission Deadline May Get Extended,,,,1,Reliance Industries Ltd,relevant,"The article mentions a specific company, Reliance Capital, and a regulatory or financial development (resolution plan submission deadline) that could impact the company's operations"
24125030,Indigo contends with executive churn ahead of expansion,,,,39,InterGlobe Aviation Ltd,relevant,"Article mentions executive churn at Indigo, which could impact company strategy and operations"
22166116,What does belarus want china 29880,,,,23,Bharat Electronics Ltd,irrelevant,"Article appears to be about Belarus-China relations, no clear connection to a specific company"
20738186,Mid belorussii ukraina ugrozhala sbit samolet belavia,,,,23,Bharat Electronics Ltd,irrelevant,"Article appears to be about a geopolitical incident involving Belarus and Ukraine, no clear connection to a specific company"
31332671,Two Massachusetts professors honored with Nobel Prize in medicine for discovery of microRNA,,,,23,Bharat Electronics Ltd,irrelevant,"Article is about two professors winning a Nobel Prize, no clear connection to a specific company"
22166578,Cipla q4 net profit seen at rs 346 8 crore revenues could rise to rs 3790 crore poll 2287971,,,,44,Cipla Ltd,relevant,"Article provides financial forecasts and expectations for Cipla's Q4 performance, directly relevant to investors"
22160850,James mangold stole a script for a taco bell commercial and used it in logan,,,,23,Bharat Electronics Ltd,irrelevant,"Article is about a celebrity's past action, not related to Taco Bell's business"
28248809,Abdulrazak Gurnah wins Nobel Prize in literature,,,,23,Bharat Electronics Ltd,irrelevant,Nobel Prize in literature winner has no direct connection to a specific company's business
24117376,1528969464 posle tyazheloy bolezni umer belorusskiy onkolog chlen korrespondent nanb,,,,23,Bharat Electronics Ltd,irrelevant,"Article is about the death of a medical professional, not related to a specific company's business"
27592868,Donald Trump acquittal: Mitch McConnell says ex-POTUS still bears responsibility for Capitol riots,,,,16,ITC Ltd,irrelevant,"Article is about politics and a former POTUS, not related to a specific company's business"
27597723,All Your Base Are Belong To Us has turned 20,,,,23,Bharat Electronics Ltd,irrelevant,"Article is about a 20th anniversary of a meme, not related to a specific company's business"
20733626,110313 his majesty rewrites william pitcher history,,,,16,ITC Ltd,irrelevant,"Article appears to be about a historical event or sports record, not primarily about a company"
24113448,Inilah klub belgia yang akan memberi pemain muda sumut kesempatan berlatih,,,,23,Bharat Electronics Ltd,irrelevant,"Article seems to be about a sports club in Belgium offering training opportunities, not primarily about a company"
22171185,Lanal babel peringati isro miraj bersama anak yatim piatu di belinyu,,,,23,Bharat Electronics Ltd,irrelevant,"Article is about a local event or charity activity, not related to a company"
31331939,Penulis Korea Selatan Han Kang Raih Nobel Sastra,,,,23,Bharat Electronics Ltd,irrelevant,"Article is about a literary award winner, not related to a company"
20734200,"Bob dylan finalmente acepta el premio nobel de literatura,134b21e1bb646b1ed388ca982eaa438ac061433i",,,,23,Bharat Electronics Ltd,irrelevant,"Article is about a celebrity (Bob Dylan) accepting a Nobel Prize, not related to a company"
22160105,Fitch recovery in belarus bank lending i idusl4n1ip3so,,,,16,ITC Ltd,irrelevant,"Article is about Fitch recovery in Belarus bank lending, not specifically about a company"
31334210,"Belize enjoys sunshine and showers, monitors distant hurricanes",,,,23,Bharat Electronics Ltd,irrelevant,"Article is about weather in Belize, not related to a specific company"
18375075,Fitchburg officials push option for exact sciences,,,,16,ITC Ltd,relevant,"Article mentions Exact Sciences in the context of Fitchburg officials, suggesting a potential business or investment opportunity"
22161693,Minister kamp bedrijven als akzonobel moeten beter beschermd worden bij overnames,,,,23,Bharat Electronics Ltd,relevant,"Article mentions AkzoNobel as a company that needs better protection during takeovers, indicating a potential business or regulatory development"
22166083,Earnings reaction history campbell soup co 636 follow through indicator 28 sensitive cm791697,,,,23,Bharat Electronics Ltd,relevant,"Article is about Campbell Soup Co's earnings reaction history, directly related to the company's financial performance"
28249360,"Susunan Pemain Italia Vs Belgia UEFA Nations League, Hazard dan Lukaku Pulang Lebih Awal",,,,23,Bharat Electronics Ltd,irrelevant,"Article about a soccer match and player lineup, no business or financial relevance"
22168347,Shareholder alert monteverde  associates pc announces an investigation of cabelas incorporated   cab 300462623,,,,23,Bharat Electronics Ltd,relevant,"Shareholder alert announcing an investigation of Cabela's Incorporated, directly related to the company's business and potentially impacting investors"
24116730,Global instrumentation valves market research report 2018 as schneider astectubelok ham let hex valve circor international safelok,,,,23,Bharat Electronics Ltd,irrelevant,"Market research report mentioning various companies, including Circor International, but primarily focused on the instrumentation valves market, not specifically about Circor International"
22164354,Campbell soup company strategic investment chef%e2%80%99d,,,,23,Bharat Electronics Ltd,relevant,"Article about Campbell Soup Company's strategic investment, directly related to the company's business and potentially impacting investors"
20737194,Macrofuel%e2%80%99s rietsema wins vermont road pitch %e2%80%98pitch off%e2%80%99,,,,16,ITC Ltd,irrelevant,"Article about a pitch competition winner, no clear business or financial relevance to any specific company"
24130072,Reliance investing in indias first carbon fibre unit,,,,1,Reliance Industries Ltd,relevant,Reliance investing in India's first carbon fibre unit — direct investment announcement
27592430,Corn Belt Power Cooperative Issues Emergency Electric Power Alert,,,,23,Bharat Electronics Ltd,irrelevant,Corn Belt Power Cooperative Issues Emergency Electric Power Alert — not about Reliance or a company that would affect a portfolio manager's stock holding
20733515,Bob dylan will zur nobelpreis verleihung kommen 100294,,,,23,Bharat Electronics Ltd,irrelevant,Bob Dylan will attend Nobel Prize ceremony — unrelated to business or financial news
24131267,Toreshow von lukaku hazard belgien glaenzt gegen tunesien 4181694,,,,23,Bharat Electronics Ltd,irrelevant,"Toreshow von Lukaku Hazard Belgien glaenzt gegen Tunesien — sports news, not business or financial news"
28758772,Belarus has become object of disinformation organised by structures from abroad,,,,23,Bharat Electronics Ltd,irrelevant,"Belarus has become object of disinformation organised by structures from abroad — geopolitical news, not business or financial news"
22160156,"Nigde belediyespor ic transferde 5 oyuncusu ile tekrar anlasti(17,n,12604722,106)",,,,23,Bharat Electronics Ltd,irrelevant,"Article appears to be about a local sports team's transfers, but the language and formatting suggest it's not a major business announcement or relevant financial news"
27597185,Belarus leader vows to defeat 'foreign-backed rebellion' | Isle of Wight County Press,,,,23,Bharat Electronics Ltd,irrelevant,Article is about a geopolitical event and does not mention a specific company or financial news
28250646,Fitch says will assess 'scarring effects' of pandemic on economy,,,,16,ITC Ltd,irrelevant,"Article mentions Fitch assessing pandemic effects on economy, but it's a general statement and not specifically about a company's financials or business"
28250591,Hasil Perancis Vs Belgia Live UEFA Nations League - Siapa Lawan Spanyol di Final UNL?,,,,23,Bharat Electronics Ltd,irrelevant,Article appears to be a sports result and does not contain business or financial news
18378272,Durham practice howarth litchfield partnership 9879634,,,,16,ITC Ltd,irrelevant,"Article seems to be a random string of words and numbers, possibly an error or a non-article entry"
28246291,A Taco Bell in San Francisco is installing 6 electric-vehicle chargers in its parking lot - and there could be more to come at locations across the US,,,,23,Bharat Electronics Ltd,irrelevant,"A single Taco Bell location installing EV chargers, not a company-wide strategic announcement"
20739253,Fitch rates addison ils 2mm gos aa outlook stable 2016 10 20,,,,16,ITC Ltd,irrelevant,"Fitch rating for a specific entity, not related to Taco Bell or its parent company"
28245624,ChargeNet to bring electric vehicle fast charging to Taco Bells,,,,23,Bharat Electronics Ltd,relevant,"ChargeNet partnership to bring EV fast charging to Taco Bells, a company-level strategic partnership"
18375824,Neue notabschaltung im belgischen tihange 2778224,,,,23,Bharat Electronics Ltd,irrelevant,"Unrelated to Taco Bell or business news, appears to be a technical term in German"
24120514,Timnas belgia vs panama berpotensi pesta gol,,,,23,Bharat Electronics Ltd,irrelevant,"Unrelated to Taco Bell or business news, appears to be a sports headline in Indonesian"
28754366,These Bellingham and Whatcom County employers are hiring for jobs that pay $90K and above,,,,23,Bharat Electronics Ltd,irrelevant,"Article lists employers with high-paying jobs, but is not specifically about any company's business or financial news"
20738859,Fitch rates goldentree loan opportunities ix limitedllc refinancing notes 2016 10 31,,,,16,ITC Ltd,irrelevant,"Fitch rating is about a specific loan refinancing, but the article is tagged to Fitch, not the company being rated"
22163252,Fitch affirms banco internacional del pe idinl4n1ik5tb,,,,16,ITC Ltd,irrelevant,"Fitch affirmation is about a specific bank, but the article is tagged to Fitch, not the bank being rated"
18372558,Reliance jio to launch 4g enabled handsets in september 26896,,,,1,Reliance Industries Ltd,relevant,Reliance Jio launching 4G enabled handsets is a product launch announcement
18374902,Fitch yuan devaluation holds mixed impact corporates,,,,16,ITC Ltd,irrelevant,"Fitch analysis is about the impact of yuan devaluation on corporates, but is not specifically about any one company's business or financial news"
22168688,Mitch mcconnell is a master at ignoring things,,,,16,ITC Ltd,irrelevant,"Article is about Mitch McConnell, not a company"
20736107,Wipro to provide energy saving service to dining operator 1586650,,,,35,Wipro Ltd,relevant,"Wipro announces a new service contract, directly related to the company's business"
31333357,Pr&#xE9;mio Nobel da Fisiologia ou Medicina de 2024 atribu&#xED;do a Victor Ambros e Gary Ruvkun,,,,23,Bharat Electronics Ltd,irrelevant,"Article is about a Nobel Prize in Physiology or Medicine, not related to a company"
24130806,Drug maker cipla and telco mtn to list on uganda securities exchange,,,,44,Cipla Ltd,relevant,"Cipla and MTN to list on Uganda Securities Exchange, directly related to the companies' business"
28246027,2021 Nobel Bar&#x131;&#x15F; &#xD6;d&#xFC;l&#xFC; sahiplerini buldu - D&#xFC;nyadan Son Haberler,,,,23,Bharat Electronics Ltd,irrelevant,"Article is about a Nobel Peace Prize, not related to a company"
28247035,"Orhan Bursal&#x131; : T&#x131;p Nobeli niye a&#x15F;&#x131;ya, T&#xFC;reci ve &#x15E;ahin'e verilmedi?",,,,23,Bharat Electronics Ltd,irrelevant,Article appears to be in a different language and does not mention a specific company in a material way
22158375,Abel noser solutions launches fixed income transaction cost analysis tca product for portfolio managers traders and compliance officers 300470767,,,,23,Bharat Electronics Ltd,irrelevant,"Article is about a product launch by a company called Abel Noser Solutions, not a well-known company and not directly related to a specific stock"
22159399,Ppg request akzo nobel extension under consideration dutch regulator,,,,23,Bharat Electronics Ltd,relevant,Article mentions a specific company (Akzo Nobel) and a regulatory development directly affecting it
28758390,Taco Bell's 'redefined drive-thru' to open Tuesday in Minnesota,,,,23,Bharat Electronics Ltd,irrelevant,Article is about a specific restaurant opening and does not have material implications for investors
24120922,Mon mark stmf mrkt wipro ceo abidali neemuchwalas pay package up 34 5902216 nor,,,,35,Wipro Ltd,relevant,Article mentions a specific company (Wipro) and a material change in its CEO's pay package
31332506,Belarus Looking to Invest in Multiple Agriculture Projects in Pakistan,,,,23,Bharat Electronics Ltd,irrelevant,"Article is about Belarus investing in Pakistan's agriculture projects, not primarily about a specific company's financials or actions"
18375734,Fitch revises outlook on banamexs lc idr to positive affirms vr at a 2015 08 13,,,,16,ITC Ltd,relevant,"Fitch revises outlook on a specific company's IDR, indicating a material change in credit rating"
27594656,Allbelarussischer Volkskongress: Augenwischerei in Minsk,,,,23,Bharat Electronics Ltd,irrelevant,"Article appears to be a political or social commentary about Belarus, not related to a company's financials or actions"
28248705,Death of Jewish dissident in Belarus prompts protests and arrests,,,,23,Bharat Electronics Ltd,irrelevant,"Article reports on a social event (protests and arrests) in Belarus, not related to a company's financials or actions"
20730631,"Darbe arastirma komisyonunun ekim ayi takvimi belli oldu(17,n,12376070,287)",,,,23,Bharat Electronics Ltd,irrelevant,"Article appears to be about a research commission's schedule in Turkey (based on the language), not related to a company's financials or actions"
31331950,DIRETTA | Le notizie del 10 ottobre |  assolto Gudmundsson tra poco Italia-Belgio,,,,23,Bharat Electronics Ltd,irrelevant,"The title appears to be a news broadcast summary in Italian, with no clear mention of a specific company that would require a portfolio manager to read it."
27597554,Budget points to a loosening of fiscal policy: Fitch Ratings,,,,16,ITC Ltd,irrelevant,"The article is about Fitch Ratings' analysis of a budget and fiscal policy, not specifically about a company that a portfolio manager would need to read."
22171228,"Meram belediyesinden havzan mahallesine aile yasam merkezi(17,n,12604995,567)",,,,23,Bharat Electronics Ltd,irrelevant,"The title appears to be in Turkish and mentions a local municipality and community center, with no clear relevance to a portfolio manager."
18372422,Fitch affirms arbor acres nc revenue bonds at bbb outlook stable 2015 08 14,,,,16,ITC Ltd,relevant,"The article is about Fitch affirming a specific revenue bond rating for Arbor Acres, NC, which would be relevant to a portfolio manager holding that bond or interested in the issuer's creditworthiness."
28756684,Diablo Immortal: Game won't release in Belgium and Netherlands due to loot box restrictions,,,,23,Bharat Electronics Ltd,irrelevant,"The article is about a game release issue due to loot box restrictions in certain countries, not specifically about the game's developer or a company that a portfolio manager would need to read about."
24116231,Post bellum print ads,,,,23,Bharat Electronics Ltd,irrelevant,"The title is vague and does not mention a specific company, making it unclear and not directly relevant to any company's business news"
31334032,Nobel Prize in medicine honors American duo for their discovery of microRNA in Mass.,,,,23,Bharat Electronics Ltd,irrelevant,"The article appears to be about the Nobel Prize in medicine and does not seem to be primarily about a specific company, but rather about a scientific discovery"
24127964,Belgica se prepara para un brexit abrupto refuerza fronteras con perros drones y agentes,,,,23,Bharat Electronics Ltd,irrelevant,The article is about Belgium preparing for a potential abrupt Brexit and does not seem to be related to a specific company's business news
28759633,El feminismo lleg&#xF3; al Museo de Belllas Artes para quedarse,,,,23,Bharat Electronics Ltd,irrelevant,The article appears to be about feminism in an art museum and does not seem to be related to a specific company's business news
24130400,Belmonts zoning board oks special permits for mixed use buildings in waverley square,,,,23,Bharat Electronics Ltd,irrelevant,The article is about a local zoning board decision in Belmont and does not seem to be related to a specific company's business news
18377643,News 21898 star wars  battlefront s supremacy mode pits rebels against the empire on massive maps,,,,23,Bharat Electronics Ltd,irrelevant,"The article is about a new game mode in Star Wars: Battlefront, not related to a specific company's financials or business"
27592917,Lindsey Graham says Mitch McConnell speech slamming Trump could haunt Republicans in 2022,,,,16,ITC Ltd,irrelevant,"The article is about politics and a speech by Mitch McConnell, no company is mentioned or analyzed"
18377158,Alleged bellmawr bank robber died drug overdose police 0,,,,23,Bharat Electronics Ltd,irrelevant,"The article is about a local incident, an alleged bank robber's death, not related to a company's business or financials"
18378360,Parque las ciencias granada muestra publico construccion maqueta mas grande del titanic 4441980,,,,17,Titan Company Ltd,irrelevant,"The article is about a public exhibit of a Titanic model, no company is mentioned or analyzed"
24127227,Tata motors ltd is up for a third straight session in a row 118060800434 1,,,,49,Tata Motors Ltd,relevant,"The article is about Tata Motors Ltd's stock performance, indicating a potential business or financial development"
28753582,"At least five independent Belarusian journalists face trials, years in jail - Committee to Protect Journalists",,,,23,Bharat Electronics Ltd,irrelevant,"The article is about Belarusian journalists facing trials, not related to a specific company"
28250161,Tata Motors Ltd sees massive buying,,,,49,Tata Motors Ltd,relevant,"The article mentions Tata Motors Ltd, potentially indicating a significant development for the company"
20737888,"Bozuyuk belediyesinden borclarin yapilandirilmasi ile ilgili hatirlatma(17,n,12380475,097)",,,,23,Bharat Electronics Ltd,irrelevant,The article appears to be in a different language and does not clearly relate to a specific company
20732962,454344 loza nazvav dilana negidnym nobelivskoi premii,,,,23,Bharat Electronics Ltd,irrelevant,The article appears to be in a different language and does not clearly relate to a specific company
24118975,Piala dunia 2018 hajar tunisia belgia lolos ke 16 besar,,,,23,Bharat Electronics Ltd,irrelevant,"The article appears to be about a sports event, not related to a specific company"
24127471,Yeni nukleer santralin yeri belli oldu haber 974425,,,,23,Bharat Electronics Ltd,irrelevant,"The title is in a foreign language and appears to be about a new nuclear power plant, but does not mention a specific company that would require a portfolio manager to read it."
27595241,Welcome To IANS Live  - BUSINESS - Recovering petroleum demand to support OMCs profitability: Fitch,,,,16,ITC Ltd,irrelevant,"The article discusses recovering petroleum demand and its impact on OMCs (Oil Marketing Companies) profitability, but it is not primarily about a specific company; it's an analyst report on a sector."
22167924,Belarus and one belt one road alternative oil scto %e2%80%93 belarus state press digest 29876,,,,23,Bharat Electronics Ltd,irrelevant,"The title mentions Belarus and China's Belt and Road initiative in relation to oil, but does not focus on a specific company that would necessitate reading for a portfolio manager."
20733048,20161027 coup theatre belges entendent valider accord ue canada ceta,,,,23,Bharat Electronics Ltd,irrelevant,"The title refers to a Canada-EU trade agreement (CETA) and a coup in Turkey, but does not directly relate to a specific company's stock that a portfolio manager would need to know."
28756547,"Which Fast Mexican Food is Better, Taco Villa or Taco Bell?",,,,23,Bharat Electronics Ltd,irrelevant,"The title compares two fast-food chains, Taco Villa and Taco Bell, in a consumer-oriented context, which does not provide material information for a portfolio manager."
28753171,"Share Market : Sensex rises 566 points in early trade on buying in Reliance, IT stocks| business News in Hindi | Share Market : &#x930;&#x93F;&#x932;&#x93E;&#x92F;&#x902;&#x938;, &#x906;&#x908;&#x91F;&#x940; &#x936;&#x947;&#x92F;&#x930;&#x94B;&#x902; &#x92E;&#x947;&#x902; &#x932;&#x93F;&#x935;&#x93E;&#x932;&#x940; &#x938;&#x947; &#x936;&#x941;&#x930;&#x941;&#x906;&#x924;&#x940; &#x915;&#x93E;&#x93",,,,1,Reliance Industries Ltd,irrelevant,"The article mentions Reliance as one of the stocks contributing to market movement, but it's primarily a macro market update"
18367640,Anerkannte maler aus belarus und russland nehmen am pleinair im kreis mosyr teil i 80832,,,,23,Bharat Electronics Ltd,irrelevant,"The article appears to be about art or culture, with no clear connection to business or financial news"
28246394,"Bitcoin signals fight back after clearing $55,000",,,,16,ITC Ltd,irrelevant,"The article is about a general cryptocurrency market update, not specifically about a company's stock or financial performance"
28756839,UEFA Nations League : Prediksi Belgia vs Polandia di Babak Penyisihan Grup,,,,23,Bharat Electronics Ltd,irrelevant,"The article appears to be a sports prediction piece, unrelated to business or financial news"
24118977,Belgische tak ing helpt rijke russen met brievenbusmaatschappijen,,,,23,Bharat Electronics Ltd,irrelevant,"The article seems to be discussing a specific financial topic, but it's not primarily about a company's stock or performance; it appears to be more about tax or financial planning for wealthy Russians"
31333638,e il primo nobel &#xC3;&#xA8; andato: il premio per la medicina va agli americani victor ambros e gary ruvkun..,,,,23,Bharat Electronics Ltd,irrelevant,"The article appears to be about a Nobel Prize in medicine, not related to a specific company"
27596955,Isabella sentencings for Feb. 1-5,,,,23,Bharat Electronics Ltd,irrelevant,"The article is about court sentencing dates, not related to a specific company"
20738143,Reliance enters cooking gas retail market by launching 4 kg lpg cylinder,,,,1,Reliance Industries Ltd,relevant,"Reliance launches a new product in the cooking gas retail market, a material corporate action"
27595018,"Future retail-Reliance deal | After Amazon moves SC, Future Group says will defend the matter",,,,1,Reliance Industries Ltd,relevant,"The article discusses a deal between Future retail and Reliance, with implications for the companies involved"
31332274,Isabella Bank (OTCMKTS:ISBA) and Hanover Bancorp (NASDAQ:HNVR) Financial Comparison,,,,23,Bharat Electronics Ltd,irrelevant,"The article is a financial comparison between two companies, not primarily about one specific company"
22168329,Energie   beveren belgischer reaktor doel 3 abgestellt dpa,,,,23,Bharat Electronics Ltd,irrelevant,"The article appears to be about a reactor being shut down in Belgium, but it does not seem to have any direct connection to a specific company's stock or financials."
22161818,"Lubelskie dni modernizmu 2017 podsumowanie festiwalu,n,1000199712",,,,23,Bharat Electronics Ltd,irrelevant,The article seems to be a summary of a festival and does not appear to be related to a specific company's stock or financials.
22170055,Texas house advances bills to overhaul cps  require school bus seat belts,,,,23,Bharat Electronics Ltd,irrelevant,The article is about a Texas house bill regarding school bus seat belts and does not seem to have any direct connection to a specific company's stock or financials.
20736480,1477928451 kitay vvel dlya belorusov tranziterov bezvizovyy rezhim,,,,23,Bharat Electronics Ltd,irrelevant,The article appears to be about a new visa regime for Belarusians and does not seem to have any direct connection to a specific company's stock or financials.
31332840,2024 Nobel T&#x131;p &#xD6;d&#xFC;l&#xFC;n&#xFC;n sahipleri belli oldu: Victor Ambros ve Gary Ruvkun,,,,23,Bharat Electronics Ltd,irrelevant,The article is about the Nobel Prize winners and does not seem to have any direct connection to a specific company's stock or financials.
18370592,Report ioc topples reliance industries as most profitable firm in june quarter 2114998,,,,1,Reliance Industries Ltd,relevant,"Report compares profitability of IOC and Reliance Industries, directly mentioning financial performance"
31333961,Tres personas ganaron el Premios Nobel de Econom&#xED;a tras una investigaci&#xF3;n sobre la desigualdad: qui&#xE9;nes son,,,,23,Bharat Electronics Ltd,irrelevant,"Article about Nobel Prize in Economics winners, not related to a specific company's business or financials"
31331186,"Han Kang, escritora surcoreana, gana el Premio Nobel de Literatura 2024",,,,23,Bharat Electronics Ltd,irrelevant,"Literature Nobel Prize winner announcement, no connection to business or financial news"
20739100,News maruti suzuki and honda top jd power csi survey 1023 2817140,,,,11,Maruti Suzuki India Ltd,relevant,"Maruti Suzuki and Honda ranked top in JD Power CSI survey, indicating a business performance metric"
20738063,Us nobel prize literature dylan iduskcn12o25f,,,,23,Bharat Electronics Ltd,irrelevant,"Nobel Prize in Literature winner announcement, no connection to business or financial news"
18377228,Fitch affirms salt lake city rda uts tax increment revs at aa outlook stable 2015 08 19,,,,16,ITC Ltd,irrelevant,"The article is about Fitch affirming a tax increment revenue rating for Salt Lake City RDA, not directly related to a specific company's stock performance or business actions."
18371097,Cedar rapids taco bell cleared to open after meth cleanup 20150814,,,,23,Bharat Electronics Ltd,irrelevant,"The article is about a local Taco Bell being cleared to open after a meth cleanup, which is an individual incident and not material to the company's overall business or stock."
18371382,Hindalco hindustan zinc just dial amtek auto kaveri seed hits 52 week lows 115081900471 1,,,,48,Hindalco Industries Ltd,irrelevant,"The article mentions several companies' stocks hitting 52-week lows, but it is a general market update and not primarily about any one company's business actions or financial performance."
27595223,Inspire applies for Dunkin' ghost kitchen permit in Atlanta,,,,16,ITC Ltd,relevant,"The article is about Inspire applying for a permit for a Dunkin' ghost kitchen, which is a business action related to Dunkin', indicating a potential expansion or partnership."
31333647,Premio Nobel per la Medicina 2024 a Victor Ambros e Gary Ruvkun per la scoperta del microRNA,,,,23,Bharat Electronics Ltd,irrelevant,"The article is about the Nobel Prize in Medicine and does not relate to any company's business, financials, or stock performance."
18376795,Fitch latin american corporates pressure,,,,16,ITC Ltd,irrelevant,"The article appears to be about Fitch's view on Latin American corporates in general, not specifically about one company"
31332198,Nobel Prize for medicine honours discovery of microRNA,,,,23,Bharat Electronics Ltd,irrelevant,"The article is about the Nobel Prize in medicine, not related to a specific company"
28247287,Novaya Gazeta editorial board to decide on Nobel Prize distribution &#x2014; Muratov,,,,23,Bharat Electronics Ltd,irrelevant,"The article is about the Nobel Prize distribution process, not related to a specific company"
28751752,"Liga Narod&#xF3;w. Belgia - Polska 6:1. ""Czerwone Diab&#x142;y"" rozprawi&#x142;y si&#x119; z Polsk&#x105; jak w tenisie. De Bruyne zdmuchn&#x105;&#x142; s&#x142;ug&#xF3;w Wielkiego Roberta",,,,23,Bharat Electronics Ltd,irrelevant,"The article appears to be a sports news article, not related to a specific company"
22165212,Dokeins premiere das leben ist keine generalprobe ueber waldviertler schuhrebellen heinrich staudinger,,,,23,Bharat Electronics Ltd,irrelevant,"The article appears to be about a theater premiere, not related to a specific company"
