title,company_name,label,source_type
Microsoft beats Amazon for Pentagon's $10 bln cloud computing contract,Microsoft,relevant,gold_manual
House Votes to Expand Legal Safeguards for LGBTQ People,AT&T,irrelevant,gold_manual
Frequent NSA collaborator AT&T is backing Apple in its fight against the FBI,AT&T,relevant,gold_manual
Intel officials warned well before Tower 22 attack of increased risks from drones,Intel,irrelevant,gold_manual
Microsoft brings 'Known Folder Migration' feature to OneDrive consumer users,Microsoft,irrelevant,gold_manual
Walmart To Ban Woman Caught On Viral Racist Rant Video,Walmart,irrelevant,gold_manual
Why did it take us messaging?': Louisiana woman books Airbnb in France. Then she learns what the owner did with the property,Airbnb,irrelevant,gold_manual
Halloween pet costumes at Walmart,Walmart,irrelevant,gold_manual
Uber driver charged with raping unconscious 17-year-old in Orange County,Uber,irrelevant,gold_manual
Airbnb asked to disclose data on 172 users so far this year,Airbnb,irrelevant,gold_manual
"Fore! Here Comes Tony Romo, The Golfer, Again.",AT&T,irrelevant,gold_manual
NY Post scorches ‘fake’ intel letter used to sink laptop story: ‘Actual disinfo operation’ helped Biden,Intel,irrelevant,gold_manual
Microsoft is allegedly creating a Slack competitor,Microsoft,irrelevant,gold_manual
13 ways to give the gift of Mackinac Island,Visa Inc.,irrelevant,gold_manual
Starbucks Just Revealed The Ideal Drink For Each Zodiac Sign,Starbucks,irrelevant,gold_manual
"Bank of America, M and others disclose gap between CEO and employee pay",Bank of America,irrelevant,gold_manual
"How Goldman Sachs, UBS, and more reacted to Walmart's $10 billion 'Black Swan' deal to sell Asda",Walmart,relevant,gold_manual
"Sean Hannity: If Walmart stops selling Confederate flags, they should stop selling rap music too",Walmart,irrelevant,gold_manual
Apple takes another step into Microsoft's core territory with Accenture deal,Microsoft,irrelevant,gold_manual
Harvey Weinstein Taps Trump’s Travel Ban for New ‘Lion’ Oscar Messaging,Visa Inc.,irrelevant,gold_manual
here's everything I'd buy at Walmart's Black Friday sale,Walmart,irrelevant,gold_manual
Microsoft just introduced an ambitious subscription plan that makes the Xbox the best deal in gaming,Microsoft,relevant,gold_manual
Intel’s Stock Stock Rallied 91% This Year. Here’s What Drives It Higher in 2024.,Intel,irrelevant,gold_manual
Shooting at Walmart in El Paso: multiple fatalities,Walmart,irrelevant,gold_manual
‘This is why I don’t like Goodwill’: Shopper finds Walmart clearance sweater tagged at $3. Then she sees how much Goodwill is selling it for,Walmart,irrelevant,gold_manual
GM Strike after a week: Sales hold up while parts shortages loom,General Motors,relevant,gold_manual
How grocery stores restock shelves in the age of coronavirus,Visa Inc.,irrelevant,gold_manual
"Uber, Private Ride Drivers to Sue Mayor of London for Discrimination",Uber,irrelevant,gold_manual
We talked to the execs behind Bloomberg's new data partnership with Goldman Sachs. Here's why they think it's a sign of Wall Street's future.,Goldman Sachs,relevant,gold_manual
Verizon accused of violating net neutrality rules by throttling video,AT&T,irrelevant,gold_manual
"EMMY® Winner Rushion McDonald Celebrates Five Years of Money Making Conversations Master Class, With Special Broadcast on September 27th",McDonald's,irrelevant,gold_manual
NYC becomes latest city to cut back on ties with Wells Fargo,Wells Fargo,relevant,gold_manual
Galaxy Z Flip 5G now up for preorder if you’d rather not wait for the Note 20,AT&T,irrelevant,gold_manual
Activists: 1st Amendment Rights Of Undocumented Immigrants Are Often Violated,Visa Inc.,irrelevant,gold_manual
"Samsung's Most Luxurious TV Is $2,500 Off at Walmart for Presidents Day",Walmart,irrelevant,gold_manual
U.S. detention of European and Canadian tourists creates fear over traveling to America,Visa Inc.,irrelevant,gold_manual
Visiongain Publishes Top 20 Connected Aircraft Companies 2020 Report,AT&T,irrelevant,gold_manual
"Sidecar – Uber, Lyft Competitor in Ride-Sharing – Goes Belly Up",Uber,irrelevant,gold_manual
His son was killed by the Mexican cartel. This father was faced with the decision: Move or die,Visa Inc.,irrelevant,gold_manual
Where to watch 49ers vs Dolphins game today: Free live stream,AT&T,irrelevant,gold_manual
The FCC OKs Streaming for Free—But Net Neutrality Will Pay,AT&T,irrelevant,gold_manual
‘This is a gut check time’: Dan Rather demands Congress make Trump’s intel fiasco their ‘top priority’,Intel,irrelevant,gold_manual
From Russia with love: Successful KHL season could relaunch Wideman's NHL career,Visa Inc.,irrelevant,gold_manual
"MetLife gets '26 WC final, USMNT kicks off in L.A.",AT&T,irrelevant,gold_manual
"Gugu Mbatha-Raw, Richard Madden to Star in Netflix Thriller ‘Trinity’",Netflix,irrelevant,gold_manual
"Spurs brace for red-hot Davis, Pelicans",AT&T,irrelevant,gold_manual
"Netflix's Grand, Daring, Maybe Crazy Plan to Conquer the World",Netflix,irrelevant,gold_manual
Lordstown shifts gear to shakier future after GM announcement,General Motors,irrelevant,gold_manual
Skillz Hires Airbnb Executive Ian Lee As CFO,Airbnb,irrelevant,gold_manual
Uber lawyer says class action trial in California could set a risky...,Uber,relevant,gold_manual
"Chobani partners with Airbnb, MasterCard to help end refugee crisis",Airbnb,irrelevant,gold_manual
"Democrats question TV carriers' decisions to host Fox, OAN and Newsmax, citing 'misinformation'",AT&T,irrelevant,gold_manual
Why Did Netflix Decide to Move Forward With a Final Season of House of Cards?,Netflix,irrelevant,gold_manual
Prosecutors: South Carolina man killed Uber rider in 2019,Uber,irrelevant,gold_manual
Starbucks union workers in Buffalo walk out over ‘unsafe’ conditions,Starbucks,relevant,gold_manual
Post Holdings Appoints Dorothy M. Burwell To Board Of Directors,Goldman Sachs,irrelevant,gold_manual
"Apple Has New iPhone Satellite Features in the Works, Report Says",Apple Inc.,irrelevant,gold_manual
Mike Perry says he wasn't drug tested vs. Jake Paul: 'I was surprised',AT&T,irrelevant,gold_manual
Microsoft’s Last Windows Update For 600 Million Users—Act Now,Microsoft,irrelevant,gold_manual
Are mergers good or bad for the economy?,AT&T,irrelevant,gold_manual
Fedex Expects Fewer Packages During Holiday Season,FedEx,relevant,gold_manual
A Trump Manhattan hush money conviction would punch a hole in his election hopes: report,Visa Inc.,irrelevant,gold_manual
"Walmart Deals for Days sale is live – TVs, AirPods, Instant Pot, laptops, and more",Walmart,irrelevant,gold_manual
How Everyday Life in a Real Arctic Community Inspired Netflix’s North of North,Netflix,irrelevant,gold_manual
59 Twists & Turns to Verizon's Calculated Play to Go Wireless and to Dismantle & Trash the State-Based Wired Utilities,AT&T,irrelevant,gold_manual
China Seen Hitting GM On Price Fixing Amid Trump Rhetoric | Stock News Stock Market Analysis,General Motors,relevant,gold_manual
Giants manager Bruce Bochy recovering from shoulder surgery,Visa Inc.,irrelevant,gold_manual
Carmelo Anthony Sends Love to La La Amid Split Drama,AT&T,irrelevant,gold_manual
Report: Visa Overstays More Common Than Illegal Border Entries; Mexicans The Most Likely to Overstay,Visa Inc.,irrelevant,gold_manual
"Netflix's '13 Reasons Why,' TNT's 'Animal Kingdom' Receive California Tax Credits",Netflix,irrelevant,gold_manual
Intel Buys Mobileye for $15.3bn,Intel,relevant,gold_manual
Intel officials detail how Russian cyberattacks sought to interfere with U.S. elections,Intel,irrelevant,gold_manual
"21 Savage Is Released After Immigration Arrest, Lawyer Says",Visa Inc.,irrelevant,gold_manual
New on Netflix in November 2025 — The Full List of Movies and TV Shows,Netflix,irrelevant,gold_manual
Microsoft’s iPhone keyboard takes aim at Google with new built-in search,Microsoft,irrelevant,gold_manual
"Walmart is selling a $110 Coca-Cola mini fridge for only $50, and it has a built-in Bluetooth speaker",Walmart,irrelevant,gold_manual
"Watch Out Walmart, Amazon Is Making Inroads In Grocery",Walmart,irrelevant,gold_manual
"Trading GE after earnings. Plus, the trade on Kroger & Novartis",Visa Inc.,irrelevant,gold_manual
"McDonald's workers, teachers rally in separate suburban May Day events",McDonald's,irrelevant,gold_manual
Lakers fall to Spurs in their California Classic finale,AT&T,irrelevant,gold_manual
"Uber drives onto Wall Street, but stock sinks below its IPO price",Uber,relevant,gold_manual
Aide says Trump 'accepts' US intel blaming Russia for hack,Intel,irrelevant,gold_manual
"Uber's Clever, Hidden Move: How Its Latest Fare Cuts Can Actually Lock In Its Drivers",Uber,irrelevant,gold_manual
Mid-Michigan Walmart store listed as possible coronavirus exposure site,Walmart,irrelevant,gold_manual
Astros to open 2018 season on the road against Rangers,AT&T,irrelevant,gold_manual
International students fight visa revocations and detentions in new federal lawsuits,Visa Inc.,irrelevant,gold_manual
"What To Watch On Netflix When It Snows, Based On Your Zodiac Sign",Netflix,irrelevant,gold_manual
Morgan Stanley Analyst Sees Long-term Growth Opportunities in Undervalued FIS Stock,Morgan Stanley,irrelevant,gold_manual
This Is How Much Netflix We're All Watching Every Day,Netflix,irrelevant,gold_manual
Athletics: Kenya's Korir misses out on visa for world championships,Visa Inc.,irrelevant,gold_manual
Airbnb releases Enhanced Cleaning Protocol handbook,Airbnb,irrelevant,gold_manual
Skanska sells remaining stake in Bank of America Tower downtown,Bank of America,irrelevant,gold_manual
Samsung’s Galaxy Z Flip 3 is up to $500 off at Best Buy,AT&T,irrelevant,gold_manual
Morgan Stanley Restricts Coverage as Marchionne Eyes GM Deal,General Motors,irrelevant,gold_manual
Honoree tours Easterseals facilities,AT&T,irrelevant,gold_manual
Announcing Android Cloud Gaming Media Processing Delivery Solutions Based on the New Intel Data Center GPU Codenamed Arctic Sound-M,Intel,relevant,gold_manual
"Security startup Synack scores $21M investment from Microsoft, HPE and Singtel",Microsoft,irrelevant,gold_manual
A&E's 'Shipping Wars' features McDonald Auto Group owner and his World War 2 duck boat,McDonald's,irrelevant,gold_manual
Making a point about knives,AT&T,irrelevant,gold_manual
Bears vs. Panthers game today: Watch NFL Week 5 live stream free,AT&T,irrelevant,gold_manual
Fitbit employees charged with having stolen trade secrets,AT&T,irrelevant,gold_manual
Is Winter Finally Coming? HBO Braces for Post-'Game of Thrones' Landscape,AT&T,irrelevant,gold_manual
Dak Prescott leads Dallas Cowboys vs. hurting Chicago Bears,AT&T,irrelevant,gold_manual
Score an Apple Watch Series 7 for $299 at Walmart,Walmart,irrelevant,gold_manual
Milwaukee movies off the grid: April 21-23,Visa Inc.,irrelevant,gold_manual
"Uber safety driver of fatal self-driving crash was watching Hulu, not the road",Uber,irrelevant,gold_manual
California labor commission rules Uber drivers are employees,Uber,relevant,gold_manual
Stifel Maintains Buy Rating for FedEx: Here's What You Need To Know,FedEx,irrelevant,gold_manual
Regulator Blasts Wells Fargo for Deceptive Auto Insurance Program,Wells Fargo,relevant,gold_manual
The DOJ's AT&T-Time Warner case is political: Bibb,AT&T,irrelevant,gold_manual
"LIVESTREAMING SOCIAL COMMERCE PROVIDER, TALKSHOPLIVE, TEAMS UP WITH WALMART",Walmart,irrelevant,gold_manual
"Five thoughts: Texas Tech football announces 2016 schedule, including early road test, jam-packed finish",AT&T,irrelevant,gold_manual
Netflix Q2 Earnings Preview: Can the Streaming Giant's Run Continue?,Netflix,relevant,gold_manual
EVTC Stock Price - Evertec Inc. Stock Quote (U.S.: NYSE),Visa Inc.,irrelevant,gold_manual
Baptists and Walmart criticize rebel-themed Mississippi flag,Walmart,irrelevant,gold_manual
McDonald's All American Girls Game preview: Game plans and roster comparisons,McDonald's,irrelevant,gold_manual
"Sony's best noise-cancelling headphones are $72 off right now at Amazon, Best Buy, and Walmart",Walmart,irrelevant,gold_manual
Celebrate closer EU union? Not with all that division,AT&T,irrelevant,gold_manual
Metallica Announce 2023-2024 World Tour,AT&T,irrelevant,gold_manual
Visa dreams of turning your entire home into a cash register,Visa Inc.,relevant,gold_manual
U.S. swimmers' tall tale touches a raw nerve in Brazil,Visa Inc.,irrelevant,gold_manual
"Don't let the sharing economy of Uber, Airbnb become the scofflaw economy",Airbnb,irrelevant,gold_manual
Trump apparently confirms sharing classified intel with Russians,Intel,irrelevant,gold_manual
New Cricket Wireless store opens in Harrisonville,AT&T,irrelevant,gold_manual
"If the trade situation worsens, look for stocks with this characteristic, Goldman Sachs says",Goldman Sachs,irrelevant,gold_manual
8 key findings on marijuana consumer trends from the 'Uber for weed',Uber,irrelevant,gold_manual
"The Fatal Flaw in Trump’s Kinder, Gentler Travel Ban",Visa Inc.,irrelevant,gold_manual
The US canceled my mother's visa as she tried to visit her first grandchild,Visa Inc.,irrelevant,gold_manual
How to watch Ohio State football vs. Michigan FREE STREAM today,AT&T,irrelevant,gold_manual
Naperville News Digest,Visa Inc.,irrelevant,gold_manual
Exclusive-- Jim Jordan: Moderate and Conservative Reps. Frustrated with Speaker Ryan,Visa Inc.,irrelevant,gold_manual
Fuller House' Renewed for Fifth and Final Season on Netflix (Video),Netflix,irrelevant,gold_manual
Ex-leader of drug ring convicted in New Mexico homicide case,Visa Inc.,irrelevant,gold_manual
Justin Timberlake's new Netflix trailer will rock your body,Netflix,irrelevant,gold_manual
"Facebook denies giving Spotify, Netflix, other tech giants wider access to data without user permission",Netflix,irrelevant,gold_manual
5G networks are almost upon us. Will you be an early adopter?,AT&T,irrelevant,gold_manual
Trump says new auto tariffs being mulled after GM restructuring,General Motors,irrelevant,gold_manual
A Starbucks drive-thru could soon serve City College and Land Park,Starbucks,irrelevant,gold_manual
Goldman Sachs bought Commerzbank's claim in Saudi's biggest debt...,Goldman Sachs,relevant,gold_manual
Netflix Sets Screening Series ‘1975: Fifty Is the New Hollywood’ at Los Angeles’ Egyptian Theatre,Netflix,irrelevant,gold_manual
Andretti Partnering With GM For F1 Entry,General Motors,relevant,gold_manual
Intel's president on why it's critical to steer girls toward tech,Intel,irrelevant,gold_manual
Get Microsoft Office 2019 on sale for just A$30 — pay once and use it forever,Microsoft,irrelevant,gold_manual
Meet the humans of the world’s biggest tech show,AT&T,irrelevant,gold_manual
Ford's Lincoln Makes Play for GM-Dominates Big SUV Market,General Motors,irrelevant,gold_manual
Official who leaked Cohen's financial records did so out of alarm over missing documents,AT&T,irrelevant,gold_manual
Afghanistan’s neighbors watch warily as Taliban completes its dramatic takeover,Visa Inc.,irrelevant,gold_manual
"Fleury, Methot, Neal give Golden Knights a solid foundation",AT&T,irrelevant,gold_manual
"Batgirl,' David Zaslav and the End of Streaming Evangelism in Hollywood (Column)",AT&T,irrelevant,gold_manual
Speedway has one of the first residential tests of 5G in America. Here's what that means,AT&T,irrelevant,gold_manual
"Netflix Supports Brazilian Cinematheque Restoration With $875,000 Cash Donation",Netflix,irrelevant,gold_manual
Airbnb wants to replace hotels at the Olympics,Airbnb,relevant,gold_manual
AT&T touts Time Warner merger at U.S. Senate hearing,AT&T,relevant,gold_manual
"Game of Thrones' Season Premiere Leak Helps Gamblers, Bookie Takes Bath",AT&T,irrelevant,gold_manual
Microsoft buys up more metro-Phoenix land for $37 million,Microsoft,relevant,gold_manual
"California woman attacked in Walmart, caught on video",Walmart,irrelevant,gold_manual
‘Cancel Netflix’ Campaign Backed By Elon Musk Explained,Netflix,irrelevant,gold_manual
Goldman Sachs believes Trump's tariffs leave U.S. in an 'event-driven' bear market,Goldman Sachs,irrelevant,gold_manual
LG Chem shares slide amid electric vehicle battery-fire probe with GM,General Motors,relevant,gold_manual
Best and worst moments from the Redskins’ 38-14 loss to the Cowboys,AT&T,irrelevant,gold_manual
Microsoft Still Facing Xbox 360 Lawsuit Surrounding Scratched Discs,Microsoft,irrelevant,gold_manual
Goldman Sachs to invest $184 million in Brazil storage company: executive,Goldman Sachs,relevant,gold_manual
AT&T-Time Warner Merger: Justice Department Not Stopping Acquisition,AT&T,relevant,gold_manual
Uber identifies items most commonly left behind,Uber,irrelevant,gold_manual
Defensive miscue opens door for Mariners as Tigers drop series finale,AT&T,irrelevant,gold_manual
Starbucks Barista Fired for Writing 'Pig' on Police Officers' Drinks,Starbucks,irrelevant,gold_manual
Marco Antonio Solís and Los Bukis Reunite For First Time in 25 Years For Three Shows,AT&T,irrelevant,gold_manual
Karl Malone's 'Pedophile' Past Resurfaces After NBA Taps Him to Judge Dunk Contest,AT&T,irrelevant,gold_manual
Walmart outlines stages of back-to-office plan,Walmart,irrelevant,gold_manual
Australia could deny Ye a visa because of his antisemitic remarks,Visa Inc.,irrelevant,gold_manual
Sports On the Air - April 10,AT&T,irrelevant,gold_manual
Walmart's ‘Beautiful’ and 'Sturdy' $110 Floor Lamp Is on Sale for Just $38,Walmart,irrelevant,gold_manual
2 Trump Stories on Social Media You Shouldn't Believe,Visa Inc.,irrelevant,gold_manual
Netflix Oscar Shows Heavy Investment Is Paying Off,Netflix,relevant,gold_manual
Microsoft to Shut Down Skype,Microsoft,relevant,gold_manual
"""60 Minutes"" examines H-1B visas outsourcing American jobs",Visa Inc.,irrelevant,gold_manual
Bank of America Sees 10% Further Upside for European Equities by Third-Quarter,Bank of America,irrelevant,gold_manual
argenx to Present at Goldman Sachs 46th Annual Global Healthcare Conference,Goldman Sachs,irrelevant,gold_manual
Walmart to Stop Offering Single-Use Bags,Walmart,relevant,gold_manual
"City council in Portland, Oregon, gives approval for Uber to operate",Uber,irrelevant,gold_manual
BRIEF-Janus Capital Group Q3 earnings per share $0.22,Goldman Sachs,irrelevant,gold_manual
At Least 60 Stores Will Keep Their Doors Closed On Thanksgiving Day 2018 — See The List,AT&T,irrelevant,gold_manual
Big shows headed to the San Antonio area,AT&T,irrelevant,gold_manual
Airbnb hosts are trying to turn away inauguration rioters. One listing added a photo of Michelle Obama.,Airbnb,irrelevant,gold_manual
New Zealand Plans ‘Golden Visa’ Changes to Lure Wealthy Migrants,Visa Inc.,irrelevant,gold_manual
Everything coming to Netflix in March — and what's leaving,Netflix,irrelevant,gold_manual
An Uber Eats Delivery Guy Sent This Woman A Smart Ass Response And People Are Losing It,Uber,irrelevant,gold_manual
Making a Murderer: Netflix Outshines The Jinx With Stunning True-Crime Saga,Netflix,irrelevant,gold_manual
Christopher Nolan movie 'Tenet' delayed again amid coronavirus outbreak,AT&T,irrelevant,gold_manual
Rory McIlroy Misses Cut at Pebble Beach on Saturday by 2 Strokes,AT&T,irrelevant,gold_manual
Who is Bradford James Gille? What we know about Walmart stabbing suspect,Walmart,irrelevant,gold_manual
Plan to end work permits for spouses of skilled visa workers leaves Minnesota families in limbo,Visa Inc.,irrelevant,gold_manual
"Accenture, EY, Google, Microsoft And Other Leaders Find Great Value In Employees With Disabilities",Microsoft,irrelevant,gold_manual
Walmart’s new green product label is the most misleading yet,Walmart,irrelevant,gold_manual
"Uber Accused of Ripping Off Ideas, and Everything Else You Missed",Uber,irrelevant,gold_manual
Lawmakers Question Libra Amid Facebook Privacy Concerns,Visa Inc.,irrelevant,gold_manual
Microsoft’s Windows 10 Creators Update will launch April 11,Microsoft,relevant,gold_manual
"Walmart holiday quarter sales rise, ecommerce jumped 43 percent",Walmart,relevant,gold_manual
YouTube tunes into T-Mobile's Binge On at last,AT&T,irrelevant,gold_manual
Court rules GM is shielded from death claims by bankruptcy,General Motors,relevant,gold_manual
The CEO of Goldman Sachs cryptically tweeted about the bank's post-Brexit plans in the UK,Goldman Sachs,irrelevant,gold_manual
#DeleteUber: company automates account removal due to demand,Uber,irrelevant,gold_manual
Is Walmart open on Thanksgiving in Milwaukee? Hours today Black Friday,Walmart,irrelevant,gold_manual
Phil Mickelson: Golfer's trophy drought continues,AT&T,irrelevant,gold_manual
Hold onto your soggy bottoms: 'The Great British Baking Show' is moving to Netflix,Netflix,irrelevant,gold_manual
Joe Biden is using every trick in the book to wipe away the Big Stink from his tenure — but nothing is working,Visa Inc.,irrelevant,gold_manual
No massages? Why Uber's workplace is different than other tech companies,Uber,irrelevant,gold_manual
A monumental case looks to crack open the world of auto-warranty robocalls,AT&T,irrelevant,gold_manual
Starbucks' Valentine's Menu Has Finally Arrived & It Includes 3 New Refreshers,Starbucks,irrelevant,gold_manual
San Clemente's issue with renovating beach bathrooms: Beige or white?,AT&T,irrelevant,gold_manual
9 Disturbing Stories From People Who Say They Found Cameras in Their Airbnb,Airbnb,irrelevant,gold_manual
"Iran Already Sanitizing Nuclear Site, Intel Warns",Intel,irrelevant,gold_manual
"In light of Apple Silicon, should you buy the new Intel-based 2020 27-inch iMac?",Intel,irrelevant,gold_manual
"Watch: Looters In Philadelphia Run Out Of Walmart With TVs, Electronics",Walmart,irrelevant,gold_manual
Netflix Just Released a Surprise Sequel to Cloverfield,Netflix,irrelevant,gold_manual
Binance Card Holders Brace for Impact as Mastercard and Visa Reassess Ties,Visa Inc.,relevant,gold_manual
"Walmart Yodel Boy Went on 'Ellen' and It Was, Uh, Something All Right",Walmart,irrelevant,gold_manual
Here Is Your WIRED Star Wars Challenge for Day 168,AT&T,irrelevant,gold_manual
"Airbnb Drops Camel Rides But Giza’s Already Changing, Here’s What To Know",Airbnb,irrelevant,gold_manual
Morning Agenda: The Wells Fargo Clawback,Wells Fargo,relevant,gold_manual
"PGA Tour $1 million parlay picks, odds for the 2025 AT&T Pebble Beach Pro-Am: Get an epic return on a $10 bet",AT&T,irrelevant,gold_manual
"With DeSantis’s exit, Haley backers in New Hampshire see a flicker of hope.",AT&T,irrelevant,gold_manual
"Netflix's new Drew Barrymore zombie show 'Santa Clarita Diet' is a gory, disgusting mess",Netflix,irrelevant,gold_manual
Gilmore Girls: A Year in the Life': What to know before the Netflix revival premieres,Netflix,irrelevant,gold_manual
"Melanie Lynskey, Buffy The Vampire Slayer Willow Audition",Visa Inc.,irrelevant,gold_manual
"Affidavit: Texas Chick-fil-A supervisor stole more than $100,000 over 3 years from restaurant",Visa Inc.,irrelevant,gold_manual
Made my night': Starbucks customer says barista gave her 3 extra-large Strawberry Açaí drinks for free after she only asked for a cup of water,Starbucks,irrelevant,gold_manual
"Companies unlikely to require COVID-19 vaccine, Walmart CEO says",Walmart,relevant,gold_manual
"Marvel’s ‘Iron Fist’ Canceled By Netflix, There Will Be No Season 3 For Danny Rand & Company",Netflix,irrelevant,gold_manual
"TwinSpires offer code for Preakness Stakes 2025: Get up to $400 in bonus funds, site review, promos",Visa Inc.,irrelevant,gold_manual
"Bank of America grants $250,000 to fine arts museum",Bank of America,irrelevant,gold_manual
Game of Thrones Creators David Benioff and D.B. Weiss Sign Massive Overall Deal With Netflix,Netflix,relevant,gold_manual
Cramer: I have faith others can take charge at Intel after Brian Krzanich's ouster,Intel,irrelevant,gold_manual
Speed Read: Comedian Maria Bamford Takes Us Inside Her Darkest Thoughts,AT&T,irrelevant,gold_manual
Why Bernie Sanders should talk A LOT more about Hillary Clinton and Goldman Sachs,Goldman Sachs,irrelevant,gold_manual
Doubts Linger About CBS-Viacom Merger,AT&T,irrelevant,gold_manual
ICE says detained Maine police officer overstayed visa. The chief says he cleared a federal check,Visa Inc.,irrelevant,gold_manual
Alabama-Clemson: How did ESPN do in national championship?,AT&T,irrelevant,gold_manual
"""Really ruined my day for no reason"": Uber rider says driver deliberately sabotaged her trip to critical sonogram appointment",Uber,irrelevant,gold_manual
Teamsters refusing to transport GM vehicles in solidarity with UAW,General Motors,relevant,gold_manual
Time Warner says it's giving up on efforts to sign other providers to carry Dodgers,AT&T,irrelevant,gold_manual
AT&T finally finds buyer for Xandr advertising business in Microsoft,AT&T,relevant,gold_manual
Verizon says it won’t launch fake 5G icons like AT&T did,AT&T,irrelevant,gold_manual
AT&T purchase of DirecTV set to close after approval from FCC,AT&T,relevant,gold_manual
"AT&T, Wells Fargo fall; Fastenal, Bank of New York Mellon rise, Friday, 7/12/2024",AT&T,irrelevant,gold_manual
AT&T says timing of Time Warner deal completion now uncertain,AT&T,relevant,gold_manual
AT&T CEO Calls 'Crickets' From CBS On Carriage Fight,AT&T,relevant,gold_manual
General Motors and AT&T will offer 5G connectivity in certain vehicles from model year 2024,AT&T,relevant,gold_manual
DirecTV Now tempts potential subscribers with free Roku box,AT&T,irrelevant,gold_manual
Speed Round: Cody Gribble's final round at AT&T Pebble Beach Pro-Am,AT&T,irrelevant,gold_manual
The scariest house on Airbnb is the 'Hocus Pocus' cottage,Airbnb,irrelevant,gold_manual
"Broken windows, shootings, bathroom lock-ins. How to prevent someone from hosting an all-night rager in your Airbnb",Airbnb,irrelevant,gold_manual
This Digital Sheriff Helps Cities Wrangle Airbnb Rules,Airbnb,irrelevant,gold_manual
Airbnb received a cloud contract extension this year as the pandemic raged,Airbnb,relevant,gold_manual
"With rental rules set to change, can Airbnb succeed in Japan?",Airbnb,relevant,gold_manual
AirBnB says people are still spending big on travel and but they're choosing shorter stays in bigger cities,Airbnb,relevant,gold_manual
Could an Airbnb be opening in your neighborhood? It depends,Airbnb,irrelevant,gold_manual
"Airbnb seeks to broaden appeal, adds more hotel listings, loyalty program",Airbnb,relevant,gold_manual
Airbnb is verifying all properties in its top five markets including the U.S.,Airbnb,irrelevant,gold_manual
'Grace'-Land: Jeff Buckley's Memphis Home Is Being Turned Into a 'Tribute' Airbnb,Airbnb,irrelevant,gold_manual
"Amazon flexes muscles over Seattle tax threat, halting construction on a new office tower",Amazon,relevant,gold_manual
"Amazon unveils new smart-home products, but are consumers ready?",Amazon,relevant,gold_manual
Xbox One with new controller and more storage appears on Amazon,Amazon,irrelevant,gold_manual
"Five things you need to know today, and after last night I have no doubt Amazon will rule the world",Amazon,irrelevant,gold_manual
UPDATE 1-Amazon to launch video streaming service in Japan,Amazon,relevant,gold_manual
Amazon Giveaway lets anyone run a sweepstakes and rack up Twitter followers,Amazon,irrelevant,gold_manual
"After Whirlpool gets slammed from Amazon-Sears deal, JPMorgan calls fears 'overdone'",Amazon,irrelevant,gold_manual
FDA chief on Amazon's health-care move: 'Disruptive competition is a good thing',Amazon,relevant,gold_manual
"Even with Whole Foods, Amazon would need many more warehouses to reshape grocery delivery",Amazon,relevant,gold_manual
Could The Whole Foods Acquisition Undermine America's Biggest Consumer Brands?,Amazon,irrelevant,gold_manual
"Amazon, Apple and Facebook Once Led the Market. Now They Are Driving It Down.",Apple Inc.,irrelevant,gold_manual
Daily Report: Alphabet Eclipses Apple to Become the Most Valuable Company,Apple Inc.,irrelevant,gold_manual
Apple Chief Calls Court Order to Unlock iPhone ‘Unprecedented Step’,Apple Inc.,relevant,gold_manual
ESPN’s Apple TV app now lets you watch four games at once,Apple Inc.,irrelevant,gold_manual
Apple is investing $1 billion in Softbank's Vision Fund,Apple Inc.,relevant,gold_manual
Apple revenue rises on higher-than-expected iPhone shipments,Apple Inc.,relevant,gold_manual
Apple iPhone chip supplier says virus will delay shipments,Apple Inc.,irrelevant,gold_manual
"Apple Music Invites You to Chill to Muzak-y Versions of Songs From UMG Artists Including Katy Perry, Kacey Musgraves",Apple Inc.,irrelevant,gold_manual
Enlisting Apple and Google to fight terrorists: Is it a good idea?,Apple Inc.,irrelevant,gold_manual
"Apple's music service may fight Spotify with exclusives, not price",Apple Inc.,irrelevant,gold_manual
Warren Buffett watcher echoes warning on bitcoin: 'We're probably near the top of a bubble',Berkshire Hathaway,irrelevant,gold_manual
Brett Veatch ranked among top 1/2% of Berkshire Hathaway Real Estate Brokers,Berkshire Hathaway,irrelevant,gold_manual
"In Bullish Move, Buffett’s Berkshire Lifts Cap on Buybacks",Berkshire Hathaway,relevant,gold_manual
"No chance Warren Buffett is doing something ‘deeply evil,’ says Charlie Munger",Berkshire Hathaway,irrelevant,gold_manual
Warren Buffett’s Berkshire Isn’t Getting the Love for Its Apple Stake,Berkshire Hathaway,relevant,gold_manual
Warren Buffett’s annual lunch auction starts Sunday evening,Berkshire Hathaway,irrelevant,gold_manual
Fire Warren Buffett? Investors obsessed with quarterly performance probably would,Berkshire Hathaway,irrelevant,gold_manual
"Warren Buffett Sold His Only REIT Last Year, But He's Betting Big On Housing With Three New Investments",Berkshire Hathaway,relevant,gold_manual
BRIEF-Berkshire Hathaway Energy says agreement to acquire Oncor...,Berkshire Hathaway,relevant,gold_manual
"After Berkshire Hathaway deal, Portland charities call out Precision Castparts for lack of community investment",Berkshire Hathaway,irrelevant,gold_manual
UK To Deeply Scrutinize Broadcom-Vmware Deal,Broadcom,relevant,gold_manual
Broadcom Unusual Options Activity For May 21,Broadcom,irrelevant,gold_manual
Broadcom profit and revenue miss forecasts,Broadcom,relevant,gold_manual
"Broadcom Inc. Announces Conversion Date for Mandatory Convertible Preferred Stock, Series A",Broadcom,relevant,gold_manual
BRIEF-Broadcom: Maslowski's employment with the company has been terminated,Broadcom,relevant,gold_manual
Broadcom and Google Cloud Announce License Portability Support for VMware Cloud Foundation on Google Cloud VMware Engine,Broadcom,relevant,gold_manual
Broadcom Unusual Options Activity For March 16,Broadcom,irrelevant,gold_manual
"Broadcom, Dollar General Earnings and More to Watch",Broadcom,irrelevant,gold_manual
Broadcom stock dinged in final minutes on report Apple working on its own WiFi/Bluetooth chips,Broadcom,relevant,gold_manual
After-Hours Action: Why Broadcom Stock Is On The Move,Broadcom,irrelevant,gold_manual
"Oil And Gas Deals Accelerate As Shell, ExxonMobil Exit California",ExxonMobil,relevant,gold_manual
"ExxonMobil Wins An Anti-SLAPP Motion In Texas, While Landry's Loses",ExxonMobil,relevant,gold_manual
ExxonMobil Wishes Australia a 'Fun' New Year as Country Burns in Climate Crisis,ExxonMobil,irrelevant,gold_manual
Exxon Mobil Beats On Earnings While Sales Fall Short,ExxonMobil,relevant,gold_manual
"ExxonMobil's run may be running out of steam, Bank of America says",ExxonMobil,irrelevant,gold_manual
Exxon Mobil says oil discovery off Guyana is 'significant',ExxonMobil,relevant,gold_manual
Chevron: It’s Not ExxonMobil But No One Seems to Mind,ExxonMobil,irrelevant,gold_manual
BRIEF-Nordic American Tanker Ltd says enters 30 month contract with Exxonmobil subsidiary,ExxonMobil,irrelevant,gold_manual
ExxonMobil Chief To Meet With Russian Energy Officials In Moscow To Discuss Stalled Energy Cooperation,ExxonMobil,relevant,gold_manual
ExxonMobil made deals with Iran while Tillerson was CEO,ExxonMobil,relevant,gold_manual
Walgreens Continues To Leverage Real Estate With New FedEx Deal,FedEx,irrelevant,gold_manual
"President Trump sent FedEx courier a $10,000 check in the mail",FedEx,irrelevant,gold_manual
FedEx is set to hire 500 workers in Greater Cincinnati for the holidays,FedEx,irrelevant,gold_manual
Wyndham Championship dominated by pushes for FedEx Cup positioning,FedEx,irrelevant,gold_manual
New York Times/FedEx Squabble Tries to Oversimplify Complicated Data,FedEx,irrelevant,gold_manual
Cash Dividend On The Way From FedEx,FedEx,relevant,gold_manual
FedEx indictment on illegal drug shipments will go forward,FedEx,relevant,gold_manual
"Jordan Spieth wins Tour Championship, FedEx Cup title and £7.5m",FedEx,irrelevant,gold_manual
"FedEx Corporation (NYSE:FDX), Home Depot, Inc. (The) (NYSE:HD)",FedEx,irrelevant,gold_manual
FedEx mass shooting: Watch a news update about investigation,FedEx,irrelevant,gold_manual
"Lee Iacocca, Visionary Automaker Who Led Both Ford and Chrysler, Is Dead at 94",Ford Motor Company,irrelevant,gold_manual
"Amid Coronavirus, Ford Overall U.S. Sales Decline 12.5 Percent",Ford Motor Company,relevant,gold_manual
"Ford Halts 2024 F-150 Lightning Deliveries For Quality Checks, Gas-powered F-150 Shipments Begin: Report",Ford Motor Company,relevant,gold_manual
Will Ford Stock Reach $20 By 2022?,Ford Motor Company,irrelevant,gold_manual
Eagerly waiting to buy a Ford GT? Orders open today,Ford Motor Company,irrelevant,gold_manual
"Ford Reveals Special Editions, Surprise Call From Trump",Ford Motor Company,irrelevant,gold_manual
Trump blasts Michigan AG over concern he didn’t wear mask at Ford plant,Ford Motor Company,irrelevant,gold_manual
Ford Motor Q2 Profit Beats Estimates; Auto Segment Operating Margin Down 1.8%,Ford Motor Company,relevant,gold_manual
Report: Ford to Cut About 3K Jobs amid Transition to Electric Vehicles,Ford Motor Company,relevant,gold_manual
Ford CEO Outlines Plans To Compete With Ride-Hailing Services,Ford Motor Company,relevant,gold_manual
General Motors will test self-driving cars on public roads in Michigan,General Motors,relevant,gold_manual
"Federal Judge Rejects General Motors' Argument That Fuel Pump Defect A ""Mere Inconvenience""",General Motors,relevant,gold_manual
"General Motors upgraded to outperform at Credit Suisse, price target raised to $38",General Motors,irrelevant,gold_manual
"General Motors to build Cruise Origin electric self-driving shuttle, electric trucks in Detroit",General Motors,relevant,gold_manual
General Motors' U.S. sales fall 3.8% in January,General Motors,relevant,gold_manual
"General Motors to Lay Off 1,000 Software Employees, Including 600 Workers in Michigan",General Motors,relevant,gold_manual
General Motors design chief Ed Welburn to retire after 44 years,General Motors,irrelevant,gold_manual
"General Motors lays off 3,300 amid electric vehicle issues",General Motors,relevant,gold_manual
"General Motors Chevrolet Buick Recall 2015: Is Your Car Affected? How To Check Model, Year To See If You're One Of 6.5M Recalled",General Motors,relevant,gold_manual
Mary Barra Is Still Committed to General Motors’ EV Push Amid Industry Challenges,General Motors,relevant,gold_manual
"First National Realty Partners Acquires A 339,464 SF Home Depot And Schnucks Dual Anchored Center",Home Depot (The),irrelevant,gold_manual
Video: Texas woman ends up in Mexico while trying to get to Home Depot to buy zip ties,Home Depot (The),irrelevant,gold_manual
JOHN TAMNY: Bernie Marcus Built A Legacy Through Home Depot’s Success,Home Depot (The),irrelevant,gold_manual
"Stock Movers: Carmax, Circle, Home Depot",Home Depot (The),irrelevant,gold_manual
"Home Depot hiring more than 80,000 workers for spring",Home Depot (The),irrelevant,gold_manual
Home Depot Gets Hammered As Gross Margins Decline Year-Over-Year. Here’s How To Trade The Stock Now.,Home Depot (The),relevant,gold_manual
BRIEF-The Home Depot Announces Q4 Earnings Per Share $1.52,Home Depot (The),relevant,gold_manual
Home Depot Q2 income rises 9.3% as store sales climb,Home Depot (The),relevant,gold_manual
Home Depot sees shoppers pulling back. So why is Warren Buffett bullish on home builder stocks?,Home Depot (The),irrelevant,gold_manual
Escaped calf killed behind Connecticut Home Depot sparks outrage,Home Depot (The),irrelevant,gold_manual
This 75-year-old NASA legend has been working in secret for 10 years building a startup that wants to outdo Intel and Google,Intel,irrelevant,gold_manual
Adam Schiff threatens to defund intel community unless Trump whistleblower details disclosed,Intel,irrelevant,gold_manual
Fiat Chrysler joins BMW-Intel to develop driverless cars,Intel,relevant,gold_manual
The Private Contractors Using Vault 7 Tools for US Gov: Testimony Shows US Intel Needs a Ground-Up Rebuild Part 1,Intel,irrelevant,gold_manual
"Mobileye prices IPO above targeted range to raise nearly $1 billion, and most of it will go to Intel",Intel,relevant,gold_manual
EU hits Intel with $400 million antitrust fine in long-running computer chip case,Intel,relevant,gold_manual
Intel to cut 2.5% of Folsom campus workforce,Intel,relevant,gold_manual
Intel Unveils New Funding Model to Enable Huge Chip Project,Intel,relevant,gold_manual
"Stocks making the biggest moves premarket: Intel, Centene, Deckers, Paramount and more",Intel,irrelevant,gold_manual
McCarthy to Subpoena Intel Agency Chiefs in Biden Family Probe,Intel,irrelevant,gold_manual
"Three charged in cyberattacks against JPMorgan Chase, other financial institutions",JPMorgan Chase,relevant,gold_manual
JPMorgan Chase to pay $920 million to resolve illegal trading cases,JPMorgan Chase,relevant,gold_manual
JPMorgan Chase’s Jamie Dimon talks tariffs and the possibility of a recession,JPMorgan Chase,irrelevant,gold_manual
JPMorgan Set to Kick Off Third-Quarter Earnings Season,JPMorgan Chase,relevant,gold_manual
JPMorgan to pay $136M settlement of credit card probes,JPMorgan Chase,relevant,gold_manual
"JPMorgan Head: Go With Politician for President, Not CEO",JPMorgan Chase,irrelevant,gold_manual
UPDATE 1-JPMorgan Chase responding to requests on fair banking access,JPMorgan Chase,relevant,gold_manual
JPMorgan Planning to Bring Staff to Office Five Days a Week,JPMorgan Chase,irrelevant,gold_manual
3 Quotes From JPMorgan Chase CEO Jamie Dimon: 'The Biggest Mistake We Could Make Is Being Complacent',JPMorgan Chase,irrelevant,gold_manual
"JPMorgan Chase Publishes 2020 Annual Report, Including Chairman & CEO Letter To Shareholders",JPMorgan Chase,relevant,gold_manual
J&J says new tests find no asbestos in recalled baby powder,Johnson & Johnson,relevant,gold_manual
Johnson & Johnson loses another talcum powder cancer lawsuit,Johnson & Johnson,relevant,gold_manual
J&J to buy heart pump maker Abiomed for $16.6B,Johnson & Johnson,relevant,gold_manual
"Johnson & Johnson CFO on Q2 earnings, raising guidance, Covid-19 and more",Johnson & Johnson,relevant,gold_manual
"Johnson & Johnson Vaccine Batch Ruined At Baltimore Factory, Drug Giant Says",Johnson & Johnson,relevant,gold_manual
"Johnson & Johnson Discontinues Talc Baby Powder in U.S., Canada",Johnson & Johnson,relevant,gold_manual
"Johnson & Johnson Stock Gains After Unveiling $5 Billion Buyback Program, Repeating Profit Targets",Johnson & Johnson,relevant,gold_manual
U.S. justices reject Johnson & Johnson unit's anti-psychotic drug...,Johnson & Johnson,relevant,gold_manual
Johnson & Johnson Hit With $247 Million Verdict in Hip Implant Trial,Johnson & Johnson,relevant,gold_manual
Fauci expects Johnson & Johnson COVID-19 vaccine will 'get back on track' soon,Johnson & Johnson,relevant,gold_manual
Western Union/Mastercard Partnership (Graphic: Business Wire),Mastercard,relevant,gold_manual
MasterCard's profit rises 12.7 pct,Mastercard,relevant,gold_manual
DACO suspects PayPal and Mastercard of discriminating against consumers in Puerto Rico,Mastercard,relevant,gold_manual
BRIEF-Mastercard CFO Sachin Mehra Says Seeing Continued Steady Growth Across Affluent And Mass Market Consumers,Mastercard,relevant,gold_manual
"Card fraud is declining says Mastercard. Unfortunately, social scams are on the rise",Mastercard,irrelevant,gold_manual
Mastercard Whale Trades For July 11,Mastercard,irrelevant,gold_manual
"EMV chip card adoption has reached 88% since last year, according to MasterCard",Mastercard,irrelevant,gold_manual
Wirex To Launch Multi-currency Wirex Mastercard Card,Mastercard,irrelevant,gold_manual
"Mastercard hikes dividend by 16%, announces new $9 billion buyback program",Mastercard,relevant,gold_manual
Mastercard wants to tackle crypto and blockchain fraud with CipherTrace deal,Mastercard,relevant,gold_manual
"Facebook parent Meta Platforms’ head of communications leaves, creating damage-control void",Meta Platforms,irrelevant,gold_manual
"Profit-taking hits the AI trade again, and Instagram reaches 3 billion monthly users",Meta Platforms,relevant,gold_manual
"Facebook Users Lose Followers Mysteriously, Mark Zuckerberg's Number Down To Mere 9,993 — Here's What Happened",Meta Platforms,irrelevant,gold_manual
Thousands of fake Facebook accounts shut down by Meta were primed to polarize voters,Meta Platforms,relevant,gold_manual
Facebook Says Apple's Privacy Push Will Cost $10B (But Can't Stop It),Meta Platforms,relevant,gold_manual
"Turkish woman arrested for criticising Instagram ban, media says",Meta Platforms,irrelevant,gold_manual
Facebook janitors protest layoffs and labor practices in Bay Area strike — with no end in sight,Meta Platforms,irrelevant,gold_manual
Motion Picture Association Demands Meta Stop Calling Instagram Teen Content 'PG-13',Meta Platforms,irrelevant,gold_manual
Kanye West Suspended From Instagram For 24 Hours On Policy Violation,Meta Platforms,irrelevant,gold_manual
WhatsApp says spyware firm targeted users in 24 countries,Meta Platforms,relevant,gold_manual
"Virtualization: Security's Silver Bullet. Bromium, Microsoft, VMware Show The Way",Microsoft,irrelevant,gold_manual
Reports Filed In Microsoft Lawsuit Find 'Significant' Gender Gap At Firm,Microsoft,relevant,gold_manual
Want to see all data Windows 10 sends Microsoft? There’s an app for that,Microsoft,irrelevant,gold_manual
GitHub Billionaires Will Own More Microsoft Stock Than Its CEO,Microsoft,irrelevant,gold_manual
Microsoft Co-Founder and Seahawks Owner Paul Allen Dead at 65,Microsoft,irrelevant,gold_manual
"IBM Makes Watson Available Across Amazon, Microsoft, and Google Clouds",Microsoft,irrelevant,gold_manual
"Microsoft was prudent to warn about coronavirus impact, analyst says",Microsoft,relevant,gold_manual
Microsoft to deliver Visual Studio for Mac,Microsoft,relevant,gold_manual
Microsoft Copilot just got access to your Gmail,Microsoft,irrelevant,gold_manual
Why Microsoft can’t ditch phones…just yet,Microsoft,irrelevant,gold_manual
Netflix Will Stream 'Star Wars: The Force Awakens' — But Only in Canada,Netflix,irrelevant,gold_manual
A Disappointing Update About ‘One Piece’ Season 2 On Netflix,Netflix,irrelevant,gold_manual
"Your Netflix alternative is here, and it’s only A$23 for life",Netflix,irrelevant,gold_manual
Netflix Fires Chief Communications Officer Over Use of Racial Slur,Netflix,relevant,gold_manual
"Adyen, a payments firm with clients such as Netflix and Uber, is eyeing an IPO after record revenues",Netflix,irrelevant,gold_manual
Woody Harrelson Joins Mary Elizabeth Winstead in Thriller 'Kate' at Netflix,Netflix,irrelevant,gold_manual
Catherine Reitman Proves That Women Led Production Leads To Netflix & Success,Netflix,irrelevant,gold_manual
"Chrissy Teigen to Appear on Season 2 of Meghan Markle's Netflix Series With Love, Meghan",Netflix,irrelevant,gold_manual
911 Supervisor Played Netflix Movie as Caller Sought Help,Netflix,irrelevant,gold_manual
Josh Hartnett’s Newfoundland Netflix Series Adds Four to Cast as Production Begins,Netflix,irrelevant,gold_manual
"Nordstrom Promo Codes: Shop Top Deals On Nike, Birkenstock And More","Nike, Inc.",irrelevant,gold_manual
Adidas takes 12-10 lead over Nike in World Cup shirt deals,"Nike, Inc.",irrelevant,gold_manual
"Report: Texas to sign 15-year deal with Nike, richest in college sports","Nike, Inc.",relevant,gold_manual
"Dear Nike, When Can We Expect Those Shoes From Back to the Future II?","Nike, Inc.",irrelevant,gold_manual
Nike drops Antonio Brown amid sexual assault lawsuit,"Nike, Inc.",relevant,gold_manual
A pair of rare Nike sneakers may be the key to catching a Washington riot suspect,"Nike, Inc.",irrelevant,gold_manual
Nike made sneakers that represent iconic jobs in major cities like New York and London. Here's what they look like.,"Nike, Inc.",irrelevant,gold_manual
Backlash after Colin Kaepernick named face of Nike ad,"Nike, Inc.",relevant,gold_manual
Nike plans to sell the self-lacing sneakers from Back to the Future,"Nike, Inc.",irrelevant,gold_manual
Premarket: China tariffs; Facebook's Zuckerberg speaks; Nike earnings,"Nike, Inc.",irrelevant,gold_manual
Nvidia GeForce Now game streaming comes to Shield devices for $8 per month,Nvidia,relevant,gold_manual
Nvidia Shield (2019) review,Nvidia,irrelevant,gold_manual
How To Invest In Magnificent Seven Stocks Like Nvidia In 2024,Nvidia,irrelevant,gold_manual
"Nvidia Rival Groq Reportedly Eyes $6 Billion Valuation, Cisco And Samsung-Backed Company Looks To Double Valuation Amid Surging AI Chip Demand",Nvidia,irrelevant,gold_manual
Here's what every major analyst expects from Nvidia's earnings report after the bell,Nvidia,relevant,gold_manual
"Baidu partners with Ford, Nvidia, and others to boost its self-driving car platform",Nvidia,irrelevant,gold_manual
Nvidia became the first company valued at over $4 trillion. Here's what that means for AI.,Nvidia,irrelevant,gold_manual
Setback for Nvidia’s $54 billion ARM bid as EU regulators open probe,Nvidia,relevant,gold_manual
This AI Stock Is Up 254% Year-To-Date — And It's Not Nvidia,Nvidia,irrelevant,gold_manual
"Here's How Much Cathie Wood, Ark Invest Flagship Fund Missed By Selling Nvidia Early",Nvidia,irrelevant,gold_manual
"Pfizer, BioNTech Seek Full US Approval For Covid-19 Vaccine",Pfizer,relevant,gold_manual
"UPDATE 1-Pfizer, BioNTech start combined trials of COVID-19 vaccine candidate in Japan",Pfizer,relevant,gold_manual
Amnesty International: Pfizer 'Misleading' Poor Countries with Vaccine Info,Pfizer,relevant,gold_manual
Pfizer CEO says COVID-19 vaccine-resistant variant likely to emerge,Pfizer,irrelevant,gold_manual
Pfizer will roll back drug prices after discussion with Trump,Pfizer,relevant,gold_manual
Pfizer says its booster shot has 95.6% efficacy against COVID-19 amid the Delta variant,Pfizer,relevant,gold_manual
Pfizer expects to have safety and efficacy data for its COVID-19 vaccine in children in late September,Pfizer,relevant,gold_manual
Tomi Lahren Taylor Swift remark goes viral after Travis Kelce Pfizer uproar,Pfizer,irrelevant,gold_manual
Corporate Scientific Leadership Key To Pfizer’s Covid-19 Vaccine Success,Pfizer,irrelevant,gold_manual
Continued strong Cresemba® (isavuconazole) sales by Pfizer trigger USD 26 million sales milestone payments to Basilea,Pfizer,irrelevant,gold_manual
P&G's Gillette Woes Have Translated To This Good News For Consumers,Procter & Gamble,irrelevant,gold_manual
"P&G raised prices 10%, and the volume of products sold fell more than expected",Procter & Gamble,relevant,gold_manual
Procter & Gamble may drop USA Gymnastics sponsorship after sex abuse scandal,Procter & Gamble,relevant,gold_manual
JPMorgan downgrades Procter & Gamble as worries grow over consumer spending,Procter & Gamble,irrelevant,gold_manual
"Shoppers turn to smaller food brands, cutting into Unilever, P&G profits",Procter & Gamble,relevant,gold_manual
See the banned Christina Hendricks P&G ad,Procter & Gamble,irrelevant,gold_manual
P&G Ventures Teams With The Riveter To Host Open For Business: Women Building The Future,Procter & Gamble,irrelevant,gold_manual
Cramer: Here's why it's a remarkable quarter for Procter & Gamble and DuPont,Procter & Gamble,relevant,gold_manual
Is Procter & Gamble Stock Appropriately Priced At $160?,Procter & Gamble,irrelevant,gold_manual
P&G files to trademark some millennial phrases,Procter & Gamble,irrelevant,gold_manual
$17.6 billion Zscaler earnings blast past Wall Street expectations – here's why the CEO thinks it can be the Salesforce of cybersecurity by serving the new remote workforce,Salesforce,irrelevant,gold_manual
"Salesforce delivers, Wall Street doubts as stock falls 6.3% post-earnings",Salesforce,relevant,gold_manual
"Stocks making the biggest moves in the premarket: Dick's Sporting Goods, Apple, Salesforce & more",Salesforce,irrelevant,gold_manual
I Went Inside Salesforce’s ‘First-Ever’ Summit On Prioritizing Inclusive AI,Salesforce,irrelevant,gold_manual
"Salesforce aims to expand its developer ecosystem, fund enterprise cloud creators",Salesforce,relevant,gold_manual
Salesforce Sees A Fresh Round Of Layoffs,Salesforce,relevant,gold_manual
This former Salesforce exec joined $6.8 billion Automation Anywhere to take the 'day-to-day drudgery' out of work,Salesforce,irrelevant,gold_manual
Salesforce to Use Amazon’s Cloud to Expand in Canada and Australia,Salesforce,relevant,gold_manual
Midday open thread: Battery storage costs plummet; 50 women sue Salesforce over sex trafficking,Salesforce,relevant,gold_manual
‘Do That Right Now’: Salesforce CEO Demands Commitment To ‘Net Zero’ Emissions At Davos Conference,Salesforce,irrelevant,gold_manual
Starbucks Hit With Boycott After Pledging to Hire Refugees,Starbucks,relevant,gold_manual
"Second Starbucks location in Mesa, Arizona, votes to unionize",Starbucks,relevant,gold_manual
"Starbucks Violated Labor Law in Buffalo Union Drive, Judge Rules",Starbucks,relevant,gold_manual
Your Starbucks Order Will Reveal Which Netflix Rom-Com Protagonist You Are,Starbucks,irrelevant,gold_manual
Police: Suspect in Starbucks robberies arrested in East Side field,Starbucks,irrelevant,gold_manual
"UPDATE 1-Starbucks' departing chairman backs China prospects, hints...",Starbucks,relevant,gold_manual
One trader just made a big bet on more pain for Starbucks,Starbucks,irrelevant,gold_manual
"Starbucks partners with Spotify to boost loyalty membership, replace CDs",Starbucks,relevant,gold_manual
Hidden Camera in Starbucks Restroom Prompts Investigation,Starbucks,irrelevant,gold_manual
5-year-old finds camera in Starbucks bathroom,Starbucks,irrelevant,gold_manual
I Just Drove 8 Hours on Tesla's Autopilot and Lived to Tell,"Tesla, Inc.",irrelevant,gold_manual
Tesla’s Musk Is Overpromising Again On Self-Driving Cars,"Tesla, Inc.",irrelevant,gold_manual
"April Fool's Day jokes that backfired: Tesla, Google, Hooters","Tesla, Inc.",irrelevant,gold_manual
Vandalism at Michigan Tesla manufacturing site under investigation,"Tesla, Inc.",irrelevant,gold_manual
Elon Musk whacks traffic pylon in Tesla Cybertruck,"Tesla, Inc.",irrelevant,gold_manual
"Stock Movers: Tesla, IBM, Quantum Computing","Tesla, Inc.",irrelevant,gold_manual
This Tesla didn't crash. But it did catch fire,"Tesla, Inc.",irrelevant,gold_manual
3 retail investors explain why they're sticking with Tesla after its $800 billion wipeout,"Tesla, Inc.",irrelevant,gold_manual
Elon Musk shares the epic last photo of 'Starman' in the red Tesla he shot into space,"Tesla, Inc.",irrelevant,gold_manual
Cramer says Tesla CEO Elon Musk should go on medical leave — 'I'm worried about the guy',"Tesla, Inc.",irrelevant,gold_manual
"Uber drivers, riders can now text in-app",Uber,irrelevant,gold_manual
"Uber, Goodwill pair up for free donation service",Uber,irrelevant,gold_manual
"Why Does Anyone Need to Own a Car? Google, Apple and Uber Are Asking",Uber,irrelevant,gold_manual
"Uber, Lyft drivers plan to strike in more than a dozen major cities",Uber,relevant,gold_manual
The Creature From Uber Island,Uber,irrelevant,gold_manual
Uber faces UK tax challenge,Uber,relevant,gold_manual
"Uber Faces Legal Challenges In France, South Korea And Germany",Uber,relevant,gold_manual
Robot Cars Won't Rescue Uber From Its Clash With Drivers,Uber,irrelevant,gold_manual
Cities With Uber Have Lower Rates Of Ambulance Usage,Uber,irrelevant,gold_manual
Uber plans to let customers book helicopter rides through its app,Uber,irrelevant,gold_manual
UnitedHealth suspends efforts to sell Brazilian unit,UnitedHealth Group,relevant,gold_manual
"DA says 40 UnitedHealthcare execs got bodyguards, and one dyed her hair after Luigi Mangione killed CEO Brian Thompson",UnitedHealth Group,relevant,gold_manual
"UnitedHealth earnings rise 6%, top Wall St. expectations",UnitedHealth Group,relevant,gold_manual
UnitedHealth Group Inc. Investors: Class action lawsuit filed on behalf of investors; the Portnoy Law Firm,UnitedHealth Group,relevant,gold_manual
UnitedHealth Group spent $1.6 million on executive security last year,UnitedHealth Group,irrelevant,gold_manual
UnitedHealth sees a longtime bull throw in the towel after stock’s plunge,UnitedHealth Group,irrelevant,gold_manual
UnitedHealth Medicare plan must cover U.S. sex reassignment surgery,UnitedHealth Group,relevant,gold_manual
UnitedHealthcare increases housing investments,UnitedHealth Group,relevant,gold_manual
"UnitedHealth Group to hire 1,700 in Twin Cities",UnitedHealth Group,irrelevant,gold_manual
UnitedHealth Group buys into hearing aid benefits,UnitedHealth Group,relevant,gold_manual
Nigerian 'unicorn' Interswitch sells stake to Visa,Visa Inc.,relevant,gold_manual
US will suspend fast processing for H-1B visas,Visa Inc.,irrelevant,gold_manual
Attorney: Iranian infant needs visa waiver for heart surgery,Visa Inc.,irrelevant,gold_manual
Trump-promoted propaganda outlet tried to get US visa for corrupt Ukrainian before he was arrested for corruption,Visa Inc.,irrelevant,gold_manual
H-1B visa program: Time to expand it (Opinion),Visa Inc.,irrelevant,gold_manual
EXCLUSIVE: DHS Refuses To Investigate Top Official Who Fast-Tracked Visas For Hillary’s Brother,Visa Inc.,irrelevant,gold_manual
Africans can now travel across more than half of the continent without getting visas beforehand,Visa Inc.,irrelevant,gold_manual
Visa windfall gives European banks Q2 boost,Visa Inc.,irrelevant,gold_manual
University of Colorado confirms reinstatement of student visas after White House reversal,Visa Inc.,irrelevant,gold_manual
"Russia denies visas to two U.S. senators, amid G7 tensions",Visa Inc.,irrelevant,gold_manual
What Do Consumers Buy The Most At Walmart? The Answer May Surprise You,Walmart,irrelevant,gold_manual
"Walmart to pay $16 billion for control of India's Flipkart, shares...",Walmart,relevant,gold_manual
Walmart is selling $160 wireless earbuds with a 'super convenient' touch screen case for just $28,Walmart,irrelevant,gold_manual
Video: Walmart greeter with cerebral palsy accepts new position amid store changes,Walmart,irrelevant,gold_manual
18-year-old faces multiple charges after hurling racial slurs inside Walmart,Walmart,irrelevant,gold_manual
"Walmart deploys 17,000 Oculus Go headsets to train its employees",Walmart,relevant,gold_manual
"Christmas Eve Hours For Walmart, Target, Kohl’s, Best Buy And Other Stores Open Late",Walmart,irrelevant,gold_manual
Earnings Scorecard: Wal-Mart Q4 2016 Enjoyed Its Best Quarter In 4 Years,Walmart,relevant,gold_manual
Walmart is making its own meal kits in some stores,Walmart,irrelevant,gold_manual
Save Big on Vizio 4K TVs Ahead of Black Friday at Walmart,Walmart,irrelevant,gold_manual
"LGBTQ+ community needs partnership from Disney, not empty gestures",Walt Disney Company (The),irrelevant,gold_manual
Comcast And The Walt Disney Company Announce Content Carriage Agreement,Walt Disney Company (The),relevant,gold_manual
Controversial Walt Disney Animatronic Debuts to Mixed Reviews: 'Why Does His Face Look Like That?',Walt Disney Company (The),irrelevant,gold_manual
Hollywood is skeptical that Disney CEO Bob Iger will step down in 2026 as successor search continues,Walt Disney Company (The),relevant,gold_manual
Hyundai Reveals IONIQ 5 Disney100 Platinum Concept at New York Auto Show,Walt Disney Company (The),irrelevant,gold_manual
"Marvel Delays 'Deadpool 3,' 'Captain America 4' and 'Thunderbolts' in Post-Strike Disney Release Shake-Up",Walt Disney Company (The),relevant,gold_manual
Walt Disney Company (DIS) Annual 10-K Report,Walt Disney Company (The),relevant,gold_manual
"Disneyland requires non-union employees to get vaccinated, starts discussions with unions",Walt Disney Company (The),relevant,gold_manual
"Anaheim living wage ordinance doesn't apply to Disneyland workers, judge rules",Walt Disney Company (The),relevant,gold_manual
Petition Aims to Silence Trump Animatronic Figure at Disney World,Walt Disney Company (The),irrelevant,gold_manual
Did Wells Fargo exploit workers who exploited customers?,Wells Fargo,relevant,gold_manual
"Wells Fargo executives, board must face lawsuit over fake accounts,...",Wells Fargo,relevant,gold_manual
Wells Fargo agrees to pay $385M to settle car loan lawsuit,Wells Fargo,relevant,gold_manual
"Wells Fargo lowers targets for returns on equity, assets",Wells Fargo,relevant,gold_manual
"AT&T, Comcast, Wells Fargo promise bonuses or pay hikes once tax cut bill passes",Wells Fargo,irrelevant,gold_manual
Lawsuit: Wells Fargo Put Family in Victim Protection at Risk,Wells Fargo,irrelevant,gold_manual
Wells Fargo sales scandal points to industry-wide problem,Wells Fargo,irrelevant,gold_manual
Wells Fargo Found Liable In Abusive Tax Shelter Scheme,Wells Fargo,relevant,gold_manual
"Wells Fargo Championship Live Odds, How To Watch In US For May 8",Wells Fargo,irrelevant,gold_manual
Wells Fargo CEO is getting only seconds to speak,Wells Fargo,relevant,gold_manual
Jamie Dimon blames media for accepting DC gridlock: Is that true?,JPMorgan Chase,irrelevant,gold_manual
Broadcom MASTERS Announces the Top 300 Middle School Innovators in National STEM Competition,Broadcom,irrelevant,gold_manual
Housing recovery drives Home Depot sales beat,Home Depot (The),relevant,gold_manual
"Top iOS news of the week: No watch band battery, Lots of gold, Apple Watch 2 is coming",Apple Inc.,irrelevant,gold_manual
Why FedEx Earnings Are a Big Problem for the Entire Stock Market,FedEx,relevant,gold_manual
"Hurricane Irma: Home Depot, Lowe's prepare for second major storm",Home Depot (The),irrelevant,gold_manual
"Woman With Concealed-Carry License Shoots at Home Depot Shoplifters, May Not Face Charges",Home Depot (The),irrelevant,gold_manual
"Tesla likely faces 'a few rough quarters' from end of US EV support, Musk says","Tesla, Inc.",irrelevant,gold_manual
TV News Roundup: Netflix Drops 'Queer Eye' Season 4 Trailer (Watch),Netflix,irrelevant,gold_manual
Fourth of July getaways: Airbnb says travelers are searching these destinations the most,Airbnb,irrelevant,gold_manual
Nvidia posts six glorious minutes of Doom action to show off new graphics,Nvidia,irrelevant,gold_manual
A female employee reportedly called Tesla's factory a 'predator zone' at a meeting where some workers described sexual harassment,"Tesla, Inc.",irrelevant,gold_manual
"Tesla excludes steering component from some EVs due to chip shortage, report says","Tesla, Inc.",irrelevant,gold_manual
Catalent plant in Italy will help produce J&J's potential COVID-19 vaccine: minister,Johnson & Johnson,irrelevant,gold_manual
"COVID-19 vaccine distribution: FedEx, UPS to 'split country into two'",FedEx,irrelevant,gold_manual
Tesla improves Summon feature with more safety,"Tesla, Inc.",irrelevant,gold_manual
FDA Approves Pfizer's Leukemia Drug,Pfizer,relevant,gold_manual
117-year-old Michigan chapel transformed into Airbnb gem,Airbnb,irrelevant,gold_manual
Why Nvidia Still Looks Like A Bargain At A $4 Trillion Market Cap,Nvidia,irrelevant,gold_manual
Wells Fargo Unusual Options Activity For April 10,Wells Fargo,irrelevant,gold_manual
Warren Buffett's Berkshire Hathaway takes a sip of the crypto 'rat poison' he once said he would never go near,Berkshire Hathaway,irrelevant,gold_manual
"An H1-B Visa Will Soon Cost $100,000 Because Of Trump, Report Says",Visa Inc.,irrelevant,gold_manual
Nike Air Max 95 x Levi's shoes launching in black and white colorways soon,"Nike, Inc.",irrelevant,gold_manual
Miscue calls attention to Amazon's dominance in cloud computing,Amazon,irrelevant,gold_manual
"The New York City Attack Suspect Drove a Home Depot Truck, Witnesses Say",Home Depot (The),irrelevant,gold_manual
Ford announces $1 billiom investment in Argo AI self-driving tech,Ford Motor Company,relevant,gold_manual
Berkshire Hathaway Class A Shares Have Become More Actively Traded. Why That's Important.,Berkshire Hathaway,irrelevant,gold_manual
Apple supplier LG Display slashes investment plans as losses mount,Apple Inc.,irrelevant,gold_manual
"Tesla To Deliver Model X: ""Three To Four Months"" [Video]","Tesla, Inc.",irrelevant,gold_manual
NTSB opens an investigation into Tesla crash in Florida,"Tesla, Inc.",relevant,gold_manual
China says preliminary probe shows Nvidia violated anti-monopoly law,Nvidia,relevant,gold_manual
Mastercard filed 15 crypto and metaverse-related trademark applications. Here's a look at what the company may have in the works,Mastercard,irrelevant,gold_manual
Donald Duck Appears on a Custom Episode of Hot Ones as The Walt Disney Company Continues Celebrating 90 Years of the Iconic Duck,Walt Disney Company (The),irrelevant,gold_manual
"Tesla Motors: Surprise, Surprise?","Tesla, Inc.",irrelevant,gold_manual
Facebook Does Something Right for a Change,Meta Platforms,irrelevant,gold_manual
"Luka Doncic Los Angeles Lakers Nike Swingman Jersey, How To Buy","Nike, Inc.",irrelevant,gold_manual
"""Working Man"" the bull set to thrill at PBR weekend in AT&T Stadium",AT&T,irrelevant,gold_manual
Airbnb forbids hosts to mention COVID-19 status in listings,Airbnb,irrelevant,gold_manual
Nike will run a Colin Kaepernick ad during the NFL season opener,"Nike, Inc.",irrelevant,gold_manual
Tesla's Musk Takes Page From PayPal With Referral Incentive,"Tesla, Inc.",irrelevant,gold_manual
"Immigration Reform 2017: Trump To Restrict Refugee Access, Block Visas For Syria, 6 Other Countries Despite Potential Discrimination",Visa Inc.,irrelevant,gold_manual
"In AT&T's WarnerMedia spinoff, a Hollywood outsider again learns a tough lesson",AT&T,relevant,gold_manual
"Time Warner Rising: This Deal Gets Done, Says Pivotal",AT&T,irrelevant,gold_manual
Johnson & Johnson says COVID vaccine was 66% effective in Phase 3 trial,Johnson & Johnson,relevant,gold_manual
Apple: Prospect They'd Challenge Tesla Has Street Licking its Chops,"Tesla, Inc.",irrelevant,gold_manual
Tesla faces another U.S. investigation: Unexpected braking,"Tesla, Inc.",relevant,gold_manual
What Can An Activist Do For P&G?,Procter & Gamble,irrelevant,gold_manual
Mastercard At $400 - Assessing The Potential For A Resurgence To Propel The Financial Titan To Unprecedented Heights,Mastercard,irrelevant,gold_manual
"Tesla shares at record high amid Model Y peek, ahead of Model 3 production","Tesla, Inc.",irrelevant,gold_manual
McIlroy may skip first leg of FedExCup Playoffs,FedEx,irrelevant,gold_manual
Here come the price hikes: Nike reportedly is increasing prices by up to 7%.,"Nike, Inc.",irrelevant,gold_manual
Lionel Messi on Argentina roster for friendly vs. El Salvador at FedEx Field,FedEx,irrelevant,gold_manual
New $50 Echo Dot: Adding Amazon's Alexa to your home just got a lot cheaper,Amazon,irrelevant,gold_manual
Walmart's Asda recovery strengthens ahead of Sainsbury's deal,Walmart,relevant,gold_manual
Amazon's July 16 Prime Day will spill over into second day,Amazon,irrelevant,gold_manual
'That kinda defeats the entire purpose of the reusable cup': Starbucks barista throws away plastic cup after customer brought his own reusable cup,Starbucks,irrelevant,gold_manual
Facebook Tests Bill-Splitting Feature In Messenger,Meta Platforms,irrelevant,gold_manual
"Mark Zuckerberg's PR Team Couldn't Stop Him From Posting: 'My Spine Has Been Surgically Removed,' Said Former Facebook Exec",Meta Platforms,irrelevant,gold_manual
Pfizer Stock Needs a Booster to Clear Resistance on the Chart,Pfizer,irrelevant,gold_manual
Bono And U2 Gives Shout-Out To Scalise At FedEx Field Concert,FedEx,irrelevant,gold_manual
Wal-Mart takes on Amazon's Prime Day with online sale,Amazon,irrelevant,gold_manual
"Widow of Davie Tesla crash victim sues, blaming door failure","Tesla, Inc.",irrelevant,gold_manual
"Whacked with a 4x4: Menards, Home Depot face lawsuits over descriptions of lumber size",Home Depot (The),irrelevant,gold_manual
"Borsheims, other retailers try their best to replicate Berkshire weekend online",Berkshire Hathaway,irrelevant,gold_manual
"Top executives from Frito-Lay, BMW, and Deloitte at Salesforce's Dreamforce conference shared the 9 books that shaped their success",Salesforce,irrelevant,gold_manual
Apple's ResearchKit wants to change traditional medical research — Negative reax to Burgess draft bill,Apple Inc.,irrelevant,gold_manual
"General Motors protected from faulty ignition-switch lawsuits, judge rules",General Motors,relevant,gold_manual
UnitedHealth Group Names Successor For Slain UnitedHealthcare CEO Brian Thompson,UnitedHealth Group,relevant,gold_manual
Here are all the great new features your Apple Watch will get later this year,Apple Inc.,irrelevant,gold_manual
"Report: Susan Rice requested ""unmasking"" of U.S. persons in raw intel connected to Trump and associates dozens of times",Intel,irrelevant,gold_manual
Feds knew of 700 Wells Fargo whistleblower cases in 2010,Wells Fargo,relevant,gold_manual
Nvidia CEO Jensen Huang Doesn't Wear A Watch After A Gardner Taught Him The Secret Of Time,Nvidia,irrelevant,gold_manual
Baillie Gifford Ready To Invest More In Tesla,"Tesla, Inc.",irrelevant,gold_manual
"Schiff, Swalwell assert Trump, Russia influence in being booted from House Intel Committee",Intel,irrelevant,gold_manual
"Now that Tesla can resume business in Buffalo, when — or if — will it?","Tesla, Inc.",irrelevant,gold_manual
"What's Going On With Pfizer (PFE) And BioNTech (BNTX) Stock Today? - Pfizer (NYSE:PFE), BioNTech (NASDAQ:BNTX)",Pfizer,irrelevant,gold_manual
Mom revamps bathroom sink for only $50 using edible glitter from Walmart,Walmart,irrelevant,gold_manual
Warren Buffett should approve of the life lessons offered by his Twitter impersonator,Berkshire Hathaway,irrelevant,gold_manual
Save an extra 15% on a Dell Inspiron 5000 laptop and get a $100 Visa promo card for free,Visa Inc.,irrelevant,gold_manual
Trump could pick Jamie Dimon for Treasury secretary,JPMorgan Chase,irrelevant,gold_manual
Apple may release red versions of the iPhone XS and XS Max as early as this month,Apple Inc.,irrelevant,gold_manual
Elon Musk Has a Chef for His Tesla Diner,"Tesla, Inc.",irrelevant,gold_manual
Stocks tumble as FedEx profit warning spooks investors,FedEx,relevant,gold_manual
"Wells Fargo CEO Sloan receives $12.8 million, pay bump despite sales scandal",Wells Fargo,relevant,gold_manual
'TeslaMic' karaoke sets sell out under an hour in China,"Tesla, Inc.",irrelevant,gold_manual
MasterCard Launches Immediate Payment Service To Replace Checks,Mastercard,relevant,gold_manual
'Lost in Space' Reboot Ordered to Series by Netflix,Netflix,irrelevant,gold_manual
"Uber, losing $1 billion a quarter, sells its Southeast Asian business",Uber,relevant,gold_manual
Visa and MasterCard Are Caught in China's New Spending Curbs,Visa Inc.,irrelevant,gold_manual
Why Ford Motor's Stock Is Trading Lower Today,Ford Motor Company,irrelevant,gold_manual
"Frank Mascia, former UnitedHealthcare (NYSE: UNH) of North Carolina CEO, dies in plane crash",UnitedHealth Group,irrelevant,gold_manual
7 things to know today and Wells Fargo lays off 137 from Orlando mortgage operations,Wells Fargo,relevant,gold_manual
House Republicans tell Facebook to preserve any FBI communications on Hunter Biden laptop story,Meta Platforms,irrelevant,gold_manual
"Netflix Acquires Ed Harris, Jason Sudeikis Drama 'Kodachrome'",Netflix,irrelevant,gold_manual
Elon Musk says production of Tesla's Optimus humanoid robot could start next year,"Tesla, Inc.",irrelevant,gold_manual
"South Korea to receive 700,000 Pfizer doses from Israel in vaccine swap",Pfizer,irrelevant,gold_manual
Why Meta (META) Stock Is Soaring Today - Meta Platforms (NASDAQ:META),Meta Platforms,irrelevant,gold_manual
Facebook's Meta reports first ever revenue drop,Meta Platforms,relevant,gold_manual
Ex-Walmart employee says he was fired after redeeming $5.10-worth of empty cans,Walmart,irrelevant,gold_manual
Tesla First-Quarter Earnings: What Investors Will Want To Watch For,"Tesla, Inc.",irrelevant,gold_manual
Amazon Has a 'Very Fast' Lenovo All-in-One Desktop Computer on Sale for 71% Off,Amazon,irrelevant,gold_manual
3 Must-Watch Netflix Movies You May Have Missed in Summer 2025,Netflix,irrelevant,gold_manual
"TV best bets with 'The Irishman' on Netflix, Dolly Parton (again!), Lindsey Vonn, Thanksgiving delights",Netflix,irrelevant,gold_manual
"Tesla, Apple Face Dicey Future as China Reopens Factories Amid Coronavirus","Tesla, Inc.",irrelevant,gold_manual
Walmart's Marketplace boom: How lax vetting came with identity theft and fakes,Walmart,irrelevant,gold_manual
Bezos to Amazon employees: email me with workplace complaints,Amazon,irrelevant,gold_manual
Elon Musk gets a $770 million award as Tesla hits goals,"Tesla, Inc.",relevant,gold_manual
Warren Buffett sounds blunt warning on trade war,Berkshire Hathaway,irrelevant,gold_manual
Airbnb to list on Nasdaq in $3 billion IPO fundraising,Airbnb,relevant,gold_manual
Intelligence Community Hits the Panic Button as Deep Staters Are Thrown out and Sidelined,Intel,irrelevant,gold_manual
Peru begins requesting passports and visas from Venezuelans,Visa Inc.,irrelevant,gold_manual
"The Cloud Episode: As Microsoft, Amazon Report, Both Reach For Big DoD Contract",Microsoft,relevant,gold_manual
Financial advisor Blair duQuesnay followed Warren Buffett's 'buy what you know' advice to purchase her first apartment. She used the famed investor to explain why she hasn't bought an individual stock in a decade.,Berkshire Hathaway,irrelevant,gold_manual
Did Procter & Gamble Just Blame Amy Schumer for the Tampon Shortage?,Procter & Gamble,irrelevant,gold_manual
"AT&T to Launch Ad-Supported HBO Max in June, Updates Subscriber Goal",AT&T,relevant,gold_manual
This victory of Starbucks employees in Buffalo will reverberate across America,Starbucks,relevant,gold_manual
Intel must show cloud growth to fuel restructuring,Intel,relevant,gold_manual
Airbnb's CEO says he wants to make the app the Amazon of travel,Airbnb,irrelevant,gold_manual
UnitedHealth CEO steps down as insurer suspends its financial outlook,UnitedHealth Group,relevant,gold_manual
CalSTRS says it supports Nelson Peltz nomination to P&G board,Procter & Gamble,relevant,gold_manual
"Trump says he doesn't ""have to agree"" with intelligence chiefs on global threats",Intel,irrelevant,gold_manual
J&J seeks U.S. clearance for COVID-19 vaccine booster doses,Johnson & Johnson,relevant,gold_manual
Treasury fines ExxonMobil $2 million for violating Russia sanctions under Tillerson,ExxonMobil,relevant,gold_manual
J&J and Sientra get FDA warning letters over breast implants,Johnson & Johnson,relevant,gold_manual
J&J ordered to pay $4.14 billion in talc cancer case,Johnson & Johnson,relevant,gold_manual
BRIEF-Timothy Flynn joins UnitedHealth Group board,UnitedHealth Group,irrelevant,gold_manual
"Tesla Hikes Model 3, Y Prices In Canada By C$1000 After Announcing Price Increase In China","Tesla, Inc.",irrelevant,gold_manual
'Chasing Cameron' Review: Cameron Dallas' Netflix show is propaganda with teeth,Netflix,irrelevant,gold_manual
'Mentally prepare yourself to be fighting them for the next 6+ months': Customer buys plant from Home Depot. Then they wash it,Home Depot (The),irrelevant,gold_manual
Wall Street's $40 Billion AT&T Pledge Offers Fees and Risks,AT&T,irrelevant,gold_manual
Far-left claim responsibility for arson attack linked to new Tesla plant in Berlin,"Tesla, Inc.",irrelevant,gold_manual
FedEx makes way for National Civil Rights Museum on Denny Hamlin's Talladega car,FedEx,irrelevant,gold_manual
It's hard to land a bank job if you have a record. But JPMorgan Chase tells people in Chicago with criminal records: 'We're hiring.',JPMorgan Chase,irrelevant,gold_manual
"California Airbnb Host Cancels Woman's Reservation Due to Her Race, Noting That 'It's Why We Have Trump'",Airbnb,irrelevant,gold_manual
General Motors pulls back from European auto market,General Motors,relevant,gold_manual
NFL Season Kickoff Necessities on Amazon,Amazon,irrelevant,gold_manual
"WWDC 2019: Apple says goodbye to iTunes, hello to iOS 13",Apple Inc.,relevant,gold_manual
"Tesla will restrict Autopilot mode to stop people ""doing crazy things""","Tesla, Inc.",irrelevant,gold_manual
How To Make An NFT Project As Popular As Nike,"Nike, Inc.",irrelevant,gold_manual
Microsoft Launches iMessage App 'Who's In' For Planning Events With Friends,Microsoft,irrelevant,gold_manual
Indianapolis FedEx shooting: Biden orders flags lowers after 8 die,FedEx,irrelevant,gold_manual
Nike just launched self-lacing sneakers and they're straight out of 'Back to the Future',"Nike, Inc.",irrelevant,gold_manual
Colorado Suspect's Uncertain Immigration Status Highlights Visa 'Overstays',Visa Inc.,irrelevant,gold_manual
Starbucks is dealing with a white collar rebellion as corporate workers sound off over the return-to-office mandate and alleged union busting,Starbucks,relevant,gold_manual
Volvo's high-performance electric-vehicle brand just revealed a sleek concept car that hints at how it will compete with established makes like Tesla,"Tesla, Inc.",irrelevant,gold_manual
Salesforce Gains After NYC Contact Tracing Efforts Announced,Salesforce,irrelevant,gold_manual
The Analyst Landscape: 43 Takes On Meta Platforms,Meta Platforms,irrelevant,gold_manual
Tesla Plans 3 More Gigafactories,"Tesla, Inc.",relevant,gold_manual
RPT-More issuers looking at 40-year bonds after Home Depot success,Home Depot (The),irrelevant,gold_manual
Tesla settles 2019 California crash lawsuit ahead of jury trial,"Tesla, Inc.",irrelevant,gold_manual
Scottie Scheffler will take being rested and ready over practice for FedEx Cup playoffs,FedEx,irrelevant,gold_manual
"Nike Earnings Drop, Says Turnaround Will Take Time","Nike, Inc.",relevant,gold_manual
Artificial Christmas trees: Save big on faux trees at The Home Depot,Home Depot (The),irrelevant,gold_manual
"Stock Movers: Nvidia, Tesla, Boeing",Nvidia,irrelevant,gold_manual
Buffett's pay rises; Berkshire urges rejection of shareholder proposals,Berkshire Hathaway,relevant,gold_manual
Virgin Islands attorney general sues JPMorgan Chase over banking services for Jeffrey Epstein,JPMorgan Chase,relevant,gold_manual
Nvidia and AMD Analysts Upbeat but With a Caveat,Nvidia,irrelevant,gold_manual
"San Antonio wrestles with regulating Airbnb, HomeAway rentals",Airbnb,irrelevant,gold_manual
"China asks low-risk coronavirus areas to resume visa, passport services",Visa Inc.,irrelevant,gold_manual
Jamie Dimon: I've 'become unnecessary' on quarterly calls,JPMorgan Chase,irrelevant,gold_manual
Why college football programs can't ditch Nike in wake of Colin Kaepernick ad campaign,"Nike, Inc.",irrelevant,gold_manual
'Thank Q': FedEx airlifts barbecue to Irma victims in Florida Keys,FedEx,irrelevant,gold_manual
Weekend reads: Hot IPOs for DoorDash and Airbnb point to an overheated stock market,Airbnb,irrelevant,gold_manual
Instagram is introducing teen accounts with new safety features in India,Meta Platforms,irrelevant,gold_manual
JPMorgan: 2 Reasons Why Crypto Deleveraging Will End Soon,JPMorgan Chase,irrelevant,gold_manual
Disney CEO Bob Iger Has Lessons On Fostering Creativity — And Acquiring It,Walt Disney Company (The),irrelevant,gold_manual
Tesla shareholders strike down proposals to remove Musk as chairman and shake up board,"Tesla, Inc.",relevant,gold_manual
We favor US stocks over non-US stocks: Wells Fargo,Wells Fargo,irrelevant,gold_manual
UnitedHealth CEO says may exit Obamacare health plan business,UnitedHealth Group,relevant,gold_manual
"'The consumer is fine,' says a key JPMorgan exec",JPMorgan Chase,irrelevant,gold_manual
Voyeur arrested at Starbucks: Beachwood Police Blotter,Starbucks,irrelevant,gold_manual
"What We Know About Luigi Mangione: Suspected UnitedHealthcare Shooter Found With 'Written Admissions,' Police Say",UnitedHealth Group,irrelevant,gold_manual
Exxon Mobil CEO Rex Tillerson will be Trump's Secretary of State,ExxonMobil,relevant,gold_manual
The F.D.A. authorizes Pfizer-BioNTech boosters for 16- and 17-year-olds.,Pfizer,relevant,gold_manual
For All Mankind Launches Apple TV+ With a Very Different Version of the Space Race,Apple Inc.,irrelevant,gold_manual
Facebook parent Meta cuts 13% of workforce,Meta Platforms,relevant,gold_manual
Amazon Sales: One-Day Discount Code Announced As 'Thank You' To Customers,Amazon,irrelevant,gold_manual
Uber may face stricter regulations in E.U. because it's a taxi se...,Uber,relevant,gold_manual
Biden to let Trump's H1-B visa ban expire in win for tech companies,Visa Inc.,irrelevant,gold_manual
Even The Tesla Charging Plug Has An Easter Egg Now,"Tesla, Inc.",irrelevant,gold_manual
"Microsoft Touts Smaller, Faster Xbox One Game Consoles at E3",Microsoft,irrelevant,gold_manual
"Syracuse AD John Wildhack talks Carrier Dome renovations, possibility of leaving Nike","Nike, Inc.",irrelevant,gold_manual
MasterCard will approve purchases by scanning your face,Mastercard,relevant,gold_manual
"Ford names Jim Hackett CEO, replacing Mark Fields, amid management shake-up",Ford Motor Company,relevant,gold_manual
AT&T Win Likely To Usher In Era Of Media Megamergers,AT&T,relevant,gold_manual
"Apple to unveil new iPhone today, may test fans' love with $1,000 version",Apple Inc.,relevant,gold_manual
"Uber CEO Dara Khosrowshahi talks flying cars, deadly self-driving SUV crash",Uber,irrelevant,gold_manual
"Pfizer, Arvinas Breast Cancer Drug Cuts Progression Risk, Seeks FDA Approval - Arvinas (NASDAQ:ARVN), Pfizer (NYSE:PFE)",Pfizer,relevant,gold_manual
"Elon Musk says Tesla will pay you $1,000 to get someone else to buy a Tesla","Tesla, Inc.",irrelevant,gold_manual
Tesla Missed Q1 Delivery Target by 10%,"Tesla, Inc.",relevant,gold_manual
"Broadcom Stock, DoorDash Are Mutual Fund Darlings And Ready For Action",Broadcom,irrelevant,gold_manual
Ford To Rally Around 33%? Here Are 10 Other Analyst Forecasts For Tuesday,Ford Motor Company,irrelevant,gold_manual
"BP, ExxonMobil Provide A Contrast In Energy Transition Strategies",ExxonMobil,irrelevant,gold_manual
Microsoft could end Paint program in next version of Windows,Microsoft,irrelevant,gold_manual
Tech-Savvy Thieves Can Easily Reset Apple Watches as Their Own,Apple Inc.,irrelevant,gold_manual
Covid updates: Salesforce says most workers will work from home at least part time after pandemic,Salesforce,irrelevant,gold_manual
"Broadcom's VMware says Siemens pirated ""thousands"" of copies of its software",Broadcom,relevant,gold_manual
The MINI Cooper Electric beats the Tesla Model 3 on just one point — but it's a crucial one,"Tesla, Inc.",irrelevant,gold_manual
"Nightfood Ice Cream Preparing For Walmart Launch, Appoints Industry Veteran Jerry Isaacson Chief Financial Officer",Walmart,irrelevant,gold_manual
Texas's AG Pushes Back on the 'Green 20' Coalition's Anti-ExxonMobil Subpoenas,ExxonMobil,relevant,gold_manual
"Bloomberg: Chevron exploring a buyout of a rival, though talks are preliminary",Chevron,irrelevant,synthetic
"Alphabet CEO resigns amid strategic disagreements, board names internal successor",Alphabet,relevant,synthetic
Why is Salesforce stock rises to 52-week high today? Here is what we know,Salesforce,irrelevant,synthetic
BlackRock store manager faces criminal charges unrelated to employment in Denver,BlackRock,irrelevant,synthetic
Verizon rolls out a redesigned home screen to its online store,Verizon,irrelevant,synthetic
Visa cuts full-year guidance citing slower deal activity,Visa,relevant,synthetic
Northrop Grumman rolls out a new password manager to its website,Northrop Grumman,irrelevant,synthetic
City council debates naming rights deal for stadium near Mondelez offices,Mondelez,irrelevant,synthetic
"Jefferies boosts Yum Brands to buy, cites market share gains",Yum Brands,irrelevant,synthetic
Rumour: Could Lockheed Martin be exploring a buyout of a rival? Analysts are watching,Lockheed Martin,irrelevant,synthetic
Paramount Global logistics coordinator suspended following investigation into personal conduct in Charlotte,Paramount Global,irrelevant,synthetic
"PepsiCo lowers Q2 outlook, sends shares sharply lower in after-hours trading",PepsiCo,relevant,synthetic
CVS Health factory worker charged with assault following workplace altercation in Dallas,CVS Health,irrelevant,synthetic
Eli Lilly names longtime board member as new chief executive following board review,Eli Lilly,relevant,synthetic
Goldman Sachs faces class-action lawsuit over alleged racial harassment among marketing managers,Goldman Sachs,irrelevant,synthetic
Merck launches simplified navigation menu to its banking app,Merck,irrelevant,synthetic
Accenture workers vote to reject company contract offer at key distribution center,Accenture,relevant,synthetic
Morgan Stanley enables two-factor authentication prompts to its digital wallet,Morgan Stanley,irrelevant,synthetic
Stellantis Q2 operating income surges 24% on better-than-expected vehicle pricing,Stellantis,relevant,synthetic
Walmart former chief marketing officer leaves to join a rival startup in senior role,Walmart,irrelevant,synthetic
Northrop Grumman shares outperforms the broader market as investors take profits across sectors,Northrop Grumman,irrelevant,synthetic
Costco shares trade lower amid broader market selloff — no new company news,Costco,irrelevant,synthetic
Johnson & Johnson denies wrongdoing in sexual harassment complaint filed by group of warehouse workers,Johnson & Johnson,irrelevant,synthetic
FedEx president says inflation is the biggest challenge facing businesses today,FedEx,irrelevant,synthetic
BlackRock co-founder says the labor market will have long-lasting effects on the broader economy,BlackRock,irrelevant,synthetic
Costco to merge with delivery service in $2.5 billion combination,Costco,relevant,synthetic
Starbucks workers circulate petition calling for remote work flexibility,Starbucks,irrelevant,synthetic
Paramount Global faces consumer boycott over ingredient sourcing policies,Paramount Global,irrelevant,synthetic
CVS Health workers in Boston rally to demand paid family leave expansion,CVS Health,irrelevant,synthetic
3M faces criticism from advocacy groups over overseas manufacturing practices,3M,irrelevant,synthetic
"Visa reports Q3 revenue of $8.3 billion, surpasses consensus on wealth management growth",Visa,relevant,synthetic
Raytheon employees stage walkout over termination of diversity programs,Raytheon,irrelevant,synthetic
"Citi lowers Lowe's to neutral, flags deteriorating pricing power",Lowe's,irrelevant,synthetic
"Amazon delivers Q3 beat, guides higher for the year",Amazon,relevant,synthetic
Paramount Global sued by group of loan officers alleging sexual harassment in workplace culture,Paramount Global,irrelevant,synthetic
Charles Schwab former chief marketing officer joins a consulting firm as its new chief executive,Charles Schwab,irrelevant,synthetic
Nike shares trade lower following weaker-than-expected jobs data — no new company news,Nike,irrelevant,synthetic
Goldman Sachs said to be in early discussions about a joint venture in early-stage discussions,Goldman Sachs,irrelevant,synthetic
Yum Brands Field hosts record crowd for playoff game,Yum Brands,irrelevant,synthetic
Waste Management CFO scheduled to appear at the World Economic Forum in Davos investor day,Waste Management,irrelevant,synthetic
Charles Schwab issues $1.8 billion in senior notes to fund strategic acquisitions,Charles Schwab,relevant,synthetic
"Sources: Waste Management mulling a share buyback — no deal imminent, sources say",Waste Management,irrelevant,synthetic
Rumour: Could Halliburton be weighing a potential spinoff? Analysts are watching,Halliburton,irrelevant,synthetic
UnitedHealth reports positive Phase 3 trial results for key pipeline drug,UnitedHealth,relevant,synthetic
Tyson Foods divests beverage unit in $2.1 billion deal as part of strategic review,Tyson Foods,relevant,synthetic
DuPont warehouse worker arrested for alleged theft from delivery route in Los Angeles,DuPont,irrelevant,synthetic
PepsiCo fined $45 million by FTC over a minor consumer notification requirement,PepsiCo,irrelevant,synthetic
Halliburton store manager faces personal lawsuit unrelated to company activities in Detroit,Halliburton,irrelevant,synthetic
"Needham cuts Deere & Company to overweight, flags margin pressure ahead",Deere & Company,irrelevant,synthetic
EEOC opens investigation into Nvidia over alleged age discrimination in pay practices,Nvidia,irrelevant,synthetic
"Ralph Lauren reports Q4 revenue of $1.2 billion, surpasses consensus on strong organic sales growth",Ralph Lauren,relevant,synthetic
Under Armour faces class-action over household products brand product defect affecting millions of users,Under Armour,relevant,synthetic
Coca-Cola CEO says supply chain resilience will have long-lasting effects on the broader economy,Coca-Cola,irrelevant,synthetic
"Needham lowers Mondelez to neutral, sees limited upside from current levels",Mondelez,irrelevant,synthetic
Chipotle releases a new rewards tracker to its website,Chipotle,irrelevant,synthetic
Pfizer hit with $110 million penalty by SEC over mortgage servicing failures,Pfizer,relevant,synthetic
"Halliburton reports Q2 revenue of $2.5 billion, falls short of expectations on higher oil prices",Halliburton,relevant,synthetic
"TD Cowen upgrades ConocoPhillips to underperform, sees margin recovery underway",ConocoPhillips,irrelevant,synthetic
"JPMorgan Chase joint venture seen as competitive threat to Morgan Stanley, analyst says",Morgan Stanley,irrelevant,synthetic
Pfizer releases a new tips section to its banking app,Pfizer,irrelevant,synthetic
Norfolk Southern denies wrongdoing in racial discrimination complaint filed by former employee,Norfolk Southern,irrelevant,synthetic
Comcast adds a progress tracker to its checkout flow,Comcast,irrelevant,synthetic
Halliburton store manager sued by customer over personal conduct during shift in Miami,Halliburton,irrelevant,synthetic
"Boeing CEO steps down after 8 years, board launches external search",Boeing,relevant,synthetic
Group of former Under Armour factory workers alleges national origin discrimination in federal class-action,Under Armour,irrelevant,synthetic
Emerson Electric employees stage walkout over return-to-office mandate,Emerson Electric,irrelevant,synthetic
Is Bank of America's latest smartphones worth buying? A consumer review,Bank of America,irrelevant,synthetic
Accenture updates two-factor authentication prompts to its customer portal,Accenture,irrelevant,synthetic
"Bernstein raises American Express to hold, sees multiple expansion ahead",American Express,irrelevant,synthetic
General Motors vs competitors: which credit cards is right for you,General Motors,irrelevant,synthetic
Airbnb factory worker faces personal lawsuit unrelated to company activities in New York,Airbnb,irrelevant,synthetic
Best Kraft Heinz deals this Prime Day: our top picks,Kraft Heinz,irrelevant,synthetic
Procter & Gamble CEO joins panel discussion at the World Economic Forum in Davos on workforce transformation,Procter & Gamble,irrelevant,synthetic
Travelers drops sponsorship of annual awards show following social media backlash,Travelers,irrelevant,synthetic
"JPMorgan cuts Republic Services to underperform, sees limited upside from current levels",Republic Services,irrelevant,synthetic
How Nike's restructuring could reshape the competitive landscape for Emerson Electric,Emerson Electric,irrelevant,synthetic
UnitedHealth chairman says cryptocurrency regulation is moving in the right direction but more work remains,UnitedHealth,irrelevant,synthetic
T-Mobile district manager suspended following investigation into personal conduct in Houston,T-Mobile,irrelevant,synthetic
Goldman Sachs to present at a Senate Commerce Committee hearing next month,Goldman Sachs,irrelevant,synthetic
"Oracle reports 21% drop in quarterly revenue, cuts annual guidance",Oracle,relevant,synthetic
DuPont former CEO departs to become partner at a fintech startup,DuPont,irrelevant,synthetic
Salesforce to acquire cybersecurity startup for $5.1 billion in all-cash deal,Salesforce,relevant,synthetic
EEOC opens investigation into Berkshire Hathaway over alleged national origin discrimination in scheduling practices,Berkshire Hathaway,irrelevant,synthetic
Kimberly-Clark releases enhanced map view to its mobile app,Kimberly-Clark,irrelevant,synthetic
Warner Bros. Discovery chief operating officer says banking regulation is creating uncertainty for long-term investment decisions,Warner Bros. Discovery,irrelevant,synthetic
Mastercard investment banking revenue surges 14% as M&A market recovers,Mastercard,relevant,synthetic
Mondelez said to be exploring a merger in early-stage discussions,Mondelez,irrelevant,synthetic
UnitedHealth CFO says energy policy is something all companies need to take seriously,UnitedHealth,irrelevant,synthetic
Local school renamed after DuPont founder despite community debate,DuPont,irrelevant,synthetic
ConocoPhillips enables accessibility improvements to its website,ConocoPhillips,irrelevant,synthetic
Accenture CEO to deliver keynote at the Aspen Ideas Festival,Accenture,irrelevant,synthetic
Procter & Gamble issues voluntary recall of personal care brand product over potential safety concern,Procter & Gamble,relevant,synthetic
UPS chief operating officer says banking regulation requires urgent attention from elected officials,UPS,irrelevant,synthetic
AT&T named to Glassdoor's top-rated employers for the second straight year,AT&T,irrelevant,synthetic
"Wells Fargo reaches new four-year labor agreement with union representing 1,600 workers",Wells Fargo,relevant,synthetic
Wells Fargo confirms it received and rejected $2.5 billion takeover bid,Wells Fargo,relevant,synthetic
Under Armour announces plan to separate into two independent publicly traded companies,Under Armour,relevant,synthetic
Former Walt Disney former CFO appointed to advisory board of a fintech startup,Walt Disney,irrelevant,synthetic
Republic Services acquires technology startup for $110 million to bolster service company,Republic Services,relevant,synthetic
Apple chief operating officer says the labor market is a concern shared by businesses of all sizes,Apple,irrelevant,synthetic
"Starbucks partnership seen as competitive threat to PepsiCo, analyst says",PepsiCo,irrelevant,synthetic
Airbnb CFO says banking regulation will shape business strategy for years to come,Airbnb,irrelevant,synthetic
"Morgan Stanley sees Q4 revenue of $2.5 billion, below prior guidance and analyst consensus",Morgan Stanley,relevant,synthetic
Procter & Gamble refreshes a new password manager to its customer portal,Procter & Gamble,irrelevant,synthetic
Morgan Stanley Research estimates Dollar General controls 38% of the semiconductor manufacturing market,Dollar General,irrelevant,synthetic
Walt Disney Q2 earnings of $3.78 per share surpasses consensus,Walt Disney,relevant,synthetic
Amazon lays out roadmap to 6% operating margin by 2025,Amazon,relevant,synthetic
Apple said to be evaluating strategic alternatives in early-stage discussions,Apple,irrelevant,synthetic
"Salesforce posts Q2 net income of $14.0 billion, misses analyst estimates",Salesforce,relevant,synthetic
Progressive chairman says data privacy law presents both risks and opportunities for the private sector,Progressive,irrelevant,synthetic
Lockheed Martin delivery driver faces criminal charges unrelated to employment in Atlanta,Lockheed Martin,irrelevant,synthetic
"Wells Fargo downgrades Netflix to underperform, cites macro headwinds",Netflix,irrelevant,synthetic
CVS Health human resources manager arrested for allegedly cashing fraudulent checks in Miami,CVS Health,irrelevant,synthetic
"Chipotle CFO announces departure, company names Wall Street veteran as replacement",Chipotle,relevant,synthetic
"Lowe's sees Q2 revenue of $1.8 billion, below prior guidance and analyst consensus",Lowe's,relevant,synthetic
Walmart reaches $40 million agreement with state attorneys general to resolve a customer privacy complaint,Walmart,irrelevant,synthetic
"Northrop Grumman recalls 1,200 thousand units over safety defect, faces $180 million repair bill",Northrop Grumman,relevant,synthetic
Colgate-Palmolive outlines five-year strategy to double revenue in apparel brand segment,Colgate-Palmolive,relevant,synthetic
Chipotle sued by group of former employees alleging pregnancy discrimination in termination policies,Chipotle,irrelevant,synthetic
Booking Holdings customer service representative suspended following investigation into personal conduct in Philadelphia,Booking Holdings,irrelevant,synthetic
Charles Schwab agrees to sell retail brokerage unit for $2.5 billion to private equity firm,Charles Schwab,relevant,synthetic
Booking Holdings cuts full-year guidance citing slowing gross booking growth,Booking Holdings,relevant,synthetic
Booking Holdings board approves new $2.5 billion share repurchase authorization,Booking Holdings,relevant,synthetic
Accenture faces class-action lawsuit over alleged gender discrimination among customer service representatives,Accenture,irrelevant,synthetic
Nvidia data center revenue surges 31% on record AI chip demand,Nvidia,relevant,synthetic
Consumer guide: Raytheon televisions ranked and reviewed,Raytheon,irrelevant,synthetic
Comcast workers in Detroit rally to demand improved workplace safety standards,Comcast,irrelevant,synthetic
Rumour: Could Accenture be evaluating strategic alternatives? Analysts are watching,Accenture,irrelevant,synthetic
Berkshire Hathaway refreshes a new rewards tracker to its streaming platform,Berkshire Hathaway,irrelevant,synthetic
PepsiCo sued by group of warehouse workers alleging disability discrimination in pay practices,PepsiCo,irrelevant,synthetic
Why is Microsoft stock outperforms the broader market today? Here is what we know,Microsoft,irrelevant,synthetic
Johnson & Johnson introduces in-app chat support to its retail website,Johnson & Johnson,irrelevant,synthetic
Halliburton shares gives back recent gains on no company-specific news,Halliburton,irrelevant,synthetic
ServiceNow said to be considering selling its media division in early-stage discussions,ServiceNow,irrelevant,synthetic
Tesla Q2 gross margin contracts to 11.2% on improving EV production efficiency,Tesla,relevant,synthetic
JPMorgan flags Waste Management as a potential bidder that chose not to participate in note on Bank of America joint venture,Waste Management,irrelevant,synthetic
FDA orders ConocoPhillips to halt production at facility over contamination findings,ConocoPhillips,relevant,synthetic
Boeing to acquire defense electronics company for $11.2 billion in all-stock deal,Boeing,relevant,synthetic
Booking Holdings denies wrongdoing in racial harassment complaint filed by former sales representative,Booking Holdings,irrelevant,synthetic
Bernstein flags Capital One as a company that may need to respond competitively in note on Apple partnership,Capital One,irrelevant,synthetic
T-Mobile earns top score on Barron's most sustainable companies,T-Mobile,irrelevant,synthetic
Capital One chief executive says geopolitical tensions is the biggest challenge facing businesses today,Capital One,irrelevant,synthetic
Ford CEO named to Barron's most sustainable companies,Ford,irrelevant,synthetic
UPS CEO named to Fortune's most admired companies list,UPS,irrelevant,synthetic
Oracle board approves new $2.5 billion share repurchase authorization,Oracle,relevant,synthetic
Emerson Electric chief executive says deficit spending will shape business strategy for years to come,Emerson Electric,irrelevant,synthetic
Stellantis agrees to $180 million settlement with state attorneys general over environmental violations,Stellantis,relevant,synthetic
Under Armour raises full-year guidance after Q4 beat on pricing power offsetting volume declines,Under Armour,relevant,synthetic
General Electric chief executive says the federal budget cannot be solved by the private sector alone,General Electric,irrelevant,synthetic
Home Depot Q3 operating income surges 4% on strong seasonal demand,Home Depot,relevant,synthetic
Bank of America raises full-year guidance after Q1 beat on wealth management growth,Bank of America,relevant,synthetic
"Accenture to eliminate 10,000 positions as part of $22.0 billion cost reduction plan",Accenture,relevant,synthetic
Save big on AT&T home appliances this Cyber Monday — here is how,AT&T,irrelevant,synthetic
CSX vs competitors: which food delivery is right for you,CSX,irrelevant,synthetic
Caterpillar faces new gender discrimination lawsuit from group of former employees in Michigan court,Caterpillar,irrelevant,synthetic
Lockheed Martin pulls advertising from podcast network following personal scandal,Lockheed Martin,irrelevant,synthetic
Dollar General CEO says supply chain resilience is something all companies need to take seriously,Dollar General,irrelevant,synthetic
Alphabet chief operating officer says AI regulation demands a thoughtful policy response from legislators,Alphabet,irrelevant,synthetic
General Motors board approves new $1.8 billion share repurchase authorization,General Motors,relevant,synthetic
"Sources: Progressive mulling a share buyback — no deal imminent, sources say",Progressive,irrelevant,synthetic
Goldman Sachs wealth management division surpasses $3.4 trillion in client assets,Goldman Sachs,relevant,synthetic
Eli Lilly employees stage walkout over new attendance tracking system,Eli Lilly,irrelevant,synthetic
Local school renamed after Wells Fargo founder despite community debate,Wells Fargo,irrelevant,synthetic
Waste Management raises full-year guidance after Q4 beat on improved operational efficiency,Waste Management,relevant,synthetic
Capital One pays $20 million to settle an advertising standards complaint complaint with CFPB,Capital One,irrelevant,synthetic
Nvidia posts better-than-expected Q4 results as robust enterprise software renewals,Nvidia,relevant,synthetic
Kimberly-Clark updates accessibility improvements to its website,Kimberly-Clark,irrelevant,synthetic
McDonald's CFO scheduled to appear at the Aspen Ideas Festival investor day,McDonald's,irrelevant,synthetic
Lockheed Martin Q4 gross margin narrows to 19.8% on record hypersonic weapons orders,Lockheed Martin,relevant,synthetic
AT&T stock pulls back from record highs as tech sector sees profit-taking,AT&T,irrelevant,synthetic
Microsoft to eliminate 800 positions as part of $1.8 billion cost reduction plan,Microsoft,relevant,synthetic
Costco president says global trade is something all companies need to take seriously,Costco,irrelevant,synthetic
Wells Fargo co-founder says climate policy is top of mind for executives across every industry,Wells Fargo,irrelevant,synthetic
Booking Holdings denies wrongdoing in disability discrimination complaint filed by group of retail workers,Booking Holdings,irrelevant,synthetic
Mastercard Q3 earnings of $3.10 per share comes in below consensus,Mastercard,relevant,synthetic
"Deutsche Bank raises Salesforce to neutral, calls valuation compelling after selloff",Salesforce,irrelevant,synthetic
Capital One faces class-action lawsuit over alleged gender discrimination among delivery drivers,Capital One,irrelevant,synthetic
BlackRock Q1 gross margin widens to 34.7% on record investment banking fees,BlackRock,relevant,synthetic
Amazon says full-year revenue will fall short of prior guidance by 14%,Amazon,relevant,synthetic
Costco co-founder says supply chain resilience is something all companies need to take seriously,Costco,irrelevant,synthetic
Mastercard shares trade lower following broader macro concerns — no new company news,Mastercard,irrelevant,synthetic
Target president says geopolitical tensions cannot be solved by the private sector alone,Target,irrelevant,synthetic
"UBS upgrades Citigroup to hold, cites market share gains",Citigroup,irrelevant,synthetic
Under Armour faces new pay discrimination lawsuit from former employee in Washington court,Under Armour,irrelevant,synthetic
Black Friday: the best Merck running shoes deals you can get right now,Merck,irrelevant,synthetic
Former Colgate-Palmolive district manager files racial discrimination complaint with EEOC,Colgate-Palmolive,irrelevant,synthetic
Booking Holdings raises full-year guidance after Q3 beat on strong international travel volumes,Booking Holdings,relevant,synthetic
"Starbucks turns in a Q4 quarter investors had feared, stock drops",Starbucks,relevant,synthetic
Microsoft enables accessibility improvements to its website,Microsoft,irrelevant,synthetic
Booking Holdings agrees to sell international operations for $1.8 billion to private equity firm,Booking Holdings,relevant,synthetic
Why is Ralph Lauren stock pulls back from record highs today? Here is what we know,Ralph Lauren,irrelevant,synthetic
Is Apple's latest sneakers worth buying? A consumer review,Apple,irrelevant,synthetic
Former Lowe's human resources manager files national origin discrimination complaint with EEOC,Lowe's,irrelevant,synthetic
ConocoPhillips ends partnership with brand ambassador after offensive social media post,ConocoPhillips,irrelevant,synthetic
Emerson Electric president says deficit spending cannot be solved by the private sector alone,Emerson Electric,irrelevant,synthetic
Pfizer enables spending insights tab to its digital wallet,Pfizer,irrelevant,synthetic
ServiceNow launches simplified navigation menu to its enterprise dashboard,ServiceNow,irrelevant,synthetic
Black Friday: the best Oracle sneakers deals you can get right now,Oracle,irrelevant,synthetic
Alphabet suspends quarterly dividend amid cash flow concerns,Alphabet,relevant,synthetic
AT&T Q1 operating income surges 17% on strong wireless postpaid net adds,AT&T,relevant,synthetic
Starbucks confirms receipt of CFTC civil investigative demand over misleading investors,Starbucks,relevant,synthetic
Accenture sued by group of former employees alleging racial harassment in workplace culture,Accenture,irrelevant,synthetic
DuPont retail associate suspended following investigation into personal conduct in Houston,DuPont,irrelevant,synthetic
Home Depot Q4 operating income surges 4% on strong comparable store sales growth,Home Depot,relevant,synthetic
Chipotle named to Fast Company's most innovative companies for the first time,Chipotle,irrelevant,synthetic
"DuPont Q3: revenue in line, margins disappoint, guidance cut",DuPont,relevant,synthetic
"Mizuho boosts Tesla to overweight, calls recent dip a buying opportunity",Tesla,irrelevant,synthetic
Group of former Emerson Electric logistics coordinators alleges religious discrimination in federal class-action,Emerson Electric,irrelevant,synthetic
Northrop Grumman former chief marketing officer joins a consulting firm as its new chief executive,Northrop Grumman,irrelevant,synthetic
"Goldman Sachs raises Verizon to underperform, sees accelerating revenue growth",Verizon,irrelevant,synthetic
Northrop Grumman announces $14.0 billion share buyback program,Northrop Grumman,relevant,synthetic
DuPont employees sign open letter opposing employee monitoring rollout,DuPont,irrelevant,synthetic
Progressive CEO says cryptocurrency regulation presents both risks and opportunities for the private sector,Progressive,irrelevant,synthetic
Uber CFO says tax policy is something all companies need to take seriously,Uber,irrelevant,synthetic
"TD Cowen raises Tyson Foods to sell, sees multiple expansion ahead",Tyson Foods,irrelevant,synthetic
"Netflix CEO steps down after 8 years, board launches external search",Netflix,relevant,synthetic
Meta snaps up cloud infrastructure company for $900 million in bolt-on acquisition,Meta,relevant,synthetic
Allstate employees protest performance tracking policy at headquarters,Allstate,irrelevant,synthetic
CVS Health updates new onboarding tutorial to its cloud console,CVS Health,irrelevant,synthetic
Deere & Company pays $45 million to settle a minor labor board finding complaint with SEC,Deere & Company,irrelevant,synthetic
"Northrop Grumman CFO announces retirement, company names internal finance executive as replacement",Northrop Grumman,relevant,synthetic
Group of former 3M warehouse workers alleges religious discrimination in federal class-action,3M,irrelevant,synthetic
3M acquires industrial software company for $500 million to bolster precision tools company,3M,relevant,synthetic
Norfolk Southern shares trade lower as investors rotate into defensives — no new company news,Norfolk Southern,irrelevant,synthetic
Colgate-Palmolive earns top score on Barron's most sustainable companies,Colgate-Palmolive,irrelevant,synthetic
"Mizuho lowers American Express to overweight, flags rising competitive pressure",American Express,irrelevant,synthetic
Procter & Gamble credit rating downgraded by S&P citing elevated debt levels,Procter & Gamble,relevant,synthetic
PepsiCo shares trade lower amid broader market selloff — no new company news,PepsiCo,irrelevant,synthetic
Berkshire Hathaway vs competitors: which sneakers is right for you,Berkshire Hathaway,irrelevant,synthetic
Uber suspends quarterly dividend amid cash flow concerns,Uber,relevant,synthetic
Booking Holdings agrees to sell experiences division for $5.1 billion to consortium of investors,Booking Holdings,relevant,synthetic
Emerson Electric order backlog reaches record $5.1 billion on strong industrial demand,Emerson Electric,relevant,synthetic
"Needham lowers Tyson Foods to sell, cites slowing demand environment",Tyson Foods,irrelevant,synthetic
Booking Holdings nights booked rise 18% as international travel demand surges,Booking Holdings,relevant,synthetic
American Express employees stage walkout over termination of diversity programs,American Express,irrelevant,synthetic
FedEx discloses CFTC subpoena related to mortgage servicing failures,FedEx,relevant,synthetic
"Citi trims Waste Management to hold, warns of elevated inventory",Waste Management,irrelevant,synthetic
Dow chief executive says the labor market is a concern shared by businesses of all sizes,Dow,irrelevant,synthetic
Paramount Global says full-year revenue will fall short of prior guidance by 31%,Paramount Global,relevant,synthetic
ExxonMobil ends partnership with sports personality after personal scandal,ExxonMobil,irrelevant,synthetic
"Progressive and insurtech startup confirm merger talks, deal could be worth $1.2 billion",Progressive,relevant,synthetic
City council debates naming rights deal for stadium near Waste Management offices,Waste Management,irrelevant,synthetic
Tourist spots near T-Mobile campus rank among best in the area,T-Mobile,irrelevant,synthetic
Former Nvidia former chief operating officer appointed to advisory board of a fintech startup,Nvidia,irrelevant,synthetic
Lowe's chief operating officer says tax policy will shape business strategy for years to come,Lowe's,irrelevant,synthetic
Procter & Gamble earns top score on LinkedIn's top companies to work for,Procter & Gamble,irrelevant,synthetic
Travelers sued by former executive alleging religious discrimination in workplace culture,Travelers,irrelevant,synthetic
Comcast issues voluntary recall of wireless spectrum holder product over potential safety concern,Comcast,relevant,synthetic
Emerson Electric adds new onboarding tutorial to its customer app,Emerson Electric,irrelevant,synthetic
Capital One customer service representative arrested for allegedly cashing fraudulent checks in Miami,Capital One,irrelevant,synthetic
"Goldman Sachs Q3: revenue in line, margins disappoint, guidance cut",Goldman Sachs,relevant,synthetic
Walmart tops the Street on both revenue and earnings in Q4,Walmart,relevant,synthetic
Mondelez Q2 gross margin expands to 29.8% on strong organic volume growth,Mondelez,relevant,synthetic
ServiceNow customer service representative charged with assault following workplace altercation in New York,ServiceNow,irrelevant,synthetic
Costco CEO named to Fortune's most admired companies list,Costco,irrelevant,synthetic
"Piper Sandler boosts Stellantis to equal weight, calls valuation compelling after selloff",Stellantis,irrelevant,synthetic
"Salesforce announces 5,500 corporate layoffs, shares fall on restructuring news",Salesforce,relevant,synthetic
Ralph Lauren ends partnership with celebrity spokesperson after community backlash,Ralph Lauren,irrelevant,synthetic
Booking Holdings human resources manager arrested in connection with unrelated drug charges in Atlanta,Booking Holdings,irrelevant,synthetic
"Costco lowers Q4 outlook, sends shares sharply lower in after-hours trading",Costco,relevant,synthetic
Tesla to present at the Allen & Company Sun Valley conference next month,Tesla,irrelevant,synthetic
"Needham upgrades UnitedHealth to sell, calls recent dip a buying opportunity",UnitedHealth,irrelevant,synthetic
"Republic Services announces 1,600 corporate layoffs, shares fall on restructuring news",Republic Services,relevant,synthetic
"Apple's restructuring deal raises questions about Amazon's position, per TD Cowen",Amazon,irrelevant,synthetic
Ford Q3 gross margin widens to 19.8% on strong fleet sales,Ford,relevant,synthetic
Alphabet faces new pay discrimination lawsuit from former financial advisor in Georgia court,Alphabet,irrelevant,synthetic
Sources: Raytheon close to finalising acquisition of defense electronics company for $3.4 billion,Raytheon,relevant,synthetic
"Tyson Foods CFO announces retirement, company names internal finance executive as replacement",Tyson Foods,relevant,synthetic
Chevron issues $11.2 billion in senior notes to fund strategic acquisitions,Chevron,relevant,synthetic
Aflac in deal to take over reinsurance company for $1.8 billion,Aflac,relevant,synthetic
EEOC opens investigation into ConocoPhillips over alleged pregnancy discrimination in pay practices,ConocoPhillips,irrelevant,synthetic
Honeywell to merge with specialty materials maker in $5.1 billion combination,Honeywell,relevant,synthetic
Save big on Alphabet sneakers this Valentine's Day — here is how,Alphabet,irrelevant,synthetic
Capital One ranks among Forbes' list of best employers for the second straight year,Capital One,irrelevant,synthetic
CSX blows past Q2 estimates on improved on-time delivery performance,CSX,relevant,synthetic
EEOC opens investigation into Walmart over alleged age discrimination in workplace culture,Walmart,irrelevant,synthetic
Berkshire Hathaway agrees to $45 million penalty over a minor labor board finding,Berkshire Hathaway,irrelevant,synthetic
Raytheon issues $11.2 billion in senior notes to strengthen balance sheet,Raytheon,relevant,synthetic
Uber unveils three-year plan to cut costs by $1.8 billion,Uber,relevant,synthetic
Johnson & Johnson branch teller charged with harassment following complaint by coworker in Charlotte,Johnson & Johnson,irrelevant,synthetic
Costco named to Glassdoor's top-rated employers for the fifth year running,Costco,irrelevant,synthetic
UPS agrees to $180 million settlement with EPA over consumer protection violations,UPS,relevant,synthetic
Yum Brands president says interest rates is top of mind for executives across every industry,Yum Brands,irrelevant,synthetic
Aflac employees sign open letter opposing performance tracking policy,Aflac,irrelevant,synthetic
Former Morgan Stanley former CFO named to lead a fintech startup,Morgan Stanley,irrelevant,synthetic
Dollar General acquires supply chain company for $180 million to bolster delivery service,Dollar General,relevant,synthetic
"Oracle to eliminate 1,600 positions as part of $14.0 billion cost reduction plan",Oracle,relevant,synthetic
How Target's divestiture could reshape the competitive landscape for American Express,American Express,irrelevant,synthetic
UPS to acquire freight brokerage for $1.2 billion in stock-and-cash transaction,UPS,relevant,synthetic
CVS Health faces new national origin discrimination lawsuit from group of retail workers in Ohio court,CVS Health,irrelevant,synthetic
New documentary examines working conditions at Pfizer suppliers overseas,Pfizer,irrelevant,synthetic
Kimberly-Clark chief operating officer says the federal budget requires coordinated global action to address effectively,Kimberly-Clark,irrelevant,synthetic
"Goldman Sachs boosts Eli Lilly to equal weight, calls recent dip a buying opportunity",Eli Lilly,irrelevant,synthetic
Honeywell human resources manager arrested for allegedly cashing fraudulent checks in Houston,Honeywell,irrelevant,synthetic
Alphabet faces $1.8 billion fine from CFTC over price-fixing conspiracy,Alphabet,relevant,synthetic
Aflac named to LinkedIn's top companies to work for for the fifth year running,Aflac,irrelevant,synthetic
New documentary examines working conditions at Norfolk Southern suppliers overseas,Norfolk Southern,irrelevant,synthetic
"UPS's partnership deal raises questions about Honeywell's position, per Mizuho",Honeywell,irrelevant,synthetic
Oracle store manager arrested in connection with unrelated drug charges in Dallas,Oracle,irrelevant,synthetic
ServiceNow announces $8.3 billion share buyback program,ServiceNow,relevant,synthetic
"Halliburton to eliminate 3,000 positions as part of $1.8 billion cost reduction plan",Halliburton,relevant,synthetic
"Waste Management announces 3,000 corporate layoffs, shares fall on restructuring news",Waste Management,relevant,synthetic
"Merck recalls 4,000 thousand units over safety defect, faces $110 million repair bill",Merck,relevant,synthetic
Emerson Electric launches in-app chat support to its checkout flow,Emerson Electric,irrelevant,synthetic
Salesforce confirms it received and rejected $90.0 billion takeover bid,Salesforce,relevant,synthetic
IBM employees protest mandatory drug testing policy at headquarters,IBM,irrelevant,synthetic
Halliburton faces class-action lawsuit over alleged gender discrimination among retail associates,Halliburton,irrelevant,synthetic
Starbucks president says healthcare costs cannot be solved by the private sector alone,Starbucks,irrelevant,synthetic
Capital One cuts full-year guidance citing slower deal activity,Capital One,relevant,synthetic
AT&T customer service representative faces personal lawsuit unrelated to company activities in Phoenix,AT&T,irrelevant,synthetic
DuPont branch teller faces restraining order filed by former coworker in Chicago,DuPont,irrelevant,synthetic
General Electric employees stage walkout over healthcare benefit reductions,General Electric,irrelevant,synthetic
Chevron Q2 earnings of $3.78 per share tops expectations,Chevron,relevant,synthetic
Morgan Stanley employees sign open letter opposing employee monitoring rollout,Morgan Stanley,irrelevant,synthetic
UnitedHealth financial advisor charged with embezzling from customer accounts in Miami,UnitedHealth,irrelevant,synthetic
"Norfolk Southern announces 1,200 corporate layoffs, shares fall on restructuring news",Norfolk Southern,relevant,synthetic
UPS loses supply chain services unit contract to rival in blow to revenue outlook,UPS,relevant,synthetic
Johnson & Johnson to acquire clinical-stage drug developer for $14.0 billion in stock-and-cash transaction,Johnson & Johnson,relevant,synthetic
"Under Armour announces 2,500 job cuts in retail operations amid cost reduction program",Under Armour,relevant,synthetic
Report: FedEx holds 18% market share in cloud infrastructure per S&P Global Market Intelligence,FedEx,irrelevant,synthetic
"Berkshire Hathaway lowers Q3 outlook, sends shares sharply lower in after-hours trading",Berkshire Hathaway,relevant,synthetic
Starbucks software engineer suspended following investigation into personal conduct in Seattle,Starbucks,irrelevant,synthetic
Honeywell marketing manager charged with harassment following complaint by coworker in Philadelphia,Honeywell,irrelevant,synthetic
FedEx customer service representative sued by customer over personal conduct during shift in Houston,FedEx,irrelevant,synthetic
Procter & Gamble activist investor discloses $1.8 billion stake pushes for margin improvement,Procter & Gamble,relevant,synthetic
Alphabet drops sponsorship of marathon sponsorship following social media backlash,Alphabet,irrelevant,synthetic
AbbVie agrees to sell medical devices unit for $22.0 billion to strategic acquirer,AbbVie,relevant,synthetic
"Mizuho lifts Norfolk Southern to overweight, sees accelerating revenue growth",Norfolk Southern,irrelevant,synthetic
Chipotle employees protest mandatory overtime policy at headquarters,Chipotle,irrelevant,synthetic
Lowe's settles age discrimination complaint filed by group of loan officers for undisclosed amount,Lowe's,irrelevant,synthetic
New IDC data shows Goldman Sachs gaining share in e-commerce,Goldman Sachs,irrelevant,synthetic
Yum Brands activist investor discloses $0.8 billion stake pushes for margin improvement,Yum Brands,relevant,synthetic
"Nike announces 12,000 corporate layoffs, shares fall on restructuring news",Nike,relevant,synthetic
Warner Bros. Discovery marketing manager charged with embezzling from customer accounts in Minneapolis,Warner Bros. Discovery,irrelevant,synthetic
Walmart employees sign open letter opposing return-to-office mandate,Walmart,irrelevant,synthetic
Yum Brands faces consumer boycott over ingredient sourcing policies,Yum Brands,irrelevant,synthetic
Morgan Stanley retail associate suspended following investigation into personal conduct in New York,Morgan Stanley,irrelevant,synthetic
Waste Management credit rating placed on negative watch by DBRS citing elevated debt levels,Waste Management,relevant,synthetic
Charles Schwab faces criticism from advocacy groups over environmental claims on packaging,Charles Schwab,irrelevant,synthetic
Local school renamed after Johnson & Johnson founder despite community debate,Johnson & Johnson,irrelevant,synthetic
Lockheed Martin rolls out spending insights tab to its online store,Lockheed Martin,irrelevant,synthetic
Alphabet announces plan to separate into two independent publicly traded companies,Alphabet,relevant,synthetic
JPMorgan Chase loses consumer banking arm contract to rival in blow to revenue outlook,JPMorgan Chase,relevant,synthetic
Nike agrees to sell grooming unit for $0.8 billion to strategic acquirer,Nike,relevant,synthetic
Under Armour loses footwear division contract to rival in blow to revenue outlook,Under Armour,relevant,synthetic
"McDonald's recalls 18,000 thousand units over safety defect, faces $180 million repair bill",McDonald's,relevant,synthetic
Tesla said to be mulling a share buyback in early-stage discussions,Tesla,irrelevant,synthetic
AT&T outlines five-year strategy to double revenue in fiber network company segment,AT&T,relevant,synthetic
Warner Bros. Discovery customer service representative faces restraining order filed by former coworker in Atlanta,Warner Bros. Discovery,irrelevant,synthetic
FedEx updates dark mode to its banking app,FedEx,irrelevant,synthetic
Netflix financial advisor arrested for alleged theft from delivery route in Seattle,Netflix,irrelevant,synthetic
Kimberly-Clark reaches $40 million agreement with EPA to resolve a minor fair lending violation,Kimberly-Clark,irrelevant,synthetic
ExxonMobil issues $1.2 billion in senior notes to fund strategic acquisitions,ExxonMobil,relevant,synthetic
Mondelez says full-year revenue will fall short of prior guidance by 15%,Mondelez,relevant,synthetic
Ford Q1 earnings of $0.87 per share comes in below consensus,Ford,relevant,synthetic
Walt Disney employees protest healthcare benefit reductions at headquarters,Walt Disney,irrelevant,synthetic
"Booking Holdings to eliminate 2,000 positions as part of $0.8 billion cost reduction plan",Booking Holdings,relevant,synthetic
Alphabet to acquire enterprise software company for $90.0 billion in stock-and-cash transaction,Alphabet,relevant,synthetic
Ford factory worker charged with embezzling from customer accounts in Los Angeles,Ford,irrelevant,synthetic
Boeing faces pay discrimination lawsuit filed by former employee,Boeing,irrelevant,synthetic
Under Armour customer service representative charged with assault following workplace altercation in Los Angeles,Under Armour,irrelevant,synthetic
How FedEx's joint venture could reshape the competitive landscape for Starbucks,Starbucks,irrelevant,synthetic
"General Motors recalls 1,600 thousand units over safety defect, faces $250 million repair bill",General Motors,relevant,synthetic
T-Mobile adds enhanced map view to its online store,T-Mobile,irrelevant,synthetic
"TD Cowen upgrades Home Depot to neutral, sees multiple expansion ahead",Home Depot,irrelevant,synthetic
Home Depot rolls out enhanced map view to its customer portal,Home Depot,irrelevant,synthetic
"Citi raises DuPont to neutral, sees multiple expansion ahead",DuPont,irrelevant,synthetic
Concert at Boeing Arena draws thousands despite rain,Boeing,irrelevant,synthetic
"Boeing CFO announces resignation, company names former divisional CFO as replacement",Boeing,relevant,synthetic
CVS Health settles pregnancy discrimination complaint filed by group of former employees for undisclosed amount,CVS Health,irrelevant,synthetic
"Morgan Stanley raises T-Mobile to hold, calls valuation compelling after selloff",T-Mobile,irrelevant,synthetic
Honeywell president says banking regulation is a concern shared by businesses of all sizes,Honeywell,irrelevant,synthetic
Goldman Sachs activist investor discloses $3.4 billion stake pushes for margin improvement,Goldman Sachs,relevant,synthetic
Halliburton former general counsel departs to become partner at a healthcare company,Halliburton,irrelevant,synthetic
Lowe's raises quarterly dividend 18% to $0.78 per share,Lowe's,relevant,synthetic
"Charles Schwab posts Q3 net income of $1.8 billion, surpasses consensus",Charles Schwab,relevant,synthetic
JPMorgan Chase CEO says cryptocurrency regulation is top of mind for executives across every industry,JPMorgan Chase,irrelevant,synthetic
"Jefferies trims Mastercard to hold, flags margin pressure ahead",Mastercard,irrelevant,synthetic
Microsoft rolls out improved load times to its digital wallet,Microsoft,irrelevant,synthetic
"Visa posts Q1 net income of $1.2 billion, falls short of expectations",Visa,relevant,synthetic
Pfizer board approves new $2.5 billion share repurchase authorization,Pfizer,relevant,synthetic
Bank of America human resources manager sued by customer over personal conduct during shift in Los Angeles,Bank of America,irrelevant,synthetic
Pfizer unveils three-year plan to cut costs by $3.4 billion,Pfizer,relevant,synthetic
Nike fined $2 million by CFPB over an outdated record-keeping practice,Nike,irrelevant,synthetic
Allstate adds a new rewards tracker to its enterprise dashboard,Allstate,irrelevant,synthetic
Wells Fargo earns top score on Glassdoor's top-rated employers,Wells Fargo,irrelevant,synthetic
Nike chief operating officer says inflation is a concern shared by businesses of all sizes,Nike,irrelevant,synthetic
Alphabet named to Glassdoor's top-rated employers for the fifth year running,Alphabet,irrelevant,synthetic
Warner Bros. Discovery to merge with production company in $2.1 billion combination,Warner Bros. Discovery,relevant,synthetic
Alphabet posts better-than-expected Q2 results as strong cloud revenue growth,Alphabet,relevant,synthetic
Visa rolls out location-based alerts to its mobile app,Visa,irrelevant,synthetic
Tyson Foods president says the federal budget will shape business strategy for years to come,Tyson Foods,irrelevant,synthetic
Kraft Heinz refreshes a progress tracker to its online store,Kraft Heinz,irrelevant,synthetic
American Express drops sponsorship of annual awards show following social media backlash,American Express,irrelevant,synthetic
McDonald's CEO joins panel discussion at the Milken Institute Global Conference on financial regulation,McDonald's,irrelevant,synthetic
Netflix branch teller arrested in connection with unrelated drug charges in Seattle,Netflix,irrelevant,synthetic
Alphabet cuts full-year guidance citing slowing cloud growth,Alphabet,relevant,synthetic
Accenture releases two-factor authentication prompts to its employee portal,Accenture,irrelevant,synthetic
Is Microsoft's latest software subscriptions worth buying? A consumer review,Microsoft,irrelevant,synthetic
Colgate-Palmolive former CFO joins a government advisory role as its new chief executive,Colgate-Palmolive,irrelevant,synthetic
Berkshire Hathaway CFO scheduled to appear at the Aspen Ideas Festival investor day,Berkshire Hathaway,irrelevant,synthetic
"UBS upgrades BlackRock to outperform, says near-term headwinds are priced in",BlackRock,irrelevant,synthetic
Protests outside Lockheed Martin headquarters over unrelated political issue,Lockheed Martin,irrelevant,synthetic
"Verizon to eliminate 5,500 positions as part of $2.5 billion cost reduction plan",Verizon,relevant,synthetic
"Sources: Mondelez in early discussions about a joint venture — no deal imminent, sources say",Mondelez,irrelevant,synthetic
Amazon loses consumer hardware division contract to rival in blow to revenue outlook,Amazon,relevant,synthetic
Walt Disney faces class-action lawsuit over alleged disability discrimination among retail associates,Walt Disney,irrelevant,synthetic
Target agrees to sell pharmacy chain for $1.8 billion to consortium of investors,Target,relevant,synthetic
Forrester estimates PepsiCo controls 38% of the electric vehicles market,PepsiCo,irrelevant,synthetic
Procter & Gamble rolls out spending insights tab to its cloud console,Procter & Gamble,irrelevant,synthetic
Dow enables enhanced map view to its website,Dow,irrelevant,synthetic
Dow ordered by CFTC to pay $110 million over environmental violations,Dow,relevant,synthetic
Starbucks human resources manager arrested for alleged theft from delivery route in Dallas,Starbucks,irrelevant,synthetic
Netflix releases simplified navigation menu to its customer app,Netflix,irrelevant,synthetic
Norfolk Southern financial advisor charged with assault following workplace altercation in New York,Norfolk Southern,irrelevant,synthetic
Accenture financial advisor arrested for allegedly cashing fraudulent checks in Chicago,Accenture,irrelevant,synthetic
American Express ordered by SEC to pay $215 million over consumer protection violations,American Express,relevant,synthetic
Salesforce issues $22.0 billion in senior notes to refinance maturing debt,Salesforce,relevant,synthetic
McDonald's CEO to deliver keynote at the World Economic Forum in Davos,McDonald's,irrelevant,synthetic
"Chipotle CEO is replaced following activist pressure, board launches external search",Chipotle,relevant,synthetic
"Tesla to eliminate 2,500 positions as part of $2.1 billion cost reduction plan",Tesla,relevant,synthetic
Raytheon raises full-year guidance after Q4 beat on strong missile systems demand,Raytheon,relevant,synthetic
"Jefferies lifts Allstate to outperform, sees accelerating revenue growth",Allstate,irrelevant,synthetic
PepsiCo cited as top player in e-commerce by Goldman Sachs Research industry survey,PepsiCo,irrelevant,synthetic
Alphabet delivery driver charged with running fraud scheme at local branch in Boston,Alphabet,irrelevant,synthetic
Ford district manager arrested in connection with unrelated drug charges in Dallas,Ford,irrelevant,synthetic
Coca-Cola pulls advertising from video sharing platform following personal scandal,Coca-Cola,irrelevant,synthetic
Apple data center revenue surges 24% on record AI chip demand,Apple,relevant,synthetic
"Wells Fargo upgrades Northrop Grumman to neutral, sees margin recovery underway",Northrop Grumman,irrelevant,synthetic
"Microsoft announces 5,500 corporate layoffs, shares fall on restructuring news",Microsoft,relevant,synthetic
Amazon data center revenue surges 14% on record AI chip demand,Amazon,relevant,synthetic
Berkshire Hathaway employees sign open letter opposing termination of diversity programs,Berkshire Hathaway,irrelevant,synthetic
Allstate shares trade lower as the S&P 500 drops — no new company news,Allstate,irrelevant,synthetic
Walmart chief operating officer says the housing market is something all companies need to take seriously,Walmart,irrelevant,synthetic
Bank of America employees sign open letter opposing mandatory drug testing policy,Bank of America,irrelevant,synthetic
Walt Disney CEO says healthcare costs is more complex than most policymakers appreciate,Walt Disney,irrelevant,synthetic
"AbbVie to eliminate 7,000 positions as part of $1.2 billion cost reduction plan",AbbVie,relevant,synthetic
Starbucks reaches $18 million agreement with FTC to resolve a minor fair lending violation,Starbucks,irrelevant,synthetic
Under Armour denies wrongdoing in age discrimination complaint filed by group of retail workers,Under Armour,irrelevant,synthetic
Why is Alphabet stock gives back recent gains today? Here is what we know,Alphabet,irrelevant,synthetic
"RBC Capital Markets cuts AbbVie to equal weight, lowers price target on earnings miss",AbbVie,irrelevant,synthetic
"Baird cuts Halliburton to buy, sees limited upside from current levels",Halliburton,irrelevant,synthetic
Dollar General human resources manager suspended following investigation into personal conduct in Phoenix,Dollar General,irrelevant,synthetic
Tesla sales representative faces personal lawsuit unrelated to company activities in Los Angeles,Tesla,irrelevant,synthetic
Nike former CEO joins a venture capital fund as its new chief executive,Nike,irrelevant,synthetic
Ford workers circulate petition calling for reversal of return-to-office policy,Ford,irrelevant,synthetic
BlackRock enables enhanced map view to its website,BlackRock,irrelevant,synthetic
Stellantis store manager suspended following investigation into personal conduct in Seattle,Stellantis,irrelevant,synthetic
UnitedHealth suspends quarterly dividend amid cash flow concerns,UnitedHealth,relevant,synthetic
Verizon president says AI regulation will have long-lasting effects on the broader economy,Verizon,irrelevant,synthetic
Report: Wells Fargo considering selling its media division — company declines to comment,Wells Fargo,irrelevant,synthetic
AbbVie co-founder says energy policy is a concern shared by businesses of all sizes,AbbVie,irrelevant,synthetic
New Nielsen data shows IBM gaining share in ride-sharing,IBM,irrelevant,synthetic
Capital One to pay $10 million in connection with a disclosure timing issue investigation,Capital One,irrelevant,synthetic
"Dow posts Q3 net income of $1.2 billion, comes in below consensus",Dow,relevant,synthetic
Stellantis raises EV production target by 12% following strong order intake,Stellantis,relevant,synthetic
Ford former chief revenue officer departs to become partner at a government advisory role,Ford,irrelevant,synthetic
McDonald's introduces location-based alerts to its cloud console,McDonald's,irrelevant,synthetic
Comcast to spin off its media assets as a standalone publicly traded company,Comcast,relevant,synthetic
Oracle data center revenue surges 8% on record AI chip demand,Oracle,relevant,synthetic
Bank of America sales representative charged with embezzling from customer accounts in Denver,Bank of America,irrelevant,synthetic
Bernstein Research ranks Aflac as the leading provider in pharmaceutical distribution,Aflac,irrelevant,synthetic
"Deere & Company loses antitrust violations case, ordered to pay $110 million in penalties",Deere & Company,relevant,synthetic
Tesla employees protest mandatory overtime policy at headquarters,Tesla,irrelevant,synthetic
Chevron co-founder says data privacy law is a concern shared by businesses of all sizes,Chevron,irrelevant,synthetic
Berkshire Hathaway wealth management division surpasses $1.2 trillion in client assets,Berkshire Hathaway,relevant,synthetic
Citigroup workers in Charlotte rally to demand improved workplace safety standards,Citigroup,irrelevant,synthetic
Apple to acquire developer tools company for $1.8 billion in all-stock deal,Apple,relevant,synthetic
"TD Cowen trims Travelers to neutral, flags deteriorating pricing power",Travelers,irrelevant,synthetic
Meta CEO named to LinkedIn's top companies to work for,Meta,irrelevant,synthetic
"Progressive to eliminate 7,000 positions as part of $0.5 billion cost reduction plan",Progressive,relevant,synthetic
Travelers cited as top player in e-commerce by Forrester industry survey,Travelers,irrelevant,synthetic
Citigroup software engineer faces criminal charges unrelated to employment in Houston,Citigroup,irrelevant,synthetic
Raytheon cuts full-year guidance citing program schedule slippages,Raytheon,relevant,synthetic
Allstate faces consumer boycott over executive compensation disclosures,Allstate,irrelevant,synthetic
Waste Management sued by former financial advisor alleging national origin discrimination in promotion decisions,Waste Management,irrelevant,synthetic
Bank of America recognized on LinkedIn's top companies to work for for workplace culture,Bank of America,irrelevant,synthetic
City council debates naming rights deal for stadium near CVS Health offices,CVS Health,irrelevant,synthetic
Northrop Grumman Q4 earnings of $2.56 per share falls short of expectations,Northrop Grumman,relevant,synthetic
Booking Holdings faces new gender discrimination lawsuit from former manager in California court,Booking Holdings,irrelevant,synthetic
AT&T denies wrongdoing in racial discrimination complaint filed by group of former employees,AT&T,irrelevant,synthetic
Airbnb former CEO leaves to join a venture capital fund in senior role,Airbnb,irrelevant,synthetic
Capital One net interest income falls 15% as rate environment pressures margins,Capital One,relevant,synthetic
JPMorgan Chase to present at the Allen & Company Sun Valley conference next month,JPMorgan Chase,irrelevant,synthetic
Walt Disney chief operating officer says climate policy is a concern shared by businesses of all sizes,Walt Disney,irrelevant,synthetic
"Wells Fargo cuts T-Mobile to sell, says near-term catalysts are limited",T-Mobile,irrelevant,synthetic
Mondelez Q2 gross margin contracts to 29.8% on strong international comparable sales,Mondelez,relevant,synthetic
Wells Fargo reaches $10 million agreement with CFPB to resolve an environmental reporting error,Wells Fargo,irrelevant,synthetic
Kimberly-Clark adds spending insights tab to its retail website,Kimberly-Clark,irrelevant,synthetic
Report: Verizon holds 41% market share in e-commerce per Bernstein Research,Verizon,irrelevant,synthetic
Paramount Global CEO to deliver keynote at the Allen & Company Sun Valley conference,Paramount Global,irrelevant,synthetic
Protests outside Dollar General headquarters over unrelated political issue,Dollar General,irrelevant,synthetic
Save big on Eli Lilly headphones this the holiday season — here is how,Eli Lilly,irrelevant,synthetic
FDA orders Kimberly-Clark to halt production at facility over contamination findings,Kimberly-Clark,relevant,synthetic
AT&T logistics coordinator charged with harassment following complaint by coworker in Houston,AT&T,irrelevant,synthetic
Comcast faces social media campaign targeting marketing to minors allegations,Comcast,irrelevant,synthetic
Airbnb adds new onboarding tutorial to its loyalty app,Airbnb,irrelevant,synthetic
Home Depot logistics coordinator charged with running fraud scheme at local branch in Houston,Home Depot,irrelevant,synthetic
Uber CFO says banking regulation requires urgent attention from elected officials,Uber,irrelevant,synthetic
Accenture financial advisor cited for personal safety violation in Charlotte,Accenture,irrelevant,synthetic
Deere & Company Q3 earnings of $2.14 per share surpasses consensus,Deere & Company,relevant,synthetic
"Piper Sandler lifts Pfizer to hold, cites market share gains",Pfizer,irrelevant,synthetic
Deere & Company customer service representative arrested after incident caught on security camera in New York,Deere & Company,irrelevant,synthetic
Norfolk Southern logistics coordinator cited for personal safety violation in Seattle,Norfolk Southern,irrelevant,synthetic
Warner Bros. Discovery faces new national origin discrimination lawsuit from former engineer in Pennsylvania court,Warner Bros. Discovery,irrelevant,synthetic
Chevron introduces simplified navigation menu to its digital wallet,Chevron,irrelevant,synthetic
ConocoPhillips chief operating officer says climate policy is something all companies need to take seriously,ConocoPhillips,irrelevant,synthetic
Airbnb CEO joins panel discussion at the JPMorgan Healthcare Conference on workforce transformation,Airbnb,irrelevant,synthetic
EEOC opens investigation into Alphabet over alleged gender discrimination in pay practices,Alphabet,irrelevant,synthetic
Tyson Foods faces criticism from advocacy groups over price increase practices,Tyson Foods,irrelevant,synthetic
"Stifel raises Aflac to underperform, cites market share gains",Aflac,irrelevant,synthetic
"Comedian references Home Depot in viral stand-up set, clip goes viral",Home Depot,irrelevant,synthetic
Nvidia agrees to $18 million penalty over a minor data handling violation,Nvidia,irrelevant,synthetic
Home Depot cited as top player in electric vehicles by eMarketer industry survey,Home Depot,irrelevant,synthetic
"AbbVie announces 2,000 job cuts in corporate functions amid slowing demand",AbbVie,relevant,synthetic
Colgate-Palmolive ordered by CFPB to pay $250 million over price-fixing conspiracy,Colgate-Palmolive,relevant,synthetic
Ford financial advisor faces restraining order filed by former coworker in Minneapolis,Ford,irrelevant,synthetic
Comcast to pay $15 million in connection with a disclosure timing issue investigation,Comcast,irrelevant,synthetic
AT&T launches an updated help center to its cloud console,AT&T,irrelevant,synthetic
AT&T former chief technology officer departs to become partner at a private equity firm,AT&T,irrelevant,synthetic
Dow issues $2.5 billion in senior notes to strengthen balance sheet,Dow,relevant,synthetic
Bank of America divests insurance subsidiary in $18.5 billion deal as part of strategic review,Bank of America,relevant,synthetic
"Baird upgrades Home Depot to buy, points to improving competitive position",Home Depot,irrelevant,synthetic
Aflac factory worker faces criminal charges unrelated to employment in Denver,Aflac,irrelevant,synthetic
Meta pulls advertising from video sharing platform following offensive social media post,Meta,irrelevant,synthetic
"UPS reports Q1 revenue of $1.8 billion, surpasses consensus on improved on-time delivery performance",UPS,relevant,synthetic
3M software engineer faces criminal charges unrelated to employment in Phoenix,3M,irrelevant,synthetic
Starbucks launches a new tips section to its digital wallet,Starbucks,irrelevant,synthetic
Meta blows past Q2 estimates on robust enterprise software renewals,Meta,relevant,synthetic
Tourist spots near Stellantis campus rank among best in the area,Stellantis,irrelevant,synthetic
Former CSX former chief technology officer named to lead a fintech startup,CSX,irrelevant,synthetic
Walt Disney confirms receipt of DOJ civil investigative demand over data privacy violations,Walt Disney,relevant,synthetic
Goldman Sachs divests consumer banking arm in $14.0 billion deal as part of strategic review,Goldman Sachs,relevant,synthetic
EEOC opens investigation into Visa over alleged disability discrimination in workplace culture,Visa,irrelevant,synthetic
IBM faces $22.0 billion fine from EU regulators over market manipulation,IBM,relevant,synthetic
Nike settles sexual harassment complaint filed by former engineer for undisclosed amount,Nike,irrelevant,synthetic
Bank of America launches a new password manager to its cloud console,Bank of America,irrelevant,synthetic
"Piper Sandler cuts Johnson & Johnson to hold, flags execution risks",Johnson & Johnson,irrelevant,synthetic
Verizon customer service representative faces personal lawsuit unrelated to company activities in Chicago,Verizon,irrelevant,synthetic
"Jefferies cuts Colgate-Palmolive to sell, flags execution risks",Colgate-Palmolive,irrelevant,synthetic
Berkshire Hathaway raises quarterly dividend 7% to $1.10 per share,Berkshire Hathaway,relevant,synthetic
"Bloomberg: JPMorgan Chase considering selling its media division, though talks are preliminary",JPMorgan Chase,irrelevant,synthetic
Caterpillar agrees to $500 million settlement with DOJ over misleading investors,Caterpillar,relevant,synthetic
Oracle names industry veteran as new chief executive following board review,Oracle,relevant,synthetic
Group of former Costco branch tellers alleges disability discrimination in federal class-action,Costco,irrelevant,synthetic
Home Depot warns Q3 results will miss estimates due to weakening consumer spending,Home Depot,relevant,synthetic
Visa net interest income falls 8% as rate environment pressures margins,Visa,relevant,synthetic
McDonald's fined $40 million by CFPB over a minor fair lending violation,McDonald's,irrelevant,synthetic
FedEx releases a new rewards tracker to its streaming platform,FedEx,irrelevant,synthetic
Morgan Stanley Research estimates Walt Disney controls 38% of the search advertising market,Walt Disney,irrelevant,synthetic
3M loses industrial automation arm contract to rival in blow to revenue outlook,3M,relevant,synthetic
Honeywell enables two-factor authentication prompts to its loyalty app,Honeywell,irrelevant,synthetic
PepsiCo faces criticism from advocacy groups over environmental claims on packaging,PepsiCo,irrelevant,synthetic
Eli Lilly recognized on LinkedIn's top companies to work for for workplace culture,Eli Lilly,irrelevant,synthetic
Bernstein Research ranks Norfolk Southern as the leading provider in ride-sharing,Norfolk Southern,irrelevant,synthetic
UnitedHealth workers circulate petition calling for greater transparency in pay practices,UnitedHealth,irrelevant,synthetic
Starbucks chief operating officer says inflation demands a thoughtful policy response from legislators,Starbucks,irrelevant,synthetic
Under Armour adds enhanced map view to its customer app,Under Armour,irrelevant,synthetic
"Costco announces 1,600 job cuts in consumer unit amid business reorganization",Costco,relevant,synthetic
Citigroup factory worker faces criminal charges unrelated to employment in Boston,Citigroup,irrelevant,synthetic
Johnson & Johnson logistics coordinator faces personal lawsuit unrelated to company activities in Miami,Johnson & Johnson,irrelevant,synthetic
"JPMorgan Chase acquisition seen as competitive threat to Pfizer, analyst says",Pfizer,irrelevant,synthetic
How Amazon's joint venture could reshape the competitive landscape for Dow,Dow,irrelevant,synthetic
Capital One issues $1.2 billion in senior notes to strengthen balance sheet,Capital One,relevant,synthetic
"Nvidia reports 17% drop in quarterly revenue, cuts annual guidance",Nvidia,relevant,synthetic
Former Booking Holdings warehouse worker files gender discrimination complaint with EEOC,Booking Holdings,irrelevant,synthetic
Nvidia store manager faces personal lawsuit unrelated to company activities in Atlanta,Nvidia,irrelevant,synthetic
BlackRock sets aside $8.3 billion to cover costs of payments company product recall,BlackRock,relevant,synthetic
"Evercore ISI lowers Goldman Sachs to hold, flags deteriorating pricing power",Goldman Sachs,irrelevant,synthetic
Meta shares trade lower on no company-specific news — no new company news,Meta,irrelevant,synthetic
Booking Holdings activist investor discloses $2.5 billion stake pushes for margin improvement,Booking Holdings,relevant,synthetic
General Electric chief executive says energy policy requires coordinated global action to address effectively,General Electric,irrelevant,synthetic
BlackRock releases push notification settings to its banking app,BlackRock,irrelevant,synthetic
McDonald's president says global trade is more complex than most policymakers appreciate,McDonald's,irrelevant,synthetic
How Nike's merger could reshape the competitive landscape for Johnson & Johnson,Johnson & Johnson,irrelevant,synthetic
Visa CFO scheduled to appear at a Senate Commerce Committee hearing investor day,Visa,irrelevant,synthetic
Costco agrees to sell international division for $5.1 billion to strategic acquirer,Costco,relevant,synthetic
Citigroup workers in Chicago rally to demand paid family leave expansion,Citigroup,irrelevant,synthetic
Uber reaches $20 million agreement with CFPB to resolve a minor labor board finding,Uber,irrelevant,synthetic
"Waste Management turns in a Q2 quarter investors had feared, stock drops",Waste Management,relevant,synthetic
Raytheon raises full-year guidance after Q3 beat on strong government defense spending,Raytheon,relevant,synthetic
General Electric co-founder says the federal budget is creating uncertainty for long-term investment decisions,General Electric,irrelevant,synthetic
EEOC opens investigation into Goldman Sachs over alleged religious discrimination in scheduling practices,Goldman Sachs,irrelevant,synthetic
Procter & Gamble shares trade lower amid risk-off sentiment — no new company news,Procter & Gamble,irrelevant,synthetic
Local school renamed after Coca-Cola founder despite community debate,Coca-Cola,irrelevant,synthetic
"Baird lifts Visa to equal weight, sees multiple expansion ahead",Visa,irrelevant,synthetic
Verizon releases improved search filters to its loyalty app,Verizon,irrelevant,synthetic
Group of former Wells Fargo marketing managers alleges religious discrimination in federal class-action,Wells Fargo,irrelevant,synthetic
Norfolk Southern customer service representative arrested for allegedly cashing fraudulent checks in Charlotte,Norfolk Southern,irrelevant,synthetic
"RBC Capital Markets trims Uber to sell, flags rising competitive pressure",Uber,irrelevant,synthetic
Northrop Grumman district manager suspended following investigation into personal conduct in Dallas,Northrop Grumman,irrelevant,synthetic
Report: Starbucks considering a headquarters relocation — company declines to comment,Starbucks,irrelevant,synthetic
"Warner Bros. Discovery delivers Q1 beat, guides higher for the year",Warner Bros. Discovery,relevant,synthetic
Accenture employees sign open letter opposing employee monitoring rollout,Accenture,irrelevant,synthetic
Merck hit with $380 million penalty by FTC over antitrust violations,Merck,relevant,synthetic
Morgan Stanley logistics coordinator faces criminal charges unrelated to employment in Philadelphia,Morgan Stanley,irrelevant,synthetic
ExxonMobil CFO says immigration policy will have long-lasting effects on the broader economy,ExxonMobil,irrelevant,synthetic
"Citi lowers Walt Disney to hold, lowers price target on earnings miss",Walt Disney,irrelevant,synthetic
Republic Services district manager arrested for alleged theft from delivery route in Dallas,Republic Services,irrelevant,synthetic
T-Mobile president says deficit spending is moving in the right direction but more work remains,T-Mobile,irrelevant,synthetic
Amazon executive to speak at the Milken Institute Global Conference on innovation and growth,Amazon,irrelevant,synthetic
Tourist spots near Berkshire Hathaway campus rank among best in the area,Berkshire Hathaway,irrelevant,synthetic
"Wells Fargo downgrades Nike to hold, says near-term catalysts are limited",Nike,irrelevant,synthetic
3M faces class-action lawsuit over alleged age discrimination among retail associates,3M,irrelevant,synthetic
Lockheed Martin faces disability discrimination lawsuit filed by former executive,Lockheed Martin,irrelevant,synthetic
Rumour: Could Nike be in early discussions about a joint venture? Analysts are watching,Nike,irrelevant,synthetic
General Electric financial advisor charged with running fraud scheme at local branch in Miami,General Electric,irrelevant,synthetic
Amazon executive to speak at a Senate Commerce Committee hearing on the global supply chain,Amazon,irrelevant,synthetic
"RBC Capital Markets lowers Raytheon to neutral, flags rising competitive pressure",Raytheon,irrelevant,synthetic
Tesla acquires charging network operator in $1.2 billion deal expanding into auto software company,Tesla,relevant,synthetic
Uber faces age discrimination lawsuit filed by group of loan officers,Uber,irrelevant,synthetic
Booking Holdings recognized on Fast Company's most innovative companies for workplace culture,Booking Holdings,irrelevant,synthetic
Former CVS Health warehouse worker files religious discrimination complaint with EEOC,CVS Health,irrelevant,synthetic
CSX employees protest return-to-office mandate at headquarters,CSX,irrelevant,synthetic
Nvidia rolls out a progress tracker to its streaming platform,Nvidia,irrelevant,synthetic
Charles Schwab agrees to $10 million penalty over an environmental reporting error,Charles Schwab,irrelevant,synthetic
CSX agrees to sell ground network for $2.5 billion to consortium of investors,CSX,relevant,synthetic
Oracle pays $10 million to settle an advertising standards complaint complaint with SEC,Oracle,irrelevant,synthetic
Mastercard former CEO leaves to join a rival startup in senior role,Mastercard,irrelevant,synthetic
Yum Brands ends partnership with celebrity spokesperson after controversial comments online,Yum Brands,irrelevant,synthetic
Boeing snaps up satellite systems maker for $650 million in bolt-on acquisition,Boeing,relevant,synthetic
"Apple reaches tentative contract deal with union representing 1,200 workers",Apple,relevant,synthetic
Amazon workers circulate petition calling for remote work flexibility,Amazon,irrelevant,synthetic
Caterpillar employees sign open letter opposing performance tracking policy,Caterpillar,irrelevant,synthetic
Mastercard president says AI regulation requires urgent attention from elected officials,Mastercard,irrelevant,synthetic
UnitedHealth Q1 earnings of $5.37 per share falls short of expectations,UnitedHealth,relevant,synthetic
Caterpillar ordered by state attorneys general to pay $250 million over mortgage servicing failures,Caterpillar,relevant,synthetic
"Bank of America lowers Mondelez to underperform, cites macro headwinds",Mondelez,irrelevant,synthetic
Former Tyson Foods district manager files racial harassment complaint with EEOC,Tyson Foods,irrelevant,synthetic
Aflac workers vote to unionize at its largest facility,Aflac,relevant,synthetic
Eli Lilly ends partnership with podcast host after controversial comments online,Eli Lilly,irrelevant,synthetic
Northrop Grumman denies wrongdoing in pay discrimination complaint filed by former executive,Northrop Grumman,irrelevant,synthetic
Netflix in deal to take over sports rights holder for $1.2 billion,Netflix,relevant,synthetic
Merck blows past Q2 estimates on strong prescription volume growth,Merck,relevant,synthetic
Meta fined $40 million by EEOC over a minor fair lending violation,Meta,irrelevant,synthetic
Mondelez faces criticism from advocacy groups over price increase practices,Mondelez,irrelevant,synthetic
Under Armour agrees to sell grooming unit for $8.3 billion to consortium of investors,Under Armour,relevant,synthetic
"Wells Fargo cuts Under Armour to outperform, says valuation stretched after recent rally",Under Armour,irrelevant,synthetic
UnitedHealth reaches $8 million agreement with EEOC to resolve an environmental reporting error,UnitedHealth,irrelevant,synthetic
"Halliburton reaches tentative contract deal with union representing 2,500 workers",Halliburton,relevant,synthetic
Bank of America flags Warner Bros. Discovery as a company that may need to respond competitively in note on Microsoft acquisition,Warner Bros. Discovery,irrelevant,synthetic
Ralph Lauren chief executive says data privacy law is moving in the right direction but more work remains,Ralph Lauren,irrelevant,synthetic
Berkshire Hathaway former president departs to become partner at a fintech startup,Berkshire Hathaway,irrelevant,synthetic
General Motors former chief marketing officer departs to become partner at a non-profit board,General Motors,irrelevant,synthetic
ExxonMobil settles pay discrimination complaint filed by group of former employees for undisclosed amount,ExxonMobil,irrelevant,synthetic
Goldman Sachs to merge with regional bank in $14.0 billion combination,Goldman Sachs,relevant,synthetic
Oracle data center revenue surges 31% on record AI chip demand,Oracle,relevant,synthetic
Waste Management faces $1.8 billion fine from EPA over mortgage servicing failures,Waste Management,relevant,synthetic
"Stifel lifts Chevron to underperform, points to improving competitive position",Chevron,irrelevant,synthetic
Dollar General CEO joins panel discussion at the Goldman Sachs Communacopia conference on workforce transformation,Dollar General,irrelevant,synthetic
American Express to acquire payments company for $1.8 billion in all-stock deal,American Express,relevant,synthetic
Accenture CFO scheduled to appear at a Senate Commerce Committee hearing investor day,Accenture,irrelevant,synthetic
"Bloomberg: Alphabet considering going private, though talks are preliminary",Alphabet,irrelevant,synthetic
Raytheon employees stage walkout over changes to remote work flexibility,Raytheon,irrelevant,synthetic
How McDonald's's joint venture could reshape the competitive landscape for Bank of America,Bank of America,irrelevant,synthetic
Pfizer to merge with clinical-stage drug developer in $1.8 billion combination,Pfizer,relevant,synthetic
"Walmart's divestiture deal raises questions about Yum Brands's position, per TD Cowen",Yum Brands,irrelevant,synthetic
Salesforce CFO says interest rates demands a thoughtful policy response from legislators,Salesforce,irrelevant,synthetic
DuPont agrees to $65 million settlement with CFPB over misleading investors,DuPont,relevant,synthetic
Starbucks lays out roadmap to 18% operating margin by 2028,Starbucks,relevant,synthetic
Republic Services sued by former manager alleging racial harassment in performance reviews,Republic Services,irrelevant,synthetic
AT&T confirms it received and rejected $1.2 billion takeover bid,AT&T,relevant,synthetic
Amazon rolls out in-app chat support to its cloud console,Amazon,irrelevant,synthetic
AT&T CFO scheduled to appear at the Milken Institute Global Conference investor day,AT&T,irrelevant,synthetic
Booking Holdings updates a progress tracker to its loyalty app,Booking Holdings,irrelevant,synthetic
Northrop Grumman raises full-year guidance after Q1 beat on strong missile systems demand,Northrop Grumman,relevant,synthetic
EEOC opens investigation into Morgan Stanley over alleged sexual harassment in pay practices,Morgan Stanley,irrelevant,synthetic
Boeing adds a new password manager to its website,Boeing,irrelevant,synthetic
Ford faces $1.8 billion fine from SEC over market manipulation,Ford,relevant,synthetic
Waste Management raises quarterly dividend 17% to $0.85 per share,Waste Management,relevant,synthetic
Chevron CEO says data privacy law presents both risks and opportunities for the private sector,Chevron,irrelevant,synthetic
Comcast vs competitors: which smartphones is right for you,Comcast,irrelevant,synthetic
AT&T in deal to take over fiber network company for $1.2 billion,AT&T,relevant,synthetic
Comcast faces new disability discrimination lawsuit from group of retail workers in Illinois court,Comcast,irrelevant,synthetic
Former Apple financial advisor files sexual harassment complaint with EEOC,Apple,irrelevant,synthetic
Salesforce reports 11% jump in advertising revenue as digital ad market recovers,Salesforce,relevant,synthetic
Walmart enables a redesigned home screen to its customer portal,Walmart,irrelevant,synthetic
"RBC Capital Markets upgrades Paramount Global to neutral, sees margin recovery underway",Paramount Global,irrelevant,synthetic
"Walt Disney reports 17% drop in quarterly revenue, cuts annual guidance",Walt Disney,relevant,synthetic
UPS Q1 gross margin widens to 19.7% on pricing power in tight capacity market,UPS,relevant,synthetic
McDonald's posts better-than-expected Q4 results as strong same-store sales growth,McDonald's,relevant,synthetic
AbbVie faces class-action lawsuit over alleged national origin discrimination among district managers,AbbVie,irrelevant,synthetic
UnitedHealth faces consumer boycott over overseas manufacturing practices,UnitedHealth,irrelevant,synthetic
Group of former IBM branch tellers alleges sexual harassment in federal class-action,IBM,irrelevant,synthetic
"UnitedHealth announces 18,000 corporate layoffs, shares fall on restructuring news",UnitedHealth,relevant,synthetic
"JPMorgan Chase merger seen as competitive threat to Republic Services, analyst says",Republic Services,irrelevant,synthetic
Johnson & Johnson CEO says inflation is creating uncertainty for long-term investment decisions,Johnson & Johnson,irrelevant,synthetic
AbbVie to present at the World Economic Forum in Davos next month,AbbVie,irrelevant,synthetic
Aflac human resources manager arrested for allegedly cashing fraudulent checks in Charlotte,Aflac,irrelevant,synthetic
Former Salesforce former president appointed to advisory board of a non-profit board,Salesforce,irrelevant,synthetic
JPMorgan Chase board approves new $14.0 billion share repurchase authorization,JPMorgan Chase,relevant,synthetic
Warner Bros. Discovery chief operating officer says consumer spending will shape business strategy for years to come,Warner Bros. Discovery,irrelevant,synthetic
"Coca-Cola to eliminate 2,000 positions as part of $0.8 billion cost reduction plan",Coca-Cola,relevant,synthetic
Tyson Foods raises full-year guidance after Q4 beat on strong same-store sales growth,Tyson Foods,relevant,synthetic
Colgate-Palmolive adds fingerprint login to its website,Colgate-Palmolive,irrelevant,synthetic
McDonald's CEO says climate policy requires urgent attention from elected officials,McDonald's,irrelevant,synthetic
DuPont faces $3.4 billion fine from state attorneys general over data privacy violations,DuPont,relevant,synthetic
Goldman Sachs chief executive says global trade requires coordinated global action to address effectively,Goldman Sachs,irrelevant,synthetic
Report: Eli Lilly in early discussions about a joint venture — company declines to comment,Eli Lilly,irrelevant,synthetic
Caterpillar said to be mulling a share buyback in early-stage discussions,Caterpillar,irrelevant,synthetic
General Motors CEO joins panel discussion at the Aspen Ideas Festival on energy transition,General Motors,irrelevant,synthetic
Why is UnitedHealth stock underperforms the sector today? Here is what we know,UnitedHealth,irrelevant,synthetic
New Forrester data shows Yum Brands gaining share in search advertising,Yum Brands,irrelevant,synthetic
Verizon earns top score on Barron's most sustainable companies,Verizon,irrelevant,synthetic
Target earns top score on Barron's most sustainable companies,Target,irrelevant,synthetic
Morgan Stanley sued by group of retail workers alleging racial harassment in workplace culture,Morgan Stanley,irrelevant,synthetic
Colgate-Palmolive CEO joins panel discussion at the Aspen Ideas Festival on the global supply chain,Colgate-Palmolive,irrelevant,synthetic
Netflix sued by former sales representative alleging age discrimination in performance reviews,Netflix,irrelevant,synthetic
Meta to spin off its enterprise software arm as a standalone publicly traded company,Meta,relevant,synthetic
Chipotle workers vote to reject company contract offer at its largest facility,Chipotle,relevant,synthetic
Accenture said to be exploring a buyout of a rival in early-stage discussions,Accenture,irrelevant,synthetic
"Progressive reaches landmark new agreement with union representing 3,000 workers",Progressive,relevant,synthetic
Norfolk Southern issues $3.4 billion in senior notes to fund strategic acquisitions,Norfolk Southern,relevant,synthetic
"Meta cloud revenue grows 4% year-over-year, misses analyst estimates",Meta,relevant,synthetic
Amazon delivery driver charged with assault following workplace altercation in Denver,Amazon,irrelevant,synthetic
Visa to pay $30 million in connection with a minor labor board finding investigation,Visa,irrelevant,synthetic
Aflac CEO says the housing market is the biggest challenge facing businesses today,Aflac,irrelevant,synthetic
Travelers rolls out a redesigned home screen to its customer app,Travelers,irrelevant,synthetic
DuPont software engineer charged with running fraud scheme at local branch in Phoenix,DuPont,irrelevant,synthetic
ServiceNow chief operating officer says healthcare costs demands a thoughtful policy response from legislators,ServiceNow,irrelevant,synthetic
Walt Disney acquires sports rights holder for $110 million to bolster production company,Walt Disney,relevant,synthetic
Tyson Foods chairman says trade tariffs is a concern shared by businesses of all sizes,Tyson Foods,irrelevant,synthetic
Amazon issues $8.3 billion in senior notes to refinance maturing debt,Amazon,relevant,synthetic
Tourist spots near Costco campus rank among best in the area,Costco,irrelevant,synthetic
Meta reports 8% jump in advertising revenue as digital ad market recovers,Meta,relevant,synthetic
Target pulls advertising from video sharing platform following offensive social media post,Target,irrelevant,synthetic
UPS employees stage walkout over return-to-office mandate,UPS,irrelevant,synthetic
IBM president says trade tariffs will shape business strategy for years to come,IBM,irrelevant,synthetic
Visa announces $8.3 billion share buyback program,Visa,relevant,synthetic
Paramount Global district manager faces criminal charges unrelated to employment in New York,Paramount Global,irrelevant,synthetic
"Emerson Electric and industrial software company confirm merger talks, deal could be worth $8.3 billion",Emerson Electric,relevant,synthetic
Merck Q2 operating income surges 17% on GLP-1 drug demand exceeding expectations,Merck,relevant,synthetic
"Bank of America upgrades Johnson & Johnson to outperform, calls valuation compelling after selloff",Johnson & Johnson,irrelevant,synthetic
Local school renamed after Stellantis founder despite community debate,Stellantis,irrelevant,synthetic
Booking Holdings chairman says the housing market is creating uncertainty for long-term investment decisions,Booking Holdings,irrelevant,synthetic
JPMorgan Chase to pay $8 million in connection with a minor data handling violation investigation,JPMorgan Chase,irrelevant,synthetic
New Forrester data shows Yum Brands gaining share in online payments,Yum Brands,irrelevant,synthetic
Under Armour issues voluntary recall of apparel brand product over potential safety concern,Under Armour,relevant,synthetic
Prime Day: the best Berkshire Hathaway smartphones deals you can get right now,Berkshire Hathaway,irrelevant,synthetic
Norfolk Southern CFO says immigration policy is moving in the right direction but more work remains,Norfolk Southern,irrelevant,synthetic
Travelers employees protest new attendance tracking system at headquarters,Travelers,irrelevant,synthetic
Kraft Heinz Q2 operating income surges 11% on record digital order mix,Kraft Heinz,relevant,synthetic
Group of former Tyson Foods store managers alleges disability discrimination in federal class-action,Tyson Foods,irrelevant,synthetic
General Electric refreshes an updated help center to its developer portal,General Electric,irrelevant,synthetic
Nike ranks among Fortune's most admired companies list for the first time,Nike,irrelevant,synthetic
3M Field hosts record crowd for playoff game,3M,irrelevant,synthetic
ConocoPhillips factory worker cited for personal safety violation in Detroit,ConocoPhillips,irrelevant,synthetic
AbbVie said to be considering a headquarters relocation in early-stage discussions,AbbVie,irrelevant,synthetic
Colgate-Palmolive store manager charged with assault following workplace altercation in Dallas,Colgate-Palmolive,irrelevant,synthetic
Best Stellantis deals this the holiday season: our top picks,Stellantis,irrelevant,synthetic
"JPMorgan Chase turns in a Q3 quarter investors had feared, stock drops",JPMorgan Chase,relevant,synthetic
Ralph Lauren Q1 operating income surges 7% on pricing power offsetting volume declines,Ralph Lauren,relevant,synthetic
ConocoPhillips boosts quarterly dividend 17% as higher oil prices fuel record free cash flow,ConocoPhillips,relevant,synthetic
Wells Fargo pulls advertising from social media platform following content moderation controversy,Wells Fargo,irrelevant,synthetic
"Ralph Lauren CFO announces departure, company names former divisional CFO as replacement",Ralph Lauren,relevant,synthetic
Travelers agrees to $380 million settlement with CFTC over price-fixing conspiracy,Travelers,relevant,synthetic
Airbnb former chief revenue officer joins a private equity firm as its new chief executive,Airbnb,irrelevant,synthetic
Merck workers vote to reject company contract offer at main production plant,Merck,relevant,synthetic
Amazon vs competitors: which sneakers is right for you,Amazon,irrelevant,synthetic
Colgate-Palmolive confirms receipt of state attorneys general civil investigative demand over misleading investors,Colgate-Palmolive,relevant,synthetic
Lockheed Martin chief operating officer says healthcare costs will have long-lasting effects on the broader economy,Lockheed Martin,irrelevant,synthetic
Norfolk Southern cuts full-year guidance citing declining package volume,Norfolk Southern,relevant,synthetic
American Express enables two-factor authentication prompts to its checkout flow,American Express,irrelevant,synthetic
FedEx agrees to $180 million settlement with state attorneys general over market manipulation,FedEx,relevant,synthetic
Report: Halliburton mulling a share buyback — company declines to comment,Halliburton,irrelevant,synthetic
Chevron rolls out location-based alerts to its checkout flow,Chevron,irrelevant,synthetic
Airbnb adds new color themes to its customer app,Airbnb,irrelevant,synthetic
How Target's partnership could reshape the competitive landscape for 3M,3M,irrelevant,synthetic
Kimberly-Clark earns top score on Fortune's most admired companies list,Kimberly-Clark,irrelevant,synthetic
AT&T CEO to deliver keynote at the Allen & Company Sun Valley conference,AT&T,irrelevant,synthetic
City council debates naming rights deal for stadium near Travelers offices,Travelers,irrelevant,synthetic
PepsiCo announces plan to separate into two independent publicly traded companies,PepsiCo,relevant,synthetic
Citigroup co-founder says climate policy is moving in the right direction but more work remains,Citigroup,irrelevant,synthetic
JPMorgan Chase workers circulate petition calling for greater transparency in pay practices,JPMorgan Chase,irrelevant,synthetic
BlackRock enables a redesigned home screen to its mobile app,BlackRock,irrelevant,synthetic
"Walmart merger seen as competitive threat to Boeing, analyst says",Boeing,irrelevant,synthetic
Verizon financial advisor arrested for alleged theft from delivery route in Denver,Verizon,irrelevant,synthetic
"Aflac to eliminate 2,500 positions as part of $0.5 billion cost reduction plan",Aflac,relevant,synthetic
Lowe's cuts full-year guidance citing declining comparable store sales,Lowe's,relevant,synthetic
Tourist spots near Kimberly-Clark campus rank among best in the area,Kimberly-Clark,irrelevant,synthetic
Pfizer to acquire biotech startup for $14.0 billion in all-cash deal,Pfizer,relevant,synthetic
ConocoPhillips names divisional president as new chief executive following CEO transition,ConocoPhillips,relevant,synthetic
"JPMorgan cuts Tyson Foods to outperform, flags deteriorating pricing power",Tyson Foods,irrelevant,synthetic
Uber agrees to $500 million settlement with CFPB over mortgage servicing failures,Uber,relevant,synthetic
"TD Cowen downgrades Under Armour to equal weight, flags margin pressure ahead",Under Armour,irrelevant,synthetic
"Citi downgrades Lowe's to outperform, sees limited upside from current levels",Lowe's,irrelevant,synthetic
Aflac loses reinsurance operations contract to rival in blow to revenue outlook,Aflac,relevant,synthetic
McDonald's chief executive says cryptocurrency regulation will shape business strategy for years to come,McDonald's,irrelevant,synthetic
"Oppenheimer trims Dollar General to hold, cites macro headwinds",Dollar General,irrelevant,synthetic
T-Mobile ordered by EU regulators to pay $380 million over antitrust violations,T-Mobile,relevant,synthetic
AT&T enables improved search filters to its loyalty app,AT&T,irrelevant,synthetic
Former Uber former chief marketing officer named to lead a healthcare company,Uber,irrelevant,synthetic
"UBS lowers Bank of America to underperform, flags deteriorating pricing power",Bank of America,irrelevant,synthetic
DuPont district manager faces personal lawsuit unrelated to company activities in Denver,DuPont,irrelevant,synthetic
Home Depot earns top score on Forbes' list of best employers,Home Depot,irrelevant,synthetic
"Stifel lowers Lockheed Martin to buy, says near-term catalysts are limited",Lockheed Martin,irrelevant,synthetic
Booking Holdings faces new religious discrimination lawsuit from former employee in Washington court,Booking Holdings,irrelevant,synthetic
Colgate-Palmolive workers vote to ratify new labor agreement at key distribution center,Colgate-Palmolive,relevant,synthetic
Former BlackRock retail associate files gender discrimination complaint with EEOC,BlackRock,irrelevant,synthetic
"TD Cowen raises Nike to sell, calls recent dip a buying opportunity",Nike,irrelevant,synthetic
Ralph Lauren chairman says energy policy is the biggest challenge facing businesses today,Ralph Lauren,irrelevant,synthetic
Dollar General workers circulate petition calling for improved workplace safety standards,Dollar General,irrelevant,synthetic
New Nielsen data shows UPS gaining share in digital advertising,UPS,irrelevant,synthetic
New documentary examines working conditions at Airbnb suppliers overseas,Airbnb,irrelevant,synthetic
Northrop Grumman issues $3.4 billion in senior notes to fund capital expenditures,Northrop Grumman,relevant,synthetic
"Booking Holdings CFO announces resignation, company names internal finance executive as replacement",Booking Holdings,relevant,synthetic
"Procter & Gamble announces 3,000 corporate layoffs, shares fall on restructuring news",Procter & Gamble,relevant,synthetic
"Ralph Lauren reports 6% drop in quarterly revenue, cuts annual guidance",Ralph Lauren,relevant,synthetic
Northrop Grumman announces plan to separate into two independent publicly traded companies,Northrop Grumman,relevant,synthetic
"Baird raises Meta to overweight, flags improving demand trends",Meta,irrelevant,synthetic
Kimberly-Clark releases new color themes to its customer portal,Kimberly-Clark,irrelevant,synthetic
General Motors faces consumer boycott over overseas manufacturing practices,General Motors,irrelevant,synthetic
"Meta merger seen as competitive threat to Deere & Company, analyst says",Deere & Company,irrelevant,synthetic
Raytheon names industry veteran as new chief executive following CEO transition,Raytheon,relevant,synthetic
New documentary examines working conditions at Bank of America suppliers overseas,Bank of America,irrelevant,synthetic
Meta retail associate faces personal lawsuit unrelated to company activities in Seattle,Meta,irrelevant,synthetic
Salesforce pulls advertising from streaming service following content moderation controversy,Salesforce,irrelevant,synthetic
Nike chief operating officer says trade tariffs is more complex than most policymakers appreciate,Nike,irrelevant,synthetic
Kraft Heinz chief operating officer says deficit spending is something all companies need to take seriously,Kraft Heinz,irrelevant,synthetic
"Oppenheimer boosts Accenture to neutral, points to improving competitive position",Accenture,irrelevant,synthetic
Johnson & Johnson Q4 operating income surges 27% on blockbuster drug demand,Johnson & Johnson,relevant,synthetic
Why is Nike stock rises to 52-week high today? Here is what we know,Nike,irrelevant,synthetic
Citigroup confirms receipt of state attorneys general civil investigative demand over data privacy violations,Citigroup,relevant,synthetic
Dollar General unveils three-year plan to cut costs by $1.8 billion,Dollar General,relevant,synthetic
"Sources: Kimberly-Clark considering going private — no deal imminent, sources say",Kimberly-Clark,irrelevant,synthetic
Stellantis workers circulate petition calling for paid family leave expansion,Stellantis,irrelevant,synthetic
Uber rolls out a new tips section to its banking app,Uber,irrelevant,synthetic
Local school renamed after Allstate founder despite community debate,Allstate,irrelevant,synthetic
"Goldman Sachs cuts Visa to underperform, lowers estimates on weak guidance",Visa,irrelevant,synthetic
"TD Cowen trims Home Depot to sell, lowers price target on earnings miss",Home Depot,irrelevant,synthetic
CSX CEO joins panel discussion at the Allen & Company Sun Valley conference on the global supply chain,CSX,irrelevant,synthetic
Chevron refreshes a redesigned home screen to its mobile app,Chevron,irrelevant,synthetic
Salesforce pulls advertising from social media platform following content moderation controversy,Salesforce,irrelevant,synthetic
Accenture issues voluntary recall of AI startup product over potential safety concern,Accenture,relevant,synthetic
Pfizer refreshes improved load times to its website,Pfizer,irrelevant,synthetic
Kimberly-Clark updates a new rewards tracker to its digital wallet,Kimberly-Clark,irrelevant,synthetic
Wells Fargo rolls out fingerprint login to its enterprise dashboard,Wells Fargo,irrelevant,synthetic
ServiceNow employees protest mandatory drug testing policy at headquarters,ServiceNow,irrelevant,synthetic
General Motors faces class-action over autonomous driving startup product defect affecting millions of users,General Motors,relevant,synthetic
Sources: Eli Lilly close to finalising acquisition of biotech startup for $1.2 billion,Eli Lilly,relevant,synthetic
FedEx factory worker arrested after incident caught on security camera in Houston,FedEx,irrelevant,synthetic
Amazon employees stage walkout over healthcare benefit reductions,Amazon,irrelevant,synthetic
Nvidia agrees to $5 million penalty over an environmental reporting error,Nvidia,irrelevant,synthetic
Paramount Global executive to speak at the MIT Sloan Management Conference on the global supply chain,Paramount Global,irrelevant,synthetic
"Nvidia announces 4,000 job cuts in investment banking amid strategic review",Nvidia,relevant,synthetic
McDonald's pulls advertising from news outlet following employee pressure,McDonald's,irrelevant,synthetic
IBM says full-year revenue will fall short of prior guidance by 42%,IBM,relevant,synthetic
Norfolk Southern activist investor discloses $1.2 billion stake pushes for margin improvement,Norfolk Southern,relevant,synthetic
Starbucks executive to speak at the JPMorgan Healthcare Conference on climate change and business,Starbucks,irrelevant,synthetic
Former Uber store manager files pregnancy discrimination complaint with EEOC,Uber,irrelevant,synthetic
Johnson & Johnson fined $2 million by FTC over a minor fair lending violation,Johnson & Johnson,irrelevant,synthetic
Amazon employees protest healthcare benefit reductions at headquarters,Amazon,irrelevant,synthetic
Nike issues $5.1 billion in senior notes to strengthen balance sheet,Nike,relevant,synthetic
Deere & Company employees sign open letter opposing mandatory overtime policy,Deere & Company,irrelevant,synthetic
Ford chairman says global trade is top of mind for executives across every industry,Ford,irrelevant,synthetic
"Goldman Sachs trims Netflix to overweight, flags rising competitive pressure",Netflix,irrelevant,synthetic
Caterpillar settles age discrimination complaint filed by group of retail workers for undisclosed amount,Caterpillar,irrelevant,synthetic
FDA orders Apple to halt production at facility over contamination findings,Apple,relevant,synthetic
Merck cuts full-year guidance citing weaker-than-expected prescription volumes,Merck,relevant,synthetic
JPMorgan Chase denies wrongdoing in religious discrimination complaint filed by former engineer,JPMorgan Chase,irrelevant,synthetic
How Nike's divestiture could reshape the competitive landscape for AbbVie,AbbVie,irrelevant,synthetic
Procter & Gamble organic sales growth of 18% in Q4 tops expectations on pricing and volume,Procter & Gamble,relevant,synthetic
Sources: 3M close to finalising acquisition of automation startup for $1.2 billion,3M,relevant,synthetic
"Boeing reports 9% drop in quarterly revenue, cuts annual guidance",Boeing,relevant,synthetic
Oracle financial advisor arrested in connection with unrelated drug charges in Minneapolis,Oracle,irrelevant,synthetic
Home Depot Q2 earnings of $1.87 per share falls short of expectations,Home Depot,relevant,synthetic
Under Armour former chief marketing officer departs to become partner at a consulting firm,Under Armour,irrelevant,synthetic
"Sources: Coca-Cola considering a headquarters relocation — no deal imminent, sources say",Coca-Cola,irrelevant,synthetic
New documentary examines working conditions at McDonald's suppliers overseas,McDonald's,irrelevant,synthetic
"Barclays raises Coca-Cola to overweight, raises estimates on guidance beat",Coca-Cola,irrelevant,synthetic
Berkshire Hathaway net interest income falls 17% as rate environment pressures margins,Berkshire Hathaway,relevant,synthetic
Deere & Company warehouse worker suspended following investigation into personal conduct in Dallas,Deere & Company,irrelevant,synthetic
"Needham lifts General Electric to equal weight, sees margin recovery underway",General Electric,irrelevant,synthetic
Morgan Stanley to present at the World Economic Forum in Davos next month,Morgan Stanley,irrelevant,synthetic
Citigroup warehouse worker charged with embezzling from customer accounts in Boston,Citigroup,irrelevant,synthetic
Dow vs competitors: which streaming plans is right for you,Dow,irrelevant,synthetic
"Stifel upgrades Northrop Grumman to outperform, cites strong earnings visibility",Northrop Grumman,irrelevant,synthetic
Northrop Grumman rolls out enhanced map view to its online store,Northrop Grumman,irrelevant,synthetic
Report: JPMorgan Chase holds 22% market share in digital advertising per IDC,JPMorgan Chase,irrelevant,synthetic
Halliburton introduces two-factor authentication prompts to its enterprise dashboard,Halliburton,irrelevant,synthetic
Aflac district manager faces restraining order filed by former coworker in Houston,Aflac,irrelevant,synthetic
Dollar General outlines five-year strategy to double revenue in specialty retailer segment,Dollar General,relevant,synthetic
"Deutsche Bank downgrades Home Depot to underperform, says valuation stretched after recent rally",Home Depot,irrelevant,synthetic
Morgan Stanley flags UPS as a company that could benefit from the deal in note on Target merger,UPS,irrelevant,synthetic
Waste Management rolls out push notification settings to its enterprise dashboard,Waste Management,irrelevant,synthetic
"Paramount Global and streaming platform confirm merger talks, deal could be worth $1.8 billion",Paramount Global,relevant,synthetic
Emerson Electric agrees to $380 million settlement with FTC over data privacy violations,Emerson Electric,relevant,synthetic
Walmart CEO says supply chain resilience is the biggest challenge facing businesses today,Walmart,irrelevant,synthetic
Comcast earns top score on Forbes' list of best employers,Comcast,irrelevant,synthetic
Save big on Pfizer home appliances this Mother's Day — here is how,Pfizer,irrelevant,synthetic
Booking Holdings former president leaves to join a rival startup in senior role,Booking Holdings,irrelevant,synthetic
IBM updates accessibility improvements to its loyalty app,IBM,irrelevant,synthetic
Save big on Target sneakers this back-to-school season — here is how,Target,irrelevant,synthetic
Honeywell faces new national origin discrimination lawsuit from former sales representative in Texas court,Honeywell,irrelevant,synthetic
DuPont snaps up service company for $250 million in bolt-on acquisition,DuPont,relevant,synthetic
McDonald's sets aside $0.8 billion to cover costs of beverage company product recall,McDonald's,relevant,synthetic
Verizon faces social media campaign targeting marketing to minors allegations,Verizon,irrelevant,synthetic
Verizon named to Forbes' list of best employers for the fifth year running,Verizon,irrelevant,synthetic
Paramount Global names former rival executive as new chief executive following CEO transition,Paramount Global,relevant,synthetic
Northrop Grumman rolls out an updated help center to its cloud console,Northrop Grumman,irrelevant,synthetic
Morgan Stanley investment banking revenue surges 38% as M&A market recovers,Morgan Stanley,relevant,synthetic
Norfolk Southern denies wrongdoing in pay discrimination complaint filed by group of former employees,Norfolk Southern,irrelevant,synthetic
Nielsen ranks Caterpillar as the leading provider in cloud infrastructure,Caterpillar,irrelevant,synthetic
"Piper Sandler trims Home Depot to buy, cites macro headwinds",Home Depot,irrelevant,synthetic
Walmart Q4 operating income surges 12% on strong online sales penetration,Walmart,relevant,synthetic
Aflac co-founder says inflation is something all companies need to take seriously,Aflac,irrelevant,synthetic
Alphabet financial advisor faces restraining order filed by former coworker in Detroit,Alphabet,irrelevant,synthetic
ServiceNow faces class-action lawsuit over alleged national origin discrimination among district managers,ServiceNow,irrelevant,synthetic
Walmart cuts full-year guidance citing declining comparable store sales,Walmart,relevant,synthetic
AT&T warehouse worker suspended following investigation into personal conduct in Denver,AT&T,irrelevant,synthetic
Halliburton raises full-year guidance after Q2 beat on higher oil prices,Halliburton,relevant,synthetic
McDonald's agrees to $250 million settlement with state attorneys general over price-fixing conspiracy,McDonald's,relevant,synthetic
Nvidia CEO joins panel discussion at the Goldman Sachs Communacopia conference on the global supply chain,Nvidia,irrelevant,synthetic
"Sources: Dollar General exploring a buyout of a rival — no deal imminent, sources say",Dollar General,irrelevant,synthetic
"Target CEO announces planned retirement, board appoints industry veteran",Target,relevant,synthetic
Capital One to present at a Senate Commerce Committee hearing next month,Capital One,irrelevant,synthetic
"Deutsche Bank lifts Stellantis to underperform, cites strong earnings visibility",Stellantis,irrelevant,synthetic
Walmart faces class-action lawsuit over alleged pay discrimination among marketing managers,Walmart,irrelevant,synthetic
Lowe's vs competitors: which headphones is right for you,Lowe's,irrelevant,synthetic
Home Depot sets aside $1.2 billion to cover costs of specialty retailer product recall,Home Depot,relevant,synthetic
Target CFO says consumer spending is more complex than most policymakers appreciate,Target,irrelevant,synthetic
Charles Schwab customer service representative arrested for allegedly cashing fraudulent checks in Phoenix,Charles Schwab,irrelevant,synthetic
Lockheed Martin faces $1.8 billion fine from CFPB over environmental violations,Lockheed Martin,relevant,synthetic
Black Friday: the best Johnson & Johnson televisions deals you can get right now,Johnson & Johnson,irrelevant,synthetic
ServiceNow faces $3.4 billion fine from DOJ over antitrust violations,ServiceNow,relevant,synthetic
"Barclays boosts Morgan Stanley to sell, sees multiple expansion ahead",Morgan Stanley,irrelevant,synthetic
Caterpillar Field hosts record crowd for playoff game,Caterpillar,irrelevant,synthetic
Group of former Capital One factory workers alleges age discrimination in federal class-action,Capital One,irrelevant,synthetic
Nvidia branch teller arrested for allegedly cashing fraudulent checks in Dallas,Nvidia,irrelevant,synthetic
AT&T CEO says immigration policy demands a thoughtful policy response from legislators,AT&T,irrelevant,synthetic
"Barclays boosts Citigroup to sell, says near-term headwinds are priced in",Citigroup,irrelevant,synthetic
Protests outside Oracle headquarters over unrelated political issue,Oracle,irrelevant,synthetic
EEOC opens investigation into Norfolk Southern over alleged pregnancy discrimination in hiring practices,Norfolk Southern,irrelevant,synthetic
"Kraft Heinz Q3 results: beats on top and bottom line, raises outlook",Kraft Heinz,relevant,synthetic
Visa branch teller charged with assault following workplace altercation in Atlanta,Visa,irrelevant,synthetic
Group of former ServiceNow delivery drivers alleges pay discrimination in federal class-action,ServiceNow,irrelevant,synthetic
Former Coca-Cola former president appointed to advisory board of a consulting firm,Coca-Cola,irrelevant,synthetic
Former Paramount Global logistics coordinator files national origin discrimination complaint with EEOC,Paramount Global,irrelevant,synthetic
"Piper Sandler trims Kraft Heinz to neutral, flags deteriorating pricing power",Kraft Heinz,irrelevant,synthetic
Pfizer co-founder says energy policy is creating uncertainty for long-term investment decisions,Pfizer,irrelevant,synthetic
"Bank of America downgrades CSX to hold, lowers estimates on weak guidance",CSX,irrelevant,synthetic
Apple adds a progress tracker to its online store,Apple,irrelevant,synthetic
Caterpillar activist investor discloses $3.4 billion stake pushes for margin improvement,Caterpillar,relevant,synthetic
"Sources: Republic Services considering going private — no deal imminent, sources say",Republic Services,irrelevant,synthetic
CVS Health Q2 gross margin expands to 21.2% on new drug approvals driving revenue,CVS Health,relevant,synthetic
Booking Holdings confirms it received and rejected $0.8 billion takeover bid,Booking Holdings,relevant,synthetic
"Merck reports 6% drop in quarterly revenue, cuts annual guidance",Merck,relevant,synthetic
General Electric former chief marketing officer leaves to join a hedge fund in senior role,General Electric,irrelevant,synthetic
Former Goldman Sachs former chief operating officer named to lead a healthcare company,Goldman Sachs,irrelevant,synthetic
"Citigroup CFO announces departure, company names Wall Street veteran as replacement",Citigroup,relevant,synthetic
Emerson Electric pays $2 million to settle an environmental reporting error complaint with SEC,Emerson Electric,irrelevant,synthetic
Netflix recognized on Time's 100 most influential companies for workplace culture,Netflix,irrelevant,synthetic
Eli Lilly Q3 gross margin contracts to 29.8% on blockbuster drug demand,Eli Lilly,relevant,synthetic
Ford faces consumer boycott over data privacy practices,Ford,irrelevant,synthetic
Pfizer announces $14.0 billion share buyback program,Pfizer,relevant,synthetic
Gartner estimates Chevron controls 63% of the cloud infrastructure market,Chevron,irrelevant,synthetic
"Aflac reports Q4 revenue of $1.8 billion, surpasses consensus on strong premium growth",Aflac,relevant,synthetic
Merck says full-year revenue will fall short of prior guidance by 17%,Merck,relevant,synthetic
Nvidia activist investor discloses $2.5 billion stake pushes for margin improvement,Nvidia,relevant,synthetic
"JPMorgan lifts Dow to neutral, raises estimates on guidance beat",Dow,irrelevant,synthetic
Deere & Company raises quarterly dividend 7% to $0.94 per share,Deere & Company,relevant,synthetic
Honeywell updates simplified navigation menu to its retail website,Honeywell,irrelevant,synthetic
New documentary examines working conditions at Walt Disney suppliers overseas,Walt Disney,irrelevant,synthetic
Verizon issues voluntary recall of fiber network company product over potential safety concern,Verizon,relevant,synthetic
Stellantis software engineer arrested for allegedly cashing fraudulent checks in Los Angeles,Stellantis,irrelevant,synthetic
Report: Dollar General exploring a buyout of a rival — company declines to comment,Dollar General,irrelevant,synthetic
Accenture former chief operating officer departs to become partner at a consulting firm,Accenture,irrelevant,synthetic
Former Home Depot retail associate files pay discrimination complaint with EEOC,Home Depot,irrelevant,synthetic
"Costco sees Q3 revenue of $5.1 billion, below prior guidance and analyst consensus",Costco,relevant,synthetic
"RBC Capital Markets cuts Meta to underperform, warns of elevated inventory",Meta,irrelevant,synthetic
Johnson & Johnson board approves new $1.8 billion share repurchase authorization,Johnson & Johnson,relevant,synthetic
General Motors workers in Detroit rally to demand greater transparency in pay practices,General Motors,irrelevant,synthetic
Merck agrees to $10 million penalty over a product labeling issue,Merck,irrelevant,synthetic
"Mizuho cuts Progressive to outperform, cites slowing demand environment",Progressive,irrelevant,synthetic
Nvidia CEO says consumer spending cannot be solved by the private sector alone,Nvidia,irrelevant,synthetic
Dollar General shares underperforms the sector as tech sector sees profit-taking,Dollar General,irrelevant,synthetic
"UBS downgrades Waste Management to overweight, warns of elevated inventory",Waste Management,irrelevant,synthetic
Kraft Heinz announces $1.8 billion share buyback program,Kraft Heinz,relevant,synthetic
City council debates naming rights deal for stadium near General Electric offices,General Electric,irrelevant,synthetic
ConocoPhillips recognized on Fortune's most admired companies list for workplace culture,ConocoPhillips,irrelevant,synthetic
"Meta reaches new four-year labor agreement with union representing 2,000 workers",Meta,relevant,synthetic
Amazon ordered by EPA to pay $420 million over mortgage servicing failures,Amazon,relevant,synthetic
Accenture agrees to $180 million settlement with CFTC over mortgage servicing failures,Accenture,relevant,synthetic
Goldman Sachs enables accessibility improvements to its customer app,Goldman Sachs,irrelevant,synthetic
Republic Services ends partnership with brand ambassador after community backlash,Republic Services,irrelevant,synthetic
"Citi lifts Procter & Gamble to outperform, points to improving competitive position",Procter & Gamble,irrelevant,synthetic
Chipotle chief executive says tax policy will have long-lasting effects on the broader economy,Chipotle,irrelevant,synthetic
Judge orders American Express to pay $215 million in damages over misleading investors,American Express,relevant,synthetic
CVS Health unveils three-year plan to cut costs by $1.2 billion,CVS Health,relevant,synthetic
Capital One earns top score on Forbes' list of best employers,Capital One,irrelevant,synthetic
"Warner Bros. Discovery lowers Q2 outlook, sends shares sharply lower in after-hours trading",Warner Bros. Discovery,relevant,synthetic
Halliburton settles religious discrimination complaint filed by former employee for undisclosed amount,Halliburton,irrelevant,synthetic
Bank of America adds an updated help center to its cloud console,Bank of America,irrelevant,synthetic
"Progressive lowers Q3 outlook, sends shares sharply lower in after-hours trading",Progressive,relevant,synthetic
Chevron divests midstream operations in $1.8 billion deal as part of strategic review,Chevron,relevant,synthetic
Booking Holdings cuts full-year guidance citing rising driver and host supply costs,Booking Holdings,relevant,synthetic
Berkshire Hathaway chief operating officer says trade tariffs requires urgent attention from elected officials,Berkshire Hathaway,irrelevant,synthetic
Honeywell delivery driver arrested for alleged theft from delivery route in Chicago,Honeywell,irrelevant,synthetic
"Bloomberg: Home Depot exploring a buyout of a rival, though talks are preliminary",Home Depot,irrelevant,synthetic
"Waste Management CEO is replaced following activist pressure, board launches external search",Waste Management,relevant,synthetic
Visa to pay $8 million in connection with a disclosure timing issue investigation,Visa,irrelevant,synthetic
Procter & Gamble employees protest healthcare benefit reductions at headquarters,Procter & Gamble,irrelevant,synthetic
ServiceNow cuts full-year guidance citing elevated chip inventory,ServiceNow,relevant,synthetic
Boeing CEO says energy policy requires urgent attention from elected officials,Boeing,irrelevant,synthetic
American Express logistics coordinator cited for personal safety violation in Miami,American Express,irrelevant,synthetic
PepsiCo workers in Dallas rally to demand improved workplace safety standards,PepsiCo,irrelevant,synthetic
Norfolk Southern CFO says supply chain resilience will shape business strategy for years to come,Norfolk Southern,irrelevant,synthetic
Is PepsiCo's latest headphones worth buying? A consumer review,PepsiCo,irrelevant,synthetic
ServiceNow stock edges higher amid rising interest rate fears,ServiceNow,irrelevant,synthetic
"Sources: FedEx looking at entering the streaming market — no deal imminent, sources say",FedEx,irrelevant,synthetic
General Motors sets aside $2.1 billion to cover costs of autonomous driving startup product recall,General Motors,relevant,synthetic
Chevron rolls out improved load times to its online store,Chevron,irrelevant,synthetic
"Evercore ISI raises Accenture to equal weight, calls recent dip a buying opportunity",Accenture,irrelevant,synthetic
Kraft Heinz faces national origin discrimination lawsuit filed by group of loan officers,Kraft Heinz,irrelevant,synthetic
Comcast faces new gender discrimination lawsuit from former manager in Florida court,Comcast,irrelevant,synthetic
Goldman Sachs confirms it received and rejected $2.5 billion takeover bid,Goldman Sachs,relevant,synthetic
"IBM to eliminate 2,000 positions as part of $8.3 billion cost reduction plan",IBM,relevant,synthetic
"Bernstein downgrades Verizon to underperform, says valuation stretched after recent rally",Verizon,irrelevant,synthetic
General Electric rolls out a progress tracker to its cloud console,General Electric,irrelevant,synthetic
"Bloomberg: Caterpillar mulling a share buyback, though talks are preliminary",Caterpillar,irrelevant,synthetic
"Microsoft divestiture seen as competitive threat to Waste Management, analyst says",Waste Management,irrelevant,synthetic
CVS Health unveils three-year plan to cut costs by $14.0 billion,CVS Health,relevant,synthetic
Visa faces class-action over insurance company product defect affecting millions of users,Visa,relevant,synthetic
Emerson Electric ranks among Barron's most sustainable companies for the third consecutive year,Emerson Electric,irrelevant,synthetic
Travelers workers circulate petition calling for paid family leave expansion,Travelers,irrelevant,synthetic
"RBC Capital Markets cuts Walmart to underperform, flags deteriorating pricing power",Walmart,irrelevant,synthetic
Visa CEO says the housing market is more complex than most policymakers appreciate,Visa,irrelevant,synthetic
Dow CEO says climate policy requires coordinated global action to address effectively,Dow,irrelevant,synthetic
DuPont announces $1.2 billion share buyback program,DuPont,relevant,synthetic
"Sources: Nvidia evaluating strategic alternatives — no deal imminent, sources say",Nvidia,irrelevant,synthetic
City council debates naming rights deal for stadium near Goldman Sachs offices,Goldman Sachs,irrelevant,synthetic
DuPont issues $5.1 billion in senior notes to refinance maturing debt,DuPont,relevant,synthetic
Colgate-Palmolive Q3 gross margin narrows to 49.8% on strong organic sales growth,Colgate-Palmolive,relevant,synthetic
Honeywell order backlog reaches record $1.2 billion on strong industrial demand,Honeywell,relevant,synthetic
Boeing Q1 miss: revenue and earnings both fall short as production cost overruns,Boeing,relevant,synthetic
"Deutsche Bank upgrades Uber to equal weight, cites market share gains",Uber,irrelevant,synthetic
Kimberly-Clark branch teller arrested for alleged theft from delivery route in Boston,Kimberly-Clark,irrelevant,synthetic
Is PepsiCo's latest televisions worth buying? A consumer review,PepsiCo,irrelevant,synthetic
Nike announces $1.2 billion share buyback program,Nike,relevant,synthetic
Booking Holdings employees stage walkout over performance tracking policy,Booking Holdings,irrelevant,synthetic
Procter & Gamble activist investor discloses $2.5 billion stake pushes for margin improvement,Procter & Gamble,relevant,synthetic
BlackRock divests international operations in $14.0 billion deal as part of strategic review,BlackRock,relevant,synthetic
Wells Fargo branch teller charged with harassment following complaint by coworker in Houston,Wells Fargo,irrelevant,synthetic
Morgan Stanley executive to speak at the Aspen Ideas Festival on the digital economy,Morgan Stanley,irrelevant,synthetic
"Deutsche Bank cuts Accenture to underperform, flags deteriorating pricing power",Accenture,irrelevant,synthetic
Mastercard announces $8.3 billion share buyback program,Mastercard,relevant,synthetic
ServiceNow in deal to take over developer tools company for $18.5 billion,ServiceNow,relevant,synthetic
Halliburton ordered by EU regulators to pay $500 million over antitrust violations,Halliburton,relevant,synthetic
Booking Holdings chief operating officer says energy policy will shape business strategy for years to come,Booking Holdings,irrelevant,synthetic
Forrester estimates Kimberly-Clark controls 63% of the ride-sharing market,Kimberly-Clark,irrelevant,synthetic
CVS Health introduces an updated help center to its banking app,CVS Health,irrelevant,synthetic
S&P Global Market Intelligence ranks Northrop Grumman as the leading provider in cloud infrastructure,Northrop Grumman,irrelevant,synthetic
Comcast raises quarterly dividend 42% to $0.85 per share,Comcast,relevant,synthetic
Chevron introduces in-app chat support to its enterprise dashboard,Chevron,irrelevant,synthetic
Yum Brands to acquire plant-based food startup for $1.2 billion in stock-and-cash transaction,Yum Brands,relevant,synthetic
Goldman Sachs workers in Charlotte rally to demand greater transparency in pay practices,Goldman Sachs,irrelevant,synthetic
Alphabet posts better-than-expected Q1 results as strong cloud revenue growth,Alphabet,relevant,synthetic
Johnson & Johnson divests specialty pharma arm in $14.0 billion deal as part of strategic review,Johnson & Johnson,relevant,synthetic
Tesla CFO says energy policy is the biggest challenge facing businesses today,Tesla,irrelevant,synthetic
Coca-Cola faces $1.2 billion fine from FTC over misleading investors,Coca-Cola,relevant,synthetic
eMarketer ranks Tyson Foods as the leading provider in ride-sharing,Tyson Foods,irrelevant,synthetic
CVS Health CEO says inflation cannot be solved by the private sector alone,CVS Health,irrelevant,synthetic
Raytheon stock falls to 52-week low amid rising interest rate fears,Raytheon,irrelevant,synthetic
ExxonMobil CFO says tax policy is something all companies need to take seriously,ExxonMobil,irrelevant,synthetic
Meta warehouse worker cited for personal safety violation in Seattle,Meta,irrelevant,synthetic
UPS recognized on LinkedIn's top companies to work for for workplace culture,UPS,irrelevant,synthetic
Alphabet former general counsel departs to become partner at a fintech startup,Alphabet,irrelevant,synthetic
"Chipotle global same-store sales rise 21% in Q2, falls short of expectations",Chipotle,relevant,synthetic
UnitedHealth workers vote to authorize strike at key distribution center,UnitedHealth,relevant,synthetic
Under Armour software engineer cited for personal safety violation in Phoenix,Under Armour,irrelevant,synthetic
"Costco Q1: revenue in line, margins disappoint, guidance cut",Costco,relevant,synthetic
Chipotle workers in Miami rally to demand paid family leave expansion,Chipotle,irrelevant,synthetic
Ralph Lauren shares trade lower amid risk-off sentiment — no new company news,Ralph Lauren,irrelevant,synthetic
Oracle issues $5.1 billion in senior notes to refinance maturing debt,Oracle,relevant,synthetic
"Stifel lowers CSX to underperform, flags margin pressure ahead",CSX,irrelevant,synthetic
Oracle to acquire developer tools company for $2.5 billion in stock-and-cash transaction,Oracle,relevant,synthetic
BlackRock reaches $35 million agreement with local labor board to resolve a product labeling issue,BlackRock,irrelevant,synthetic
Chipotle co-founder says banking regulation will have long-lasting effects on the broader economy,Chipotle,irrelevant,synthetic
Pfizer Q3 miss: revenue and earnings both fall short as higher medical costs,Pfizer,relevant,synthetic
American Express shares edges higher amid risk-off sentiment,American Express,irrelevant,synthetic
Warner Bros. Discovery board approves new $3.0 billion share repurchase authorization,Warner Bros. Discovery,relevant,synthetic
BlackRock settles age discrimination complaint filed by former manager for undisclosed amount,BlackRock,irrelevant,synthetic
Morgan Stanley factory worker cited for personal safety violation in Seattle,Morgan Stanley,irrelevant,synthetic
Home Depot agrees to $110 million settlement with EPA over environmental violations,Home Depot,relevant,synthetic
Mondelez faces criticism from advocacy groups over executive compensation disclosures,Mondelez,irrelevant,synthetic
Microsoft settles religious discrimination complaint filed by group of former employees for undisclosed amount,Microsoft,irrelevant,synthetic
Norfolk Southern sales representative faces personal lawsuit unrelated to company activities in Philadelphia,Norfolk Southern,irrelevant,synthetic
UPS retail associate charged with running fraud scheme at local branch in Houston,UPS,irrelevant,synthetic
DuPont factory worker sued by customer over personal conduct during shift in Seattle,DuPont,irrelevant,synthetic
Yum Brands board approves new $1.8 billion share repurchase authorization,Yum Brands,relevant,synthetic
"Bank of America upgrades Yum Brands to neutral, cites market share gains",Yum Brands,irrelevant,synthetic
Tyson Foods CEO says immigration policy is a concern shared by businesses of all sizes,Tyson Foods,irrelevant,synthetic
PepsiCo chief operating officer says inflation will shape business strategy for years to come,PepsiCo,irrelevant,synthetic
Kraft Heinz announces $0.8 billion share buyback program,Kraft Heinz,relevant,synthetic
"TD Cowen raises Wells Fargo to underperform, calls valuation compelling after selloff",Wells Fargo,irrelevant,synthetic
Allstate co-founder says data privacy law requires urgent attention from elected officials,Allstate,irrelevant,synthetic
Morgan Stanley president says cryptocurrency regulation demands a thoughtful policy response from legislators,Morgan Stanley,irrelevant,synthetic
JPMorgan Chase sued by group of loan officers alleging sexual harassment in termination policies,JPMorgan Chase,irrelevant,synthetic
McDonald's cuts full-year guidance citing slowing international sales,McDonald's,relevant,synthetic
Report: Under Armour holds 41% market share in semiconductor manufacturing per Bernstein Research,Under Armour,irrelevant,synthetic
Chipotle agrees to $45 million penalty over a minor data handling violation,Chipotle,irrelevant,synthetic
New eMarketer data shows Waste Management gaining share in digital advertising,Waste Management,irrelevant,synthetic
DuPont faces criticism from advocacy groups over price increase practices,DuPont,irrelevant,synthetic
DuPont former chief operating officer departs to become partner at a rival startup,DuPont,irrelevant,synthetic
Report: Ford considering going private — company declines to comment,Ford,irrelevant,synthetic
"Citi cuts Raytheon to hold, says valuation stretched after recent rally",Raytheon,irrelevant,synthetic
"Lockheed Martin posts Q1 net income of $11.2 billion, surpasses consensus",Lockheed Martin,relevant,synthetic
ServiceNow named to LinkedIn's top companies to work for for the third consecutive year,ServiceNow,irrelevant,synthetic
Kraft Heinz retail associate charged with embezzling from customer accounts in Miami,Kraft Heinz,irrelevant,synthetic
Nike employees stage walkout over healthcare benefit reductions,Nike,irrelevant,synthetic
Deere & Company refreshes a new rewards tracker to its loyalty app,Deere & Company,irrelevant,synthetic
Stellantis releases in-app chat support to its banking app,Stellantis,irrelevant,synthetic
Norfolk Southern outlines five-year strategy to double revenue in warehouse operator segment,Norfolk Southern,relevant,synthetic
Is Goldman Sachs's latest software subscriptions worth buying? A consumer review,Goldman Sachs,irrelevant,synthetic
Waste Management chief executive says data privacy law is something all companies need to take seriously,Waste Management,irrelevant,synthetic
Travelers earns top score on Glassdoor's top-rated employers,Travelers,irrelevant,synthetic
"Sources: Ford considering going private — no deal imminent, sources say",Ford,irrelevant,synthetic
Progressive sales representative arrested after incident caught on security camera in Charlotte,Progressive,irrelevant,synthetic
BlackRock customer service representative faces personal lawsuit unrelated to company activities in Los Angeles,BlackRock,irrelevant,synthetic
Booking Holdings rolls out a new tips section to its streaming platform,Booking Holdings,irrelevant,synthetic
Sources: Progressive close to finalising acquisition of life insurance company for $1.2 billion,Progressive,relevant,synthetic
Tesla co-founder says healthcare costs is top of mind for executives across every industry,Tesla,irrelevant,synthetic
"Pfizer loses market manipulation case, ordered to pay $380 million in penalties",Pfizer,relevant,synthetic
UPS shares trade lower as tech sector sees profit-taking — no new company news,UPS,irrelevant,synthetic
Verizon executive to speak at a Senate Commerce Committee hearing on climate change and business,Verizon,irrelevant,synthetic
General Electric faces class-action lawsuit over alleged gender discrimination among branch tellers,General Electric,irrelevant,synthetic
Best Walt Disney deals this back-to-school season: our top picks,Walt Disney,irrelevant,synthetic
Concert at JPMorgan Chase Arena draws thousands despite rain,JPMorgan Chase,irrelevant,synthetic
Oppenheimer flags Home Depot among the companies most affected by the deal in note on McDonald's restructuring,Home Depot,irrelevant,synthetic
Coca-Cola faces new racial discrimination lawsuit from group of delivery drivers in Georgia court,Coca-Cola,irrelevant,synthetic
Pfizer warehouse worker faces personal lawsuit unrelated to company activities in Houston,Pfizer,irrelevant,synthetic
Under Armour rolls out new color themes to its cloud console,Under Armour,irrelevant,synthetic
Kraft Heinz human resources manager sued by customer over personal conduct during shift in Charlotte,Kraft Heinz,irrelevant,synthetic
Northrop Grumman confirms receipt of EPA civil investigative demand over antitrust violations,Northrop Grumman,relevant,synthetic
"Verizon to eliminate 10,000 positions as part of $2.5 billion cost reduction plan",Verizon,relevant,synthetic
UPS pulls advertising from streaming service following controversial comments online,UPS,irrelevant,synthetic
Report: Goldman Sachs holds 22% market share in enterprise software per IDC,Goldman Sachs,irrelevant,synthetic
FedEx divests supply chain services unit in $2.5 billion deal as part of strategic review,FedEx,relevant,synthetic
Boeing cited as top player in semiconductor manufacturing by Morgan Stanley Research industry survey,Boeing,irrelevant,synthetic
"Bernstein upgrades Starbucks to underperform, flags improving demand trends",Starbucks,irrelevant,synthetic
"Tesla reports 27% drop in quarterly revenue, cuts annual guidance",Tesla,relevant,synthetic
Former Dow marketing manager files racial harassment complaint with EEOC,Dow,irrelevant,synthetic
Former Colgate-Palmolive software engineer files sexual harassment complaint with EEOC,Colgate-Palmolive,irrelevant,synthetic
New IDC data shows American Express gaining share in online payments,American Express,irrelevant,synthetic
Report: UnitedHealth considering going private — company declines to comment,UnitedHealth,irrelevant,synthetic
Costco ranks among Fortune's most admired companies list for the third consecutive year,Costco,irrelevant,synthetic
Costco to spin off its international division as a standalone publicly traded company,Costco,relevant,synthetic
Allstate blows past Q1 estimates on strong personal auto pricing,Allstate,relevant,synthetic
Deere & Company updates an updated help center to its banking app,Deere & Company,irrelevant,synthetic
Mastercard reaches $15 million agreement with local labor board to resolve an environmental reporting error,Mastercard,irrelevant,synthetic
JPMorgan Chase faces class-action lawsuit over alleged pregnancy discrimination among sales representatives,JPMorgan Chase,irrelevant,synthetic
"Travelers reaches landmark new agreement with union representing 10,000 workers",Travelers,relevant,synthetic
DuPont agrees to $20 million penalty over a minor fair lending violation,DuPont,irrelevant,synthetic
How Goldman Sachs's partnership could reshape the competitive landscape for AbbVie,AbbVie,irrelevant,synthetic
"JPMorgan upgrades Kimberly-Clark to underperform, raises estimates on guidance beat",Kimberly-Clark,irrelevant,synthetic
How Walmart's joint venture could reshape the competitive landscape for CSX,CSX,irrelevant,synthetic
Travelers refreshes a redesigned home screen to its streaming platform,Travelers,irrelevant,synthetic
City council debates naming rights deal for stadium near AbbVie offices,AbbVie,irrelevant,synthetic
"Oppenheimer boosts Charles Schwab to buy, says near-term headwinds are priced in",Charles Schwab,irrelevant,synthetic
ExxonMobil faces class-action lawsuit over alleged racial discrimination among factory workers,ExxonMobil,irrelevant,synthetic
Raytheon software engineer sued by customer over personal conduct during shift in Charlotte,Raytheon,irrelevant,synthetic
Airbnb drops sponsorship of esports tournament following social media backlash,Airbnb,irrelevant,synthetic
Verizon names former rival executive as new chief executive following CEO transition,Verizon,relevant,synthetic
Under Armour divests footwear division in $8.3 billion deal as part of strategic review,Under Armour,relevant,synthetic
3M in deal to take over automation startup for $5.1 billion,3M,relevant,synthetic
"McDonald's partnership seen as competitive threat to Johnson & Johnson, analyst says",Johnson & Johnson,irrelevant,synthetic
"ServiceNow CFO announces retirement, company names Wall Street veteran as replacement",ServiceNow,relevant,synthetic
T-Mobile co-founder says consumer spending presents both risks and opportunities for the private sector,T-Mobile,irrelevant,synthetic
Allstate issues $1.8 billion in senior notes to fund strategic acquisitions,Allstate,relevant,synthetic
Lockheed Martin executive to speak at the Aspen Ideas Festival on workforce transformation,Lockheed Martin,irrelevant,synthetic
General Motors updates an updated help center to its enterprise dashboard,General Motors,irrelevant,synthetic
Morgan Stanley Q4 earnings of $1.22 per share tops expectations,Morgan Stanley,relevant,synthetic
Progressive blows past Q3 estimates on strong personal auto pricing,Progressive,relevant,synthetic
"Microsoft CEO resigns amid strategic disagreements, board appoints industry veteran",Microsoft,relevant,synthetic
American Express marketing manager sued by customer over personal conduct during shift in Phoenix,American Express,irrelevant,synthetic
Nike faces new sexual harassment lawsuit from group of former employees in Washington court,Nike,irrelevant,synthetic
Goldman Sachs CEO says cryptocurrency regulation will have long-lasting effects on the broader economy,Goldman Sachs,irrelevant,synthetic
UnitedHealth fined $15 million by FTC over a customer privacy complaint,UnitedHealth,irrelevant,synthetic
Best Apple deals this Mother's Day: our top picks,Apple,irrelevant,synthetic
"Microsoft posts Q4 net income of $14.0 billion, comes in below consensus",Microsoft,relevant,synthetic
Goldman Sachs rolls out improved load times to its cloud console,Goldman Sachs,irrelevant,synthetic
Deere & Company delivery driver arrested for allegedly cashing fraudulent checks in Seattle,Deere & Company,irrelevant,synthetic
McDonald's customer service representative faces restraining order filed by former coworker in Houston,McDonald's,irrelevant,synthetic
"Colgate-Palmolive delivers Q2 beat, guides higher for the year",Colgate-Palmolive,relevant,synthetic
Merck acquires biotech startup in $22.0 billion deal expanding into medical device company,Merck,relevant,synthetic
Tesla issues $2.1 billion in senior notes to fund capital expenditures,Tesla,relevant,synthetic
Deere & Company software engineer charged with running fraud scheme at local branch in Atlanta,Deere & Company,irrelevant,synthetic
Chevron Field hosts record crowd for playoff game,Chevron,irrelevant,synthetic
American Express financial advisor faces criminal charges unrelated to employment in Denver,American Express,irrelevant,synthetic
Target settles sexual harassment complaint filed by former manager for undisclosed amount,Target,irrelevant,synthetic
Ford rolls out a new rewards tracker to its employee portal,Ford,irrelevant,synthetic
Mother's Day: the best Aflac home appliances deals you can get right now,Aflac,irrelevant,synthetic
Best Tyson Foods deals this Prime Day: our top picks,Tyson Foods,irrelevant,synthetic
Mondelez co-founder says AI regulation is moving in the right direction but more work remains,Mondelez,irrelevant,synthetic
Tyson Foods agrees to sell beverage unit for $1.2 billion to private equity firm,Tyson Foods,relevant,synthetic
Stellantis shares trade lower following weaker-than-expected jobs data — no new company news,Stellantis,irrelevant,synthetic
Chevron credit rating affirmed with stable outlook by S&P citing rising leverage,Chevron,relevant,synthetic
Chipotle human resources manager arrested for alleged theft from delivery route in Minneapolis,Chipotle,irrelevant,synthetic
"Comedian references Netflix in viral stand-up set, clip goes viral",Netflix,irrelevant,synthetic
PepsiCo settles national origin discrimination complaint filed by group of delivery drivers for undisclosed amount,PepsiCo,irrelevant,synthetic
Halliburton ranks among LinkedIn's top companies to work for for the fifth year running,Halliburton,irrelevant,synthetic
Former CSX former president named to lead a private equity firm,CSX,irrelevant,synthetic
Caterpillar faces class-action lawsuit over alleged racial harassment among software engineers,Caterpillar,irrelevant,synthetic
Oracle updates push notification settings to its enterprise dashboard,Oracle,irrelevant,synthetic
Microsoft former chief revenue officer departs to become partner at a rival startup,Microsoft,irrelevant,synthetic
Verizon issues $1.8 billion in senior notes to fund capital expenditures,Verizon,relevant,synthetic
DuPont credit rating downgraded by Fitch citing strong capital position,DuPont,relevant,synthetic
"Lockheed Martin Q1 results: beats on top and bottom line, raises outlook",Lockheed Martin,relevant,synthetic
Apple district manager faces personal lawsuit unrelated to company activities in Boston,Apple,irrelevant,synthetic
Yum Brands workers circulate petition calling for paid family leave expansion,Yum Brands,irrelevant,synthetic
Waste Management CEO to deliver keynote at the Goldman Sachs Communacopia conference,Waste Management,irrelevant,synthetic
Analyst says Bank of America acquisition positions the company ahead of Apple,Apple,irrelevant,synthetic
Ford issues $1.8 billion in senior notes to strengthen balance sheet,Ford,relevant,synthetic
JPMorgan Chase CFO says data privacy law will shape business strategy for years to come,JPMorgan Chase,irrelevant,synthetic
Tourist spots near CSX campus rank among best in the area,CSX,irrelevant,synthetic
Former Merck former chief technology officer named to lead a consulting firm,Merck,irrelevant,synthetic
Goldman Sachs Q2 operating income surges 18% on strong card spending volumes,Goldman Sachs,relevant,synthetic
Wells Fargo confirms receipt of state attorneys general civil investigative demand over price-fixing conspiracy,Wells Fargo,relevant,synthetic
FedEx enables accessibility improvements to its streaming platform,FedEx,irrelevant,synthetic
Lockheed Martin logistics coordinator faces restraining order filed by former coworker in Phoenix,Lockheed Martin,irrelevant,synthetic
Yum Brands to pay $30 million in connection with a customer privacy complaint investigation,Yum Brands,irrelevant,synthetic
American Express ends partnership with podcast host after offensive social media post,American Express,irrelevant,synthetic
Kimberly-Clark agrees to $180 million settlement with EPA over consumer protection violations,Kimberly-Clark,relevant,synthetic
"3M announces 5,500 corporate layoffs, shares fall on restructuring news",3M,relevant,synthetic
Honeywell shares trade lower as investors rotate into defensives — no new company news,Honeywell,irrelevant,synthetic
"Bank of America boosts General Electric to equal weight, cites market share gains",General Electric,irrelevant,synthetic
Kraft Heinz faces $3.0 billion fine from EPA over data privacy violations,Kraft Heinz,relevant,synthetic
"Johnson & Johnson reports Q4 revenue of $14.0 billion, surpasses consensus on strong prescription volume growth",Johnson & Johnson,relevant,synthetic
Is AbbVie's latest headphones worth buying? A consumer review,AbbVie,irrelevant,synthetic
Coca-Cola chief executive says healthcare costs is a concern shared by businesses of all sizes,Coca-Cola,irrelevant,synthetic
JPMorgan Chase to acquire asset management firm for $18.5 billion in stock-and-cash transaction,JPMorgan Chase,relevant,synthetic
Yum Brands to merge with restaurant chain in $2.1 billion combination,Yum Brands,relevant,synthetic
"Oracle turns in a Q4 quarter investors had feared, stock drops",Oracle,relevant,synthetic
Ford announces $0.8 billion share buyback program,Ford,relevant,synthetic
Comcast faces new sexual harassment lawsuit from former engineer in Pennsylvania court,Comcast,irrelevant,synthetic
General Motors workers vote to ratify new labor agreement at its largest facility,General Motors,relevant,synthetic
Caterpillar confirms it received and rejected $1.2 billion takeover bid,Caterpillar,relevant,synthetic
Goldman Sachs faces new pay discrimination lawsuit from group of loan officers in Pennsylvania court,Goldman Sachs,irrelevant,synthetic
Warner Bros. Discovery acquires content studio in $5.1 billion deal expanding into sports rights holder,Warner Bros. Discovery,relevant,synthetic
Caterpillar faces $1.8 billion fine from state attorneys general over consumer protection violations,Caterpillar,relevant,synthetic
Colgate-Palmolive executive to speak at the JPMorgan Healthcare Conference on innovation and growth,Colgate-Palmolive,irrelevant,synthetic
"Costco reports 17% drop in quarterly revenue, cuts annual guidance",Costco,relevant,synthetic
Caterpillar co-founder says cryptocurrency regulation is the biggest challenge facing businesses today,Caterpillar,irrelevant,synthetic
Norfolk Southern CEO joins panel discussion at a Senate Commerce Committee hearing on workforce transformation,Norfolk Southern,irrelevant,synthetic
Berkshire Hathaway to acquire payments company for $3.4 billion in stock-and-cash transaction,Berkshire Hathaway,relevant,synthetic
Paramount Global issues $5.1 billion in senior notes to fund capital expenditures,Paramount Global,relevant,synthetic
Procter & Gamble retail associate arrested for allegedly cashing fraudulent checks in Minneapolis,Procter & Gamble,irrelevant,synthetic
Kimberly-Clark refreshes a redesigned home screen to its developer portal,Kimberly-Clark,irrelevant,synthetic
Yum Brands board approves new $0.8 billion share repurchase authorization,Yum Brands,relevant,synthetic
Oracle employees protest healthcare benefit reductions at headquarters,Oracle,irrelevant,synthetic
"Goldman Sachs trims Under Armour to underperform, flags deteriorating pricing power",Under Armour,irrelevant,synthetic
New Forrester data shows General Electric gaining share in cloud infrastructure,General Electric,irrelevant,synthetic
Costco agrees to sell pharmacy chain for $2.5 billion to consortium of investors,Costco,relevant,synthetic
Republic Services marketing manager sued by customer over personal conduct during shift in New York,Republic Services,irrelevant,synthetic
Tesla releases a progress tracker to its website,Tesla,irrelevant,synthetic
Kraft Heinz sales representative cited for personal safety violation in Detroit,Kraft Heinz,irrelevant,synthetic
FedEx settles pay discrimination complaint filed by group of former employees for undisclosed amount,FedEx,irrelevant,synthetic
Allstate faces pay discrimination lawsuit filed by group of former employees,Allstate,irrelevant,synthetic
General Electric Q3 earnings of $4.22 per share misses analyst estimates,General Electric,relevant,synthetic
Dow faces disability discrimination lawsuit filed by group of delivery drivers,Dow,irrelevant,synthetic
UnitedHealth divests consumer health division in $1.8 billion deal as part of strategic review,UnitedHealth,relevant,synthetic
Pfizer pulls advertising from social media platform following community backlash,Pfizer,irrelevant,synthetic
Allstate activist investor discloses $1.2 billion stake pushes for margin improvement,Allstate,relevant,synthetic
eMarketer ranks Lowe's as the leading provider in online payments,Lowe's,irrelevant,synthetic
Microsoft employees sign open letter opposing termination of diversity programs,Microsoft,irrelevant,synthetic
Emerson Electric denies wrongdoing in age discrimination complaint filed by former financial advisor,Emerson Electric,irrelevant,synthetic
"Walmart's acquisition deal raises questions about Yum Brands's position, per Deutsche Bank",Yum Brands,irrelevant,synthetic
CSX branch teller charged with assault following workplace altercation in Detroit,CSX,irrelevant,synthetic
Home Depot acquires e-commerce platform in $1.8 billion deal expanding into supply chain company,Home Depot,relevant,synthetic
"Capital One CFO announces resignation, company names industry outsider as replacement",Capital One,relevant,synthetic
Kraft Heinz tops the Street on both revenue and earnings in Q2,Kraft Heinz,relevant,synthetic
Lockheed Martin rolls out push notification settings to its mobile app,Lockheed Martin,irrelevant,synthetic
Merck releases accessibility improvements to its enterprise dashboard,Merck,irrelevant,synthetic
"Bernstein boosts AbbVie to equal weight, flags improving demand trends",AbbVie,irrelevant,synthetic
Dow pays $20 million to settle an advertising standards complaint complaint with CFPB,Dow,irrelevant,synthetic
Charles Schwab president says interest rates is something all companies need to take seriously,Charles Schwab,irrelevant,synthetic
Walmart software engineer charged with harassment following complaint by coworker in Houston,Walmart,irrelevant,synthetic
"Walmart turns in a Q4 quarter investors had feared, stock drops",Walmart,relevant,synthetic
McDonald's names divisional president as new chief executive following activist pressure,McDonald's,relevant,synthetic
UnitedHealth faces class-action lawsuit over alleged age discrimination among branch tellers,UnitedHealth,irrelevant,synthetic
Deere & Company sets aside $0.8 billion to cover costs of precision tools company product recall,Deere & Company,relevant,synthetic
ServiceNow Field hosts record crowd for playoff game,ServiceNow,irrelevant,synthetic
McDonald's raises quarterly dividend 17% to $1.25 per share,McDonald's,relevant,synthetic
"Warner Bros. Discovery CEO resigns amid strategic disagreements, board appoints industry veteran",Warner Bros. Discovery,relevant,synthetic
"Evercore ISI cuts Walt Disney to buy, flags deteriorating pricing power",Walt Disney,irrelevant,synthetic
Target CEO to deliver keynote at the Milken Institute Global Conference,Target,irrelevant,synthetic
Bernstein Research ranks Bank of America as the leading provider in search advertising,Bank of America,irrelevant,synthetic
"Meta to eliminate 4,000 positions as part of $90.0 billion cost reduction plan",Meta,relevant,synthetic
Pfizer Field hosts record crowd for playoff game,Pfizer,irrelevant,synthetic
Walt Disney co-founder says the labor market requires coordinated global action to address effectively,Walt Disney,irrelevant,synthetic
Verizon shares trade lower on no company-specific news — no new company news,Verizon,irrelevant,synthetic
Report: UPS looking at entering the streaming market — company declines to comment,UPS,irrelevant,synthetic
"Bernstein raises Boeing to overweight, cites market share gains",Boeing,irrelevant,synthetic
Berkshire Hathaway employees protest mandatory overtime policy at headquarters,Berkshire Hathaway,irrelevant,synthetic
AbbVie reports positive Phase 3 trial results for key pipeline drug,AbbVie,relevant,synthetic
Wells Fargo settles racial harassment complaint filed by group of retail workers for undisclosed amount,Wells Fargo,irrelevant,synthetic
Rumour: Could 3M be looking at entering the streaming market? Analysts are watching,3M,irrelevant,synthetic
Northrop Grumman workers vote to reject company contract offer at its largest facility,Northrop Grumman,relevant,synthetic
Concert at Coca-Cola Arena draws thousands despite rain,Coca-Cola,irrelevant,synthetic
"Booking Holdings gross bookings reach record $2.5 billion in Q4, beats analyst estimates",Booking Holdings,relevant,synthetic
Capital One employees protest healthcare benefit reductions at headquarters,Capital One,irrelevant,synthetic
"Oppenheimer downgrades Booking Holdings to underperform, sees limited upside from current levels",Booking Holdings,irrelevant,synthetic
Citigroup Field hosts record crowd for playoff game,Citigroup,irrelevant,synthetic
Eli Lilly divests medical devices unit in $1.8 billion deal as part of strategic review,Eli Lilly,relevant,synthetic
"Chevron reports Q1 revenue of $3.4 billion, misses analyst estimates on strong refining margins",Chevron,relevant,synthetic
Bank of America raises loan loss provisions to $14.0 billion citing rising consumer delinquencies,Bank of America,relevant,synthetic
Analyst says McDonald's partnership positions the company ahead of Tesla,Tesla,irrelevant,synthetic
FedEx ranks among Forbes' list of best employers for the first time,FedEx,irrelevant,synthetic
Capital One faces consumer boycott over price increase practices,Capital One,irrelevant,synthetic
Sources: ConocoPhillips close to finalising acquisition of natural gas company for $1.2 billion,ConocoPhillips,relevant,synthetic
"TD Cowen raises Apple to sell, says near-term headwinds are priced in",Apple,irrelevant,synthetic
Consumer guide: Chipotle food delivery ranked and reviewed,Chipotle,irrelevant,synthetic
"RBC Capital Markets cuts Lowe's to buy, warns of elevated inventory",Lowe's,irrelevant,synthetic
Amazon agrees to $900 million settlement with DOJ over data privacy violations,Amazon,relevant,synthetic
"Chevron loses consumer protection violations case, ordered to pay $250 million in penalties",Chevron,relevant,synthetic
Coca-Cola agrees to sell beverage unit for $3.0 billion to private equity firm,Coca-Cola,relevant,synthetic
Yum Brands agrees to $250 million settlement with CFPB over market manipulation,Yum Brands,relevant,synthetic
ServiceNow faces class-action lawsuit over alleged pregnancy discrimination among warehouse workers,ServiceNow,irrelevant,synthetic
Nvidia agrees to sell streaming unit for $22.0 billion to consortium of investors,Nvidia,relevant,synthetic
Dow Field hosts record crowd for playoff game,Dow,irrelevant,synthetic
Walt Disney refreshes a redesigned home screen to its developer portal,Walt Disney,irrelevant,synthetic
Halliburton chief operating officer says healthcare costs requires urgent attention from elected officials,Halliburton,irrelevant,synthetic
Dollar General faces $2.5 billion fine from EU regulators over price-fixing conspiracy,Dollar General,relevant,synthetic
Lockheed Martin denies wrongdoing in pay discrimination complaint filed by former sales representative,Lockheed Martin,irrelevant,synthetic
Costco faces $8.3 billion fine from FTC over misleading investors,Costco,relevant,synthetic
Goldman Sachs factory worker arrested after incident caught on security camera in Boston,Goldman Sachs,irrelevant,synthetic
"Under Armour reaches new four-year labor agreement with union representing 1,600 workers",Under Armour,relevant,synthetic
UnitedHealth faces class-action over medical device company product defect affecting millions of users,UnitedHealth,relevant,synthetic
Pfizer pays $25 million to settle a customer privacy complaint complaint with SEC,Pfizer,irrelevant,synthetic
Former Goldman Sachs former CFO appointed to advisory board of a consulting firm,Goldman Sachs,irrelevant,synthetic
Nvidia to acquire enterprise software company for $90.0 billion in all-stock deal,Nvidia,relevant,synthetic
Sources: Deere & Company close to finalising acquisition of industrial software company for $8.3 billion,Deere & Company,relevant,synthetic
Report: Progressive holds 34% market share in e-commerce per Gartner,Progressive,irrelevant,synthetic
American Express former CEO joins a fintech startup as its new chief executive,American Express,irrelevant,synthetic
RBC Capital Markets flags Walmart as a potential bidder that chose not to participate in note on UPS acquisition,Walmart,irrelevant,synthetic
Oracle chairman says consumer spending cannot be solved by the private sector alone,Oracle,irrelevant,synthetic
"RBC Capital Markets upgrades Kraft Heinz to sell, says near-term headwinds are priced in",Kraft Heinz,irrelevant,synthetic
Why is Waste Management stock underperforms the sector today? Here is what we know,Waste Management,irrelevant,synthetic
Procter & Gamble organic sales growth of 31% in Q4 misses analyst estimates on pricing and volume,Procter & Gamble,relevant,synthetic
Oracle issues $50.0 billion in senior notes to strengthen balance sheet,Oracle,relevant,synthetic
Starbucks chief operating officer says data privacy law is something all companies need to take seriously,Starbucks,irrelevant,synthetic
Home Depot faces pay discrimination lawsuit filed by former executive,Home Depot,irrelevant,synthetic
"Wells Fargo reports 17% drop in quarterly revenue, cuts annual guidance",Wells Fargo,relevant,synthetic
ServiceNow delivery driver faces restraining order filed by former coworker in Charlotte,ServiceNow,irrelevant,synthetic
General Electric activist investor discloses $5.1 billion stake pushes for margin improvement,General Electric,relevant,synthetic
"Goldman Sachs upgrades Comcast to hold, cites strong earnings visibility",Comcast,irrelevant,synthetic
ServiceNow employees sign open letter opposing new attendance tracking system,ServiceNow,irrelevant,synthetic
Salesforce reports 42% jump in advertising revenue as digital ad market recovers,Salesforce,relevant,synthetic
How Target's acquisition could reshape the competitive landscape for Wells Fargo,Wells Fargo,irrelevant,synthetic
"Eli Lilly delivers Q1 beat, guides higher for the year",Eli Lilly,relevant,synthetic
Protests outside Verizon headquarters over unrelated political issue,Verizon,irrelevant,synthetic
UPS acquires last-mile delivery company in $5.1 billion deal expanding into freight brokerage,UPS,relevant,synthetic
Accenture issues voluntary recall of enterprise software company product over potential safety concern,Accenture,relevant,synthetic
Coca-Cola logistics coordinator faces restraining order filed by former coworker in Charlotte,Coca-Cola,irrelevant,synthetic
Report: Salesforce evaluating strategic alternatives — company declines to comment,Salesforce,irrelevant,synthetic
"Caterpillar CFO announces resignation, company names industry outsider as replacement",Caterpillar,relevant,synthetic
Eli Lilly enables two-factor authentication prompts to its digital wallet,Eli Lilly,irrelevant,synthetic
Goldman Sachs workers circulate petition calling for greater transparency in pay practices,Goldman Sachs,irrelevant,synthetic
Dollar General named to LinkedIn's top companies to work for for the second straight year,Dollar General,irrelevant,synthetic
General Electric recognized on Time's 100 most influential companies for workplace culture,General Electric,irrelevant,synthetic
Amazon store manager sued by customer over personal conduct during shift in Charlotte,Amazon,irrelevant,synthetic
EEOC opens investigation into Warner Bros. Discovery over alleged sexual harassment in workplace culture,Warner Bros. Discovery,irrelevant,synthetic
Deere & Company stock outperforms the broader market following broader macro concerns,Deere & Company,irrelevant,synthetic
Netflix shares trade lower amid broader market selloff — no new company news,Netflix,irrelevant,synthetic
Progressive branch teller faces criminal charges unrelated to employment in Los Angeles,Progressive,irrelevant,synthetic
Accenture ends partnership with sports personality after personal scandal,Accenture,irrelevant,synthetic
Kraft Heinz acquires restaurant chain in $1.8 billion deal expanding into beverage company,Kraft Heinz,relevant,synthetic
Eli Lilly employees sign open letter opposing mandatory drug testing policy,Eli Lilly,irrelevant,synthetic
Allstate faces social media campaign targeting data privacy practices,Allstate,irrelevant,synthetic
"Deere & Company announces 18,000 job cuts in consumer unit amid cost reduction program",Deere & Company,relevant,synthetic
Chipotle rolls out a progress tracker to its retail website,Chipotle,irrelevant,synthetic
Former Airbnb former CFO named to lead a private equity firm,Airbnb,irrelevant,synthetic
Analyst says UPS acquisition positions the company ahead of Raytheon,Raytheon,irrelevant,synthetic
Costco announces $8.3 billion share buyback program,Costco,relevant,synthetic
Amazon acquires enterprise software company for $420 million to bolster cloud infrastructure company,Amazon,relevant,synthetic
"Costco's joint venture deal raises questions about Lowe's's position, per Barclays",Lowe's,irrelevant,synthetic
Emerson Electric settles racial harassment complaint filed by group of former employees for undisclosed amount,Emerson Electric,irrelevant,synthetic
Morgan Stanley CEO says interest rates is the biggest challenge facing businesses today,Morgan Stanley,irrelevant,synthetic
Honeywell faces criticism from advocacy groups over data privacy practices,Honeywell,irrelevant,synthetic
Former Walmart customer service representative files age discrimination complaint with EEOC,Walmart,irrelevant,synthetic
BlackRock launches simplified navigation menu to its retail website,BlackRock,irrelevant,synthetic
Chipotle district manager arrested for alleged theft from delivery route in Charlotte,Chipotle,irrelevant,synthetic
McDonald's to present at the Goldman Sachs Communacopia conference next month,McDonald's,irrelevant,synthetic
CSX posts better-than-expected Q1 results as improved on-time delivery performance,CSX,relevant,synthetic
ExxonMobil former CEO leaves to join a government advisory role in senior role,ExxonMobil,irrelevant,synthetic
EEOC opens investigation into Berkshire Hathaway over alleged national origin discrimination in termination policies,Berkshire Hathaway,irrelevant,synthetic
UnitedHealth to merge with pharmacy benefit manager in $5.1 billion combination,UnitedHealth,relevant,synthetic
Protests outside Salesforce headquarters over unrelated political issue,Salesforce,irrelevant,synthetic
Johnson & Johnson faces $3.4 billion fine from CFPB over market manipulation,Johnson & Johnson,relevant,synthetic
Capital One acquires asset management firm in $1.2 billion deal expanding into asset management firm,Capital One,relevant,synthetic
Dow Q3 earnings of $1.87 per share tops expectations,Dow,relevant,synthetic
IBM vs competitors: which televisions is right for you,IBM,irrelevant,synthetic
"JPMorgan upgrades ExxonMobil to underperform, cites strong earnings visibility",ExxonMobil,irrelevant,synthetic
BlackRock stock underperforms the sector amid rising interest rate fears,BlackRock,irrelevant,synthetic
Rumour: Could Allstate be mulling a share buyback? Analysts are watching,Allstate,irrelevant,synthetic
"Coca-Cola global same-store sales rise 11% in Q1, falls short of expectations",Coca-Cola,relevant,synthetic
Walmart launches location-based alerts to its employee portal,Walmart,irrelevant,synthetic
"Wells Fargo cuts UnitedHealth to underperform, flags execution risks",UnitedHealth,irrelevant,synthetic
How Amazon's divestiture could reshape the competitive landscape for Norfolk Southern,Norfolk Southern,irrelevant,synthetic
Is Caterpillar's latest airline miles cards worth buying? A consumer review,Caterpillar,irrelevant,synthetic
Procter & Gamble warehouse worker arrested in connection with unrelated drug charges in Seattle,Procter & Gamble,irrelevant,synthetic
ServiceNow faces class-action lawsuit over alleged racial discrimination among customer service representatives,ServiceNow,irrelevant,synthetic
Comcast former chief revenue officer joins a government advisory role as its new chief executive,Comcast,irrelevant,synthetic
"Alphabet announces 4,000 job cuts in retail operations amid strategic review",Alphabet,relevant,synthetic
Charles Schwab investment banking revenue surges 18% as M&A market recovers,Charles Schwab,relevant,synthetic
Netflix ranks among Barron's most sustainable companies for the first time,Netflix,irrelevant,synthetic
"Jefferies lowers General Motors to overweight, flags execution risks",General Motors,irrelevant,synthetic
Dow settles religious discrimination complaint filed by former manager for undisclosed amount,Dow,irrelevant,synthetic
"UPS lowers Q4 outlook, sends shares sharply lower in after-hours trading",UPS,relevant,synthetic
Former Chipotle former chief marketing officer named to lead a consulting firm,Chipotle,irrelevant,synthetic
Deere & Company president says energy policy is top of mind for executives across every industry,Deere & Company,irrelevant,synthetic
FDA orders Halliburton to halt production at facility over contamination findings,Halliburton,relevant,synthetic
Former Halliburton former chief revenue officer named to lead a hedge fund,Halliburton,irrelevant,synthetic
Emerson Electric introduces two-factor authentication prompts to its loyalty app,Emerson Electric,irrelevant,synthetic
Protests outside Kraft Heinz headquarters over unrelated political issue,Kraft Heinz,irrelevant,synthetic
EEOC opens investigation into Boeing over alleged racial discrimination in termination policies,Boeing,irrelevant,synthetic
Visa ends partnership with celebrity spokesperson after personal scandal,Visa,irrelevant,synthetic
Meta announces $14.0 billion share buyback program,Meta,relevant,synthetic
New Bernstein Research data shows Dollar General gaining share in ride-sharing,Dollar General,irrelevant,synthetic
Tesla branch teller charged with assault following workplace altercation in Dallas,Tesla,irrelevant,synthetic
Tesla updates improved load times to its enterprise dashboard,Tesla,irrelevant,synthetic
CVS Health faces new racial discrimination lawsuit from former financial advisor in Pennsylvania court,CVS Health,irrelevant,synthetic
Walt Disney agrees to sell theme park division for $1.2 billion to consortium of investors,Walt Disney,relevant,synthetic
Nike employees sign open letter opposing healthcare benefit reductions,Nike,irrelevant,synthetic
"Deutsche Bank lowers Accenture to equal weight, says valuation stretched after recent rally",Accenture,irrelevant,synthetic
Eli Lilly warns Q2 results will miss estimates due to weaker-than-expected prescription volumes,Eli Lilly,relevant,synthetic
"Stifel lifts Dow to hold, sees margin recovery underway",Dow,irrelevant,synthetic
Raytheon updates a new rewards tracker to its mobile app,Raytheon,irrelevant,synthetic
Comcast workers circulate petition calling for improved workplace safety standards,Comcast,irrelevant,synthetic
Walmart employees stage walkout over changes to remote work flexibility,Walmart,irrelevant,synthetic
"UPS announces 3,000 corporate layoffs, shares fall on restructuring news",UPS,relevant,synthetic
Bank of America denies wrongdoing in sexual harassment complaint filed by group of delivery drivers,Bank of America,irrelevant,synthetic
"Sources: General Electric looking at entering the healthcare market — no deal imminent, sources say",General Electric,irrelevant,synthetic
Oracle confirms it received and rejected $14.0 billion takeover bid,Oracle,relevant,synthetic
Mastercard updates a progress tracker to its customer app,Mastercard,irrelevant,synthetic
Wells Fargo faces pay discrimination lawsuit filed by group of warehouse workers,Wells Fargo,irrelevant,synthetic
Tourist spots near Meta campus rank among best in the area,Meta,irrelevant,synthetic
"Verizon loses misleading investors case, ordered to pay $180 million in penalties",Verizon,relevant,synthetic
Costco blows past Q1 estimates on strong comparable store sales growth,Costco,relevant,synthetic
Northrop Grumman acquires satellite systems maker for $380 million to bolster unmanned systems company,Northrop Grumman,relevant,synthetic
Honeywell stock pulls back from record highs amid rising interest rate fears,Honeywell,irrelevant,synthetic
Merck factory worker charged with assault following workplace altercation in Los Angeles,Merck,irrelevant,synthetic
Mastercard cited as top player in smartphone sales by Nielsen industry survey,Mastercard,irrelevant,synthetic
T-Mobile confirms it received and rejected $1.8 billion takeover bid,T-Mobile,relevant,synthetic
3M former chief operating officer departs to become partner at a rival startup,3M,irrelevant,synthetic
Group of former JPMorgan Chase warehouse workers alleges gender discrimination in federal class-action,JPMorgan Chase,irrelevant,synthetic
Mondelez shares slips amid broader market selloff,Mondelez,irrelevant,synthetic
Ford launches push notification settings to its developer portal,Ford,irrelevant,synthetic
City council debates naming rights deal for stadium near Honeywell offices,Honeywell,irrelevant,synthetic
Coca-Cola stock underperforms the sector on no company-specific news,Coca-Cola,irrelevant,synthetic
"Oppenheimer downgrades Yum Brands to neutral, sees limited upside from current levels",Yum Brands,irrelevant,synthetic
"Bloomberg: Johnson & Johnson mulling a share buyback, though talks are preliminary",Johnson & Johnson,irrelevant,synthetic
FDA orders Warner Bros. Discovery to halt production at facility over contamination findings,Warner Bros. Discovery,relevant,synthetic
Deere & Company denies wrongdoing in age discrimination complaint filed by group of delivery drivers,Deere & Company,irrelevant,synthetic
CSX sued by group of warehouse workers alleging gender discrimination in scheduling practices,CSX,irrelevant,synthetic
Walt Disney settles religious discrimination complaint filed by former sales representative for undisclosed amount,Walt Disney,irrelevant,synthetic
Concert at Colgate-Palmolive Arena draws thousands despite rain,Colgate-Palmolive,irrelevant,synthetic
Why is Starbucks stock rises to 52-week high today? Here is what we know,Starbucks,irrelevant,synthetic
Capital One activist investor discloses $2.5 billion stake pushes for margin improvement,Capital One,relevant,synthetic
"Bernstein trims Visa to hold, warns of elevated inventory",Visa,irrelevant,synthetic
DuPont launches in-app chat support to its checkout flow,DuPont,irrelevant,synthetic
ExxonMobil chief executive says trade tariffs is creating uncertainty for long-term investment decisions,ExxonMobil,irrelevant,synthetic
Procter & Gamble chief executive says healthcare costs will shape business strategy for years to come,Procter & Gamble,irrelevant,synthetic
Airbnb CEO says immigration policy presents both risks and opportunities for the private sector,Airbnb,irrelevant,synthetic
Target warehouse worker charged with harassment following complaint by coworker in Miami,Target,irrelevant,synthetic
"Home Depot sees Q1 revenue of $1.8 billion, below prior guidance and analyst consensus",Home Depot,relevant,synthetic
Citigroup co-founder says inflation cannot be solved by the private sector alone,Citigroup,irrelevant,synthetic
"Honeywell posts Q1 net income of $1.8 billion, beats analyst estimates",Honeywell,relevant,synthetic
Visa workers in Miami rally to demand better pay and benefits,Visa,irrelevant,synthetic
Nike board approves new $1.2 billion share repurchase authorization,Nike,relevant,synthetic
Goldman Sachs employees sign open letter opposing return-to-office mandate,Goldman Sachs,irrelevant,synthetic
"Lockheed Martin reports Q3 revenue of $14.0 billion, misses analyst estimates on record hypersonic weapons orders",Lockheed Martin,relevant,synthetic
Salesforce retail associate suspended following investigation into personal conduct in Atlanta,Salesforce,irrelevant,synthetic
T-Mobile retail associate charged with harassment following complaint by coworker in Denver,T-Mobile,irrelevant,synthetic
Former Alphabet former chief technology officer named to lead a private equity firm,Alphabet,irrelevant,synthetic
"3M announces 1,600 job cuts in investment banking amid automation initiative",3M,relevant,synthetic
Chipotle warns Q4 results will miss estimates due to slowing international sales,Chipotle,relevant,synthetic
"Goldman Sachs issues profit warning, slashes guidance citing rising loan loss provisions",Goldman Sachs,relevant,synthetic
UPS CEO says the housing market cannot be solved by the private sector alone,UPS,irrelevant,synthetic
Travelers shares trade lower as investors take profits across sectors — no new company news,Travelers,irrelevant,synthetic
AbbVie cuts full-year guidance citing patent cliff exposure,AbbVie,relevant,synthetic
Warner Bros. Discovery announces $3.0 billion share buyback program,Warner Bros. Discovery,relevant,synthetic
T-Mobile denies wrongdoing in sexual harassment complaint filed by former financial advisor,T-Mobile,irrelevant,synthetic
Nvidia former chief operating officer leaves to join a non-profit board in senior role,Nvidia,irrelevant,synthetic
Visa workers circulate petition calling for remote work flexibility,Visa,irrelevant,synthetic
Aflac co-founder says deficit spending is more complex than most policymakers appreciate,Aflac,irrelevant,synthetic
Pfizer chairman says supply chain resilience will shape business strategy for years to come,Pfizer,irrelevant,synthetic
Microsoft sued by former manager alleging gender discrimination in scheduling practices,Microsoft,irrelevant,synthetic
Nvidia faces new age discrimination lawsuit from group of retail workers in Washington court,Nvidia,irrelevant,synthetic
Chipotle activist investor discloses $2.1 billion stake pushes for margin improvement,Chipotle,relevant,synthetic
Nvidia retail associate sued by customer over personal conduct during shift in Detroit,Nvidia,irrelevant,synthetic
American Express activist investor discloses $5.1 billion stake pushes for margin improvement,American Express,relevant,synthetic
Nvidia introduces a new password manager to its enterprise dashboard,Nvidia,irrelevant,synthetic
DuPont pays $2 million to settle an outdated record-keeping practice complaint with EPA,DuPont,irrelevant,synthetic
Under Armour updates two-factor authentication prompts to its customer portal,Under Armour,irrelevant,synthetic
Goldman Sachs launches spending insights tab to its cloud console,Goldman Sachs,irrelevant,synthetic
Tesla logistics coordinator faces personal lawsuit unrelated to company activities in Detroit,Tesla,irrelevant,synthetic
Progressive shares trade lower amid rising interest rate fears — no new company news,Progressive,irrelevant,synthetic
Why is Progressive stock rises to 52-week high today? Here is what we know,Progressive,irrelevant,synthetic
JPMorgan Chase faces $3.4 billion fine from SEC over consumer protection violations,JPMorgan Chase,relevant,synthetic
UnitedHealth refreshes improved search filters to its banking app,UnitedHealth,irrelevant,synthetic
Walt Disney raises streaming subscription price for US subscribers,Walt Disney,relevant,synthetic
Comcast pays $12 million to settle a minor fair lending violation complaint with EEOC,Comcast,irrelevant,synthetic
Why is UPS stock extends its losing streak today? Here is what we know,UPS,irrelevant,synthetic
American Express faces new racial discrimination lawsuit from group of former employees in Florida court,American Express,irrelevant,synthetic
Northrop Grumman activist investor discloses $3.4 billion stake pushes for margin improvement,Northrop Grumman,relevant,synthetic
Dow rolls out simplified navigation menu to its customer portal,Dow,irrelevant,synthetic
Former Netflix sales representative files racial discrimination complaint with EEOC,Netflix,irrelevant,synthetic
CVS Health agrees to $40 million penalty over a minor fair lending violation,CVS Health,irrelevant,synthetic
Halliburton discloses CFTC subpoena related to price-fixing conspiracy,Halliburton,relevant,synthetic
Pfizer shares trade lower as investors rotate into defensives — no new company news,Pfizer,irrelevant,synthetic
ServiceNow human resources manager charged with running fraud scheme at local branch in Dallas,ServiceNow,irrelevant,synthetic
Pfizer chief executive says the housing market cannot be solved by the private sector alone,Pfizer,irrelevant,synthetic
Starbucks launches push notification settings to its customer app,Starbucks,irrelevant,synthetic
Costco chief operating officer says the housing market will shape business strategy for years to come,Costco,irrelevant,synthetic
"Home Depot and delivery service confirm merger talks, deal could be worth $1.8 billion",Home Depot,relevant,synthetic
"Dow Q2 results: beats on top and bottom line, raises outlook",Dow,relevant,synthetic
BlackRock chairman says interest rates is the biggest challenge facing businesses today,BlackRock,irrelevant,synthetic
Boeing named to LinkedIn's top companies to work for for the second straight year,Boeing,irrelevant,synthetic
Merck unveils three-year plan to cut costs by $14.0 billion,Merck,relevant,synthetic
Booking Holdings nights booked rise 9% as international travel demand surges,Booking Holdings,relevant,synthetic
Warner Bros. Discovery board approves new $8.3 billion share repurchase authorization,Warner Bros. Discovery,relevant,synthetic
Eli Lilly launches enhanced map view to its banking app,Eli Lilly,irrelevant,synthetic
CSX releases accessibility improvements to its checkout flow,CSX,irrelevant,synthetic
ServiceNow hit with $650 million penalty by CFTC over market manipulation,ServiceNow,relevant,synthetic
Is Honeywell's latest home appliances worth buying? A consumer review,Honeywell,irrelevant,synthetic
FDA orders Walt Disney to halt production at facility over contamination findings,Walt Disney,relevant,synthetic
Aflac combined ratio improves to 17.1% as claims costs moderate,Aflac,relevant,synthetic
Baird flags Chevron as a potential bidder that chose not to participate in note on Costco joint venture,Chevron,irrelevant,synthetic
"Goldman Sachs trims CVS Health to sell, flags margin pressure ahead",CVS Health,irrelevant,synthetic
"Visa reports Q4 revenue of $3.4 billion, falls short of expectations on record investment banking fees",Visa,relevant,synthetic
S&P Global Market Intelligence estimates Emerson Electric controls 41% of the streaming services market,Emerson Electric,irrelevant,synthetic
UPS ends partnership with sports personality after controversial comments online,UPS,irrelevant,synthetic
"Tesla reaches new four-year labor agreement with union representing 5,500 workers",Tesla,relevant,synthetic
"Citi boosts Wells Fargo to overweight, points to improving competitive position",Wells Fargo,irrelevant,synthetic
ServiceNow sued by former sales representative alleging gender discrimination in hiring practices,ServiceNow,irrelevant,synthetic
Yum Brands releases improved search filters to its banking app,Yum Brands,irrelevant,synthetic
Starbucks reaches $40 million agreement with CFPB to resolve an environmental reporting error,Starbucks,irrelevant,synthetic
Former Lockheed Martin former general counsel appointed to advisory board of a private equity firm,Lockheed Martin,irrelevant,synthetic
Mondelez loses beverage unit contract to rival in blow to revenue outlook,Mondelez,relevant,synthetic
ConocoPhillips chief operating officer says cryptocurrency regulation is more complex than most policymakers appreciate,ConocoPhillips,irrelevant,synthetic
"Google's divestiture deal raises questions about Microsoft's position, per Wells Fargo",Microsoft,irrelevant,synthetic
Travelers refreshes improved search filters to its banking app,Travelers,irrelevant,synthetic
Wells Fargo investment banking revenue surges 8% as M&A market recovers,Wells Fargo,relevant,synthetic
ServiceNow CFO says global trade presents both risks and opportunities for the private sector,ServiceNow,irrelevant,synthetic
Eli Lilly warns Q1 results will miss estimates due to biosimilar competition,Eli Lilly,relevant,synthetic
Warner Bros. Discovery to pay $25 million in connection with a customer privacy complaint investigation,Warner Bros. Discovery,irrelevant,synthetic
Uber agrees to sell international operations for $2.5 billion to private equity firm,Uber,relevant,synthetic
"T-Mobile to eliminate 18,000 positions as part of $2.5 billion cost reduction plan",T-Mobile,relevant,synthetic
Tesla acquires charging network operator for $180 million to bolster auto software company,Tesla,relevant,synthetic
City council debates naming rights deal for stadium near UPS offices,UPS,irrelevant,synthetic
Dow faces class-action lawsuit over alleged pay discrimination among marketing managers,Dow,irrelevant,synthetic
Amazon refreshes two-factor authentication prompts to its enterprise dashboard,Amazon,irrelevant,synthetic
Stellantis store manager faces personal lawsuit unrelated to company activities in Chicago,Stellantis,irrelevant,synthetic
Rumour: Could DuPont be looking at entering the financial services market? Analysts are watching,DuPont,irrelevant,synthetic
AbbVie releases simplified navigation menu to its retail website,AbbVie,irrelevant,synthetic
"TD Cowen raises Kimberly-Clark to outperform, flags improving demand trends",Kimberly-Clark,irrelevant,synthetic
Halliburton fined $35 million by EEOC over a minor labor board finding,Halliburton,irrelevant,synthetic
Norfolk Southern refreshes an updated help center to its retail website,Norfolk Southern,irrelevant,synthetic
Former Honeywell former CEO appointed to advisory board of a venture capital fund,Honeywell,irrelevant,synthetic
Procter & Gamble named to Fast Company's most innovative companies for the second straight year,Procter & Gamble,irrelevant,synthetic
PepsiCo issues $2.1 billion in senior notes to fund strategic acquisitions,PepsiCo,relevant,synthetic
Walmart denies wrongdoing in disability discrimination complaint filed by former employee,Walmart,irrelevant,synthetic
New documentary examines working conditions at Johnson & Johnson suppliers overseas,Johnson & Johnson,irrelevant,synthetic
Mastercard adds enhanced map view to its enterprise dashboard,Mastercard,irrelevant,synthetic
"Mizuho raises Oracle to hold, sees accelerating revenue growth",Oracle,irrelevant,synthetic
"Wells Fargo raises Uber to buy, sees margin recovery underway",Uber,irrelevant,synthetic
AbbVie CEO to deliver keynote at the World Economic Forum in Davos,AbbVie,irrelevant,synthetic
Kimberly-Clark announces $2.5 billion share buyback program,Kimberly-Clark,relevant,synthetic
Chevron president says interest rates requires coordinated global action to address effectively,Chevron,irrelevant,synthetic
Tesla branch teller charged with running fraud scheme at local branch in Boston,Tesla,irrelevant,synthetic
Former Chevron store manager files pregnancy discrimination complaint with EEOC,Chevron,irrelevant,synthetic
Halliburton cuts full-year guidance citing reduced capital expenditure from customers,Halliburton,relevant,synthetic
Save big on ConocoPhillips televisions this Black Friday — here is how,ConocoPhillips,irrelevant,synthetic
"Sources: Lowe's evaluating strategic alternatives — no deal imminent, sources say",Lowe's,irrelevant,synthetic
New documentary examines working conditions at CSX suppliers overseas,CSX,irrelevant,synthetic
Chipotle faces consumer boycott over environmental claims on packaging,Chipotle,irrelevant,synthetic
Morgan Stanley stock extends its losing streak as investors take profits across sectors,Morgan Stanley,irrelevant,synthetic
Report: Capital One holds 18% market share in search advertising per Goldman Sachs Research,Capital One,irrelevant,synthetic
Netflix software engineer arrested in connection with unrelated drug charges in Miami,Netflix,irrelevant,synthetic
Norfolk Southern ranks among Forbes' list of best employers for the first time,Norfolk Southern,irrelevant,synthetic
"Waste Management lowers Q3 outlook, sends shares sharply lower in after-hours trading",Waste Management,relevant,synthetic
Nike employees sign open letter opposing employee monitoring rollout,Nike,irrelevant,synthetic
PepsiCo confirms receipt of CFPB civil investigative demand over price-fixing conspiracy,PepsiCo,relevant,synthetic
Nike ends partnership with sports personality after personal scandal,Nike,irrelevant,synthetic
Lockheed Martin faces criticism from advocacy groups over ingredient sourcing policies,Lockheed Martin,irrelevant,synthetic
CSX chairman says consumer spending presents both risks and opportunities for the private sector,CSX,irrelevant,synthetic
Why is Apple stock rises to 52-week high today? Here is what we know,Apple,irrelevant,synthetic
"Chevron turns in a Q2 quarter investors had feared, stock drops",Chevron,relevant,synthetic
Caterpillar executive to speak at a Senate Commerce Committee hearing on workforce transformation,Caterpillar,irrelevant,synthetic
Walmart confirms receipt of SEC civil investigative demand over consumer protection violations,Walmart,relevant,synthetic
Norfolk Southern Q2 earnings of $4.22 per share misses analyst estimates,Norfolk Southern,relevant,synthetic
Comcast shares trade lower as tech sector sees profit-taking — no new company news,Comcast,irrelevant,synthetic
Report: Progressive considering going private — company declines to comment,Progressive,irrelevant,synthetic
"DuPont announces 800 corporate layoffs, shares fall on restructuring news",DuPont,relevant,synthetic
Oracle agrees to sell cloud division for $2.5 billion to consortium of investors,Oracle,relevant,synthetic
BlackRock fined $2 million by state attorneys general over a product labeling issue,BlackRock,irrelevant,synthetic
3M software engineer charged with harassment following complaint by coworker in New York,3M,irrelevant,synthetic
Starbucks tops the Street on both revenue and earnings in Q3,Starbucks,relevant,synthetic
Halliburton faces age discrimination lawsuit filed by group of loan officers,Halliburton,irrelevant,synthetic
Best ConocoPhillips deals this back-to-school season: our top picks,ConocoPhillips,irrelevant,synthetic
Berkshire Hathaway chairman says banking regulation requires coordinated global action to address effectively,Berkshire Hathaway,irrelevant,synthetic
Lowe's tops the Street on both revenue and earnings in Q3,Lowe's,relevant,synthetic
Consumer guide: Bank of America laptops ranked and reviewed,Bank of America,irrelevant,synthetic
Tesla employees protest healthcare benefit reductions at headquarters,Tesla,irrelevant,synthetic
Walt Disney CEO says banking regulation is a concern shared by businesses of all sizes,Walt Disney,irrelevant,synthetic
CSX cuts full-year guidance citing lower revenue per shipment,CSX,relevant,synthetic
Dow acquires service company for $380 million to bolster technology startup,Dow,relevant,synthetic
"Northrop Grumman Q4 results: beats on top and bottom line, raises outlook",Northrop Grumman,relevant,synthetic
"UnitedHealth announces 1,600 job cuts in R&D division amid business reorganization",UnitedHealth,relevant,synthetic
Colgate-Palmolive said to be exploring a merger in early-stage discussions,Colgate-Palmolive,irrelevant,synthetic
Morgan Stanley logistics coordinator arrested in connection with unrelated drug charges in Minneapolis,Morgan Stanley,irrelevant,synthetic
Bernstein Research estimates General Electric controls 41% of the e-commerce market,General Electric,irrelevant,synthetic
New Forrester data shows Ford gaining share in digital advertising,Ford,irrelevant,synthetic
Uber acquires travel data company for $110 million to bolster travel technology company,Uber,relevant,synthetic
"Comedian references Merck in viral stand-up set, clip goes viral",Merck,irrelevant,synthetic
FedEx human resources manager charged with embezzling from customer accounts in Houston,FedEx,irrelevant,synthetic
JPMorgan Chase workers in Boston rally to demand better pay and benefits,JPMorgan Chase,irrelevant,synthetic
JPMorgan Chase rolls out a new password manager to its customer portal,JPMorgan Chase,irrelevant,synthetic
Halliburton customer service representative arrested for allegedly cashing fraudulent checks in Chicago,Halliburton,irrelevant,synthetic
Chevron ends partnership with brand ambassador after personal scandal,Chevron,irrelevant,synthetic
Procter & Gamble to merge with household products brand in $5.1 billion combination,Procter & Gamble,relevant,synthetic
"Mastercard Q1 results: beats on top and bottom line, raises outlook",Mastercard,relevant,synthetic
UPS to spin off its air freight division as a standalone publicly traded company,UPS,relevant,synthetic
Amazon agrees to $18 million penalty over a disclosure timing issue,Amazon,irrelevant,synthetic
Verizon pulls advertising from social media platform following employee pressure,Verizon,irrelevant,synthetic
Nike workers vote to ratify new labor agreement at flagship warehouse,Nike,relevant,synthetic
EEOC opens investigation into Nike over alleged gender discrimination in workplace culture,Nike,irrelevant,synthetic
Pfizer acquires medical device company for $65 million to bolster clinical-stage drug developer,Pfizer,relevant,synthetic
Booking Holdings faces social media campaign targeting marketing to minors allegations,Booking Holdings,irrelevant,synthetic
"General Motors delivers record number of vehicles in Q3, comes in below consensus",General Motors,relevant,synthetic
Allstate ranks among Glassdoor's top-rated employers for the second straight year,Allstate,irrelevant,synthetic
Emerson Electric to pay $20 million in connection with an outdated record-keeping practice investigation,Emerson Electric,irrelevant,synthetic
Allstate faces criticism from advocacy groups over marketing to minors allegations,Allstate,irrelevant,synthetic
Netflix hit with $380 million penalty by CFPB over price-fixing conspiracy,Netflix,relevant,synthetic
Procter & Gamble acquires specialty skincare company for $65 million to bolster apparel brand,Procter & Gamble,relevant,synthetic
FedEx activist investor discloses $0.8 billion stake pushes for margin improvement,FedEx,relevant,synthetic
Morgan Stanley vs competitors: which televisions is right for you,Morgan Stanley,irrelevant,synthetic
Halliburton updates a progress tracker to its online store,Halliburton,irrelevant,synthetic
Merck cited as top player in pharmaceutical distribution by Forrester industry survey,Merck,irrelevant,synthetic
PepsiCo CEO named to Fortune's most admired companies list,PepsiCo,irrelevant,synthetic
Chipotle board approves new $5.1 billion share repurchase authorization,Chipotle,relevant,synthetic
Tesla workers in Charlotte rally to demand improved workplace safety standards,Tesla,irrelevant,synthetic
Report: Tesla looking at entering the retail banking market — company declines to comment,Tesla,irrelevant,synthetic
Kimberly-Clark settles religious discrimination complaint filed by group of retail workers for undisclosed amount,Kimberly-Clark,irrelevant,synthetic
"General Motors reaches landmark new agreement with union representing 1,200 workers",General Motors,relevant,synthetic
Procter & Gamble employees sign open letter opposing employee monitoring rollout,Procter & Gamble,irrelevant,synthetic
"UBS trims Procter & Gamble to neutral, lowers estimates on weak guidance",Procter & Gamble,irrelevant,synthetic
Bank of America ranks among Forbes' list of best employers for the first time,Bank of America,irrelevant,synthetic
Procter & Gamble cuts full-year guidance citing elevated commodity costs,Procter & Gamble,relevant,synthetic
Ralph Lauren credit rating downgraded by S&P citing strong capital position,Ralph Lauren,relevant,synthetic
"UBS downgrades American Express to overweight, lowers estimates on weak guidance",American Express,irrelevant,synthetic
Merck executive to speak at the Aspen Ideas Festival on financial regulation,Merck,irrelevant,synthetic
BlackRock Q3 earnings of $3.78 per share surpasses consensus,BlackRock,relevant,synthetic
"Emerson Electric posts Q3 net income of $2.5 billion, surpasses consensus",Emerson Electric,relevant,synthetic
Charles Schwab introduces simplified navigation menu to its retail website,Charles Schwab,irrelevant,synthetic
ExxonMobil enables push notification settings to its digital wallet,ExxonMobil,irrelevant,synthetic
Procter & Gamble district manager arrested in connection with unrelated drug charges in Atlanta,Procter & Gamble,irrelevant,synthetic
Home Depot announces 800 job cuts in retail operations amid business reorganization,Home Depot,relevant,synthetic
Waste Management shares edges higher as investors take profits across sectors,Waste Management,irrelevant,synthetic
CVS Health announces plan to separate into two independent publicly traded companies,CVS Health,relevant,synthetic
"AT&T recalls 10,000 thousand units over safety defect, faces $110 million repair bill",AT&T,relevant,synthetic
"Morgan Stanley lowers Uber to overweight, flags deteriorating pricing power",Uber,irrelevant,synthetic
"Ford reports Q4 revenue of $1.2 billion, falls short of expectations on strong vehicle delivery growth",Ford,relevant,synthetic
New Gartner data shows Chevron gaining share in pharmaceutical distribution,Chevron,irrelevant,synthetic
Save big on Amazon food delivery this Mother's Day — here is how,Amazon,irrelevant,synthetic
Under Armour drops sponsorship of esports tournament following social media backlash,Under Armour,irrelevant,synthetic
Johnson & Johnson acquires medical device company in $1.2 billion deal expanding into medical device company,Johnson & Johnson,relevant,synthetic
"Jefferies cuts Lockheed Martin to equal weight, flags rising competitive pressure",Lockheed Martin,irrelevant,synthetic
"Barclays boosts Northrop Grumman to equal weight, calls recent dip a buying opportunity",Northrop Grumman,irrelevant,synthetic
Lockheed Martin sets aside $8.3 billion to cover costs of satellite systems maker product recall,Lockheed Martin,relevant,synthetic
IBM Field hosts record crowd for playoff game,IBM,irrelevant,synthetic
Ford Q2 gross margin contracts to 19.8% on record truck sales,Ford,relevant,synthetic
Raytheon shares outperforms the broader market amid risk-off sentiment,Raytheon,irrelevant,synthetic
Kimberly-Clark cited as top player in ride-sharing by Gartner industry survey,Kimberly-Clark,irrelevant,synthetic
Travelers workers vote to authorize strike at its largest facility,Travelers,relevant,synthetic
"Comedian references Walmart in viral stand-up set, clip goes viral",Walmart,irrelevant,synthetic
"Paramount Global reports 42% drop in quarterly revenue, cuts annual guidance",Paramount Global,relevant,synthetic
Chevron chief executive says the housing market demands a thoughtful policy response from legislators,Chevron,irrelevant,synthetic
Mastercard agrees to $12 million penalty over a minor consumer notification requirement,Mastercard,irrelevant,synthetic
Nike organic sales growth of 31% in Q1 surpasses consensus on pricing and volume,Nike,relevant,synthetic
"Citi trims Yum Brands to overweight, says near-term catalysts are limited",Yum Brands,irrelevant,synthetic
Dow CFO scheduled to appear at the MIT Sloan Management Conference investor day,Dow,irrelevant,synthetic
AT&T chief operating officer says tax policy presents both risks and opportunities for the private sector,AT&T,irrelevant,synthetic
Judge orders CSX to pay $250 million in damages over consumer protection violations,CSX,relevant,synthetic
AbbVie introduces enhanced map view to its checkout flow,AbbVie,irrelevant,synthetic
Johnson & Johnson employees protest employee monitoring rollout at headquarters,Johnson & Johnson,irrelevant,synthetic
Oracle updates a new rewards tracker to its enterprise dashboard,Oracle,irrelevant,synthetic
Deere & Company updates new color themes to its online store,Deere & Company,irrelevant,synthetic
"Wells Fargo lowers General Electric to overweight, lowers price target on earnings miss",General Electric,irrelevant,synthetic
PepsiCo faces class-action lawsuit over alleged religious discrimination among store managers,PepsiCo,irrelevant,synthetic
Waste Management launches improved load times to its loyalty app,Waste Management,irrelevant,synthetic
Apple raises full-year guidance after Q3 beat on record data center orders,Apple,relevant,synthetic
"Pfizer CFO announces resignation, company names internal finance executive as replacement",Pfizer,relevant,synthetic
Tyson Foods raises full-year guidance after Q3 beat on record digital order mix,Tyson Foods,relevant,synthetic
Caterpillar stock rises to 52-week high as investors take profits across sectors,Caterpillar,irrelevant,synthetic
Colgate-Palmolive faces class-action lawsuit over alleged gender discrimination among retail associates,Colgate-Palmolive,irrelevant,synthetic
"Coca-Cola announces 2,500 job cuts in corporate functions amid strategic review",Coca-Cola,relevant,synthetic
Ralph Lauren acquires specialty skincare company in $2.5 billion deal expanding into specialty skincare company,Ralph Lauren,relevant,synthetic
Wells Fargo to pay $5 million in connection with a minor consumer notification requirement investigation,Wells Fargo,irrelevant,synthetic
Morgan Stanley ordered by EU regulators to pay $380 million over misleading investors,Morgan Stanley,relevant,synthetic
ServiceNow raises full-year guidance after Q1 beat on AI-driven demand acceleration,ServiceNow,relevant,synthetic
Comcast Q1 gross margin contracts to 34.7% on strong wireless postpaid net adds,Comcast,relevant,synthetic
Rumour: Could Berkshire Hathaway be exploring a buyout of a rival? Analysts are watching,Berkshire Hathaway,irrelevant,synthetic
Lowe's launches two-factor authentication prompts to its mobile app,Lowe's,irrelevant,synthetic
Wells Fargo issues $1.2 billion in senior notes to refinance maturing debt,Wells Fargo,relevant,synthetic
Home Depot cuts full-year guidance citing declining comparable store sales,Home Depot,relevant,synthetic
"Morgan Stanley upgrades ConocoPhillips to overweight, calls recent dip a buying opportunity",ConocoPhillips,irrelevant,synthetic
Paramount Global stock outperforms the broader market amid risk-off sentiment,Paramount Global,irrelevant,synthetic
Uber workers vote to authorize strike at flagship warehouse,Uber,relevant,synthetic
Kraft Heinz employees sign open letter opposing changes to remote work flexibility,Kraft Heinz,irrelevant,synthetic
"Wells Fargo trims Dow to overweight, sees limited upside from current levels",Dow,irrelevant,synthetic
UPS warns Q2 results will miss estimates due to slowing freight demand,UPS,relevant,synthetic
"UnitedHealth sees Q2 revenue of $3.4 billion, below prior guidance and analyst consensus",UnitedHealth,relevant,synthetic
Uber acquires travel data company for $380 million to bolster travel data company,Uber,relevant,synthetic
Pfizer faces $2.5 billion fine from EU regulators over market manipulation,Pfizer,relevant,synthetic
Verizon enables accessibility improvements to its streaming platform,Verizon,irrelevant,synthetic
"Travelers CFO announces departure, company names Wall Street veteran as replacement",Travelers,relevant,synthetic
"Dow announces 1,600 corporate layoffs, shares fall on restructuring news",Dow,relevant,synthetic
"Meta's acquisition deal raises questions about IBM's position, per Barclays",IBM,irrelevant,synthetic
"Stifel lowers Eli Lilly to buy, cites macro headwinds",Eli Lilly,irrelevant,synthetic
"Wells Fargo lowers Q2 outlook, sends shares sharply lower in after-hours trading",Wells Fargo,relevant,synthetic
Caterpillar president says interest rates will have long-lasting effects on the broader economy,Caterpillar,irrelevant,synthetic
Procter & Gamble to eliminate 800 positions as part of $0.8 billion cost reduction plan,Procter & Gamble,relevant,synthetic
"Berkshire Hathaway CFO announces retirement, company names internal finance executive as replacement",Berkshire Hathaway,relevant,synthetic
Walt Disney Q2 earnings of $3.10 per share surpasses consensus,Walt Disney,relevant,synthetic
"Morgan Stanley lowers Alphabet to neutral, warns of elevated inventory",Alphabet,irrelevant,synthetic
Under Armour pays $5 million to settle an outdated record-keeping practice complaint with SEC,Under Armour,irrelevant,synthetic
"Piper Sandler trims FedEx to equal weight, cites macro headwinds",FedEx,irrelevant,synthetic
"Bloomberg: Aflac in early discussions about a joint venture, though talks are preliminary",Aflac,irrelevant,synthetic
Procter & Gamble updates fingerprint login to its website,Procter & Gamble,irrelevant,synthetic
Coca-Cola delivery driver faces criminal charges unrelated to employment in Miami,Coca-Cola,irrelevant,synthetic
Boeing rolls out a progress tracker to its streaming platform,Boeing,irrelevant,synthetic
Honeywell CEO says the labor market is moving in the right direction but more work remains,Honeywell,irrelevant,synthetic
Allstate delivery driver arrested for allegedly cashing fraudulent checks in Dallas,Allstate,irrelevant,synthetic
Caterpillar faces class-action lawsuit over alleged racial discrimination among warehouse workers,Caterpillar,irrelevant,synthetic
Tyson Foods retail associate suspended following investigation into personal conduct in Chicago,Tyson Foods,irrelevant,synthetic
Costco shares outperforms the broader market amid broader market selloff,Costco,irrelevant,synthetic
Nike pulls advertising from streaming service following content moderation controversy,Nike,irrelevant,synthetic
Protests outside Walmart headquarters over unrelated political issue,Walmart,irrelevant,synthetic
"Stellantis Q1: revenue in line, margins disappoint, guidance cut",Stellantis,relevant,synthetic
Mastercard unveils three-year plan to cut costs by $1.2 billion,Mastercard,relevant,synthetic
Group of former AbbVie warehouse workers alleges pay discrimination in federal class-action,AbbVie,irrelevant,synthetic
"Baird downgrades Johnson & Johnson to equal weight, sees limited upside from current levels",Johnson & Johnson,irrelevant,synthetic
Mondelez divests snack foods division in $3.0 billion deal as part of strategic review,Mondelez,relevant,synthetic
Mastercard pulls advertising from video sharing platform following controversial comments online,Mastercard,irrelevant,synthetic
Kimberly-Clark agrees to sell oral care business for $1.2 billion to private equity firm,Kimberly-Clark,relevant,synthetic
Save big on ExxonMobil smartphones this Cyber Monday — here is how,ExxonMobil,irrelevant,synthetic
Bank of America chief operating officer says cryptocurrency regulation will shape business strategy for years to come,Bank of America,irrelevant,synthetic
"Ford reaches tentative contract deal with union representing 2,000 workers",Ford,relevant,synthetic
Ralph Lauren factory worker arrested after incident caught on security camera in New York,Ralph Lauren,irrelevant,synthetic
Yum Brands updates a redesigned home screen to its loyalty app,Yum Brands,irrelevant,synthetic
ExxonMobil faces pregnancy discrimination lawsuit filed by former executive,ExxonMobil,irrelevant,synthetic
Target co-founder says AI regulation is more complex than most policymakers appreciate,Target,irrelevant,synthetic
Netflix discloses CFPB subpoena related to market manipulation,Netflix,relevant,synthetic
Allstate faces new disability discrimination lawsuit from former executive in Michigan court,Allstate,irrelevant,synthetic
Former General Motors former general counsel appointed to advisory board of a fintech startup,General Motors,irrelevant,synthetic
City council debates naming rights deal for stadium near Chipotle offices,Chipotle,irrelevant,synthetic
Bank of America flags Target as a potential bidder that chose not to participate in note on FedEx joint venture,Target,irrelevant,synthetic
"Barclays lifts Microsoft to sell, cites strong earnings visibility",Microsoft,irrelevant,synthetic
Paramount Global names industry veteran as new chief executive following board review,Paramount Global,relevant,synthetic
Kimberly-Clark chief executive says the federal budget is top of mind for executives across every industry,Kimberly-Clark,irrelevant,synthetic
"Stifel lowers Raytheon to underperform, warns of elevated inventory",Raytheon,irrelevant,synthetic
Travelers credit rating upgraded by Fitch citing rising leverage,Travelers,relevant,synthetic
Dow former chief marketing officer joins a non-profit board as its new chief executive,Dow,irrelevant,synthetic
3M chief executive says global trade is creating uncertainty for long-term investment decisions,3M,irrelevant,synthetic
Former Mastercard software engineer files gender discrimination complaint with EEOC,Mastercard,irrelevant,synthetic
Nike acquires apparel brand for $380 million to bolster apparel brand,Nike,relevant,synthetic
EEOC opens investigation into Caterpillar over alleged racial harassment in termination policies,Caterpillar,irrelevant,synthetic
McDonald's said to be considering a headquarters relocation in early-stage discussions,McDonald's,irrelevant,synthetic
Wells Fargo introduces push notification settings to its employee portal,Wells Fargo,irrelevant,synthetic
Nike shares trade lower as the S&P 500 drops — no new company news,Nike,irrelevant,synthetic
American Express issues voluntary recall of insurance company product over potential safety concern,American Express,relevant,synthetic
ServiceNow CEO says interest rates will have long-lasting effects on the broader economy,ServiceNow,irrelevant,synthetic
ExxonMobil activist investor discloses $8.3 billion stake pushes for margin improvement,ExxonMobil,relevant,synthetic
Walt Disney named to Fortune's most admired companies list for the fifth year running,Walt Disney,irrelevant,synthetic
Procter & Gamble issues $3.4 billion in senior notes to fund capital expenditures,Procter & Gamble,relevant,synthetic
ConocoPhillips agrees to $45 million penalty over a minor data handling violation,ConocoPhillips,irrelevant,synthetic
Allstate names industry veteran as new chief executive following activist pressure,Allstate,relevant,synthetic
Sources: Alphabet close to finalising acquisition of AI startup for $90.0 billion,Alphabet,relevant,synthetic
Eli Lilly cuts full-year guidance citing drug pricing pressure,Eli Lilly,relevant,synthetic
American Express Q3 earnings of $2.14 per share beats analyst estimates,American Express,relevant,synthetic
"Uber reports 8% drop in quarterly revenue, cuts annual guidance",Uber,relevant,synthetic
"Bernstein raises Warner Bros. Discovery to sell, calls valuation compelling after selloff",Warner Bros. Discovery,irrelevant,synthetic
Progressive delivery driver faces criminal charges unrelated to employment in Minneapolis,Progressive,irrelevant,synthetic
McDonald's announces $1.2 billion share buyback program,McDonald's,relevant,synthetic
T-Mobile faces social media campaign targeting marketing to minors allegations,T-Mobile,irrelevant,synthetic
Former DuPont former CFO appointed to advisory board of a hedge fund,DuPont,irrelevant,synthetic
Accenture says full-year revenue will fall short of prior guidance by 11%,Accenture,relevant,synthetic
Local school renamed after Verizon founder despite community debate,Verizon,irrelevant,synthetic
UnitedHealth raises full-year earnings guidance following stronger-than-expected drug sales,UnitedHealth,relevant,synthetic
Group of former General Electric software engineers alleges pregnancy discrimination in federal class-action,General Electric,irrelevant,synthetic
Pfizer activist investor discloses $14.0 billion stake pushes for margin improvement,Pfizer,relevant,synthetic
Former Northrop Grumman former general counsel named to lead a healthcare company,Northrop Grumman,irrelevant,synthetic
Allstate agrees to $250 million settlement with DOJ over data privacy violations,Allstate,relevant,synthetic
JPMorgan Chase to present at the Aspen Ideas Festival next month,JPMorgan Chase,irrelevant,synthetic
Johnson & Johnson raises quarterly dividend 21% to $0.85 per share,Johnson & Johnson,relevant,synthetic
McDonald's credit rating placed on negative watch by S&P citing progress on cost reduction,McDonald's,relevant,synthetic
"Evercore ISI cuts Apple to buy, flags margin pressure ahead",Apple,irrelevant,synthetic
Travelers president says immigration policy is creating uncertainty for long-term investment decisions,Travelers,irrelevant,synthetic
Target acquires specialty retailer for $250 million to bolster specialty retailer,Target,relevant,synthetic
PepsiCo logistics coordinator arrested for allegedly cashing fraudulent checks in Chicago,PepsiCo,irrelevant,synthetic
Verizon branch teller arrested for alleged theft from delivery route in Chicago,Verizon,irrelevant,synthetic
UnitedHealth recognized on Forbes' list of best employers for workplace culture,UnitedHealth,irrelevant,synthetic
Stellantis ordered by CFTC to pay $180 million over misleading investors,Stellantis,relevant,synthetic
Accenture faces class-action over cloud infrastructure company product defect affecting millions of users,Accenture,relevant,synthetic
ServiceNow denies wrongdoing in pregnancy discrimination complaint filed by former sales representative,ServiceNow,irrelevant,synthetic
"Boeing to eliminate 4,000 positions as part of $8.3 billion cost reduction plan",Boeing,relevant,synthetic
"ConocoPhillips CFO announces departure, company names industry outsider as replacement",ConocoPhillips,relevant,synthetic
Tyson Foods CEO says global trade requires urgent attention from elected officials,Tyson Foods,irrelevant,synthetic
Why is Progressive stock falls to 52-week low today? Here is what we know,Progressive,irrelevant,synthetic
"Capital One posts Q2 net income of $2.5 billion, comes in below consensus",Capital One,relevant,synthetic
Starbucks human resources manager cited for personal safety violation in Detroit,Starbucks,irrelevant,synthetic
Pfizer co-founder says healthcare costs is moving in the right direction but more work remains,Pfizer,irrelevant,synthetic
"Needham lifts Deere & Company to underperform, sees accelerating revenue growth",Deere & Company,irrelevant,synthetic
"Boeing to eliminate 5,500 positions as part of $2.5 billion cost reduction plan",Boeing,relevant,synthetic
"Starbucks divestiture seen as competitive threat to Deere & Company, analyst says",Deere & Company,irrelevant,synthetic
Accenture sales representative arrested after incident caught on security camera in Atlanta,Accenture,irrelevant,synthetic
Procter & Gamble pulls advertising from streaming service following controversial comments online,Procter & Gamble,irrelevant,synthetic
Alphabet CFO says energy policy demands a thoughtful policy response from legislators,Alphabet,irrelevant,synthetic
Aflac logistics coordinator arrested in connection with unrelated drug charges in New York,Aflac,irrelevant,synthetic
Chevron loses downstream refining unit contract to rival in blow to revenue outlook,Chevron,relevant,synthetic
"Evercore ISI cuts Lockheed Martin to hold, says near-term catalysts are limited",Lockheed Martin,irrelevant,synthetic
Warner Bros. Discovery Q2 earnings of $5.37 per share tops expectations,Warner Bros. Discovery,relevant,synthetic
FedEx rolls out in-app chat support to its retail website,FedEx,irrelevant,synthetic
Tesla chief executive says the labor market is something all companies need to take seriously,Tesla,irrelevant,synthetic
Aflac launches two-factor authentication prompts to its cloud console,Aflac,irrelevant,synthetic
Berkshire Hathaway adds an updated help center to its website,Berkshire Hathaway,irrelevant,synthetic
Former Johnson & Johnson customer service representative files age discrimination complaint with EEOC,Johnson & Johnson,irrelevant,synthetic
Raytheon CFO says tax policy is moving in the right direction but more work remains,Raytheon,irrelevant,synthetic
Yum Brands Q2 operating income surges 24% on strong organic volume growth,Yum Brands,relevant,synthetic
AT&T store manager arrested for allegedly cashing fraudulent checks in New York,AT&T,irrelevant,synthetic
"Mondelez sees Q2 revenue of $0.8 billion, below prior guidance and analyst consensus",Mondelez,relevant,synthetic
General Electric raises full-year guidance after Q1 beat on strong construction equipment demand,General Electric,relevant,synthetic
Former Chevron software engineer files racial harassment complaint with EEOC,Chevron,irrelevant,synthetic
Wells Fargo CFO scheduled to appear at the Allen & Company Sun Valley conference investor day,Wells Fargo,irrelevant,synthetic
AT&T Q1 earnings of $3.10 per share falls short of expectations,AT&T,relevant,synthetic
Wells Fargo logistics coordinator arrested in connection with unrelated drug charges in Atlanta,Wells Fargo,irrelevant,synthetic
Capital One loses retail brokerage unit contract to rival in blow to revenue outlook,Capital One,relevant,synthetic
Mother's Day: the best Under Armour software subscriptions deals you can get right now,Under Armour,irrelevant,synthetic
Chipotle chief executive says banking regulation is something all companies need to take seriously,Chipotle,irrelevant,synthetic
Starbucks cuts full-year guidance citing traffic softness amid consumer trade-down,Starbucks,relevant,synthetic
Charles Schwab faces disability discrimination lawsuit filed by former sales representative,Charles Schwab,irrelevant,synthetic
Wells Fargo raises quarterly dividend 24% to $1.38 per share,Wells Fargo,relevant,synthetic
Goldman Sachs branch teller arrested for allegedly cashing fraudulent checks in New York,Goldman Sachs,irrelevant,synthetic
Report: T-Mobile exploring a buyout of a rival — company declines to comment,T-Mobile,irrelevant,synthetic
Deere & Company reaches $45 million agreement with local labor board to resolve an advertising standards complaint,Deere & Company,irrelevant,synthetic
"Barclays downgrades Republic Services to outperform, sees limited upside from current levels",Republic Services,irrelevant,synthetic
PepsiCo ranks among Barron's most sustainable companies for the fifth year running,PepsiCo,irrelevant,synthetic
Meta to pay $8 million in connection with a product labeling issue investigation,Meta,irrelevant,synthetic
Amazon chief operating officer says inflation demands a thoughtful policy response from legislators,Amazon,irrelevant,synthetic
General Electric financial advisor arrested for allegedly cashing fraudulent checks in Chicago,General Electric,irrelevant,synthetic
"UPS reports 15% drop in quarterly revenue, cuts annual guidance",UPS,relevant,synthetic
American Express chief executive says the federal budget is top of mind for executives across every industry,American Express,irrelevant,synthetic
Report: CSX considering a headquarters relocation — company declines to comment,CSX,irrelevant,synthetic
Dollar General fined $25 million by EEOC over a minor fair lending violation,Dollar General,irrelevant,synthetic
"Barclays raises Dow to sell, says near-term headwinds are priced in",Dow,irrelevant,synthetic
ServiceNow to acquire AI startup for $5.1 billion in all-stock deal,ServiceNow,relevant,synthetic
Target settles pregnancy discrimination complaint filed by group of warehouse workers for undisclosed amount,Target,irrelevant,synthetic
How JPMorgan Chase's restructuring could reshape the competitive landscape for ServiceNow,ServiceNow,irrelevant,synthetic
JPMorgan Chase Q4 gross margin widens to 37.1% on strong card spending volumes,JPMorgan Chase,relevant,synthetic
Mastercard snaps up payments company for $500 million in bolt-on acquisition,Mastercard,relevant,synthetic
Alphabet district manager faces restraining order filed by former coworker in Charlotte,Alphabet,irrelevant,synthetic
DuPont faces criticism from advocacy groups over environmental claims on packaging,DuPont,irrelevant,synthetic
Dow faces class-action lawsuit over alleged racial harassment among district managers,Dow,irrelevant,synthetic
"Bloomberg: Netflix considering selling its media division, though talks are preliminary",Netflix,irrelevant,synthetic
New IDC data shows American Express gaining share in ride-sharing,American Express,irrelevant,synthetic
Dow CEO to deliver keynote at the Milken Institute Global Conference,Dow,irrelevant,synthetic
Apple refreshes accessibility improvements to its checkout flow,Apple,irrelevant,synthetic
"Needham trims Nike to neutral, lowers price target on earnings miss",Nike,irrelevant,synthetic
Berkshire Hathaway issues $14.0 billion in senior notes to fund capital expenditures,Berkshire Hathaway,relevant,synthetic
"Merck to eliminate 5,500 positions as part of $14.0 billion cost reduction plan",Merck,relevant,synthetic
"Alphabet CEO departs following board review, board promotes division head to top role",Alphabet,relevant,synthetic
"AbbVie CFO announces resignation, company names former divisional CFO as replacement",AbbVie,relevant,synthetic
Former Norfolk Southern former general counsel appointed to advisory board of a healthcare company,Norfolk Southern,irrelevant,synthetic
"Sources: Paramount Global in early discussions about a joint venture — no deal imminent, sources say",Paramount Global,irrelevant,synthetic
"Evercore ISI downgrades Verizon to neutral, flags deteriorating pricing power",Verizon,irrelevant,synthetic
Group of former AT&T store managers alleges gender discrimination in federal class-action,AT&T,irrelevant,synthetic
"Nvidia lowers Q2 outlook, sends shares sharply lower in after-hours trading",Nvidia,relevant,synthetic
Former Caterpillar retail associate files pay discrimination complaint with EEOC,Caterpillar,irrelevant,synthetic
Nike branch teller charged with running fraud scheme at local branch in Phoenix,Nike,irrelevant,synthetic
JPMorgan Chase CEO says the federal budget is a concern shared by businesses of all sizes,JPMorgan Chase,irrelevant,synthetic
McDonald's announces $2.1 billion share buyback program,McDonald's,relevant,synthetic
Rumour: Could Aflac be considering selling its media division? Analysts are watching,Aflac,irrelevant,synthetic
CSX former CEO departs to become partner at a healthcare company,CSX,irrelevant,synthetic
Merck sued by group of loan officers alleging age discrimination in hiring practices,Merck,irrelevant,synthetic
DuPont former president departs to become partner at a private equity firm,DuPont,irrelevant,synthetic
T-Mobile pulls advertising from streaming service following offensive social media post,T-Mobile,irrelevant,synthetic
Goldman Sachs Q4 operating income surges 15% on record investment banking fees,Goldman Sachs,relevant,synthetic
"FedEx announces 3,000 job cuts in consumer unit amid strategic review",FedEx,relevant,synthetic
Colgate-Palmolive launches spending insights tab to its customer portal,Colgate-Palmolive,irrelevant,synthetic
"Halliburton announces 1,200 job cuts in retail operations amid business reorganization",Halliburton,relevant,synthetic
"Jefferies boosts Mastercard to outperform, calls recent dip a buying opportunity",Mastercard,irrelevant,synthetic
"Barclays downgrades CVS Health to overweight, flags execution risks",CVS Health,irrelevant,synthetic
"General Motors delivers record number of vehicles in Q1, surpasses consensus",General Motors,relevant,synthetic
Aflac ordered by EPA to pay $180 million over market manipulation,Aflac,relevant,synthetic
Capital One agrees to sell consumer banking arm for $1.2 billion to strategic acquirer,Capital One,relevant,synthetic
General Motors ends partnership with sports personality after controversial comments online,General Motors,irrelevant,synthetic
Colgate-Palmolive settles disability discrimination complaint filed by group of delivery drivers for undisclosed amount,Colgate-Palmolive,irrelevant,synthetic
"UBS trims Warner Bros. Discovery to sell, lowers estimates on weak guidance",Warner Bros. Discovery,irrelevant,synthetic
Is Mondelez's latest running shoes worth buying? A consumer review,Mondelez,irrelevant,synthetic
Is Republic Services's latest sneakers worth buying? A consumer review,Republic Services,irrelevant,synthetic
FDA orders Booking Holdings to halt production at facility over contamination findings,Booking Holdings,relevant,synthetic
"Barclays raises IBM to neutral, sees accelerating revenue growth",IBM,irrelevant,synthetic
"Deutsche Bank raises Airbnb to equal weight, sees margin recovery underway",Airbnb,irrelevant,synthetic
Berkshire Hathaway sales representative faces personal lawsuit unrelated to company activities in Houston,Berkshire Hathaway,irrelevant,synthetic
Progressive names industry veteran as new chief executive following CEO transition,Progressive,relevant,synthetic
Merck chairman says supply chain resilience presents both risks and opportunities for the private sector,Merck,irrelevant,synthetic
Deere & Company employees protest termination of diversity programs at headquarters,Deere & Company,irrelevant,synthetic
Verizon sued by former employee alleging sexual harassment in pay practices,Verizon,irrelevant,synthetic
Berkshire Hathaway names longtime board member as new chief executive following activist pressure,Berkshire Hathaway,relevant,synthetic
Visa raises quarterly dividend 21% to $0.62 per share,Visa,relevant,synthetic
Report: Under Armour in early discussions about a joint venture — company declines to comment,Under Armour,irrelevant,synthetic
Uber executive to speak at the World Economic Forum in Davos on the global supply chain,Uber,irrelevant,synthetic
Nike drops sponsorship of annual awards show following social media backlash,Nike,irrelevant,synthetic
Dow executive to speak at the Goldman Sachs Communacopia conference on the future of AI,Dow,irrelevant,synthetic
Republic Services district manager arrested in connection with unrelated drug charges in Detroit,Republic Services,irrelevant,synthetic
Visa to acquire insurance company for $14.0 billion in stock-and-cash transaction,Visa,relevant,synthetic
Allstate sued by group of retail workers alleging disability discrimination in performance reviews,Allstate,irrelevant,synthetic
"Travelers lowers Q3 outlook, sends shares sharply lower in after-hours trading",Travelers,relevant,synthetic
Northrop Grumman Q4 gross margin widens to 13.2% on strong government defense spending,Northrop Grumman,relevant,synthetic
Starbucks agrees to $8 million penalty over a disclosure timing issue,Starbucks,irrelevant,synthetic
Merck agrees to sell insurance unit for $14.0 billion to private equity firm,Merck,relevant,synthetic
Booking Holdings customer service representative arrested after incident caught on security camera in Boston,Booking Holdings,irrelevant,synthetic
Republic Services software engineer faces restraining order filed by former coworker in Miami,Republic Services,irrelevant,synthetic
Walmart recognized on Barron's most sustainable companies for workplace culture,Walmart,irrelevant,synthetic
Kimberly-Clark executive to speak at the Milken Institute Global Conference on the global supply chain,Kimberly-Clark,irrelevant,synthetic
Warner Bros. Discovery chief operating officer says consumer spending is something all companies need to take seriously,Warner Bros. Discovery,irrelevant,synthetic
Progressive cuts full-year guidance citing rising claims severity,Progressive,relevant,synthetic
Charles Schwab CEO joins panel discussion at the Allen & Company Sun Valley conference on innovation and growth,Charles Schwab,irrelevant,synthetic
Under Armour cuts full-year guidance citing volume declines from price elasticity,Under Armour,relevant,synthetic
Nvidia data center revenue surges 42% on record AI chip demand,Nvidia,relevant,synthetic
"Bank of America boosts IBM to overweight, cites strong earnings visibility",IBM,irrelevant,synthetic
Is Bank of America's latest running shoes worth buying? A consumer review,Bank of America,irrelevant,synthetic
Comcast blows past Q4 estimates on strong wireless postpaid net adds,Comcast,relevant,synthetic
Meta to acquire enterprise software company for $3.4 billion in all-stock deal,Meta,relevant,synthetic
Nvidia chairman says the housing market demands a thoughtful policy response from legislators,Nvidia,irrelevant,synthetic
Meta employees sign open letter opposing termination of diversity programs,Meta,irrelevant,synthetic
Mastercard acquires fintech startup for $750 million to bolster fintech startup,Mastercard,relevant,synthetic
Booking Holdings faces social media campaign targeting environmental claims on packaging,Booking Holdings,irrelevant,synthetic
"Citi boosts Dollar General to neutral, sees margin recovery underway",Dollar General,irrelevant,synthetic
CVS Health in deal to take over clinical-stage drug developer for $2.5 billion,CVS Health,relevant,synthetic
Merck to acquire biotech startup for $3.4 billion in all-stock deal,Merck,relevant,synthetic
CSX raises per-shipment surcharge citing fuel and labor cost pressures,CSX,relevant,synthetic
"Chipotle lowers Q4 outlook, sends shares sharply lower in after-hours trading",Chipotle,relevant,synthetic
Paramount Global launches a new password manager to its cloud console,Paramount Global,irrelevant,synthetic
General Electric settles disability discrimination complaint filed by former employee for undisclosed amount,General Electric,irrelevant,synthetic
Booking Holdings cuts full-year guidance citing weakening travel demand,Booking Holdings,relevant,synthetic
"Jefferies raises Starbucks to overweight, cites market share gains",Starbucks,irrelevant,synthetic
Raytheon CFO says immigration policy is the biggest challenge facing businesses today,Raytheon,irrelevant,synthetic
Kraft Heinz adds in-app chat support to its enterprise dashboard,Kraft Heinz,irrelevant,synthetic
Accenture CEO named to Fortune's most admired companies list,Accenture,irrelevant,synthetic
"Bloomberg: Booking Holdings considering selling its media division, though talks are preliminary",Booking Holdings,irrelevant,synthetic
Walmart employees protest return-to-office mandate at headquarters,Walmart,irrelevant,synthetic
Accenture cited as top player in semiconductor manufacturing by Gartner industry survey,Accenture,irrelevant,synthetic
Dow CFO says the housing market demands a thoughtful policy response from legislators,Dow,irrelevant,synthetic
EEOC opens investigation into Dollar General over alleged racial harassment in hiring practices,Dollar General,irrelevant,synthetic
Booking Holdings earns top score on Fast Company's most innovative companies,Booking Holdings,irrelevant,synthetic
Yum Brands launches spending insights tab to its loyalty app,Yum Brands,irrelevant,synthetic
New Goldman Sachs Research data shows Accenture gaining share in smartphone sales,Accenture,irrelevant,synthetic
IDC estimates Visa controls 52% of the digital advertising market,Visa,irrelevant,synthetic
PepsiCo Q2 gross margin widens to 29.8% on strong same-store sales growth,PepsiCo,relevant,synthetic
Honeywell faces national origin discrimination lawsuit filed by former sales representative,Honeywell,irrelevant,synthetic
"Bank of America upgrades McDonald's to hold, calls recent dip a buying opportunity",McDonald's,irrelevant,synthetic
Kimberly-Clark CFO says the housing market cannot be solved by the private sector alone,Kimberly-Clark,irrelevant,synthetic
"Mizuho raises General Motors to hold, sees accelerating revenue growth",General Motors,irrelevant,synthetic
AbbVie Q3 earnings of $1.87 per share surpasses consensus,AbbVie,relevant,synthetic
Goldman Sachs Research estimates Comcast controls 44% of the smartphone sales market,Comcast,irrelevant,synthetic
Wells Fargo said to be evaluating strategic alternatives in early-stage discussions,Wells Fargo,irrelevant,synthetic
Tesla employees sign open letter opposing changes to remote work flexibility,Tesla,irrelevant,synthetic
FedEx shares trade lower as investors rotate into defensives — no new company news,FedEx,irrelevant,synthetic
Netflix chairman says inflation presents both risks and opportunities for the private sector,Netflix,irrelevant,synthetic
Chevron lays out roadmap to 27% operating margin by 2027,Chevron,relevant,synthetic
"Piper Sandler boosts Lowe's to equal weight, points to improving competitive position",Lowe's,irrelevant,synthetic
FedEx to present at the MIT Sloan Management Conference next month,FedEx,irrelevant,synthetic
"ConocoPhillips to eliminate 2,000 positions as part of $5.1 billion cost reduction plan",ConocoPhillips,relevant,synthetic
Consumer guide: Tyson Foods airline miles cards ranked and reviewed,Tyson Foods,irrelevant,synthetic
BlackRock human resources manager cited for personal safety violation in Charlotte,BlackRock,irrelevant,synthetic
3M employees protest new attendance tracking system at headquarters,3M,irrelevant,synthetic
Emerson Electric divests safety products division in $1.2 billion deal as part of strategic review,Emerson Electric,relevant,synthetic
"Target turns in a Q3 quarter investors had feared, stock drops",Target,relevant,synthetic
"Citi trims Eli Lilly to overweight, says valuation stretched after recent rally",Eli Lilly,irrelevant,synthetic
IBM faces $22.0 billion fine from state attorneys general over environmental violations,IBM,relevant,synthetic
Deere & Company issues $1.2 billion in senior notes to refinance maturing debt,Deere & Company,relevant,synthetic
Wells Fargo CEO says cryptocurrency regulation cannot be solved by the private sector alone,Wells Fargo,irrelevant,synthetic
Former Procter & Gamble financial advisor files national origin discrimination complaint with EEOC,Procter & Gamble,irrelevant,synthetic
Capital One ordered by state attorneys general to pay $215 million over consumer protection violations,Capital One,relevant,synthetic
Raytheon store manager charged with assault following workplace altercation in Houston,Raytheon,irrelevant,synthetic
General Motors CEO to deliver keynote at the Aspen Ideas Festival,General Motors,irrelevant,synthetic
AT&T branch teller faces criminal charges unrelated to employment in Denver,AT&T,irrelevant,synthetic
IBM Q4 miss: revenue and earnings both fall short as softer consumer device demand,IBM,relevant,synthetic
Rumour: Could Waste Management be exploring a merger? Analysts are watching,Waste Management,irrelevant,synthetic
Charles Schwab faces class-action lawsuit over alleged pregnancy discrimination among human resources managers,Charles Schwab,irrelevant,synthetic
Microsoft data center revenue surges 27% on record AI chip demand,Microsoft,relevant,synthetic
"Piper Sandler boosts Lockheed Martin to hold, sees accelerating revenue growth",Lockheed Martin,irrelevant,synthetic
Walt Disney faces criticism from advocacy groups over marketing to minors allegations,Walt Disney,irrelevant,synthetic
McDonald's fined $10 million by state attorneys general over a customer privacy complaint,McDonald's,irrelevant,synthetic
Dollar General workers vote to ratify new labor agreement at key distribution center,Dollar General,relevant,synthetic
Microsoft workers circulate petition calling for improved workplace safety standards,Microsoft,irrelevant,synthetic
Dow faces consumer boycott over executive compensation disclosures,Dow,irrelevant,synthetic
Bank of America president says interest rates requires urgent attention from elected officials,Bank of America,irrelevant,synthetic
Oracle blows past Q4 estimates on AI-driven demand acceleration,Oracle,relevant,synthetic
"Nike divestiture seen as competitive threat to Costco, analyst says",Costco,irrelevant,synthetic
Mastercard raises quarterly dividend 7% to $1.25 per share,Mastercard,relevant,synthetic
Kraft Heinz pulls advertising from streaming service following community backlash,Kraft Heinz,irrelevant,synthetic
"Airbnb to eliminate 12,000 positions as part of $1.2 billion cost reduction plan",Airbnb,relevant,synthetic
Is Norfolk Southern's latest smartphones worth buying? A consumer review,Norfolk Southern,irrelevant,synthetic
ServiceNow shares extends its losing streak amid risk-off sentiment,ServiceNow,irrelevant,synthetic
"Home Depot announces 10,000 job cuts in R&D division amid cost reduction program",Home Depot,relevant,synthetic
JPMorgan flags Halliburton among the companies most affected by the deal in note on Apple divestiture,Halliburton,irrelevant,synthetic
Apple tops the Street on both revenue and earnings in Q2,Apple,relevant,synthetic
"Paramount Global reports Q1 revenue of $3.0 billion, falls short of expectations on improved advertising revenue",Paramount Global,relevant,synthetic
Oracle customer service representative charged with embezzling from customer accounts in New York,Oracle,irrelevant,synthetic
the holiday season: the best Progressive televisions deals you can get right now,Progressive,irrelevant,synthetic
Ralph Lauren drops sponsorship of annual awards show following social media backlash,Ralph Lauren,irrelevant,synthetic
"Raytheon turns in a Q4 quarter investors had feared, stock drops",Raytheon,relevant,synthetic
Procter & Gamble unveils three-year plan to cut costs by $1.8 billion,Procter & Gamble,relevant,synthetic
Verizon vs competitors: which software subscriptions is right for you,Verizon,irrelevant,synthetic
Wells Fargo branch teller arrested after incident caught on security camera in Atlanta,Wells Fargo,irrelevant,synthetic
Bank of America raises quarterly dividend 7% to $0.45 per share,Bank of America,relevant,synthetic
"RBC Capital Markets cuts Target to sell, lowers price target on earnings miss",Target,irrelevant,synthetic
Yum Brands logistics coordinator arrested after incident caught on security camera in Philadelphia,Yum Brands,irrelevant,synthetic
"Deere & Company announces 10,000 corporate layoffs, shares fall on restructuring news",Deere & Company,relevant,synthetic
Ford confirms receipt of EPA civil investigative demand over market manipulation,Ford,relevant,synthetic
BlackRock credit rating downgraded by S&P citing diversified revenue mix,BlackRock,relevant,synthetic
Allstate employees protest return-to-office mandate at headquarters,Allstate,irrelevant,synthetic
Target retail associate suspended following investigation into personal conduct in New York,Target,irrelevant,synthetic
ExxonMobil software engineer sued by customer over personal conduct during shift in Atlanta,ExxonMobil,irrelevant,synthetic
"Airbnb reports 21% drop in quarterly revenue, cuts annual guidance",Airbnb,relevant,synthetic
"CVS Health receives FDA approval for new medical device company treatment, shares rise",CVS Health,relevant,synthetic
"ServiceNow to eliminate 4,000 positions as part of $22.0 billion cost reduction plan",ServiceNow,relevant,synthetic
AbbVie denies wrongdoing in sexual harassment complaint filed by group of retail workers,AbbVie,irrelevant,synthetic
Charles Schwab rolls out a new rewards tracker to its streaming platform,Charles Schwab,irrelevant,synthetic
"Pfizer reaches new four-year labor agreement with union representing 5,500 workers",Pfizer,relevant,synthetic
"Piper Sandler boosts American Express to buy, sees accelerating revenue growth",American Express,irrelevant,synthetic
Aflac human resources manager charged with harassment following complaint by coworker in Atlanta,Aflac,irrelevant,synthetic
FedEx employees protest new attendance tracking system at headquarters,FedEx,irrelevant,synthetic
Jefferies flags Starbucks as a likely target in a broader sector consolidation in note on FedEx merger,Starbucks,irrelevant,synthetic
"Needham raises Capital One to hold, cites market share gains",Capital One,irrelevant,synthetic
Visa settles gender discrimination complaint filed by group of delivery drivers for undisclosed amount,Visa,irrelevant,synthetic
Dow warns Q2 results will miss estimates due to weaker-than-expected pricing,Dow,relevant,synthetic
Northrop Grumman store manager arrested for alleged theft from delivery route in Boston,Northrop Grumman,irrelevant,synthetic
Accenture credit rating downgraded by Fitch citing strong capital position,Accenture,relevant,synthetic
Wells Fargo suspends quarterly dividend amid cash flow concerns,Wells Fargo,relevant,synthetic
Charles Schwab ranks among Time's 100 most influential companies for the first time,Charles Schwab,irrelevant,synthetic
Amazon financial advisor arrested after incident caught on security camera in Charlotte,Amazon,irrelevant,synthetic
IBM blows past Q1 estimates on robust enterprise software renewals,IBM,relevant,synthetic
Emerson Electric human resources manager arrested in connection with unrelated drug charges in Denver,Emerson Electric,irrelevant,synthetic
TD Cowen flags Colgate-Palmolive as a potential bidder that chose not to participate in note on Starbucks merger,Colgate-Palmolive,irrelevant,synthetic
Report: Lockheed Martin holds 27% market share in ride-sharing per Nielsen,Lockheed Martin,irrelevant,synthetic
Halliburton CEO to deliver keynote at the Goldman Sachs Communacopia conference,Halliburton,irrelevant,synthetic
Nvidia former president leaves to join a venture capital fund in senior role,Nvidia,irrelevant,synthetic
Comcast denies wrongdoing in national origin discrimination complaint filed by group of warehouse workers,Comcast,irrelevant,synthetic
Group of former General Motors store managers alleges racial discrimination in federal class-action,General Motors,irrelevant,synthetic
Microsoft announces plan to separate into two independent publicly traded companies,Microsoft,relevant,synthetic
General Motors vs competitors: which headphones is right for you,General Motors,irrelevant,synthetic
"RBC Capital Markets downgrades American Express to sell, cites macro headwinds",American Express,irrelevant,synthetic
IBM Q4 operating income surges 24% on strong advertising revenue,IBM,relevant,synthetic
Ralph Lauren co-founder says energy policy is more complex than most policymakers appreciate,Ralph Lauren,irrelevant,synthetic
McDonald's factory worker cited for personal safety violation in Seattle,McDonald's,irrelevant,synthetic
Tyson Foods releases dark mode to its developer portal,Tyson Foods,irrelevant,synthetic
Colgate-Palmolive credit rating upgraded by DBRS citing deteriorating free cash flow,Colgate-Palmolive,relevant,synthetic
FedEx chief executive says the federal budget cannot be solved by the private sector alone,FedEx,irrelevant,synthetic
Microsoft announces $90.0 billion share buyback program,Microsoft,relevant,synthetic
Best Chevron deals this Black Friday: our top picks,Chevron,irrelevant,synthetic
Republic Services president says data privacy law is something all companies need to take seriously,Republic Services,irrelevant,synthetic
Caterpillar to acquire industrial software company for $1.2 billion in all-stock deal,Caterpillar,relevant,synthetic
"Merck announces 4,000 corporate layoffs, shares fall on restructuring news",Merck,relevant,synthetic
"Comedian references Visa in viral stand-up set, clip goes viral",Visa,irrelevant,synthetic
"Evercore ISI trims Caterpillar to sell, cites macro headwinds",Caterpillar,irrelevant,synthetic
Paramount Global agrees to sell film studio for $8.3 billion to private equity firm,Paramount Global,relevant,synthetic
Former Kraft Heinz former chief revenue officer appointed to advisory board of a rival startup,Kraft Heinz,irrelevant,synthetic
ConocoPhillips rolls out a redesigned home screen to its developer portal,ConocoPhillips,irrelevant,synthetic
Booking Holdings store manager charged with harassment following complaint by coworker in Minneapolis,Booking Holdings,irrelevant,synthetic
"Waste Management and industry peer confirm merger talks, deal could be worth $5.1 billion",Waste Management,relevant,synthetic
JPMorgan Chase shares trade lower as the S&P 500 drops — no new company news,JPMorgan Chase,irrelevant,synthetic
"Alphabet to eliminate 12,000 positions as part of $14.0 billion cost reduction plan",Alphabet,relevant,synthetic
Tesla chief operating officer says supply chain resilience cannot be solved by the private sector alone,Tesla,irrelevant,synthetic
Dollar General raises full-year guidance after Q1 beat on strong comparable store sales growth,Dollar General,relevant,synthetic
Progressive sales representative charged with harassment following complaint by coworker in Boston,Progressive,irrelevant,synthetic
Judge orders American Express to pay $380 million in damages over consumer protection violations,American Express,relevant,synthetic
IDC ranks Morgan Stanley as the leading provider in enterprise software,Morgan Stanley,irrelevant,synthetic
Booking Holdings CFO says inflation is moving in the right direction but more work remains,Booking Holdings,irrelevant,synthetic
American Express faces class-action lawsuit over alleged religious discrimination among retail associates,American Express,irrelevant,synthetic
Republic Services loses core business contract to rival in blow to revenue outlook,Republic Services,relevant,synthetic
Yum Brands agrees to sell snack foods division for $1.2 billion to strategic acquirer,Yum Brands,relevant,synthetic
"Allstate posts Q1 net income of $2.5 billion, comes in below consensus",Allstate,relevant,synthetic
Chipotle district manager charged with running fraud scheme at local branch in Los Angeles,Chipotle,irrelevant,synthetic
ConocoPhillips software engineer charged with assault following workplace altercation in Denver,ConocoPhillips,irrelevant,synthetic
CSX CFO says the labor market is a concern shared by businesses of all sizes,CSX,irrelevant,synthetic
"Target announces 3,000 job cuts in R&D division amid cost reduction program",Target,relevant,synthetic
New Goldman Sachs Research data shows Eli Lilly gaining share in enterprise software,Eli Lilly,irrelevant,synthetic
Group of former Caterpillar district managers alleges sexual harassment in federal class-action,Caterpillar,irrelevant,synthetic
"Microsoft CEO departs following board review, board launches external search",Microsoft,relevant,synthetic
Waste Management chief executive says deficit spending is more complex than most policymakers appreciate,Waste Management,irrelevant,synthetic
"Mizuho boosts Chipotle to buy, cites strong earnings visibility",Chipotle,irrelevant,synthetic
New eMarketer data shows T-Mobile gaining share in ride-sharing,T-Mobile,irrelevant,synthetic
Paramount Global denies wrongdoing in religious discrimination complaint filed by former sales representative,Paramount Global,irrelevant,synthetic
Travelers introduces a new password manager to its developer portal,Travelers,irrelevant,synthetic
Consumer guide: ExxonMobil headphones ranked and reviewed,ExxonMobil,irrelevant,synthetic
Northrop Grumman CEO joins panel discussion at the World Economic Forum in Davos on workforce transformation,Northrop Grumman,irrelevant,synthetic
UnitedHealth faces class-action lawsuit over alleged pregnancy discrimination among financial advisors,UnitedHealth,irrelevant,synthetic
"Wells Fargo announces 18,000 job cuts in investment banking amid strategic review",Wells Fargo,relevant,synthetic
Costco Q2 operating income surges 21% on strong seasonal demand,Costco,relevant,synthetic
Nike employees stage walkout over return-to-office mandate,Nike,irrelevant,synthetic
Amazon to acquire enterprise software company for $22.0 billion in all-stock deal,Amazon,relevant,synthetic
"Kimberly-Clark posts Q1 net income of $5.1 billion, tops expectations",Kimberly-Clark,relevant,synthetic
Raytheon enables new color themes to its website,Raytheon,irrelevant,synthetic
UPS enables enhanced map view to its streaming platform,UPS,irrelevant,synthetic
Group of former Comcast customer service representatives alleges pay discrimination in federal class-action,Comcast,irrelevant,synthetic
Costco recognized on Forbes' list of best employers for workplace culture,Costco,irrelevant,synthetic
Analyst says Amazon acquisition positions the company ahead of Microsoft,Microsoft,irrelevant,synthetic
"FedEx announces 3,000 corporate layoffs, shares fall on restructuring news",FedEx,relevant,synthetic
Honeywell refreshes a new rewards tracker to its retail website,Honeywell,irrelevant,synthetic
Home Depot sued by former engineer alleging religious discrimination in scheduling practices,Home Depot,irrelevant,synthetic
BlackRock acquires payments company for $145 million to bolster payments company,BlackRock,relevant,synthetic
"Visa issues profit warning, slashes guidance citing elevated credit card delinquencies",Visa,relevant,synthetic
ExxonMobil cuts full-year guidance citing weak refining margins,ExxonMobil,relevant,synthetic
Charles Schwab CFO scheduled to appear at the MIT Sloan Management Conference investor day,Charles Schwab,irrelevant,synthetic
EEOC opens investigation into Airbnb over alleged disability discrimination in workplace culture,Airbnb,irrelevant,synthetic
Honeywell shares gives back recent gains following weaker-than-expected jobs data,Honeywell,irrelevant,synthetic
"Baird raises Tesla to overweight, cites strong earnings visibility",Tesla,irrelevant,synthetic
Colgate-Palmolive Q3 operating income surges 15% on strong international emerging market sales,Colgate-Palmolive,relevant,synthetic
"Google's restructuring deal raises questions about Northrop Grumman's position, per RBC Capital Markets",Northrop Grumman,irrelevant,synthetic
Pfizer enables an updated help center to its cloud console,Pfizer,irrelevant,synthetic
FedEx faces criticism from advocacy groups over overseas manufacturing practices,FedEx,irrelevant,synthetic
Tyson Foods to pay $18 million in connection with a customer privacy complaint investigation,Tyson Foods,irrelevant,synthetic
Tesla CEO joins panel discussion at the MIT Sloan Management Conference on workforce transformation,Tesla,irrelevant,synthetic
ConocoPhillips enables improved search filters to its developer portal,ConocoPhillips,irrelevant,synthetic
Oracle rolls out improved search filters to its employee portal,Oracle,irrelevant,synthetic
Kimberly-Clark president says cryptocurrency regulation presents both risks and opportunities for the private sector,Kimberly-Clark,irrelevant,synthetic
Warner Bros. Discovery reaches $35 million agreement with EPA to resolve a minor fair lending violation,Warner Bros. Discovery,irrelevant,synthetic
McDonald's says full-year revenue will fall short of prior guidance by 14%,McDonald's,relevant,synthetic
Travelers CFO scheduled to appear at the MIT Sloan Management Conference investor day,Travelers,irrelevant,synthetic
Amazon stock slips as the S&P 500 drops,Amazon,irrelevant,synthetic
Bank of America chief operating officer says cryptocurrency regulation is creating uncertainty for long-term investment decisions,Bank of America,irrelevant,synthetic
Former Raytheon former CFO appointed to advisory board of a government advisory role,Raytheon,irrelevant,synthetic
FedEx credit rating upgraded by Moody's citing rising leverage,FedEx,relevant,synthetic
"General Motors to eliminate 18,000 positions as part of $3.0 billion cost reduction plan",General Motors,relevant,synthetic
Waste Management co-founder says immigration policy requires urgent attention from elected officials,Waste Management,irrelevant,synthetic
Judge orders Netflix to pay $500 million in damages over price-fixing conspiracy,Netflix,relevant,synthetic
Goldman Sachs faces new pay discrimination lawsuit from former financial advisor in New Jersey court,Goldman Sachs,irrelevant,synthetic
"Allstate CFO announces retirement, company names Wall Street veteran as replacement",Allstate,relevant,synthetic
Mastercard cuts full-year guidance citing rising loan loss provisions,Mastercard,relevant,synthetic
Charles Schwab agrees to sell wealth management division for $3.4 billion to private equity firm,Charles Schwab,relevant,synthetic
"IBM lowers Q1 outlook, sends shares sharply lower in after-hours trading",IBM,relevant,synthetic
Mondelez marketing manager charged with assault following workplace altercation in Boston,Mondelez,irrelevant,synthetic
Yum Brands agrees to $250 million settlement with CFPB over mortgage servicing failures,Yum Brands,relevant,synthetic
Dow faces social media campaign targeting overseas manufacturing practices,Dow,irrelevant,synthetic
Report: Wells Fargo holds 63% market share in enterprise software per IDC,Wells Fargo,irrelevant,synthetic
Airbnb updates simplified navigation menu to its streaming platform,Airbnb,irrelevant,synthetic
"Jefferies downgrades Caterpillar to hold, lowers estimates on weak guidance",Caterpillar,irrelevant,synthetic
CVS Health faces criticism from advocacy groups over ingredient sourcing policies,CVS Health,irrelevant,synthetic
Starbucks pays $40 million to settle a customer privacy complaint complaint with SEC,Starbucks,irrelevant,synthetic
AT&T faces criticism from advocacy groups over price increase practices,AT&T,irrelevant,synthetic
PepsiCo faces social media campaign targeting environmental claims on packaging,PepsiCo,irrelevant,synthetic
"Citigroup posts Q3 net income of $3.4 billion, misses analyst estimates",Citigroup,relevant,synthetic
AbbVie co-founder says geopolitical tensions cannot be solved by the private sector alone,AbbVie,irrelevant,synthetic
Tourist spots near Comcast campus rank among best in the area,Comcast,irrelevant,synthetic
Honeywell to merge with automation startup in $8.3 billion combination,Honeywell,relevant,synthetic
Kraft Heinz CFO says supply chain resilience is more complex than most policymakers appreciate,Kraft Heinz,irrelevant,synthetic
ServiceNow named to Glassdoor's top-rated employers for the first time,ServiceNow,irrelevant,synthetic
Group of former McDonald's factory workers alleges gender discrimination in federal class-action,McDonald's,irrelevant,synthetic
"Raytheon announces 3,000 corporate layoffs, shares fall on restructuring news",Raytheon,relevant,synthetic
Why is JPMorgan Chase stock rises to 52-week high today? Here is what we know,JPMorgan Chase,irrelevant,synthetic
General Electric rolls out fingerprint login to its loyalty app,General Electric,irrelevant,synthetic
CSX warns Q4 results will miss estimates due to higher fuel costs,CSX,relevant,synthetic
Pfizer agrees to sell medical devices unit for $1.8 billion to private equity firm,Pfizer,relevant,synthetic
JPMorgan Chase employees stage walkout over termination of diversity programs,JPMorgan Chase,irrelevant,synthetic
FDA orders JPMorgan Chase to halt production at facility over contamination findings,JPMorgan Chase,relevant,synthetic
Warner Bros. Discovery employees protest new attendance tracking system at headquarters,Warner Bros. Discovery,irrelevant,synthetic
FedEx ends partnership with social media influencer after community backlash,FedEx,irrelevant,synthetic
Airbnb former CEO departs to become partner at a private equity firm,Airbnb,irrelevant,synthetic
Johnson & Johnson fined $8 million by state attorneys general over a customer privacy complaint,Johnson & Johnson,irrelevant,synthetic
"Deutsche Bank raises Allstate to equal weight, sees margin recovery underway",Allstate,irrelevant,synthetic
Kraft Heinz agrees to sell snack foods division for $3.0 billion to strategic acquirer,Kraft Heinz,relevant,synthetic
Charles Schwab former CFO joins a venture capital fund as its new chief executive,Charles Schwab,irrelevant,synthetic
CSX ranks among Glassdoor's top-rated employers for the third consecutive year,CSX,irrelevant,synthetic
Walmart announces $5.1 billion share buyback program,Walmart,relevant,synthetic
Goldman Sachs co-founder says inflation is the biggest challenge facing businesses today,Goldman Sachs,irrelevant,synthetic
McDonald's discloses FTC subpoena related to mortgage servicing failures,McDonald's,relevant,synthetic
"Charles Schwab reports 18% drop in quarterly revenue, cuts annual guidance",Charles Schwab,relevant,synthetic
"Yum Brands announces 5,500 corporate layoffs, shares fall on restructuring news",Yum Brands,relevant,synthetic
Airbnb stock rises to 52-week high following weaker-than-expected jobs data,Airbnb,irrelevant,synthetic
Oracle cuts full-year guidance citing slowing cloud growth,Oracle,relevant,synthetic
"Travelers reports Q3 revenue of $0.8 billion, misses analyst estimates on record policy count growth",Travelers,relevant,synthetic
McDonald's board approves new $3.0 billion share repurchase authorization,McDonald's,relevant,synthetic
AbbVie co-founder says data privacy law presents both risks and opportunities for the private sector,AbbVie,irrelevant,synthetic
Eli Lilly acquires medical device company for $650 million to bolster biotech startup,Eli Lilly,relevant,synthetic
Merck workers in Charlotte rally to demand remote work flexibility,Merck,irrelevant,synthetic
Warner Bros. Discovery announces $8.3 billion share buyback program,Warner Bros. Discovery,relevant,synthetic
Kimberly-Clark credit rating downgraded by S&P citing strong capital position,Kimberly-Clark,relevant,synthetic
General Electric agrees to sell power division for $2.5 billion to consortium of investors,General Electric,relevant,synthetic
JPMorgan Chase former chief operating officer leaves to join a consulting firm in senior role,JPMorgan Chase,irrelevant,synthetic
IBM CEO joins panel discussion at the Aspen Ideas Festival on workforce transformation,IBM,irrelevant,synthetic
"Dow CEO steps down after record tenure, board promotes division head to top role",Dow,relevant,synthetic
Halliburton drops sponsorship of music festival following social media backlash,Halliburton,irrelevant,synthetic
"Walmart delivers Q2 beat, guides higher for the year",Walmart,relevant,synthetic
Tourist spots near Microsoft campus rank among best in the area,Microsoft,irrelevant,synthetic
McDonald's posts better-than-expected Q3 results as strong organic volume growth,McDonald's,relevant,synthetic
"Apple posts Q2 net income of $90.0 billion, comes in below consensus",Apple,relevant,synthetic
Walmart named to Time's 100 most influential companies for the second straight year,Walmart,irrelevant,synthetic
Former Costco former chief revenue officer appointed to advisory board of a non-profit board,Costco,irrelevant,synthetic
American Express pulls advertising from streaming service following employee pressure,American Express,irrelevant,synthetic
General Electric faces class-action lawsuit over alleged sexual harassment among logistics coordinators,General Electric,irrelevant,synthetic
Concert at Northrop Grumman Arena draws thousands despite rain,Northrop Grumman,irrelevant,synthetic
FedEx activist investor discloses $3.4 billion stake pushes for margin improvement,FedEx,relevant,synthetic
Amazon ends partnership with podcast host after offensive social media post,Amazon,irrelevant,synthetic
"TD Cowen boosts Coca-Cola to equal weight, sees margin recovery underway",Coca-Cola,irrelevant,synthetic
Allstate customer service representative faces restraining order filed by former coworker in Philadelphia,Allstate,irrelevant,synthetic
Procter & Gamble chief operating officer says tax policy requires urgent attention from elected officials,Procter & Gamble,irrelevant,synthetic
Former Halliburton logistics coordinator files national origin discrimination complaint with EEOC,Halliburton,irrelevant,synthetic
Booking Holdings workers vote to reject company contract offer at its largest facility,Booking Holdings,relevant,synthetic
"Amazon posts Q3 net income of $14.0 billion, comes in below consensus",Amazon,relevant,synthetic
"Yum Brands sees Q1 revenue of $5.1 billion, below prior guidance and analyst consensus",Yum Brands,relevant,synthetic
Progressive Q4 gross margin widens to 19.8% on better-than-expected catastrophe losses,Progressive,relevant,synthetic
Judge orders Boeing to pay $500 million in damages over price-fixing conspiracy,Boeing,relevant,synthetic
Airbnb cited as top player in electric vehicles by Nielsen industry survey,Airbnb,irrelevant,synthetic
Report: General Electric exploring a merger — company declines to comment,General Electric,irrelevant,synthetic
CVS Health pulls advertising from news outlet following content moderation controversy,CVS Health,irrelevant,synthetic
IDC ranks ConocoPhillips as the leading provider in digital advertising,ConocoPhillips,irrelevant,synthetic
Citigroup faces $18.5 billion fine from DOJ over price-fixing conspiracy,Citigroup,relevant,synthetic
Sources: Yum Brands close to finalising acquisition of restaurant chain for $1.8 billion,Yum Brands,relevant,synthetic
Baird flags CVS Health among the companies most affected by the deal in note on FedEx joint venture,CVS Health,irrelevant,synthetic
Gartner ranks Berkshire Hathaway as the leading provider in search advertising,Berkshire Hathaway,irrelevant,synthetic
Tesla confirms receipt of DOJ civil investigative demand over mortgage servicing failures,Tesla,relevant,synthetic
Costco adds simplified navigation menu to its enterprise dashboard,Costco,irrelevant,synthetic
"Starbucks Q4: revenue in line, margins disappoint, guidance cut",Starbucks,relevant,synthetic
FDA orders UnitedHealth to halt production at facility over contamination findings,UnitedHealth,relevant,synthetic
"Home Depot lowers Q2 outlook, sends shares sharply lower in after-hours trading",Home Depot,relevant,synthetic
Group of former Republic Services sales representatives alleges racial harassment in federal class-action,Republic Services,irrelevant,synthetic
Walmart launches a new password manager to its streaming platform,Walmart,irrelevant,synthetic
Chipotle pays $20 million to settle a minor labor board finding complaint with FTC,Chipotle,irrelevant,synthetic
Yum Brands announces $2.1 billion share buyback program,Yum Brands,relevant,synthetic
Ford rolls out new onboarding tutorial to its mobile app,Ford,irrelevant,synthetic
Dow earns top score on Barron's most sustainable companies,Dow,irrelevant,synthetic
BlackRock co-founder says banking regulation requires coordinated global action to address effectively,BlackRock,irrelevant,synthetic
AbbVie CEO joins panel discussion at the Aspen Ideas Festival on climate change and business,AbbVie,irrelevant,synthetic
"General Motors posts Q3 net income of $0.8 billion, surpasses consensus",General Motors,relevant,synthetic
Progressive workers circulate petition calling for improved workplace safety standards,Progressive,irrelevant,synthetic
Travelers Q3 earnings of $2.14 per share surpasses consensus,Travelers,relevant,synthetic
Citigroup confirms it received and rejected $2.5 billion takeover bid,Citigroup,relevant,synthetic
"CVS Health announces 800 corporate layoffs, shares fall on restructuring news",CVS Health,relevant,synthetic
Judge orders Emerson Electric to pay $110 million in damages over market manipulation,Emerson Electric,relevant,synthetic
"Allstate loses environmental violations case, ordered to pay $380 million in penalties",Allstate,relevant,synthetic
Uber workers circulate petition calling for better pay and benefits,Uber,irrelevant,synthetic
Morgan Stanley chief operating officer says energy policy will shape business strategy for years to come,Morgan Stanley,irrelevant,synthetic
Deere & Company warns Q2 results will miss estimates due to slowing construction activity,Deere & Company,relevant,synthetic
IBM loses enterprise software arm contract to rival in blow to revenue outlook,IBM,relevant,synthetic
Nvidia introduces location-based alerts to its customer portal,Nvidia,irrelevant,synthetic
Waste Management chief executive says the federal budget will shape business strategy for years to come,Waste Management,irrelevant,synthetic
Concert at Walt Disney Arena draws thousands despite rain,Walt Disney,irrelevant,synthetic
Ralph Lauren Q3 gross margin expands to 44.7% on strong international emerging market sales,Ralph Lauren,relevant,synthetic
Best CSX deals this Cyber Monday: our top picks,CSX,irrelevant,synthetic
Deere & Company rolls out location-based alerts to its loyalty app,Deere & Company,irrelevant,synthetic
"JPMorgan Chase announces 18,000 job cuts in global operations amid business reorganization",JPMorgan Chase,relevant,synthetic
UnitedHealth pays $18 million to settle a minor consumer notification requirement complaint with FTC,UnitedHealth,irrelevant,synthetic
McDonald's faces criticism from advocacy groups over environmental claims on packaging,McDonald's,irrelevant,synthetic
"Ralph Lauren reports Q4 revenue of $5.1 billion, comes in below consensus on strong international emerging market sales",Ralph Lauren,relevant,synthetic
ConocoPhillips faces racial discrimination lawsuit filed by former executive,ConocoPhillips,irrelevant,synthetic
FedEx former chief operating officer joins a non-profit board as its new chief executive,FedEx,irrelevant,synthetic
"General Motors lowers Q2 outlook, sends shares sharply lower in after-hours trading",General Motors,relevant,synthetic
Norfolk Southern fined $2 million by state attorneys general over a disclosure timing issue,Norfolk Southern,irrelevant,synthetic
"Wells Fargo downgrades FedEx to buy, flags margin pressure ahead",FedEx,irrelevant,synthetic
Coca-Cola Q2 gross margin widens to 18.4% on strong same-store sales growth,Coca-Cola,relevant,synthetic
Accenture earns top score on Fast Company's most innovative companies,Accenture,irrelevant,synthetic
Salesforce raises quarterly dividend 15% to $0.45 per share,Salesforce,relevant,synthetic
"Procter & Gamble Q3 results: beats on top and bottom line, raises outlook",Procter & Gamble,relevant,synthetic
Boeing workers in Boston rally to demand end to mandatory arbitration,Boeing,irrelevant,synthetic
Starbucks names longtime board member as new chief executive following strategic shift,Starbucks,relevant,synthetic
Progressive co-founder says trade tariffs requires urgent attention from elected officials,Progressive,irrelevant,synthetic
Booking Holdings pulls advertising from social media platform following offensive social media post,Booking Holdings,irrelevant,synthetic
Microsoft denies wrongdoing in disability discrimination complaint filed by former financial advisor,Microsoft,irrelevant,synthetic
Goldman Sachs customer service representative faces restraining order filed by former coworker in Minneapolis,Goldman Sachs,irrelevant,synthetic
Progressive to eliminate 800 positions as part of $3.4 billion cost reduction plan,Progressive,relevant,synthetic
T-Mobile reaches $35 million agreement with EEOC to resolve a minor data handling violation,T-Mobile,irrelevant,synthetic
Booking Holdings logistics coordinator faces personal lawsuit unrelated to company activities in Houston,Booking Holdings,irrelevant,synthetic
Verizon employees sign open letter opposing employee monitoring rollout,Verizon,irrelevant,synthetic
Home Depot drops sponsorship of music festival following social media backlash,Home Depot,irrelevant,synthetic
Capital One logistics coordinator faces restraining order filed by former coworker in Philadelphia,Capital One,irrelevant,synthetic
Halliburton faces consumer boycott over data privacy practices,Halliburton,irrelevant,synthetic
Norfolk Southern says full-year revenue will fall short of prior guidance by 27%,Norfolk Southern,relevant,synthetic
JPMorgan Chase employees stage walkout over mandatory overtime policy,JPMorgan Chase,irrelevant,synthetic
"Deutsche Bank trims T-Mobile to outperform, flags execution risks",T-Mobile,irrelevant,synthetic
Sources: Home Depot close to finalising acquisition of delivery service for $3.4 billion,Home Depot,relevant,synthetic
Citigroup to pay $12 million in connection with a disclosure timing issue investigation,Citigroup,irrelevant,synthetic
"Visa posts Q3 net income of $18.5 billion, falls short of expectations",Visa,relevant,synthetic
"Johnson & Johnson Q2 results: beats on top and bottom line, raises outlook",Johnson & Johnson,relevant,synthetic
Dollar General raises full-year guidance after Q3 beat on strong seasonal demand,Dollar General,relevant,synthetic
American Express faces social media campaign targeting ingredient sourcing policies,American Express,irrelevant,synthetic
Walmart activist investor discloses $2.5 billion stake pushes for margin improvement,Walmart,relevant,synthetic
AbbVie CEO named to Time's 100 most influential companies,AbbVie,irrelevant,synthetic
Aflac posts better-than-expected Q3 results as record policy count growth,Aflac,relevant,synthetic
Waste Management customer service representative cited for personal safety violation in New York,Waste Management,irrelevant,synthetic
Travelers chairman says cryptocurrency regulation is a concern shared by businesses of all sizes,Travelers,irrelevant,synthetic
Visa reaches $5 million agreement with FTC to resolve an outdated record-keeping practice,Visa,irrelevant,synthetic
Northrop Grumman workers circulate petition calling for paid family leave expansion,Northrop Grumman,irrelevant,synthetic
Ralph Lauren adds a new password manager to its banking app,Ralph Lauren,irrelevant,synthetic
Nike raises full-year guidance after Q2 beat on strong international emerging market sales,Nike,relevant,synthetic
Chevron refreshes a progress tracker to its enterprise dashboard,Chevron,irrelevant,synthetic
"McDonald's joint venture seen as competitive threat to Mondelez, analyst says",Mondelez,irrelevant,synthetic
"Waste Management recalls 2,000 thousand units over safety defect, faces $110 million repair bill",Waste Management,relevant,synthetic
Morgan Stanley warehouse worker faces personal lawsuit unrelated to company activities in Seattle,Morgan Stanley,irrelevant,synthetic
Kraft Heinz reaches $35 million agreement with SEC to resolve a minor data handling violation,Kraft Heinz,irrelevant,synthetic
Northrop Grumman sued by former engineer alleging gender discrimination in promotion decisions,Northrop Grumman,irrelevant,synthetic
Best DuPont deals this the holiday season: our top picks,DuPont,irrelevant,synthetic
Netflix ends partnership with podcast host after offensive social media post,Netflix,irrelevant,synthetic
Salesforce sales representative charged with assault following workplace altercation in Minneapolis,Salesforce,irrelevant,synthetic
"UPS loses data privacy violations case, ordered to pay $500 million in penalties",UPS,relevant,synthetic
EEOC opens investigation into Nvidia over alleged racial harassment in termination policies,Nvidia,irrelevant,synthetic
Microsoft stock pulls back from record highs as the S&P 500 drops,Microsoft,irrelevant,synthetic
Travelers chairman says AI regulation requires urgent attention from elected officials,Travelers,irrelevant,synthetic
Netflix raises full-year guidance after Q3 beat on strong streaming subscriber growth,Netflix,relevant,synthetic
Dollar General factory worker charged with harassment following complaint by coworker in Dallas,Dollar General,irrelevant,synthetic
EEOC opens investigation into Nike over alleged religious discrimination in scheduling practices,Nike,irrelevant,synthetic
Travelers ordered by CFPB to pay $180 million over misleading investors,Travelers,relevant,synthetic
FedEx enables a redesigned home screen to its website,FedEx,irrelevant,synthetic
PepsiCo workers in Atlanta rally to demand better pay and benefits,PepsiCo,irrelevant,synthetic
"Airbnb CEO announces planned retirement, board names internal successor",Airbnb,relevant,synthetic
Needham flags Paramount Global among the companies most affected by the deal in note on Walmart restructuring,Paramount Global,irrelevant,synthetic
UPS faces consumer boycott over data privacy practices,UPS,irrelevant,synthetic
Accenture raises quarterly dividend 9% to $0.94 per share,Accenture,relevant,synthetic
Dow faces consumer boycott over overseas manufacturing practices,Dow,irrelevant,synthetic
Nvidia pulls advertising from streaming service following employee pressure,Nvidia,irrelevant,synthetic
"Deutsche Bank upgrades Lockheed Martin to outperform, calls valuation compelling after selloff",Lockheed Martin,irrelevant,synthetic
"Baird trims ServiceNow to overweight, cites slowing demand environment",ServiceNow,irrelevant,synthetic
Comcast divests wireline business in $1.8 billion deal as part of strategic review,Comcast,relevant,synthetic
Lowe's chief operating officer says interest rates will shape business strategy for years to come,Lowe's,irrelevant,synthetic
"Walt Disney CEO steps down after 8 years, board names internal successor",Walt Disney,relevant,synthetic
Charles Schwab releases location-based alerts to its website,Charles Schwab,irrelevant,synthetic
General Motors named to LinkedIn's top companies to work for for the second straight year,General Motors,irrelevant,synthetic
"Jefferies boosts Dow to neutral, sees multiple expansion ahead",Dow,irrelevant,synthetic
"Mizuho lowers Procter & Gamble to underperform, flags rising competitive pressure",Procter & Gamble,irrelevant,synthetic
Microsoft CFO says consumer spending is top of mind for executives across every industry,Microsoft,irrelevant,synthetic
"Deutsche Bank boosts Amazon to buy, flags improving demand trends",Amazon,irrelevant,synthetic
Tourist spots near Boeing campus rank among best in the area,Boeing,irrelevant,synthetic
Netflix chairman says trade tariffs is something all companies need to take seriously,Netflix,irrelevant,synthetic
Halliburton agrees to sell international upstream assets for $3.4 billion to strategic acquirer,Halliburton,relevant,synthetic
FDA orders Under Armour to halt production at facility over contamination findings,Under Armour,relevant,synthetic
Kraft Heinz denies wrongdoing in disability discrimination complaint filed by group of delivery drivers,Kraft Heinz,irrelevant,synthetic
"DuPont CFO announces departure, company names former divisional CFO as replacement",DuPont,relevant,synthetic
"Kimberly-Clark sees Q3 revenue of $1.2 billion, below prior guidance and analyst consensus",Kimberly-Clark,relevant,synthetic
"ConocoPhillips reaches landmark new agreement with union representing 4,000 workers",ConocoPhillips,relevant,synthetic
Bernstein Research ranks Visa as the leading provider in smartphone sales,Visa,irrelevant,synthetic
"UPS CFO announces departure, company names industry outsider as replacement",UPS,relevant,synthetic
3M shares trade lower as the S&P 500 drops — no new company news,3M,irrelevant,synthetic
FedEx employees protest healthcare benefit reductions at headquarters,FedEx,irrelevant,synthetic
Dollar General denies wrongdoing in religious discrimination complaint filed by former sales representative,Dollar General,irrelevant,synthetic
Walt Disney adds simplified navigation menu to its customer portal,Walt Disney,irrelevant,synthetic
ConocoPhillips in deal to take over energy services company for $2.5 billion,ConocoPhillips,relevant,synthetic
CVS Health executive to speak at the Milken Institute Global Conference on the future of AI,CVS Health,irrelevant,synthetic
Mastercard pays $5 million to settle an outdated record-keeping practice complaint with EPA,Mastercard,irrelevant,synthetic
Walt Disney software engineer charged with running fraud scheme at local branch in Miami,Walt Disney,irrelevant,synthetic
Morgan Stanley vs competitors: which headphones is right for you,Morgan Stanley,irrelevant,synthetic
"T-Mobile recalls 1,600 thousand units over safety defect, faces $180 million repair bill",T-Mobile,relevant,synthetic
"Walt Disney reports Q3 revenue of $5.1 billion, tops expectations on successful content slate driving subscriptions",Walt Disney,relevant,synthetic
Travelers acquires insurtech startup in $0.8 billion deal expanding into specialty insurer,Travelers,relevant,synthetic
JPMorgan Chase launches fingerprint login to its retail website,JPMorgan Chase,irrelevant,synthetic
Walt Disney faces new disability discrimination lawsuit from group of former employees in New Jersey court,Walt Disney,irrelevant,synthetic
Netflix chief operating officer says data privacy law demands a thoughtful policy response from legislators,Netflix,irrelevant,synthetic
Netflix workers in Seattle rally to demand better pay and benefits,Netflix,irrelevant,synthetic
Nvidia acquires cloud infrastructure company in $3.4 billion deal expanding into enterprise software company,Nvidia,relevant,synthetic
JPMorgan Chase chief operating officer says the housing market requires urgent attention from elected officials,JPMorgan Chase,irrelevant,synthetic
Procter & Gamble store manager arrested for alleged theft from delivery route in Seattle,Procter & Gamble,irrelevant,synthetic
"Capital One announces 2,500 corporate layoffs, shares fall on restructuring news",Capital One,relevant,synthetic
Dollar General Q3 gross margin expands to 27.2% on improving inventory management,Dollar General,relevant,synthetic
Ford sales representative arrested for alleged theft from delivery route in Miami,Ford,irrelevant,synthetic
Save big on Target airline miles cards this Black Friday — here is how,Target,irrelevant,synthetic
FDA orders Mastercard to halt production at facility over contamination findings,Mastercard,relevant,synthetic
Mizuho flags Accenture among the companies most affected by the deal in note on Microsoft acquisition,Accenture,irrelevant,synthetic
"Nvidia Q3: revenue in line, margins disappoint, guidance cut",Nvidia,relevant,synthetic
BlackRock chief operating officer says interest rates requires urgent attention from elected officials,BlackRock,irrelevant,synthetic
"Mizuho downgrades Merck to overweight, lowers estimates on weak guidance",Merck,irrelevant,synthetic
Uber announces plan to separate into two independent publicly traded companies,Uber,relevant,synthetic
Morgan Stanley store manager faces restraining order filed by former coworker in Seattle,Morgan Stanley,irrelevant,synthetic
"Home Depot to eliminate 4,000 positions as part of $1.2 billion cost reduction plan",Home Depot,relevant,synthetic
"Starbucks divestiture seen as competitive threat to Republic Services, analyst says",Republic Services,irrelevant,synthetic
Analyst says JPMorgan Chase joint venture positions the company ahead of Accenture,Accenture,irrelevant,synthetic
"Bank of America lifts Salesforce to hold, sees margin recovery underway",Salesforce,irrelevant,synthetic
Meta settles pregnancy discrimination complaint filed by former employee for undisclosed amount,Meta,irrelevant,synthetic
Morgan Stanley president says consumer spending will shape business strategy for years to come,Morgan Stanley,irrelevant,synthetic
AbbVie CEO joins panel discussion at the World Economic Forum in Davos on workforce transformation,AbbVie,irrelevant,synthetic
ServiceNow CEO says the federal budget cannot be solved by the private sector alone,ServiceNow,irrelevant,synthetic
Concert at Halliburton Arena draws thousands despite rain,Halliburton,irrelevant,synthetic
Ralph Lauren raises quarterly dividend 42% to $0.45 per share,Ralph Lauren,relevant,synthetic
Coca-Cola divests company-owned restaurant portfolio in $5.1 billion deal as part of strategic review,Coca-Cola,relevant,synthetic
Target acquires supply chain company in $8.3 billion deal expanding into delivery service,Target,relevant,synthetic
Kimberly-Clark adds a new rewards tracker to its online store,Kimberly-Clark,irrelevant,synthetic
Republic Services Q4 gross margin narrows to 24.7% on strong volume growth,Republic Services,relevant,synthetic
Alphabet sued by former manager alleging disability discrimination in scheduling practices,Alphabet,irrelevant,synthetic
"Deutsche Bank trims Alphabet to hold, lowers price target on earnings miss",Alphabet,irrelevant,synthetic
Emerson Electric names divisional president as new chief executive following strategic shift,Emerson Electric,relevant,synthetic
Alphabet in deal to take over developer tools company for $50.0 billion,Alphabet,relevant,synthetic
Norfolk Southern cuts full-year guidance citing labor cost inflation,Norfolk Southern,relevant,synthetic
PepsiCo enables a new tips section to its mobile app,PepsiCo,irrelevant,synthetic
3M faces class-action lawsuit over alleged sexual harassment among branch tellers,3M,irrelevant,synthetic
Walmart branch teller sued by customer over personal conduct during shift in Denver,Walmart,irrelevant,synthetic
AbbVie shares trade lower on no company-specific news — no new company news,AbbVie,irrelevant,synthetic
Allstate introduces a progress tracker to its streaming platform,Allstate,irrelevant,synthetic
Ralph Lauren said to be evaluating strategic alternatives in early-stage discussions,Ralph Lauren,irrelevant,synthetic
"Stellantis loses misleading investors case, ordered to pay $180 million in penalties",Stellantis,relevant,synthetic
"Piper Sandler raises Visa to equal weight, cites market share gains",Visa,irrelevant,synthetic
Mastercard branch teller cited for personal safety violation in Denver,Mastercard,irrelevant,synthetic
Tyson Foods loses beverage unit contract to rival in blow to revenue outlook,Tyson Foods,relevant,synthetic
Target credit rating placed on negative watch by Fitch citing deteriorating free cash flow,Target,relevant,synthetic
Ralph Lauren retail associate arrested after incident caught on security camera in Boston,Ralph Lauren,irrelevant,synthetic
Barclays flags Apple as a company that may need to respond competitively in note on JPMorgan Chase restructuring,Apple,irrelevant,synthetic
DuPont district manager charged with harassment following complaint by coworker in Philadelphia,DuPont,irrelevant,synthetic
Tourist spots near Caterpillar campus rank among best in the area,Caterpillar,irrelevant,synthetic
ExxonMobil adds an updated help center to its customer app,ExxonMobil,irrelevant,synthetic
Sources: Eli Lilly close to finalising acquisition of biotech startup for $22.0 billion,Eli Lilly,relevant,synthetic
Target co-founder says cryptocurrency regulation will have long-lasting effects on the broader economy,Target,irrelevant,synthetic
Charles Schwab settles racial harassment complaint filed by group of warehouse workers for undisclosed amount,Charles Schwab,irrelevant,synthetic
BlackRock to merge with insurance company in $3.4 billion combination,BlackRock,relevant,synthetic
"Lockheed Martin reports Q3 revenue of $11.2 billion, beats analyst estimates on strong government defense spending",Lockheed Martin,relevant,synthetic
Walmart introduces enhanced map view to its website,Walmart,irrelevant,synthetic
Waste Management workers circulate petition calling for greater transparency in pay practices,Waste Management,irrelevant,synthetic
"Under Armour reports Q2 revenue of $2.5 billion, comes in below consensus on pricing power offsetting volume declines",Under Armour,relevant,synthetic
Honeywell board approves new $1.2 billion share repurchase authorization,Honeywell,relevant,synthetic
Berkshire Hathaway CFO says interest rates presents both risks and opportunities for the private sector,Berkshire Hathaway,irrelevant,synthetic
Tesla sales representative faces criminal charges unrelated to employment in Philadelphia,Tesla,irrelevant,synthetic
BlackRock acquires fintech startup for $750 million to bolster asset management firm,BlackRock,relevant,synthetic
Pfizer sued by group of warehouse workers alleging religious discrimination in scheduling practices,Pfizer,irrelevant,synthetic
Amazon Field hosts record crowd for playoff game,Amazon,irrelevant,synthetic
Wells Fargo denies wrongdoing in disability discrimination complaint filed by former manager,Wells Fargo,irrelevant,synthetic
"Bank of America cuts Allstate to outperform, flags rising competitive pressure",Allstate,irrelevant,synthetic
Chevron ordered by DOJ to pay $250 million over environmental violations,Chevron,relevant,synthetic
Netflix chief executive says supply chain resilience requires urgent attention from elected officials,Netflix,irrelevant,synthetic
Norfolk Southern in deal to take over last-mile delivery company for $3.4 billion,Norfolk Southern,relevant,synthetic
Tesla named to Fast Company's most innovative companies for the first time,Tesla,irrelevant,synthetic
Booking Holdings agrees to $12 million penalty over a minor consumer notification requirement,Booking Holdings,irrelevant,synthetic
Travelers workers in Charlotte rally to demand end to mandatory arbitration,Travelers,irrelevant,synthetic
"JPMorgan trims CSX to hold, says valuation stretched after recent rally",CSX,irrelevant,synthetic
Waste Management faces new racial harassment lawsuit from former sales representative in Michigan court,Waste Management,irrelevant,synthetic
Charles Schwab chief executive says the labor market is a concern shared by businesses of all sizes,Charles Schwab,irrelevant,synthetic
Walt Disney customer service representative sued by customer over personal conduct during shift in Detroit,Walt Disney,irrelevant,synthetic
S&P Global Market Intelligence ranks Home Depot as the leading provider in search advertising,Home Depot,irrelevant,synthetic
Chipotle CEO says data privacy law will shape business strategy for years to come,Chipotle,irrelevant,synthetic
Norfolk Southern adds in-app chat support to its retail website,Norfolk Southern,irrelevant,synthetic
Tesla faces $2.1 billion fine from EU regulators over price-fixing conspiracy,Tesla,relevant,synthetic
"Morgan Stanley announces 7,000 job cuts in global operations amid automation initiative",Morgan Stanley,relevant,synthetic
Analyst says Nike divestiture positions the company ahead of AT&T,AT&T,irrelevant,synthetic
Ford adds spending insights tab to its customer portal,Ford,irrelevant,synthetic
ExxonMobil delivery driver arrested after incident caught on security camera in Boston,ExxonMobil,irrelevant,synthetic
Procter & Gamble hit with $180 million penalty by DOJ over data privacy violations,Procter & Gamble,relevant,synthetic
Oracle workers vote to reject company contract offer at main production plant,Oracle,relevant,synthetic
Aflac vs competitors: which headphones is right for you,Aflac,irrelevant,synthetic
American Express employees protest employee monitoring rollout at headquarters,American Express,irrelevant,synthetic
ServiceNow CFO says energy policy is creating uncertainty for long-term investment decisions,ServiceNow,irrelevant,synthetic
Walmart former CFO joins a rival startup as its new chief executive,Walmart,irrelevant,synthetic
Nvidia Q2 earnings of $2.56 per share tops expectations,Nvidia,relevant,synthetic
City council debates naming rights deal for stadium near Morgan Stanley offices,Morgan Stanley,irrelevant,synthetic
"Sources: JPMorgan Chase evaluating strategic alternatives — no deal imminent, sources say",JPMorgan Chase,irrelevant,synthetic
"TD Cowen lowers Travelers to buy, flags margin pressure ahead",Travelers,irrelevant,synthetic
Bank of America credit rating placed on negative watch by Moody's citing deteriorating free cash flow,Bank of America,relevant,synthetic
ServiceNow names former rival executive as new chief executive following activist pressure,ServiceNow,relevant,synthetic
Costco employees stage walkout over mandatory drug testing policy,Costco,irrelevant,synthetic
Waste Management customer service representative charged with embezzling from customer accounts in Seattle,Waste Management,irrelevant,synthetic
UPS snaps up logistics startup for $180 million in bolt-on acquisition,UPS,relevant,synthetic
"Charles Schwab reports Q4 revenue of $14.0 billion, comes in below consensus on strong trading revenue",Charles Schwab,relevant,synthetic
Alphabet former general counsel departs to become partner at a government advisory role,Alphabet,irrelevant,synthetic
Netflix loses film studio contract to rival in blow to revenue outlook,Netflix,relevant,synthetic
Dollar General raises full-year comparable sales guidance on stronger consumer demand,Dollar General,relevant,synthetic
ConocoPhillips in deal to take over upstream oil producer for $3.4 billion,ConocoPhillips,relevant,synthetic
Mastercard CEO says AI regulation is more complex than most policymakers appreciate,Mastercard,irrelevant,synthetic
Morgan Stanley Research ranks ServiceNow as the leading provider in e-commerce,ServiceNow,irrelevant,synthetic
Tyson Foods logistics coordinator arrested in connection with unrelated drug charges in Los Angeles,Tyson Foods,irrelevant,synthetic
Apple loses streaming unit contract to rival in blow to revenue outlook,Apple,relevant,synthetic
Charles Schwab names longtime board member as new chief executive following strategic shift,Charles Schwab,relevant,synthetic
Northrop Grumman former chief marketing officer departs to become partner at a healthcare company,Northrop Grumman,irrelevant,synthetic
Honeywell to acquire precision tools company for $5.1 billion in all-stock deal,Honeywell,relevant,synthetic
Chevron board approves new $14.0 billion share repurchase authorization,Chevron,relevant,synthetic
Lockheed Martin to acquire unmanned systems company for $2.5 billion in all-cash deal,Lockheed Martin,relevant,synthetic
Stellantis rolls out dark mode to its mobile app,Stellantis,irrelevant,synthetic
Report: Visa holds 27% market share in semiconductor manufacturing per Morgan Stanley Research,Visa,irrelevant,synthetic
Home Depot software engineer faces personal lawsuit unrelated to company activities in Denver,Home Depot,irrelevant,synthetic
Uber chief executive says global trade is something all companies need to take seriously,Uber,irrelevant,synthetic
Republic Services names longtime board member as new chief executive following CEO transition,Republic Services,relevant,synthetic
Chipotle faces consumer boycott over data privacy practices,Chipotle,irrelevant,synthetic
American Express logistics coordinator arrested for alleged theft from delivery route in Boston,American Express,irrelevant,synthetic
"Barclays trims Tesla to overweight, warns of elevated inventory",Tesla,irrelevant,synthetic
Alphabet reports 42% jump in advertising revenue as digital ad market recovers,Alphabet,relevant,synthetic
Paramount Global sales representative arrested for alleged theft from delivery route in Chicago,Paramount Global,irrelevant,synthetic
Morgan Stanley issues $8.3 billion in senior notes to fund capital expenditures,Morgan Stanley,relevant,synthetic
"T-Mobile CEO steps down after 8 years, board promotes division head to top role",T-Mobile,relevant,synthetic
Mastercard workers in New York rally to demand end to mandatory arbitration,Mastercard,irrelevant,synthetic
"Northrop Grumman reports Q4 revenue of $5.1 billion, beats analyst estimates on record defense contract backlog",Northrop Grumman,relevant,synthetic
"UPS CEO departs following board review, board appoints industry veteran",UPS,relevant,synthetic
Chevron drops sponsorship of college football sponsorship following social media backlash,Chevron,irrelevant,synthetic
"Stifel downgrades BlackRock to neutral, lowers estimates on weak guidance",BlackRock,irrelevant,synthetic
Colgate-Palmolive confirms receipt of state attorneys general civil investigative demand over data privacy violations,Colgate-Palmolive,relevant,synthetic
"Starbucks global same-store sales rise 42% in Q2, falls short of expectations",Starbucks,relevant,synthetic
Verizon broadband net adds accelerate in Q4 on fiber expansion,Verizon,relevant,synthetic
"Lowe's loses price-fixing conspiracy case, ordered to pay $180 million in penalties",Lowe's,relevant,synthetic
Accenture divests consumer hardware division in $50.0 billion deal as part of strategic review,Accenture,relevant,synthetic
S&P Global Market Intelligence ranks Visa as the leading provider in electric vehicles,Visa,irrelevant,synthetic
Halliburton board approves new $5.1 billion share repurchase authorization,Halliburton,relevant,synthetic
"Morgan Stanley lifts American Express to overweight, says near-term headwinds are priced in",American Express,irrelevant,synthetic
Morgan Stanley denies wrongdoing in religious discrimination complaint filed by group of warehouse workers,Morgan Stanley,irrelevant,synthetic
Caterpillar divests safety products division in $3.4 billion deal as part of strategic review,Caterpillar,relevant,synthetic
T-Mobile Q1 miss: revenue and earnings both fall short as rising network infrastructure costs,T-Mobile,relevant,synthetic
Dollar General sets aside $5.1 billion to cover costs of delivery service product recall,Dollar General,relevant,synthetic
Eli Lilly ends partnership with sports personality after content moderation controversy,Eli Lilly,irrelevant,synthetic
Goldman Sachs Research estimates Eli Lilly controls 31% of the smartphone sales market,Eli Lilly,irrelevant,synthetic
Colgate-Palmolive faces $5.1 billion fine from DOJ over market manipulation,Colgate-Palmolive,relevant,synthetic
Ralph Lauren recognized on Barron's most sustainable companies for workplace culture,Ralph Lauren,irrelevant,synthetic
CVS Health board approves new $14.0 billion share repurchase authorization,CVS Health,relevant,synthetic
Lockheed Martin faces social media campaign targeting environmental claims on packaging,Lockheed Martin,irrelevant,synthetic
S&P Global Market Intelligence ranks Capital One as the leading provider in online payments,Capital One,irrelevant,synthetic
Comcast employees protest healthcare benefit reductions at headquarters,Comcast,irrelevant,synthetic
Paramount Global faces new pregnancy discrimination lawsuit from former executive in New Jersey court,Paramount Global,irrelevant,synthetic
BlackRock co-founder says the federal budget will have long-lasting effects on the broader economy,BlackRock,irrelevant,synthetic
Caterpillar pays $18 million to settle a product labeling issue complaint with EEOC,Caterpillar,irrelevant,synthetic
Kimberly-Clark settles racial harassment complaint filed by former executive for undisclosed amount,Kimberly-Clark,irrelevant,synthetic
"Bank of America posts Q2 net income of $1.8 billion, beats analyst estimates",Bank of America,relevant,synthetic
Best Mondelez deals this Prime Day: our top picks,Mondelez,irrelevant,synthetic
Tesla marketing manager charged with harassment following complaint by coworker in Charlotte,Tesla,irrelevant,synthetic
"Starbucks reaches tentative contract deal with union representing 3,000 workers",Starbucks,relevant,synthetic
Coca-Cola cuts full-year guidance citing slowing international sales,Coca-Cola,relevant,synthetic
"Bank of America issues profit warning, slashes guidance citing elevated credit card delinquencies",Bank of America,relevant,synthetic
Comcast delivery driver suspended following investigation into personal conduct in Charlotte,Comcast,irrelevant,synthetic
Goldman Sachs faces $14.0 billion fine from EPA over market manipulation,Goldman Sachs,relevant,synthetic
Kraft Heinz fined $40 million by SEC over an outdated record-keeping practice,Kraft Heinz,irrelevant,synthetic
"Johnson & Johnson CFO announces departure, company names former divisional CFO as replacement",Johnson & Johnson,relevant,synthetic
Warner Bros. Discovery customer service representative charged with harassment following complaint by coworker in Boston,Warner Bros. Discovery,irrelevant,synthetic
Ralph Lauren to merge with household products brand in $1.8 billion combination,Ralph Lauren,relevant,synthetic
IBM updates an updated help center to its customer portal,IBM,irrelevant,synthetic
Ralph Lauren to spin off its feminine care brands as a standalone publicly traded company,Ralph Lauren,relevant,synthetic
EEOC opens investigation into Chipotle over alleged sexual harassment in scheduling practices,Chipotle,irrelevant,synthetic
Uber Q3 gross margin narrows to 23.8% on strong international travel volumes,Uber,relevant,synthetic
McDonald's marketing manager faces criminal charges unrelated to employment in Boston,McDonald's,irrelevant,synthetic
"Comedian references PepsiCo in viral stand-up set, clip goes viral",PepsiCo,irrelevant,synthetic
How Amazon's merger could reshape the competitive landscape for Comcast,Comcast,irrelevant,synthetic
"Oppenheimer boosts IBM to outperform, points to improving competitive position",IBM,irrelevant,synthetic
"Norfolk Southern to eliminate 2,500 positions as part of $0.8 billion cost reduction plan",Norfolk Southern,relevant,synthetic
"Ford Q2: revenue in line, margins disappoint, guidance cut",Ford,relevant,synthetic
"Walt Disney Q4: revenue in line, margins disappoint, guidance cut",Walt Disney,relevant,synthetic
"Jefferies trims Salesforce to overweight, flags execution risks",Salesforce,irrelevant,synthetic
Concert at AT&T Arena draws thousands despite rain,AT&T,irrelevant,synthetic
UnitedHealth said to be mulling a share buyback in early-stage discussions,UnitedHealth,irrelevant,synthetic
Berkshire Hathaway workers circulate petition calling for end to mandatory arbitration,Berkshire Hathaway,irrelevant,synthetic
"BlackRock reports 14% drop in quarterly revenue, cuts annual guidance",BlackRock,relevant,synthetic
ConocoPhillips faces social media campaign targeting executive compensation disclosures,ConocoPhillips,irrelevant,synthetic
Republic Services activist investor discloses $5.1 billion stake pushes for margin improvement,Republic Services,relevant,synthetic
Verizon Q3 earnings of $0.43 per share tops expectations,Verizon,relevant,synthetic
"Waste Management to eliminate 2,000 positions as part of $8.3 billion cost reduction plan",Waste Management,relevant,synthetic
"Charles Schwab to eliminate 1,600 positions as part of $14.0 billion cost reduction plan",Charles Schwab,relevant,synthetic
"Deutsche Bank lifts PepsiCo to outperform, points to improving competitive position",PepsiCo,irrelevant,synthetic
"Northrop Grumman Q2: revenue in line, margins disappoint, guidance cut",Northrop Grumman,relevant,synthetic
Salesforce stock pulls back from record highs as the S&P 500 drops,Salesforce,irrelevant,synthetic
Coca-Cola chief operating officer says deficit spending will shape business strategy for years to come,Coca-Cola,irrelevant,synthetic
Consumer guide: Citigroup televisions ranked and reviewed,Citigroup,irrelevant,synthetic
Berkshire Hathaway activist investor discloses $2.5 billion stake pushes for margin improvement,Berkshire Hathaway,relevant,synthetic
Uber faces social media campaign targeting environmental claims on packaging,Uber,irrelevant,synthetic
Johnson & Johnson workers circulate petition calling for remote work flexibility,Johnson & Johnson,irrelevant,synthetic
Norfolk Southern CFO says data privacy law cannot be solved by the private sector alone,Norfolk Southern,irrelevant,synthetic
UPS recognized on Fortune's most admired companies list for workplace culture,UPS,irrelevant,synthetic
Ford chief executive says banking regulation is moving in the right direction but more work remains,Ford,irrelevant,synthetic
Former McDonald's former general counsel named to lead a venture capital fund,McDonald's,irrelevant,synthetic
Morgan Stanley Research estimates Meta controls 52% of the e-commerce market,Meta,irrelevant,synthetic
"Costco merger seen as competitive threat to Deere & Company, analyst says",Deere & Company,irrelevant,synthetic
Former Caterpillar former chief operating officer appointed to advisory board of a hedge fund,Caterpillar,irrelevant,synthetic
Johnson & Johnson workers vote to authorize strike at flagship warehouse,Johnson & Johnson,relevant,synthetic
"Comedian references Mondelez in viral stand-up set, clip goes viral",Mondelez,irrelevant,synthetic
Judge orders Bank of America to pay $145 million in damages over data privacy violations,Bank of America,relevant,synthetic
BlackRock ends partnership with sports personality after controversial comments online,BlackRock,irrelevant,synthetic
Emerson Electric district manager sued by customer over personal conduct during shift in Phoenix,Emerson Electric,irrelevant,synthetic
Ralph Lauren enables a new tips section to its customer portal,Ralph Lauren,irrelevant,synthetic
"T-Mobile turns in a Q3 quarter investors had feared, stock drops",T-Mobile,relevant,synthetic
Bank of America faces pay discrimination lawsuit filed by former engineer,Bank of America,irrelevant,synthetic
"Google's acquisition deal raises questions about Kraft Heinz's position, per Evercore ISI",Kraft Heinz,irrelevant,synthetic
FedEx executive to speak at the Allen & Company Sun Valley conference on innovation and growth,FedEx,irrelevant,synthetic
Report: American Express holds 34% market share in electric vehicles per Forrester,American Express,irrelevant,synthetic
Caterpillar delivery driver faces restraining order filed by former coworker in Dallas,Caterpillar,irrelevant,synthetic
Walmart sued by former sales representative alleging gender discrimination in hiring practices,Walmart,irrelevant,synthetic
"Mizuho trims General Electric to buy, says valuation stretched after recent rally",General Electric,irrelevant,synthetic
Target enables two-factor authentication prompts to its loyalty app,Target,irrelevant,synthetic
Norfolk Southern Q1 operating income surges 31% on strong e-commerce-driven volume,Norfolk Southern,relevant,synthetic
FedEx faces new sexual harassment lawsuit from former financial advisor in New Jersey court,FedEx,irrelevant,synthetic
McDonald's fined $35 million by FTC over a minor consumer notification requirement,McDonald's,irrelevant,synthetic
"Raytheon CFO announces retirement, company names former divisional CFO as replacement",Raytheon,relevant,synthetic
"Evercore ISI downgrades Paramount Global to neutral, flags rising competitive pressure",Paramount Global,irrelevant,synthetic
AbbVie CFO says deficit spending is moving in the right direction but more work remains,AbbVie,irrelevant,synthetic
Capital One enables new onboarding tutorial to its retail website,Capital One,irrelevant,synthetic
"Wells Fargo reports Q3 revenue of $2.5 billion, misses analyst estimates on strong card spending volumes",Wells Fargo,relevant,synthetic
"Raytheon announces 800 corporate layoffs, shares fall on restructuring news",Raytheon,relevant,synthetic
"Stifel boosts ExxonMobil to buy, sees accelerating revenue growth",ExxonMobil,irrelevant,synthetic
Microsoft shares outperforms the broader market amid broader market selloff,Microsoft,irrelevant,synthetic
"Bernstein downgrades Aflac to equal weight, flags margin pressure ahead",Aflac,irrelevant,synthetic
Tesla issues $3.0 billion in senior notes to refinance maturing debt,Tesla,relevant,synthetic
Kimberly-Clark organic sales growth of 12% in Q2 tops expectations on pricing and volume,Kimberly-Clark,relevant,synthetic
Under Armour faces criticism from advocacy groups over price increase practices,Under Armour,irrelevant,synthetic
Report: Bank of America considering selling its media division — company declines to comment,Bank of America,irrelevant,synthetic
Wells Fargo raises quarterly dividend 6% to $0.94 per share,Wells Fargo,relevant,synthetic
New Bernstein Research data shows Walt Disney gaining share in semiconductor manufacturing,Walt Disney,irrelevant,synthetic
Uber stock pulls back from record highs on no company-specific news,Uber,irrelevant,synthetic
Progressive board approves new $1.8 billion share repurchase authorization,Progressive,relevant,synthetic
Prime Day: the best CSX laptops deals you can get right now,CSX,irrelevant,synthetic
"Comedian references Tesla in viral stand-up set, clip goes viral",Tesla,irrelevant,synthetic
"Deutsche Bank boosts General Electric to outperform, sees accelerating revenue growth",General Electric,irrelevant,synthetic
Kimberly-Clark human resources manager arrested in connection with unrelated drug charges in Houston,Kimberly-Clark,irrelevant,synthetic
Tourist spots near Tesla campus rank among best in the area,Tesla,irrelevant,synthetic
Chipotle former general counsel departs to become partner at a hedge fund,Chipotle,irrelevant,synthetic
AT&T software engineer cited for personal safety violation in Minneapolis,AT&T,irrelevant,synthetic
Accenture agrees to sell enterprise software arm for $22.0 billion to consortium of investors,Accenture,relevant,synthetic
Chevron launches an updated help center to its cloud console,Chevron,irrelevant,synthetic
UnitedHealth factory worker faces personal lawsuit unrelated to company activities in Minneapolis,UnitedHealth,irrelevant,synthetic
"Deutsche Bank cuts Raytheon to overweight, lowers estimates on weak guidance",Raytheon,irrelevant,synthetic
Procter & Gamble confirms receipt of EPA civil investigative demand over antitrust violations,Procter & Gamble,relevant,synthetic
Dollar General CEO says data privacy law is something all companies need to take seriously,Dollar General,irrelevant,synthetic
Target warns Q2 results will miss estimates due to weakening consumer spending,Target,relevant,synthetic
T-Mobile ranks among Barron's most sustainable companies for the third consecutive year,T-Mobile,irrelevant,synthetic
"Bloomberg: Travelers mulling a share buyback, though talks are preliminary",Travelers,irrelevant,synthetic
New documentary examines working conditions at BlackRock suppliers overseas,BlackRock,irrelevant,synthetic
Capital One retail associate faces restraining order filed by former coworker in Charlotte,Capital One,irrelevant,synthetic
Former Tesla former chief operating officer appointed to advisory board of a rival startup,Tesla,irrelevant,synthetic
FedEx faces $3.4 billion fine from SEC over consumer protection violations,FedEx,relevant,synthetic
"Piper Sandler lifts Wells Fargo to overweight, cites strong earnings visibility",Wells Fargo,irrelevant,synthetic
Amazon adds a progress tracker to its streaming platform,Amazon,irrelevant,synthetic
"Microsoft CFO announces retirement, company names internal finance executive as replacement",Microsoft,relevant,synthetic
Save big on Home Depot airline miles cards this the holiday season — here is how,Home Depot,irrelevant,synthetic
Procter & Gamble shares trade lower following broader macro concerns — no new company news,Procter & Gamble,irrelevant,synthetic
"Goldman Sachs lowers Nvidia to sell, flags execution risks",Nvidia,irrelevant,synthetic
Wells Fargo settles national origin discrimination complaint filed by former financial advisor for undisclosed amount,Wells Fargo,irrelevant,synthetic
"Needham cuts Lowe's to buy, flags execution risks",Lowe's,irrelevant,synthetic
Johnson & Johnson raises quarterly dividend 9% to $0.85 per share,Johnson & Johnson,relevant,synthetic
"Baird lifts Visa to hold, points to improving competitive position",Visa,irrelevant,synthetic
New documentary examines working conditions at Netflix suppliers overseas,Netflix,irrelevant,synthetic
"Amazon delivers Q4 beat, guides higher for the year",Amazon,relevant,synthetic
"Piper Sandler boosts Pfizer to outperform, cites market share gains",Pfizer,irrelevant,synthetic
"JPMorgan raises IBM to sell, raises estimates on guidance beat",IBM,irrelevant,synthetic
Comcast president says interest rates requires urgent attention from elected officials,Comcast,irrelevant,synthetic
Honeywell raises quarterly dividend 24% to $0.62 per share,Honeywell,relevant,synthetic
Nike customer service representative sued by customer over personal conduct during shift in Seattle,Nike,irrelevant,synthetic
3M launches in-app chat support to its checkout flow,3M,irrelevant,synthetic
Raytheon activist investor discloses $2.5 billion stake pushes for margin improvement,Raytheon,relevant,synthetic
Northrop Grumman co-founder says tax policy will have long-lasting effects on the broader economy,Northrop Grumman,irrelevant,synthetic
Warner Bros. Discovery refreshes improved load times to its banking app,Warner Bros. Discovery,irrelevant,synthetic
"Goldman Sachs lowers Comcast to sell, flags margin pressure ahead",Comcast,irrelevant,synthetic
Aflac names former rival executive as new chief executive following strategic shift,Aflac,relevant,synthetic
Stellantis human resources manager charged with running fraud scheme at local branch in Denver,Stellantis,irrelevant,synthetic
Report: Norfolk Southern holds 22% market share in online payments per Forrester,Norfolk Southern,irrelevant,synthetic
"Jefferies lowers Pfizer to outperform, flags margin pressure ahead",Pfizer,irrelevant,synthetic
Goldman Sachs former chief marketing officer leaves to join a healthcare company in senior role,Goldman Sachs,irrelevant,synthetic
Valentine's Day: the best General Electric sneakers deals you can get right now,General Electric,irrelevant,synthetic
ServiceNow raises full-year guidance after Q3 beat on strong subscription growth,ServiceNow,relevant,synthetic
Uber chairman says inflation will shape business strategy for years to come,Uber,irrelevant,synthetic
"Needham cuts Mastercard to overweight, lowers estimates on weak guidance",Mastercard,irrelevant,synthetic
Merck CFO says the housing market is more complex than most policymakers appreciate,Merck,irrelevant,synthetic
BlackRock Q3 operating income surges 6% on record investment banking fees,BlackRock,relevant,synthetic
Aflac confirms receipt of EPA civil investigative demand over misleading investors,Aflac,relevant,synthetic
Nike releases a progress tracker to its mobile app,Nike,irrelevant,synthetic
Johnson & Johnson discloses EU regulators subpoena related to environmental violations,Johnson & Johnson,relevant,synthetic
ExxonMobil sued by former employee alleging racial harassment in performance reviews,ExxonMobil,irrelevant,synthetic
"Goldman Sachs reports 6% drop in quarterly revenue, cuts annual guidance",Goldman Sachs,relevant,synthetic
EEOC opens investigation into Colgate-Palmolive over alleged racial discrimination in hiring practices,Colgate-Palmolive,irrelevant,synthetic
"Republic Services to eliminate 10,000 positions as part of $2.5 billion cost reduction plan",Republic Services,relevant,synthetic
Save big on Walt Disney headphones this Mother's Day — here is how,Walt Disney,irrelevant,synthetic
Allstate chief executive says global trade presents both risks and opportunities for the private sector,Allstate,irrelevant,synthetic
Chevron enables improved search filters to its website,Chevron,irrelevant,synthetic
"RBC Capital Markets cuts Citigroup to underperform, flags deteriorating pricing power",Citigroup,irrelevant,synthetic
Accenture adds enhanced map view to its website,Accenture,irrelevant,synthetic
Northrop Grumman posts better-than-expected Q3 results as record defense contract backlog,Northrop Grumman,relevant,synthetic
Visa CEO says data privacy law demands a thoughtful policy response from legislators,Visa,irrelevant,synthetic
"RBC Capital Markets cuts Allstate to underperform, cites slowing demand environment",Allstate,irrelevant,synthetic
Halliburton CEO named to Fast Company's most innovative companies,Halliburton,irrelevant,synthetic
Sources: Procter & Gamble close to finalising acquisition of personal care brand for $3.4 billion,Procter & Gamble,relevant,synthetic
"Travelers CFO announces departure, company names former divisional CFO as replacement",Travelers,relevant,synthetic
Nvidia employees stage walkout over changes to remote work flexibility,Nvidia,irrelevant,synthetic
"Bernstein raises Raytheon to underperform, raises estimates on guidance beat",Raytheon,irrelevant,synthetic
Goldman Sachs rolls out a new password manager to its enterprise dashboard,Goldman Sachs,irrelevant,synthetic
Amazon sets aside $5.1 billion to cover costs of data analytics firm product recall,Amazon,relevant,synthetic
Accenture denies wrongdoing in disability discrimination complaint filed by former financial advisor,Accenture,irrelevant,synthetic
American Express rolls out a new password manager to its banking app,American Express,irrelevant,synthetic
Paramount Global employees stage walkout over new attendance tracking system,Paramount Global,irrelevant,synthetic
Merck faces $8.3 billion fine from EPA over data privacy violations,Merck,relevant,synthetic
Best Pfizer deals this Black Friday: our top picks,Pfizer,irrelevant,synthetic
Halliburton former CFO joins a government advisory role as its new chief executive,Halliburton,irrelevant,synthetic
Booking Holdings ordered by CFTC to pay $500 million over mortgage servicing failures,Booking Holdings,relevant,synthetic
General Electric denies wrongdoing in pregnancy discrimination complaint filed by former manager,General Electric,irrelevant,synthetic
Ralph Lauren acquires personal care brand for $110 million to bolster personal care brand,Ralph Lauren,relevant,synthetic
"Raytheon posts Q4 net income of $14.0 billion, misses analyst estimates",Raytheon,relevant,synthetic
3M faces consumer boycott over executive compensation disclosures,3M,irrelevant,synthetic
Morgan Stanley CEO named to Forbes' list of best employers,Morgan Stanley,irrelevant,synthetic
Kimberly-Clark sued by former executive alleging age discrimination in promotion decisions,Kimberly-Clark,irrelevant,synthetic
"Stifel raises Bank of America to neutral, says near-term headwinds are priced in",Bank of America,irrelevant,synthetic
T-Mobile employees stage walkout over healthcare benefit reductions,T-Mobile,irrelevant,synthetic
Tesla Field hosts record crowd for playoff game,Tesla,irrelevant,synthetic
ExxonMobil Q1 operating income surges 27% on record upstream production,ExxonMobil,relevant,synthetic
Uber launches new onboarding tutorial to its cloud console,Uber,irrelevant,synthetic
"Oppenheimer raises Northrop Grumman to equal weight, cites market share gains",Northrop Grumman,irrelevant,synthetic
Why is Chevron stock pares earlier losses today? Here is what we know,Chevron,irrelevant,synthetic
Amazon rolls out fingerprint login to its online store,Amazon,irrelevant,synthetic
"Allstate recalls 2,500 thousand units over safety defect, faces $250 million repair bill",Allstate,relevant,synthetic
Alphabet raises quarterly dividend 27% to $0.78 per share,Alphabet,relevant,synthetic
Former Berkshire Hathaway former CEO named to lead a rival startup,Berkshire Hathaway,irrelevant,synthetic
"JPMorgan upgrades Capital One to hold, sees margin recovery underway",Capital One,irrelevant,synthetic
PepsiCo CFO scheduled to appear at the MIT Sloan Management Conference investor day,PepsiCo,irrelevant,synthetic
Group of former Home Depot store managers alleges racial harassment in federal class-action,Home Depot,irrelevant,synthetic
Stellantis cuts full-year guidance citing slowing EV demand,Stellantis,relevant,synthetic
Amazon co-founder says inflation cannot be solved by the private sector alone,Amazon,irrelevant,synthetic
Mondelez co-founder says geopolitical tensions demands a thoughtful policy response from legislators,Mondelez,irrelevant,synthetic
Kimberly-Clark shares trade lower following broader macro concerns — no new company news,Kimberly-Clark,irrelevant,synthetic
"Amazon partnership seen as competitive threat to Oracle, analyst says",Oracle,irrelevant,synthetic
"Travelers CFO announces retirement, company names internal finance executive as replacement",Travelers,relevant,synthetic
Berkshire Hathaway denies wrongdoing in racial discrimination complaint filed by group of former employees,Berkshire Hathaway,irrelevant,synthetic
Microsoft ends partnership with podcast host after offensive social media post,Microsoft,irrelevant,synthetic
Johnson & Johnson human resources manager arrested in connection with unrelated drug charges in Miami,Johnson & Johnson,irrelevant,synthetic
Uber acquires travel technology company for $380 million to bolster ride-sharing operator,Uber,relevant,synthetic
"Chipotle CFO announces resignation, company names internal finance executive as replacement",Chipotle,relevant,synthetic
How Walmart's joint venture could reshape the competitive landscape for Comcast,Comcast,irrelevant,synthetic
Wells Fargo raises loan loss provisions to $2.5 billion citing rising consumer delinquencies,Wells Fargo,relevant,synthetic
Mastercard co-founder says the housing market requires coordinated global action to address effectively,Mastercard,irrelevant,synthetic
CSX rolls out two-factor authentication prompts to its employee portal,CSX,irrelevant,synthetic
T-Mobile employees sign open letter opposing termination of diversity programs,T-Mobile,irrelevant,synthetic
City council debates naming rights deal for stadium near Oracle offices,Oracle,irrelevant,synthetic
Yum Brands faces racial discrimination lawsuit filed by former sales representative,Yum Brands,irrelevant,synthetic
Nvidia factory worker arrested after incident caught on security camera in Minneapolis,Nvidia,irrelevant,synthetic
FedEx acquires logistics startup in $5.1 billion deal expanding into logistics startup,FedEx,relevant,synthetic
Amazon pulls advertising from video sharing platform following employee pressure,Amazon,irrelevant,synthetic
General Electric faces new national origin discrimination lawsuit from former sales representative in Georgia court,General Electric,irrelevant,synthetic
EEOC opens investigation into Yum Brands over alleged disability discrimination in workplace culture,Yum Brands,irrelevant,synthetic
Waste Management CEO joins panel discussion at a Senate Commerce Committee hearing on innovation and growth,Waste Management,irrelevant,synthetic
"Honeywell to eliminate 2,000 positions as part of $1.2 billion cost reduction plan",Honeywell,relevant,synthetic
Dollar General president says geopolitical tensions requires coordinated global action to address effectively,Dollar General,irrelevant,synthetic
UPS divests supply chain services unit in $0.8 billion deal as part of strategic review,UPS,relevant,synthetic
"Barclays boosts American Express to overweight, calls recent dip a buying opportunity",American Express,irrelevant,synthetic
Charles Schwab former president departs to become partner at a healthcare company,Charles Schwab,irrelevant,synthetic
Tesla co-founder says healthcare costs cannot be solved by the private sector alone,Tesla,irrelevant,synthetic
"Comcast CEO departs following board review, board names internal successor",Comcast,relevant,synthetic
Microsoft divests enterprise software arm in $14.0 billion deal as part of strategic review,Microsoft,relevant,synthetic
Halliburton raises quarterly dividend 8% to $1.38 per share,Halliburton,relevant,synthetic
3M named to LinkedIn's top companies to work for for the first time,3M,irrelevant,synthetic
American Express adds simplified navigation menu to its banking app,American Express,irrelevant,synthetic
JPMorgan Chase net interest income falls 17% as rate environment pressures margins,JPMorgan Chase,relevant,synthetic
Verizon chairman says deficit spending presents both risks and opportunities for the private sector,Verizon,irrelevant,synthetic
Wells Fargo CFO says inflation is top of mind for executives across every industry,Wells Fargo,irrelevant,synthetic
Emerson Electric to acquire precision tools company for $5.1 billion in all-stock deal,Emerson Electric,relevant,synthetic
CSX activist investor discloses $0.8 billion stake pushes for margin improvement,CSX,relevant,synthetic
Amazon branch teller cited for personal safety violation in Boston,Amazon,irrelevant,synthetic
Deere & Company faces class-action lawsuit over alleged gender discrimination among customer service representatives,Deere & Company,irrelevant,synthetic
Protests outside Pfizer headquarters over unrelated political issue,Pfizer,irrelevant,synthetic
Report: Ralph Lauren holds 34% market share in enterprise software per Forrester,Ralph Lauren,irrelevant,synthetic
Travelers vs competitors: which airline miles cards is right for you,Travelers,irrelevant,synthetic
Visa Q1 gross margin narrows to 28.4% on wealth management growth,Visa,relevant,synthetic
"Goldman Sachs raises Dow to underperform, calls recent dip a buying opportunity",Dow,irrelevant,synthetic
"Bank of America downgrades Goldman Sachs to buy, lowers estimates on weak guidance",Goldman Sachs,irrelevant,synthetic
Rumour: Could UPS be considering a headquarters relocation? Analysts are watching,UPS,irrelevant,synthetic
"Accenture announces 7,000 job cuts in retail operations amid automation initiative",Accenture,relevant,synthetic
McDonald's chief operating officer says banking regulation presents both risks and opportunities for the private sector,McDonald's,irrelevant,synthetic
Pfizer activist investor discloses $22.0 billion stake pushes for margin improvement,Pfizer,relevant,synthetic
"TD Cowen boosts Tyson Foods to overweight, sees multiple expansion ahead",Tyson Foods,irrelevant,synthetic
General Motors factory worker faces personal lawsuit unrelated to company activities in Phoenix,General Motors,irrelevant,synthetic
"Bloomberg: Republic Services considering going private, though talks are preliminary",Republic Services,irrelevant,synthetic
Coca-Cola confirms receipt of DOJ civil investigative demand over mortgage servicing failures,Coca-Cola,relevant,synthetic
McDonald's rolls out push notification settings to its mobile app,McDonald's,irrelevant,synthetic
"Booking Holdings announces 1,600 job cuts in investment banking amid cost reduction program",Booking Holdings,relevant,synthetic
Airbnb executive to speak at the Goldman Sachs Communacopia conference on financial regulation,Airbnb,irrelevant,synthetic
T-Mobile enables a new tips section to its customer app,T-Mobile,irrelevant,synthetic
Dollar General ranks among Barron's most sustainable companies for the fifth year running,Dollar General,irrelevant,synthetic
Bank of America financial advisor charged with assault following workplace altercation in Atlanta,Bank of America,irrelevant,synthetic
General Electric employees stage walkout over employee monitoring rollout,General Electric,irrelevant,synthetic
Walt Disney board approves new $3.0 billion share repurchase authorization,Walt Disney,relevant,synthetic
Judge orders Berkshire Hathaway to pay $750 million in damages over misleading investors,Berkshire Hathaway,relevant,synthetic
CVS Health vs competitors: which home appliances is right for you,CVS Health,irrelevant,synthetic
Netflix denies wrongdoing in disability discrimination complaint filed by former manager,Netflix,irrelevant,synthetic
"Walt Disney announces 5,500 corporate layoffs, shares fall on restructuring news",Walt Disney,relevant,synthetic
New Morgan Stanley Research data shows Bank of America gaining share in semiconductor manufacturing,Bank of America,irrelevant,synthetic
Visa CEO joins panel discussion at the World Economic Forum in Davos on energy transition,Visa,irrelevant,synthetic
Starbucks chairman says geopolitical tensions is the biggest challenge facing businesses today,Starbucks,irrelevant,synthetic
BlackRock shares trade lower following weaker-than-expected jobs data — no new company news,BlackRock,irrelevant,synthetic
Walt Disney raises quarterly dividend 47% to $0.62 per share,Walt Disney,relevant,synthetic
Netflix credit rating affirmed with stable outlook by S&P citing diversified revenue mix,Netflix,relevant,synthetic
Kraft Heinz announces $3.0 billion share buyback program,Kraft Heinz,relevant,synthetic
Capital One agrees to $25 million penalty over an advertising standards complaint,Capital One,irrelevant,synthetic
Northrop Grumman enables in-app chat support to its banking app,Northrop Grumman,irrelevant,synthetic
Deere & Company cuts full-year guidance citing supply chain disruptions,Deere & Company,relevant,synthetic
Citigroup loses wealth management division contract to rival in blow to revenue outlook,Citigroup,relevant,synthetic
Wells Fargo to present at the Milken Institute Global Conference next month,Wells Fargo,irrelevant,synthetic
"Capital One posts Q3 net income of $3.4 billion, misses analyst estimates",Capital One,relevant,synthetic
Target ranks among Barron's most sustainable companies for the fifth year running,Target,irrelevant,synthetic
"Goldman Sachs's merger deal raises questions about Caterpillar's position, per Deutsche Bank",Caterpillar,irrelevant,synthetic
UnitedHealth says full-year revenue will fall short of prior guidance by 6%,UnitedHealth,relevant,synthetic
Target raises full-year guidance after Q4 beat on improving inventory management,Target,relevant,synthetic
Wells Fargo CEO says cryptocurrency regulation will shape business strategy for years to come,Wells Fargo,irrelevant,synthetic
Airbnb warehouse worker charged with embezzling from customer accounts in Phoenix,Airbnb,irrelevant,synthetic
"TD Cowen lowers General Electric to sell, lowers price target on earnings miss",General Electric,irrelevant,synthetic
Pfizer fined $25 million by state attorneys general over an environmental reporting error,Pfizer,irrelevant,synthetic
How Goldman Sachs's joint venture could reshape the competitive landscape for ConocoPhillips,ConocoPhillips,irrelevant,synthetic
AT&T outlines five-year strategy to double revenue in regional broadband provider segment,AT&T,relevant,synthetic
American Express human resources manager arrested for alleged theft from delivery route in Philadelphia,American Express,irrelevant,synthetic
Starbucks introduces a progress tracker to its developer portal,Starbucks,irrelevant,synthetic
Charles Schwab chairman says cryptocurrency regulation is moving in the right direction but more work remains,Charles Schwab,irrelevant,synthetic
Valentine's Day: the best IBM home appliances deals you can get right now,IBM,irrelevant,synthetic
"Walt Disney announces 2,000 job cuts in investment banking amid automation initiative",Walt Disney,relevant,synthetic
Lockheed Martin agrees to sell rotary and mission systems division for $1.8 billion to private equity firm,Lockheed Martin,relevant,synthetic
"Lockheed Martin delivers Q1 beat, guides higher for the year",Lockheed Martin,relevant,synthetic
EEOC opens investigation into Progressive over alleged racial harassment in termination policies,Progressive,irrelevant,synthetic
Johnson & Johnson chief executive says trade tariffs is a concern shared by businesses of all sizes,Johnson & Johnson,irrelevant,synthetic
FedEx rolls out a new password manager to its retail website,FedEx,irrelevant,synthetic
Rumour: Could American Express be considering a headquarters relocation? Analysts are watching,American Express,irrelevant,synthetic
"Travelers reports 27% drop in quarterly revenue, cuts annual guidance",Travelers,relevant,synthetic
UPS unveils three-year plan to cut costs by $0.8 billion,UPS,relevant,synthetic
Ford to spin off its commercial vehicle division as a standalone publicly traded company,Ford,relevant,synthetic
"Eli Lilly and specialty pharma company confirm merger talks, deal could be worth $2.5 billion",Eli Lilly,relevant,synthetic
Yum Brands credit rating downgraded by S&P citing elevated debt levels,Yum Brands,relevant,synthetic
Report: Apple holds 41% market share in cloud infrastructure per Gartner,Apple,irrelevant,synthetic
Allstate warns Q2 results will miss estimates due to weaker-than-expected premium retention,Allstate,relevant,synthetic
Merck adds an updated help center to its mobile app,Merck,irrelevant,synthetic
"Kimberly-Clark reaches new four-year labor agreement with union representing 5,500 workers",Kimberly-Clark,relevant,synthetic
Northrop Grumman board approves new $5.1 billion share repurchase authorization,Northrop Grumman,relevant,synthetic
"Kimberly-Clark loses price-fixing conspiracy case, ordered to pay $250 million in penalties",Kimberly-Clark,relevant,synthetic
"Bloomberg: ExxonMobil considering a headquarters relocation, though talks are preliminary",ExxonMobil,irrelevant,synthetic
Procter & Gamble drops sponsorship of college football sponsorship following social media backlash,Procter & Gamble,irrelevant,synthetic
Walmart former general counsel joins a private equity firm as its new chief executive,Walmart,irrelevant,synthetic
Alphabet district manager cited for personal safety violation in Detroit,Alphabet,irrelevant,synthetic
Yum Brands customer service representative arrested in connection with unrelated drug charges in Seattle,Yum Brands,irrelevant,synthetic
Kraft Heinz sued by group of warehouse workers alleging disability discrimination in pay practices,Kraft Heinz,irrelevant,synthetic
Tesla delivery driver faces restraining order filed by former coworker in Philadelphia,Tesla,irrelevant,synthetic
Uber cuts full-year guidance citing regulatory headwinds in key markets,Uber,relevant,synthetic
"Deutsche Bank upgrades Target to underperform, cites strong earnings visibility",Target,irrelevant,synthetic
Kimberly-Clark chairman says data privacy law is top of mind for executives across every industry,Kimberly-Clark,irrelevant,synthetic
UPS workers vote to reject company contract offer at main production plant,UPS,relevant,synthetic
Charles Schwab faces consumer boycott over data privacy practices,Charles Schwab,irrelevant,synthetic
Dollar General logistics coordinator charged with embezzling from customer accounts in Philadelphia,Dollar General,irrelevant,synthetic
Honeywell launches enhanced map view to its website,Honeywell,irrelevant,synthetic
Eli Lilly board approves new $1.2 billion share repurchase authorization,Eli Lilly,relevant,synthetic
Starbucks said to be considering selling its media division in early-stage discussions,Starbucks,irrelevant,synthetic
Accenture workers circulate petition calling for better pay and benefits,Accenture,irrelevant,synthetic
Starbucks launches push notification settings to its employee portal,Starbucks,irrelevant,synthetic
Colgate-Palmolive workers circulate petition calling for end to mandatory arbitration,Colgate-Palmolive,irrelevant,synthetic
Kraft Heinz president says consumer spending is creating uncertainty for long-term investment decisions,Kraft Heinz,irrelevant,synthetic
How Costco's restructuring could reshape the competitive landscape for Paramount Global,Paramount Global,irrelevant,synthetic
JPMorgan Chase logistics coordinator arrested for allegedly cashing fraudulent checks in Boston,JPMorgan Chase,irrelevant,synthetic
Warner Bros. Discovery stock edges higher as investors rotate into defensives,Warner Bros. Discovery,irrelevant,synthetic
ExxonMobil to spin off its midstream operations as a standalone publicly traded company,ExxonMobil,relevant,synthetic
Nike president says the federal budget demands a thoughtful policy response from legislators,Nike,irrelevant,synthetic
"Morgan Stanley CFO announces retirement, company names Wall Street veteran as replacement",Morgan Stanley,relevant,synthetic
Morgan Stanley settles sexual harassment complaint filed by former manager for undisclosed amount,Morgan Stanley,irrelevant,synthetic
Deere & Company updates location-based alerts to its mobile app,Deere & Company,irrelevant,synthetic
"Mizuho lifts Ford to hold, calls valuation compelling after selloff",Ford,irrelevant,synthetic
CSX faces criticism from advocacy groups over marketing to minors allegations,CSX,irrelevant,synthetic
Raytheon chief executive says interest rates is the biggest challenge facing businesses today,Raytheon,irrelevant,synthetic
Raytheon raises full-year guidance after Q4 beat on record defense contract backlog,Raytheon,relevant,synthetic
EEOC opens investigation into Wells Fargo over alleged gender discrimination in pay practices,Wells Fargo,irrelevant,synthetic
McDonald's board approves new $2.1 billion share repurchase authorization,McDonald's,relevant,synthetic
Deere & Company CEO to deliver keynote at a Senate Commerce Committee hearing,Deere & Company,irrelevant,synthetic
Halliburton releases a new rewards tracker to its cloud console,Halliburton,irrelevant,synthetic
Johnson & Johnson raises full-year earnings guidance following stronger-than-expected drug sales,Johnson & Johnson,relevant,synthetic
Judge orders AT&T to pay $180 million in damages over data privacy violations,AT&T,relevant,synthetic
"3M CFO announces retirement, company names former divisional CFO as replacement",3M,relevant,synthetic
"Walmart announces 12,000 corporate layoffs, shares fall on restructuring news",Walmart,relevant,synthetic
"Mastercard delivers Q1 beat, guides higher for the year",Mastercard,relevant,synthetic
Goldman Sachs faces new age discrimination lawsuit from group of retail workers in Ohio court,Goldman Sachs,irrelevant,synthetic
General Motors CEO says immigration policy is something all companies need to take seriously,General Motors,irrelevant,synthetic
AT&T Field hosts record crowd for playoff game,AT&T,irrelevant,synthetic
Citigroup shares pulls back from record highs as the S&P 500 drops,Citigroup,irrelevant,synthetic
Emerson Electric executive to speak at the Goldman Sachs Communacopia conference on the future of AI,Emerson Electric,irrelevant,synthetic
"Amazon restructuring seen as competitive threat to Ford, analyst says",Ford,irrelevant,synthetic
Lowe's board approves new $1.8 billion share repurchase authorization,Lowe's,relevant,synthetic
"Stellantis delivers record number of vehicles in Q3, falls short of expectations",Stellantis,relevant,synthetic
Walmart faces new gender discrimination lawsuit from group of loan officers in Pennsylvania court,Walmart,irrelevant,synthetic
Citigroup shares underperforms the sector as investors take profits across sectors,Citigroup,irrelevant,synthetic
Nvidia executive to speak at the Goldman Sachs Communacopia conference on the digital economy,Nvidia,irrelevant,synthetic
Cyber Monday: the best Uber smartphones deals you can get right now,Uber,irrelevant,synthetic
Judge orders JPMorgan Chase to pay $250 million in damages over antitrust violations,JPMorgan Chase,relevant,synthetic
"Northrop Grumman Q3: revenue in line, margins disappoint, guidance cut",Northrop Grumman,relevant,synthetic
Wells Fargo former CEO departs to become partner at a healthcare company,Wells Fargo,irrelevant,synthetic
Walmart drops sponsorship of annual awards show following social media backlash,Walmart,irrelevant,synthetic
Verizon acquires cable operator in $1.8 billion deal expanding into cable operator,Verizon,relevant,synthetic
Boeing outlines five-year strategy to double revenue in missile defense startup segment,Boeing,relevant,synthetic
Visa issues $1.2 billion in senior notes to refinance maturing debt,Visa,relevant,synthetic
Chipotle named to Fortune's most admired companies list for the first time,Chipotle,irrelevant,synthetic
UPS CEO says supply chain resilience demands a thoughtful policy response from legislators,UPS,irrelevant,synthetic
Consumer guide: Northrop Grumman credit cards ranked and reviewed,Northrop Grumman,irrelevant,synthetic
Mastercard warns Q1 results will miss estimates due to net interest margin compression,Mastercard,relevant,synthetic
Netflix CEO says consumer spending is creating uncertainty for long-term investment decisions,Netflix,irrelevant,synthetic
ExxonMobil boosts quarterly dividend 31% as higher oil prices fuel record free cash flow,ExxonMobil,relevant,synthetic
"Republic Services reports Q1 revenue of $1.2 billion, tops expectations on record revenue",Republic Services,relevant,synthetic
"AbbVie reaches landmark new agreement with union representing 2,500 workers",AbbVie,relevant,synthetic
Waste Management faces social media campaign targeting environmental claims on packaging,Waste Management,irrelevant,synthetic
How JPMorgan Chase's acquisition could reshape the competitive landscape for Pfizer,Pfizer,irrelevant,synthetic
McDonald's issues $2.1 billion in senior notes to finance share buyback program,McDonald's,relevant,synthetic
Capital One board approves new $5.1 billion share repurchase authorization,Capital One,relevant,synthetic
back-to-school season: the best Emerson Electric credit cards deals you can get right now,Emerson Electric,irrelevant,synthetic
CVS Health Q1 gross margin contracts to 18.4% on new drug approvals driving revenue,CVS Health,relevant,synthetic
Citigroup faces disability discrimination lawsuit filed by group of retail workers,Citigroup,irrelevant,synthetic
Group of former General Motors sales representatives alleges gender discrimination in federal class-action,General Motors,irrelevant,synthetic
Apple workers in Charlotte rally to demand improved workplace safety standards,Apple,irrelevant,synthetic
Pfizer reaches $10 million agreement with EEOC to resolve a minor data handling violation,Pfizer,irrelevant,synthetic
FedEx human resources manager sued by customer over personal conduct during shift in Dallas,FedEx,irrelevant,synthetic
Apple CFO scheduled to appear at the Goldman Sachs Communacopia conference investor day,Apple,irrelevant,synthetic
Colgate-Palmolive CEO to deliver keynote at the Milken Institute Global Conference,Colgate-Palmolive,irrelevant,synthetic
"Pfizer announces 7,000 corporate layoffs, shares fall on restructuring news",Pfizer,relevant,synthetic
Why is Republic Services stock pares earlier losses today? Here is what we know,Republic Services,irrelevant,synthetic
"Bloomberg: FedEx exploring a buyout of a rival, though talks are preliminary",FedEx,irrelevant,synthetic
Mastercard issues voluntary recall of payments company product over potential safety concern,Mastercard,relevant,synthetic
"Boeing turns in a Q1 quarter investors had feared, stock drops",Boeing,relevant,synthetic
Verizon workers vote to reject company contract offer at its largest facility,Verizon,relevant,synthetic
Walt Disney faces class-action lawsuit over alleged racial harassment among customer service representatives,Walt Disney,irrelevant,synthetic
"Lowe's announces 10,000 corporate layoffs, shares fall on restructuring news",Lowe's,relevant,synthetic
"Northrop Grumman and defense electronics company confirm merger talks, deal could be worth $1.8 billion",Northrop Grumman,relevant,synthetic
"BlackRock delivers Q3 beat, guides higher for the year",BlackRock,relevant,synthetic
Home Depot faces pay discrimination lawsuit filed by group of warehouse workers,Home Depot,irrelevant,synthetic
EEOC opens investigation into ExxonMobil over alleged gender discrimination in workplace culture,ExxonMobil,irrelevant,synthetic
Merck updates new onboarding tutorial to its customer app,Merck,irrelevant,synthetic
"Morgan Stanley to eliminate 5,500 positions as part of $2.5 billion cost reduction plan",Morgan Stanley,relevant,synthetic
ExxonMobil launches accessibility improvements to its loyalty app,ExxonMobil,irrelevant,synthetic
Allstate warehouse worker charged with embezzling from customer accounts in Phoenix,Allstate,irrelevant,synthetic
Raytheon financial advisor faces restraining order filed by former coworker in Denver,Raytheon,irrelevant,synthetic
ServiceNow Q3 earnings of $0.87 per share misses analyst estimates,ServiceNow,relevant,synthetic
Merck pays $40 million to settle a product labeling issue complaint with CFPB,Merck,irrelevant,synthetic
General Motors acquires auto software company for $180 million to bolster EV battery maker,General Motors,relevant,synthetic
"UBS downgrades Morgan Stanley to overweight, lowers price target on earnings miss",Morgan Stanley,irrelevant,synthetic
Johnson & Johnson updates accessibility improvements to its mobile app,Johnson & Johnson,irrelevant,synthetic
ConocoPhillips drops sponsorship of professional golf tournament following social media backlash,ConocoPhillips,irrelevant,synthetic
Oracle faces new racial harassment lawsuit from group of former employees in Michigan court,Oracle,irrelevant,synthetic
FedEx vs competitors: which televisions is right for you,FedEx,irrelevant,synthetic
Booking Holdings faces consumer boycott over ingredient sourcing policies,Booking Holdings,irrelevant,synthetic
Starbucks releases a progress tracker to its enterprise dashboard,Starbucks,irrelevant,synthetic
3M CFO says data privacy law is the biggest challenge facing businesses today,3M,irrelevant,synthetic
Dow acquires service company for $250 million to bolster technology startup,Dow,relevant,synthetic
Dollar General adds push notification settings to its banking app,Dollar General,irrelevant,synthetic
Chipotle raises quarterly dividend 27% to $1.10 per share,Chipotle,relevant,synthetic
Visa chief executive says geopolitical tensions will have long-lasting effects on the broader economy,Visa,irrelevant,synthetic
UnitedHealth issues $1.8 billion in senior notes to fund strategic acquisitions,UnitedHealth,relevant,synthetic
CSX faces social media campaign targeting executive compensation disclosures,CSX,irrelevant,synthetic
Waste Management CEO joins panel discussion at the Allen & Company Sun Valley conference on climate change and business,Waste Management,irrelevant,synthetic
Gartner ranks 3M as the leading provider in enterprise software,3M,irrelevant,synthetic
General Electric district manager arrested in connection with unrelated drug charges in Boston,General Electric,irrelevant,synthetic
"ExxonMobil announces 10,000 job cuts in retail operations amid strategic review",ExxonMobil,relevant,synthetic
General Electric updates a new password manager to its loyalty app,General Electric,irrelevant,synthetic
Citigroup faces $1.8 billion fine from CFPB over consumer protection violations,Citigroup,relevant,synthetic
How Starbucks's joint venture could reshape the competitive landscape for Uber,Uber,irrelevant,synthetic
Visa net interest income falls 14% as rate environment pressures margins,Visa,relevant,synthetic
3M acquires automation startup for $110 million to bolster precision tools company,3M,relevant,synthetic
"Halliburton announces 10,000 corporate layoffs, shares fall on restructuring news",Halliburton,relevant,synthetic
Pfizer acquires medical device company for $380 million to bolster medical device company,Pfizer,relevant,synthetic
"DuPont reports Q1 revenue of $1.8 billion, beats analyst estimates on strong volume growth",DuPont,relevant,synthetic
Berkshire Hathaway pays $35 million to settle a minor data handling violation complaint with EPA,Berkshire Hathaway,irrelevant,synthetic
General Electric shares underperforms the sector following weaker-than-expected jobs data,General Electric,irrelevant,synthetic
Analyst says McDonald's divestiture positions the company ahead of Meta,Meta,irrelevant,synthetic
UnitedHealth stock outperforms the broader market as tech sector sees profit-taking,UnitedHealth,irrelevant,synthetic
Goldman Sachs launches location-based alerts to its employee portal,Goldman Sachs,irrelevant,synthetic
"Wells Fargo Q3: revenue in line, margins disappoint, guidance cut",Wells Fargo,relevant,synthetic
Progressive chief operating officer says the federal budget requires urgent attention from elected officials,Progressive,irrelevant,synthetic
"AbbVie posts Q4 net income of $2.5 billion, comes in below consensus",AbbVie,relevant,synthetic
Kraft Heinz introduces fingerprint login to its enterprise dashboard,Kraft Heinz,irrelevant,synthetic
Accenture financial advisor charged with harassment following complaint by coworker in Philadelphia,Accenture,irrelevant,synthetic
"Alphabet reports Q2 revenue of $5.1 billion, beats analyst estimates on strong advertising revenue",Alphabet,relevant,synthetic
"JPMorgan boosts Warner Bros. Discovery to neutral, sees accelerating revenue growth",Warner Bros. Discovery,irrelevant,synthetic
Amazon activist investor discloses $2.5 billion stake pushes for margin improvement,Amazon,relevant,synthetic
"Northrop Grumman CFO announces departure, company names former divisional CFO as replacement",Northrop Grumman,relevant,synthetic
AT&T acquires fiber network company in $1.8 billion deal expanding into regional broadband provider,AT&T,relevant,synthetic
AT&T CFO scheduled to appear at the MIT Sloan Management Conference investor day,AT&T,irrelevant,synthetic
FedEx pays $40 million to settle an environmental reporting error complaint with SEC,FedEx,irrelevant,synthetic
Yum Brands cuts full-year guidance citing weaker-than-expected menu pricing,Yum Brands,relevant,synthetic
"Ford posts Q2 net income of $5.1 billion, comes in below consensus",Ford,relevant,synthetic
Walmart launches a new tips section to its customer portal,Walmart,irrelevant,synthetic
"Morgan Stanley downgrades Ralph Lauren to equal weight, cites slowing demand environment",Ralph Lauren,irrelevant,synthetic
"Wells Fargo lowers Warner Bros. Discovery to sell, flags rising competitive pressure",Warner Bros. Discovery,irrelevant,synthetic
Pfizer fined $10 million by CFPB over an outdated record-keeping practice,Pfizer,irrelevant,synthetic
Target faces class-action lawsuit over alleged gender discrimination among district managers,Target,irrelevant,synthetic
New S&P Global Market Intelligence data shows Wells Fargo gaining share in digital advertising,Wells Fargo,irrelevant,synthetic
"Deere & Company loses misleading investors case, ordered to pay $180 million in penalties",Deere & Company,relevant,synthetic
Former Wells Fargo former chief marketing officer named to lead a consulting firm,Wells Fargo,irrelevant,synthetic
Judge orders Halliburton to pay $500 million in damages over market manipulation,Halliburton,relevant,synthetic
Verizon acquires fiber network company in $1.8 billion deal expanding into wireless spectrum holder,Verizon,relevant,synthetic
Netflix co-founder says interest rates is creating uncertainty for long-term investment decisions,Netflix,irrelevant,synthetic
Boeing workers vote to unionize at main production plant,Boeing,relevant,synthetic
Oracle to pay $15 million in connection with a minor consumer notification requirement investigation,Oracle,irrelevant,synthetic
JPMorgan Chase confirms receipt of state attorneys general civil investigative demand over price-fixing conspiracy,JPMorgan Chase,relevant,synthetic
Capital One updates dark mode to its mobile app,Capital One,irrelevant,synthetic
Meta pays $2 million to settle a minor data handling violation complaint with CFPB,Meta,irrelevant,synthetic
ServiceNow chairman says deficit spending will have long-lasting effects on the broader economy,ServiceNow,irrelevant,synthetic
IBM agrees to $45 million penalty over an outdated record-keeping practice,IBM,irrelevant,synthetic
"Bank of America recalls 1,600 thousand units over safety defect, faces $500 million repair bill",Bank of America,relevant,synthetic
Starbucks store manager faces criminal charges unrelated to employment in Minneapolis,Starbucks,irrelevant,synthetic
"Baird lifts Procter & Gamble to hold, sees accelerating revenue growth",Procter & Gamble,irrelevant,synthetic
FedEx reaches $2 million agreement with local labor board to resolve an environmental reporting error,FedEx,irrelevant,synthetic
Lowe's district manager arrested for alleged theft from delivery route in Philadelphia,Lowe's,irrelevant,synthetic
Nike refreshes improved search filters to its loyalty app,Nike,irrelevant,synthetic
ConocoPhillips said to be weighing a potential spinoff in early-stage discussions,ConocoPhillips,irrelevant,synthetic
Visa releases dark mode to its enterprise dashboard,Visa,irrelevant,synthetic
"Sources: Procter & Gamble mulling a share buyback — no deal imminent, sources say",Procter & Gamble,irrelevant,synthetic
Coca-Cola refreshes fingerprint login to its retail website,Coca-Cola,irrelevant,synthetic
Boeing district manager arrested for alleged theft from delivery route in Detroit,Boeing,irrelevant,synthetic
Citigroup president says inflation will shape business strategy for years to come,Citigroup,irrelevant,synthetic
Bernstein Research estimates Mastercard controls 18% of the ride-sharing market,Mastercard,irrelevant,synthetic
Republic Services discloses SEC subpoena related to misleading investors,Republic Services,relevant,synthetic
Warner Bros. Discovery pulls advertising from streaming service following offensive social media post,Warner Bros. Discovery,irrelevant,synthetic
Chevron executive to speak at the Allen & Company Sun Valley conference on the future of AI,Chevron,irrelevant,synthetic
Citigroup warns Q4 results will miss estimates due to rising loan loss provisions,Citigroup,relevant,synthetic
"Chevron lowers Q3 outlook, sends shares sharply lower in after-hours trading",Chevron,relevant,synthetic
"Wells Fargo raises BlackRock to neutral, sees margin recovery underway",BlackRock,irrelevant,synthetic
Waste Management reaches $40 million agreement with EPA to resolve a customer privacy complaint,Waste Management,irrelevant,synthetic
Tyson Foods employees stage walkout over return-to-office mandate,Tyson Foods,irrelevant,synthetic
Charles Schwab updates new color themes to its developer portal,Charles Schwab,irrelevant,synthetic
UnitedHealth divests consumer health division in $8.3 billion deal as part of strategic review,UnitedHealth,relevant,synthetic
Nike releases location-based alerts to its cloud console,Nike,irrelevant,synthetic
Mondelez shares trade lower as tech sector sees profit-taking — no new company news,Mondelez,irrelevant,synthetic
Airbnb CEO says immigration policy cannot be solved by the private sector alone,Airbnb,irrelevant,synthetic
DuPont introduces an updated help center to its banking app,DuPont,irrelevant,synthetic
Nike acquires personal care brand for $110 million to bolster specialty skincare company,Nike,relevant,synthetic
JPMorgan Chase agrees to $250 million settlement with SEC over market manipulation,JPMorgan Chase,relevant,synthetic
Netflix employees stage walkout over changes to remote work flexibility,Netflix,irrelevant,synthetic
Report: Apple in early discussions about a joint venture — company declines to comment,Apple,irrelevant,synthetic
Pfizer Q4 earnings of $0.87 per share tops expectations,Pfizer,relevant,synthetic
Report: JPMorgan Chase holds 44% market share in cloud infrastructure per Bernstein Research,JPMorgan Chase,irrelevant,synthetic
Emerson Electric cited as top player in electric vehicles by Nielsen industry survey,Emerson Electric,irrelevant,synthetic
Verizon CEO says healthcare costs will have long-lasting effects on the broader economy,Verizon,irrelevant,synthetic
Nvidia CEO to deliver keynote at the Allen & Company Sun Valley conference,Nvidia,irrelevant,synthetic
Nike launches location-based alerts to its cloud console,Nike,irrelevant,synthetic
Tyson Foods shares trade lower following weaker-than-expected jobs data — no new company news,Tyson Foods,irrelevant,synthetic
CVS Health warns Q1 results will miss estimates due to patent cliff exposure,CVS Health,relevant,synthetic
Raytheon chief operating officer says global trade is top of mind for executives across every industry,Raytheon,irrelevant,synthetic
"Goldman Sachs upgrades Stellantis to overweight, raises estimates on guidance beat",Stellantis,irrelevant,synthetic
Costco branch teller faces personal lawsuit unrelated to company activities in Phoenix,Costco,irrelevant,synthetic
Former UnitedHealth former general counsel appointed to advisory board of a fintech startup,UnitedHealth,irrelevant,synthetic
Mastercard to acquire regional bank for $3.4 billion in all-stock deal,Mastercard,relevant,synthetic
"Stellantis issues profit warning, slashes guidance citing slowing EV demand",Stellantis,relevant,synthetic
Kimberly-Clark acquires personal care brand in $1.2 billion deal expanding into apparel brand,Kimberly-Clark,relevant,synthetic
Procter & Gamble acquires apparel brand in $0.8 billion deal expanding into apparel brand,Procter & Gamble,relevant,synthetic
Comcast named to Forbes' list of best employers for the third consecutive year,Comcast,irrelevant,synthetic
"Oppenheimer boosts Nvidia to overweight, flags improving demand trends",Nvidia,irrelevant,synthetic
Aflac cited as top player in smartphone sales by Gartner industry survey,Aflac,irrelevant,synthetic
"Needham cuts Accenture to outperform, flags deteriorating pricing power",Accenture,irrelevant,synthetic
Paramount Global updates a new rewards tracker to its website,Paramount Global,irrelevant,synthetic
"Goldman Sachs announces 7,000 corporate layoffs, shares fall on restructuring news",Goldman Sachs,relevant,synthetic
AbbVie to pay $18 million in connection with an environmental reporting error investigation,AbbVie,irrelevant,synthetic
Microsoft reports 8% jump in advertising revenue as digital ad market recovers,Microsoft,relevant,synthetic
Travelers ends partnership with podcast host after content moderation controversy,Travelers,irrelevant,synthetic
the holiday season: the best Pfizer software subscriptions deals you can get right now,Pfizer,irrelevant,synthetic
Kraft Heinz refreshes enhanced map view to its online store,Kraft Heinz,irrelevant,synthetic
"Baird raises ServiceNow to sell, calls valuation compelling after selloff",ServiceNow,irrelevant,synthetic
New Goldman Sachs Research data shows Under Armour gaining share in semiconductor manufacturing,Under Armour,irrelevant,synthetic
UnitedHealth agrees to sell consumer health division for $1.8 billion to consortium of investors,UnitedHealth,relevant,synthetic
McDonald's divests snack foods division in $2.1 billion deal as part of strategic review,McDonald's,relevant,synthetic
Home Depot denies wrongdoing in religious discrimination complaint filed by former executive,Home Depot,irrelevant,synthetic
Oracle marketing manager arrested for allegedly cashing fraudulent checks in Denver,Oracle,irrelevant,synthetic
Home Depot releases a new password manager to its customer portal,Home Depot,irrelevant,synthetic
Bank of America workers in Philadelphia rally to demand reversal of return-to-office policy,Bank of America,irrelevant,synthetic
Dollar General chief operating officer says energy policy demands a thoughtful policy response from legislators,Dollar General,irrelevant,synthetic
PepsiCo to acquire restaurant chain for $3.0 billion in stock-and-cash transaction,PepsiCo,relevant,synthetic
"Microsoft Q4: revenue in line, margins disappoint, guidance cut",Microsoft,relevant,synthetic
Ford announces plan to separate into two independent publicly traded companies,Ford,relevant,synthetic
ExxonMobil to merge with natural gas company in $1.8 billion combination,ExxonMobil,relevant,synthetic
Emerson Electric faces consumer boycott over ingredient sourcing policies,Emerson Electric,irrelevant,synthetic
Republic Services executive to speak at a Senate Commerce Committee hearing on the digital economy,Republic Services,irrelevant,synthetic
"Goldman Sachs raises Tesla to buy, says near-term headwinds are priced in",Tesla,irrelevant,synthetic
"Stifel lowers Aflac to equal weight, lowers price target on earnings miss",Aflac,irrelevant,synthetic
"Home Depot reports 8% drop in quarterly revenue, cuts annual guidance",Home Depot,relevant,synthetic
Progressive faces class-action lawsuit over alleged pay discrimination among retail associates,Progressive,irrelevant,synthetic
"Evercore ISI lifts Ford to outperform, sees accelerating revenue growth",Ford,irrelevant,synthetic
BlackRock wealth management division surpasses $2.5 trillion in client assets,BlackRock,relevant,synthetic
Waste Management blows past Q4 estimates on pricing power,Waste Management,relevant,synthetic
Pfizer announces plan to separate into two independent publicly traded companies,Pfizer,relevant,synthetic
"JPMorgan lifts 3M to buy, points to improving competitive position",3M,irrelevant,synthetic
Procter & Gamble to merge with apparel brand in $1.2 billion combination,Procter & Gamble,relevant,synthetic
Stellantis introduces a progress tracker to its cloud console,Stellantis,irrelevant,synthetic
Report: ConocoPhillips holds 34% market share in semiconductor manufacturing per Forrester,ConocoPhillips,irrelevant,synthetic
Tyson Foods announces $1.8 billion share buyback program,Tyson Foods,relevant,synthetic
Ford faces $3.0 billion fine from DOJ over market manipulation,Ford,relevant,synthetic
Judge orders Kimberly-Clark to pay $380 million in damages over misleading investors,Kimberly-Clark,relevant,synthetic
Tyson Foods discloses FTC subpoena related to antitrust violations,Tyson Foods,relevant,synthetic
Pfizer delivery driver charged with assault following workplace altercation in Los Angeles,Pfizer,irrelevant,synthetic
Tourist spots near Salesforce campus rank among best in the area,Salesforce,irrelevant,synthetic
3M to acquire specialty materials maker for $2.5 billion in all-stock deal,3M,relevant,synthetic
Republic Services CEO joins panel discussion at a Senate Commerce Committee hearing on the global supply chain,Republic Services,irrelevant,synthetic
Aflac catastrophe losses reach $2.5 billion from severe weather events,Aflac,relevant,synthetic
"Pfizer reaches tentative contract deal with union representing 2,500 workers",Pfizer,relevant,synthetic
EEOC opens investigation into Verizon over alleged sexual harassment in promotion decisions,Verizon,irrelevant,synthetic
"Oppenheimer lifts Starbucks to hold, calls recent dip a buying opportunity",Starbucks,irrelevant,synthetic
PepsiCo in deal to take over beverage company for $3.0 billion,PepsiCo,relevant,synthetic
Mastercard chief operating officer says data privacy law will have long-lasting effects on the broader economy,Mastercard,irrelevant,synthetic
Colgate-Palmolive chief executive says the housing market demands a thoughtful policy response from legislators,Colgate-Palmolive,irrelevant,synthetic
Merck workers in Minneapolis rally to demand improved workplace safety standards,Merck,irrelevant,synthetic
Procter & Gamble CFO says immigration policy is a concern shared by businesses of all sizes,Procter & Gamble,irrelevant,synthetic
Coca-Cola financial advisor faces personal lawsuit unrelated to company activities in Boston,Coca-Cola,irrelevant,synthetic
Colgate-Palmolive executive to speak at the World Economic Forum in Davos on financial regulation,Colgate-Palmolive,irrelevant,synthetic
"Dollar General reports 7% drop in quarterly revenue, cuts annual guidance",Dollar General,relevant,synthetic
T-Mobile human resources manager sued by customer over personal conduct during shift in New York,T-Mobile,irrelevant,synthetic
"Morgan Stanley lowers Kimberly-Clark to hold, flags deteriorating pricing power",Kimberly-Clark,irrelevant,synthetic
Capital One faces new gender discrimination lawsuit from group of retail workers in Florida court,Capital One,irrelevant,synthetic
Analyst says McDonald's joint venture positions the company ahead of Caterpillar,Caterpillar,irrelevant,synthetic
"Deutsche Bank lowers Visa to outperform, flags rising competitive pressure",Visa,irrelevant,synthetic
AT&T pulls advertising from news outlet following community backlash,AT&T,irrelevant,synthetic
"UnitedHealth loses misleading investors case, ordered to pay $110 million in penalties",UnitedHealth,relevant,synthetic
EEOC opens investigation into Booking Holdings over alleged gender discrimination in performance reviews,Booking Holdings,irrelevant,synthetic
Warner Bros. Discovery enables a redesigned home screen to its customer portal,Warner Bros. Discovery,irrelevant,synthetic
JPMorgan Chase divests retail brokerage unit in $5.1 billion deal as part of strategic review,JPMorgan Chase,relevant,synthetic
Deere & Company adds a new tips section to its online store,Deere & Company,irrelevant,synthetic
Caterpillar warehouse worker cited for personal safety violation in Seattle,Caterpillar,irrelevant,synthetic
"Honeywell reports Q2 revenue of $3.4 billion, falls short of expectations on strong aerospace aftermarket demand",Honeywell,relevant,synthetic
Dollar General named to LinkedIn's top companies to work for for the first time,Dollar General,irrelevant,synthetic
Apple tops the Street on both revenue and earnings in Q1,Apple,relevant,synthetic
Yum Brands introduces fingerprint login to its online store,Yum Brands,irrelevant,synthetic
Colgate-Palmolive Q1 earnings of $2.14 per share misses analyst estimates,Colgate-Palmolive,relevant,synthetic
Procter & Gamble employees sign open letter opposing healthcare benefit reductions,Procter & Gamble,irrelevant,synthetic
Concert at Target Arena draws thousands despite rain,Target,irrelevant,synthetic
CSX acquires logistics startup for $180 million to bolster warehouse operator,CSX,relevant,synthetic
Eli Lilly reports positive Phase 3 trial results for key pipeline drug,Eli Lilly,relevant,synthetic
"Home Depot Q4: revenue in line, margins disappoint, guidance cut",Home Depot,relevant,synthetic
Wells Fargo issues $1.8 billion in senior notes to refinance maturing debt,Wells Fargo,relevant,synthetic
Ford Q3 earnings of $3.10 per share comes in below consensus,Ford,relevant,synthetic
Kraft Heinz Q2 operating income surges 24% on menu price increases driving revenue,Kraft Heinz,relevant,synthetic
Report: Microsoft exploring a merger — company declines to comment,Microsoft,irrelevant,synthetic
Amazon names former rival executive as new chief executive following CEO transition,Amazon,relevant,synthetic
"FedEx reports 17% drop in quarterly revenue, cuts annual guidance",FedEx,relevant,synthetic
Warner Bros. Discovery launches location-based alerts to its cloud console,Warner Bros. Discovery,irrelevant,synthetic
Raytheon introduces in-app chat support to its customer app,Raytheon,irrelevant,synthetic
Coca-Cola posts better-than-expected Q3 results as strong organic volume growth,Coca-Cola,relevant,synthetic
"Procter & Gamble posts Q3 net income of $8.3 billion, misses analyst estimates",Procter & Gamble,relevant,synthetic
Amazon blows past Q1 estimates on AI-driven demand acceleration,Amazon,relevant,synthetic
Citi flags Microsoft as a company that could benefit from the deal in note on Goldman Sachs joint venture,Microsoft,irrelevant,synthetic
Johnson & Johnson agrees to sell consumer health division for $22.0 billion to private equity firm,Johnson & Johnson,relevant,synthetic
"Deutsche Bank trims Mondelez to hold, flags margin pressure ahead",Mondelez,irrelevant,synthetic
CVS Health faces new racial harassment lawsuit from former engineer in New Jersey court,CVS Health,irrelevant,synthetic
Republic Services confirms receipt of CFTC civil investigative demand over consumer protection violations,Republic Services,relevant,synthetic
Lockheed Martin delivery driver arrested in connection with unrelated drug charges in Houston,Lockheed Martin,irrelevant,synthetic
Waste Management factory worker cited for personal safety violation in Philadelphia,Waste Management,irrelevant,synthetic
Progressive settles pay discrimination complaint filed by former manager for undisclosed amount,Progressive,irrelevant,synthetic
Salesforce agrees to $8 million penalty over a minor fair lending violation,Salesforce,irrelevant,synthetic
"Apple's restructuring deal raises questions about Nike's position, per UBS",Nike,irrelevant,synthetic
Ralph Lauren Q3 earnings of $0.43 per share tops expectations,Ralph Lauren,relevant,synthetic
Best Oracle deals this Cyber Monday: our top picks,Oracle,irrelevant,synthetic
"Norfolk Southern issues profit warning, slashes guidance citing slowing freight demand",Norfolk Southern,relevant,synthetic
General Motors human resources manager charged with embezzling from customer accounts in Charlotte,General Motors,irrelevant,synthetic
DuPont co-founder says supply chain resilience requires coordinated global action to address effectively,DuPont,irrelevant,synthetic
Bank of America chief executive says inflation cannot be solved by the private sector alone,Bank of America,irrelevant,synthetic
General Electric rolls out fingerprint login to its online store,General Electric,irrelevant,synthetic
ConocoPhillips faces criticism from advocacy groups over price increase practices,ConocoPhillips,irrelevant,synthetic
"Verizon Q3: revenue in line, margins disappoint, guidance cut",Verizon,relevant,synthetic
Nvidia enables a redesigned home screen to its online store,Nvidia,irrelevant,synthetic
Chipotle ordered by FTC to pay $180 million over data privacy violations,Chipotle,relevant,synthetic
Rumour: Could Morgan Stanley be considering selling its media division? Analysts are watching,Morgan Stanley,irrelevant,synthetic
Kraft Heinz board approves new $1.8 billion share repurchase authorization,Kraft Heinz,relevant,synthetic
"Amazon lowers Q2 outlook, sends shares sharply lower in after-hours trading",Amazon,relevant,synthetic
"General Motors posts Q3 net income of $0.8 billion, tops expectations",General Motors,relevant,synthetic
Protests outside Costco headquarters over unrelated political issue,Costco,irrelevant,synthetic
Waste Management factory worker charged with running fraud scheme at local branch in Detroit,Waste Management,irrelevant,synthetic
American Express workers vote to authorize strike at key distribution center,American Express,relevant,synthetic
"Walt Disney delivers Q4 beat, guides higher for the year",Walt Disney,relevant,synthetic
Allstate settles national origin discrimination complaint filed by former sales representative for undisclosed amount,Allstate,irrelevant,synthetic
Chipotle former chief technology officer departs to become partner at a healthcare company,Chipotle,irrelevant,synthetic
Johnson & Johnson releases improved search filters to its streaming platform,Johnson & Johnson,irrelevant,synthetic
AbbVie said to be considering going private in early-stage discussions,AbbVie,irrelevant,synthetic
Former Chevron former chief revenue officer appointed to advisory board of a venture capital fund,Chevron,irrelevant,synthetic
Mother's Day: the best General Motors televisions deals you can get right now,General Motors,irrelevant,synthetic
Warner Bros. Discovery recognized on Fast Company's most innovative companies for workplace culture,Warner Bros. Discovery,irrelevant,synthetic
"ConocoPhillips posts Q2 net income of $5.1 billion, comes in below consensus",ConocoPhillips,relevant,synthetic
3M former chief marketing officer joins a healthcare company as its new chief executive,3M,irrelevant,synthetic
Honeywell faces national origin discrimination lawsuit filed by group of former employees,Honeywell,irrelevant,synthetic
"McDonald's restructuring seen as competitive threat to Salesforce, analyst says",Salesforce,irrelevant,synthetic
Accenture hit with $900 million penalty by EU regulators over price-fixing conspiracy,Accenture,relevant,synthetic
"General Motors delivers Q4 beat, guides higher for the year",General Motors,relevant,synthetic
Honeywell faces social media campaign targeting ingredient sourcing policies,Honeywell,irrelevant,synthetic
"Ford recalls vehicles over potential safety defect, faces repair costs",Ford,relevant,synthetic
Former Mondelez former president named to lead a hedge fund,Mondelez,irrelevant,synthetic
Emerson Electric workers circulate petition calling for greater transparency in pay practices,Emerson Electric,irrelevant,synthetic
"Bank of America raises Republic Services to hold, sees accelerating revenue growth",Republic Services,irrelevant,synthetic
Uber CFO scheduled to appear at the Aspen Ideas Festival investor day,Uber,irrelevant,synthetic
BlackRock employees sign open letter opposing changes to remote work flexibility,BlackRock,irrelevant,synthetic
Paramount Global fined $30 million by state attorneys general over a minor labor board finding,Paramount Global,irrelevant,synthetic
Tyson Foods store manager charged with harassment following complaint by coworker in Houston,Tyson Foods,irrelevant,synthetic
Alphabet raises quarterly dividend 17% to $1.25 per share,Alphabet,relevant,synthetic
Microsoft agrees to $20 million penalty over a product labeling issue,Microsoft,irrelevant,synthetic
Stellantis sales representative faces restraining order filed by former coworker in Denver,Stellantis,irrelevant,synthetic
Meta updates two-factor authentication prompts to its mobile app,Meta,irrelevant,synthetic
Lockheed Martin ranks among Glassdoor's top-rated employers for the second straight year,Lockheed Martin,irrelevant,synthetic
"Oppenheimer lifts ServiceNow to overweight, says near-term headwinds are priced in",ServiceNow,irrelevant,synthetic
Waste Management CEO to deliver keynote at the Aspen Ideas Festival,Waste Management,irrelevant,synthetic
Former Aflac delivery driver files racial harassment complaint with EEOC,Aflac,irrelevant,synthetic
Allstate divests personal lines division in $1.8 billion deal as part of strategic review,Allstate,relevant,synthetic
Kimberly-Clark divests feminine care brands in $0.8 billion deal as part of strategic review,Kimberly-Clark,relevant,synthetic
Costco faces criticism from advocacy groups over price increase practices,Costco,irrelevant,synthetic
"Amazon's partnership deal raises questions about Goldman Sachs's position, per JPMorgan",Goldman Sachs,irrelevant,synthetic
"IBM reports 7% drop in quarterly revenue, cuts annual guidance",IBM,relevant,synthetic
PepsiCo cuts full-year guidance citing same-store sales decline,PepsiCo,relevant,synthetic
Aflac in deal to take over specialty insurer for $0.5 billion,Aflac,relevant,synthetic
Home Depot executive to speak at the Goldman Sachs Communacopia conference on climate change and business,Home Depot,irrelevant,synthetic
"DuPont issues profit warning, slashes guidance citing higher operating costs",DuPont,relevant,synthetic
3M to present at the Milken Institute Global Conference next month,3M,irrelevant,synthetic
IBM executive to speak at the World Economic Forum in Davos on energy transition,IBM,irrelevant,synthetic
Nvidia launches simplified navigation menu to its digital wallet,Nvidia,irrelevant,synthetic
3M Q3 earnings of $2.14 per share surpasses consensus,3M,relevant,synthetic
"Mastercard issues profit warning, slashes guidance citing slower deal activity",Mastercard,relevant,synthetic
BlackRock employees protest mandatory drug testing policy at headquarters,BlackRock,irrelevant,synthetic
Tyson Foods co-founder says cryptocurrency regulation presents both risks and opportunities for the private sector,Tyson Foods,irrelevant,synthetic
Waste Management introduces improved search filters to its mobile app,Waste Management,irrelevant,synthetic
Caterpillar agrees to sell safety products division for $0.8 billion to private equity firm,Caterpillar,relevant,synthetic
How Walmart's joint venture could reshape the competitive landscape for Ford,Ford,irrelevant,synthetic
Citigroup shares pares earlier losses as the S&P 500 drops,Citigroup,irrelevant,synthetic
Boeing sued by former manager alleging racial discrimination in promotion decisions,Boeing,irrelevant,synthetic
Microsoft human resources manager charged with embezzling from customer accounts in Detroit,Microsoft,irrelevant,synthetic
T-Mobile shares trade lower amid risk-off sentiment — no new company news,T-Mobile,irrelevant,synthetic
Starbucks announces $2.1 billion share buyback program,Starbucks,relevant,synthetic
DuPont co-founder says interest rates presents both risks and opportunities for the private sector,DuPont,irrelevant,synthetic
Mastercard chief executive says climate policy demands a thoughtful policy response from legislators,Mastercard,irrelevant,synthetic
Alphabet branch teller charged with running fraud scheme at local branch in Denver,Alphabet,irrelevant,synthetic
Nike software engineer arrested after incident caught on security camera in Minneapolis,Nike,irrelevant,synthetic
Warner Bros. Discovery CFO scheduled to appear at a Senate Commerce Committee hearing investor day,Warner Bros. Discovery,irrelevant,synthetic
Deere & Company marketing manager charged with running fraud scheme at local branch in Minneapolis,Deere & Company,irrelevant,synthetic
Microsoft faces criticism from advocacy groups over ingredient sourcing policies,Microsoft,irrelevant,synthetic
Sources: CVS Health close to finalising acquisition of biotech startup for $5.1 billion,CVS Health,relevant,synthetic
Stellantis faces social media campaign targeting ingredient sourcing policies,Stellantis,irrelevant,synthetic
Amazon shares pulls back from record highs as the S&P 500 drops,Amazon,irrelevant,synthetic
Amazon issues voluntary recall of cloud infrastructure company product over potential safety concern,Amazon,relevant,synthetic
Yum Brands discloses state attorneys general subpoena related to price-fixing conspiracy,Yum Brands,relevant,synthetic
ExxonMobil chief executive says the labor market is top of mind for executives across every industry,ExxonMobil,irrelevant,synthetic
Former Charles Schwab former chief revenue officer named to lead a healthcare company,Charles Schwab,irrelevant,synthetic
Airbnb co-founder says the housing market is creating uncertainty for long-term investment decisions,Airbnb,irrelevant,synthetic
AbbVie to acquire pharmacy benefit manager for $3.4 billion in all-stock deal,AbbVie,relevant,synthetic
Group of former Norfolk Southern retail associates alleges disability discrimination in federal class-action,Norfolk Southern,irrelevant,synthetic
Chipotle launches a new rewards tracker to its retail website,Chipotle,irrelevant,synthetic
"Baird trims Lowe's to outperform, says near-term catalysts are limited",Lowe's,irrelevant,synthetic
"Barclays trims Deere & Company to overweight, says near-term catalysts are limited",Deere & Company,irrelevant,synthetic
General Motors employees stage walkout over changes to remote work flexibility,General Motors,irrelevant,synthetic
Travelers faces class-action lawsuit over alleged racial harassment among branch tellers,Travelers,irrelevant,synthetic
"Sources: Home Depot considering going private — no deal imminent, sources say",Home Depot,irrelevant,synthetic
EEOC opens investigation into JPMorgan Chase over alleged religious discrimination in pay practices,JPMorgan Chase,irrelevant,synthetic
"Oppenheimer boosts Nike to underperform, sees margin recovery underway",Nike,irrelevant,synthetic
Rumour: Could Caterpillar be looking at entering the electric vehicle market? Analysts are watching,Caterpillar,irrelevant,synthetic
Target sales representative cited for personal safety violation in Atlanta,Target,irrelevant,synthetic
Ford faces $1.8 billion fine from EU regulators over mortgage servicing failures,Ford,relevant,synthetic
Why is Costco stock slips today? Here is what we know,Costco,irrelevant,synthetic
Charles Schwab posts better-than-expected Q1 results as record assets under management,Charles Schwab,relevant,synthetic
Pfizer to merge with specialty pharma company in $1.2 billion combination,Pfizer,relevant,synthetic
Procter & Gamble blows past Q4 estimates on strong international emerging market sales,Procter & Gamble,relevant,synthetic
Save big on Morgan Stanley laptops this Black Friday — here is how,Morgan Stanley,irrelevant,synthetic
ExxonMobil ordered by EPA to pay $110 million over data privacy violations,ExxonMobil,relevant,synthetic
"Google joint venture seen as competitive threat to Lowe's, analyst says",Lowe's,irrelevant,synthetic
Accenture reports 7% jump in advertising revenue as digital ad market recovers,Accenture,relevant,synthetic
ConocoPhillips confirms receipt of DOJ civil investigative demand over misleading investors,ConocoPhillips,relevant,synthetic
Amazon pulls advertising from video sharing platform following controversial comments online,Amazon,irrelevant,synthetic
Stellantis employees protest healthcare benefit reductions at headquarters,Stellantis,irrelevant,synthetic
"Tyson Foods CEO steps down after 8 years, board appoints industry veteran",Tyson Foods,relevant,synthetic
Travelers warehouse worker suspended following investigation into personal conduct in Chicago,Travelers,irrelevant,synthetic
General Electric launches push notification settings to its cloud console,General Electric,irrelevant,synthetic
JPMorgan Chase Q4 gross margin contracts to 34.7% on record assets under management,JPMorgan Chase,relevant,synthetic
"Barclays boosts Ford to underperform, calls recent dip a buying opportunity",Ford,irrelevant,synthetic
Deere & Company credit rating placed on negative watch by DBRS citing strong capital position,Deere & Company,relevant,synthetic
Oracle issues voluntary recall of developer tools company product over potential safety concern,Oracle,relevant,synthetic
"Netflix to eliminate 2,000 positions as part of $1.2 billion cost reduction plan",Netflix,relevant,synthetic
Microsoft customer service representative faces restraining order filed by former coworker in Dallas,Microsoft,irrelevant,synthetic
"Bloomberg: Caterpillar weighing a potential spinoff, though talks are preliminary",Caterpillar,irrelevant,synthetic
Citigroup credit rating placed on negative watch by Fitch citing diversified revenue mix,Citigroup,relevant,synthetic
"Raytheon lowers Q3 outlook, sends shares sharply lower in after-hours trading",Raytheon,relevant,synthetic
UBS flags Boeing as a likely target in a broader sector consolidation in note on Starbucks partnership,Boeing,irrelevant,synthetic
Progressive ranks among Forbes' list of best employers for the third consecutive year,Progressive,irrelevant,synthetic
Starbucks faces age discrimination lawsuit filed by group of warehouse workers,Starbucks,irrelevant,synthetic
Home Depot to merge with delivery service in $2.5 billion combination,Home Depot,relevant,synthetic
Bernstein flags BlackRock as a likely target in a broader sector consolidation in note on Walmart merger,BlackRock,irrelevant,synthetic
IBM district manager arrested in connection with unrelated drug charges in Dallas,IBM,irrelevant,synthetic
Ralph Lauren adds dark mode to its banking app,Ralph Lauren,irrelevant,synthetic
Apple chief executive says global trade presents both risks and opportunities for the private sector,Apple,irrelevant,synthetic
Mastercard CEO says healthcare costs is moving in the right direction but more work remains,Mastercard,irrelevant,synthetic
BlackRock announces $14.0 billion share buyback program,BlackRock,relevant,synthetic
Capital One CFO says trade tariffs is moving in the right direction but more work remains,Capital One,irrelevant,synthetic
Walmart Q2 earnings of $4.91 per share misses analyst estimates,Walmart,relevant,synthetic
Kraft Heinz in deal to take over beverage company for $2.1 billion,Kraft Heinz,relevant,synthetic
Yum Brands announces $1.2 billion share buyback program,Yum Brands,relevant,synthetic
back-to-school season: the best General Motors streaming plans deals you can get right now,General Motors,irrelevant,synthetic
Accenture Q4 earnings of $4.91 per share misses analyst estimates,Accenture,relevant,synthetic
Nvidia workers in Seattle rally to demand better pay and benefits,Nvidia,irrelevant,synthetic
Dow releases an updated help center to its streaming platform,Dow,irrelevant,synthetic
T-Mobile to spin off its media assets as a standalone publicly traded company,T-Mobile,relevant,synthetic
Warner Bros. Discovery launches a new tips section to its retail website,Warner Bros. Discovery,irrelevant,synthetic
T-Mobile delivery driver sued by customer over personal conduct during shift in Los Angeles,T-Mobile,irrelevant,synthetic
Microsoft adds accessibility improvements to its checkout flow,Microsoft,irrelevant,synthetic
Nielsen ranks Johnson & Johnson as the leading provider in cloud infrastructure,Johnson & Johnson,irrelevant,synthetic
Johnson & Johnson reports positive Phase 3 trial results for key pipeline drug,Johnson & Johnson,relevant,synthetic
"ConocoPhillips announces 800 corporate layoffs, shares fall on restructuring news",ConocoPhillips,relevant,synthetic
CSX board approves new $3.4 billion share repurchase authorization,CSX,relevant,synthetic
Uber agrees to sell freight business for $0.8 billion to private equity firm,Uber,relevant,synthetic
Lowe's launches in-app chat support to its loyalty app,Lowe's,irrelevant,synthetic
"Bernstein trims Pfizer to equal weight, flags margin pressure ahead",Pfizer,irrelevant,synthetic
DuPont issues $1.8 billion in senior notes to refinance maturing debt,DuPont,relevant,synthetic
"Salesforce CFO announces retirement, company names industry outsider as replacement",Salesforce,relevant,synthetic
"Goldman Sachs joint venture seen as competitive threat to Eli Lilly, analyst says",Eli Lilly,irrelevant,synthetic
Apple faces consumer boycott over overseas manufacturing practices,Apple,irrelevant,synthetic
General Motors workers circulate petition calling for remote work flexibility,General Motors,irrelevant,synthetic
Mastercard loses wealth management division contract to rival in blow to revenue outlook,Mastercard,relevant,synthetic
3M issues $8.3 billion in senior notes to fund capital expenditures,3M,relevant,synthetic
Republic Services delivery driver charged with embezzling from customer accounts in Detroit,Republic Services,irrelevant,synthetic
Goldman Sachs faces criticism from advocacy groups over environmental claims on packaging,Goldman Sachs,irrelevant,synthetic
City council debates naming rights deal for stadium near Lockheed Martin offices,Lockheed Martin,irrelevant,synthetic
Nvidia sales representative arrested for allegedly cashing fraudulent checks in Philadelphia,Nvidia,irrelevant,synthetic
Nike organic sales growth of 6% in Q1 surpasses consensus on pricing and volume,Nike,relevant,synthetic
PepsiCo divests international division in $5.1 billion deal as part of strategic review,PepsiCo,relevant,synthetic
Halliburton shares trade lower amid risk-off sentiment — no new company news,Halliburton,irrelevant,synthetic
How UPS's restructuring could reshape the competitive landscape for AbbVie,AbbVie,irrelevant,synthetic
Chipotle former general counsel departs to become partner at a private equity firm,Chipotle,irrelevant,synthetic
CVS Health chairman says consumer spending is the biggest challenge facing businesses today,CVS Health,irrelevant,synthetic
"Home Depot recalls 12,000 thousand units over safety defect, faces $110 million repair bill",Home Depot,relevant,synthetic
Paramount Global president says AI regulation is the biggest challenge facing businesses today,Paramount Global,irrelevant,synthetic
"Chipotle issues profit warning, slashes guidance citing elevated commodity costs",Chipotle,relevant,synthetic
"General Motors reports Q2 revenue of $1.2 billion, surpasses consensus on strong fleet sales",General Motors,relevant,synthetic
Is ConocoPhillips's latest software subscriptions worth buying? A consumer review,ConocoPhillips,irrelevant,synthetic
Nielsen estimates Colgate-Palmolive controls 22% of the pharmaceutical distribution market,Colgate-Palmolive,irrelevant,synthetic
Netflix ends partnership with celebrity spokesperson after content moderation controversy,Netflix,irrelevant,synthetic
General Motors fined $40 million by state attorneys general over a product labeling issue,General Motors,irrelevant,synthetic
Travelers branch teller charged with running fraud scheme at local branch in Los Angeles,Travelers,irrelevant,synthetic
"RBC Capital Markets upgrades Microsoft to equal weight, cites market share gains",Microsoft,irrelevant,synthetic
Former Goldman Sachs customer service representative files pay discrimination complaint with EEOC,Goldman Sachs,irrelevant,synthetic
New Goldman Sachs Research data shows Chipotle gaining share in ride-sharing,Chipotle,irrelevant,synthetic
Prime Day: the best Lockheed Martin smartphones deals you can get right now,Lockheed Martin,irrelevant,synthetic
AT&T Q2 operating income surges 42% on reduced churn from improved network quality,AT&T,relevant,synthetic
Boeing introduces spending insights tab to its digital wallet,Boeing,irrelevant,synthetic
Honeywell former CFO leaves to join a healthcare company in senior role,Honeywell,irrelevant,synthetic
Accenture co-founder says supply chain resilience is creating uncertainty for long-term investment decisions,Accenture,irrelevant,synthetic
American Express Q3 earnings of $0.87 per share beats analyst estimates,American Express,relevant,synthetic
"Evercore ISI boosts Kraft Heinz to underperform, sees accelerating revenue growth",Kraft Heinz,irrelevant,synthetic
Walmart confirms receipt of DOJ civil investigative demand over price-fixing conspiracy,Walmart,relevant,synthetic
BlackRock employees protest mandatory overtime policy at headquarters,BlackRock,irrelevant,synthetic
Rumour: Could Meta be considering selling its media division? Analysts are watching,Meta,irrelevant,synthetic
Progressive raises full-year guidance after Q2 beat on strong personal auto pricing,Progressive,relevant,synthetic
Waste Management faces class-action lawsuit over alleged national origin discrimination among logistics coordinators,Waste Management,irrelevant,synthetic
Is Honeywell's latest sneakers worth buying? A consumer review,Honeywell,irrelevant,synthetic
"TD Cowen trims Target to neutral, sees limited upside from current levels",Target,irrelevant,synthetic
Group of former Charles Schwab store managers alleges pregnancy discrimination in federal class-action,Charles Schwab,irrelevant,synthetic
"Sources: Apple mulling a share buyback — no deal imminent, sources say",Apple,irrelevant,synthetic
ServiceNow acquires enterprise software company in $90.0 billion deal expanding into cybersecurity startup,ServiceNow,relevant,synthetic
Sources: Tyson Foods close to finalising acquisition of restaurant chain for $5.1 billion,Tyson Foods,relevant,synthetic
FedEx chief operating officer says supply chain resilience cannot be solved by the private sector alone,FedEx,irrelevant,synthetic
Consumer guide: Netflix food delivery ranked and reviewed,Netflix,irrelevant,synthetic
Raytheon names former rival executive as new chief executive following board review,Raytheon,relevant,synthetic
Merck faces $1.2 billion fine from CFPB over consumer protection violations,Merck,relevant,synthetic
JPMorgan Chase Q3 operating income surges 9% on strong card spending volumes,JPMorgan Chase,relevant,synthetic
Capital One faces new racial discrimination lawsuit from former engineer in Massachusetts court,Capital One,irrelevant,synthetic
"Boeing delivers Q2 beat, guides higher for the year",Boeing,relevant,synthetic
Pfizer CEO to deliver keynote at the Aspen Ideas Festival,Pfizer,irrelevant,synthetic
Netflix introduces push notification settings to its enterprise dashboard,Netflix,irrelevant,synthetic
Lockheed Martin pulls advertising from news outlet following personal scandal,Lockheed Martin,irrelevant,synthetic
Stellantis announces $5.1 billion share buyback program,Stellantis,relevant,synthetic
Ralph Lauren announces plan to separate into two independent publicly traded companies,Ralph Lauren,relevant,synthetic
Boeing Q2 gross margin contracts to 11.4% on record hypersonic weapons orders,Boeing,relevant,synthetic
Goldman Sachs posts better-than-expected Q3 results as record assets under management,Goldman Sachs,relevant,synthetic
Valentine's Day: the best Warner Bros. Discovery software subscriptions deals you can get right now,Warner Bros. Discovery,irrelevant,synthetic
Goldman Sachs delivery driver arrested for allegedly cashing fraudulent checks in Boston,Goldman Sachs,irrelevant,synthetic
Visa loses consumer banking arm contract to rival in blow to revenue outlook,Visa,relevant,synthetic
Lockheed Martin co-founder says trade tariffs is creating uncertainty for long-term investment decisions,Lockheed Martin,irrelevant,synthetic
Coca-Cola chief executive says the labor market is creating uncertainty for long-term investment decisions,Coca-Cola,irrelevant,synthetic
CSX launches two-factor authentication prompts to its website,CSX,irrelevant,synthetic
McDonald's updates in-app chat support to its enterprise dashboard,McDonald's,irrelevant,synthetic
BlackRock discloses CFTC subpoena related to consumer protection violations,BlackRock,relevant,synthetic
Lockheed Martin updates a new rewards tracker to its digital wallet,Lockheed Martin,irrelevant,synthetic
AbbVie launches dark mode to its customer portal,AbbVie,irrelevant,synthetic
Netflix chief executive says interest rates cannot be solved by the private sector alone,Netflix,irrelevant,synthetic
3M sued by former engineer alleging racial harassment in promotion decisions,3M,irrelevant,synthetic
Under Armour vs competitors: which home appliances is right for you,Under Armour,irrelevant,synthetic
AT&T recognized on Glassdoor's top-rated employers for workplace culture,AT&T,irrelevant,synthetic
Paramount Global raises full-year guidance after Q3 beat on successful content slate driving subscriptions,Paramount Global,relevant,synthetic
Warner Bros. Discovery drops sponsorship of music festival following social media backlash,Warner Bros. Discovery,irrelevant,synthetic
Coca-Cola fined $35 million by local labor board over a minor labor board finding,Coca-Cola,irrelevant,synthetic
ConocoPhillips faces racial discrimination lawsuit filed by group of retail workers,ConocoPhillips,irrelevant,synthetic
Tyson Foods earns top score on LinkedIn's top companies to work for,Tyson Foods,irrelevant,synthetic
Chevron cuts full-year guidance citing declining production volumes,Chevron,relevant,synthetic
Berkshire Hathaway shares trade lower following broader macro concerns — no new company news,Berkshire Hathaway,irrelevant,synthetic
Former Johnson & Johnson former CFO named to lead a consulting firm,Johnson & Johnson,irrelevant,synthetic
Uber blows past Q1 estimates on strong travel demand recovery,Uber,relevant,synthetic
JPMorgan Chase pays $45 million to settle an advertising standards complaint complaint with local labor board,JPMorgan Chase,irrelevant,synthetic
AbbVie suspends quarterly dividend amid cash flow concerns,AbbVie,relevant,synthetic
Walmart executive to speak at the Allen & Company Sun Valley conference on workforce transformation,Walmart,irrelevant,synthetic
Forrester ranks JPMorgan Chase as the leading provider in ride-sharing,JPMorgan Chase,irrelevant,synthetic
BlackRock factory worker arrested after incident caught on security camera in Houston,BlackRock,irrelevant,synthetic
Group of former Halliburton human resources managers alleges pregnancy discrimination in federal class-action,Halliburton,irrelevant,synthetic
Charles Schwab cited as top player in cloud infrastructure by Forrester industry survey,Charles Schwab,irrelevant,synthetic
"Comcast announces 10,000 job cuts in retail operations amid cost reduction program",Comcast,relevant,synthetic
Citigroup named to Forbes' list of best employers for the second straight year,Citigroup,irrelevant,synthetic
ExxonMobil pulls advertising from podcast network following controversial comments online,ExxonMobil,irrelevant,synthetic
Eli Lilly updates new color themes to its developer portal,Eli Lilly,irrelevant,synthetic
Report: Northrop Grumman holds 63% market share in enterprise software per IDC,Northrop Grumman,irrelevant,synthetic
Ralph Lauren co-founder says AI regulation is creating uncertainty for long-term investment decisions,Ralph Lauren,irrelevant,synthetic
UPS employees stage walkout over mandatory overtime policy,UPS,irrelevant,synthetic
ConocoPhillips executive to speak at the World Economic Forum in Davos on workforce transformation,ConocoPhillips,irrelevant,synthetic
Travelers Q1 gross margin contracts to 19.8% on strong premium growth,Travelers,relevant,synthetic
Procter & Gamble former CEO departs to become partner at a venture capital fund,Procter & Gamble,irrelevant,synthetic
Booking Holdings customer service representative faces restraining order filed by former coworker in Phoenix,Booking Holdings,irrelevant,synthetic
Costco agrees to sell e-commerce unit for $5.1 billion to private equity firm,Costco,relevant,synthetic
CVS Health chief executive says the housing market is more complex than most policymakers appreciate,CVS Health,irrelevant,synthetic
ExxonMobil enables in-app chat support to its customer portal,ExxonMobil,irrelevant,synthetic
Chevron launches improved load times to its cloud console,Chevron,irrelevant,synthetic
"Jefferies downgrades Coca-Cola to overweight, sees limited upside from current levels",Coca-Cola,irrelevant,synthetic
IDC ranks AbbVie as the leading provider in enterprise software,AbbVie,irrelevant,synthetic
"Baird trims General Electric to buy, warns of elevated inventory",General Electric,irrelevant,synthetic
Former Amazon former chief marketing officer appointed to advisory board of a non-profit board,Amazon,irrelevant,synthetic
ServiceNow issues voluntary recall of cybersecurity startup product over potential safety concern,ServiceNow,relevant,synthetic
"Lowe's posts Q1 net income of $5.1 billion, falls short of expectations",Lowe's,relevant,synthetic
"FedEx's restructuring deal raises questions about Tesla's position, per UBS",Tesla,irrelevant,synthetic
Former AbbVie former CFO named to lead a government advisory role,AbbVie,irrelevant,synthetic
AT&T drops sponsorship of professional golf tournament following social media backlash,AT&T,irrelevant,synthetic
Raytheon faces class-action over satellite systems maker product defect affecting millions of users,Raytheon,relevant,synthetic
Save big on Boeing laptops this Cyber Monday — here is how,Boeing,irrelevant,synthetic
Colgate-Palmolive CFO says global trade is something all companies need to take seriously,Colgate-Palmolive,irrelevant,synthetic
Bank of America named to LinkedIn's top companies to work for for the second straight year,Bank of America,irrelevant,synthetic
"Pfizer to eliminate 4,000 positions as part of $3.4 billion cost reduction plan",Pfizer,relevant,synthetic
AT&T cuts full-year guidance citing pricing pressure from competitors,AT&T,relevant,synthetic
"Charles Schwab and regional bank confirm merger talks, deal could be worth $2.5 billion",Charles Schwab,relevant,synthetic
Emerson Electric president says climate policy requires urgent attention from elected officials,Emerson Electric,irrelevant,synthetic
Aflac faces gender discrimination lawsuit filed by former sales representative,Aflac,irrelevant,synthetic
Kimberly-Clark Q2 earnings of $5.37 per share falls short of expectations,Kimberly-Clark,relevant,synthetic
Kraft Heinz ends partnership with celebrity spokesperson after community backlash,Kraft Heinz,irrelevant,synthetic
Nvidia raises full-year guidance after Q2 beat on robust enterprise software renewals,Nvidia,relevant,synthetic
Save big on Alphabet running shoes this Black Friday — here is how,Alphabet,irrelevant,synthetic
Republic Services stock gives back recent gains amid rising interest rate fears,Republic Services,irrelevant,synthetic
Alphabet former CFO departs to become partner at a fintech startup,Alphabet,irrelevant,synthetic
Concert at FedEx Arena draws thousands despite rain,FedEx,irrelevant,synthetic
"Baird raises ServiceNow to hold, sees margin recovery underway",ServiceNow,irrelevant,synthetic
Ralph Lauren shares trade lower as the S&P 500 drops — no new company news,Ralph Lauren,irrelevant,synthetic
Paramount Global posts better-than-expected Q2 results as strong streaming subscriber growth,Paramount Global,relevant,synthetic
Goldman Sachs loses retail brokerage unit contract to rival in blow to revenue outlook,Goldman Sachs,relevant,synthetic
Mondelez CEO joins panel discussion at the Allen & Company Sun Valley conference on innovation and growth,Mondelez,irrelevant,synthetic
Progressive chief operating officer says deficit spending will shape business strategy for years to come,Progressive,irrelevant,synthetic
Warner Bros. Discovery warns Q3 results will miss estimates due to rising content costs,Warner Bros. Discovery,relevant,synthetic
"McDonald's reports 42% drop in quarterly revenue, cuts annual guidance",McDonald's,relevant,synthetic
Republic Services acquires service company in $8.3 billion deal expanding into industry peer,Republic Services,relevant,synthetic
Salesforce stock rises to 52-week high following broader macro concerns,Salesforce,irrelevant,synthetic
AbbVie faces new religious discrimination lawsuit from group of loan officers in Georgia court,AbbVie,irrelevant,synthetic
Salesforce names longtime board member as new chief executive following CEO transition,Salesforce,relevant,synthetic
"Nvidia cloud revenue grows 6% year-over-year, misses analyst estimates",Nvidia,relevant,synthetic
IBM co-founder says AI regulation is the biggest challenge facing businesses today,IBM,irrelevant,synthetic
Consumer guide: DuPont home appliances ranked and reviewed,DuPont,irrelevant,synthetic
Best Mondelez deals this Valentine's Day: our top picks,Mondelez,irrelevant,synthetic
Report: Waste Management weighing a potential spinoff — company declines to comment,Waste Management,irrelevant,synthetic
"Paramount Global reports 12% drop in quarterly revenue, cuts annual guidance",Paramount Global,relevant,synthetic
EEOC opens investigation into Meta over alleged pregnancy discrimination in termination policies,Meta,irrelevant,synthetic
General Electric faces $5.1 billion fine from CFPB over consumer protection violations,General Electric,relevant,synthetic
"JPMorgan Chase divestiture seen as competitive threat to AbbVie, analyst says",AbbVie,irrelevant,synthetic
Travelers chairman says global trade requires coordinated global action to address effectively,Travelers,irrelevant,synthetic
Target cited as top player in enterprise software by Morgan Stanley Research industry survey,Target,irrelevant,synthetic
Save big on Yum Brands laptops this back-to-school season — here is how,Yum Brands,irrelevant,synthetic
Group of former Ralph Lauren store managers alleges racial harassment in federal class-action,Ralph Lauren,irrelevant,synthetic
Save big on JPMorgan Chase streaming plans this Cyber Monday — here is how,JPMorgan Chase,irrelevant,synthetic
Stellantis CFO scheduled to appear at the World Economic Forum in Davos investor day,Stellantis,irrelevant,synthetic
"Stifel trims Booking Holdings to overweight, cites slowing demand environment",Booking Holdings,irrelevant,synthetic
"Needham trims Eli Lilly to outperform, lowers estimates on weak guidance",Eli Lilly,irrelevant,synthetic
"Baird lifts Deere & Company to sell, cites market share gains",Deere & Company,irrelevant,synthetic
Aflac raises full-year guidance after Q3 beat on better-than-expected catastrophe losses,Aflac,relevant,synthetic
"Wells Fargo lowers Raytheon to sell, flags deteriorating pricing power",Raytheon,irrelevant,synthetic
Microsoft to spin off its streaming unit as a standalone publicly traded company,Microsoft,relevant,synthetic
UnitedHealth unveils three-year plan to cut costs by $8.3 billion,UnitedHealth,relevant,synthetic
Comcast discloses EU regulators subpoena related to data privacy violations,Comcast,relevant,synthetic
Tourist spots near Airbnb campus rank among best in the area,Airbnb,irrelevant,synthetic
Morgan Stanley Q1 earnings of $4.22 per share misses analyst estimates,Morgan Stanley,relevant,synthetic
Nvidia faces criticism from advocacy groups over price increase practices,Nvidia,irrelevant,synthetic
"Meta announces 1,600 corporate layoffs, shares fall on restructuring news",Meta,relevant,synthetic
Lowe's chief executive says banking regulation demands a thoughtful policy response from legislators,Lowe's,irrelevant,synthetic
"Morgan Stanley upgrades PepsiCo to sell, sees margin recovery underway",PepsiCo,irrelevant,synthetic
Lockheed Martin cuts full-year guidance citing program schedule slippages,Lockheed Martin,relevant,synthetic
Waste Management CFO says supply chain resilience requires urgent attention from elected officials,Waste Management,irrelevant,synthetic
General Motors CEO named to Time's 100 most influential companies,General Motors,irrelevant,synthetic
Former Lowe's marketing manager files religious discrimination complaint with EEOC,Lowe's,irrelevant,synthetic
New documentary examines working conditions at Meta suppliers overseas,Meta,irrelevant,synthetic
"CSX announces 2,000 job cuts in retail operations amid automation initiative",CSX,relevant,synthetic
Charles Schwab net interest income falls 18% as rate environment pressures margins,Charles Schwab,relevant,synthetic
"Bloomberg: Oracle evaluating strategic alternatives, though talks are preliminary",Oracle,irrelevant,synthetic
Aflac pulls advertising from podcast network following community backlash,Aflac,irrelevant,synthetic
"Deere & Company reports Q2 revenue of $0.8 billion, falls short of expectations on record agricultural equipment sales",Deere & Company,relevant,synthetic
Alphabet blows past Q1 estimates on record data center orders,Alphabet,relevant,synthetic
Raytheon chairman says AI regulation will have long-lasting effects on the broader economy,Raytheon,irrelevant,synthetic
"Deutsche Bank lowers McDonald's to neutral, sees limited upside from current levels",McDonald's,irrelevant,synthetic
DuPont ranks among Forbes' list of best employers for the fifth year running,DuPont,irrelevant,synthetic
ServiceNow updates a new tips section to its customer portal,ServiceNow,irrelevant,synthetic
"ConocoPhillips reaches new four-year labor agreement with union representing 2,500 workers",ConocoPhillips,relevant,synthetic
Wells Fargo former chief revenue officer joins a healthcare company as its new chief executive,Wells Fargo,irrelevant,synthetic
How JPMorgan Chase's acquisition could reshape the competitive landscape for Microsoft,Microsoft,irrelevant,synthetic
Comcast suspends quarterly dividend amid cash flow concerns,Comcast,relevant,synthetic
"Stifel boosts Starbucks to outperform, points to improving competitive position",Starbucks,irrelevant,synthetic
"TD Cowen boosts Costco to underperform, calls valuation compelling after selloff",Costco,irrelevant,synthetic
Capital One loses insurance subsidiary contract to rival in blow to revenue outlook,Capital One,relevant,synthetic
Concert at Salesforce Arena draws thousands despite rain,Salesforce,irrelevant,synthetic
Norfolk Southern acquires logistics startup for $250 million to bolster last-mile delivery company,Norfolk Southern,relevant,synthetic
"Bank of America upgrades Comcast to underperform, calls recent dip a buying opportunity",Comcast,irrelevant,synthetic
Alphabet employees sign open letter opposing employee monitoring rollout,Alphabet,irrelevant,synthetic
Oracle factory worker charged with embezzling from customer accounts in Boston,Oracle,irrelevant,synthetic
Capital One faces class-action lawsuit over alleged disability discrimination among factory workers,Capital One,irrelevant,synthetic
Republic Services issues voluntary recall of specialty company product over potential safety concern,Republic Services,relevant,synthetic
Dow acquires service company for $180 million to bolster technology startup,Dow,relevant,synthetic
Ralph Lauren chief operating officer says healthcare costs requires urgent attention from elected officials,Ralph Lauren,irrelevant,synthetic
Charles Schwab raises full-year guidance after Q4 beat on strong card spending volumes,Charles Schwab,relevant,synthetic
Dow chairman says inflation will shape business strategy for years to come,Dow,irrelevant,synthetic
Coca-Cola refreshes fingerprint login to its developer portal,Coca-Cola,irrelevant,synthetic
"Oppenheimer downgrades Walt Disney to sell, flags rising competitive pressure",Walt Disney,irrelevant,synthetic
Aflac workers circulate petition calling for better pay and benefits,Aflac,irrelevant,synthetic
"Paramount Global announces 10,000 corporate layoffs, shares fall on restructuring news",Paramount Global,relevant,synthetic
Stellantis CEO joins panel discussion at the Milken Institute Global Conference on the global supply chain,Stellantis,irrelevant,synthetic
Mastercard delivery driver cited for personal safety violation in Minneapolis,Mastercard,irrelevant,synthetic
Lowe's marketing manager arrested for alleged theft from delivery route in Atlanta,Lowe's,irrelevant,synthetic
ServiceNow chairman says global trade demands a thoughtful policy response from legislators,ServiceNow,irrelevant,synthetic
AT&T broadband net adds accelerate in Q4 on fiber expansion,AT&T,relevant,synthetic
"UnitedHealth CEO resigns amid strategic disagreements, board promotes division head to top role",UnitedHealth,relevant,synthetic
3M workers circulate petition calling for better pay and benefits,3M,irrelevant,synthetic
UPS raises per-shipment surcharge citing fuel and labor cost pressures,UPS,relevant,synthetic
Visa agrees to sell insurance subsidiary for $1.8 billion to strategic acquirer,Visa,relevant,synthetic
"Barclays lifts ConocoPhillips to sell, calls valuation compelling after selloff",ConocoPhillips,irrelevant,synthetic
Uber releases simplified navigation menu to its customer portal,Uber,irrelevant,synthetic
Lockheed Martin faces sexual harassment lawsuit filed by group of retail workers,Lockheed Martin,irrelevant,synthetic
Under Armour factory worker faces personal lawsuit unrelated to company activities in Chicago,Under Armour,irrelevant,synthetic
Waste Management earns top score on LinkedIn's top companies to work for,Waste Management,irrelevant,synthetic
Judge orders Nike to pay $380 million in damages over misleading investors,Nike,relevant,synthetic
"UBS downgrades IBM to hold, flags margin pressure ahead",IBM,irrelevant,synthetic
"Waste Management announces 5,500 job cuts in global operations amid automation initiative",Waste Management,relevant,synthetic
Aflac rolls out fingerprint login to its enterprise dashboard,Aflac,irrelevant,synthetic
Mastercard faces $1.8 billion fine from FTC over misleading investors,Mastercard,relevant,synthetic
Booking Holdings Field hosts record crowd for playoff game,Booking Holdings,irrelevant,synthetic
Citigroup enables a new tips section to its enterprise dashboard,Citigroup,irrelevant,synthetic
Walt Disney store manager arrested for allegedly cashing fraudulent checks in Detroit,Walt Disney,irrelevant,synthetic
Netflix faces consumer boycott over ingredient sourcing policies,Netflix,irrelevant,synthetic
"ServiceNow cloud revenue grows 14% year-over-year, comes in below consensus",ServiceNow,relevant,synthetic
"Piper Sandler lowers Waste Management to outperform, lowers estimates on weak guidance",Waste Management,irrelevant,synthetic
Charles Schwab cuts full-year guidance citing weaker trading revenue,Charles Schwab,relevant,synthetic
"Chevron delivers Q3 beat, guides higher for the year",Chevron,relevant,synthetic
"Meta loses price-fixing conspiracy case, ordered to pay $900 million in penalties",Meta,relevant,synthetic
General Electric logistics coordinator cited for personal safety violation in Miami,General Electric,irrelevant,synthetic
"Alphabet reaches tentative contract deal with union representing 4,000 workers",Alphabet,relevant,synthetic
CVS Health releases an updated help center to its enterprise dashboard,CVS Health,irrelevant,synthetic
Apple earns top score on Fortune's most admired companies list,Apple,irrelevant,synthetic
"CSX Q4: revenue in line, margins disappoint, guidance cut",CSX,relevant,synthetic
Under Armour faces new age discrimination lawsuit from group of warehouse workers in Georgia court,Under Armour,irrelevant,synthetic
Boeing releases simplified navigation menu to its enterprise dashboard,Boeing,irrelevant,synthetic
AbbVie chief operating officer says tax policy is moving in the right direction but more work remains,AbbVie,irrelevant,synthetic
"Needham lifts Mastercard to overweight, points to improving competitive position",Mastercard,irrelevant,synthetic
UPS to acquire logistics startup for $3.4 billion in all-stock deal,UPS,relevant,synthetic
Aflac board approves new $0.5 billion share repurchase authorization,Aflac,relevant,synthetic
Yum Brands vs competitors: which headphones is right for you,Yum Brands,irrelevant,synthetic
Booking Holdings refreshes enhanced map view to its retail website,Booking Holdings,irrelevant,synthetic
Northrop Grumman drops sponsorship of marathon sponsorship following social media backlash,Northrop Grumman,irrelevant,synthetic
JPMorgan Chase CEO named to Fortune's most admired companies list,JPMorgan Chase,irrelevant,synthetic
"Yum Brands announces 18,000 job cuts in global operations amid cost reduction program",Yum Brands,relevant,synthetic
Boeing denies wrongdoing in age discrimination complaint filed by group of delivery drivers,Boeing,irrelevant,synthetic
Procter & Gamble loses feminine care brands contract to rival in blow to revenue outlook,Procter & Gamble,relevant,synthetic
Starbucks introduces dark mode to its mobile app,Starbucks,irrelevant,synthetic
Nvidia shares falls to 52-week low amid risk-off sentiment,Nvidia,irrelevant,synthetic
Microsoft factory worker arrested for allegedly cashing fraudulent checks in Dallas,Microsoft,irrelevant,synthetic
"Comcast turns in a Q4 quarter investors had feared, stock drops",Comcast,relevant,synthetic
"Morgan Stanley raises Eli Lilly to underperform, sees multiple expansion ahead",Eli Lilly,irrelevant,synthetic
Starbucks said to be exploring a merger in early-stage discussions,Starbucks,irrelevant,synthetic
Stellantis settles gender discrimination complaint filed by group of warehouse workers for undisclosed amount,Stellantis,irrelevant,synthetic
"Morgan Stanley lifts Wells Fargo to overweight, sees multiple expansion ahead",Wells Fargo,irrelevant,synthetic
Northrop Grumman workers in New York rally to demand reversal of return-to-office policy,Northrop Grumman,irrelevant,synthetic
Oracle financial advisor faces restraining order filed by former coworker in Minneapolis,Oracle,irrelevant,synthetic
"Walt Disney reports Q3 revenue of $1.8 billion, beats analyst estimates on theme park record attendance",Walt Disney,relevant,synthetic
Booking Holdings shares trade lower as the S&P 500 drops — no new company news,Booking Holdings,irrelevant,synthetic
New Forrester data shows Progressive gaining share in cloud infrastructure,Progressive,irrelevant,synthetic
Former Nike marketing manager files racial harassment complaint with EEOC,Nike,irrelevant,synthetic
"Citi trims Costco to overweight, says valuation stretched after recent rally",Costco,irrelevant,synthetic
Coca-Cola raises quarterly dividend 31% to $0.45 per share,Coca-Cola,relevant,synthetic
Booking Holdings delivery driver sued by customer over personal conduct during shift in Chicago,Booking Holdings,irrelevant,synthetic
Sources: Alphabet close to finalising acquisition of AI startup for $18.5 billion,Alphabet,relevant,synthetic
"Emerson Electric reaches new four-year labor agreement with union representing 4,000 workers",Emerson Electric,relevant,synthetic
Citigroup acquires brokerage firm in $3.4 billion deal expanding into payments company,Citigroup,relevant,synthetic
"Kimberly-Clark CFO announces resignation, company names Wall Street veteran as replacement",Kimberly-Clark,relevant,synthetic
Berkshire Hathaway faces consumer boycott over environmental claims on packaging,Berkshire Hathaway,irrelevant,synthetic
AbbVie ends partnership with celebrity spokesperson after community backlash,AbbVie,irrelevant,synthetic
Dollar General agrees to $20 million penalty over a minor fair lending violation,Dollar General,irrelevant,synthetic
Berkshire Hathaway agrees to $380 million settlement with EU regulators over antitrust violations,Berkshire Hathaway,relevant,synthetic
"Sources: Morgan Stanley mulling a share buyback — no deal imminent, sources say",Morgan Stanley,irrelevant,synthetic
Tyson Foods cuts full-year guidance citing weaker-than-expected menu pricing,Tyson Foods,relevant,synthetic
Accenture to pay $45 million in connection with a minor consumer notification requirement investigation,Accenture,irrelevant,synthetic
Boeing district manager cited for personal safety violation in Miami,Boeing,irrelevant,synthetic
Norfolk Southern unveils three-year plan to cut costs by $0.8 billion,Norfolk Southern,relevant,synthetic
Caterpillar faces $0.8 billion fine from CFTC over environmental violations,Caterpillar,relevant,synthetic
Dow shares falls to 52-week low on no company-specific news,Dow,irrelevant,synthetic
Johnson & Johnson agrees to $25 million penalty over a minor fair lending violation,Johnson & Johnson,irrelevant,synthetic
Stellantis shares gives back recent gains amid risk-off sentiment,Stellantis,irrelevant,synthetic
Judge orders Kimberly-Clark to pay $250 million in damages over data privacy violations,Kimberly-Clark,relevant,synthetic
Netflix names former rival executive as new chief executive following board review,Netflix,relevant,synthetic
"Comcast reaches new four-year labor agreement with union representing 2,500 workers",Comcast,relevant,synthetic
Norfolk Southern president says AI regulation is a concern shared by businesses of all sizes,Norfolk Southern,irrelevant,synthetic
Former JPMorgan Chase former chief technology officer appointed to advisory board of a rival startup,JPMorgan Chase,irrelevant,synthetic
General Motors announces plan to separate into two independent publicly traded companies,General Motors,relevant,synthetic
Citigroup to eliminate 800 positions as part of $14.0 billion cost reduction plan,Citigroup,relevant,synthetic
Group of former Capital One store managers alleges disability discrimination in federal class-action,Capital One,irrelevant,synthetic
Starbucks ordered by FTC to pay $110 million over data privacy violations,Starbucks,relevant,synthetic
"ServiceNow delivers Q3 beat, guides higher for the year",ServiceNow,relevant,synthetic
"Boeing delivers Q4 beat, guides higher for the year",Boeing,relevant,synthetic
Sources: Microsoft close to finalising acquisition of cybersecurity startup for $90.0 billion,Microsoft,relevant,synthetic
Honeywell chief operating officer says consumer spending is the biggest challenge facing businesses today,Honeywell,irrelevant,synthetic
Progressive lays out roadmap to 15% operating margin by 2028,Progressive,relevant,synthetic
Report: Mondelez holds 31% market share in smartphone sales per S&P Global Market Intelligence,Mondelez,irrelevant,synthetic
Apple co-founder says the labor market is creating uncertainty for long-term investment decisions,Apple,irrelevant,synthetic
"Goldman Sachs posts Q1 net income of $18.5 billion, beats analyst estimates",Goldman Sachs,relevant,synthetic
"ServiceNow CEO departs following board review, board names internal successor",ServiceNow,relevant,synthetic
General Motors releases enhanced map view to its banking app,General Motors,irrelevant,synthetic
Tourist spots near Alphabet campus rank among best in the area,Alphabet,irrelevant,synthetic
Travelers Field hosts record crowd for playoff game,Travelers,irrelevant,synthetic
3M acquires industrial software company for $500 million to bolster automation startup,3M,relevant,synthetic
Former Dow former president named to lead a private equity firm,Dow,irrelevant,synthetic
"Kraft Heinz reports Q3 revenue of $0.8 billion, beats analyst estimates on strong international comparable sales",Kraft Heinz,relevant,synthetic
"Goldman Sachs trims IBM to sell, flags execution risks",IBM,irrelevant,synthetic
Tesla chairman says supply chain resilience is something all companies need to take seriously,Tesla,irrelevant,synthetic
Tyson Foods faces class-action lawsuit over alleged religious discrimination among district managers,Tyson Foods,irrelevant,synthetic
Stellantis chief executive says inflation will have long-lasting effects on the broader economy,Stellantis,irrelevant,synthetic
"Tyson Foods posts Q1 net income of $3.0 billion, falls short of expectations",Tyson Foods,relevant,synthetic
"Wells Fargo to eliminate 10,000 positions as part of $2.5 billion cost reduction plan",Wells Fargo,relevant,synthetic
Alphabet logistics coordinator faces personal lawsuit unrelated to company activities in Los Angeles,Alphabet,irrelevant,synthetic
Netflix to spin off its theme park division as a standalone publicly traded company,Netflix,relevant,synthetic
Verizon factory worker arrested for alleged theft from delivery route in Denver,Verizon,irrelevant,synthetic
"Deutsche Bank upgrades Wells Fargo to hold, cites strong earnings visibility",Wells Fargo,irrelevant,synthetic
"TD Cowen cuts Deere & Company to buy, sees limited upside from current levels",Deere & Company,irrelevant,synthetic
"Nike restructuring seen as competitive threat to Raytheon, analyst says",Raytheon,irrelevant,synthetic
Northrop Grumman board approves new $2.5 billion share repurchase authorization,Northrop Grumman,relevant,synthetic
Salesforce CEO to deliver keynote at a Senate Commerce Committee hearing,Salesforce,irrelevant,synthetic
"Goldman Sachs cuts UnitedHealth to neutral, lowers price target on earnings miss",UnitedHealth,irrelevant,synthetic
Raytheon contract backlog reaches record $14.0 billion on strong defense orders,Raytheon,relevant,synthetic
IBM workers in Dallas rally to demand paid family leave expansion,IBM,irrelevant,synthetic
Wells Fargo credit rating upgraded by S&P citing rising leverage,Wells Fargo,relevant,synthetic
T-Mobile workers vote to reject company contract offer at main production plant,T-Mobile,relevant,synthetic
CVS Health hit with $65 million penalty by FTC over mortgage servicing failures,CVS Health,relevant,synthetic
"Starbucks partnership seen as competitive threat to Boeing, analyst says",Boeing,irrelevant,synthetic
Deere & Company Q3 gross margin contracts to 24.7% on strong construction equipment demand,Deere & Company,relevant,synthetic
Comcast co-founder says immigration policy demands a thoughtful policy response from legislators,Comcast,irrelevant,synthetic
Comcast introduces accessibility improvements to its retail website,Comcast,irrelevant,synthetic
UPS faces class-action lawsuit over alleged pregnancy discrimination among sales representatives,UPS,irrelevant,synthetic
Netflix sales representative charged with running fraud scheme at local branch in Phoenix,Netflix,irrelevant,synthetic
Lockheed Martin blows past Q2 estimates on strong government defense spending,Lockheed Martin,relevant,synthetic
"Baird cuts IBM to buy, cites slowing demand environment",IBM,irrelevant,synthetic
Stellantis former CEO leaves to join a hedge fund in senior role,Stellantis,irrelevant,synthetic
"Waste Management CEO announces planned retirement, board promotes division head to top role",Waste Management,relevant,synthetic
General Electric announces $5.1 billion share buyback program,General Electric,relevant,synthetic
Travelers loses personal lines division contract to rival in blow to revenue outlook,Travelers,relevant,synthetic
"Mastercard to eliminate 2,000 positions as part of $8.3 billion cost reduction plan",Mastercard,relevant,synthetic
Allstate factory worker sued by customer over personal conduct during shift in Boston,Allstate,irrelevant,synthetic
"Sources: Airbnb exploring a buyout of a rival — no deal imminent, sources say",Airbnb,irrelevant,synthetic
Paramount Global raises quarterly dividend 11% to $0.94 per share,Paramount Global,relevant,synthetic
Nike adds fingerprint login to its cloud console,Nike,irrelevant,synthetic
Accenture faces racial discrimination lawsuit filed by former manager,Accenture,irrelevant,synthetic
Ralph Lauren raises quarterly dividend 7% to $1.10 per share,Ralph Lauren,relevant,synthetic
CVS Health customer service representative faces personal lawsuit unrelated to company activities in Philadelphia,CVS Health,irrelevant,synthetic
"American Express lowers Q4 outlook, sends shares sharply lower in after-hours trading",American Express,relevant,synthetic
"Bloomberg: AT&T in early discussions about a joint venture, though talks are preliminary",AT&T,irrelevant,synthetic
"Republic Services and industry peer confirm merger talks, deal could be worth $1.8 billion",Republic Services,relevant,synthetic
CVS Health sued by group of loan officers alleging national origin discrimination in promotion decisions,CVS Health,irrelevant,synthetic
Booking Holdings cited as top player in smartphone sales by eMarketer industry survey,Booking Holdings,irrelevant,synthetic
"Morgan Stanley trims Citigroup to hold, flags margin pressure ahead",Citigroup,irrelevant,synthetic
"Bank of America's restructuring deal raises questions about Goldman Sachs's position, per Morgan Stanley",Goldman Sachs,irrelevant,synthetic
Uber denies wrongdoing in sexual harassment complaint filed by former financial advisor,Uber,irrelevant,synthetic
Chipotle marketing manager cited for personal safety violation in New York,Chipotle,irrelevant,synthetic
Charles Schwab in deal to take over fintech startup for $14.0 billion,Charles Schwab,relevant,synthetic
"Morgan Stanley trims Dollar General to underperform, sees limited upside from current levels",Dollar General,irrelevant,synthetic
Accenture credit rating placed on negative watch by S&P citing deteriorating free cash flow,Accenture,relevant,synthetic
ServiceNow drops sponsorship of music festival following social media backlash,ServiceNow,irrelevant,synthetic
McDonald's drops sponsorship of music festival following social media backlash,McDonald's,irrelevant,synthetic
Home Depot chief operating officer says interest rates requires urgent attention from elected officials,Home Depot,irrelevant,synthetic
Northrop Grumman customer service representative arrested for allegedly cashing fraudulent checks in Denver,Northrop Grumman,irrelevant,synthetic
JPMorgan Chase employees sign open letter opposing employee monitoring rollout,JPMorgan Chase,irrelevant,synthetic
Bernstein Research estimates Procter & Gamble controls 41% of the cloud infrastructure market,Procter & Gamble,irrelevant,synthetic
ServiceNow credit rating affirmed with stable outlook by Fitch citing rising leverage,ServiceNow,relevant,synthetic
Valentine's Day: the best Starbucks streaming plans deals you can get right now,Starbucks,irrelevant,synthetic
Ralph Lauren chief operating officer says immigration policy is something all companies need to take seriously,Ralph Lauren,irrelevant,synthetic
AT&T in deal to take over fiber network company for $1.8 billion,AT&T,relevant,synthetic
Salesforce co-founder says the housing market is creating uncertainty for long-term investment decisions,Salesforce,irrelevant,synthetic
Tourist spots near AbbVie campus rank among best in the area,AbbVie,irrelevant,synthetic
Northrop Grumman Q1 gross margin narrows to 19.8% on strong missile systems demand,Northrop Grumman,relevant,synthetic
Target outlines five-year strategy to double revenue in specialty retailer segment,Target,relevant,synthetic
Mondelez drops sponsorship of music festival following social media backlash,Mondelez,irrelevant,synthetic
IBM issues $22.0 billion in senior notes to fund strategic acquisitions,IBM,relevant,synthetic
Group of former ConocoPhillips software engineers alleges religious discrimination in federal class-action,ConocoPhillips,irrelevant,synthetic
Mastercard net interest income falls 47% as rate environment pressures margins,Mastercard,relevant,synthetic
Morgan Stanley earns top score on Fortune's most admired companies list,Morgan Stanley,irrelevant,synthetic
"Walmart reports Q1 revenue of $8.3 billion, comes in below consensus on strong seasonal demand",Walmart,relevant,synthetic
Kraft Heinz financial advisor arrested in connection with unrelated drug charges in Phoenix,Kraft Heinz,irrelevant,synthetic
Best Nvidia deals this Valentine's Day: our top picks,Nvidia,irrelevant,synthetic
Berkshire Hathaway cuts full-year guidance citing net interest margin compression,Berkshire Hathaway,relevant,synthetic
Pfizer issues $22.0 billion in senior notes to fund capital expenditures,Pfizer,relevant,synthetic
"Chipotle CEO steps down after record tenure, board promotes division head to top role",Chipotle,relevant,synthetic
Home Depot employees stage walkout over return-to-office mandate,Home Depot,irrelevant,synthetic
Capital One settles racial discrimination complaint filed by group of former employees for undisclosed amount,Capital One,irrelevant,synthetic
EEOC opens investigation into Visa over alleged pay discrimination in termination policies,Visa,irrelevant,synthetic
Comcast blows past Q1 estimates on strong wireless postpaid net adds,Comcast,relevant,synthetic
Oracle denies wrongdoing in pay discrimination complaint filed by former employee,Oracle,irrelevant,synthetic
"Piper Sandler downgrades ConocoPhillips to hold, flags rising competitive pressure",ConocoPhillips,irrelevant,synthetic
FedEx employees sign open letter opposing new attendance tracking system,FedEx,irrelevant,synthetic
Kimberly-Clark faces criticism from advocacy groups over environmental claims on packaging,Kimberly-Clark,irrelevant,synthetic
IBM updates spending insights tab to its enterprise dashboard,IBM,irrelevant,synthetic
Raytheon faces class-action lawsuit over alleged pay discrimination among logistics coordinators,Raytheon,irrelevant,synthetic
Progressive releases push notification settings to its loyalty app,Progressive,irrelevant,synthetic
Honeywell CEO says inflation will shape business strategy for years to come,Honeywell,irrelevant,synthetic
Tyson Foods pulls advertising from video sharing platform following offensive social media post,Tyson Foods,irrelevant,synthetic
JPMorgan Chase wealth management division surpasses $8.3 trillion in client assets,JPMorgan Chase,relevant,synthetic
Microsoft named to Glassdoor's top-rated employers for the fifth year running,Microsoft,irrelevant,synthetic
Accenture cited as top player in search advertising by Gartner industry survey,Accenture,irrelevant,synthetic
"Evercore ISI upgrades General Electric to equal weight, sees accelerating revenue growth",General Electric,irrelevant,synthetic
Warner Bros. Discovery workers vote to unionize at its largest facility,Warner Bros. Discovery,relevant,synthetic
Report: Starbucks holds 31% market share in search advertising per Bernstein Research,Starbucks,irrelevant,synthetic
AT&T district manager suspended following investigation into personal conduct in Detroit,AT&T,irrelevant,synthetic
"Yum Brands issues profit warning, slashes guidance citing traffic softness amid consumer trade-down",Yum Brands,relevant,synthetic
Citigroup launches in-app chat support to its digital wallet,Citigroup,irrelevant,synthetic
"Meta divestiture seen as competitive threat to Costco, analyst says",Costco,irrelevant,synthetic
Travelers tops the Street on both revenue and earnings in Q2,Travelers,relevant,synthetic
Morgan Stanley shares rises to 52-week high amid broader market selloff,Morgan Stanley,irrelevant,synthetic
Apple divests advertising business in $14.0 billion deal as part of strategic review,Apple,relevant,synthetic
Warner Bros. Discovery former general counsel joins a non-profit board as its new chief executive,Warner Bros. Discovery,irrelevant,synthetic
Capital One Q2 operating income surges 21% on higher net interest income,Capital One,relevant,synthetic
Tesla updates a redesigned home screen to its checkout flow,Tesla,irrelevant,synthetic
Johnson & Johnson sales representative faces restraining order filed by former coworker in Dallas,Johnson & Johnson,irrelevant,synthetic
"Microsoft's acquisition deal raises questions about Colgate-Palmolive's position, per TD Cowen",Colgate-Palmolive,irrelevant,synthetic
"Stifel trims Target to outperform, cites macro headwinds",Target,irrelevant,synthetic
Consumer guide: Verizon home appliances ranked and reviewed,Verizon,irrelevant,synthetic
CSX employees protest new attendance tracking system at headquarters,CSX,irrelevant,synthetic
Kraft Heinz former general counsel leaves to join a rival startup in senior role,Kraft Heinz,irrelevant,synthetic
BlackRock employees sign open letter opposing return-to-office mandate,BlackRock,irrelevant,synthetic
FedEx blows past Q1 estimates on pricing power in tight capacity market,FedEx,relevant,synthetic
"Dollar General issues profit warning, slashes guidance citing rising shrink losses",Dollar General,relevant,synthetic
Tyson Foods employees sign open letter opposing mandatory overtime policy,Tyson Foods,irrelevant,synthetic
"Apple CFO announces retirement, company names internal finance executive as replacement",Apple,relevant,synthetic
Airbnb updates two-factor authentication prompts to its mobile app,Airbnb,irrelevant,synthetic
How Goldman Sachs's divestiture could reshape the competitive landscape for Oracle,Oracle,irrelevant,synthetic
Bank of America financial advisor suspended following investigation into personal conduct in Minneapolis,Bank of America,irrelevant,synthetic
Waste Management faces new disability discrimination lawsuit from former engineer in Ohio court,Waste Management,irrelevant,synthetic
CSX raises full-year guidance after Q3 beat on strong e-commerce-driven volume,CSX,relevant,synthetic
Mondelez faces religious discrimination lawsuit filed by former engineer,Mondelez,irrelevant,synthetic
Dollar General refreshes a progress tracker to its cloud console,Dollar General,irrelevant,synthetic
"Goldman Sachs upgrades Uber to neutral, raises estimates on guidance beat",Uber,irrelevant,synthetic
"Progressive to eliminate 2,000 positions as part of $1.2 billion cost reduction plan",Progressive,relevant,synthetic
CVS Health discloses FTC subpoena related to price-fixing conspiracy,CVS Health,relevant,synthetic
Waste Management refreshes a new rewards tracker to its retail website,Waste Management,irrelevant,synthetic
Tesla president says the labor market is moving in the right direction but more work remains,Tesla,irrelevant,synthetic
Booking Holdings employees stage walkout over changes to remote work flexibility,Booking Holdings,irrelevant,synthetic
Dollar General agrees to sell pharmacy chain for $2.5 billion to consortium of investors,Dollar General,relevant,synthetic
Warner Bros. Discovery raises quarterly dividend 47% to $0.85 per share,Warner Bros. Discovery,relevant,synthetic
Alphabet agrees to $310 million settlement with DOJ over environmental violations,Alphabet,relevant,synthetic
McDonald's in deal to take over plant-based food startup for $5.1 billion,McDonald's,relevant,synthetic
Deere & Company cited as top player in digital advertising by Morgan Stanley Research industry survey,Deere & Company,irrelevant,synthetic
"Kimberly-Clark sees Q3 revenue of $5.1 billion, below prior guidance and analyst consensus",Kimberly-Clark,relevant,synthetic
"ExxonMobil reaches tentative contract deal with union representing 5,500 workers",ExxonMobil,relevant,synthetic
"Bank of America upgrades Salesforce to neutral, cites strong earnings visibility",Salesforce,irrelevant,synthetic
Merck blows past Q1 estimates on new drug approvals driving revenue,Merck,relevant,synthetic
3M adds a new password manager to its customer app,3M,irrelevant,synthetic
"Piper Sandler boosts Wells Fargo to hold, sees accelerating revenue growth",Wells Fargo,irrelevant,synthetic
Dow reaches $15 million agreement with state attorneys general to resolve an environmental reporting error,Dow,irrelevant,synthetic
Tyson Foods releases new color themes to its loyalty app,Tyson Foods,irrelevant,synthetic
Walmart snaps up supply chain company for $180 million in bolt-on acquisition,Walmart,relevant,synthetic
Meta credit rating affirmed with stable outlook by Fitch citing progress on cost reduction,Meta,relevant,synthetic
Warner Bros. Discovery former chief revenue officer leaves to join a venture capital fund in senior role,Warner Bros. Discovery,irrelevant,synthetic
Goldman Sachs Research ranks Ford as the leading provider in semiconductor manufacturing,Ford,irrelevant,synthetic
Citigroup refreshes a new password manager to its employee portal,Citigroup,irrelevant,synthetic
Accenture ends partnership with social media influencer after community backlash,Accenture,irrelevant,synthetic
"Chevron announces 7,000 corporate layoffs, shares fall on restructuring news",Chevron,relevant,synthetic
Lockheed Martin sued by group of former employees alleging religious discrimination in pay practices,Lockheed Martin,irrelevant,synthetic
Allstate faces new sexual harassment lawsuit from group of warehouse workers in New Jersey court,Allstate,irrelevant,synthetic
"Oracle cloud revenue grows 18% year-over-year, falls short of expectations",Oracle,relevant,synthetic
"UBS upgrades Honeywell to neutral, sees margin recovery underway",Honeywell,irrelevant,synthetic
"Bloomberg: CSX considering selling its media division, though talks are preliminary",CSX,irrelevant,synthetic
Ralph Lauren activist investor discloses $5.1 billion stake pushes for margin improvement,Ralph Lauren,relevant,synthetic
Nike announces $3.4 billion share buyback program,Nike,relevant,synthetic
Boeing agrees to $500 million settlement with state attorneys general over misleading investors,Boeing,relevant,synthetic
"Costco comparable store sales narrows 17% in Q2, misses analyst estimates",Costco,relevant,synthetic
Amazon board approves new $50.0 billion share repurchase authorization,Amazon,relevant,synthetic
Lockheed Martin adds new color themes to its checkout flow,Lockheed Martin,irrelevant,synthetic
Kraft Heinz earns top score on Barron's most sustainable companies,Kraft Heinz,irrelevant,synthetic
UnitedHealth faces consumer boycott over price increase practices,UnitedHealth,irrelevant,synthetic
Is Uber's latest televisions worth buying? A consumer review,Uber,irrelevant,synthetic
Analyst says FedEx divestiture positions the company ahead of JPMorgan Chase,JPMorgan Chase,irrelevant,synthetic
Mondelez faces new religious discrimination lawsuit from group of former employees in Florida court,Mondelez,irrelevant,synthetic
Rumour: Could Eli Lilly be looking at entering the healthcare market? Analysts are watching,Eli Lilly,irrelevant,synthetic
Lowe's ends partnership with celebrity spokesperson after offensive social media post,Lowe's,irrelevant,synthetic
UPS to present at the Milken Institute Global Conference next month,UPS,irrelevant,synthetic
"Stifel downgrades Nike to outperform, flags deteriorating pricing power",Nike,irrelevant,synthetic
Report: Pfizer weighing a potential spinoff — company declines to comment,Pfizer,irrelevant,synthetic
"UBS downgrades Aflac to equal weight, flags execution risks",Aflac,irrelevant,synthetic
CSX ends partnership with sports personality after community backlash,CSX,irrelevant,synthetic
Lowe's issues voluntary recall of delivery service product over potential safety concern,Lowe's,relevant,synthetic
Republic Services announces plan to separate into two independent publicly traded companies,Republic Services,relevant,synthetic
"Raytheon issues profit warning, slashes guidance citing supply chain disruptions",Raytheon,relevant,synthetic
Raytheon faces class-action over unmanned systems company product defect affecting millions of users,Raytheon,relevant,synthetic
Morgan Stanley loses wealth management division contract to rival in blow to revenue outlook,Morgan Stanley,relevant,synthetic
Progressive denies wrongdoing in gender discrimination complaint filed by former financial advisor,Progressive,irrelevant,synthetic
Tesla fined $18 million by FTC over a minor fair lending violation,Tesla,irrelevant,synthetic
"Stifel raises Kimberly-Clark to hold, calls recent dip a buying opportunity",Kimberly-Clark,irrelevant,synthetic
"UBS boosts ExxonMobil to neutral, points to improving competitive position",ExxonMobil,irrelevant,synthetic
Dow co-founder says geopolitical tensions cannot be solved by the private sector alone,Dow,irrelevant,synthetic
Save big on Stellantis home appliances this the holiday season — here is how,Stellantis,irrelevant,synthetic
Waste Management Q3 miss: revenue and earnings both fall short as volume declines,Waste Management,relevant,synthetic
Nvidia agrees to sell enterprise software arm for $3.4 billion to strategic acquirer,Nvidia,relevant,synthetic
American Express named to Time's 100 most influential companies for the first time,American Express,irrelevant,synthetic
Goldman Sachs activist investor discloses $8.3 billion stake pushes for margin improvement,Goldman Sachs,relevant,synthetic
Kimberly-Clark faces social media campaign targeting marketing to minors allegations,Kimberly-Clark,irrelevant,synthetic
"IBM posts Q3 net income of $14.0 billion, tops expectations",IBM,relevant,synthetic
Allstate store manager charged with running fraud scheme at local branch in Denver,Allstate,irrelevant,synthetic
Merck ends partnership with celebrity spokesperson after employee pressure,Merck,irrelevant,synthetic
"Coca-Cola CEO departs following board review, board appoints industry veteran",Coca-Cola,relevant,synthetic
"DuPont issues profit warning, slashes guidance citing slowing demand",DuPont,relevant,synthetic
Dollar General workers vote to unionize at flagship warehouse,Dollar General,relevant,synthetic
Former Caterpillar customer service representative files disability discrimination complaint with EEOC,Caterpillar,irrelevant,synthetic
Save big on Dow credit cards this Mother's Day — here is how,Dow,irrelevant,synthetic
"Dow Q2: revenue in line, margins disappoint, guidance cut",Dow,relevant,synthetic
T-Mobile board approves new $2.5 billion share repurchase authorization,T-Mobile,relevant,synthetic
Waste Management branch teller cited for personal safety violation in Atlanta,Waste Management,irrelevant,synthetic
Bernstein Research estimates Booking Holdings controls 34% of the electric vehicles market,Booking Holdings,irrelevant,synthetic
"Amazon cloud revenue grows 15% year-over-year, beats analyst estimates",Amazon,relevant,synthetic
American Express pulls advertising from streaming service following offensive social media post,American Express,irrelevant,synthetic
McDonald's CEO to deliver keynote at the MIT Sloan Management Conference,McDonald's,irrelevant,synthetic
Halliburton faces national origin discrimination lawsuit filed by former financial advisor,Halliburton,irrelevant,synthetic
Accenture faces sexual harassment lawsuit filed by group of loan officers,Accenture,irrelevant,synthetic
"Booking Holdings posts Q3 net income of $0.8 billion, misses analyst estimates",Booking Holdings,relevant,synthetic
Charles Schwab factory worker charged with assault following workplace altercation in Denver,Charles Schwab,irrelevant,synthetic
Pfizer credit rating downgraded by S&P citing improved cash flow generation,Pfizer,relevant,synthetic
"Piper Sandler upgrades Chipotle to buy, raises estimates on guidance beat",Chipotle,irrelevant,synthetic
Capital One suspends quarterly dividend amid cash flow concerns,Capital One,relevant,synthetic
BlackRock employees protest changes to remote work flexibility at headquarters,BlackRock,irrelevant,synthetic
"Verizon reports Q4 revenue of $3.4 billion, falls short of expectations on record broadband subscriber growth",Verizon,relevant,synthetic
"Dollar General comparable store sales widens 24% in Q2, comes in below consensus",Dollar General,relevant,synthetic
Nike executive to speak at the Goldman Sachs Communacopia conference on the global supply chain,Nike,irrelevant,synthetic
Caterpillar raises quarterly dividend 24% to $0.85 per share,Caterpillar,relevant,synthetic
"Verizon posts Q4 net income of $3.4 billion, falls short of expectations",Verizon,relevant,synthetic
Lockheed Martin software engineer arrested for alleged theft from delivery route in Philadelphia,Lockheed Martin,irrelevant,synthetic
"Meta Q2 results: beats on top and bottom line, raises outlook",Meta,relevant,synthetic
Meta releases a new password manager to its online store,Meta,irrelevant,synthetic
Tyson Foods rolls out new color themes to its streaming platform,Tyson Foods,irrelevant,synthetic
General Electric agrees to $2 million penalty over a minor data handling violation,General Electric,irrelevant,synthetic
Dollar General posts better-than-expected Q3 results as record membership fee revenue,Dollar General,relevant,synthetic
PepsiCo faces consumer boycott over overseas manufacturing practices,PepsiCo,irrelevant,synthetic
Apple announces $1.8 billion share buyback program,Apple,relevant,synthetic
Capital One faces $1.2 billion fine from state attorneys general over price-fixing conspiracy,Capital One,relevant,synthetic
3M employees stage walkout over employee monitoring rollout,3M,irrelevant,synthetic
Why is Under Armour stock pares earlier losses today? Here is what we know,Under Armour,irrelevant,synthetic
"Berkshire Hathaway to eliminate 1,600 positions as part of $18.5 billion cost reduction plan",Berkshire Hathaway,relevant,synthetic
Home Depot drops sponsorship of annual awards show following social media backlash,Home Depot,irrelevant,synthetic
CVS Health president says the housing market requires coordinated global action to address effectively,CVS Health,irrelevant,synthetic
"Citi upgrades Dollar General to sell, cites market share gains",Dollar General,irrelevant,synthetic
Paramount Global pays $8 million to settle a minor fair lending violation complaint with EPA,Paramount Global,irrelevant,synthetic
Dow activist investor discloses $8.3 billion stake pushes for margin improvement,Dow,relevant,synthetic
Paramount Global reaches $30 million agreement with state attorneys general to resolve a minor fair lending violation,Paramount Global,irrelevant,synthetic
"Morgan Stanley CEO departs following board review, board launches external search",Morgan Stanley,relevant,synthetic
IDC ranks Colgate-Palmolive as the leading provider in cloud infrastructure,Colgate-Palmolive,irrelevant,synthetic
ServiceNow Q3 operating income surges 14% on strong subscription growth,ServiceNow,relevant,synthetic
Morgan Stanley faces new national origin discrimination lawsuit from group of warehouse workers in New Jersey court,Morgan Stanley,irrelevant,synthetic
Wells Fargo adds improved load times to its online store,Wells Fargo,irrelevant,synthetic
Ford store manager cited for personal safety violation in Denver,Ford,irrelevant,synthetic
"Bloomberg: 3M weighing a potential spinoff, though talks are preliminary",3M,irrelevant,synthetic
IBM settles racial harassment complaint filed by group of retail workers for undisclosed amount,IBM,irrelevant,synthetic
Waste Management co-founder says immigration policy requires coordinated global action to address effectively,Waste Management,irrelevant,synthetic
Charles Schwab refreshes enhanced map view to its developer portal,Charles Schwab,irrelevant,synthetic
"Citi lowers Costco to hold, flags deteriorating pricing power",Costco,irrelevant,synthetic
Paramount Global activist investor discloses $3.0 billion stake pushes for margin improvement,Paramount Global,relevant,synthetic
Starbucks faces consumer boycott over data privacy practices,Starbucks,irrelevant,synthetic
Oracle sued by former sales representative alleging pregnancy discrimination in hiring practices,Oracle,irrelevant,synthetic
Colgate-Palmolive earns top score on Glassdoor's top-rated employers,Colgate-Palmolive,irrelevant,synthetic
UPS earns top score on Glassdoor's top-rated employers,UPS,irrelevant,synthetic
Yum Brands activist investor discloses $5.1 billion stake pushes for margin improvement,Yum Brands,relevant,synthetic
PepsiCo confirms receipt of DOJ civil investigative demand over antitrust violations,PepsiCo,relevant,synthetic
Kraft Heinz sued by group of loan officers alleging gender discrimination in scheduling practices,Kraft Heinz,irrelevant,synthetic
Kimberly-Clark CEO named to Fast Company's most innovative companies,Kimberly-Clark,irrelevant,synthetic
Meta discloses SEC subpoena related to market manipulation,Meta,relevant,synthetic
"UBS cuts Merck to neutral, flags rising competitive pressure",Merck,irrelevant,synthetic
Save big on Mastercard food delivery this Prime Day — here is how,Mastercard,irrelevant,synthetic
"Starbucks joint venture seen as competitive threat to Airbnb, analyst says",Airbnb,irrelevant,synthetic
Gartner ranks UnitedHealth as the leading provider in electric vehicles,UnitedHealth,irrelevant,synthetic
Kimberly-Clark blows past Q1 estimates on pricing power offsetting volume declines,Kimberly-Clark,relevant,synthetic
"Oppenheimer cuts Ralph Lauren to overweight, says valuation stretched after recent rally",Ralph Lauren,irrelevant,synthetic
Booking Holdings to spin off its freight business as a standalone publicly traded company,Booking Holdings,relevant,synthetic
"Netflix issues profit warning, slashes guidance citing streaming subscriber losses",Netflix,relevant,synthetic
Emerson Electric faces $1.2 billion fine from FTC over market manipulation,Emerson Electric,relevant,synthetic
Northrop Grumman stock pares earlier losses as the S&P 500 drops,Northrop Grumman,irrelevant,synthetic
Chevron faces consumer boycott over price increase practices,Chevron,irrelevant,synthetic
Paramount Global delivery driver arrested for allegedly cashing fraudulent checks in Philadelphia,Paramount Global,irrelevant,synthetic
Dollar General acquires supply chain company in $1.2 billion deal expanding into e-commerce platform,Dollar General,relevant,synthetic
Caterpillar sets aside $1.8 billion to cover costs of automation startup product recall,Caterpillar,relevant,synthetic
"DuPont announces 1,600 job cuts in technology division amid business reorganization",DuPont,relevant,synthetic
"T-Mobile posts Q3 net income of $1.2 billion, tops expectations",T-Mobile,relevant,synthetic
Sources: Paramount Global close to finalising acquisition of streaming platform for $8.3 billion,Paramount Global,relevant,synthetic
IBM recognized on Forbes' list of best employers for workplace culture,IBM,irrelevant,synthetic
Eli Lilly activist investor discloses $1.8 billion stake pushes for margin improvement,Eli Lilly,relevant,synthetic
Mizuho flags Chevron as a company that may need to respond competitively in note on Google merger,Chevron,irrelevant,synthetic
Under Armour raises full-year guidance after Q4 beat on strong international emerging market sales,Under Armour,relevant,synthetic
Nike employees stage walkout over mandatory overtime policy,Nike,irrelevant,synthetic
Group of former Ford logistics coordinators alleges age discrimination in federal class-action,Ford,irrelevant,synthetic
Wells Fargo employees protest changes to remote work flexibility at headquarters,Wells Fargo,irrelevant,synthetic
Analyst says JPMorgan Chase acquisition positions the company ahead of Under Armour,Under Armour,irrelevant,synthetic
Pfizer announces $3.4 billion share buyback program,Pfizer,relevant,synthetic
"Accenture reaches tentative contract deal with union representing 4,000 workers",Accenture,relevant,synthetic
Kimberly-Clark workers in Dallas rally to demand paid family leave expansion,Kimberly-Clark,irrelevant,synthetic
Group of former FedEx financial advisors alleges pregnancy discrimination in federal class-action,FedEx,irrelevant,synthetic
General Motors Q3 gross margin narrows to 19.8% on better-than-expected vehicle pricing,General Motors,relevant,synthetic
Yum Brands board approves new $5.1 billion share repurchase authorization,Yum Brands,relevant,synthetic
"RBC Capital Markets lifts Under Armour to outperform, cites market share gains",Under Armour,irrelevant,synthetic
"General Electric turns in a Q2 quarter investors had feared, stock drops",General Electric,relevant,synthetic
"Piper Sandler boosts Waste Management to sell, calls valuation compelling after selloff",Waste Management,irrelevant,synthetic
"Coca-Cola reports Q4 revenue of $2.1 billion, comes in below consensus on strong organic volume growth",Coca-Cola,relevant,synthetic
Visa releases an updated help center to its enterprise dashboard,Visa,irrelevant,synthetic
Starbucks fined $18 million by FTC over an environmental reporting error,Starbucks,irrelevant,synthetic
"Allstate CFO announces resignation, company names internal finance executive as replacement",Allstate,relevant,synthetic
Yum Brands raises quarterly dividend 47% to $1.10 per share,Yum Brands,relevant,synthetic
Airbnb rolls out new onboarding tutorial to its website,Airbnb,irrelevant,synthetic
Former CVS Health financial advisor files racial discrimination complaint with EEOC,CVS Health,irrelevant,synthetic
Why is JPMorgan Chase stock edges higher today? Here is what we know,JPMorgan Chase,irrelevant,synthetic
Colgate-Palmolive to pay $45 million in connection with a minor consumer notification requirement investigation,Colgate-Palmolive,irrelevant,synthetic
Visa CFO says geopolitical tensions is top of mind for executives across every industry,Visa,irrelevant,synthetic
Procter & Gamble launches accessibility improvements to its website,Procter & Gamble,irrelevant,synthetic
AT&T sued by group of delivery drivers alleging gender discrimination in scheduling practices,AT&T,irrelevant,synthetic
Lockheed Martin faces class-action lawsuit over alleged sexual harassment among software engineers,Lockheed Martin,irrelevant,synthetic
EEOC opens investigation into Goldman Sachs over alleged religious discrimination in hiring practices,Goldman Sachs,irrelevant,synthetic
"Bloomberg: Waste Management exploring a merger, though talks are preliminary",Waste Management,irrelevant,synthetic
"Morgan Stanley upgrades Target to sell, sees multiple expansion ahead",Target,irrelevant,synthetic
Merck raises full-year earnings guidance following stronger-than-expected drug sales,Merck,relevant,synthetic
Mondelez releases push notification settings to its retail website,Mondelez,irrelevant,synthetic
Microsoft activist investor discloses $3.4 billion stake pushes for margin improvement,Microsoft,relevant,synthetic
Dollar General Q3 gross margin widens to 24.4% on strong seasonal demand,Dollar General,relevant,synthetic
Chevron drops sponsorship of esports tournament following social media backlash,Chevron,irrelevant,synthetic
"Under Armour reaches new four-year labor agreement with union representing 7,000 workers",Under Armour,relevant,synthetic
"Mondelez announces 1,200 corporate layoffs, shares fall on restructuring news",Mondelez,relevant,synthetic
"Goldman Sachs loses mortgage servicing failures case, ordered to pay $215 million in penalties",Goldman Sachs,relevant,synthetic
"Walmart's restructuring deal raises questions about FedEx's position, per Citi",FedEx,irrelevant,synthetic
FedEx raises per-shipment surcharge citing fuel and labor cost pressures,FedEx,relevant,synthetic
Chipotle employees protest new attendance tracking system at headquarters,Chipotle,irrelevant,synthetic
"Barclays trims Northrop Grumman to hold, says near-term catalysts are limited",Northrop Grumman,irrelevant,synthetic
Norfolk Southern CEO says the housing market is a concern shared by businesses of all sizes,Norfolk Southern,irrelevant,synthetic
Mondelez faces class-action over beverage company product defect affecting millions of users,Mondelez,relevant,synthetic
Warner Bros. Discovery faces criticism from advocacy groups over data privacy practices,Warner Bros. Discovery,irrelevant,synthetic
"Jefferies boosts Comcast to underperform, calls recent dip a buying opportunity",Comcast,irrelevant,synthetic
Airbnb faces $5.1 billion fine from CFTC over price-fixing conspiracy,Airbnb,relevant,synthetic
Apple issues voluntary recall of developer tools company product over potential safety concern,Apple,relevant,synthetic
Former General Electric former chief revenue officer named to lead a fintech startup,General Electric,irrelevant,synthetic
"Comcast delivers Q3 beat, guides higher for the year",Comcast,relevant,synthetic
"Progressive to eliminate 10,000 positions as part of $3.4 billion cost reduction plan",Progressive,relevant,synthetic
Warner Bros. Discovery issues $8.3 billion in senior notes to refinance maturing debt,Warner Bros. Discovery,relevant,synthetic
Ralph Lauren issues $0.8 billion in senior notes to strengthen balance sheet,Ralph Lauren,relevant,synthetic
Deere & Company human resources manager cited for personal safety violation in Detroit,Deere & Company,irrelevant,synthetic
"Waste Management reports Q4 revenue of $5.1 billion, surpasses consensus on pricing power",Waste Management,relevant,synthetic
Oracle data center revenue surges 6% on record AI chip demand,Oracle,relevant,synthetic
Starbucks faces gender discrimination lawsuit filed by former financial advisor,Starbucks,irrelevant,synthetic
Walmart releases two-factor authentication prompts to its streaming platform,Walmart,irrelevant,synthetic
Republic Services chief executive says trade tariffs is moving in the right direction but more work remains,Republic Services,irrelevant,synthetic
Caterpillar pulls advertising from streaming service following content moderation controversy,Caterpillar,irrelevant,synthetic
Uber customer service representative charged with embezzling from customer accounts in Denver,Uber,irrelevant,synthetic
Kimberly-Clark releases enhanced map view to its streaming platform,Kimberly-Clark,irrelevant,synthetic
EEOC opens investigation into Pfizer over alleged pregnancy discrimination in performance reviews,Pfizer,irrelevant,synthetic
CVS Health workers vote to reject company contract offer at key distribution center,CVS Health,relevant,synthetic
Walt Disney store manager cited for personal safety violation in Philadelphia,Walt Disney,irrelevant,synthetic
Costco issues $1.8 billion in senior notes to fund strategic acquisitions,Costco,relevant,synthetic
Warner Bros. Discovery to merge with production company in $3.0 billion combination,Warner Bros. Discovery,relevant,synthetic
Uber employees protest changes to remote work flexibility at headquarters,Uber,irrelevant,synthetic
Aflac branch teller faces personal lawsuit unrelated to company activities in Boston,Aflac,irrelevant,synthetic
"Paramount Global to eliminate 4,000 positions as part of $5.1 billion cost reduction plan",Paramount Global,relevant,synthetic
Citigroup executive to speak at a Senate Commerce Committee hearing on innovation and growth,Citigroup,irrelevant,synthetic
Target faces $3.4 billion fine from EU regulators over data privacy violations,Target,relevant,synthetic
FedEx hit with $380 million penalty by FTC over environmental violations,FedEx,relevant,synthetic
Halliburton district manager arrested for alleged theft from delivery route in Boston,Halliburton,irrelevant,synthetic
Deere & Company chief executive says geopolitical tensions is the biggest challenge facing businesses today,Deere & Company,irrelevant,synthetic
Alphabet customer service representative charged with harassment following complaint by coworker in Philadelphia,Alphabet,irrelevant,synthetic
Why is Lowe's stock extends its losing streak today? Here is what we know,Lowe's,irrelevant,synthetic
FDA orders Nike to halt production at facility over contamination findings,Nike,relevant,synthetic
"Jefferies lifts Raytheon to underperform, cites strong earnings visibility",Raytheon,irrelevant,synthetic
"Evercore ISI cuts Target to equal weight, lowers estimates on weak guidance",Target,irrelevant,synthetic
Airbnb software engineer charged with assault following workplace altercation in Phoenix,Airbnb,irrelevant,synthetic
Warner Bros. Discovery releases enhanced map view to its customer app,Warner Bros. Discovery,irrelevant,synthetic
"UPS CFO announces retirement, company names industry outsider as replacement",UPS,relevant,synthetic
BlackRock settles age discrimination complaint filed by former engineer for undisclosed amount,BlackRock,irrelevant,synthetic
"Progressive reports 15% drop in quarterly revenue, cuts annual guidance",Progressive,relevant,synthetic
Ford co-founder says global trade requires coordinated global action to address effectively,Ford,irrelevant,synthetic
Citigroup enables new color themes to its enterprise dashboard,Citigroup,irrelevant,synthetic
Dollar General agrees to $250 million settlement with DOJ over data privacy violations,Dollar General,relevant,synthetic
Mastercard Q4 earnings of $3.78 per share beats analyst estimates,Mastercard,relevant,synthetic
Raytheon raises quarterly dividend 24% to $0.45 per share,Raytheon,relevant,synthetic
"Costco's divestiture deal raises questions about Ford's position, per Oppenheimer",Ford,irrelevant,synthetic
"Oppenheimer lifts Progressive to buy, flags improving demand trends",Progressive,irrelevant,synthetic
Goldman Sachs Field hosts record crowd for playoff game,Goldman Sachs,irrelevant,synthetic
Former DuPont factory worker files disability discrimination complaint with EEOC,DuPont,irrelevant,synthetic
"Deutsche Bank upgrades Walt Disney to buy, cites market share gains",Walt Disney,irrelevant,synthetic
Raytheon enables simplified navigation menu to its employee portal,Raytheon,irrelevant,synthetic
"JPMorgan Chase reports Q1 revenue of $1.2 billion, surpasses consensus on record assets under management",JPMorgan Chase,relevant,synthetic
JPMorgan Chase announces $8.3 billion share buyback program,JPMorgan Chase,relevant,synthetic
Wells Fargo shares trade lower following broader macro concerns — no new company news,Wells Fargo,irrelevant,synthetic
Why is Waste Management stock rises to 52-week high today? Here is what we know,Waste Management,irrelevant,synthetic
Visa ranks among Barron's most sustainable companies for the fifth year running,Visa,irrelevant,synthetic
"Honeywell delivers Q4 beat, guides higher for the year",Honeywell,relevant,synthetic
Republic Services warehouse worker arrested in connection with unrelated drug charges in Phoenix,Republic Services,irrelevant,synthetic
Is Procter & Gamble's latest smartphones worth buying? A consumer review,Procter & Gamble,irrelevant,synthetic
Mastercard CEO to deliver keynote at the Allen & Company Sun Valley conference,Mastercard,irrelevant,synthetic
Starbucks named to Time's 100 most influential companies for the first time,Starbucks,irrelevant,synthetic
ServiceNow pulls advertising from podcast network following employee pressure,ServiceNow,irrelevant,synthetic
Paramount Global outlines five-year strategy to double revenue in content studio segment,Paramount Global,relevant,synthetic
"General Motors Q4 results: beats on top and bottom line, raises outlook",General Motors,relevant,synthetic
Goldman Sachs Q4 operating income surges 11% on record assets under management,Goldman Sachs,relevant,synthetic
"Comedian references Caterpillar in viral stand-up set, clip goes viral",Caterpillar,irrelevant,synthetic
Mastercard former president leaves to join a healthcare company in senior role,Mastercard,irrelevant,synthetic
Concert at Booking Holdings Arena draws thousands despite rain,Booking Holdings,irrelevant,synthetic
Former UnitedHealth retail associate files racial harassment complaint with EEOC,UnitedHealth,irrelevant,synthetic
"Apple posts Q2 net income of $90.0 billion, misses analyst estimates",Apple,relevant,synthetic
Boeing faces social media campaign targeting environmental claims on packaging,Boeing,irrelevant,synthetic
UPS releases a progress tracker to its enterprise dashboard,UPS,irrelevant,synthetic
ConocoPhillips releases enhanced map view to its cloud console,ConocoPhillips,irrelevant,synthetic
"BlackRock announces 12,000 job cuts in consumer unit amid business reorganization",BlackRock,relevant,synthetic
"Airbnb reaches landmark new agreement with union representing 3,000 workers",Airbnb,relevant,synthetic
Colgate-Palmolive customer service representative faces restraining order filed by former coworker in Philadelphia,Colgate-Palmolive,irrelevant,synthetic
IDC estimates Pfizer controls 58% of the search advertising market,Pfizer,irrelevant,synthetic
General Motors pulls advertising from podcast network following personal scandal,General Motors,irrelevant,synthetic
Charles Schwab co-founder says deficit spending cannot be solved by the private sector alone,Charles Schwab,irrelevant,synthetic
Stellantis Q3 miss: revenue and earnings both fall short as slowing EV demand,Stellantis,relevant,synthetic
Deere & Company workers vote to authorize strike at flagship warehouse,Deere & Company,relevant,synthetic
Halliburton former general counsel departs to become partner at a private equity firm,Halliburton,irrelevant,synthetic
Former Mondelez human resources manager files racial discrimination complaint with EEOC,Mondelez,irrelevant,synthetic
Eli Lilly credit rating placed on negative watch by Moody's citing strong capital position,Eli Lilly,relevant,synthetic
Republic Services vs competitors: which running shoes is right for you,Republic Services,irrelevant,synthetic
Citigroup CEO joins panel discussion at the World Economic Forum in Davos on climate change and business,Citigroup,irrelevant,synthetic
Costco chief executive says the housing market requires urgent attention from elected officials,Costco,irrelevant,synthetic
Mondelez updates two-factor authentication prompts to its enterprise dashboard,Mondelez,irrelevant,synthetic
Target enables a new password manager to its customer portal,Target,irrelevant,synthetic
Rumour: Could Lowe's be in early discussions about a joint venture? Analysts are watching,Lowe's,irrelevant,synthetic
Chevron chief operating officer says banking regulation is creating uncertainty for long-term investment decisions,Chevron,irrelevant,synthetic
Merck raises quarterly dividend 31% to $0.94 per share,Merck,relevant,synthetic
"Uber reports Q2 revenue of $2.5 billion, comes in below consensus on strong travel demand recovery",Uber,relevant,synthetic
Local school renamed after IBM founder despite community debate,IBM,irrelevant,synthetic
Northrop Grumman to present at the MIT Sloan Management Conference next month,Northrop Grumman,irrelevant,synthetic
Bank of America ends partnership with podcast host after employee pressure,Bank of America,irrelevant,synthetic
Walmart agrees to sell pharmacy chain for $8.3 billion to private equity firm,Walmart,relevant,synthetic
Mizuho flags Dow among the companies most affected by the deal in note on Meta merger,Dow,irrelevant,synthetic
AT&T employees protest changes to remote work flexibility at headquarters,AT&T,irrelevant,synthetic
Why is UnitedHealth stock edges higher today? Here is what we know,UnitedHealth,irrelevant,synthetic
Coca-Cola co-founder says immigration policy cannot be solved by the private sector alone,Coca-Cola,irrelevant,synthetic
Nvidia faces social media campaign targeting ingredient sourcing policies,Nvidia,irrelevant,synthetic
FedEx cuts full-year guidance citing higher fuel costs,FedEx,relevant,synthetic
Target Q4 operating income surges 8% on improving inventory management,Target,relevant,synthetic
Lockheed Martin raises full-year guidance after Q3 beat on record hypersonic weapons orders,Lockheed Martin,relevant,synthetic
General Motors confirms it received and rejected $3.0 billion takeover bid,General Motors,relevant,synthetic
Booking Holdings nights booked rise 17% as international travel demand surges,Booking Holdings,relevant,synthetic
IBM raises quarterly dividend 4% to $0.85 per share,IBM,relevant,synthetic
Salesforce board approves new $3.4 billion share repurchase authorization,Salesforce,relevant,synthetic
Starbucks faces criticism from advocacy groups over data privacy practices,Starbucks,irrelevant,synthetic
"Citi trims Lockheed Martin to neutral, flags execution risks",Lockheed Martin,irrelevant,synthetic
McDonald's co-founder says healthcare costs is top of mind for executives across every industry,McDonald's,irrelevant,synthetic
"Comcast and regional broadband provider confirm merger talks, deal could be worth $2.5 billion",Comcast,relevant,synthetic
T-Mobile to spin off its wireline business as a standalone publicly traded company,T-Mobile,relevant,synthetic
3M fined $40 million by SEC over a customer privacy complaint,3M,irrelevant,synthetic
Ralph Lauren factory worker faces personal lawsuit unrelated to company activities in Detroit,Ralph Lauren,irrelevant,synthetic
Group of former Tesla human resources managers alleges racial harassment in federal class-action,Tesla,irrelevant,synthetic
Forrester ranks Emerson Electric as the leading provider in digital advertising,Emerson Electric,irrelevant,synthetic
Home Depot chairman says trade tariffs is a concern shared by businesses of all sizes,Home Depot,irrelevant,synthetic
"RBC Capital Markets cuts Booking Holdings to underperform, flags deteriorating pricing power",Booking Holdings,irrelevant,synthetic
Ford issues $1.8 billion in senior notes to fund capital expenditures,Ford,relevant,synthetic
McDonald's recognized on LinkedIn's top companies to work for for workplace culture,McDonald's,irrelevant,synthetic
"Eli Lilly announces 18,000 corporate layoffs, shares fall on restructuring news",Eli Lilly,relevant,synthetic
DuPont issues $1.8 billion in senior notes to fund strategic acquisitions,DuPont,relevant,synthetic
Citigroup outlines five-year strategy to double revenue in fintech startup segment,Citigroup,relevant,synthetic
Walt Disney CEO says cryptocurrency regulation cannot be solved by the private sector alone,Walt Disney,irrelevant,synthetic
Report: CVS Health mulling a share buyback — company declines to comment,CVS Health,irrelevant,synthetic
Protests outside Dow headquarters over unrelated political issue,Dow,irrelevant,synthetic
New Gartner data shows Eli Lilly gaining share in streaming services,Eli Lilly,irrelevant,synthetic
3M chairman says climate policy requires coordinated global action to address effectively,3M,irrelevant,synthetic
AbbVie sued by former employee alleging pay discrimination in scheduling practices,AbbVie,irrelevant,synthetic
Visa agrees to sell wealth management division for $18.5 billion to consortium of investors,Visa,relevant,synthetic
3M said to be considering going private in early-stage discussions,3M,irrelevant,synthetic
"Nike to eliminate 1,200 positions as part of $3.4 billion cost reduction plan",Nike,relevant,synthetic
DuPont agrees to sell non-core assets for $3.4 billion to strategic acquirer,DuPont,relevant,synthetic
Coca-Cola to acquire food brand for $1.8 billion in all-cash deal,Coca-Cola,relevant,synthetic
Yum Brands faces class-action lawsuit over alleged disability discrimination among delivery drivers,Yum Brands,irrelevant,synthetic
CVS Health workers circulate petition calling for reversal of return-to-office policy,CVS Health,irrelevant,synthetic
ConocoPhillips employees sign open letter opposing healthcare benefit reductions,ConocoPhillips,irrelevant,synthetic
Travelers shares rises to 52-week high amid risk-off sentiment,Travelers,irrelevant,synthetic
T-Mobile refreshes new color themes to its cloud console,T-Mobile,irrelevant,synthetic
Emerson Electric to acquire automation startup for $1.2 billion in stock-and-cash transaction,Emerson Electric,relevant,synthetic
Visa employees stage walkout over employee monitoring rollout,Visa,irrelevant,synthetic
American Express raises quarterly dividend 24% to $0.45 per share,American Express,relevant,synthetic
"Jefferies upgrades CSX to buy, sees accelerating revenue growth",CSX,irrelevant,synthetic
Booking Holdings enables two-factor authentication prompts to its mobile app,Booking Holdings,irrelevant,synthetic
UPS package volume falls 11% as freight market downturn deepens,UPS,relevant,synthetic
"Sources: PepsiCo evaluating strategic alternatives — no deal imminent, sources say",PepsiCo,irrelevant,synthetic
T-Mobile confirms it received and rejected $8.3 billion takeover bid,T-Mobile,relevant,synthetic
Goldman Sachs raises quarterly dividend 11% to $0.78 per share,Goldman Sachs,relevant,synthetic
Why is Deere & Company stock rises to 52-week high today? Here is what we know,Deere & Company,irrelevant,synthetic
Berkshire Hathaway drops sponsorship of college football sponsorship following social media backlash,Berkshire Hathaway,irrelevant,synthetic
"Sources: Johnson & Johnson exploring a merger — no deal imminent, sources say",Johnson & Johnson,irrelevant,synthetic
"Bank of America issues profit warning, slashes guidance citing slower deal activity",Bank of America,relevant,synthetic
Tyson Foods sets aside $1.8 billion to cover costs of food brand product recall,Tyson Foods,relevant,synthetic
Tyson Foods raises full-year guidance after Q3 beat on menu price increases driving revenue,Tyson Foods,relevant,synthetic
Citigroup introduces simplified navigation menu to its developer portal,Citigroup,irrelevant,synthetic
Salesforce faces criticism from advocacy groups over ingredient sourcing policies,Salesforce,irrelevant,synthetic
General Electric confirms it received and rejected $1.2 billion takeover bid,General Electric,relevant,synthetic
Waste Management enables enhanced map view to its developer portal,Waste Management,irrelevant,synthetic
Group of former Caterpillar district managers alleges disability discrimination in federal class-action,Caterpillar,irrelevant,synthetic
Eli Lilly issues $1.8 billion in senior notes to finance share buyback program,Eli Lilly,relevant,synthetic
"UPS issues profit warning, slashes guidance citing labor cost inflation",UPS,relevant,synthetic
Uber to merge with ride-sharing operator in $2.5 billion combination,Uber,relevant,synthetic
Charles Schwab workers vote to reject company contract offer at its largest facility,Charles Schwab,relevant,synthetic
Bank of America to acquire brokerage firm for $5.1 billion in stock-and-cash transaction,Bank of America,relevant,synthetic
Tourist spots near Ford campus rank among best in the area,Ford,irrelevant,synthetic
Former Citigroup former chief marketing officer named to lead a fintech startup,Citigroup,irrelevant,synthetic
"Alphabet loses mortgage servicing failures case, ordered to pay $310 million in penalties",Alphabet,relevant,synthetic
Apple branch teller arrested for allegedly cashing fraudulent checks in Miami,Apple,irrelevant,synthetic
Goldman Sachs net interest income falls 4% as rate environment pressures margins,Goldman Sachs,relevant,synthetic
Stellantis logistics coordinator arrested for alleged theft from delivery route in New York,Stellantis,irrelevant,synthetic
Under Armour raises quarterly dividend 14% to $1.10 per share,Under Armour,relevant,synthetic
Consumer guide: Halliburton credit cards ranked and reviewed,Halliburton,irrelevant,synthetic
Lockheed Martin workers vote to reject company contract offer at its largest facility,Lockheed Martin,relevant,synthetic
Kraft Heinz suspends quarterly dividend amid cash flow concerns,Kraft Heinz,relevant,synthetic
"Costco joint venture seen as competitive threat to T-Mobile, analyst says",T-Mobile,irrelevant,synthetic
Procter & Gamble delivery driver faces personal lawsuit unrelated to company activities in Detroit,Procter & Gamble,irrelevant,synthetic
Goldman Sachs faces national origin discrimination lawsuit filed by former executive,Goldman Sachs,irrelevant,synthetic
How Amazon's merger could reshape the competitive landscape for 3M,3M,irrelevant,synthetic
"Stellantis delivers record number of vehicles in Q1, surpasses consensus",Stellantis,relevant,synthetic
Nike agrees to $65 million settlement with EPA over price-fixing conspiracy,Nike,relevant,synthetic
"Progressive reports 7% drop in quarterly revenue, cuts annual guidance",Progressive,relevant,synthetic
Microsoft faces criticism from advocacy groups over price increase practices,Microsoft,irrelevant,synthetic
Verizon broadband net adds accelerate in Q2 on fiber expansion,Verizon,relevant,synthetic
"Oppenheimer downgrades Stellantis to neutral, cites slowing demand environment",Stellantis,irrelevant,synthetic
Caterpillar chief executive says the housing market will shape business strategy for years to come,Caterpillar,irrelevant,synthetic
Allstate releases a redesigned home screen to its banking app,Allstate,irrelevant,synthetic
Republic Services chairman says banking regulation is creating uncertainty for long-term investment decisions,Republic Services,irrelevant,synthetic
General Electric chief operating officer says trade tariffs requires urgent attention from elected officials,General Electric,irrelevant,synthetic
Wells Fargo loses insurance subsidiary contract to rival in blow to revenue outlook,Wells Fargo,relevant,synthetic
Colgate-Palmolive agrees to $40 million penalty over an advertising standards complaint,Colgate-Palmolive,irrelevant,synthetic
Coca-Cola updates a new password manager to its website,Coca-Cola,irrelevant,synthetic
AbbVie blows past Q3 estimates on record insurance enrollment,AbbVie,relevant,synthetic
Northrop Grumman acquires unmanned systems company in $11.2 billion deal expanding into unmanned systems company,Northrop Grumman,relevant,synthetic
ServiceNow executive to speak at the Milken Institute Global Conference on the global supply chain,ServiceNow,irrelevant,synthetic
"Salesforce sees Q2 revenue of $1.8 billion, below prior guidance and analyst consensus",Salesforce,relevant,synthetic
Group of former 3M customer service representatives alleges racial discrimination in federal class-action,3M,irrelevant,synthetic
"Goldman Sachs raises Norfolk Southern to buy, flags improving demand trends",Norfolk Southern,irrelevant,synthetic
Report: American Express holds 22% market share in electric vehicles per Bernstein Research,American Express,irrelevant,synthetic
American Express shares underperforms the sector as investors rotate into defensives,American Express,irrelevant,synthetic
"RBC Capital Markets upgrades Visa to hold, sees margin recovery underway",Visa,irrelevant,synthetic
"Booking Holdings announces 800 corporate layoffs, shares fall on restructuring news",Booking Holdings,relevant,synthetic
AbbVie releases a new rewards tracker to its retail website,AbbVie,irrelevant,synthetic
Concert at Merck Arena draws thousands despite rain,Merck,irrelevant,synthetic
How Starbucks's joint venture could reshape the competitive landscape for Verizon,Verizon,irrelevant,synthetic
PepsiCo faces criticism from advocacy groups over ingredient sourcing policies,PepsiCo,irrelevant,synthetic
Target faces criticism from advocacy groups over data privacy practices,Target,irrelevant,synthetic
Target former CEO departs to become partner at a government advisory role,Target,irrelevant,synthetic
Deere & Company activist investor discloses $0.8 billion stake pushes for margin improvement,Deere & Company,relevant,synthetic
Chevron employees sign open letter opposing employee monitoring rollout,Chevron,irrelevant,synthetic
Former Visa former chief marketing officer named to lead a hedge fund,Visa,irrelevant,synthetic
3M retail associate sued by customer over personal conduct during shift in Denver,3M,irrelevant,synthetic
EEOC opens investigation into Procter & Gamble over alleged gender discrimination in scheduling practices,Procter & Gamble,irrelevant,synthetic
Sources: Lockheed Martin close to finalising acquisition of missile defense startup for $11.2 billion,Lockheed Martin,relevant,synthetic
UPS chairman says trade tariffs will have long-lasting effects on the broader economy,UPS,irrelevant,synthetic
AbbVie named to Forbes' list of best employers for the third consecutive year,AbbVie,irrelevant,synthetic
Airbnb activist investor discloses $1.8 billion stake pushes for margin improvement,Airbnb,relevant,synthetic
Pfizer posts better-than-expected Q2 results as GLP-1 drug demand exceeding expectations,Pfizer,relevant,synthetic
"JPMorgan Chase CFO announces retirement, company names internal finance executive as replacement",JPMorgan Chase,relevant,synthetic
Booking Holdings said to be considering selling its media division in early-stage discussions,Booking Holdings,irrelevant,synthetic
"RBC Capital Markets boosts Netflix to buy, sees margin recovery underway",Netflix,irrelevant,synthetic
"Citi upgrades Walt Disney to hold, raises estimates on guidance beat",Walt Disney,irrelevant,synthetic
Lockheed Martin faces $5.1 billion fine from CFTC over market manipulation,Lockheed Martin,relevant,synthetic
Uber Q2 earnings of $5.37 per share beats analyst estimates,Uber,relevant,synthetic
General Electric releases a progress tracker to its customer portal,General Electric,irrelevant,synthetic
Chevron workers in Denver rally to demand reversal of return-to-office policy,Chevron,irrelevant,synthetic
General Electric to spin off its safety products division as a standalone publicly traded company,General Electric,relevant,synthetic
"Barclays lifts FedEx to equal weight, cites market share gains",FedEx,irrelevant,synthetic
"Needham cuts Charles Schwab to outperform, warns of elevated inventory",Charles Schwab,irrelevant,synthetic
Best Netflix deals this Cyber Monday: our top picks,Netflix,irrelevant,synthetic
"Dow announces 2,000 corporate layoffs, shares fall on restructuring news",Dow,relevant,synthetic
Meta pays $5 million to settle a minor consumer notification requirement complaint with state attorneys general,Meta,irrelevant,synthetic
ServiceNow cited as top player in smartphone sales by Gartner industry survey,ServiceNow,irrelevant,synthetic
Halliburton president says AI regulation is top of mind for executives across every industry,Halliburton,irrelevant,synthetic
Costco ends partnership with sports personality after controversial comments online,Costco,irrelevant,synthetic
"Comcast reports 38% drop in quarterly revenue, cuts annual guidance",Comcast,relevant,synthetic
Former 3M former general counsel appointed to advisory board of a hedge fund,3M,irrelevant,synthetic
Capital One raises loan loss provisions to $8.3 billion citing rising consumer delinquencies,Capital One,relevant,synthetic
Stellantis logistics coordinator faces criminal charges unrelated to employment in Philadelphia,Stellantis,irrelevant,synthetic
AT&T factory worker charged with harassment following complaint by coworker in Denver,AT&T,irrelevant,synthetic
Caterpillar software engineer faces personal lawsuit unrelated to company activities in Detroit,Caterpillar,irrelevant,synthetic
"Northrop Grumman CEO is replaced following activist pressure, board promotes division head to top role",Northrop Grumman,relevant,synthetic
"Netflix CEO departs following board review, board promotes division head to top role",Netflix,relevant,synthetic
Walt Disney said to be considering a headquarters relocation in early-stage discussions,Walt Disney,irrelevant,synthetic
Concert at IBM Arena draws thousands despite rain,IBM,irrelevant,synthetic
Nike co-founder says deficit spending is the biggest challenge facing businesses today,Nike,irrelevant,synthetic
BlackRock shares trade lower amid rising interest rate fears — no new company news,BlackRock,irrelevant,synthetic
"ExxonMobil posts Q4 net income of $3.4 billion, surpasses consensus",ExxonMobil,relevant,synthetic
Colgate-Palmolive says full-year revenue will fall short of prior guidance by 18%,Colgate-Palmolive,relevant,synthetic
Morgan Stanley sued by former manager alleging religious discrimination in pay practices,Morgan Stanley,irrelevant,synthetic
Goldman Sachs denies wrongdoing in gender discrimination complaint filed by group of delivery drivers,Goldman Sachs,irrelevant,synthetic
Group of former Walt Disney logistics coordinators alleges national origin discrimination in federal class-action,Walt Disney,irrelevant,synthetic
Visa customer service representative charged with running fraud scheme at local branch in Chicago,Visa,irrelevant,synthetic
"Mondelez CFO announces departure, company names Wall Street veteran as replacement",Mondelez,relevant,synthetic
Why is Netflix stock underperforms the sector today? Here is what we know,Netflix,irrelevant,synthetic
Yum Brands CEO says geopolitical tensions is creating uncertainty for long-term investment decisions,Yum Brands,irrelevant,synthetic
CVS Health reports positive Phase 3 trial results for key pipeline drug,CVS Health,relevant,synthetic
How McDonald's's partnership could reshape the competitive landscape for Chevron,Chevron,irrelevant,synthetic
"Progressive announces 3,000 job cuts in corporate functions amid cost reduction program",Progressive,relevant,synthetic
"Mizuho lowers Amazon to neutral, sees limited upside from current levels",Amazon,irrelevant,synthetic
Raytheon releases an updated help center to its enterprise dashboard,Raytheon,irrelevant,synthetic
"Johnson & Johnson to eliminate 7,000 positions as part of $1.2 billion cost reduction plan",Johnson & Johnson,relevant,synthetic
ServiceNow reports 15% jump in advertising revenue as digital ad market recovers,ServiceNow,relevant,synthetic
T-Mobile refreshes improved load times to its employee portal,T-Mobile,irrelevant,synthetic
"Netflix reports Q4 revenue of $1.8 billion, beats analyst estimates on theme park record attendance",Netflix,relevant,synthetic
Report: Waste Management holds 52% market share in cloud infrastructure per Forrester,Waste Management,irrelevant,synthetic
Honeywell denies wrongdoing in racial discrimination complaint filed by former sales representative,Honeywell,irrelevant,synthetic
Accenture president says deficit spending cannot be solved by the private sector alone,Accenture,irrelevant,synthetic
Starbucks chief operating officer says interest rates will shape business strategy for years to come,Starbucks,irrelevant,synthetic
"Goldman Sachs's partnership deal raises questions about Ford's position, per TD Cowen",Ford,irrelevant,synthetic
"Mizuho boosts Colgate-Palmolive to outperform, says near-term headwinds are priced in",Colgate-Palmolive,irrelevant,synthetic
Aflac CEO says supply chain resilience demands a thoughtful policy response from legislators,Aflac,irrelevant,synthetic
Amazon rolls out push notification settings to its employee portal,Amazon,irrelevant,synthetic
AbbVie snaps up biotech startup for $380 million in bolt-on acquisition,AbbVie,relevant,synthetic
Norfolk Southern credit rating affirmed with stable outlook by Fitch citing strong capital position,Norfolk Southern,relevant,synthetic
Republic Services announces $1.8 billion share buyback program,Republic Services,relevant,synthetic
Microsoft introduces spending insights tab to its loyalty app,Microsoft,irrelevant,synthetic
PepsiCo pays $25 million to settle an environmental reporting error complaint with EEOC,PepsiCo,irrelevant,synthetic
Local school renamed after Home Depot founder despite community debate,Home Depot,irrelevant,synthetic
Amazon named to Glassdoor's top-rated employers for the fifth year running,Amazon,irrelevant,synthetic
Berkshire Hathaway earns top score on Forbes' list of best employers,Berkshire Hathaway,irrelevant,synthetic
New eMarketer data shows Honeywell gaining share in semiconductor manufacturing,Honeywell,irrelevant,synthetic
Uber CFO scheduled to appear at the World Economic Forum in Davos investor day,Uber,irrelevant,synthetic
"Walt Disney delivers Q2 beat, guides higher for the year",Walt Disney,relevant,synthetic
EEOC opens investigation into Morgan Stanley over alleged disability discrimination in hiring practices,Morgan Stanley,irrelevant,synthetic
PepsiCo loses beverage unit contract to rival in blow to revenue outlook,PepsiCo,relevant,synthetic
Eli Lilly vs competitors: which smartphones is right for you,Eli Lilly,irrelevant,synthetic
"Wells Fargo boosts AT&T to hold, says near-term headwinds are priced in",AT&T,irrelevant,synthetic
Northrop Grumman refreshes enhanced map view to its checkout flow,Northrop Grumman,irrelevant,synthetic
General Motors launches an updated help center to its website,General Motors,irrelevant,synthetic
"RBC Capital Markets cuts ConocoPhillips to buy, flags margin pressure ahead",ConocoPhillips,irrelevant,synthetic
"Ralph Lauren loses misleading investors case, ordered to pay $110 million in penalties",Ralph Lauren,relevant,synthetic
Home Depot employees stage walkout over mandatory drug testing policy,Home Depot,irrelevant,synthetic
Ford chairman says immigration policy is the biggest challenge facing businesses today,Ford,irrelevant,synthetic
"Jefferies downgrades Visa to overweight, flags rising competitive pressure",Visa,irrelevant,synthetic
Honeywell faces class-action over automation startup product defect affecting millions of users,Honeywell,relevant,synthetic
Tyson Foods sued by group of former employees alleging pay discrimination in scheduling practices,Tyson Foods,irrelevant,synthetic
"Wells Fargo boosts Honeywell to overweight, sees multiple expansion ahead",Honeywell,irrelevant,synthetic
"Oracle CEO departs following board review, board launches external search",Oracle,relevant,synthetic
Meta to acquire developer tools company for $90.0 billion in stock-and-cash transaction,Meta,relevant,synthetic
DuPont earns top score on Time's 100 most influential companies,DuPont,irrelevant,synthetic
Judge orders American Express to pay $145 million in damages over environmental violations,American Express,relevant,synthetic
Tyson Foods CFO says climate policy is creating uncertainty for long-term investment decisions,Tyson Foods,irrelevant,synthetic
ConocoPhillips chief executive says interest rates will have long-lasting effects on the broader economy,ConocoPhillips,irrelevant,synthetic
Ralph Lauren sued by group of warehouse workers alleging national origin discrimination in termination policies,Ralph Lauren,irrelevant,synthetic
"Alphabet announces 1,600 corporate layoffs, shares fall on restructuring news",Alphabet,relevant,synthetic
Starbucks human resources manager faces personal lawsuit unrelated to company activities in Atlanta,Starbucks,irrelevant,synthetic
Nvidia faces class-action lawsuit over alleged racial harassment among marketing managers,Nvidia,irrelevant,synthetic
How FedEx's restructuring could reshape the competitive landscape for Deere & Company,Deere & Company,irrelevant,synthetic
Kraft Heinz divests beverage unit in $5.1 billion deal as part of strategic review,Kraft Heinz,relevant,synthetic
Local school renamed after Ford founder despite community debate,Ford,irrelevant,synthetic
Caterpillar adds location-based alerts to its customer portal,Caterpillar,irrelevant,synthetic
Visa issues voluntary recall of regional bank product over potential safety concern,Visa,relevant,synthetic
Procter & Gamble confirms receipt of DOJ civil investigative demand over market manipulation,Procter & Gamble,relevant,synthetic
"Citi cuts Tesla to outperform, flags execution risks",Tesla,irrelevant,synthetic
"Sources: BlackRock evaluating strategic alternatives — no deal imminent, sources say",BlackRock,irrelevant,synthetic
Capital One financial advisor arrested in connection with unrelated drug charges in Chicago,Capital One,irrelevant,synthetic
"Evercore ISI cuts Apple to equal weight, warns of elevated inventory",Apple,irrelevant,synthetic
Costco ranks among Fortune's most admired companies list for the second straight year,Costco,irrelevant,synthetic
Microsoft CFO scheduled to appear at the World Economic Forum in Davos investor day,Microsoft,irrelevant,synthetic
Lockheed Martin to merge with unmanned systems company in $5.1 billion combination,Lockheed Martin,relevant,synthetic
Bank of America raises loan loss provisions to $8.3 billion citing rising consumer delinquencies,Bank of America,relevant,synthetic
Mondelez former CFO departs to become partner at a consulting firm,Mondelez,irrelevant,synthetic
Tourist spots near Amazon campus rank among best in the area,Amazon,irrelevant,synthetic
"Target reaches new four-year labor agreement with union representing 4,000 workers",Target,relevant,synthetic
Lockheed Martin sued by former financial advisor alleging age discrimination in scheduling practices,Lockheed Martin,irrelevant,synthetic
Lowe's employees protest termination of diversity programs at headquarters,Lowe's,irrelevant,synthetic
Deere & Company recognized on LinkedIn's top companies to work for for workplace culture,Deere & Company,irrelevant,synthetic
Morgan Stanley CFO scheduled to appear at the Allen & Company Sun Valley conference investor day,Morgan Stanley,irrelevant,synthetic
Costco named to Fast Company's most innovative companies for the fifth year running,Costco,irrelevant,synthetic
Report: Tyson Foods evaluating strategic alternatives — company declines to comment,Tyson Foods,irrelevant,synthetic
Netflix retail associate arrested in connection with unrelated drug charges in Philadelphia,Netflix,irrelevant,synthetic
Capital One chairman says global trade is the biggest challenge facing businesses today,Capital One,irrelevant,synthetic
Piper Sandler flags AT&T as a company that could benefit from the deal in note on Nike joint venture,AT&T,irrelevant,synthetic
Progressive issues $0.5 billion in senior notes to fund capital expenditures,Progressive,relevant,synthetic
Goldman Sachs ordered by EU regulators to pay $500 million over environmental violations,Goldman Sachs,relevant,synthetic
ServiceNow credit rating downgraded by S&P citing strong capital position,ServiceNow,relevant,synthetic
Starbucks co-founder says immigration policy cannot be solved by the private sector alone,Starbucks,irrelevant,synthetic
