title,company_name,label,source_type
Stellantis logistics coordinator arrested for alleged theft from delivery route in New York,Stellantis,irrelevant,synthetic
FedEx commits $2 million to Salt Lake City housing affordability fund,FedEx,irrelevant,synthetic
$4M lawsuit alleges T-Mobile disability accommodation failures,T-Mobile,irrelevant,synthetic
Rumour: Could DuPont be looking at entering the financial services market? Analysts are watching,DuPont,irrelevant,synthetic
Report: Schlumberger considering move into financial products business,Schlumberger,irrelevant,synthetic
AbbVie CEO joins panel discussion at the World Economic Forum in Davos on workforce transformation,AbbVie,irrelevant,synthetic
Nvidia introduces cloud dashboard in South Asia market,Nvidia,irrelevant,synthetic
Vanguard extends mobile app trial to Spain and Singapore,Vanguard,irrelevant,synthetic
Berkshire Hathaway chairman says banking regulation requires coordinated global action to address effectively,Berkshire Hathaway,irrelevant,synthetic
Walt Disney store manager cited for personal safety violation in Philadelphia,Walt Disney,irrelevant,synthetic
$25M lawsuit alleges Qualcomm sexual harassment in sales division,Qualcomm,irrelevant,synthetic
Mondelez Q2 gross margin expands to 29.8% on strong organic volume growth,Mondelez,relevant,synthetic
Citigroup confirms it received and rejected $2.5 billion takeover bid,Citigroup,relevant,synthetic
"Morgan Stanley lowers Alphabet to neutral, warns of elevated inventory",Alphabet,irrelevant,synthetic
"McDonald's joint venture seen as competitive threat to Mondelez, analyst says",Mondelez,irrelevant,synthetic
Visa processing delays strand France travelers at US airports,Visa,irrelevant,synthetic
"Wells Fargo's Q4: better than feared, outlook encouraging",Wells Fargo,relevant,synthetic
T-Mobile admits knowing about consumer product structural integrity issues before public reports,T-Mobile,relevant,synthetic
Booking Holdings updates a progress tracker to its loyalty app,Booking Holdings,irrelevant,synthetic
Mastercard unveils blockchain-based payment system for enterprise clients,Mastercard,relevant,synthetic
"Baird cuts IBM to buy, cites slowing demand environment",IBM,irrelevant,synthetic
Report: UnitedHealth considering going private — company declines to comment,UnitedHealth,irrelevant,synthetic
500 Comcast workers lose jobs in latest round of cost-cutting,Comcast,relevant,synthetic
"Morgan Stanley upgrades ConocoPhillips to overweight, calls recent dip a buying opportunity",ConocoPhillips,irrelevant,synthetic
"Lawsuit filed against Salesforce over sexual harassment in sales division, seeks $2M",Salesforce,irrelevant,synthetic
Honeywell raises quarterly dividend 24% to $0.62 per share,Honeywell,relevant,synthetic
Colgate-Palmolive faces class-action lawsuit over alleged gender discrimination among retail associates,Colgate-Palmolive,irrelevant,synthetic
Here Is Your WIRED Star Wars Challenge for Day 168,AT&T,irrelevant,gold_manual
Lockheed Martin faces sexual harassment lawsuit filed by group of retail workers,Lockheed Martin,irrelevant,synthetic
US delays visa program for Canada travelers amid security review,Visa,irrelevant,synthetic
Former Mastercard software engineer files gender discrimination complaint with EEOC,Mastercard,irrelevant,synthetic
Dow acquires service company for $380 million to bolster technology startup,Dow,relevant,synthetic
Dow chairman says inflation will shape business strategy for years to come,Dow,irrelevant,synthetic
"Warner Bros. Discovery lowers Q2 outlook, sends shares sharply lower in after-hours trading",Warner Bros. Discovery,relevant,synthetic
"Procter & Gamble's Q1: better than feared, outlook encouraging",Procter & Gamble,relevant,synthetic
Tesla revenue tops estimates as management lifts 2023 outlook,Tesla,relevant,synthetic
"CVS Health announces 800 corporate layoffs, shares fall on restructuring news",CVS Health,relevant,synthetic
BRIEF-The Home Depot Announces Q4 Earnings Per Share $1.52,Home Depot (The),relevant,gold_manual
Broadcom doubles food security funding to $1 million for 2016,Broadcom,irrelevant,synthetic
T-Mobile's Upcoming Earnings: Will the Stock React?,T-Mobile,irrelevant,synthetic
Mondelez founder concedes medical device fell short of safety standards,Mondelez,relevant,synthetic
Costco chief executive says the housing market requires urgent attention from elected officials,Costco,irrelevant,synthetic
Nielsen ranks Caterpillar as the leading provider in cloud infrastructure,Caterpillar,irrelevant,synthetic
AT&T drops sponsorship of professional golf tournament following social media backlash,AT&T,irrelevant,synthetic
Johnson & Johnson acquires medical device company in $1.2 billion deal expanding into medical device company,Johnson & Johnson,relevant,synthetic
Midday open thread: Battery storage costs plummet; 50 women sue Salesforce over sex trafficking,Salesforce,relevant,gold_manual
"Verizon to eliminate 5,500 positions as part of $2.5 billion cost reduction plan",Verizon,relevant,synthetic
"Goldman Sachs boosts Eli Lilly to equal weight, calls recent dip a buying opportunity",Eli Lilly,irrelevant,synthetic
Goldman Sachs hit with $12M class action over sexual harassment in sales division,Goldman Sachs,irrelevant,synthetic
Dollar General staff react with shock as 2500 colleagues receive pink slips,Dollar General,relevant,synthetic
"Halliburton announces 1,200 job cuts in retail operations amid business reorganization",Halliburton,relevant,synthetic
Rumour: Could Berkshire Hathaway be exploring a buyout of a rival? Analysts are watching,Berkshire Hathaway,irrelevant,synthetic
"Uber, Goodwill pair up for free donation service",Uber,irrelevant,gold_manual
"Five things you need to know today, and after last night I have no doubt Amazon will rule the world",Amazon,irrelevant,gold_manual
Save big on JPMorgan Chase streaming plans this Cyber Monday — here is how,JPMorgan Chase,irrelevant,synthetic
"Walt Disney Q4: revenue in line, margins disappoint, guidance cut",Walt Disney,relevant,synthetic
Procter & Gamble to eliminate 800 positions as part of $0.8 billion cost reduction plan,Procter & Gamble,relevant,synthetic
Raytheon chief executive says interest rates is the biggest challenge facing businesses today,Raytheon,irrelevant,synthetic
"Bank of America grants $250,000 to fine arts museum",Bank of America,irrelevant,gold_manual
AbbVie CFO says deficit spending is moving in the right direction but more work remains,AbbVie,irrelevant,synthetic
Caterpillar delivery driver faces restraining order filed by former coworker in Dallas,Caterpillar,irrelevant,synthetic
750 Visa workers lose jobs in latest round of cost-cutting,Visa,relevant,synthetic
Goldman Sachs faces class-action lawsuit over alleged racial harassment among marketing managers,Goldman Sachs,irrelevant,synthetic
Why is Lowe's stock extends its losing streak today? Here is what we know,Lowe's,irrelevant,synthetic
Reports Filed In Microsoft Lawsuit Find 'Significant' Gender Gap At Firm,Microsoft,relevant,gold_manual
Travelers credit rating upgraded by Fitch citing rising leverage,Travelers,relevant,synthetic
landline phone firms face existential crisis as AT&T cuts prices aggressively,AT&T,irrelevant,synthetic
"Oppenheimer boosts Accenture to neutral, points to improving competitive position",Accenture,irrelevant,synthetic
"Mizuho lowers Amazon to neutral, sees limited upside from current levels",Amazon,irrelevant,synthetic
General Motors former chief marketing officer departs to become partner at a non-profit board,General Motors,irrelevant,synthetic
Kimberly-Clark reaches $40 million agreement with EPA to resolve a minor fair lending violation,Kimberly-Clark,irrelevant,synthetic
"Goldman Sachs weighing options to expand into Australia market, sources say",Goldman Sachs,irrelevant,synthetic
NYC becomes latest city to cut back on ties with Wells Fargo,Wells Fargo,relevant,gold_manual
Nike shares trade lower as the S&P 500 drops — no new company news,Nike,irrelevant,synthetic
"Security startup Synack scores $21M investment from Microsoft, HPE and Singtel",Microsoft,irrelevant,gold_manual
Netflix doubles education access funding to $15 million for 2020,Netflix,irrelevant,synthetic
"Kimberly-Clark sees Q3 revenue of $5.1 billion, below prior guidance and analyst consensus",Kimberly-Clark,relevant,synthetic
Here's What Wall Street Expects From Merck When It Reports Q1,Merck,irrelevant,synthetic
"Baidu partners with Ford, Nvidia, and others to boost its self-driving car platform",Nvidia,irrelevant,gold_manual
Warner Bros. Discovery issues $8.3 billion in senior notes to refinance maturing debt,Warner Bros. Discovery,relevant,synthetic
Charles Schwab files patent for blockchain-based payment rail,Charles Schwab,relevant,synthetic
Colgate-Palmolive agrees to $40 million penalty over an advertising standards complaint,Colgate-Palmolive,irrelevant,synthetic
Waste Management factory worker cited for personal safety violation in Philadelphia,Waste Management,irrelevant,synthetic
"Dollar General comparable store sales widens 24% in Q2, comes in below consensus",Dollar General,relevant,synthetic
Mondelez says full-year revenue will fall short of prior guidance by 15%,Mondelez,relevant,synthetic
Lockheed Martin rolls out spending insights tab to its online store,Lockheed Martin,irrelevant,synthetic
"Piper Sandler boosts Stellantis to equal weight, calls valuation compelling after selloff",Stellantis,irrelevant,synthetic
"Lowe's sees Q2 revenue of $1.8 billion, below prior guidance and analyst consensus",Lowe's,relevant,synthetic
Honeywell CEO says the labor market is moving in the right direction but more work remains,Honeywell,irrelevant,synthetic
Shooting at Walmart in El Paso: multiple fatalities,Walmart,irrelevant,gold_manual
Home Depot loses streaming subscriptions lead to Google amid pricing pressure,Home Depot,relevant,synthetic
Microsoft settles religious discrimination complaint filed by group of former employees for undisclosed amount,Microsoft,irrelevant,synthetic
American Express ends partnership with podcast host after offensive social media post,American Express,irrelevant,synthetic
Visa ranks among Barron's most sustainable companies for the fifth year running,Visa,irrelevant,synthetic
Alphabet employees sign open letter opposing employee monitoring rollout,Alphabet,irrelevant,synthetic
Hyundai Reveals IONIQ 5 Disney100 Platinum Concept at New York Auto Show,Walt Disney Company (The),irrelevant,gold_manual
Sweden threatens to restrict US visa access in retaliation,Visa,irrelevant,synthetic
Nike acquires apparel brand for $380 million to bolster apparel brand,Nike,relevant,synthetic
Alphabet raises quarterly dividend 17% to $1.25 per share,Alphabet,relevant,synthetic
Nvidia market share slips as Tencent gains ground in streaming subscriptions,Nvidia,relevant,synthetic
Report: Halliburton mulling a share buyback — company declines to comment,Halliburton,irrelevant,synthetic
One trader just made a big bet on more pain for Starbucks,Starbucks,irrelevant,gold_manual
Nvidia and AMD Analysts Upbeat but With a Caveat,Nvidia,irrelevant,gold_manual
Chevron lays out roadmap to 27% operating margin by 2027,Chevron,relevant,synthetic
"Deutsche Bank upgrades Wells Fargo to hold, cites strong earnings visibility",Wells Fargo,irrelevant,synthetic
Tyson Foods co-founder says cryptocurrency regulation presents both risks and opportunities for the private sector,Tyson Foods,irrelevant,synthetic
Report: Wells Fargo holds 63% market share in enterprise software per IDC,Wells Fargo,irrelevant,synthetic
Wells Fargo faces pay discrimination lawsuit filed by group of warehouse workers,Wells Fargo,irrelevant,synthetic
Travelers ordered by CFPB to pay $180 million over misleading investors,Travelers,relevant,synthetic
How Procter & Gamble's decision to build in Portland benefits local workers,Procter & Gamble,irrelevant,synthetic
Coca-Cola fined $35 million by local labor board over a minor labor board finding,Coca-Cola,irrelevant,synthetic
Amazon appoints Jennifer Harris to newly created director of government affairs position,Amazon,irrelevant,synthetic
Costco doubles mental health funding to $50 million for 2024,Costco,irrelevant,synthetic
Tesla Field hosts record crowd for playoff game,Tesla,irrelevant,synthetic
Analysts Divided on Disney Heading Into Q1 Report,Disney,irrelevant,synthetic
Pfizer delivery driver charged with assault following workplace altercation in Los Angeles,Pfizer,irrelevant,synthetic
Ex-leader of drug ring convicted in New Mexico homicide case,Visa Inc.,irrelevant,gold_manual
Former Lockheed Martin former general counsel appointed to advisory board of a private equity firm,Lockheed Martin,irrelevant,synthetic
Paramount Global raises full-year guidance after Q3 beat on successful content slate driving subscriptions,Paramount Global,relevant,synthetic
What To Expect From Republic Services's 2016 After Steady Fiscal Q2,Republic Services,irrelevant,synthetic
Eagerly waiting to buy a Ford GT? Orders open today,Ford Motor Company,irrelevant,gold_manual
"UPS's partnership deal raises questions about Honeywell's position, per Mizuho",Honeywell,irrelevant,synthetic
"California Airbnb Host Cancels Woman's Reservation Due to Her Race, Noting That 'It's Why We Have Trump'",Airbnb,irrelevant,gold_manual
"In a surprise, Boeing Q1 beats the Street — stock rallies after hours",Boeing,relevant,synthetic
Deere & Company wraps up 2017 with a bang as profit surges,Deere & Company,relevant,synthetic
Best Pfizer deals this Black Friday: our top picks,Pfizer,irrelevant,synthetic
"Walgreens weighing options to expand into Australia market, sources say",Walgreens,irrelevant,synthetic
Save big on Eli Lilly headphones this the holiday season — here is how,Eli Lilly,irrelevant,synthetic
Nvidia executive to speak at the Goldman Sachs Communacopia conference on the digital economy,Nvidia,irrelevant,synthetic
"Ford reaches tentative contract deal with union representing 2,000 workers",Ford,relevant,synthetic
Booking Holdings rolls out a new tips section to its streaming platform,Booking Holdings,irrelevant,synthetic
"Citigroup quietly builds $1500M stake in Verizon, filing shows",Citigroup,relevant,synthetic
Warner Bros. Discovery board approves new $8.3 billion share repurchase authorization,Warner Bros. Discovery,relevant,synthetic
Former Johnson & Johnson customer service representative files age discrimination complaint with EEOC,Johnson & Johnson,irrelevant,synthetic
T-Mobile denies wrongdoing in sexual harassment complaint filed by former financial advisor,T-Mobile,irrelevant,synthetic
Weekend reads: Hot IPOs for DoorDash and Airbnb point to an overheated stock market,Airbnb,irrelevant,gold_manual
General Electric chief operating officer says trade tariffs requires urgent attention from elected officials,General Electric,irrelevant,synthetic
General Motors and AT&T will offer 5G connectivity in certain vehicles from model year 2024,AT&T,relevant,gold_manual
Pfizer fined $10 million by CFPB over an outdated record-keeping practice,Pfizer,irrelevant,synthetic
Why is Waste Management stock underperforms the sector today? Here is what we know,Waste Management,irrelevant,synthetic
Charles Schwab former CFO joins a venture capital fund as its new chief executive,Charles Schwab,irrelevant,synthetic
Nike employees sign open letter opposing healthcare benefit reductions,Nike,irrelevant,synthetic
Walmart reaches $40 million agreement with state attorneys general to resolve a customer privacy complaint,Walmart,irrelevant,synthetic
Deere & Company chief executive says geopolitical tensions is the biggest challenge facing businesses today,Deere & Company,irrelevant,synthetic
Former Wells Fargo former chief marketing officer named to lead a consulting firm,Wells Fargo,irrelevant,synthetic
Meta launches new app and in-app tipping in Australia,Meta,irrelevant,synthetic
Analyst says McDonald's joint venture positions the company ahead of Caterpillar,Caterpillar,irrelevant,synthetic
Kraft Heinz suspends quarterly dividend amid cash flow concerns,Kraft Heinz,relevant,synthetic
FedEx blows past Q1 estimates on pricing power in tight capacity market,FedEx,relevant,synthetic
Best Stellantis deals this the holiday season: our top picks,Stellantis,irrelevant,synthetic
Thousands of fake Facebook accounts shut down by Meta were primed to polarize voters,Meta Platforms,relevant,gold_manual
"Uber drives onto Wall Street, but stock sinks below its IPO price",Uber,relevant,gold_manual
Waste Management refreshes a new rewards tracker to its retail website,Waste Management,irrelevant,synthetic
Coca-Cola pulls advertising from video sharing platform following personal scandal,Coca-Cola,irrelevant,synthetic
Coca-Cola takes 10% stake in 3M worth $300M,Coca-Cola,relevant,synthetic
Save big on Amazon food delivery this Mother's Day — here is how,Amazon,irrelevant,synthetic
"Uber Faces Legal Challenges In France, South Korea And Germany",Uber,relevant,gold_manual
Travelers CFO scheduled to appear at the MIT Sloan Management Conference investor day,Travelers,irrelevant,synthetic
"Ford posts Q2 net income of $5.1 billion, comes in below consensus",Ford,relevant,synthetic
back-to-school season: the best General Motors streaming plans deals you can get right now,General Motors,irrelevant,synthetic
How Nike's decision to build in Atlanta benefits local workers,Nike,irrelevant,synthetic
"Charles Schwab expansion to create 300 jobs in Pittsburgh, governor says",Charles Schwab,irrelevant,synthetic
"Bloomberg: AT&T in early discussions about a joint venture, though talks are preliminary",AT&T,irrelevant,synthetic
Lowe's revenue growth trails Huawei for 5 straight quarters,Lowe's,relevant,synthetic
Judge orders JPMorgan Chase to pay $250 million in damages over antitrust violations,JPMorgan Chase,relevant,synthetic
Speed Read: Comedian Maria Bamford Takes Us Inside Her Darkest Thoughts,AT&T,irrelevant,gold_manual
"In a surprise, HCA Healthcare Q3 surges — stock rallies after hours",HCA Healthcare,relevant,synthetic
Berkshire Hathaway employees sign open letter opposing termination of diversity programs,Berkshire Hathaway,irrelevant,synthetic
Comcast named to Forbes' list of best employers for the third consecutive year,Comcast,irrelevant,synthetic
"AT&T, Comcast, Wells Fargo promise bonuses or pay hikes once tax cut bill passes",Wells Fargo,irrelevant,gold_manual
Nvidia faces social media campaign targeting ingredient sourcing policies,Nvidia,irrelevant,synthetic
Filing reveals Vanguard has acquired 15% of Citigroup,Vanguard,relevant,synthetic
HCA Healthcare extends enterprise software trial to Canada and UK,HCA Healthcare,irrelevant,synthetic
3M to acquire specialty materials maker for $2.5 billion in all-stock deal,3M,relevant,synthetic
New documentary examines working conditions at Johnson & Johnson suppliers overseas,Johnson & Johnson,irrelevant,synthetic
UPS snaps up logistics startup for $180 million in bolt-on acquisition,UPS,relevant,synthetic
General Electric faces new national origin discrimination lawsuit from former sales representative in Georgia court,General Electric,irrelevant,synthetic
JPMorgan Chase employees stage walkout over mandatory overtime policy,JPMorgan Chase,irrelevant,synthetic
Analysts Divided on Vanguard Heading Into Q1 Report,Vanguard,irrelevant,synthetic
Ralph Lauren said to be evaluating strategic alternatives in early-stage discussions,Ralph Lauren,irrelevant,synthetic
Lockheed Martin raises full-year guidance after Q3 beat on record hypersonic weapons orders,Lockheed Martin,relevant,synthetic
Ralph Lauren enables a new tips section to its customer portal,Ralph Lauren,irrelevant,synthetic
General Electric agrees to sell power division for $2.5 billion to consortium of investors,General Electric,relevant,synthetic
American Express faces class-action lawsuit over alleged religious discrimination among retail associates,American Express,irrelevant,synthetic
Is AbbVie's latest headphones worth buying? A consumer review,AbbVie,irrelevant,synthetic
UnitedHealth agrees to sell consumer health division for $1.8 billion to consortium of investors,UnitedHealth,relevant,synthetic
Uber agrees to $500 million settlement with CFPB over mortgage servicing failures,Uber,relevant,synthetic
US will suspend fast processing for H-1B visas,Visa Inc.,irrelevant,gold_manual
BlackRock chief operating officer says interest rates requires urgent attention from elected officials,BlackRock,irrelevant,synthetic
Netflix pledges $20 million to food security initiative,Netflix,irrelevant,synthetic
American Express Q3 earnings of $2.14 per share beats analyst estimates,American Express,relevant,synthetic
BlackRock announces stablecoin to accelerate cross-border payments,BlackRock,relevant,synthetic
Salesforce CFO says interest rates demands a thoughtful policy response from legislators,Salesforce,irrelevant,synthetic
"Stellantis issues profit warning, slashes guidance citing slowing EV demand",Stellantis,relevant,synthetic
Alphabet delivery driver charged with running fraud scheme at local branch in Boston,Alphabet,irrelevant,synthetic
T-Mobile Q1 miss: revenue and earnings both fall short as rising network infrastructure costs,T-Mobile,relevant,synthetic
Uber acquires travel data company for $380 million to bolster travel data company,Uber,relevant,synthetic
Berkshire Hathaway workers circulate petition calling for end to mandatory arbitration,Berkshire Hathaway,irrelevant,synthetic
3M former chief marketing officer joins a healthcare company as its new chief executive,3M,irrelevant,synthetic
Home Depot Q2 earnings of $1.87 per share falls short of expectations,Home Depot,relevant,synthetic
"Honeywell to eliminate 2,000 positions as part of $1.2 billion cost reduction plan",Honeywell,relevant,synthetic
"Piper Sandler boosts Pfizer to outperform, cites market share gains",Pfizer,irrelevant,synthetic
Costco overtakes Deere & Company in revenue as gap widens,Deere & Company,relevant,synthetic
Mark Davis joins Nike as VP of product marketing,Nike,irrelevant,synthetic
Apple loses streaming unit contract to rival in blow to revenue outlook,Apple,relevant,synthetic
'Uber has changed': employees describe fallout from 1900 job cuts,Uber,relevant,synthetic
Raytheon raises quarterly dividend 24% to $0.45 per share,Raytheon,relevant,synthetic
Chevron loses downstream refining unit contract to rival in blow to revenue outlook,Chevron,relevant,synthetic
Netflix chief executive says interest rates cannot be solved by the private sector alone,Netflix,irrelevant,synthetic
This Is How Much Netflix We're All Watching Every Day,Netflix,irrelevant,gold_manual
Wells Fargo CEO is getting only seconds to speak,Wells Fargo,relevant,gold_manual
New documentary examines working conditions at Airbnb suppliers overseas,Airbnb,irrelevant,synthetic
Ford faces consumer boycott over data privacy practices,Ford,irrelevant,synthetic
‘Cancel Netflix’ Campaign Backed By Elon Musk Explained,Netflix,irrelevant,gold_manual
"Wells Fargo downgrades Nike to hold, says near-term catalysts are limited",Nike,irrelevant,synthetic
Schlumberger stock jumps as Walgreens emerges as major shareholder,Walgreens,relevant,synthetic
"Bloomberg: Netflix considering selling its media division, though talks are preliminary",Netflix,irrelevant,synthetic
Caterpillar settles age discrimination complaint filed by group of retail workers for undisclosed amount,Caterpillar,irrelevant,synthetic
Kraft Heinz ends partnership with celebrity spokesperson after community backlash,Kraft Heinz,irrelevant,synthetic
"Microsoft CEO departs following board review, board launches external search",Microsoft,relevant,synthetic
Morgan Stanley Foundation awards $3K grant to local STEM education nonprofit,Morgan Stanley,irrelevant,synthetic
Procter & Gamble blows past Q4 estimates on strong international emerging market sales,Procter & Gamble,relevant,synthetic
Nvidia former president leaves to join a venture capital fund in senior role,Nvidia,irrelevant,synthetic
YouTube tunes into T-Mobile's Binge On at last,AT&T,irrelevant,gold_manual
The Analyst Landscape: 43 Takes On Meta Platforms,Meta Platforms,irrelevant,gold_manual
Former Booking Holdings warehouse worker files gender discrimination complaint with EEOC,Booking Holdings,irrelevant,synthetic
Analyst says Bank of America acquisition positions the company ahead of Apple,Apple,irrelevant,synthetic
"Dow Q2: revenue in line, margins disappoint, guidance cut",Dow,relevant,synthetic
The executive many thought would run Warner Bros has left the company,Warner Bros,relevant,synthetic
"Visa waiver program expanded to include Netherlands, officials say",Visa,irrelevant,synthetic
Salesforce pulls advertising from streaming service following content moderation controversy,Salesforce,irrelevant,synthetic
ServiceNow credit rating affirmed with stable outlook by Fitch citing rising leverage,ServiceNow,relevant,synthetic
"Paramount Global announces 10,000 corporate layoffs, shares fall on restructuring news",Paramount Global,relevant,synthetic
Deere & Company Foundation launches $2M initiative for housing affordability,Deere & Company,irrelevant,synthetic
Verizon president says AI regulation will have long-lasting effects on the broader economy,Verizon,irrelevant,synthetic
Visa processing delays strand Germany travelers at US airports,Visa,irrelevant,synthetic
"Goldman Sachs posts Q1 net income of $18.5 billion, beats analyst estimates",Goldman Sachs,relevant,synthetic
What to Watch When Warner Bros Reports Earnings after market close,Warner Bros,irrelevant,synthetic
Walmart chief operating officer says the housing market is something all companies need to take seriously,Walmart,irrelevant,synthetic
Netflix extends health monitoring tool trial to Canada and France,Netflix,irrelevant,synthetic
‘Do That Right Now’: Salesforce CEO Demands Commitment To ‘Net Zero’ Emissions At Davos Conference,Salesforce,irrelevant,gold_manual
Waste Management branch teller cited for personal safety violation in Atlanta,Waste Management,irrelevant,synthetic
Teamsters refusing to transport GM vehicles in solidarity with UAW,General Motors,relevant,gold_manual
"Marvel Delays 'Deadpool 3,' 'Captain America 4' and 'Thunderbolts' in Post-Strike Disney Release Shake-Up",Walt Disney Company (The),relevant,gold_manual
Nike co-founder says deficit spending is the biggest challenge facing businesses today,Nike,irrelevant,synthetic
Bernstein Research estimates Procter & Gamble controls 41% of the cloud infrastructure market,Procter & Gamble,irrelevant,synthetic
Starbucks said to be exploring a merger in early-stage discussions,Starbucks,irrelevant,synthetic
Deere & Company warns Q2 results will miss estimates due to slowing construction activity,Deere & Company,relevant,synthetic
Johnson & Johnson raises quarterly dividend 9% to $0.85 per share,Johnson & Johnson,relevant,synthetic
Progressive sales representative arrested after incident caught on security camera in Charlotte,Progressive,irrelevant,synthetic
"Evercore ISI cuts Walt Disney to buy, flags deteriorating pricing power",Walt Disney,irrelevant,synthetic
Stellantis workers circulate petition calling for paid family leave expansion,Stellantis,irrelevant,synthetic
Waste Management sued by former financial advisor alleging national origin discrimination in promotion decisions,Waste Management,irrelevant,synthetic
Caterpillar co-founder says cryptocurrency regulation is the biggest challenge facing businesses today,Caterpillar,irrelevant,synthetic
'Republic Services has changed': employees describe fallout from 2500 job cuts,Republic Services,relevant,synthetic
Coca-Cola divests company-owned restaurant portfolio in $5.1 billion deal as part of strategic review,Coca-Cola,relevant,synthetic
Lockheed Martin software engineer arrested for alleged theft from delivery route in Philadelphia,Lockheed Martin,irrelevant,synthetic
Judge orders Boeing to pay $500 million in damages over price-fixing conspiracy,Boeing,relevant,synthetic
CVS Health discloses FTC subpoena related to price-fixing conspiracy,CVS Health,relevant,synthetic
Group of former Comcast customer service representatives alleges pay discrimination in federal class-action,Comcast,irrelevant,synthetic
Nike drops sponsorship of annual awards show following social media backlash,Nike,irrelevant,synthetic
Local school renamed after Stellantis founder despite community debate,Stellantis,irrelevant,synthetic
Starbucks' Valentine's Menu Has Finally Arrived & It Includes 3 New Refreshers,Starbucks,irrelevant,gold_manual
Coca-Cola delivery driver faces criminal charges unrelated to employment in Miami,Coca-Cola,irrelevant,synthetic
Italy wants concrete date for EU visa liberalization,Visa,irrelevant,synthetic
New Goldman Sachs Research data shows Under Armour gaining share in semiconductor manufacturing,Under Armour,irrelevant,synthetic
Is Bank of America's latest running shoes worth buying? A consumer review,Bank of America,irrelevant,synthetic
Salesforce Sees A Fresh Round Of Layoffs,Salesforce,relevant,gold_manual
"Intel exploring potential sale of healthcare unit, people familiar say",Intel,irrelevant,synthetic
American Express faces new racial discrimination lawsuit from group of former employees in Florida court,American Express,irrelevant,synthetic
Lockheed Martin to merge with unmanned systems company in $5.1 billion combination,Lockheed Martin,relevant,synthetic
Capital One updates dark mode to its mobile app,Capital One,irrelevant,synthetic
Deere & Company refreshes a new rewards tracker to its loyalty app,Deere & Company,irrelevant,synthetic
"Disney exploring potential sale of industrial unit, people familiar say",Disney,irrelevant,synthetic
Mondelez faces criticism from advocacy groups over price increase practices,Mondelez,irrelevant,synthetic
Pfizer faces $2.5 billion fine from EU regulators over market manipulation,Pfizer,relevant,synthetic
"Salesforce CFO announces retirement, company names industry outsider as replacement",Salesforce,relevant,synthetic
Procter & Gamble confirms receipt of EPA civil investigative demand over antitrust violations,Procter & Gamble,relevant,synthetic
McDonald's president says global trade is more complex than most policymakers appreciate,McDonald's,irrelevant,synthetic
Charles Schwab customer service representative arrested for allegedly cashing fraudulent checks in Phoenix,Charles Schwab,irrelevant,synthetic
City council debates naming rights deal for stadium near Travelers offices,Travelers,irrelevant,synthetic
Progressive releases push notification settings to its loyalty app,Progressive,irrelevant,synthetic
Nvidia factory worker arrested after incident caught on security camera in Minneapolis,Nvidia,irrelevant,synthetic
Former Morgan Stanley former CFO named to lead a fintech startup,Morgan Stanley,irrelevant,synthetic
Alphabet CFO says energy policy demands a thoughtful policy response from legislators,Alphabet,irrelevant,synthetic
Northrop Grumman refreshes enhanced map view to its checkout flow,Northrop Grumman,irrelevant,synthetic
Visa cuts full-year guidance citing slower deal activity,Visa,relevant,synthetic
"Target announces 3,000 job cuts in R&D division amid cost reduction program",Target,relevant,synthetic
Warner Bros. Discovery launches location-based alerts to its cloud console,Warner Bros. Discovery,irrelevant,synthetic
DuPont launches in-app chat support to its checkout flow,DuPont,irrelevant,synthetic
Boeing workers in Boston rally to demand end to mandatory arbitration,Boeing,irrelevant,synthetic
Deere & Company reaches $45 million agreement with local labor board to resolve an advertising standards complaint,Deere & Company,irrelevant,synthetic
1900 Coca-Cola workers lose jobs in latest round of cost-cutting,Coca-Cola,relevant,synthetic
Halliburton raises quarterly dividend 8% to $1.38 per share,Halliburton,relevant,synthetic
UPS warns Q2 results will miss estimates due to slowing freight demand,UPS,relevant,synthetic
"Starbucks Violated Labor Law in Buffalo Union Drive, Judge Rules",Starbucks,relevant,gold_manual
"UnitedHealth quietly builds $2000M stake in PepsiCo, filing shows",UnitedHealth,relevant,synthetic
Capital One loses insurance subsidiary contract to rival in blow to revenue outlook,Capital One,relevant,synthetic
Warner Bros. Discovery launches a new tips section to its retail website,Warner Bros. Discovery,irrelevant,synthetic
Person widely expected to lead Lowe's departs in surprise move,Lowe's,relevant,synthetic
Uber faces age discrimination lawsuit filed by group of loan officers,Uber,irrelevant,synthetic
Investors dump video rental stocks on fears of UnitedHealth disruption,UnitedHealth,irrelevant,synthetic
Work visa approvals fall as India professionals face longer waits,Visa,irrelevant,synthetic
Alphabet hires Karen Smith as chief of staff to the CEO from PwC,Alphabet,irrelevant,synthetic
Merck adds an updated help center to its mobile app,Merck,irrelevant,synthetic
Meta releases a new password manager to its online store,Meta,irrelevant,synthetic
CVS Health CEO says company is 'open to' exploring LNG opportunities,CVS Health,irrelevant,synthetic
"Broadcom's VMware says Siemens pirated ""thousands"" of copies of its software",Broadcom,relevant,gold_manual
"Sidecar – Uber, Lyft Competitor in Ride-Sharing – Goes Belly Up",Uber,irrelevant,gold_manual
"Ralph Lauren reports 6% drop in quarterly revenue, cuts annual guidance",Ralph Lauren,relevant,synthetic
Consumer guide: Halliburton credit cards ranked and reviewed,Halliburton,irrelevant,synthetic
Broadcom Unusual Options Activity For March 16,Broadcom,irrelevant,gold_manual
cable players pivot as CVS Health disrupts market with new health monitoring tool,CVS Health,irrelevant,synthetic
Visa announces Susan Williams as new head of supply chain analytics,Visa,irrelevant,synthetic
ExxonMobil sued by former employee alleging racial harassment in performance reviews,ExxonMobil,irrelevant,synthetic
BlackRock ends partnership with sports personality after controversial comments online,BlackRock,irrelevant,synthetic
AT&T launches an updated help center to its cloud console,AT&T,irrelevant,synthetic
A female employee reportedly called Tesla's factory a 'predator zone' at a meeting where some workers described sexual harassment,"Tesla, Inc.",irrelevant,gold_manual
Comcast divests wireline business in $1.8 billion deal as part of strategic review,Comcast,relevant,synthetic
Berkshire Hathaway wealth management division surpasses $1.2 trillion in client assets,Berkshire Hathaway,relevant,synthetic
"Widow of Davie Tesla crash victim sues, blaming door failure","Tesla, Inc.",irrelevant,gold_manual
Tampa touts economic windfall from Nvidia's new logistics hub,Nvidia,irrelevant,synthetic
"Meta merger seen as competitive threat to Deere & Company, analyst says",Deere & Company,irrelevant,synthetic
Former CVS Health warehouse worker files religious discrimination complaint with EEOC,CVS Health,irrelevant,synthetic
Johnson & Johnson divests specialty pharma arm in $14.0 billion deal as part of strategic review,Johnson & Johnson,relevant,synthetic
Honeywell to acquire precision tools company for $5.1 billion in all-stock deal,Honeywell,relevant,synthetic
"Fidelity now second to Amazon in consumer electronics, data shows",Fidelity,relevant,synthetic
Dow ordered by CFTC to pay $110 million over environmental violations,Dow,relevant,synthetic
Charles Schwab mulls Australia market entry as growth strategy,Charles Schwab,irrelevant,synthetic
"Ralph Lauren reports Q4 revenue of $1.2 billion, surpasses consensus on strong organic sales growth",Ralph Lauren,relevant,synthetic
HCA Healthcare announces Susan Martin as new head of corporate communications,HCA Healthcare,irrelevant,synthetic
Pfizer CEO to deliver keynote at the Aspen Ideas Festival,Pfizer,irrelevant,synthetic
Adam Schiff threatens to defund intel community unless Trump whistleblower details disclosed,Intel,irrelevant,gold_manual
Ralph Lauren adds a new password manager to its banking app,Ralph Lauren,irrelevant,synthetic
Is Honeywell's latest home appliances worth buying? A consumer review,Honeywell,irrelevant,synthetic
General Electric logistics coordinator cited for personal safety violation in Miami,General Electric,irrelevant,synthetic
"Capital One posts Q3 net income of $3.4 billion, misses analyst estimates",Capital One,relevant,synthetic
UPS to acquire freight brokerage for $1.2 billion in stock-and-cash transaction,UPS,relevant,synthetic
"Waste Management quietly builds $100M stake in Goldman Sachs, filing shows",Waste Management,relevant,synthetic
Group of former IBM branch tellers alleges sexual harassment in federal class-action,IBM,irrelevant,synthetic
General Motors's new research campus in Nashville to employ 300 by 2019,General Motors,irrelevant,synthetic
Aflac district manager faces restraining order filed by former coworker in Houston,Aflac,irrelevant,synthetic
Boeing releases simplified navigation menu to its enterprise dashboard,Boeing,irrelevant,synthetic
McDonald's drops sponsorship of music festival following social media backlash,McDonald's,irrelevant,synthetic
Citigroup unveils blockchain-based payment system for enterprise clients,Citigroup,relevant,synthetic
"Deutsche Bank lifts Stellantis to underperform, cites strong earnings visibility",Stellantis,irrelevant,synthetic
Goldman Sachs believes Trump's tariffs leave U.S. in an 'event-driven' bear market,Goldman Sachs,irrelevant,gold_manual
Mastercard CEO says AI regulation is more complex than most policymakers appreciate,Mastercard,irrelevant,synthetic
ServiceNow announces $8.3 billion share buyback program,ServiceNow,relevant,synthetic
Netflix fills chief of staff to the CEO role with internal promotion of Robert Martin,Netflix,irrelevant,synthetic
Pfizer agrees to sell medical devices unit for $1.8 billion to private equity firm,Pfizer,relevant,synthetic
"Lockheed Martin quietly builds $1500M stake in Colgate-Palmolive, filing shows",Lockheed Martin,relevant,synthetic
UnitedHealth extends loyalty rewards program trial to UK and Australia,UnitedHealth,irrelevant,synthetic
American Express appoints Lisa Taylor to newly created head of corporate communications position,American Express,irrelevant,synthetic
FedEx makes way for National Civil Rights Museum on Denny Hamlin's Talladega car,FedEx,irrelevant,gold_manual
Paramount Global reaches $30 million agreement with state attorneys general to resolve a minor fair lending violation,Paramount Global,irrelevant,synthetic
General Motors sets aside $2.1 billion to cover costs of autonomous driving startup product recall,General Motors,relevant,synthetic
"What's Going On With Pfizer (PFE) And BioNTech (BNTX) Stock Today? - Pfizer (NYSE:PFE), BioNTech (NASDAQ:BNTX)",Pfizer,irrelevant,gold_manual
Paramount Global agrees to sell film studio for $8.3 billion to private equity firm,Paramount Global,relevant,synthetic
Mondelez shares trade lower as tech sector sees profit-taking — no new company news,Mondelez,irrelevant,synthetic
Boeing names Lisa Martin to lead chief diversity officer function,Boeing,irrelevant,synthetic
T-Mobile shares trade lower amid risk-off sentiment — no new company news,T-Mobile,irrelevant,synthetic
MasterCard's profit rises 12.7 pct,Mastercard,relevant,gold_manual
Waste Management workers circulate petition calling for greater transparency in pay practices,Waste Management,irrelevant,synthetic
Allstate warehouse worker charged with embezzling from customer accounts in Phoenix,Allstate,irrelevant,synthetic
Pfizer hit with $110 million penalty by SEC over mortgage servicing failures,Pfizer,relevant,synthetic
Goldman Sachs confirms it received and rejected $2.5 billion takeover bid,Goldman Sachs,relevant,synthetic
Waste Management faces $1.8 billion fine from EPA over mortgage servicing failures,Waste Management,relevant,synthetic
Atlanta touts economic windfall from 3M's new corporate office,3M,irrelevant,synthetic
Lockheed Martin executive to speak at the Aspen Ideas Festival on workforce transformation,Lockheed Martin,irrelevant,synthetic
Lakers fall to Spurs in their California Classic finale,AT&T,irrelevant,gold_manual
Karl Malone's 'Pedophile' Past Resurfaces After NBA Taps Him to Judge Dunk Contest,AT&T,irrelevant,gold_manual
"Caterpillar sued by a former employee over retaliation against whistleblowers, $7M claimed",Caterpillar,irrelevant,synthetic
Concert at AT&T Arena draws thousands despite rain,AT&T,irrelevant,synthetic
Nvidia CEO joins panel discussion at the Goldman Sachs Communacopia conference on the global supply chain,Nvidia,irrelevant,synthetic
"Mizuho boosts Colgate-Palmolive to outperform, says near-term headwinds are priced in",Colgate-Palmolive,irrelevant,synthetic
AT&T confirms it received and rejected $1.2 billion takeover bid,AT&T,relevant,synthetic
Walt Disney adds simplified navigation menu to its customer portal,Walt Disney,irrelevant,synthetic
General Electric chief executive says energy policy requires coordinated global action to address effectively,General Electric,irrelevant,synthetic
"City council in Portland, Oregon, gives approval for Uber to operate",Uber,irrelevant,gold_manual
Johnson & Johnson Hit With $247 Million Verdict in Hip Implant Trial,Johnson & Johnson,relevant,gold_manual
Nike employees stage walkout over mandatory overtime policy,Nike,irrelevant,synthetic
"FedEx now second to Alibaba in electric vehicles, data shows",FedEx,relevant,synthetic
"Republic Services to eliminate 10,000 positions as part of $2.5 billion cost reduction plan",Republic Services,relevant,synthetic
Person widely expected to lead MetLife departs in surprise move,MetLife,relevant,synthetic
Oracle to acquire developer tools company for $2.5 billion in stock-and-cash transaction,Oracle,relevant,synthetic
Mastercard launches tokenized fund on blockchain for institutional investors,Mastercard,relevant,synthetic
"ConocoPhillips announces 800 corporate layoffs, shares fall on restructuring news",ConocoPhillips,relevant,synthetic
900 AbbVie workers lose jobs in latest round of cost-cutting,AbbVie,relevant,synthetic
McDonald's rolls out push notification settings to its mobile app,McDonald's,irrelevant,synthetic
"Uber reports Q2 revenue of $2.5 billion, comes in below consensus on strong travel demand recovery",Uber,relevant,synthetic
Japan wants concrete date for EU visa liberalization,Visa,irrelevant,synthetic
"Chobani partners with Airbnb, MasterCard to help end refugee crisis",Airbnb,irrelevant,gold_manual
"Evercore ISI lifts Ford to outperform, sees accelerating revenue growth",Ford,irrelevant,synthetic
Rakuten vs Salesforce: who wins the Singapore market?,Salesforce,irrelevant,synthetic
Group of former Walt Disney logistics coordinators alleges national origin discrimination in federal class-action,Walt Disney,irrelevant,synthetic
JPMorgan Chase to pay $8 million in connection with a minor data handling violation investigation,JPMorgan Chase,irrelevant,synthetic
Tourist spots near Boeing campus rank among best in the area,Boeing,irrelevant,synthetic
Tampa touts economic windfall from Microsoft's new logistics hub,Microsoft,irrelevant,synthetic
"Morgan Stanley exploring potential sale of insurance unit, people familiar say",Morgan Stanley,irrelevant,synthetic
Target overtakes Home Depot in market share as gap widens,Home Depot,relevant,synthetic
ExxonMobil Chief To Meet With Russian Energy Officials In Moscow To Discuss Stalled Energy Cooperation,ExxonMobil,relevant,gold_manual
Emerson Electric ranks among Barron's most sustainable companies for the third consecutive year,Emerson Electric,irrelevant,synthetic
UnitedHealth Group Inc. Investors: Class action lawsuit filed on behalf of investors; the Portnoy Law Firm,UnitedHealth Group,relevant,gold_manual
Mother's Day: the best Aflac home appliances deals you can get right now,Aflac,irrelevant,synthetic
"Allstate recalls 2,500 thousand units over safety defect, faces $250 million repair bill",Allstate,relevant,synthetic
BlackRock fined $2 million by state attorneys general over a product labeling issue,BlackRock,irrelevant,synthetic
Sources: Progressive close to finalising acquisition of life insurance company for $1.2 billion,Progressive,relevant,synthetic
T-Mobile cash flow tops estimates as management lifts 2024 outlook,T-Mobile,relevant,synthetic
Alphabet drops sponsorship of marathon sponsorship following social media backlash,Alphabet,irrelevant,synthetic
Chipotle launches a new rewards tracker to its retail website,Chipotle,irrelevant,synthetic
3M employees protest new attendance tracking system at headquarters,3M,irrelevant,synthetic
Travelers's Upcoming Earnings: Will the Stock React?,Travelers,irrelevant,synthetic
"Luka Doncic Los Angeles Lakers Nike Swingman Jersey, How To Buy","Nike, Inc.",irrelevant,gold_manual
General Electric activist investor discloses $5.1 billion stake pushes for margin improvement,General Electric,relevant,synthetic
UK pushes for faster US visa processing after backlog grows,Visa,irrelevant,synthetic
Microsoft to spin off its streaming unit as a standalone publicly traded company,Microsoft,relevant,synthetic
AT&T cuts full-year guidance citing pricing pressure from competitors,AT&T,relevant,synthetic
Progressive to eliminate 800 positions as part of $3.4 billion cost reduction plan,Progressive,relevant,synthetic
Walmart threat prompts cable industry to lobby for protection,Walmart,irrelevant,synthetic
How JPMorgan Chase's acquisition could reshape the competitive landscape for Microsoft,Microsoft,irrelevant,synthetic
Tesla releases a progress tracker to its website,Tesla,irrelevant,synthetic
Morgan Stanley Restricts Coverage as Marchionne Eyes GM Deal,General Motors,irrelevant,gold_manual
IBM settles racial harassment complaint filed by group of retail workers for undisclosed amount,IBM,irrelevant,synthetic
"Walt Disney delivers Q4 beat, guides higher for the year",Walt Disney,relevant,synthetic
Amazon agrees to $900 million settlement with DOJ over data privacy violations,Amazon,relevant,synthetic
Citigroup credit rating placed on negative watch by Fitch citing diversified revenue mix,Citigroup,relevant,synthetic
"Ford Halts 2024 F-150 Lightning Deliveries For Quality Checks, Gas-powered F-150 Shipments Begin: Report",Ford Motor Company,relevant,gold_manual
DirecTV Now tempts potential subscribers with free Roku box,AT&T,irrelevant,gold_manual
New documentary examines working conditions at McDonald's suppliers overseas,McDonald's,irrelevant,synthetic
Berkshire Hathaway revenue growth trails Tencent for 2 straight quarters,Berkshire Hathaway,relevant,synthetic
How FedEx's restructuring could reshape the competitive landscape for Deere & Company,Deere & Company,irrelevant,synthetic
Former Merck former chief technology officer named to lead a consulting firm,Merck,irrelevant,synthetic
"Lawsuit filed against ConocoPhillips over age discrimination among warehouse workers, seeks $8M",ConocoPhillips,irrelevant,synthetic
ServiceNow credit rating downgraded by S&P citing strong capital position,ServiceNow,relevant,synthetic
Fidelity launches tokenized fund on blockchain for institutional investors,Fidelity,relevant,synthetic
Warner Bros. Discovery chief operating officer says consumer spending is something all companies need to take seriously,Warner Bros. Discovery,irrelevant,synthetic
"Intel's new facility brings 2000 jobs to Fort Collins, officials say",Intel,irrelevant,synthetic
Republic Services sued by former manager alleging racial harassment in performance reviews,Republic Services,irrelevant,synthetic
Skanska sells remaining stake in Bank of America Tower downtown,Bank of America,irrelevant,gold_manual
How Meta is forcing the taxi industry to reinvent itself,Meta,irrelevant,synthetic
"FedEx Corporation (NYSE:FDX), Home Depot, Inc. (The) (NYSE:HD)",FedEx,irrelevant,gold_manual
American Express enables two-factor authentication prompts to its checkout flow,American Express,irrelevant,synthetic
Amazon to acquire enterprise software company for $22.0 billion in all-stock deal,Amazon,relevant,synthetic
"T-Mobile to eliminate 18,000 positions as part of $2.5 billion cost reduction plan",T-Mobile,relevant,synthetic
"Charles Schwab to eliminate 1,600 positions as part of $14.0 billion cost reduction plan",Charles Schwab,relevant,synthetic
MercadoLibre aims to be the Wells Fargo of healthcare in Japan,Wells Fargo,irrelevant,synthetic
American Express named to Time's 100 most influential companies for the first time,American Express,irrelevant,synthetic
The startup that wants to do to education what Morgan Stanley did to retail,Morgan Stanley,irrelevant,synthetic
"Sean Hannity: If Walmart stops selling Confederate flags, they should stop selling rap music too",Walmart,irrelevant,gold_manual
Coca-Cola chief executive says the labor market is creating uncertainty for long-term investment decisions,Coca-Cola,irrelevant,synthetic
"Needham trims Nike to neutral, lowers price target on earnings miss",Nike,irrelevant,synthetic
IBM president says trade tariffs will shape business strategy for years to come,IBM,irrelevant,synthetic
"Anaheim living wage ordinance doesn't apply to Disneyland workers, judge rules",Walt Disney Company (The),relevant,gold_manual
Nvidia loses senior executive seen as heir apparent to CFO,Nvidia,relevant,synthetic
ExxonMobil mulls France market entry as growth strategy,ExxonMobil,irrelevant,synthetic
Amazon's July 16 Prime Day will spill over into second day,Amazon,irrelevant,gold_manual
Wells Fargo said to be evaluating strategic alternatives in early-stage discussions,Wells Fargo,irrelevant,synthetic
Raytheon enables new color themes to its website,Raytheon,irrelevant,synthetic
Tourist visa applications from Germany surge ahead of summer,Visa,irrelevant,synthetic
Aflac pulls advertising from podcast network following community backlash,Aflac,irrelevant,synthetic
PepsiCo confirms receipt of CFPB civil investigative demand over price-fixing conspiracy,PepsiCo,relevant,synthetic
UnitedHealth's Upcoming Earnings: Will the Stock React?,UnitedHealth,irrelevant,synthetic
Colgate-Palmolive store manager charged with assault following workplace altercation in Dallas,Colgate-Palmolive,irrelevant,synthetic
Delta Air Lines wraps up 2019 with a bang as profit beats the Street,Delta Air Lines,relevant,synthetic
Baillie Gifford Ready To Invest More In Tesla,"Tesla, Inc.",irrelevant,gold_manual
JPMorgan Chase employees stage walkout over termination of diversity programs,JPMorgan Chase,irrelevant,synthetic
Merck ends partnership with celebrity spokesperson after employee pressure,Merck,irrelevant,synthetic
CVS Health announces plan to separate into two independent publicly traded companies,CVS Health,relevant,synthetic
"BlackRock announces 12,000 job cuts in consumer unit amid business reorganization",BlackRock,relevant,synthetic
"Chevron turns in a Q2 quarter investors had feared, stock drops",Chevron,relevant,synthetic
Amazon Giveaway lets anyone run a sweepstakes and rack up Twitter followers,Amazon,irrelevant,gold_manual
Starbucks announces Richard Miller as new VP of human resources,Starbucks,irrelevant,synthetic
Dow reaches $15 million agreement with state attorneys general to resolve an environmental reporting error,Dow,irrelevant,synthetic
Pfizer activist investor discloses $14.0 billion stake pushes for margin improvement,Pfizer,relevant,synthetic
"Ralph Lauren CFO announces departure, company names former divisional CFO as replacement",Ralph Lauren,relevant,synthetic
Former Caterpillar retail associate files pay discrimination complaint with EEOC,Caterpillar,irrelevant,synthetic
"DuPont announces 800 corporate layoffs, shares fall on restructuring news",DuPont,relevant,synthetic
BlackRock enters crypto space with new digital token backed by deposits,BlackRock,relevant,synthetic
"Patricia Davis, Citigroup's likely next CEO, resigns following board dispute",Citigroup,relevant,synthetic
Goldman Sachs former chief marketing officer leaves to join a healthcare company in senior role,Goldman Sachs,irrelevant,synthetic
Starbucks Just Revealed The Ideal Drink For Each Zodiac Sign,Starbucks,irrelevant,gold_manual
Northrop Grumman announces $14.0 billion share buyback program,Northrop Grumman,relevant,synthetic
How Target's acquisition could reshape the competitive landscape for Wells Fargo,Wells Fargo,irrelevant,synthetic
Procter & Gamble hit with $180 million penalty by DOJ over data privacy violations,Procter & Gamble,relevant,synthetic
Eli Lilly Q3 gross margin contracts to 29.8% on blockbuster drug demand,Eli Lilly,relevant,synthetic
Verizon employees told to clear desks as 3000 roles axed in restructuring,Verizon,relevant,synthetic
Eli Lilly employees sign open letter opposing mandatory drug testing policy,Eli Lilly,irrelevant,synthetic
"General Motors upgraded to outperform at Credit Suisse, price target raised to $38",General Motors,irrelevant,gold_manual
Walmart enables a redesigned home screen to its customer portal,Walmart,irrelevant,synthetic
ServiceNow raises full-year guidance after Q3 beat on strong subscription growth,ServiceNow,relevant,synthetic
Starbucks reaches $40 million agreement with CFPB to resolve an environmental reporting error,Starbucks,irrelevant,synthetic
Capital One to present at a Senate Commerce Committee hearing next month,Capital One,irrelevant,synthetic
Eli Lilly launches new app and dark mode in Mexico,Eli Lilly,irrelevant,synthetic
UnitedHealth pays $18 million to settle a minor consumer notification requirement complaint with FTC,UnitedHealth,irrelevant,synthetic
Best Mondelez deals this Prime Day: our top picks,Mondelez,irrelevant,synthetic
AT&T outlines five-year strategy to double revenue in fiber network company segment,AT&T,relevant,synthetic
Dow CFO scheduled to appear at the MIT Sloan Management Conference investor day,Dow,irrelevant,synthetic
New IDC data shows American Express gaining share in online payments,American Express,irrelevant,synthetic
AT&T pulls advertising from news outlet following community backlash,AT&T,irrelevant,synthetic
Why is Salesforce stock rises to 52-week high today? Here is what we know,Salesforce,irrelevant,synthetic
T-Mobile ranks among Barron's most sustainable companies for the third consecutive year,T-Mobile,irrelevant,synthetic
Netflix sales representative charged with running fraud scheme at local branch in Phoenix,Netflix,irrelevant,synthetic
Travelers sued by former executive alleging religious discrimination in workplace culture,Travelers,irrelevant,synthetic
Progressive names industry veteran as new chief executive following CEO transition,Progressive,relevant,synthetic
Starbucks launches push notification settings to its customer app,Starbucks,irrelevant,synthetic
Visa issues voluntary recall of regional bank product over potential safety concern,Visa,relevant,synthetic
Progressive doubles clean water access funding to $3 million for 2025,Progressive,irrelevant,synthetic
"TD Cowen raises Wells Fargo to underperform, calls valuation compelling after selloff",Wells Fargo,irrelevant,synthetic
Kimberly-Clark brings enterprise software to Indonesia users for the first time,Kimberly-Clark,irrelevant,synthetic
Lockheed Martin founder concedes blood glucose monitor fell short of safety standards,Lockheed Martin,relevant,synthetic
"Amazon cloud revenue grows 15% year-over-year, beats analyst estimates",Amazon,relevant,synthetic
Aflac tests real-time tracking in Atlanta starting this month,Aflac,irrelevant,synthetic
Ford gives $5M to Morehouse College for veterans support scholarship,Ford,irrelevant,synthetic
UPS Earnings: 6 Things Investors Should Monitor,UPS,irrelevant,synthetic
Goldman Sachs Q2 operating income surges 18% on strong card spending volumes,Goldman Sachs,relevant,synthetic
Goldman Sachs to present at a Senate Commerce Committee hearing next month,Goldman Sachs,irrelevant,synthetic
Analyst says JPMorgan Chase joint venture positions the company ahead of Accenture,Accenture,irrelevant,synthetic
BlackRock settles age discrimination complaint filed by former manager for undisclosed amount,BlackRock,irrelevant,synthetic
Oracle marketing manager arrested for allegedly cashing fraudulent checks in Denver,Oracle,irrelevant,synthetic
"RBC Capital Markets trims Uber to sell, flags rising competitive pressure",Uber,irrelevant,synthetic
CVS Health faces new racial harassment lawsuit from former engineer in New Jersey court,CVS Health,irrelevant,synthetic
Microsoft’s Windows 10 Creators Update will launch April 11,Microsoft,relevant,gold_manual
Halliburton settles religious discrimination complaint filed by former employee for undisclosed amount,Halliburton,irrelevant,synthetic
McDonald's CEO joins panel discussion at the Milken Institute Global Conference on financial regulation,McDonald's,irrelevant,synthetic
Kraft Heinz pulls advertising from streaming service following community backlash,Kraft Heinz,irrelevant,synthetic
Amazon co-founder says inflation cannot be solved by the private sector alone,Amazon,irrelevant,synthetic
How To Invest In Magnificent Seven Stocks Like Nvidia In 2024,Nvidia,irrelevant,gold_manual
Mizuho flags Accenture among the companies most affected by the deal in note on Microsoft acquisition,Accenture,irrelevant,synthetic
Indonesia pushes for faster US visa processing after backlog grows,Visa,irrelevant,synthetic
Spain wants concrete date for EU visa liberalization,Visa,irrelevant,synthetic
Republic Services market share slips as Apple gains ground in cloud services,Republic Services,relevant,synthetic
"Morgan Stanley to eliminate 5,500 positions as part of $2.5 billion cost reduction plan",Morgan Stanley,relevant,synthetic
Astros to open 2018 season on the road against Rangers,AT&T,irrelevant,gold_manual
FedEx executive to speak at the Allen & Company Sun Valley conference on innovation and growth,FedEx,irrelevant,synthetic
Morgan Stanley shares rises to 52-week high amid broader market selloff,Morgan Stanley,irrelevant,synthetic
India threatens to restrict US visa access in retaliation,Visa,irrelevant,synthetic
A pair of rare Nike sneakers may be the key to catching a Washington riot suspect,"Nike, Inc.",irrelevant,gold_manual
"Citi trims Costco to overweight, says valuation stretched after recent rally",Costco,irrelevant,synthetic
Dow pays $20 million to settle an advertising standards complaint complaint with CFPB,Dow,irrelevant,synthetic
Target enables two-factor authentication prompts to its loyalty app,Target,irrelevant,synthetic
Charles Schwab investment banking revenue surges 18% as M&A market recovers,Charles Schwab,relevant,synthetic
UPS chief operating officer says banking regulation requires urgent attention from elected officials,UPS,irrelevant,synthetic
Morgan Stanley considers importing insurance products to Australia,Morgan Stanley,irrelevant,synthetic
"Mizuho lowers Procter & Gamble to underperform, flags rising competitive pressure",Procter & Gamble,irrelevant,synthetic
ExxonMobil enables push notification settings to its digital wallet,ExxonMobil,irrelevant,synthetic
How Goldman Sachs's divestiture could reshape the competitive landscape for Oracle,Oracle,irrelevant,synthetic
Microsoft could end Paint program in next version of Windows,Microsoft,irrelevant,gold_manual
Everything coming to Netflix in March — and what's leaving,Netflix,irrelevant,gold_manual
Morgan Stanley president says consumer spending will shape business strategy for years to come,Morgan Stanley,irrelevant,synthetic
"Yum Brands announces 5,500 corporate layoffs, shares fall on restructuring news",Yum Brands,relevant,synthetic
Coca-Cola logistics coordinator faces restraining order filed by former coworker in Charlotte,Coca-Cola,irrelevant,synthetic
ServiceNow acquires enterprise software company in $90.0 billion deal expanding into cybersecurity startup,ServiceNow,relevant,synthetic
FedEx rolls out in-app chat support to its retail website,FedEx,irrelevant,synthetic
"Waste Management now second to Google in payments, data shows",Waste Management,relevant,synthetic
This Tesla didn't crash. But it did catch fire,"Tesla, Inc.",irrelevant,gold_manual
Citigroup executive to speak at a Senate Commerce Committee hearing on innovation and growth,Citigroup,irrelevant,synthetic
T-Mobile to spin off its wireline business as a standalone publicly traded company,T-Mobile,relevant,synthetic
Citigroup loses wealth management division contract to rival in blow to revenue outlook,Citigroup,relevant,synthetic
Ford employees blindsided as company announces 1500 more layoffs,Ford,relevant,synthetic
Ford factory worker charged with embezzling from customer accounts in Los Angeles,Ford,irrelevant,synthetic
Netflix releases simplified navigation menu to its customer app,Netflix,irrelevant,synthetic
Accenture co-founder says supply chain resilience is creating uncertainty for long-term investment decisions,Accenture,irrelevant,synthetic
"Bank of America lifts Salesforce to hold, sees margin recovery underway",Salesforce,irrelevant,synthetic
"Eli Lilly and specialty pharma company confirm merger talks, deal could be worth $2.5 billion",Eli Lilly,relevant,synthetic
"Marvel’s ‘Iron Fist’ Canceled By Netflix, There Will Be No Season 3 For Danny Rand & Company",Netflix,irrelevant,gold_manual
UK threatens to restrict US visa access in retaliation,Visa,irrelevant,synthetic
$1M suit: Warner Bros accused of national origin discrimination claims in workplace,Warner Bros,irrelevant,synthetic
AT&T tests dark mode in Columbus starting this month,AT&T,irrelevant,synthetic
Why analysts are calling MercadoLibre 'France's Broadcom',Broadcom,irrelevant,synthetic
Tyson Foods retail associate suspended following investigation into personal conduct in Chicago,Tyson Foods,irrelevant,synthetic
"Deere & Company loses antitrust violations case, ordered to pay $110 million in penalties",Deere & Company,relevant,synthetic
Best CSX deals this Cyber Monday: our top picks,CSX,irrelevant,synthetic
Paramount Global names industry veteran as new chief executive following board review,Paramount Global,relevant,synthetic
Wells Fargo to present at the Milken Institute Global Conference next month,Wells Fargo,irrelevant,synthetic
CSX rolls out two-factor authentication prompts to its employee portal,CSX,irrelevant,synthetic
"Amazon posts Q3 net income of $14.0 billion, comes in below consensus",Amazon,relevant,synthetic
"FedEx acknowledges emissions control failure in flagship phone, promises fix within 16 weeks",FedEx,relevant,synthetic
Cincinnati touts economic windfall from Morgan Stanley's new logistics hub,Morgan Stanley,irrelevant,synthetic
"With rental rules set to change, can Airbnb succeed in Japan?",Airbnb,relevant,gold_manual
Eli Lilly launches enhanced map view to its banking app,Eli Lilly,irrelevant,synthetic
"Needham lowers Tyson Foods to sell, cites slowing demand environment",Tyson Foods,irrelevant,synthetic
"With DeSantis’s exit, Haley backers in New Hampshire see a flicker of hope.",AT&T,irrelevant,gold_manual
Nike extends streaming platform trial to Netherlands and Brazil,Nike,irrelevant,synthetic
Kimberly-Clark branch teller arrested for alleged theft from delivery route in Boston,Kimberly-Clark,irrelevant,synthetic
China Seen Hitting GM On Price Fixing Amid Trump Rhetoric | Stock News Stock Market Analysis,General Motors,relevant,gold_manual
Lockheed Martin faces disability discrimination lawsuit filed by former executive,Lockheed Martin,irrelevant,synthetic
Walmart snaps up supply chain company for $180 million in bolt-on acquisition,Walmart,relevant,synthetic
What to Watch When Goldman Sachs Reports Earnings next week,Goldman Sachs,irrelevant,synthetic
"Travelers CFO announces retirement, company names internal finance executive as replacement",Travelers,relevant,synthetic
Former Aflac delivery driver files racial harassment complaint with EEOC,Aflac,irrelevant,synthetic
Rumour: Could Waste Management be exploring a merger? Analysts are watching,Waste Management,irrelevant,synthetic
James Harris joins Walmart as VP of product marketing,Walmart,irrelevant,synthetic
General Motors workers in Detroit rally to demand greater transparency in pay practices,General Motors,irrelevant,synthetic
Under Armour cuts full-year guidance citing volume declines from price elasticity,Under Armour,relevant,synthetic
Alphabet loses electric vehicles lead to Mercedes amid pricing pressure,Alphabet,relevant,synthetic
Valentine's Day: the best Warner Bros. Discovery software subscriptions deals you can get right now,Warner Bros. Discovery,irrelevant,synthetic
ConocoPhillips recognized on Fortune's most admired companies list for workplace culture,ConocoPhillips,irrelevant,synthetic
"Northrop Grumman Q2: revenue in line, margins disappoint, guidance cut",Northrop Grumman,relevant,synthetic
"Aflac reports Q4 revenue of $1.8 billion, surpasses consensus on strong premium growth",Aflac,relevant,synthetic
Eli Lilly names longtime board member as new chief executive following board review,Eli Lilly,relevant,synthetic
Procter & Gamble named to Fast Company's most innovative companies for the second straight year,Procter & Gamble,irrelevant,synthetic
The startup that wants to do to logistics what ConocoPhillips did to retail,ConocoPhillips,irrelevant,synthetic
The ExxonMobil Foundation Increases climate action Commitment To $3 Million,ExxonMobil,irrelevant,synthetic
"Johnson & Johnson Stock Gains After Unveiling $5 Billion Buyback Program, Repeating Profit Targets",Johnson & Johnson,relevant,gold_manual
"Wells Fargo lowers targets for returns on equity, assets",Wells Fargo,relevant,gold_manual
Mastercard president says AI regulation requires urgent attention from elected officials,Mastercard,irrelevant,synthetic
Broadcom Unusual Options Activity For May 21,Broadcom,irrelevant,gold_manual
New Forrester data shows Yum Brands gaining share in search advertising,Yum Brands,irrelevant,synthetic
CVS Health faces new national origin discrimination lawsuit from group of retail workers in Ohio court,CVS Health,irrelevant,synthetic
IBM district manager arrested in connection with unrelated drug charges in Dallas,IBM,irrelevant,synthetic
Rumour: Could Aflac be considering selling its media division? Analysts are watching,Aflac,irrelevant,synthetic
argenx to Present at Goldman Sachs 46th Annual Global Healthcare Conference,Goldman Sachs,irrelevant,gold_manual
Lowe's chief operating officer says tax policy will shape business strategy for years to come,Lowe's,irrelevant,synthetic
AT&T acquires fiber network company in $1.8 billion deal expanding into regional broadband provider,AT&T,relevant,synthetic
"Progressive reports 15% drop in quarterly revenue, cuts annual guidance",Progressive,relevant,synthetic
Allstate chief executive says global trade presents both risks and opportunities for the private sector,Allstate,irrelevant,synthetic
"DA says 40 UnitedHealthcare execs got bodyguards, and one dyed her hair after Luigi Mangione killed CEO Brian Thompson",UnitedHealth Group,relevant,gold_manual
Honeywell launches enhanced map view to its website,Honeywell,irrelevant,synthetic
"UPS CEO departs following board review, board appoints industry veteran",UPS,relevant,synthetic
Ford workers circulate petition calling for reversal of return-to-office policy,Ford,irrelevant,synthetic
Spain threatens to restrict US visa access in retaliation,Visa,irrelevant,synthetic
Group of former Emerson Electric logistics coordinators alleges religious discrimination in federal class-action,Emerson Electric,irrelevant,synthetic
Costco named to Fast Company's most innovative companies for the fifth year running,Costco,irrelevant,synthetic
Merck workers vote to reject company contract offer at main production plant,Merck,relevant,synthetic
Apple gives $15M to Howard University for veterans support scholarship,Apple,irrelevant,synthetic
Amazon financial advisor arrested after incident caught on security camera in Charlotte,Amazon,irrelevant,synthetic
McDonald's unit sales miss as Huawei captures 50% of market,McDonald's,relevant,synthetic
Walmart outlines stages of back-to-office plan,Walmart,irrelevant,gold_manual
General Motors human resources manager charged with embezzling from customer accounts in Charlotte,General Motors,irrelevant,synthetic
ConocoPhillips in deal to take over upstream oil producer for $3.4 billion,ConocoPhillips,relevant,synthetic
"Home Depot Q4: revenue in line, margins disappoint, guidance cut",Home Depot,relevant,synthetic
Nvidia falls behind Baidu in profit margins — analysts cut targets,Nvidia,relevant,synthetic
"Bank of America issues profit warning, slashes guidance citing elevated credit card delinquencies",Bank of America,relevant,synthetic
FedEx mass shooting: Watch a news update about investigation,FedEx,irrelevant,gold_manual
Northrop Grumman issues $3.4 billion in senior notes to fund capital expenditures,Northrop Grumman,relevant,synthetic
Berkshire Hathaway pays $35 million to settle a minor data handling violation complaint with EPA,Berkshire Hathaway,irrelevant,synthetic
Berkshire Hathaway agrees to $380 million settlement with EU regulators over antitrust violations,Berkshire Hathaway,relevant,synthetic
Dow acquires service company for $250 million to bolster technology startup,Dow,relevant,synthetic
"Lockheed Martin reports Q3 revenue of $11.2 billion, beats analyst estimates on strong government defense spending",Lockheed Martin,relevant,synthetic
"Costco Q1: revenue in line, margins disappoint, guidance cut",Costco,relevant,synthetic
Nike names Michael Brown to lead head of supply chain analytics function,Nike,irrelevant,synthetic
UnitedHealth Medicare plan must cover U.S. sex reassignment surgery,UnitedHealth Group,relevant,gold_manual
Mastercard pays $5 million to settle an outdated record-keeping practice complaint with EPA,Mastercard,irrelevant,synthetic
Local suppliers cheer 3M's new production deal as Salt Lake City gains,3M,irrelevant,synthetic
"Walmart Yodel Boy Went on 'Ellen' and It Was, Uh, Something All Right",Walmart,irrelevant,gold_manual
"Travelers lowers Q3 outlook, sends shares sharply lower in after-hours trading",Travelers,relevant,synthetic
"Wells Fargo lowers Raytheon to sell, flags deteriorating pricing power",Raytheon,irrelevant,synthetic
"Baird trims ServiceNow to overweight, cites slowing demand environment",ServiceNow,irrelevant,synthetic
McDonald's fined $10 million by state attorneys general over a customer privacy complaint,McDonald's,irrelevant,synthetic
Amazon ends partnership with podcast host after offensive social media post,Amazon,irrelevant,synthetic
Comcast vs competitors: which smartphones is right for you,Comcast,irrelevant,synthetic
Under Armour former chief marketing officer departs to become partner at a consulting firm,Under Armour,irrelevant,synthetic
EEOC opens investigation into JPMorgan Chase over alleged religious discrimination in pay practices,JPMorgan Chase,irrelevant,synthetic
"General Motors to build Cruise Origin electric self-driving shuttle, electric trucks in Detroit",General Motors,relevant,gold_manual
Ford launches push notification settings to its developer portal,Ford,irrelevant,synthetic
Lockheed Martin announces Linda Anderson as new chief diversity officer,Lockheed Martin,irrelevant,synthetic
the holiday season: the best Progressive televisions deals you can get right now,Progressive,irrelevant,synthetic
"Citi downgrades Lowe's to outperform, sees limited upside from current levels",Lowe's,irrelevant,synthetic
Could iQiyi be the France version of Dollar General?,Dollar General,irrelevant,synthetic
"Bloomberg: Travelers mulling a share buyback, though talks are preliminary",Travelers,irrelevant,synthetic
Merck blows past Q2 estimates on strong prescription volume growth,Merck,relevant,synthetic
Apple refreshes accessibility improvements to its checkout flow,Apple,irrelevant,synthetic
"Honeywell's Q3: better than feared, outlook encouraging",Honeywell,relevant,synthetic
Mastercard cuts full-year guidance citing rising loan loss provisions,Mastercard,relevant,synthetic
FedEx human resources manager charged with embezzling from customer accounts in Houston,FedEx,irrelevant,synthetic
Setback for Nvidia’s $54 billion ARM bid as EU regulators open probe,Nvidia,relevant,gold_manual
IBM CEO joins panel discussion at the Aspen Ideas Festival on workforce transformation,IBM,irrelevant,synthetic
Paramount Global raises quarterly dividend 11% to $0.94 per share,Paramount Global,relevant,synthetic
Vanguard Foundation reports $7M in hunger relief grants awarded this year,Vanguard,irrelevant,synthetic
Walmart confirms receipt of DOJ civil investigative demand over price-fixing conspiracy,Walmart,relevant,synthetic
Travelers workers in Charlotte rally to demand end to mandatory arbitration,Travelers,irrelevant,synthetic
Amazon store manager sued by customer over personal conduct during shift in Charlotte,Amazon,irrelevant,synthetic
Yum Brands president says interest rates is top of mind for executives across every industry,Yum Brands,irrelevant,synthetic
New Forrester data shows Progressive gaining share in cloud infrastructure,Progressive,irrelevant,synthetic
'Grace'-Land: Jeff Buckley's Memphis Home Is Being Turned Into a 'Tribute' Airbnb,Airbnb,irrelevant,gold_manual
Apple closes out 2017 on high note despite macro headwinds,Apple,relevant,synthetic
CVS Health faces criticism from advocacy groups over ingredient sourcing policies,CVS Health,irrelevant,synthetic
Merck cuts full-year guidance citing weaker-than-expected prescription volumes,Merck,relevant,synthetic
Former General Electric former chief revenue officer named to lead a fintech startup,General Electric,irrelevant,synthetic
Kraft Heinz human resources manager sued by customer over personal conduct during shift in Charlotte,Kraft Heinz,irrelevant,synthetic
Travelers global sales trail ByteDance for the first time in five years,Travelers,relevant,synthetic
AT&T logistics coordinator charged with harassment following complaint by coworker in Houston,AT&T,irrelevant,synthetic
McIlroy may skip first leg of FedExCup Playoffs,FedEx,irrelevant,gold_manual
"Spurs brace for red-hot Davis, Pelicans",AT&T,irrelevant,gold_manual
Waste Management faces social media campaign targeting environmental claims on packaging,Waste Management,irrelevant,synthetic
Aflac launches two-factor authentication prompts to its cloud console,Aflac,irrelevant,synthetic
Accenture divests consumer hardware division in $50.0 billion deal as part of strategic review,Accenture,relevant,synthetic
Why analysts are calling OLX 'South Korea's Mondelez',Mondelez,irrelevant,synthetic
Halliburton store manager sued by customer over personal conduct during shift in Miami,Halliburton,irrelevant,synthetic
Will Ford Stock Reach $20 By 2022?,Ford Motor Company,irrelevant,gold_manual
Tesla delivers solid close to 2019 as cash flow beats consensus,Tesla,relevant,synthetic
"Under pressure, BlackRock admits Model 3 has seatbelt failure affecting 10000 units",BlackRock,relevant,synthetic
Paramount Global denies wrongdoing in religious discrimination complaint filed by former sales representative,Paramount Global,irrelevant,synthetic
ByteDance vs United Airlines: who wins the Poland market?,United Airlines,irrelevant,synthetic
EEOC opens investigation into Procter & Gamble over alleged gender discrimination in scheduling practices,Procter & Gamble,irrelevant,synthetic
"Verizon reports Q4 revenue of $3.4 billion, falls short of expectations on record broadband subscriber growth",Verizon,relevant,synthetic
McDonald's fined $40 million by CFPB over a minor fair lending violation,McDonald's,irrelevant,synthetic
Could Rappi be the France version of General Motors?,General Motors,irrelevant,synthetic
Game of Thrones Creators David Benioff and D.B. Weiss Sign Massive Overall Deal With Netflix,Netflix,relevant,gold_manual
Berkshire Hathaway Class A Shares Have Become More Actively Traded. Why That's Important.,Berkshire Hathaway,irrelevant,gold_manual
Report: Ralph Lauren holds 34% market share in enterprise software per Forrester,Ralph Lauren,irrelevant,synthetic
Pfizer Q4 earnings of $0.87 per share tops expectations,Pfizer,relevant,synthetic
Tomi Lahren Taylor Swift remark goes viral after Travis Kelce Pfizer uproar,Pfizer,irrelevant,gold_manual
Kimberly-Clark executive to speak at the Milken Institute Global Conference on the global supply chain,Kimberly-Clark,irrelevant,synthetic
Nike made sneakers that represent iconic jobs in major cities like New York and London. Here's what they look like.,"Nike, Inc.",irrelevant,gold_manual
Best Walt Disney deals this back-to-school season: our top picks,Walt Disney,irrelevant,synthetic
Eli Lilly activist investor discloses $1.8 billion stake pushes for margin improvement,Eli Lilly,relevant,synthetic
Netflix Will Stream 'Star Wars: The Force Awakens' — But Only in Canada,Netflix,irrelevant,gold_manual
‘This is a gut check time’: Dan Rather demands Congress make Trump’s intel fiasco their ‘top priority’,Intel,irrelevant,gold_manual
Waste Management customer service representative cited for personal safety violation in New York,Waste Management,irrelevant,synthetic
"Walt Disney CEO steps down after 8 years, board names internal successor",Walt Disney,relevant,synthetic
Kimberly-Clark settles racial harassment complaint filed by former executive for undisclosed amount,Kimberly-Clark,irrelevant,synthetic
"T-Mobile sued by a consumer advocacy group over pregnancy discrimination in hiring, $10M claimed",T-Mobile,irrelevant,synthetic
Why analysts are calling OLX 'India's Lockheed Martin',Lockheed Martin,irrelevant,synthetic
"UBS downgrades Waste Management to overweight, warns of elevated inventory",Waste Management,irrelevant,synthetic
Emerson Electric workers circulate petition calling for greater transparency in pay practices,Emerson Electric,irrelevant,synthetic
Harvey Weinstein Taps Trump’s Travel Ban for New ‘Lion’ Oscar Messaging,Visa Inc.,irrelevant,gold_manual
Target warns Q2 results will miss estimates due to weakening consumer spending,Target,relevant,synthetic
Apple CFO scheduled to appear at the Goldman Sachs Communacopia conference investor day,Apple,irrelevant,synthetic
DuPont agrees to $20 million penalty over a minor fair lending violation,DuPont,irrelevant,synthetic
"Wells Fargo cuts T-Mobile to sell, says near-term catalysts are limited",T-Mobile,irrelevant,synthetic
Mom revamps bathroom sink for only $50 using edible glitter from Walmart,Walmart,irrelevant,gold_manual
Court rules GM is shielded from death claims by bankruptcy,General Motors,relevant,gold_manual
"Bank of America upgrades Yum Brands to neutral, cites market share gains",Yum Brands,irrelevant,synthetic
Why is Apple stock rises to 52-week high today? Here is what we know,Apple,irrelevant,synthetic
Northrop Grumman rolls out a new password manager to its website,Northrop Grumman,irrelevant,synthetic
"Democrats question TV carriers' decisions to host Fox, OAN and Newsmax, citing 'misinformation'",AT&T,irrelevant,gold_manual
Morgan Stanley to present at the World Economic Forum in Davos next month,Morgan Stanley,irrelevant,synthetic
Surprise exit: Lowe's's presumed future CEO departs after 6 months,Lowe's,relevant,synthetic
"Deutsche Bank downgrades Home Depot to underperform, says valuation stretched after recent rally",Home Depot,irrelevant,synthetic
The MINI Cooper Electric beats the Tesla Model 3 on just one point — but it's a crucial one,"Tesla, Inc.",irrelevant,gold_manual
Coca-Cola stock underperforms the sector on no company-specific news,Coca-Cola,irrelevant,synthetic
Sources: 3M close to finalising acquisition of automation startup for $1.2 billion,3M,relevant,synthetic
Former Kraft Heinz former chief revenue officer appointed to advisory board of a rival startup,Kraft Heinz,irrelevant,synthetic
Is Winter Finally Coming? HBO Braces for Post-'Game of Thrones' Landscape,AT&T,irrelevant,gold_manual
Jennifer Garcia joins Travelers as head of digital marketing,Travelers,irrelevant,synthetic
Procter & Gamble organic sales growth of 18% in Q4 tops expectations on pricing and volume,Procter & Gamble,relevant,synthetic
Inside Goldman Sachs's leadership crisis: the departure of its next CEO,Goldman Sachs,relevant,synthetic
Tesla chief operating officer says supply chain resilience cannot be solved by the private sector alone,Tesla,irrelevant,synthetic
Feds knew of 700 Wells Fargo whistleblower cases in 2010,Wells Fargo,relevant,gold_manual
Northrop Grumman confirms receipt of EPA civil investigative demand over antitrust violations,Northrop Grumman,relevant,synthetic
Stellantis shares trade lower following weaker-than-expected jobs data — no new company news,Stellantis,irrelevant,synthetic
Visa Q1 gross margin narrows to 28.4% on wealth management growth,Visa,relevant,synthetic
Kimberly-Clark acquires personal care brand in $1.2 billion deal expanding into apparel brand,Kimberly-Clark,relevant,synthetic
Kraft Heinz retail associate charged with embezzling from customer accounts in Miami,Kraft Heinz,irrelevant,synthetic
Amazon rolls out in-app chat support to its cloud console,Amazon,irrelevant,synthetic
Chevron 13F filing reveals new 10% position in HCA Healthcare,Chevron,relevant,synthetic
Waste Management unit sales miss as Microsoft captures 45% of market,Waste Management,relevant,synthetic
Treasury fines ExxonMobil $2 million for violating Russia sanctions under Tillerson,ExxonMobil,relevant,gold_manual
Morgan Stanley chief operating officer says energy policy will shape business strategy for years to come,Morgan Stanley,irrelevant,synthetic
Allstate threat prompts cable industry to lobby for protection,Allstate,irrelevant,synthetic
Stellantis shares gives back recent gains amid risk-off sentiment,Stellantis,irrelevant,synthetic
"Deutsche Bank boosts General Electric to outperform, sees accelerating revenue growth",General Electric,irrelevant,synthetic
Virgin Islands attorney general sues JPMorgan Chase over banking services for Jeffrey Epstein,JPMorgan Chase,relevant,gold_manual
Nvidia CEO to deliver keynote at the Allen & Company Sun Valley conference,Nvidia,irrelevant,synthetic
United Airlines loses COO seen as succession frontrunner to rival firm,United Airlines,relevant,synthetic
FedEx ends partnership with social media influencer after community backlash,FedEx,irrelevant,synthetic
How Warner Bros is forcing the traditional advertising industry to reinvent itself,Warner Bros,irrelevant,synthetic
Kimberly-Clark promotes Karen Williams to head of global partnerships,Kimberly-Clark,irrelevant,synthetic
Comcast adds a progress tracker to its checkout flow,Comcast,irrelevant,synthetic
"Microsoft divestiture seen as competitive threat to Waste Management, analyst says",Waste Management,irrelevant,synthetic
"Comedian references Home Depot in viral stand-up set, clip goes viral",Home Depot,irrelevant,synthetic
Stellantis CFO scheduled to appear at the World Economic Forum in Davos investor day,Stellantis,irrelevant,synthetic
Uber denies wrongdoing in sexual harassment complaint filed by former financial advisor,Uber,irrelevant,synthetic
McDonald's says full-year revenue will fall short of prior guidance by 14%,McDonald's,relevant,synthetic
Warner Bros. Discovery pulls advertising from streaming service following offensive social media post,Warner Bros. Discovery,irrelevant,synthetic
Tesla improves Summon feature with more safety,"Tesla, Inc.",irrelevant,gold_manual
New documentary examines working conditions at Norfolk Southern suppliers overseas,Norfolk Southern,irrelevant,synthetic
Forrester estimates PepsiCo controls 38% of the electric vehicles market,PepsiCo,irrelevant,synthetic
What to Watch When General Motors Reports Earnings after the bell,General Motors,irrelevant,synthetic
Best Oracle deals this Cyber Monday: our top picks,Oracle,irrelevant,synthetic
FedEx chief operating officer says supply chain resilience cannot be solved by the private sector alone,FedEx,irrelevant,synthetic
"Adobe weighing options to expand into South Korea market, sources say",Adobe,irrelevant,synthetic
Visa customer service representative charged with running fraud scheme at local branch in Chicago,Visa,irrelevant,synthetic
"Microsoft Touts Smaller, Faster Xbox One Game Consoles at E3",Microsoft,irrelevant,gold_manual
Coca-Cola faces new racial discrimination lawsuit from group of delivery drivers in Georgia court,Coca-Cola,irrelevant,synthetic
"Jefferies boosts Comcast to underperform, calls recent dip a buying opportunity",Comcast,irrelevant,synthetic
Microsoft Copilot just got access to your Gmail,Microsoft,irrelevant,gold_manual
ByteDance vs Bank of America: who wins the Vietnam market?,Bank of America,irrelevant,synthetic
"Ford Reveals Special Editions, Surprise Call From Trump",Ford Motor Company,irrelevant,gold_manual
"IBM reports 7% drop in quarterly revenue, cuts annual guidance",IBM,relevant,synthetic
Lockheed Martin updates a new rewards tracker to its digital wallet,Lockheed Martin,irrelevant,synthetic
UK To Deeply Scrutinize Broadcom-Vmware Deal,Broadcom,relevant,gold_manual
Rumour: Could American Express be considering a headquarters relocation? Analysts are watching,American Express,irrelevant,synthetic
Aflac's Upcoming Earnings: Will the Stock React?,Aflac,irrelevant,synthetic
Charles Schwab faces consumer boycott over data privacy practices,Charles Schwab,irrelevant,synthetic
Waste Management chief executive says data privacy law is something all companies need to take seriously,Waste Management,irrelevant,synthetic
American Express to acquire payments company for $1.8 billion in all-stock deal,American Express,relevant,synthetic
Kraft Heinz reaches $35 million agreement with SEC to resolve a minor data handling violation,Kraft Heinz,irrelevant,synthetic
Rumour: Could Morgan Stanley be considering selling its media division? Analysts are watching,Morgan Stanley,irrelevant,synthetic
DuPont co-founder says interest rates presents both risks and opportunities for the private sector,DuPont,irrelevant,synthetic
Aflac loses reinsurance operations contract to rival in blow to revenue outlook,Aflac,relevant,synthetic
Halliburton faces class-action lawsuit over alleged gender discrimination among retail associates,Halliburton,irrelevant,synthetic
CSX releases accessibility improvements to its checkout flow,CSX,irrelevant,synthetic
Boeing shares rise as investors learn of Vanguard's stake,Vanguard,relevant,synthetic
UPS releases a progress tracker to its enterprise dashboard,UPS,irrelevant,synthetic
Allstate issues $1.8 billion in senior notes to fund strategic acquisitions,Allstate,relevant,synthetic
Johnson & Johnson loses another talcum powder cancer lawsuit,Johnson & Johnson,relevant,gold_manual
Target disability accommodation failures lawsuit alleges violation of consumer protection law,Target,irrelevant,synthetic
DuPont co-founder says supply chain resilience requires coordinated global action to address effectively,DuPont,irrelevant,synthetic
Republic Services acquires service company in $8.3 billion deal expanding into industry peer,Republic Services,relevant,synthetic
Accenture hit with $900 million penalty by EU regulators over price-fixing conspiracy,Accenture,relevant,synthetic
Visa processing delays strand UK travelers at US airports,Visa,irrelevant,synthetic
Colgate-Palmolive former CFO joins a government advisory role as its new chief executive,Colgate-Palmolive,irrelevant,synthetic
AT&T broadband net adds accelerate in Q4 on fiber expansion,AT&T,relevant,synthetic
3M software engineer charged with harassment following complaint by coworker in New York,3M,irrelevant,synthetic
UnitedHealth faces class-action lawsuit over alleged age discrimination among branch tellers,UnitedHealth,irrelevant,synthetic
Former UnitedHealth former general counsel appointed to advisory board of a fintech startup,UnitedHealth,irrelevant,synthetic
JPMorgan Chase CFO says data privacy law will shape business strategy for years to come,JPMorgan Chase,irrelevant,synthetic
Nvidia former chief operating officer leaves to join a non-profit board in senior role,Nvidia,irrelevant,synthetic
CSX warns Q4 results will miss estimates due to higher fuel costs,CSX,relevant,synthetic
Emerson Electric district manager sued by customer over personal conduct during shift in Phoenix,Emerson Electric,irrelevant,synthetic
"Comedian references Caterpillar in viral stand-up set, clip goes viral",Caterpillar,irrelevant,synthetic
Under Armour faces criticism from advocacy groups over price increase practices,Under Armour,irrelevant,synthetic
Caterpillar employees say they feel betrayed as 2500 layoffs take effect immediately,Caterpillar,relevant,synthetic
Waste Management CEO to deliver keynote at the Aspen Ideas Festival,Waste Management,irrelevant,synthetic
Intel staff react with shock as 5000 colleagues receive pink slips,Intel,relevant,synthetic
"Bank of America issues profit warning, slashes guidance citing slower deal activity",Bank of America,relevant,synthetic
Deere & Company recognized on LinkedIn's top companies to work for for workplace culture,Deere & Company,irrelevant,synthetic
"BP, ExxonMobil Provide A Contrast In Energy Transition Strategies",ExxonMobil,irrelevant,gold_manual
"Pfizer loses market manipulation case, ordered to pay $380 million in penalties",Pfizer,relevant,synthetic
Uber customer service representative charged with embezzling from customer accounts in Denver,Uber,irrelevant,synthetic
Visa ends partnership with celebrity spokesperson after personal scandal,Visa,irrelevant,synthetic
Alphabet agrees to $310 million settlement with DOJ over environmental violations,Alphabet,relevant,synthetic
Chevron ends partnership with brand ambassador after personal scandal,Chevron,irrelevant,synthetic
Colgate-Palmolive confirms receipt of state attorneys general civil investigative demand over misleading investors,Colgate-Palmolive,relevant,synthetic
Starbucks president says healthcare costs cannot be solved by the private sector alone,Starbucks,irrelevant,synthetic
Trump apparently confirms sharing classified intel with Russians,Intel,irrelevant,gold_manual
Concert at FedEx Arena draws thousands despite rain,FedEx,irrelevant,synthetic
PepsiCo ranks among Barron's most sustainable companies for the fifth year running,PepsiCo,irrelevant,synthetic
"UBS upgrades Citigroup to hold, cites market share gains",Citigroup,irrelevant,synthetic
"Baird lifts Visa to equal weight, sees multiple expansion ahead",Visa,irrelevant,synthetic
Republic Services discloses SEC subpoena related to misleading investors,Republic Services,relevant,synthetic
Former Walgreens customer files $30M suit over pregnancy discrimination in hiring,Walgreens,irrelevant,synthetic
Norfolk Southern acquires logistics startup for $250 million to bolster last-mile delivery company,Norfolk Southern,relevant,synthetic
Former CSX former president named to lead a private equity firm,CSX,irrelevant,synthetic
Mizuho flags Dow among the companies most affected by the deal in note on Meta merger,Dow,irrelevant,synthetic
"Here's How Much Cathie Wood, Ark Invest Flagship Fund Missed By Selling Nvidia Early",Nvidia,irrelevant,gold_manual
"Ralph Lauren reports Q4 revenue of $5.1 billion, comes in below consensus on strong international emerging market sales",Ralph Lauren,relevant,synthetic
"Wells Fargo reports Q3 revenue of $2.5 billion, misses analyst estimates on strong card spending volumes",Wells Fargo,relevant,synthetic
Sources: CVS Health close to finalising acquisition of biotech startup for $5.1 billion,CVS Health,relevant,synthetic
Home Depot cited as top player in electric vehicles by eMarketer industry survey,Home Depot,irrelevant,synthetic
Nike pulls advertising from streaming service following content moderation controversy,Nike,irrelevant,synthetic
Goldman Sachs launches cryptocurrency token to streamline payments,Goldman Sachs,relevant,synthetic
Broadcom Foundation awards $4K grant to local STEM education nonprofit,Broadcom,irrelevant,synthetic
"Chipotle issues profit warning, slashes guidance citing elevated commodity costs",Chipotle,relevant,synthetic
Boeing faces social media campaign targeting environmental claims on packaging,Boeing,irrelevant,synthetic
S&P Global Market Intelligence ranks Capital One as the leading provider in online payments,Capital One,irrelevant,synthetic
$10M suit: Raytheon accused of age discrimination among warehouse workers in workplace,Raytheon,irrelevant,synthetic
$4M suit: Wells Fargo accused of racial discrimination in promotion decisions in workplace,Wells Fargo,irrelevant,synthetic
"McDonald's restructuring seen as competitive threat to Salesforce, analyst says",Salesforce,irrelevant,synthetic
Capital One agrees to sell consumer banking arm for $1.2 billion to strategic acquirer,Capital One,relevant,synthetic
Ford district manager arrested in connection with unrelated drug charges in Dallas,Ford,irrelevant,synthetic
AbbVie chief operating officer says tax policy is moving in the right direction but more work remains,AbbVie,irrelevant,synthetic
"Waste Management to eliminate 2,000 positions as part of $8.3 billion cost reduction plan",Waste Management,relevant,synthetic
"Apple's music service may fight Spotify with exclusives, not price",Apple Inc.,irrelevant,gold_manual
Target fills VP of product marketing role with internal promotion of Barbara Thompson,Target,irrelevant,synthetic
Wells Fargo enters crypto space with new digital token backed by deposits,Wells Fargo,relevant,synthetic
Indiana gains economic boost as Nvidia expands operations,Nvidia,irrelevant,synthetic
Pfizer reaches $10 million agreement with EEOC to resolve a minor data handling violation,Pfizer,irrelevant,synthetic
Pittsburgh a big winner in Intel's new purchase agreement with General Motors,Intel,irrelevant,synthetic
Why is Waste Management stock rises to 52-week high today? Here is what we know,Waste Management,irrelevant,synthetic
Under Armour pays $5 million to settle an outdated record-keeping practice complaint with SEC,Under Armour,irrelevant,synthetic
Home Depot earns top score on Forbes' list of best employers,Home Depot,irrelevant,synthetic
Morgan Stanley loses consumer electronics lead to Mercedes amid pricing pressure,Morgan Stanley,relevant,synthetic
Comcast blows past Q1 estimates on strong wireless postpaid net adds,Comcast,relevant,synthetic
FedEx ranks among Forbes' list of best employers for the first time,FedEx,irrelevant,synthetic
Accenture reports 7% jump in advertising revenue as digital ad market recovers,Accenture,relevant,synthetic
Berkshire Hathaway drops sponsorship of college football sponsorship following social media backlash,Berkshire Hathaway,irrelevant,synthetic
Robinhood enters crypto space with new digital token backed by deposits,Robinhood,relevant,synthetic
Wells Fargo announces Lisa Anderson as new VP of human resources,Wells Fargo,irrelevant,synthetic
"Lawsuit filed against ExxonMobil over pregnancy discrimination in hiring, seeks $4M",ExxonMobil,irrelevant,synthetic
Nike executive to speak at the Goldman Sachs Communacopia conference on the global supply chain,Nike,irrelevant,synthetic
Apple supplier LG Display slashes investment plans as losses mount,Apple Inc.,irrelevant,gold_manual
"Oppenheimer boosts Nike to underperform, sees margin recovery underway",Nike,irrelevant,synthetic
Target CFO says consumer spending is more complex than most policymakers appreciate,Target,irrelevant,synthetic
Goldman Sachs said to be in early discussions about a joint venture in early-stage discussions,Goldman Sachs,irrelevant,synthetic
McDonald's posts better-than-expected Q3 results as strong organic volume growth,McDonald's,relevant,synthetic
"Baird raises Meta to overweight, flags improving demand trends",Meta,irrelevant,synthetic
American Express rolls out voice search in Italy ahead of broader rollout,American Express,irrelevant,synthetic
Raytheon raises full-year guidance after Q3 beat on strong government defense spending,Raytheon,relevant,synthetic
Norfolk Southern credit rating affirmed with stable outlook by Fitch citing strong capital position,Norfolk Southern,relevant,synthetic
Could Swiggy be the Sweden version of Walgreens?,Walgreens,irrelevant,synthetic
Tesla sales representative faces personal lawsuit unrelated to company activities in Los Angeles,Tesla,irrelevant,synthetic
Colgate-Palmolive workers circulate petition calling for end to mandatory arbitration,Colgate-Palmolive,irrelevant,synthetic
FDA orders Walt Disney to halt production at facility over contamination findings,Walt Disney,relevant,synthetic
Lowe's issues voluntary recall of delivery service product over potential safety concern,Lowe's,relevant,synthetic
Allstate founder concedes Model 3 fell short of safety standards,Allstate,relevant,synthetic
"Amid Coronavirus, Ford Overall U.S. Sales Decline 12.5 Percent",Ford Motor Company,relevant,gold_manual
Comcast president says interest rates requires urgent attention from elected officials,Comcast,irrelevant,synthetic
Your Starbucks Order Will Reveal Which Netflix Rom-Com Protagonist You Are,Starbucks,irrelevant,gold_manual
"Citigroup posts Q3 net income of $3.4 billion, misses analyst estimates",Citigroup,relevant,synthetic
Student visa rules tighten as universities face scrutiny,Visa,irrelevant,synthetic
Stellantis employees protest healthcare benefit reductions at headquarters,Stellantis,irrelevant,synthetic
Former McDonald's former general counsel named to lead a venture capital fund,McDonald's,irrelevant,synthetic
Lowe's settles age discrimination complaint filed by group of loan officers for undisclosed amount,Lowe's,irrelevant,synthetic
Republic Services delivery driver charged with embezzling from customer accounts in Detroit,Republic Services,irrelevant,synthetic
PepsiCo workers in Dallas rally to demand improved workplace safety standards,PepsiCo,irrelevant,synthetic
Wells Fargo launches tokenized fund on blockchain for institutional investors,Wells Fargo,relevant,synthetic
Ralph Lauren chairman says energy policy is the biggest challenge facing businesses today,Ralph Lauren,irrelevant,synthetic
Judge orders American Express to pay $145 million in damages over environmental violations,American Express,relevant,synthetic
Dollar General human resources manager suspended following investigation into personal conduct in Phoenix,Dollar General,irrelevant,synthetic
Aflac logistics coordinator arrested in connection with unrelated drug charges in New York,Aflac,irrelevant,synthetic
AT&T says timing of Time Warner deal completion now uncertain,AT&T,relevant,gold_manual
"Nordstrom Promo Codes: Shop Top Deals On Nike, Birkenstock And More","Nike, Inc.",irrelevant,gold_manual
Former Caterpillar customer service representative files disability discrimination complaint with EEOC,Caterpillar,irrelevant,synthetic
"Top iOS news of the week: No watch band battery, Lots of gold, Apple Watch 2 is coming",Apple Inc.,irrelevant,gold_manual
"Johnson & Johnson CFO on Q2 earnings, raising guidance, Covid-19 and more",Johnson & Johnson,relevant,gold_manual
"Yum Brands issues profit warning, slashes guidance citing traffic softness amid consumer trade-down",Yum Brands,relevant,synthetic
Could Careem be the Indonesia version of Starbucks?,Starbucks,irrelevant,synthetic
"Uber CEO Dara Khosrowshahi talks flying cars, deadly self-driving SUV crash",Uber,irrelevant,gold_manual
Stellantis store manager suspended following investigation into personal conduct in Seattle,Stellantis,irrelevant,synthetic
Walmart employees sign open letter opposing return-to-office mandate,Walmart,irrelevant,synthetic
McDonald's pulls advertising from news outlet following employee pressure,McDonald's,irrelevant,synthetic
Warner Bros. Discovery reaches $35 million agreement with EPA to resolve a minor fair lending violation,Warner Bros. Discovery,irrelevant,synthetic
ExxonMobil considers importing financial products to Mexico,ExxonMobil,irrelevant,synthetic
"Nike restructuring seen as competitive threat to Raytheon, analyst says",Raytheon,irrelevant,synthetic
"Allstate posts Q1 net income of $2.5 billion, comes in below consensus",Allstate,relevant,synthetic
Comcast denies wrongdoing in national origin discrimination complaint filed by group of warehouse workers,Comcast,irrelevant,synthetic
The newspaper industry's answer to the Airbnb challenge,Airbnb,irrelevant,synthetic
Save big on ConocoPhillips televisions this Black Friday — here is how,ConocoPhillips,irrelevant,synthetic
"Deutsche Bank upgrades Lockheed Martin to outperform, calls valuation compelling after selloff",Lockheed Martin,irrelevant,synthetic
"Evercore ISI cuts Target to equal weight, lowers estimates on weak guidance",Target,irrelevant,synthetic
Pfizer to merge with clinical-stage drug developer in $1.8 billion combination,Pfizer,relevant,synthetic
The startup that wants to do to financial services what Kraft Heinz did to retail,Kraft Heinz,irrelevant,synthetic
AbbVie names Lisa Moore to lead head of global partnerships function,AbbVie,irrelevant,synthetic
Prime Day: the best Lockheed Martin smartphones deals you can get right now,Lockheed Martin,irrelevant,synthetic
At Least 60 Stores Will Keep Their Doors Closed On Thanksgiving Day 2018 — See The List,AT&T,irrelevant,gold_manual
Save big on Alphabet running shoes this Black Friday — here is how,Alphabet,irrelevant,synthetic
Tyson Foods divests beverage unit in $2.1 billion deal as part of strategic review,Tyson Foods,relevant,synthetic
"Morgan Stanley expansion to create 500 jobs in Cincinnati, governor says",Morgan Stanley,irrelevant,synthetic
Schlumberger considers importing financial products to France,Schlumberger,irrelevant,synthetic
Here's What Wall Street Expects From Deere & Company When It Reports Q3,Deere & Company,irrelevant,synthetic
Tourist spots near Caterpillar campus rank among best in the area,Caterpillar,irrelevant,synthetic
BRIEF-Wells Fargo names Lisa Martin as VP of human resources,Wells Fargo,irrelevant,synthetic
American Express launches tokenized fund on blockchain for institutional investors,American Express,relevant,synthetic
Waste Management raises quarterly dividend 17% to $0.85 per share,Waste Management,relevant,synthetic
Travelers founder concedes electric vehicle fell short of safety standards,Travelers,relevant,synthetic
Student visa subpoenas alarm Australia universities,Visa,irrelevant,synthetic
"Oracle CEO departs following board review, board launches external search",Oracle,relevant,synthetic
"LGBTQ+ community needs partnership from Disney, not empty gestures",Walt Disney Company (The),irrelevant,gold_manual
Norfolk Southern outlines five-year strategy to double revenue in warehouse operator segment,Norfolk Southern,relevant,synthetic
The startup that wants to do to ride-hailing what Schlumberger did to retail,Schlumberger,irrelevant,synthetic
Under Armour denies wrongdoing in age discrimination complaint filed by group of retail workers,Under Armour,irrelevant,synthetic
Starbucks chairman says geopolitical tensions is the biggest challenge facing businesses today,Starbucks,irrelevant,synthetic
Report: Fidelity considering move into solar panels business,Fidelity,irrelevant,synthetic
Why college football programs can't ditch Nike in wake of Colin Kaepernick ad campaign,"Nike, Inc.",irrelevant,gold_manual
Johnson & Johnson workers vote to authorize strike at flagship warehouse,Johnson & Johnson,relevant,synthetic
Northrop Grumman district manager suspended following investigation into personal conduct in Dallas,Northrop Grumman,irrelevant,synthetic
Tourist visa applications from Sweden surge ahead of summer,Visa,irrelevant,synthetic
BlackRock coin: BlackRock's new digital currency explained,BlackRock,relevant,synthetic
Home Depot Q2 income rises 9.3% as store sales climb,Home Depot (The),relevant,gold_manual
"Netflix CEO departs following board review, board promotes division head to top role",Netflix,relevant,synthetic
Starbucks market share slips as Huawei gains ground in smartphone sales,Starbucks,relevant,synthetic
Merck cited as top player in pharmaceutical distribution by Forrester industry survey,Merck,irrelevant,synthetic
Alphabet chief operating officer says AI regulation demands a thoughtful policy response from legislators,Alphabet,irrelevant,synthetic
Allstate delivery driver arrested for allegedly cashing fraudulent checks in Dallas,Allstate,irrelevant,synthetic
Aflac Earnings Preview: What Analysts Are Watching This Quarter,Aflac,irrelevant,synthetic
Dollar General agrees to $250 million settlement with DOJ over data privacy violations,Dollar General,relevant,synthetic
Raytheon CFO says tax policy is moving in the right direction but more work remains,Raytheon,irrelevant,synthetic
Citigroup names Linda Jones to lead head of corporate communications function,Citigroup,irrelevant,synthetic
Walgreens fills head of corporate communications role with internal promotion of Emily Johnson,Walgreens,irrelevant,synthetic
Travelers cited as top player in e-commerce by Forrester industry survey,Travelers,irrelevant,synthetic
"Deutsche Bank lifts PepsiCo to outperform, points to improving competitive position",PepsiCo,irrelevant,synthetic
Merck pays $40 million to settle a product labeling issue complaint with CFPB,Merck,irrelevant,synthetic
City council debates naming rights deal for stadium near General Electric offices,General Electric,irrelevant,synthetic
Target earns top score on Barron's most sustainable companies,Target,irrelevant,synthetic
Capital One faces class-action lawsuit over alleged gender discrimination among delivery drivers,Capital One,irrelevant,synthetic
Allstate faces social media campaign targeting data privacy practices,Allstate,irrelevant,synthetic
Home Depot acquires e-commerce platform in $1.8 billion deal expanding into supply chain company,Home Depot,relevant,synthetic
Uber blows past Q1 estimates on strong travel demand recovery,Uber,relevant,synthetic
"Bank of America, M and others disclose gap between CEO and employee pay",Bank of America,irrelevant,gold_manual
Pittsburgh a big winner in ConocoPhillips's new purchase agreement with Costco,ConocoPhillips,irrelevant,synthetic
American Express faces social media campaign targeting ingredient sourcing policies,American Express,irrelevant,synthetic
BlackRock co-founder says banking regulation requires coordinated global action to address effectively,BlackRock,irrelevant,synthetic
Cash Dividend On The Way From FedEx,FedEx,relevant,gold_manual
"Wells Fargo lowers Q2 outlook, sends shares sharply lower in after-hours trading",Wells Fargo,relevant,synthetic
Kimberly-Clark workers in Dallas rally to demand paid family leave expansion,Kimberly-Clark,irrelevant,synthetic
Vanguard doubles clean water access funding to $2 million for 2022,Vanguard,irrelevant,synthetic
CVS Health workers vote to reject company contract offer at key distribution center,CVS Health,relevant,synthetic
Meet Brazil's answer to Nvidia — and why it's growing fast,Nvidia,irrelevant,synthetic
Kimberly-Clark releases enhanced map view to its mobile app,Kimberly-Clark,irrelevant,synthetic
3M Q3 earnings of $2.14 per share surpasses consensus,3M,relevant,synthetic
Kraft Heinz denies wrongdoing in disability discrimination complaint filed by group of delivery drivers,Kraft Heinz,irrelevant,synthetic
Procter & Gamble activist investor discloses $1.8 billion stake pushes for margin improvement,Procter & Gamble,relevant,synthetic
PepsiCo caps 2019 with record profit as new product cycle accelerates,PepsiCo,relevant,synthetic
T-Mobile faces legal action over national origin discrimination claims in Pennsylvania,T-Mobile,irrelevant,synthetic
"Chipotle global same-store sales rise 21% in Q2, falls short of expectations",Chipotle,relevant,synthetic
Netflix employees stage walkout over changes to remote work flexibility,Netflix,irrelevant,synthetic
Save big on Alphabet sneakers this Valentine's Day — here is how,Alphabet,irrelevant,synthetic
Mondelez market share slips as Toyota gains ground in payments,Mondelez,relevant,synthetic
Raytheon cuts full-year guidance citing program schedule slippages,Raytheon,relevant,synthetic
Amazon executive to speak at a Senate Commerce Committee hearing on the global supply chain,Amazon,irrelevant,synthetic
Lockheed Martin rolls out in-app tipping in UK ahead of broader rollout,Lockheed Martin,irrelevant,synthetic
Kraft Heinz tops the Street on both revenue and earnings in Q2,Kraft Heinz,relevant,synthetic
Warner Bros. Discovery former general counsel joins a non-profit board as its new chief executive,Warner Bros. Discovery,irrelevant,synthetic
"Dollar General reports 7% drop in quarterly revenue, cuts annual guidance",Dollar General,relevant,synthetic
Fidelity soft-launches push notifications in Vietnam following local regulatory approval,Fidelity,irrelevant,synthetic
Walmart introduces streaming platform in Eastern Europe market,Walmart,irrelevant,synthetic
Booking Holdings cuts full-year guidance citing weakening travel demand,Booking Holdings,relevant,synthetic
Tyson Foods chairman says trade tariffs is a concern shared by businesses of all sizes,Tyson Foods,irrelevant,synthetic
"DuPont announces 1,600 job cuts in technology division amid business reorganization",DuPont,relevant,synthetic
General Electric to spin off its safety products division as a standalone publicly traded company,General Electric,relevant,synthetic
UnitedHealth Q1 earnings of $5.37 per share falls short of expectations,UnitedHealth,relevant,synthetic
Mastercard raises quarterly dividend 7% to $1.25 per share,Mastercard,relevant,synthetic
Tyson Foods sets aside $1.8 billion to cover costs of food brand product recall,Tyson Foods,relevant,synthetic
"Bloomberg: Caterpillar weighing a potential spinoff, though talks are preliminary",Caterpillar,irrelevant,synthetic
Morgan Stanley loses senior executive seen as heir apparent to head of core business,Morgan Stanley,relevant,synthetic
"Baird upgrades Home Depot to buy, points to improving competitive position",Home Depot,irrelevant,synthetic
"Tesla Hikes Model 3, Y Prices In Canada By C$1000 After Announcing Price Increase In China","Tesla, Inc.",irrelevant,gold_manual
"""Working Man"" the bull set to thrill at PBR weekend in AT&T Stadium",AT&T,irrelevant,gold_manual
Johnson & Johnson hit with $3M class action over sexual harassment in sales division,Johnson & Johnson,irrelevant,synthetic
Yum Brands board approves new $1.8 billion share repurchase authorization,Yum Brands,relevant,synthetic
Former Caterpillar former chief operating officer appointed to advisory board of a hedge fund,Caterpillar,irrelevant,synthetic
Is Mondelez's latest running shoes worth buying? A consumer review,Mondelez,irrelevant,synthetic
Judge orders Netflix to pay $500 million in damages over price-fixing conspiracy,Netflix,relevant,synthetic
Airbnb former CEO departs to become partner at a private equity firm,Airbnb,irrelevant,synthetic
Wells Fargo launches cryptocurrency token to streamline payments,Wells Fargo,relevant,synthetic
Progressive cuts full-year guidance citing rising claims severity,Progressive,relevant,synthetic
Uber driver charged with raping unconscious 17-year-old in Orange County,Uber,irrelevant,gold_manual
"Walgreens weighing options to expand into Canada market, sources say",Walgreens,irrelevant,synthetic
Prime Day: the best CSX laptops deals you can get right now,CSX,irrelevant,synthetic
General Motors' U.S. sales fall 3.8% in January,General Motors,relevant,gold_manual
Salesforce reports 11% jump in advertising revenue as digital ad market recovers,Salesforce,relevant,synthetic
Waste Management launches improved load times to its loyalty app,Waste Management,irrelevant,synthetic
Tesla to present at the Allen & Company Sun Valley conference next month,Tesla,irrelevant,synthetic
Alphabet former general counsel departs to become partner at a government advisory role,Alphabet,irrelevant,synthetic
Bank of America CEO says company is 'open to' exploring solar panels opportunities,Bank of America,irrelevant,synthetic
Nike just launched self-lacing sneakers and they're straight out of 'Back to the Future',"Nike, Inc.",irrelevant,gold_manual
"Microsoft Q4: revenue in line, margins disappoint, guidance cut",Microsoft,relevant,synthetic
Kraft Heinz agrees to sell snack foods division for $3.0 billion to strategic acquirer,Kraft Heinz,relevant,synthetic
Morgan Stanley earns top score on Fortune's most admired companies list,Morgan Stanley,irrelevant,synthetic
"TV best bets with 'The Irishman' on Netflix, Dolly Parton (again!), Lindsey Vonn, Thanksgiving delights",Netflix,irrelevant,gold_manual
Activists: 1st Amendment Rights Of Undocumented Immigrants Are Often Violated,Visa Inc.,irrelevant,gold_manual
Salesforce CEO to deliver keynote at a Senate Commerce Committee hearing,Salesforce,irrelevant,synthetic
"Gugu Mbatha-Raw, Richard Madden to Star in Netflix Thriller ‘Trinity’",Netflix,irrelevant,gold_manual
Dollar General chief operating officer says energy policy demands a thoughtful policy response from legislators,Dollar General,irrelevant,synthetic
"TD Cowen raises Tyson Foods to sell, sees multiple expansion ahead",Tyson Foods,irrelevant,synthetic
landline phone giants struggle as Waste Management partners with key supplier,Waste Management,irrelevant,synthetic
Caterpillar executive to speak at a Senate Commerce Committee hearing on workforce transformation,Caterpillar,irrelevant,synthetic
"Goldman Sachs loses mortgage servicing failures case, ordered to pay $215 million in penalties",Goldman Sachs,relevant,synthetic
Emerson Electric president says climate policy requires urgent attention from elected officials,Emerson Electric,irrelevant,synthetic
Charles Schwab co-founder says deficit spending cannot be solved by the private sector alone,Charles Schwab,irrelevant,synthetic
FedEx shares rise as investors learn of PepsiCo's stake,PepsiCo,relevant,synthetic
What to Watch When Adobe Reports Earnings next week,Adobe,irrelevant,synthetic
"General Motors delivers Q4 beat, guides higher for the year",General Motors,relevant,synthetic
How Walmart's joint venture could reshape the competitive landscape for CSX,CSX,irrelevant,synthetic
Home Depot hit with $10M class action over hostile work environment claims,Home Depot,irrelevant,synthetic
How Everyday Life in a Real Arctic Community Inspired Netflix’s North of North,Netflix,irrelevant,gold_manual
Alphabet faces $1.8 billion fine from CFTC over price-fixing conspiracy,Alphabet,relevant,synthetic
PepsiCo faces consumer boycott over overseas manufacturing practices,PepsiCo,irrelevant,synthetic
Walt Disney faces class-action lawsuit over alleged racial harassment among customer service representatives,Walt Disney,irrelevant,synthetic
"Companies unlikely to require COVID-19 vaccine, Walmart CEO says",Walmart,relevant,gold_manual
PepsiCo unit sales miss as ByteDance captures 30% of market,PepsiCo,relevant,synthetic
"Alphabet CEO departs following board review, board promotes division head to top role",Alphabet,relevant,synthetic
Deere & Company pays $45 million to settle a minor labor board finding complaint with SEC,Deere & Company,irrelevant,synthetic
"UBS downgrades IBM to hold, flags margin pressure ahead",IBM,irrelevant,synthetic
Home Depot sets aside $1.2 billion to cover costs of specialty retailer product recall,Home Depot,relevant,synthetic
Goldman Sachs denies wrongdoing in gender discrimination complaint filed by group of delivery drivers,Goldman Sachs,irrelevant,synthetic
"Apple reaches tentative contract deal with union representing 1,200 workers",Apple,relevant,synthetic
Verizon leadership acknowledges flagship phone recall was delayed due to door latch defect,Verizon,relevant,synthetic
Bank of America credit rating placed on negative watch by Moody's citing deteriorating free cash flow,Bank of America,relevant,synthetic
Northrop Grumman announces plan to separate into two independent publicly traded companies,Northrop Grumman,relevant,synthetic
"Oppenheimer downgrades Walt Disney to sell, flags rising competitive pressure",Walt Disney,irrelevant,synthetic
PepsiCo divests international division in $5.1 billion deal as part of strategic review,PepsiCo,relevant,synthetic
Target acquires specialty retailer for $250 million to bolster specialty retailer,Target,relevant,synthetic
"Warner Bros's year-end results: better-than-expected quarter, positive 2017 view",Warner Bros,relevant,synthetic
Johnson & Johnson board approves new $1.8 billion share repurchase authorization,Johnson & Johnson,relevant,synthetic
Boeing cited as top player in semiconductor manufacturing by Morgan Stanley Research industry survey,Boeing,irrelevant,synthetic
JPMorgan Chase announces $8.3 billion share buyback program,JPMorgan Chase,relevant,synthetic
Amazon acquires enterprise software company for $420 million to bolster cloud infrastructure company,Amazon,relevant,synthetic
"Bank of America upgrades Salesforce to neutral, cites strong earnings visibility",Salesforce,irrelevant,synthetic
Republic Services president says data privacy law is something all companies need to take seriously,Republic Services,irrelevant,synthetic
"Emerson Electric posts Q3 net income of $2.5 billion, surpasses consensus",Emerson Electric,relevant,synthetic
Meta CEO named to LinkedIn's top companies to work for,Meta,irrelevant,synthetic
"Costco comparable store sales narrows 17% in Q2, misses analyst estimates",Costco,relevant,synthetic
Oracle denies wrongdoing in pay discrimination complaint filed by former employee,Oracle,irrelevant,synthetic
Kimberly-Clark CEO admits blood glucose monitor has structural integrity issues,Kimberly-Clark,relevant,synthetic
Kimberly-Clark human resources manager arrested in connection with unrelated drug charges in Houston,Kimberly-Clark,irrelevant,synthetic
Tesla market share slips as Hyundai gains ground in cloud services,Tesla,relevant,synthetic
7 things to know today and Wells Fargo lays off 137 from Orlando mortgage operations,Wells Fargo,relevant,gold_manual
Bank of America chief operating officer says cryptocurrency regulation will shape business strategy for years to come,Bank of America,irrelevant,synthetic
Ahead of Waste Management's Q2 Report: Consensus Estimates and Risks,Waste Management,irrelevant,synthetic
"Broadcom, Dollar General Earnings and More to Watch",Broadcom,irrelevant,gold_manual
Exxon Mobil Beats On Earnings While Sales Fall Short,ExxonMobil,relevant,gold_manual
Nashville officials celebrate as United Airlines selects site for new data center,United Airlines,irrelevant,synthetic
Procter & Gamble former CEO departs to become partner at a venture capital fund,Procter & Gamble,irrelevant,synthetic
Booking Holdings faces social media campaign targeting environmental claims on packaging,Booking Holdings,irrelevant,synthetic
American Express workers vote to authorize strike at key distribution center,American Express,relevant,synthetic
PepsiCo faces class-action lawsuit over alleged religious discrimination among store managers,PepsiCo,irrelevant,synthetic
Bezos to Amazon employees: email me with workplace complaints,Amazon,irrelevant,gold_manual
AT&T Q1 earnings of $3.10 per share falls short of expectations,AT&T,relevant,synthetic
Chipotle named to Fortune's most admired companies list for the first time,Chipotle,irrelevant,synthetic
Lockheed Martin agrees to sell rotary and mission systems division for $1.8 billion to private equity firm,Lockheed Martin,relevant,synthetic
Time Warner says it's giving up on efforts to sign other providers to carry Dodgers,AT&T,irrelevant,gold_manual
"Amazon delivers Q3 beat, guides higher for the year",Amazon,relevant,synthetic
Chevron issues $11.2 billion in senior notes to fund strategic acquisitions,Chevron,relevant,synthetic
Work visa approvals fall as Sweden professionals face longer waits,Visa,irrelevant,synthetic
PepsiCo shares trade lower amid broader market selloff — no new company news,PepsiCo,irrelevant,synthetic
Costco branch teller faces personal lawsuit unrelated to company activities in Phoenix,Costco,irrelevant,synthetic
Meet France's answer to Microsoft — and why it's growing fast,Microsoft,irrelevant,synthetic
"Caterpillar's year-end results: resilient quarter, positive 2019 view",Caterpillar,relevant,synthetic
"Airbnb seeks to broaden appeal, adds more hotel listings, loyalty program",Airbnb,relevant,gold_manual
UPS CEO named to Fortune's most admired companies list,UPS,irrelevant,synthetic
Accenture faces racial discrimination lawsuit filed by former manager,Accenture,irrelevant,synthetic
General Motors vs competitors: which headphones is right for you,General Motors,irrelevant,synthetic
Alphabet reports 42% jump in advertising revenue as digital ad market recovers,Alphabet,relevant,synthetic
"Walmart's divestiture deal raises questions about Yum Brands's position, per TD Cowen",Yum Brands,irrelevant,synthetic
What to Watch When AT&T Reports Earnings Tuesday,AT&T,irrelevant,synthetic
Mondelez Foundation reports $3M in workforce development grants awarded this year,Mondelez,irrelevant,synthetic
"Evercore ISI cuts Lockheed Martin to hold, says near-term catalysts are limited",Lockheed Martin,irrelevant,synthetic
"Meta's new facility brings 300 jobs to Fort Collins, officials say",Meta,irrelevant,synthetic
Emerson Electric introduces two-factor authentication prompts to its loyalty app,Emerson Electric,irrelevant,synthetic
Goldman Sachs branch teller arrested for allegedly cashing fraudulent checks in New York,Goldman Sachs,irrelevant,synthetic
Bank of America denies wrongdoing in sexual harassment complaint filed by group of delivery drivers,Bank of America,irrelevant,synthetic
"Republic Services reports Q1 revenue of $1.2 billion, tops expectations on record revenue",Republic Services,relevant,synthetic
Charles Schwab coin: inside the bank's end-run around traditional payments,Charles Schwab,relevant,synthetic
Uber reaches $20 million agreement with CFPB to resolve a minor labor board finding,Uber,irrelevant,synthetic
Mastercard chief executive says climate policy demands a thoughtful policy response from legislators,Mastercard,irrelevant,synthetic
Morgan Stanley logistics coordinator faces criminal charges unrelated to employment in Philadelphia,Morgan Stanley,irrelevant,synthetic
"Northrop Grumman Q3: revenue in line, margins disappoint, guidance cut",Northrop Grumman,relevant,synthetic
Emerson Electric to acquire precision tools company for $5.1 billion in all-stock deal,Emerson Electric,relevant,synthetic
New visa requirements affect India visitors to the US,Visa,irrelevant,synthetic
BlackRock shares trade lower following weaker-than-expected jobs data — no new company news,BlackRock,irrelevant,synthetic
Uber acquires travel data company for $110 million to bolster travel technology company,Uber,relevant,synthetic
JPMorgan Chase loses consumer banking arm contract to rival in blow to revenue outlook,JPMorgan Chase,relevant,synthetic
"If the trade situation worsens, look for stocks with this characteristic, Goldman Sachs says",Goldman Sachs,irrelevant,gold_manual
UPS enables enhanced map view to its streaming platform,UPS,irrelevant,synthetic
"Emerson Electric and industrial software company confirm merger talks, deal could be worth $8.3 billion",Emerson Electric,relevant,synthetic
Wells Fargo former chief revenue officer joins a healthcare company as its new chief executive,Wells Fargo,irrelevant,synthetic
"Tesla reaches new four-year labor agreement with union representing 5,500 workers",Tesla,relevant,synthetic
Target retail associate suspended following investigation into personal conduct in New York,Target,irrelevant,synthetic
JPMorgan Chase coin: inside the bank's end-run around traditional payments,JPMorgan Chase,relevant,synthetic
"Tesla shares at record high amid Model Y peek, ahead of Model 3 production","Tesla, Inc.",irrelevant,gold_manual
"Walmart is selling a $110 Coca-Cola mini fridge for only $50, and it has a built-in Bluetooth speaker",Walmart,irrelevant,gold_manual
"Boeing delivers Q4 beat, guides higher for the year",Boeing,relevant,synthetic
Booking Holdings confirms it received and rejected $0.8 billion takeover bid,Booking Holdings,relevant,synthetic
"Visa now second to Google in smartphone sales, data shows",Visa,relevant,synthetic
Nvidia employees stage walkout over changes to remote work flexibility,Nvidia,irrelevant,synthetic
New Gartner data shows Chevron gaining share in pharmaceutical distribution,Chevron,irrelevant,synthetic
Speedway has one of the first residential tests of 5G in America. Here's what that means,AT&T,irrelevant,gold_manual
JPMorgan downgrades Procter & Gamble as worries grow over consumer spending,Procter & Gamble,irrelevant,gold_manual
Kimberly-Clark organic sales growth of 12% in Q2 tops expectations on pricing and volume,Kimberly-Clark,relevant,synthetic
DuPont faces $3.4 billion fine from state attorneys general over data privacy violations,DuPont,relevant,synthetic
"Goldman Sachs cuts Visa to underperform, lowers estimates on weak guidance",Visa,irrelevant,synthetic
"JPMorgan Chase joint venture seen as competitive threat to Morgan Stanley, analyst says",Morgan Stanley,irrelevant,synthetic
Norfolk Southern logistics coordinator cited for personal safety violation in Seattle,Norfolk Southern,irrelevant,synthetic
Colgate-Palmolive faces $5.1 billion fine from DOJ over market manipulation,Colgate-Palmolive,relevant,synthetic
CVS Health settles pregnancy discrimination complaint filed by group of former employees for undisclosed amount,CVS Health,irrelevant,synthetic
Norfolk Southern denies wrongdoing in racial discrimination complaint filed by former employee,Norfolk Southern,irrelevant,synthetic
"Visa posts Q1 net income of $1.2 billion, falls short of expectations",Visa,relevant,synthetic
Warner Bros. Discovery chief operating officer says banking regulation is creating uncertainty for long-term investment decisions,Warner Bros. Discovery,irrelevant,synthetic
Starbucks announces $2.1 billion share buyback program,Starbucks,relevant,synthetic
Dollar General loses semiconductor revenue lead to Samsung amid pricing pressure,Dollar General,relevant,synthetic
Fidelity files patent for blockchain-based payment rail,Fidelity,relevant,synthetic
Chevron CEO says data privacy law presents both risks and opportunities for the private sector,Chevron,irrelevant,synthetic
Yum Brands board approves new $5.1 billion share repurchase authorization,Yum Brands,relevant,synthetic
"Accenture reaches tentative contract deal with union representing 4,000 workers",Accenture,relevant,synthetic
"Citi boosts Wells Fargo to overweight, points to improving competitive position",Wells Fargo,irrelevant,synthetic
Sources: Home Depot close to finalising acquisition of delivery service for $3.4 billion,Home Depot,relevant,synthetic
"ExxonMobil sued by a nonprofit organization over disability accommodation failures, $12M claimed",ExxonMobil,irrelevant,synthetic
ServiceNow Q3 earnings of $0.87 per share misses analyst estimates,ServiceNow,relevant,synthetic
Raytheon issues $11.2 billion in senior notes to strengthen balance sheet,Raytheon,relevant,synthetic
Charles Schwab CFO scheduled to appear at the MIT Sloan Management Conference investor day,Charles Schwab,irrelevant,synthetic
Accenture workers circulate petition calling for better pay and benefits,Accenture,irrelevant,synthetic
Escaped calf killed behind Connecticut Home Depot sparks outrage,Home Depot (The),irrelevant,gold_manual
Is ConocoPhillips's latest software subscriptions worth buying? A consumer review,ConocoPhillips,irrelevant,synthetic
Financial advisor Blair duQuesnay followed Warren Buffett's 'buy what you know' advice to purchase her first apartment. She used the famed investor to explain why she hasn't bought an individual stock in a decade.,Berkshire Hathaway,irrelevant,gold_manual
2 Trump Stories on Social Media You Shouldn't Believe,Visa Inc.,irrelevant,gold_manual
"Meta reaches new four-year labor agreement with union representing 2,000 workers",Meta,relevant,synthetic
Texas gains economic boost as Raytheon expands operations,Raytheon,irrelevant,synthetic
"Report: Texas to sign 15-year deal with Nike, richest in college sports","Nike, Inc.",relevant,gold_manual
AT&T racial discrimination in promotion decisions lawsuit alleges violation of consumer protection law,AT&T,irrelevant,synthetic
Johnson & Johnson introduces in-app chat support to its retail website,Johnson & Johnson,irrelevant,synthetic
Northrop Grumman co-founder says tax policy will have long-lasting effects on the broader economy,Northrop Grumman,irrelevant,synthetic
Delta Air Lines Earnings: 6 Things Investors Should Monitor,Delta Air Lines,irrelevant,synthetic
Judge orders American Express to pay $215 million in damages over misleading investors,American Express,relevant,synthetic
Kimberly-Clark falls behind Hyundai in unit sales — analysts cut targets,Kimberly-Clark,relevant,synthetic
Boeing snaps up satellite systems maker for $650 million in bolt-on acquisition,Boeing,relevant,synthetic
Dak Prescott leads Dallas Cowboys vs. hurting Chicago Bears,AT&T,irrelevant,gold_manual
Chevron enables improved search filters to its website,Chevron,irrelevant,synthetic
CVS Health surges after UPS discloses 3% ownership position,UPS,relevant,synthetic
"Sarah Jones leaves Alphabet, ending speculation about CEO succession",Alphabet,relevant,synthetic
Boeing named to LinkedIn's top companies to work for for the second straight year,Boeing,irrelevant,synthetic
Johnson & Johnson fined $2 million by FTC over a minor fair lending violation,Johnson & Johnson,irrelevant,synthetic
Workers at Nvidia express anger as company eliminates 1900 roles,Nvidia,relevant,synthetic
"Under pressure, Starbucks admits cardiac device has steering defect affecting 50000 units",Starbucks,relevant,synthetic
T-Mobile refreshes new color themes to its cloud console,T-Mobile,irrelevant,synthetic
5G networks are almost upon us. Will you be an early adopter?,AT&T,irrelevant,gold_manual
Ralph Lauren Q1 operating income surges 7% on pricing power offsetting volume declines,Ralph Lauren,relevant,synthetic
Colgate-Palmolive confirms receipt of state attorneys general civil investigative demand over data privacy violations,Colgate-Palmolive,relevant,synthetic
General Motors releases enhanced map view to its banking app,General Motors,irrelevant,synthetic
Northrop Grumman workers in New York rally to demand reversal of return-to-office policy,Northrop Grumman,irrelevant,synthetic
Morgan Stanley in early talks about potential Germany partnership — no deal imminent,Morgan Stanley,irrelevant,synthetic
Lockheed Martin doubles climate action funding to $3 million for 2016,Lockheed Martin,irrelevant,synthetic
Tourist spots near Comcast campus rank among best in the area,Comcast,irrelevant,synthetic
"TD Cowen upgrades ConocoPhillips to underperform, sees margin recovery underway",ConocoPhillips,irrelevant,synthetic
"Stocks making the biggest moves in the premarket: Dick's Sporting Goods, Apple, Salesforce & more",Salesforce,irrelevant,gold_manual
PepsiCo sued by group of warehouse workers alleging disability discrimination in pay practices,PepsiCo,irrelevant,synthetic
"RBC Capital Markets cuts Target to sell, lowers price target on earnings miss",Target,irrelevant,synthetic
"Home Depot sees Q1 revenue of $1.8 billion, below prior guidance and analyst consensus",Home Depot,relevant,synthetic
Capital One raises loan loss provisions to $8.3 billion citing rising consumer delinquencies,Capital One,relevant,synthetic
Report: Schlumberger considering move into insurance products business,Schlumberger,irrelevant,synthetic
Chipotle activist investor discloses $2.1 billion stake pushes for margin improvement,Chipotle,relevant,synthetic
EEOC opens investigation into Nvidia over alleged age discrimination in pay practices,Nvidia,irrelevant,synthetic
"Mobileye prices IPO above targeted range to raise nearly $1 billion, and most of it will go to Intel",Intel,relevant,gold_manual
Chipotle CEO says data privacy law will shape business strategy for years to come,Chipotle,irrelevant,synthetic
FedEx customer service representative sued by customer over personal conduct during shift in Houston,FedEx,irrelevant,synthetic
What to Watch When Lyft Reports Earnings before the open,Lyft,irrelevant,synthetic
Ford's Lincoln Makes Play for GM-Dominates Big SUV Market,General Motors,irrelevant,gold_manual
Western Union/Mastercard Partnership (Graphic: Business Wire),Mastercard,relevant,gold_manual
Citigroup announces stablecoin to accelerate cross-border payments,Citigroup,relevant,synthetic
"RBC Capital Markets upgrades Visa to hold, sees margin recovery underway",Visa,irrelevant,synthetic
"Don't let the sharing economy of Uber, Airbnb become the scofflaw economy",Airbnb,irrelevant,gold_manual
"AT&T now second to Samsung in electric vehicles, data shows",AT&T,relevant,synthetic
911 Supervisor Played Netflix Movie as Caller Sought Help,Netflix,irrelevant,gold_manual
FedEx employees protest healthcare benefit reductions at headquarters,FedEx,irrelevant,synthetic
landline phone players pivot as HCA Healthcare disrupts market with new consumer app,HCA Healthcare,irrelevant,synthetic
Citigroup shares pulls back from record highs as the S&P 500 drops,Citigroup,irrelevant,synthetic
"Jefferies lowers Pfizer to outperform, flags margin pressure ahead",Pfizer,irrelevant,synthetic
"Ford Q2: revenue in line, margins disappoint, guidance cut",Ford,relevant,synthetic
"Hurricane Irma: Home Depot, Lowe's prepare for second major storm",Home Depot (The),irrelevant,gold_manual
"FedEx announces 3,000 corporate layoffs, shares fall on restructuring news",FedEx,relevant,synthetic
Netherlands startup billed as the 'Waste Management of Asia' raises $50M,Waste Management,irrelevant,synthetic
"Meta may exit South Korea amid regulatory uncertainty, sources say",Meta,irrelevant,synthetic
JPMorgan Chase Q4 gross margin contracts to 34.7% on record assets under management,JPMorgan Chase,relevant,synthetic
Pfizer faces $5M lawsuit over sexual harassment in sales division,Pfizer,irrelevant,synthetic
Tennessee lands Lockheed Martin investment worth $100M in local economy,Lockheed Martin,irrelevant,synthetic
Meta introduces cloud dashboard in the Nordics market,Meta,irrelevant,synthetic
Chevron introduces in-app chat support to its enterprise dashboard,Chevron,irrelevant,synthetic
Sweden startup billed as the 'Comcast of Asia' raises $50M,Comcast,irrelevant,synthetic
FedEx raises per-shipment surcharge citing fuel and labor cost pressures,FedEx,relevant,synthetic
"Bloomberg: Home Depot exploring a buyout of a rival, though talks are preliminary",Home Depot,irrelevant,synthetic
Line vs MetLife: who wins the UK market?,MetLife,irrelevant,synthetic
"Jefferies raises Starbucks to overweight, cites market share gains",Starbucks,irrelevant,synthetic
Berkshire Hathaway adds an updated help center to its website,Berkshire Hathaway,irrelevant,synthetic
Target revenue growth trails BMW for 3 straight quarters,Target,relevant,synthetic
Walmart acknowledges new SUV defect after 2000 customer complaints,Walmart,relevant,synthetic
Visa releases an updated help center to its enterprise dashboard,Visa,irrelevant,synthetic
Lockheed Martin faces $1.8 billion fine from CFPB over environmental violations,Lockheed Martin,relevant,synthetic
Waste Management Foundation launches $10M initiative for veterans support,Waste Management,irrelevant,synthetic
Fidelity loses division head seen as succession frontrunner to rival firm,Fidelity,relevant,synthetic
"Adyen, a payments firm with clients such as Netflix and Uber, is eyeing an IPO after record revenues",Netflix,irrelevant,gold_manual
"TD Cowen cuts Deere & Company to buy, sees limited upside from current levels",Deere & Company,irrelevant,synthetic
Walmart's Marketplace boom: How lax vetting came with identity theft and fakes,Walmart,irrelevant,gold_manual
Walmart admits knowing about consumer product fire risk in charging systems before public reports,Walmart,relevant,synthetic
'Uber has changed': employees describe fallout from 750 job cuts,Uber,relevant,synthetic
"Qualcomm exploring potential sale of insurance unit, people familiar say",Qualcomm,irrelevant,synthetic
Raytheon doubles food security funding to $10 million for 2020,Raytheon,irrelevant,synthetic
Home Depot to merge with delivery service in $2.5 billion combination,Home Depot,relevant,synthetic
Tesla's Musk Takes Page From PayPal With Referral Incentive,"Tesla, Inc.",irrelevant,gold_manual
Accenture denies wrongdoing in disability discrimination complaint filed by former financial advisor,Accenture,irrelevant,synthetic
3M sued by former engineer alleging racial harassment in promotion decisions,3M,irrelevant,synthetic
AT&T tests two-factor authentication in Cincinnati starting this month,AT&T,irrelevant,synthetic
Investors dump landline phone stocks on fears of AT&T disruption,AT&T,irrelevant,synthetic
Target cited as top player in enterprise software by Morgan Stanley Research industry survey,Target,irrelevant,synthetic
Lockheed Martin co-founder says trade tariffs is creating uncertainty for long-term investment decisions,Lockheed Martin,irrelevant,synthetic
"Nike Earnings Drop, Says Turnaround Will Take Time","Nike, Inc.",relevant,gold_manual
Meta employees sign open letter opposing termination of diversity programs,Meta,irrelevant,synthetic
Nike employees stage walkout over healthcare benefit reductions,Nike,irrelevant,synthetic
Walgreens CEO concedes new SUV problems are 'more serious than we thought',Walgreens,relevant,synthetic
"3M announces 5,500 corporate layoffs, shares fall on restructuring news",3M,relevant,synthetic
The startup that wants to do to ride-hailing what AbbVie did to retail,AbbVie,irrelevant,synthetic
Wells Fargo credit rating upgraded by S&P citing rising leverage,Wells Fargo,relevant,synthetic
"Comcast reports 38% drop in quarterly revenue, cuts annual guidance",Comcast,relevant,synthetic
Chipotle district manager arrested for alleged theft from delivery route in Charlotte,Chipotle,irrelevant,synthetic
Kimberly-Clark CEO confirms Allstate has made strategic investment in company,Allstate,relevant,synthetic
Paramount Global executive to speak at the MIT Sloan Management Conference on the global supply chain,Paramount Global,irrelevant,synthetic
Deere & Company's charitable arm commits to $50M mental health pledge,Deere & Company,irrelevant,synthetic
"LIVESTREAMING SOCIAL COMMERCE PROVIDER, TALKSHOPLIVE, TEAMS UP WITH WALMART",Walmart,irrelevant,gold_manual
Ford CEO confirms T-Mobile has made strategic investment in company,T-Mobile,relevant,synthetic
Accenture cited as top player in semiconductor manufacturing by Gartner industry survey,Accenture,irrelevant,synthetic
Charles Schwab launches cryptocurrency token to streamline payments,Charles Schwab,relevant,synthetic
S&P Global Market Intelligence ranks Northrop Grumman as the leading provider in cloud infrastructure,Northrop Grumman,irrelevant,synthetic
"Needham lifts Mastercard to overweight, points to improving competitive position",Mastercard,irrelevant,synthetic
JPMorgan Chase launches fingerprint login to its retail website,JPMorgan Chase,irrelevant,synthetic
American Express chief executive says the federal budget is top of mind for executives across every industry,American Express,irrelevant,synthetic
Nielsen ranks Johnson & Johnson as the leading provider in cloud infrastructure,Johnson & Johnson,irrelevant,synthetic
UPS divests supply chain services unit in $0.8 billion deal as part of strategic review,UPS,relevant,synthetic
IBM faces $22.0 billion fine from state attorneys general over environmental violations,IBM,relevant,synthetic
Prime Day: the best Berkshire Hathaway smartphones deals you can get right now,Berkshire Hathaway,irrelevant,synthetic
UnitedHealth faces class-action over medical device company product defect affecting millions of users,UnitedHealth,relevant,synthetic
Charlotte officials celebrate as Bank of America selects site for new fulfillment center,Bank of America,irrelevant,synthetic
Fidelity's charitable arm commits to $50M mental health pledge,Fidelity,irrelevant,synthetic
Procter & Gamble cuts full-year guidance citing elevated commodity costs,Procter & Gamble,relevant,synthetic
Amazon debuts mobile app in West Africa in bid to gain local users,Amazon,irrelevant,synthetic
Warner Bros. Discovery releases enhanced map view to its customer app,Warner Bros. Discovery,irrelevant,synthetic
Stifel Maintains Buy Rating for FedEx: Here's What You Need To Know,FedEx,irrelevant,gold_manual
Verizon accused of violating net neutrality rules by throttling video,AT&T,irrelevant,gold_manual
Costco recognized on Forbes' list of best employers for workplace culture,Costco,irrelevant,synthetic
Tourist spots near Alphabet campus rank among best in the area,Alphabet,irrelevant,synthetic
"Alphabet CEO resigns amid strategic disagreements, board names internal successor",Alphabet,relevant,synthetic
Facebook Does Something Right for a Change,Meta Platforms,irrelevant,gold_manual
"Progressive to eliminate 7,000 positions as part of $0.5 billion cost reduction plan",Progressive,relevant,synthetic
Disney loses head of core business seen as succession frontrunner to rival firm,Disney,relevant,synthetic
"Capital One announces 2,500 corporate layoffs, shares fall on restructuring news",Capital One,relevant,synthetic
Wells Fargo's new fulfillment center in Pittsburgh to employ 300 by 2024,Wells Fargo,irrelevant,synthetic
JPMorgan Chase former chief operating officer leaves to join a consulting firm in senior role,JPMorgan Chase,irrelevant,synthetic
"Wells Fargo Championship Live Odds, How To Watch In US For May 8",Wells Fargo,irrelevant,gold_manual
"Boeing's Q1: better than feared, outlook encouraging",Boeing,relevant,synthetic
"Jefferies downgrades Visa to overweight, flags rising competitive pressure",Visa,irrelevant,synthetic
Group of Dollar General users file $3M lawsuit alleging disability accommodation failures,Dollar General,irrelevant,synthetic
"Mondelez CFO announces departure, company names Wall Street veteran as replacement",Mondelez,relevant,synthetic
hotel giants struggle as Merck wins major government contract,Merck,irrelevant,synthetic
Netherlands nationals face new biometric visa requirements,Visa,irrelevant,synthetic
Walgreens loses CFO seen as succession frontrunner to rival firm,Walgreens,relevant,synthetic
"Berkshire Hathaway to eliminate 1,600 positions as part of $18.5 billion cost reduction plan",Berkshire Hathaway,relevant,synthetic
Bank of America ranks among Forbes' list of best employers for the first time,Bank of America,irrelevant,synthetic
Deere & Company human resources manager cited for personal safety violation in Detroit,Deere & Company,irrelevant,synthetic
Ralph Lauren announces plan to separate into two independent publicly traded companies,Ralph Lauren,relevant,synthetic
American Express shares underperforms the sector as investors rotate into defensives,American Express,irrelevant,synthetic
Johnson & Johnson CEO says inflation is creating uncertainty for long-term investment decisions,Johnson & Johnson,irrelevant,synthetic
Lockheed Martin sued by group of former employees alleging religious discrimination in pay practices,Lockheed Martin,irrelevant,synthetic
Verizon acquires fiber network company in $1.8 billion deal expanding into wireless spectrum holder,Verizon,relevant,synthetic
Travelers rolls out a redesigned home screen to its customer app,Travelers,irrelevant,synthetic
Under Armour issues voluntary recall of apparel brand product over potential safety concern,Under Armour,relevant,synthetic
Berkshire Hathaway net interest income falls 17% as rate environment pressures margins,Berkshire Hathaway,relevant,synthetic
Airbnb releases Enhanced Cleaning Protocol handbook,Airbnb,irrelevant,gold_manual
Procter & Gamble district manager arrested in connection with unrelated drug charges in Atlanta,Procter & Gamble,irrelevant,synthetic
FedEx commits $2 million to Tampa mental health fund,FedEx,irrelevant,synthetic
Target sales representative cited for personal safety violation in Atlanta,Target,irrelevant,synthetic
"Now that Tesla can resume business in Buffalo, when — or if — will it?","Tesla, Inc.",irrelevant,gold_manual
"Netflix's '13 Reasons Why,' TNT's 'Animal Kingdom' Receive California Tax Credits",Netflix,irrelevant,gold_manual
Bernstein flags Capital One as a company that may need to respond competitively in note on Apple partnership,Capital One,irrelevant,synthetic
"Google's restructuring deal raises questions about Northrop Grumman's position, per RBC Capital Markets",Northrop Grumman,irrelevant,synthetic
Microsoft introduces spending insights tab to its loyalty app,Microsoft,irrelevant,synthetic
Nvidia faces criticism from advocacy groups over price increase practices,Nvidia,irrelevant,synthetic
Dollar General Q3 gross margin widens to 24.4% on strong seasonal demand,Dollar General,relevant,synthetic
Morgan Stanley investment banking revenue surges 38% as M&A market recovers,Morgan Stanley,relevant,synthetic
Eli Lilly divests medical devices unit in $1.8 billion deal as part of strategic review,Eli Lilly,relevant,synthetic
Black Friday: the best Oracle sneakers deals you can get right now,Oracle,irrelevant,synthetic
Rumour: Could Accenture be evaluating strategic alternatives? Analysts are watching,Accenture,irrelevant,synthetic
Sources: McDonald's weighing an IPO of its subsidiary but no decision expected soon,McDonald's,irrelevant,synthetic
Eli Lilly acknowledges commercial aircraft defect after 1000 customer complaints,Eli Lilly,relevant,synthetic
"Broadcom Inc. Announces Conversion Date for Mandatory Convertible Preferred Stock, Series A",Broadcom,relevant,gold_manual
Ralph Lauren drops sponsorship of annual awards show following social media backlash,Ralph Lauren,irrelevant,synthetic
Pfizer says its booster shot has 95.6% efficacy against COVID-19 amid the Delta variant,Pfizer,relevant,gold_manual
United Airlines caps 2020 with record free cash flow as cloud growth accelerates,United Airlines,relevant,synthetic
T-Mobile introduces digital wallet in West Africa market,T-Mobile,irrelevant,synthetic
Booking Holdings nights booked rise 17% as international travel demand surges,Booking Holdings,relevant,synthetic
Honeywell chief operating officer says consumer spending is the biggest challenge facing businesses today,Honeywell,irrelevant,synthetic
Boeing outlines five-year strategy to double revenue in missile defense startup segment,Boeing,relevant,synthetic
Microsoft activist investor discloses $3.4 billion stake pushes for margin improvement,Microsoft,relevant,synthetic
"Booking Holdings posts Q3 net income of $0.8 billion, misses analyst estimates",Booking Holdings,relevant,synthetic
JPMorgan Planning to Bring Staff to Office Five Days a Week,JPMorgan Chase,irrelevant,gold_manual
Nike organic sales growth of 6% in Q1 surpasses consensus on pricing and volume,Nike,relevant,synthetic
Protests outside Kraft Heinz headquarters over unrelated political issue,Kraft Heinz,irrelevant,synthetic
Mastercard unveils blockchain-based payment system for enterprise clients,Mastercard,relevant,synthetic
Former Raytheon former CFO appointed to advisory board of a government advisory role,Raytheon,irrelevant,synthetic
Meet Canada's answer to Aflac — and why it's growing fast,Aflac,irrelevant,synthetic
Report: Starbucks considering move into cloud services business,Starbucks,irrelevant,synthetic
Former Dow marketing manager files racial harassment complaint with EEOC,Dow,irrelevant,synthetic
Workers at Walgreens express anger as company eliminates 1000 roles,Walgreens,relevant,synthetic
Johnson & Johnson employees protest employee monitoring rollout at headquarters,Johnson & Johnson,irrelevant,synthetic
Coca-Cola Q2 gross margin widens to 18.4% on strong same-store sales growth,Coca-Cola,relevant,synthetic
$8M lawsuit alleges Cisco national origin discrimination claims,Cisco,irrelevant,synthetic
"AbbVie to eliminate 7,000 positions as part of $1.2 billion cost reduction plan",AbbVie,relevant,synthetic
American Express issues voluntary recall of insurance company product over potential safety concern,American Express,relevant,synthetic
"Jefferies cuts Lockheed Martin to equal weight, flags rising competitive pressure",Lockheed Martin,irrelevant,synthetic
Morgan Stanley vs competitors: which televisions is right for you,Morgan Stanley,irrelevant,synthetic
"General Motors delivers record number of vehicles in Q1, surpasses consensus",General Motors,relevant,synthetic
3000 Johnson & Johnson workers lose jobs in latest round of cost-cutting,Johnson & Johnson,relevant,synthetic
Former Boeing customer files $5M suit over religious discrimination in scheduling,Boeing,irrelevant,synthetic
Airbnb wants to replace hotels at the Olympics,Airbnb,relevant,gold_manual
Berkshire Hathaway denies wrongdoing in racial discrimination complaint filed by group of former employees,Berkshire Hathaway,irrelevant,synthetic
Aflac employees sign open letter opposing performance tracking policy,Aflac,irrelevant,synthetic
Nvidia posts better-than-expected Q4 results as robust enterprise software renewals,Nvidia,relevant,synthetic
UnitedHealth workers circulate petition calling for greater transparency in pay practices,UnitedHealth,irrelevant,synthetic
Dow shares falls to 52-week low on no company-specific news,Dow,irrelevant,synthetic
Tourist spots near Microsoft campus rank among best in the area,Microsoft,irrelevant,synthetic
Northrop Grumman stock pares earlier losses as the S&P 500 drops,Northrop Grumman,irrelevant,synthetic
UnitedHealth Group buys into hearing aid benefits,UnitedHealth Group,relevant,gold_manual
Tesla co-founder says healthcare costs is top of mind for executives across every industry,Tesla,irrelevant,synthetic
Cisco Earnings Preview: What Analysts Are Watching This Quarter,Cisco,irrelevant,synthetic
Wells Fargo loses insurance subsidiary contract to rival in blow to revenue outlook,Wells Fargo,relevant,synthetic
ConocoPhillips said to be weighing a potential spinoff in early-stage discussions,ConocoPhillips,irrelevant,synthetic
"Nightfood Ice Cream Preparing For Walmart Launch, Appoints Industry Veteran Jerry Isaacson Chief Financial Officer",Walmart,irrelevant,gold_manual
Colgate-Palmolive Q3 gross margin narrows to 49.8% on strong organic sales growth,Colgate-Palmolive,relevant,synthetic
Lowe's ends partnership with celebrity spokesperson after offensive social media post,Lowe's,irrelevant,synthetic
Johnson & Johnson logistics coordinator faces personal lawsuit unrelated to company activities in Miami,Johnson & Johnson,irrelevant,synthetic
"Oppenheimer lifts Starbucks to hold, calls recent dip a buying opportunity",Starbucks,irrelevant,synthetic
Booking Holdings customer service representative arrested after incident caught on security camera in Boston,Booking Holdings,irrelevant,synthetic
"RBC Capital Markets upgrades Microsoft to equal weight, cites market share gains",Microsoft,irrelevant,synthetic
CSX posts better-than-expected Q1 results as improved on-time delivery performance,CSX,relevant,synthetic
Lockheed Martin wraps up 2021 with a bang as revenue comes in ahead,Lockheed Martin,relevant,synthetic
"Oppenheimer lifts Progressive to buy, flags improving demand trends",Progressive,irrelevant,synthetic
Visa chief executive says geopolitical tensions will have long-lasting effects on the broader economy,Visa,irrelevant,synthetic
"Second Starbucks location in Mesa, Arizona, votes to unionize",Starbucks,relevant,gold_manual
Wells Fargo CEO says cryptocurrency regulation will shape business strategy for years to come,Wells Fargo,irrelevant,synthetic
"Walt Disney announces 5,500 corporate layoffs, shares fall on restructuring news",Walt Disney,relevant,synthetic
"Allstate CFO announces resignation, company names internal finance executive as replacement",Allstate,relevant,synthetic
Judge orders Nike to pay $380 million in damages over misleading investors,Nike,relevant,synthetic
Sources: Target weighing a spinoff but no decision expected soon,Target,irrelevant,synthetic
S&P Global Market Intelligence ranks Visa as the leading provider in electric vehicles,Visa,irrelevant,synthetic
Stellantis agrees to $180 million settlement with state attorneys general over environmental violations,Stellantis,relevant,synthetic
Honeywell denies wrongdoing in racial discrimination complaint filed by former sales representative,Honeywell,irrelevant,synthetic
"Charles Schwab and regional bank confirm merger talks, deal could be worth $2.5 billion",Charles Schwab,relevant,synthetic
"Broken windows, shootings, bathroom lock-ins. How to prevent someone from hosting an all-night rager in your Airbnb",Airbnb,irrelevant,gold_manual
Oracle data center revenue surges 8% on record AI chip demand,Oracle,relevant,synthetic
Johnson & Johnson updates accessibility improvements to its mobile app,Johnson & Johnson,irrelevant,synthetic
ExxonMobil to spin off its midstream operations as a standalone publicly traded company,ExxonMobil,relevant,synthetic
Waste Management rolls out push notification settings to its enterprise dashboard,Waste Management,irrelevant,synthetic
Under Armour faces new age discrimination lawsuit from group of warehouse workers in Georgia court,Under Armour,irrelevant,synthetic
Microsoft rolls out improved load times to its digital wallet,Microsoft,irrelevant,synthetic
Republic Services names longtime board member as new chief executive following CEO transition,Republic Services,relevant,synthetic
What to Watch When Intel Reports Earnings Monday,Intel,irrelevant,synthetic
Colgate-Palmolive executive to speak at the World Economic Forum in Davos on financial regulation,Colgate-Palmolive,irrelevant,synthetic
"United Airlines powers through 2022 on cloud growth, eyes 2023 recovery",United Airlines,relevant,synthetic
Mike Perry says he wasn't drug tested vs. Jake Paul: 'I was surprised',AT&T,irrelevant,gold_manual
BlackRock releases push notification settings to its banking app,BlackRock,irrelevant,synthetic
CVS Health warns Q1 results will miss estimates due to patent cliff exposure,CVS Health,relevant,synthetic
The startup that wants to do to food delivery what MetLife did to retail,MetLife,irrelevant,synthetic
Tourist visa applications from Indonesia surge ahead of summer,Visa,irrelevant,synthetic
Goldman Sachs gains after Aflac discloses significant new equity stake,Aflac,relevant,synthetic
Broadcom profit and revenue miss forecasts,Broadcom,relevant,gold_manual
Kraft Heinz refreshes a progress tracker to its online store,Kraft Heinz,irrelevant,synthetic
Accenture credit rating downgraded by Fitch citing strong capital position,Accenture,relevant,synthetic
Mother's Day: the best Under Armour software subscriptions deals you can get right now,Under Armour,irrelevant,synthetic
"Tesla to eliminate 2,500 positions as part of $2.1 billion cost reduction plan",Tesla,relevant,synthetic
Meta announces $14.0 billion share buyback program,Meta,relevant,synthetic
Honeywell faces new national origin discrimination lawsuit from former sales representative in Texas court,Honeywell,irrelevant,synthetic
JPMorgan Chase debuts digital currency for same-day settlement between banks,JPMorgan Chase,relevant,synthetic
Norfolk Southern cuts full-year guidance citing declining package volume,Norfolk Southern,relevant,synthetic
"ServiceNow CFO announces retirement, company names Wall Street veteran as replacement",ServiceNow,relevant,synthetic
Morgan Stanley retail associate suspended following investigation into personal conduct in New York,Morgan Stanley,irrelevant,synthetic
Mastercard loses wealth management division contract to rival in blow to revenue outlook,Mastercard,relevant,synthetic
"Jefferies lifts Allstate to outperform, sees accelerating revenue growth",Allstate,irrelevant,synthetic
Goldman Sachs workers circulate petition calling for greater transparency in pay practices,Goldman Sachs,irrelevant,synthetic
Accenture ends partnership with sports personality after personal scandal,Accenture,irrelevant,synthetic
Pfizer sued by group of warehouse workers alleging religious discrimination in scheduling practices,Pfizer,irrelevant,synthetic
Merck factory worker charged with assault following workplace altercation in Los Angeles,Merck,irrelevant,synthetic
Comcast blows past Q4 estimates on strong wireless postpaid net adds,Comcast,relevant,synthetic
Visa taps William Williams for head of sustainability role amid organizational changes,Visa,irrelevant,synthetic
Merck cedes market share to Toyota in semiconductor revenue for first time,Merck,relevant,synthetic
Under Armour rolls out new color themes to its cloud console,Under Armour,irrelevant,synthetic
"General Electric turns in a Q2 quarter investors had feared, stock drops",General Electric,relevant,synthetic
"Barclays raises IBM to neutral, sees accelerating revenue growth",IBM,irrelevant,synthetic
"Borsheims, other retailers try their best to replicate Berkshire weekend online",Berkshire Hathaway,irrelevant,gold_manual
Morgan Stanley CEO says interest rates is the biggest challenge facing businesses today,Morgan Stanley,irrelevant,synthetic
Goldman Sachs Q4 operating income surges 15% on record investment banking fees,Goldman Sachs,relevant,synthetic
Travelers shares trade lower as investors take profits across sectors — no new company news,Travelers,irrelevant,synthetic
McDonald's posts better-than-expected Q4 results as strong same-store sales growth,McDonald's,relevant,synthetic
Aflac CEO says company is 'open to' exploring solar panels opportunities,Aflac,irrelevant,synthetic
Boeing launches new app and offline mode in Germany,Boeing,irrelevant,synthetic
UnitedHealth sees a longtime bull throw in the towel after stock’s plunge,UnitedHealth Group,irrelevant,gold_manual
Woody Harrelson Joins Mary Elizabeth Winstead in Thriller 'Kate' at Netflix,Netflix,irrelevant,gold_manual
Apple Chief Calls Court Order to Unlock iPhone ‘Unprecedented Step’,Apple Inc.,relevant,gold_manual
"Barclays lifts Microsoft to sell, cites strong earnings visibility",Microsoft,irrelevant,synthetic
Procter & Gamble issues $3.4 billion in senior notes to fund capital expenditures,Procter & Gamble,relevant,synthetic
American Express former CEO joins a fintech startup as its new chief executive,American Express,irrelevant,synthetic
Visa CEO joins panel discussion at the World Economic Forum in Davos on energy transition,Visa,irrelevant,synthetic
Ford global sales trail Apple for the first time in five years,Ford,relevant,synthetic
North Carolina gains economic boost as MetLife expands operations,MetLife,irrelevant,synthetic
California labor commission rules Uber drivers are employees,Uber,relevant,gold_manual
Merck hit with $380 million penalty by FTC over antitrust violations,Merck,relevant,synthetic
UPS hires David Taylor as head of digital marketing from Accenture,UPS,irrelevant,synthetic
Citigroup warns Q4 results will miss estimates due to rising loan loss provisions,Citigroup,relevant,synthetic
"Home Depot to eliminate 4,000 positions as part of $1.2 billion cost reduction plan",Home Depot,relevant,synthetic
Dow CFO says the housing market demands a thoughtful policy response from legislators,Dow,irrelevant,synthetic
DuPont retail associate suspended following investigation into personal conduct in Houston,DuPont,irrelevant,synthetic
Morgan Stanley vs competitors: which headphones is right for you,Morgan Stanley,irrelevant,synthetic
FDA orders Warner Bros. Discovery to halt production at facility over contamination findings,Warner Bros. Discovery,relevant,synthetic
Norfolk Southern CFO says supply chain resilience will shape business strategy for years to come,Norfolk Southern,irrelevant,synthetic
Chipotle employees protest new attendance tracking system at headquarters,Chipotle,irrelevant,synthetic
US tightens visa rules for Singapore nationals over security concerns,Visa,irrelevant,synthetic
"Citigroup CFO announces departure, company names Wall Street veteran as replacement",Citigroup,relevant,synthetic
Netflix promotes Patricia Harris to regional vice president for Europe,Netflix,irrelevant,synthetic
Allstate employees protest return-to-office mandate at headquarters,Allstate,irrelevant,synthetic
CSX blows past Q2 estimates on improved on-time delivery performance,CSX,relevant,synthetic
McDonald's said to be considering a headquarters relocation in early-stage discussions,McDonald's,irrelevant,synthetic
"3M announces 1,600 job cuts in investment banking amid automation initiative",3M,relevant,synthetic
"Under Armour reaches new four-year labor agreement with union representing 7,000 workers",Under Armour,relevant,synthetic
Catherine Reitman Proves That Women Led Production Leads To Netflix & Success,Netflix,irrelevant,gold_manual
Honeywell delivery driver arrested for alleged theft from delivery route in Chicago,Honeywell,irrelevant,synthetic
"Northrop Grumman CEO is replaced following activist pressure, board promotes division head to top role",Northrop Grumman,relevant,synthetic
Chevron ordered by DOJ to pay $250 million over environmental violations,Chevron,relevant,synthetic
"COVID-19 vaccine distribution: FedEx, UPS to 'split country into two'",FedEx,irrelevant,gold_manual
Hidden Camera in Starbucks Restroom Prompts Investigation,Starbucks,irrelevant,gold_manual
Home Depot faces pay discrimination lawsuit filed by former executive,Home Depot,irrelevant,synthetic
Republic Services vs competitors: which running shoes is right for you,Republic Services,irrelevant,synthetic
Capital One to pay $10 million in connection with a disclosure timing issue investigation,Capital One,irrelevant,synthetic
Allstate faces consumer boycott over executive compensation disclosures,Allstate,irrelevant,synthetic
Get Microsoft Office 2019 on sale for just A$30 — pay once and use it forever,Microsoft,irrelevant,gold_manual
"Progressive lowers Q3 outlook, sends shares sharply lower in after-hours trading",Progressive,relevant,synthetic
"Sources: Coca-Cola considering a headquarters relocation — no deal imminent, sources say",Coca-Cola,irrelevant,synthetic
Walt Disney CEO says cryptocurrency regulation cannot be solved by the private sector alone,Walt Disney,irrelevant,synthetic
Verizon employees sign open letter opposing employee monitoring rollout,Verizon,irrelevant,synthetic
'That kinda defeats the entire purpose of the reusable cup': Starbucks barista throws away plastic cup after customer brought his own reusable cup,Starbucks,irrelevant,gold_manual
Nike former CEO joins a venture capital fund as its new chief executive,Nike,irrelevant,synthetic
How JPMorgan Chase's restructuring could reshape the competitive landscape for ServiceNow,ServiceNow,irrelevant,synthetic
Charles Schwab faces disability discrimination lawsuit filed by former sales representative,Charles Schwab,irrelevant,synthetic
United Airlines gains after Amazon discloses significant new equity stake,Amazon,relevant,synthetic
US tightens visa rules for Italy nationals over security concerns,Visa,irrelevant,synthetic
Robot Cars Won't Rescue Uber From Its Clash With Drivers,Uber,irrelevant,gold_manual
"Lawsuit filed against Colgate-Palmolive over hostile work environment claims, seeks $10M",Colgate-Palmolive,irrelevant,synthetic
Why is Chevron stock pares earlier losses today? Here is what we know,Chevron,irrelevant,synthetic
Ralph Lauren adds dark mode to its banking app,Ralph Lauren,irrelevant,synthetic
Visa issues $1.2 billion in senior notes to refinance maturing debt,Visa,relevant,synthetic
Progressive sales representative charged with harassment following complaint by coworker in Boston,Progressive,irrelevant,synthetic
"What We Know About Luigi Mangione: Suspected UnitedHealthcare Shooter Found With 'Written Admissions,' Police Say",UnitedHealth Group,irrelevant,gold_manual
General Electric announces $5.1 billion share buyback program,General Electric,relevant,synthetic
EEOC opens investigation into Walmart over alleged age discrimination in workplace culture,Walmart,irrelevant,synthetic
"Oppenheimer cuts Ralph Lauren to overweight, says valuation stretched after recent rally",Ralph Lauren,irrelevant,synthetic
Home Depot warns Q3 results will miss estimates due to weakening consumer spending,Home Depot,relevant,synthetic
ConocoPhillips factory worker cited for personal safety violation in Detroit,ConocoPhillips,irrelevant,synthetic
"Comcast CEO departs following board review, board names internal successor",Comcast,relevant,synthetic
CSX CEO joins panel discussion at the Allen & Company Sun Valley conference on the global supply chain,CSX,irrelevant,synthetic
"Booking Holdings announces 800 corporate layoffs, shares fall on restructuring news",Booking Holdings,relevant,synthetic
"Stifel lowers Lockheed Martin to buy, says near-term catalysts are limited",Lockheed Martin,irrelevant,synthetic
Target faces $3.4 billion fine from EU regulators over data privacy violations,Target,relevant,synthetic
How Dollar General is forcing the video rental industry to reinvent itself,Dollar General,irrelevant,synthetic
Goldman Sachs Foundation launches $2M initiative for housing affordability,Goldman Sachs,irrelevant,synthetic
McDonald's caps 2022 with record earnings as international expansion accelerates,McDonald's,relevant,synthetic
PepsiCo faces criticism from advocacy groups over environmental claims on packaging,PepsiCo,irrelevant,synthetic
Regulator Blasts Wells Fargo for Deceptive Auto Insurance Program,Wells Fargo,relevant,gold_manual
Tourist spots near Berkshire Hathaway campus rank among best in the area,Berkshire Hathaway,irrelevant,synthetic
Tesla workforce reduced by 750 as restructuring accelerates,Tesla,relevant,synthetic
traditional advertising firms face existential crisis as Costco expands to new cities,Costco,irrelevant,synthetic
Alphabet sued by former manager alleging disability discrimination in scheduling practices,Alphabet,irrelevant,synthetic
AbbVie CEO to deliver keynote at the World Economic Forum in Davos,AbbVie,irrelevant,synthetic
Target president says geopolitical tensions cannot be solved by the private sector alone,Target,irrelevant,synthetic
General Motors design chief Ed Welburn to retire after 44 years,General Motors,irrelevant,gold_manual
Walgreens wraps up 2025 with a bang as revenue tops estimates,Walgreens,relevant,synthetic
Halliburton updates a progress tracker to its online store,Halliburton,irrelevant,synthetic
CVS Health Q2 gross margin expands to 21.2% on new drug approvals driving revenue,CVS Health,relevant,synthetic
Walmart named to Time's 100 most influential companies for the second straight year,Walmart,irrelevant,synthetic
Aflac takes 20% stake in FedEx worth $750M,Aflac,relevant,synthetic
Progressive CEO concedes commercial aircraft problems are 'more serious than we thought',Progressive,relevant,synthetic
Judge orders AT&T to pay $180 million in damages over data privacy violations,AT&T,relevant,synthetic
Save big on Home Depot airline miles cards this the holiday season — here is how,Home Depot,irrelevant,synthetic
ServiceNow faces class-action lawsuit over alleged national origin discrimination among district managers,ServiceNow,irrelevant,synthetic
MetLife acknowledges commercial aircraft defect after 100000 customer complaints,MetLife,relevant,synthetic
CVS Health executive to speak at the Milken Institute Global Conference on the future of AI,CVS Health,irrelevant,synthetic
For All Mankind Launches Apple TV+ With a Very Different Version of the Space Race,Apple Inc.,irrelevant,gold_manual
Merck launches simplified navigation menu to its banking app,Merck,irrelevant,synthetic
Fire Warren Buffett? Investors obsessed with quarterly performance probably would,Berkshire Hathaway,irrelevant,gold_manual
Charles Schwab names longtime board member as new chief executive following strategic shift,Charles Schwab,relevant,synthetic
ConocoPhillips faces racial discrimination lawsuit filed by group of retail workers,ConocoPhillips,irrelevant,synthetic
BRIEF-Nordic American Tanker Ltd says enters 30 month contract with Exxonmobil subsidiary,ExxonMobil,irrelevant,gold_manual
Booking Holdings ordered by CFTC to pay $500 million over mortgage servicing failures,Booking Holdings,relevant,synthetic
Capital One loses retail brokerage unit contract to rival in blow to revenue outlook,Capital One,relevant,synthetic
AbbVie religious discrimination in scheduling lawsuit alleges violation of consumer protection law,AbbVie,irrelevant,synthetic
JPMorgan Chase enters crypto space with new digital token backed by deposits,JPMorgan Chase,relevant,synthetic
"Raytheon issues profit warning, slashes guidance citing supply chain disruptions",Raytheon,relevant,synthetic
Group of Lowe's users file $10M lawsuit alleging sexual harassment in sales division,Lowe's,irrelevant,synthetic
Salesforce board approves new $3.4 billion share repurchase authorization,Salesforce,relevant,synthetic
"RBC Capital Markets boosts Netflix to buy, sees margin recovery underway",Netflix,irrelevant,synthetic
Why is Under Armour stock pares earlier losses today? Here is what we know,Under Armour,irrelevant,synthetic
Broadcom Earnings: 7 Things Investors Should Monitor,Broadcom,irrelevant,synthetic
New Zealand Plans ‘Golden Visa’ Changes to Lure Wealthy Migrants,Visa Inc.,irrelevant,gold_manual
Intel officials detail how Russian cyberattacks sought to interfere with U.S. elections,Intel,irrelevant,gold_manual
Walmart faces new gender discrimination lawsuit from group of loan officers in Pennsylvania court,Walmart,irrelevant,synthetic
'Thank Q': FedEx airlifts barbecue to Irma victims in Florida Keys,FedEx,irrelevant,gold_manual
Adidas takes 12-10 lead over Nike in World Cup shirt deals,"Nike, Inc.",irrelevant,gold_manual
EEOC opens investigation into ConocoPhillips over alleged pregnancy discrimination in pay practices,ConocoPhillips,irrelevant,synthetic
Merck acquires biotech startup in $22.0 billion deal expanding into medical device company,Merck,relevant,synthetic
Booking Holdings employees stage walkout over performance tracking policy,Booking Holdings,irrelevant,synthetic
video rental firms face existential crisis as Wells Fargo enters the market,Wells Fargo,irrelevant,synthetic
"Pfizer, Arvinas Breast Cancer Drug Cuts Progression Risk, Seeks FDA Approval - Arvinas (NASDAQ:ARVN), Pfizer (NYSE:PFE)",Pfizer,relevant,gold_manual
Is Caterpillar's latest airline miles cards worth buying? A consumer review,Caterpillar,irrelevant,synthetic
Costco agrees to sell pharmacy chain for $2.5 billion to consortium of investors,Costco,relevant,synthetic
Visa backlog hits Mexico workers applying for H-1B transfers,Visa,irrelevant,synthetic
T-Mobile's charitable arm commits to $15M disaster response pledge,T-Mobile,irrelevant,synthetic
T-Mobile board approves new $2.5 billion share repurchase authorization,T-Mobile,relevant,synthetic
Filing reveals Allstate has acquired 15% of Pfizer,Allstate,relevant,synthetic
Intel hit with $40M class action over disability accommodation failures,Intel,irrelevant,synthetic
Workers at Waste Management express anger as company eliminates 2000 roles,Waste Management,relevant,synthetic
Morgan Stanley factory worker cited for personal safety violation in Seattle,Morgan Stanley,irrelevant,synthetic
EEOC opens investigation into Colgate-Palmolive over alleged racial discrimination in hiring practices,Colgate-Palmolive,irrelevant,synthetic
Bank of America sales representative charged with embezzling from customer accounts in Denver,Bank of America,irrelevant,synthetic
"Comcast reaches new four-year labor agreement with union representing 2,500 workers",Comcast,relevant,synthetic
"McDonald's recalls 18,000 thousand units over safety defect, faces $180 million repair bill",McDonald's,relevant,synthetic
Tesla updates a redesigned home screen to its checkout flow,Tesla,irrelevant,synthetic
Travelers loses personal lines division contract to rival in blow to revenue outlook,Travelers,relevant,synthetic
JPMorgan Chase net interest income falls 17% as rate environment pressures margins,JPMorgan Chase,relevant,synthetic
Former Costco former chief revenue officer appointed to advisory board of a non-profit board,Costco,irrelevant,synthetic
Could Flipkart be the Vietnam version of Microsoft?,Microsoft,irrelevant,synthetic
Berkshire Hathaway vs competitors: which sneakers is right for you,Berkshire Hathaway,irrelevant,synthetic
How Dollar General's decision to build in Charlotte benefits local workers,Dollar General,irrelevant,synthetic
Mizuho flags Chevron as a company that may need to respond competitively in note on Google merger,Chevron,irrelevant,synthetic
American Express human resources manager arrested for alleged theft from delivery route in Philadelphia,American Express,irrelevant,synthetic
Caterpillar employees say they feel betrayed as 1500 layoffs take effect immediately,Caterpillar,relevant,synthetic
3 retail investors explain why they're sticking with Tesla after its $800 billion wipeout,"Tesla, Inc.",irrelevant,gold_manual
FedEx credit rating upgraded by Moody's citing rising leverage,FedEx,relevant,synthetic
Citigroup threat prompts travel agency industry to lobby for protection,Citigroup,irrelevant,synthetic
"Home Depot hiring more than 80,000 workers for spring",Home Depot (The),irrelevant,gold_manual
"Charles Schwab's Q2: better than feared, outlook encouraging",Charles Schwab,relevant,synthetic
AbbVie CEO joins panel discussion at the Aspen Ideas Festival on climate change and business,AbbVie,irrelevant,synthetic
Eli Lilly employees stage walkout over new attendance tracking system,Eli Lilly,irrelevant,synthetic
Kimberly-Clark chief operating officer says the federal budget requires coordinated global action to address effectively,Kimberly-Clark,irrelevant,synthetic
Lordstown shifts gear to shakier future after GM announcement,General Motors,irrelevant,gold_manual
"Comedian references Visa in viral stand-up set, clip goes viral",Visa,irrelevant,synthetic
"Airbnb finishes 2018 strong, has high hopes for 2019",Airbnb,relevant,synthetic
Amazon executive to speak at the Milken Institute Global Conference on innovation and growth,Amazon,irrelevant,synthetic
Pfizer CEO says COVID-19 vaccine-resistant variant likely to emerge,Pfizer,irrelevant,gold_manual
"Bernstein raises Boeing to overweight, cites market share gains",Boeing,irrelevant,synthetic
General Electric employees stage walkout over healthcare benefit reductions,General Electric,irrelevant,synthetic
Why is UnitedHealth stock underperforms the sector today? Here is what we know,UnitedHealth,irrelevant,synthetic
AT&T CFO scheduled to appear at the MIT Sloan Management Conference investor day,AT&T,irrelevant,synthetic
United Airlines adds real-time tracking to its Vietnam platform,United Airlines,irrelevant,synthetic
Tyson Foods raises full-year guidance after Q3 beat on menu price increases driving revenue,Tyson Foods,relevant,synthetic
Utah lands Colgate-Palmolive investment worth $150M in local economy,Colgate-Palmolive,irrelevant,synthetic
Kimberly-Clark chairman says data privacy law is top of mind for executives across every industry,Kimberly-Clark,irrelevant,synthetic
"Mizuho raises General Motors to hold, sees accelerating revenue growth",General Motors,irrelevant,synthetic
Paramount Global stock outperforms the broader market amid risk-off sentiment,Paramount Global,irrelevant,synthetic
Progressive branch teller faces criminal charges unrelated to employment in Los Angeles,Progressive,irrelevant,synthetic
James Miller joins ExxonMobil as director of government affairs,ExxonMobil,irrelevant,synthetic
IBM employees protest mandatory drug testing policy at headquarters,IBM,irrelevant,synthetic
Republic Services acquires technology startup for $110 million to bolster service company,Republic Services,relevant,synthetic
AbbVie denies wrongdoing in sexual harassment complaint filed by group of retail workers,AbbVie,irrelevant,synthetic
Charles Schwab chief executive says the labor market is a concern shared by businesses of all sizes,Charles Schwab,irrelevant,synthetic
Pfizer enables an updated help center to its cloud console,Pfizer,irrelevant,synthetic
Microsoft human resources manager charged with embezzling from customer accounts in Detroit,Microsoft,irrelevant,synthetic
Group of former Costco branch tellers alleges disability discrimination in federal class-action,Costco,irrelevant,synthetic
Mastercard workers in New York rally to demand end to mandatory arbitration,Mastercard,irrelevant,synthetic
Tourist visa applications from Vietnam surge ahead of summer,Visa,irrelevant,synthetic
Spain pushes for faster US visa processing after backlog grows,Visa,irrelevant,synthetic
ExxonMobil studying options for restructuring energy division,ExxonMobil,irrelevant,synthetic
Chevron drops sponsorship of esports tournament following social media backlash,Chevron,irrelevant,synthetic
Caterpillar in early talks about potential India partnership — no deal imminent,Caterpillar,irrelevant,synthetic
United Airlines loses payments lead to Baidu amid pricing pressure,United Airlines,relevant,synthetic
"General Motors recalls 1,600 thousand units over safety defect, faces $250 million repair bill",General Motors,relevant,synthetic
Airbnb employees say they feel betrayed as 750 layoffs shock the office,Airbnb,relevant,synthetic
Starbucks workers circulate petition calling for remote work flexibility,Starbucks,irrelevant,synthetic
BRIEF-Lyft names Sarah Brown as head of global partnerships,Lyft,irrelevant,synthetic
Airbnb hosts are trying to turn away inauguration rioters. One listing added a photo of Michelle Obama.,Airbnb,irrelevant,gold_manual
Group of former Capital One store managers alleges disability discrimination in federal class-action,Capital One,irrelevant,synthetic
"Stifel trims Target to outperform, cites macro headwinds",Target,irrelevant,synthetic
"Walmart reports Q1 revenue of $8.3 billion, comes in below consensus on strong seasonal demand",Walmart,relevant,synthetic
BlackRock commits $3 million to Pittsburgh food security fund,BlackRock,irrelevant,synthetic
FedEx agrees to $180 million settlement with state attorneys general over market manipulation,FedEx,relevant,synthetic
Morgan Stanley launches cryptocurrency token to streamline payments,Morgan Stanley,relevant,synthetic
AT&T Win Likely To Usher In Era Of Media Megamergers,AT&T,relevant,gold_manual
Visa unveils blockchain-based payment system for enterprise clients,Visa,relevant,synthetic
Alphabet in deal to take over developer tools company for $50.0 billion,Alphabet,relevant,synthetic
McDonald's CEO to deliver keynote at the World Economic Forum in Davos,McDonald's,irrelevant,synthetic
Goldman Sachs workers in Charlotte rally to demand greater transparency in pay practices,Goldman Sachs,irrelevant,synthetic
Costco's Upcoming Earnings: Will the Stock React?,Costco,irrelevant,synthetic
ExxonMobil doubles food security funding to $15 million for 2024,ExxonMobil,irrelevant,synthetic
Progressive settles pay discrimination complaint filed by former manager for undisclosed amount,Progressive,irrelevant,synthetic
Breaking Down Uber Pre-Earnings: Bull vs Bear Case,Uber,irrelevant,synthetic
AT&T CEO says company is 'open to' exploring streaming content opportunities,AT&T,irrelevant,synthetic
"Alphabet loses mortgage servicing failures case, ordered to pay $310 million in penalties",Alphabet,relevant,synthetic
Kimberly-Clark blows past Q1 estimates on pricing power offsetting volume declines,Kimberly-Clark,relevant,synthetic
"Stock Movers: Tesla, IBM, Quantum Computing","Tesla, Inc.",irrelevant,gold_manual
Starbucks workers say morale has collapsed following 1200-person reduction,Starbucks,relevant,synthetic
Procter & Gamble may drop USA Gymnastics sponsorship after sex abuse scandal,Procter & Gamble,relevant,gold_manual
FedEx faces new sexual harassment lawsuit from former financial advisor in New Jersey court,FedEx,irrelevant,synthetic
Announcing Android Cloud Gaming Media Processing Delivery Solutions Based on the New Intel Data Center GPU Codenamed Arctic Sound-M,Intel,relevant,gold_manual
Merck pledges $15 million to mental health initiative,Merck,irrelevant,synthetic
Lowe's employees protest termination of diversity programs at headquarters,Lowe's,irrelevant,synthetic
Lazada aims to be the Meta of streaming in Sweden,Meta,irrelevant,synthetic
"EMMY® Winner Rushion McDonald Celebrates Five Years of Money Making Conversations Master Class, With Special Broadcast on September 27th",McDonald's,irrelevant,gold_manual
Waste Management CFO scheduled to appear at the World Economic Forum in Davos investor day,Waste Management,irrelevant,synthetic
"IBM lowers Q1 outlook, sends shares sharply lower in after-hours trading",IBM,relevant,synthetic
Columbus a big winner in Boeing's new purchase agreement with Boeing,Boeing,irrelevant,synthetic
EEOC opens investigation into Verizon over alleged sexual harassment in promotion decisions,Verizon,irrelevant,synthetic
General Electric rolls out a progress tracker to its cloud console,General Electric,irrelevant,synthetic
US tightens visa rules for South Korea nationals over security concerns,Visa,irrelevant,synthetic
"Morgan Stanley lowers Kimberly-Clark to hold, flags deteriorating pricing power",Kimberly-Clark,irrelevant,synthetic
T-Mobile ordered by EU regulators to pay $380 million over antitrust violations,T-Mobile,relevant,synthetic
Boeing faces pay discrimination lawsuit filed by former employee,Boeing,irrelevant,synthetic
Fitbit employees charged with having stolen trade secrets,AT&T,irrelevant,gold_manual
Nashville officials celebrate as United Airlines selects site for new data center,United Airlines,irrelevant,synthetic
Save big on Morgan Stanley laptops this Black Friday — here is how,Morgan Stanley,irrelevant,synthetic
Schlumberger fills head of global partnerships role with internal promotion of Patricia Miller,Schlumberger,irrelevant,synthetic
Tyson Foods raises full-year guidance after Q4 beat on strong same-store sales growth,Tyson Foods,relevant,synthetic
Mastercard acquires fintech startup for $750 million to bolster fintech startup,Mastercard,relevant,synthetic
Walt Disney customer service representative sued by customer over personal conduct during shift in Detroit,Walt Disney,irrelevant,synthetic
Charles Schwab coin: inside the bank's end-run around traditional payments,Charles Schwab,relevant,synthetic
Morgan Stanley denies wrongdoing in religious discrimination complaint filed by group of warehouse workers,Morgan Stanley,irrelevant,synthetic
Warner Bros. Discovery marketing manager charged with embezzling from customer accounts in Minneapolis,Warner Bros. Discovery,irrelevant,synthetic
T-Mobile retail associate charged with harassment following complaint by coworker in Denver,T-Mobile,irrelevant,synthetic
"Wells Fargo downgrades Netflix to underperform, cites macro headwinds",Netflix,irrelevant,synthetic
3M tests voice search in Atlanta starting this month,3M,irrelevant,synthetic
CSX vs competitors: which food delivery is right for you,CSX,irrelevant,synthetic
Morgan Stanley debuts digital currency for same-day settlement between banks,Morgan Stanley,relevant,synthetic
The DOJ's AT&T-Time Warner case is political: Bibb,AT&T,irrelevant,gold_manual
ExxonMobil delivery driver arrested after incident caught on security camera in Boston,ExxonMobil,irrelevant,synthetic
Nvidia's charitable arm commits to $5M workforce development pledge,Nvidia,irrelevant,synthetic
Surprise exit: BlackRock's presumed future CEO departs after 18 months,BlackRock,relevant,synthetic
"Lowe's announces 10,000 corporate layoffs, shares fall on restructuring news",Lowe's,relevant,synthetic
Ford launches new app and QR code payments in Japan,Ford,irrelevant,synthetic
"Coca-Cola announces 2,500 job cuts in corporate functions amid strategic review",Coca-Cola,relevant,synthetic
"Costco's divestiture deal raises questions about Ford's position, per Oppenheimer",Ford,irrelevant,synthetic
"Starbucks divestiture seen as competitive threat to Republic Services, analyst says",Republic Services,irrelevant,synthetic
"Citi lowers Lowe's to neutral, flags deteriorating pricing power",Lowe's,irrelevant,synthetic
Ohio lands Vanguard investment worth $100M in local economy,Vanguard,irrelevant,synthetic
BlackRock Q1 gross margin widens to 34.7% on record investment banking fees,BlackRock,relevant,synthetic
"Mizuho boosts Chipotle to buy, cites strong earnings visibility",Chipotle,irrelevant,synthetic
Aflac confirms receipt of EPA civil investigative demand over misleading investors,Aflac,relevant,synthetic
Concert at Northrop Grumman Arena draws thousands despite rain,Northrop Grumman,irrelevant,synthetic
Verizon pulls advertising from social media platform following employee pressure,Verizon,irrelevant,synthetic
Goldman Sachs CEO says cryptocurrency regulation will have long-lasting effects on the broader economy,Goldman Sachs,irrelevant,synthetic
Caterpillar stock rises to 52-week high as investors take profits across sectors,Caterpillar,irrelevant,synthetic
"General Electric acknowledges fire risk in charging systems in cardiac device, promises fix within 12 weeks",General Electric,relevant,synthetic
Apple co-founder says the labor market is creating uncertainty for long-term investment decisions,Apple,irrelevant,synthetic
Under Armour loses footwear division contract to rival in blow to revenue outlook,Under Armour,relevant,synthetic
Honeywell president says banking regulation is a concern shared by businesses of all sizes,Honeywell,irrelevant,synthetic
General Electric shares underperforms the sector following weaker-than-expected jobs data,General Electric,irrelevant,synthetic
Amazon expands health monitoring tool to Italy with 50000 pilot users,Amazon,irrelevant,synthetic
ServiceNow Field hosts record crowd for playoff game,ServiceNow,irrelevant,synthetic
Nike software engineer arrested after incident caught on security camera in Minneapolis,Nike,irrelevant,synthetic
Pfizer releases a new tips section to its banking app,Pfizer,irrelevant,synthetic
How Amazon's merger could reshape the competitive landscape for 3M,3M,irrelevant,synthetic
Australia startup billed as the 'Waste Management of Asia' raises $500M,Waste Management,irrelevant,synthetic
Meet Australia's answer to Nvidia — and why it's growing fast,Nvidia,irrelevant,synthetic
Walmart Q4 operating income surges 12% on strong online sales penetration,Walmart,relevant,synthetic
Deere & Company's investment in Fidelity signals strategic interest in cloud computing,Deere & Company,relevant,synthetic
Fort Collins a big winner in Home Depot's new purchase agreement with Amazon,Home Depot,irrelevant,synthetic
travel agency giants struggle as Salesforce enters the market,Salesforce,irrelevant,synthetic
Progressive blows past Q3 estimates on strong personal auto pricing,Progressive,relevant,synthetic
Tourist spots near Amazon campus rank among best in the area,Amazon,irrelevant,synthetic
General Electric market share slips as Huawei gains ground in semiconductor revenue,General Electric,relevant,synthetic
Microsoft former chief revenue officer departs to become partner at a rival startup,Microsoft,irrelevant,synthetic
Verizon names former rival executive as new chief executive following CEO transition,Verizon,relevant,synthetic
Allstate faces new disability discrimination lawsuit from former executive in Michigan court,Allstate,irrelevant,synthetic
Aflac Foundation launches $50M initiative for climate action,Aflac,irrelevant,synthetic
Ralph Lauren shares trade lower as the S&P 500 drops — no new company news,Ralph Lauren,irrelevant,synthetic
Concert at Salesforce Arena draws thousands despite rain,Salesforce,irrelevant,synthetic
Johnson & Johnson faces $3.4 billion fine from CFPB over market manipulation,Johnson & Johnson,relevant,synthetic
Broadcom exec admits braking problems with Model 3 model after pressure mounts,Broadcom,relevant,synthetic
New documentary examines working conditions at Netflix suppliers overseas,Netflix,irrelevant,synthetic
UPS unveils three-year plan to cut costs by $0.8 billion,UPS,relevant,synthetic
"Goldman Sachs upgrades Comcast to hold, cites strong earnings visibility",Comcast,irrelevant,synthetic
Surprise exit: FedEx's presumed future CEO departs after 12 months,FedEx,relevant,synthetic
Work visa approvals fall as Spain professionals face longer waits,Visa,irrelevant,synthetic
Morgan Stanley Analyst Sees Long-term Growth Opportunities in Undervalued FIS Stock,Morgan Stanley,irrelevant,gold_manual
McDonald's Q2 Earnings: Analyst Estimates and Key Metrics to Watch,McDonald's,irrelevant,synthetic
"Dow posts Q3 net income of $1.2 billion, comes in below consensus",Dow,relevant,synthetic
Intel announces Michael Thompson as new head of investor relations,Intel,irrelevant,synthetic
Kimberly-Clark president says cryptocurrency regulation presents both risks and opportunities for the private sector,Kimberly-Clark,irrelevant,synthetic
Mother's Day: the best General Motors televisions deals you can get right now,General Motors,irrelevant,synthetic
Travelers announces $10M donation to support climate action,Travelers,irrelevant,synthetic
"Nvidia lowers Q2 outlook, sends shares sharply lower in after-hours trading",Nvidia,relevant,synthetic
Dow settles religious discrimination complaint filed by former manager for undisclosed amount,Dow,irrelevant,synthetic
The video rental industry's answer to the Raytheon challenge,Raytheon,irrelevant,synthetic
University of Colorado confirms reinstatement of student visas after White House reversal,Visa Inc.,irrelevant,gold_manual
"Oracle reports 21% drop in quarterly revenue, cuts annual guidance",Oracle,relevant,synthetic
IDC ranks ConocoPhillips as the leading provider in digital advertising,ConocoPhillips,irrelevant,synthetic
FedEx's Upcoming Earnings: Will the Stock React?,FedEx,irrelevant,synthetic
This AI Stock Is Up 254% Year-To-Date — And It's Not Nvidia,Nvidia,irrelevant,gold_manual
Warren Buffett should approve of the life lessons offered by his Twitter impersonator,Berkshire Hathaway,irrelevant,gold_manual
Kraft Heinz sued by group of loan officers alleging gender discrimination in scheduling practices,Kraft Heinz,irrelevant,synthetic
UnitedHealth says full-year revenue will fall short of prior guidance by 6%,UnitedHealth,relevant,synthetic
Wells Fargo settles racial harassment complaint filed by group of retail workers for undisclosed amount,Wells Fargo,irrelevant,synthetic
"Deutsche Bank raises Salesforce to neutral, calls valuation compelling after selloff",Salesforce,irrelevant,synthetic
FedEx recruits David Taylor from Microsoft as head of sustainability,FedEx,irrelevant,synthetic
Broadcom and Google Cloud Announce License Portability Support for VMware Cloud Foundation on Google Cloud VMware Engine,Broadcom,relevant,gold_manual
"Merck recalls 4,000 thousand units over safety defect, faces $110 million repair bill",Merck,relevant,synthetic
Analysts Divided on Adobe Heading Into Q3 Report,Adobe,irrelevant,synthetic
AbbVie co-founder says geopolitical tensions cannot be solved by the private sector alone,AbbVie,irrelevant,synthetic
PepsiCo cited as top player in e-commerce by Goldman Sachs Research industry survey,PepsiCo,irrelevant,synthetic
Kraft Heinz Q2 operating income surges 24% on menu price increases driving revenue,Kraft Heinz,relevant,synthetic
Citigroup to pay $12 million in connection with a disclosure timing issue investigation,Citigroup,irrelevant,synthetic
General Motors faces consumer boycott over overseas manufacturing practices,General Motors,irrelevant,synthetic
Former Chevron software engineer files racial harassment complaint with EEOC,Chevron,irrelevant,synthetic
McDonald's chief operating officer says banking regulation presents both risks and opportunities for the private sector,McDonald's,irrelevant,synthetic
Emerson Electric president says deficit spending cannot be solved by the private sector alone,Emerson Electric,irrelevant,synthetic
Alphabet faces $20M lawsuit over pregnancy discrimination in hiring,Alphabet,irrelevant,synthetic
Schlumberger appoints Richard Jackson to newly created head of investor relations position,Schlumberger,irrelevant,synthetic
Microsoft is allegedly creating a Slack competitor,Microsoft,irrelevant,gold_manual
Concert at Boeing Arena draws thousands despite rain,Boeing,irrelevant,synthetic
Texas lands MetLife investment worth $100M in local economy,MetLife,irrelevant,synthetic
Mark Moore joins Ford as head of digital marketing,Ford,irrelevant,synthetic
General Electric denies wrongdoing in pregnancy discrimination complaint filed by former manager,General Electric,irrelevant,synthetic
House Republicans tell Facebook to preserve any FBI communications on Hunter Biden laptop story,Meta Platforms,irrelevant,gold_manual
DuPont introduces an updated help center to its banking app,DuPont,irrelevant,synthetic
T-Mobile reaches $35 million agreement with EEOC to resolve a minor data handling violation,T-Mobile,irrelevant,synthetic
iQiyi aims to be the General Electric of streaming in Indonesia,General Electric,irrelevant,synthetic
Colgate-Palmolive fills head of sustainability role with internal promotion of Emily Thomas,Colgate-Palmolive,irrelevant,synthetic
Meta shares trade lower on no company-specific news — no new company news,Meta,irrelevant,synthetic
Charles Schwab ranks among Time's 100 most influential companies for the first time,Charles Schwab,irrelevant,synthetic
retail banking braces for impact as Adobe prepares to enter market,Adobe,irrelevant,synthetic
ConocoPhillips rolls out in-app tipping in Spain ahead of broader rollout,ConocoPhillips,irrelevant,synthetic
Yum Brands logistics coordinator arrested after incident caught on security camera in Philadelphia,Yum Brands,irrelevant,synthetic
Tesla workers in Charlotte rally to demand improved workplace safety standards,Tesla,irrelevant,synthetic
General Motors named to LinkedIn's top companies to work for for the second straight year,General Motors,irrelevant,synthetic
EEOC opens investigation into Dollar General over alleged racial harassment in hiring practices,Dollar General,irrelevant,synthetic
Travelers Field hosts record crowd for playoff game,Travelers,irrelevant,synthetic
Baidu vs Walgreens: who wins the France market?,Walgreens,irrelevant,synthetic
"Tesla, Apple Face Dicey Future as China Reopens Factories Amid Coronavirus","Tesla, Inc.",irrelevant,gold_manual
Premarket: China tariffs; Facebook's Zuckerberg speaks; Nike earnings,"Nike, Inc.",irrelevant,gold_manual
"Stellantis loses misleading investors case, ordered to pay $180 million in penalties",Stellantis,relevant,synthetic
AT&T sued by group of delivery drivers alleging gender discrimination in scheduling practices,AT&T,irrelevant,synthetic
Boeing announces $7M donation to support housing affordability,Boeing,irrelevant,synthetic
Travelers ends partnership with podcast host after content moderation controversy,Travelers,irrelevant,synthetic
Charles Schwab former president departs to become partner at a healthcare company,Charles Schwab,irrelevant,synthetic
Nike customer service representative sued by customer over personal conduct during shift in Seattle,Nike,irrelevant,synthetic
"Stifel raises Kimberly-Clark to hold, calls recent dip a buying opportunity",Kimberly-Clark,irrelevant,synthetic
"Jefferies boosts Mastercard to outperform, calls recent dip a buying opportunity",Mastercard,irrelevant,synthetic
Report: Salesforce evaluating strategic alternatives — company declines to comment,Salesforce,irrelevant,synthetic
"Barclays trims Northrop Grumman to hold, says near-term catalysts are limited",Northrop Grumman,irrelevant,synthetic
Local school renamed after DuPont founder despite community debate,DuPont,irrelevant,synthetic
Waste Management credit rating placed on negative watch by DBRS citing elevated debt levels,Waste Management,relevant,synthetic
ExxonMobil adds an updated help center to its customer app,ExxonMobil,irrelevant,synthetic
General Motors pulls advertising from podcast network following personal scandal,General Motors,irrelevant,synthetic
"Goldman Sachs lowers Comcast to sell, flags margin pressure ahead",Comcast,irrelevant,synthetic
"Morgan Stanley upgrades Target to sell, sees multiple expansion ahead",Target,irrelevant,synthetic
"Stifel downgrades Nike to outperform, flags deteriorating pricing power",Nike,irrelevant,synthetic
Amazon lays out roadmap to 6% operating margin by 2025,Amazon,relevant,synthetic
IBM raises quarterly dividend 4% to $0.85 per share,IBM,relevant,synthetic
Procter & Gamble to merge with apparel brand in $1.2 billion combination,Procter & Gamble,relevant,synthetic
Report: Eli Lilly in early discussions about a joint venture — company declines to comment,Eli Lilly,irrelevant,synthetic
Ralph Lauren to spin off its feminine care brands as a standalone publicly traded company,Ralph Lauren,relevant,synthetic
EEOC opens investigation into Meta over alleged pregnancy discrimination in termination policies,Meta,irrelevant,synthetic
Bank of America chief executive says inflation cannot be solved by the private sector alone,Bank of America,irrelevant,synthetic
Raytheon names former rival executive as new chief executive following board review,Raytheon,relevant,synthetic
Kimberly-Clark launches new app and two-factor authentication in Poland,Kimberly-Clark,irrelevant,synthetic
UnitedHealth faces class-action lawsuit over alleged pregnancy discrimination among financial advisors,UnitedHealth,irrelevant,synthetic
EEOC opens investigation into Nike over alleged gender discrimination in workplace culture,Nike,irrelevant,synthetic
Booking Holdings cuts full-year guidance citing rising driver and host supply costs,Booking Holdings,relevant,synthetic
Starbucks is dealing with a white collar rebellion as corporate workers sound off over the return-to-office mandate and alleged union busting,Starbucks,relevant,gold_manual
CSX ranks among Glassdoor's top-rated employers for the third consecutive year,CSX,irrelevant,synthetic
Allstate introduces a progress tracker to its streaming platform,Allstate,irrelevant,synthetic
Tyson Foods rolls out new color themes to its streaming platform,Tyson Foods,irrelevant,synthetic
Christopher Nolan movie 'Tenet' delayed again amid coronavirus outbreak,AT&T,irrelevant,gold_manual
"Warren Buffett Sold His Only REIT Last Year, But He's Betting Big On Housing With Three New Investments",Berkshire Hathaway,relevant,gold_manual
CVS Health unveils three-year plan to cut costs by $1.2 billion,CVS Health,relevant,synthetic
Goldman Sachs faces criticism from advocacy groups over environmental claims on packaging,Goldman Sachs,irrelevant,synthetic
traditional advertising giants struggle as Nvidia enters the market,Nvidia,irrelevant,synthetic
Oracle agrees to sell cloud division for $2.5 billion to consortium of investors,Oracle,relevant,synthetic
Australia could deny Ye a visa because of his antisemitic remarks,Visa Inc.,irrelevant,gold_manual
AbbVie snaps up biotech startup for $380 million in bolt-on acquisition,AbbVie,relevant,synthetic
back-to-school season: the best Emerson Electric credit cards deals you can get right now,Emerson Electric,irrelevant,synthetic
Apple divests advertising business in $14.0 billion deal as part of strategic review,Apple,relevant,synthetic
AT&T software engineer cited for personal safety violation in Minneapolis,AT&T,irrelevant,synthetic
Visa branch teller charged with assault following workplace altercation in Atlanta,Visa,irrelevant,synthetic
Wells Fargo rolls out fingerprint login to its enterprise dashboard,Wells Fargo,irrelevant,synthetic
Dow acquires service company for $180 million to bolster technology startup,Dow,relevant,synthetic
Norfolk Southern customer service representative arrested for allegedly cashing fraudulent checks in Charlotte,Norfolk Southern,irrelevant,synthetic
Morgan Stanley says it was 'too slow' to address blood glucose monitor braking problems,Morgan Stanley,relevant,synthetic
Accenture agrees to $180 million settlement with CFTC over mortgage servicing failures,Accenture,relevant,synthetic
Visa settles gender discrimination complaint filed by group of delivery drivers for undisclosed amount,Visa,irrelevant,synthetic
Nvidia says it was 'too slow' to address flagship phone braking problems,Nvidia,relevant,synthetic
3M chief executive says global trade is creating uncertainty for long-term investment decisions,3M,irrelevant,synthetic
Tourist spots near CSX campus rank among best in the area,CSX,irrelevant,synthetic
"Evercore ISI cuts Apple to buy, flags margin pressure ahead",Apple,irrelevant,synthetic
MetLife's charitable arm commits to $7M veterans support pledge,MetLife,irrelevant,synthetic
9 Disturbing Stories From People Who Say They Found Cameras in Their Airbnb,Airbnb,irrelevant,gold_manual
"Deutsche Bank upgrades Walt Disney to buy, cites market share gains",Walt Disney,irrelevant,synthetic
CSX activist investor discloses $0.8 billion stake pushes for margin improvement,CSX,relevant,synthetic
Meta updates two-factor authentication prompts to its mobile app,Meta,irrelevant,synthetic
Netflix retail associate arrested in connection with unrelated drug charges in Philadelphia,Netflix,irrelevant,synthetic
Allstate blows past Q1 estimates on strong personal auto pricing,Allstate,relevant,synthetic
New on Netflix in November 2025 — The Full List of Movies and TV Shows,Netflix,irrelevant,gold_manual
"Deutsche Bank raises Airbnb to equal weight, sees margin recovery underway",Airbnb,irrelevant,synthetic
Comcast co-founder says immigration policy demands a thoughtful policy response from legislators,Comcast,irrelevant,synthetic
McDonald's to present at the Goldman Sachs Communacopia conference next month,McDonald's,irrelevant,synthetic
Yum Brands cuts full-year guidance citing weaker-than-expected menu pricing,Yum Brands,relevant,synthetic
The Morgan Stanley Foundation Increases climate action Commitment To $50 Million,Morgan Stanley,irrelevant,synthetic
BlackRock employees sign open letter opposing changes to remote work flexibility,BlackRock,irrelevant,synthetic
Procter & Gamble store manager arrested for alleged theft from delivery route in Seattle,Procter & Gamble,irrelevant,synthetic
How FedEx's decision to build in Cincinnati benefits local workers,FedEx,irrelevant,synthetic
CVS Health board approves new $14.0 billion share repurchase authorization,CVS Health,relevant,synthetic
"Honeywell delivers Q4 beat, guides higher for the year",Honeywell,relevant,synthetic
Bank of America's Upcoming Earnings: Will the Stock React?,Bank of America,irrelevant,synthetic
Travelers president says immigration policy is creating uncertainty for long-term investment decisions,Travelers,irrelevant,synthetic
Airbnb former CEO leaves to join a venture capital fund in senior role,Airbnb,irrelevant,synthetic
Capital One chairman says global trade is the biggest challenge facing businesses today,Capital One,irrelevant,synthetic
Save big on Walt Disney headphones this Mother's Day — here is how,Walt Disney,irrelevant,synthetic
"JPMorgan upgrades ExxonMobil to underperform, cites strong earnings visibility",ExxonMobil,irrelevant,synthetic
EEOC opens investigation into Alphabet over alleged gender discrimination in pay practices,Alphabet,irrelevant,synthetic
Charles Schwab enters crypto space with new digital token backed by deposits,Charles Schwab,relevant,synthetic
Karen Johnson joins Qualcomm as head of global partnerships,Qualcomm,irrelevant,synthetic
"Costco sees Q3 revenue of $5.1 billion, below prior guidance and analyst consensus",Costco,relevant,synthetic
Aflac workers vote to unionize at its largest facility,Aflac,relevant,synthetic
Meta unit sales miss as Alibaba captures 30% of market,Meta,relevant,synthetic
"Deere & Company announces 18,000 job cuts in consumer unit amid cost reduction program",Deere & Company,relevant,synthetic
EVTC Stock Price - Evertec Inc. Stock Quote (U.S.: NYSE),Visa Inc.,irrelevant,gold_manual
Johnson & Johnson global sales trail Google for the third straight quarter,Johnson & Johnson,relevant,synthetic
Progressive delivery driver faces criminal charges unrelated to employment in Minneapolis,Progressive,irrelevant,synthetic
Aflac human resources manager arrested for allegedly cashing fraudulent checks in Charlotte,Aflac,irrelevant,synthetic
Why is UnitedHealth stock edges higher today? Here is what we know,UnitedHealth,irrelevant,synthetic
Chevron faces consumer boycott over price increase practices,Chevron,irrelevant,synthetic
Report: Goldman Sachs holds 22% market share in enterprise software per IDC,Goldman Sachs,irrelevant,synthetic
Northrop Grumman to present at the MIT Sloan Management Conference next month,Northrop Grumman,irrelevant,synthetic
Goldman Sachs launches spending insights tab to its cloud console,Goldman Sachs,irrelevant,synthetic
UnitedHealthcare increases housing investments,UnitedHealth Group,relevant,gold_manual
Northrop Grumman board approves new $5.1 billion share repurchase authorization,Northrop Grumman,relevant,synthetic
Yum Brands raises quarterly dividend 47% to $1.10 per share,Yum Brands,relevant,synthetic
"Lawsuit filed against American Express over disability accommodation failures, seeks $25M",American Express,irrelevant,synthetic
Morgan Stanley Q4 earnings of $1.22 per share tops expectations,Morgan Stanley,relevant,synthetic
Former DuPont factory worker files disability discrimination complaint with EEOC,DuPont,irrelevant,synthetic
Group of HCA Healthcare users file $25M lawsuit alleging pregnancy discrimination in hiring,HCA Healthcare,irrelevant,synthetic
Capital One agrees to $25 million penalty over an advertising standards complaint,Capital One,irrelevant,synthetic
"FedEx's restructuring deal raises questions about Tesla's position, per UBS",Tesla,irrelevant,synthetic
This Digital Sheriff Helps Cities Wrangle Airbnb Rules,Airbnb,irrelevant,gold_manual
Tesla acquires charging network operator for $180 million to bolster auto software company,Tesla,relevant,synthetic
American Express Earnings Preview: What Analysts Are Watching This Quarter,American Express,irrelevant,synthetic
This 75-year-old NASA legend has been working in secret for 10 years building a startup that wants to outdo Intel and Google,Intel,irrelevant,gold_manual
"Ralph Lauren loses misleading investors case, ordered to pay $110 million in penalties",Ralph Lauren,relevant,synthetic
Uber Q3 gross margin narrows to 23.8% on strong international travel volumes,Uber,relevant,synthetic
Salesforce raises quarterly dividend 15% to $0.45 per share,Salesforce,relevant,synthetic
"Boeing turns in a Q1 quarter investors had feared, stock drops",Boeing,relevant,synthetic
Cramer: Here's why it's a remarkable quarter for Procter & Gamble and DuPont,Procter & Gamble,relevant,gold_manual
JPMorgan Chase acknowledges medical device defect after 100000 customer complaints,JPMorgan Chase,relevant,synthetic
5-year-old finds camera in Starbucks bathroom,Starbucks,irrelevant,gold_manual
"TD Cowen upgrades Home Depot to neutral, sees multiple expansion ahead",Home Depot,irrelevant,synthetic
"Needham cuts Deere & Company to overweight, flags margin pressure ahead",Deere & Company,irrelevant,synthetic
"Bloomberg: 3M weighing a potential spinoff, though talks are preliminary",3M,irrelevant,synthetic
Broadcom stock dinged in final minutes on report Apple working on its own WiFi/Bluetooth chips,Broadcom,relevant,gold_manual
"In a surprise, Progressive Q1 comes in ahead — stock rallies after hours",Progressive,relevant,synthetic
"RBC Capital Markets cuts Citigroup to underperform, flags deteriorating pricing power",Citigroup,irrelevant,synthetic
How grocery stores restock shelves in the age of coronavirus,Visa Inc.,irrelevant,gold_manual
Citi flags Microsoft as a company that could benefit from the deal in note on Goldman Sachs joint venture,Microsoft,irrelevant,synthetic
Boeing market share slips as Google gains ground in enterprise software,Boeing,relevant,synthetic
BlackRock divests international operations in $14.0 billion deal as part of strategic review,BlackRock,relevant,synthetic
Visa CEO confirms Bank of America has made strategic investment in company,Bank of America,relevant,synthetic
Lockheed Martin delivery driver arrested in connection with unrelated drug charges in Houston,Lockheed Martin,irrelevant,synthetic
Bernstein flags BlackRock as a likely target in a broader sector consolidation in note on Walmart merger,BlackRock,irrelevant,synthetic
"Piper Sandler cuts Johnson & Johnson to hold, flags execution risks",Johnson & Johnson,irrelevant,synthetic
Walt Disney confirms receipt of DOJ civil investigative demand over data privacy violations,Walt Disney,relevant,synthetic
"TwinSpires offer code for Preakness Stakes 2025: Get up to $400 in bonus funds, site review, promos",Visa Inc.,irrelevant,gold_manual
Intel tests personalized feed in Phoenix starting this month,Intel,irrelevant,synthetic
Raytheon's market share lags Microsoft by widest margin in 5 years,Raytheon,relevant,synthetic
Is Uber's latest televisions worth buying? A consumer review,Uber,irrelevant,synthetic
"RBC Capital Markets cuts Allstate to underperform, cites slowing demand environment",Allstate,irrelevant,synthetic
Robinhood coin: Robinhood's new digital currency explained,Robinhood,relevant,synthetic
Vanguard promotes Linda Williams to head of investor relations,Vanguard,irrelevant,synthetic
Oracle blows past Q4 estimates on AI-driven demand acceleration,Oracle,relevant,synthetic
Consumer guide: DuPont home appliances ranked and reviewed,DuPont,irrelevant,synthetic
Target founder concedes medical device fell short of safety standards,Target,relevant,synthetic
AbbVie fills head of global partnerships role with internal promotion of Sarah Moore,AbbVie,irrelevant,synthetic
"Morgan Stanley lowers Uber to overweight, flags deteriorating pricing power",Uber,irrelevant,synthetic
Starbucks chief operating officer says interest rates will shape business strategy for years to come,Starbucks,irrelevant,synthetic
Uber chief executive says global trade is something all companies need to take seriously,Uber,irrelevant,synthetic
Raytheon updates a new rewards tracker to its mobile app,Raytheon,irrelevant,synthetic
Uber acquires travel technology company for $380 million to bolster ride-sharing operator,Uber,relevant,synthetic
"In a surprise, Kraft Heinz Q2 surges — stock rallies after hours",Kraft Heinz,relevant,synthetic
"ServiceNow CEO departs following board review, board names internal successor",ServiceNow,relevant,synthetic
Oracle financial advisor arrested in connection with unrelated drug charges in Minneapolis,Oracle,irrelevant,synthetic
"Deutsche Bank upgrades Target to underperform, cites strong earnings visibility",Target,irrelevant,synthetic
"Mark Zuckerberg's PR Team Couldn't Stop Him From Posting: 'My Spine Has Been Surgically Removed,' Said Former Facebook Exec",Meta Platforms,irrelevant,gold_manual
Insiders at Uber describe chaos as 5000 jobs cut without warning,Uber,relevant,synthetic
Tyson Foods sued by group of former employees alleging pay discrimination in scheduling practices,Tyson Foods,irrelevant,synthetic
Uber agrees to sell freight business for $0.8 billion to private equity firm,Uber,relevant,synthetic
Hollywood is skeptical that Disney CEO Bob Iger will step down in 2026 as successor search continues,Walt Disney Company (The),relevant,gold_manual
Mastercard warns Q1 results will miss estimates due to net interest margin compression,Mastercard,relevant,synthetic
Charles Schwab faces class-action lawsuit over alleged pregnancy discrimination among human resources managers,Charles Schwab,irrelevant,synthetic
cable braces for impact as United Airlines prepares to enter market,United Airlines,irrelevant,synthetic
2000 BlackRock workers lose jobs in latest round of cost-cutting,BlackRock,relevant,synthetic
Morgan Stanley appoints Karen Williams to newly created head of supply chain analytics position,Morgan Stanley,irrelevant,synthetic
3M to present at the Milken Institute Global Conference next month,3M,irrelevant,synthetic
Phil Mickelson: Golfer's trophy drought continues,AT&T,irrelevant,gold_manual
Mary Barra Is Still Committed to General Motors’ EV Push Amid Industry Challenges,General Motors,relevant,gold_manual
Waste Management customer service representative charged with embezzling from customer accounts in Seattle,Waste Management,irrelevant,synthetic
"Wells Fargo lowers General Electric to overweight, lowers price target on earnings miss",General Electric,irrelevant,synthetic
UnitedHealth CFO says energy policy is something all companies need to take seriously,UnitedHealth,irrelevant,synthetic
William Moore once seen as possible AbbVie CEO successor now out at company,AbbVie,relevant,synthetic
Analyst says McDonald's divestiture positions the company ahead of Meta,Meta,irrelevant,synthetic
Kimberly-Clark releases enhanced map view to its streaming platform,Kimberly-Clark,irrelevant,synthetic
Wirex To Launch Multi-currency Wirex Mastercard Card,Mastercard,irrelevant,gold_manual
How Chevron's decision to build in Atlanta benefits local workers,Chevron,irrelevant,synthetic
Republic Services announces $1.8 billion share buyback program,Republic Services,relevant,synthetic
HCA Healthcare rolls out push notifications in Japan ahead of broader rollout,HCA Healthcare,irrelevant,synthetic
Nike employees say they feel betrayed as 2000 layoffs sweep through divisions,Nike,relevant,synthetic
JPMorgan Chase denies wrongdoing in religious discrimination complaint filed by former engineer,JPMorgan Chase,irrelevant,synthetic
Amazon refreshes two-factor authentication prompts to its enterprise dashboard,Amazon,irrelevant,synthetic
"Procter & Gamble Q3 results: beats on top and bottom line, raises outlook",Procter & Gamble,relevant,synthetic
Amazon shares pulls back from record highs as the S&P 500 drops,Amazon,irrelevant,synthetic
General Motors fined $40 million by state attorneys general over a product labeling issue,General Motors,irrelevant,synthetic
"Sources: Airbnb exploring a buyout of a rival — no deal imminent, sources say",Airbnb,irrelevant,synthetic
Tesla recruits John Anderson from McKinsey as VP of human resources,Tesla,irrelevant,synthetic
Former Northrop Grumman former general counsel named to lead a healthcare company,Northrop Grumman,irrelevant,synthetic
Ford rolls out a new rewards tracker to its employee portal,Ford,irrelevant,synthetic
Charles Schwab chairman says cryptocurrency regulation is moving in the right direction but more work remains,Charles Schwab,irrelevant,synthetic
Mastercard promotes Emily Jackson to head of sustainability,Mastercard,irrelevant,synthetic
'Charles Schwab has changed': employees describe fallout from 1500 job cuts,Charles Schwab,relevant,synthetic
"Verizon loses misleading investors case, ordered to pay $180 million in penalties",Verizon,relevant,synthetic
"Sources: General Electric looking at entering the healthcare market — no deal imminent, sources say",General Electric,irrelevant,synthetic
How Starbucks's joint venture could reshape the competitive landscape for Verizon,Verizon,irrelevant,synthetic
'Chasing Cameron' Review: Cameron Dallas' Netflix show is propaganda with teeth,Netflix,irrelevant,gold_manual
Robinhood debuts digital currency for same-day settlement between banks,Robinhood,relevant,synthetic
"Progressive may exit Singapore amid regulatory uncertainty, sources say",Progressive,irrelevant,synthetic
Visa releases dark mode to its enterprise dashboard,Visa,irrelevant,synthetic
Walmart introduces enhanced map view to its website,Walmart,irrelevant,synthetic
A Trump Manhattan hush money conviction would punch a hole in his election hopes: report,Visa Inc.,irrelevant,gold_manual
Nvidia to acquire enterprise software company for $90.0 billion in all-stock deal,Nvidia,relevant,synthetic
"Goldman Sachs issues profit warning, slashes guidance citing rising loan loss provisions",Goldman Sachs,relevant,synthetic
The Coca-Cola Foundation Increases hunger relief Commitment To $25 Million,Coca-Cola,irrelevant,synthetic
Starbucks tops the Street on both revenue and earnings in Q3,Starbucks,relevant,synthetic
Warren Buffett sounds blunt warning on trade war,Berkshire Hathaway,irrelevant,gold_manual
Charles Schwab issues $1.8 billion in senior notes to fund strategic acquisitions,Charles Schwab,relevant,synthetic
Merck releases accessibility improvements to its enterprise dashboard,Merck,irrelevant,synthetic
PepsiCo to acquire restaurant chain for $3.0 billion in stock-and-cash transaction,PepsiCo,relevant,synthetic
Analysts Divided on BlackRock Heading Into Q4 Report,BlackRock,irrelevant,synthetic
"DuPont reports Q1 revenue of $1.8 billion, beats analyst estimates on strong volume growth",DuPont,relevant,synthetic
Fidelity revenue growth trails Aldi for 4 straight quarters,Fidelity,relevant,synthetic
AT&T's revenue lags Target by widest margin in 3 years,AT&T,relevant,synthetic
Stellantis faces social media campaign targeting ingredient sourcing policies,Stellantis,irrelevant,synthetic
Tesla acquires charging network operator in $1.2 billion deal expanding into auto software company,Tesla,relevant,synthetic
AT&T denies wrongdoing in racial discrimination complaint filed by group of former employees,AT&T,irrelevant,synthetic
"Citi trims Lockheed Martin to neutral, flags execution risks",Lockheed Martin,irrelevant,synthetic
"UPS CFO announces departure, company names industry outsider as replacement",UPS,relevant,synthetic
"Piper Sandler boosts Waste Management to sell, calls valuation compelling after selloff",Waste Management,irrelevant,synthetic
Bank of America extends fintech feature trial to Sweden and Indonesia,Bank of America,irrelevant,synthetic
"Ford names Jim Hackett CEO, replacing Mark Fields, amid management shake-up",Ford Motor Company,relevant,gold_manual
"Airbnb to eliminate 12,000 positions as part of $1.2 billion cost reduction plan",Airbnb,relevant,synthetic
Surprise exit: Progressive's presumed future CEO departs after 6 months,Progressive,relevant,synthetic
PepsiCo pays $25 million to settle an environmental reporting error complaint with EEOC,PepsiCo,irrelevant,synthetic
"Stifel raises Aflac to underperform, cites market share gains",Aflac,irrelevant,synthetic
JPMorgan Chase launches cryptocurrency token to streamline payments,JPMorgan Chase,relevant,synthetic
Mastercard loses senior executive seen as heir apparent to CFO,Mastercard,relevant,synthetic
Walmart denies wrongdoing in disability discrimination complaint filed by former employee,Walmart,irrelevant,synthetic
"Kimberly-Clark CFO announces resignation, company names Wall Street veteran as replacement",Kimberly-Clark,relevant,synthetic
DuPont district manager faces personal lawsuit unrelated to company activities in Denver,DuPont,irrelevant,synthetic
Earnings Scorecard: Wal-Mart Q4 2016 Enjoyed Its Best Quarter In 4 Years,Walmart,relevant,gold_manual
"Procter & Gamble acknowledges battery overheating issues in commercial aircraft, promises fix within 12 weeks",Procter & Gamble,relevant,synthetic
How Walmart's joint venture could reshape the competitive landscape for Comcast,Comcast,irrelevant,synthetic
Deere & Company stock outperforms the broader market following broader macro concerns,Deere & Company,irrelevant,synthetic
DuPont software engineer charged with running fraud scheme at local branch in Phoenix,DuPont,irrelevant,synthetic
ServiceNow executive to speak at the Milken Institute Global Conference on the global supply chain,ServiceNow,irrelevant,synthetic
UnitedHealth said to be mulling a share buyback in early-stage discussions,UnitedHealth,irrelevant,synthetic
"Starbucks turns in a Q4 quarter investors had feared, stock drops",Starbucks,relevant,synthetic
Tourist visa applications from Vietnam surge ahead of summer,Visa,irrelevant,synthetic
Denver touts economic windfall from Allstate's new distribution center,Allstate,irrelevant,synthetic
City council debates naming rights deal for stadium near Goldman Sachs offices,Goldman Sachs,irrelevant,synthetic
ServiceNow chairman says global trade demands a thoughtful policy response from legislators,ServiceNow,irrelevant,synthetic
UPS to acquire logistics startup for $3.4 billion in all-stock deal,UPS,relevant,synthetic
"Needham lowers Mondelez to neutral, sees limited upside from current levels",Mondelez,irrelevant,synthetic
Apple said to be evaluating strategic alternatives in early-stage discussions,Apple,irrelevant,synthetic
Former Uber store manager files pregnancy discrimination complaint with EEOC,Uber,irrelevant,synthetic
UPS recognized on Fortune's most admired companies list for workplace culture,UPS,irrelevant,synthetic
Concert at Merck Arena draws thousands despite rain,Merck,irrelevant,synthetic
Bank of America chief operating officer says cryptocurrency regulation is creating uncertainty for long-term investment decisions,Bank of America,irrelevant,synthetic
Tourist spots near Salesforce campus rank among best in the area,Salesforce,irrelevant,synthetic
Comcast faces new disability discrimination lawsuit from group of retail workers in Illinois court,Comcast,irrelevant,synthetic
SoftBank vs T-Mobile: who wins the India market?,T-Mobile,irrelevant,synthetic
Visa to pay $30 million in connection with a minor labor board finding investigation,Visa,irrelevant,synthetic
Walmart executive to speak at the Allen & Company Sun Valley conference on workforce transformation,Walmart,irrelevant,synthetic
Charles Schwab refreshes enhanced map view to its developer portal,Charles Schwab,irrelevant,synthetic
Morning Agenda: The Wells Fargo Clawback,Wells Fargo,relevant,gold_manual
Uber's new distribution center in Nashville to employ 200 by 2015,Uber,irrelevant,synthetic
Verizon customer service representative faces personal lawsuit unrelated to company activities in Chicago,Verizon,irrelevant,synthetic
Home Depot rolls out enhanced map view to its customer portal,Home Depot,irrelevant,synthetic
Donald Duck Appears on a Custom Episode of Hot Ones as The Walt Disney Company Continues Celebrating 90 Years of the Iconic Duck,Walt Disney Company (The),irrelevant,gold_manual
Stellantis introduces a progress tracker to its cloud console,Stellantis,irrelevant,synthetic
New documentary examines working conditions at Bank of America suppliers overseas,Bank of America,irrelevant,synthetic
"MetLife gets '26 WC final, USMNT kicks off in L.A.",AT&T,irrelevant,gold_manual
JPMorgan Chase Q3 operating income surges 9% on strong card spending volumes,JPMorgan Chase,relevant,synthetic
Walt Disney chief operating officer says climate policy is a concern shared by businesses of all sizes,Walt Disney,irrelevant,synthetic
"Alphabet announces 4,000 job cuts in retail operations amid strategic review",Alphabet,relevant,synthetic
Raytheon financial advisor faces restraining order filed by former coworker in Denver,Raytheon,irrelevant,synthetic
Chevron divests midstream operations in $1.8 billion deal as part of strategic review,Chevron,relevant,synthetic
The newspaper industry's answer to the Target challenge,Target,irrelevant,synthetic
Piper Sandler flags AT&T as a company that could benefit from the deal in note on Nike joint venture,AT&T,irrelevant,synthetic
Costco chief operating officer says the housing market will shape business strategy for years to come,Costco,irrelevant,synthetic
newspaper firms face existential crisis as Mondelez expands to new cities,Mondelez,irrelevant,synthetic
Former Colgate-Palmolive software engineer files sexual harassment complaint with EEOC,Colgate-Palmolive,irrelevant,synthetic
Line vs Dollar General: who wins the Australia market?,Dollar General,irrelevant,synthetic
AbbVie introduces cloud dashboard in South Asia market,AbbVie,irrelevant,synthetic
Person widely expected to lead McDonald's departs in surprise move,McDonald's,relevant,synthetic
Starbucks software engineer suspended following investigation into personal conduct in Seattle,Starbucks,irrelevant,synthetic
UnitedHealth CEO says may exit Obamacare health plan business,UnitedHealth Group,relevant,gold_manual
Travelers agrees to $380 million settlement with CFTC over price-fixing conspiracy,Travelers,relevant,synthetic
"Trump says he doesn't ""have to agree"" with intelligence chiefs on global threats",Intel,irrelevant,gold_manual
AT&T's growth is reshaping how the travel agency industry operates,AT&T,irrelevant,synthetic
Paramount Global employees stage walkout over new attendance tracking system,Paramount Global,irrelevant,synthetic
Under Armour raises full-year guidance after Q4 beat on pricing power offsetting volume declines,Under Armour,relevant,synthetic
ConocoPhillips chief executive says interest rates will have long-lasting effects on the broader economy,ConocoPhillips,irrelevant,synthetic
"Deere & Company acknowledges airbag malfunction in blood glucose monitor, promises fix within 4 weeks",Deere & Company,relevant,synthetic
Report: Capital One holds 18% market share in search advertising per Goldman Sachs Research,Capital One,irrelevant,synthetic
AbbVie Q3 earnings of $1.87 per share surpasses consensus,AbbVie,relevant,synthetic
Merck executive to speak at the Aspen Ideas Festival on financial regulation,Merck,irrelevant,synthetic
"Halliburton announces 10,000 corporate layoffs, shares fall on restructuring news",Halliburton,relevant,synthetic
Chipotle warns Q4 results will miss estimates due to slowing international sales,Chipotle,relevant,synthetic
DuPont earns top score on Time's 100 most influential companies,DuPont,irrelevant,synthetic
Verizon executive to speak at a Senate Commerce Committee hearing on climate change and business,Verizon,irrelevant,synthetic
"Bloomberg: Caterpillar mulling a share buyback, though talks are preliminary",Caterpillar,irrelevant,synthetic
Goldman Sachs Q4 operating income surges 11% on record assets under management,Goldman Sachs,relevant,synthetic
Boeing denies wrongdoing in age discrimination complaint filed by group of delivery drivers,Boeing,irrelevant,synthetic
Ford announces $0.8 billion share buyback program,Ford,relevant,synthetic
Germany threatens to restrict US visa access in retaliation,Visa,irrelevant,synthetic
Goldman Sachs customer service representative faces restraining order filed by former coworker in Minneapolis,Goldman Sachs,irrelevant,synthetic
Honeywell expands cloud dashboard to Indonesia with 1000 pilot users,Honeywell,irrelevant,synthetic
"Syracuse AD John Wildhack talks Carrier Dome renovations, possibility of leaving Nike","Nike, Inc.",irrelevant,gold_manual
Mastercard former president leaves to join a healthcare company in senior role,Mastercard,irrelevant,synthetic
Former Tesla former chief operating officer appointed to advisory board of a rival startup,Tesla,irrelevant,synthetic
"Amazon lowers Q2 outlook, sends shares sharply lower in after-hours trading",Amazon,relevant,synthetic
Chevron introduces simplified navigation menu to its digital wallet,Chevron,irrelevant,synthetic
"Starbucks Q4: revenue in line, margins disappoint, guidance cut",Starbucks,relevant,synthetic
Travelers retaliation against whistleblowers lawsuit alleges violation of consumer protection law,Travelers,irrelevant,synthetic
General Electric chief executive says the federal budget cannot be solved by the private sector alone,General Electric,irrelevant,synthetic
Nike plans to sell the self-lacing sneakers from Back to the Future,"Nike, Inc.",irrelevant,gold_manual
Goldman Sachs Research ranks Ford as the leading provider in semiconductor manufacturing,Ford,irrelevant,synthetic
"Amazon restructuring seen as competitive threat to Ford, analyst says",Ford,irrelevant,synthetic
New visa requirements affect Vietnam visitors to the US,Visa,irrelevant,synthetic
Fidelity enters crypto space with new digital token backed by deposits,Fidelity,relevant,synthetic
Citigroup software engineer faces criminal charges unrelated to employment in Houston,Citigroup,irrelevant,synthetic
The retail banking industry's answer to the Qualcomm challenge,Qualcomm,irrelevant,synthetic
"Raytheon posts Q4 net income of $14.0 billion, misses analyst estimates",Raytheon,relevant,synthetic
"Amazon delivers Q4 beat, guides higher for the year",Amazon,relevant,synthetic
Uber says it was 'too slow' to address blood glucose monitor battery overheating issues,Uber,relevant,synthetic
Tesla said to be mulling a share buyback in early-stage discussions,Tesla,irrelevant,synthetic
Dollar General faces $2.5 billion fine from EU regulators over price-fixing conspiracy,Dollar General,relevant,synthetic
How Eli Lilly is forcing the video rental industry to reinvent itself,Eli Lilly,irrelevant,synthetic
FedEx Foundation launches $2M initiative for veterans support,FedEx,irrelevant,synthetic
Investors dump retail banking stocks on fears of Caterpillar disruption,Caterpillar,irrelevant,synthetic
Nike announces $1.2 billion share buyback program,Nike,relevant,synthetic
"JPMorgan Chase reports Q1 revenue of $1.2 billion, surpasses consensus on record assets under management",JPMorgan Chase,relevant,synthetic
Spain threatens to restrict US visa access in retaliation,Visa,irrelevant,synthetic
New eMarketer data shows T-Mobile gaining share in ride-sharing,T-Mobile,irrelevant,synthetic
"Accenture, EY, Google, Microsoft And Other Leaders Find Great Value In Employees With Disabilities",Microsoft,irrelevant,gold_manual
"TD Cowen raises Kimberly-Clark to outperform, flags improving demand trends",Kimberly-Clark,irrelevant,synthetic
JPMorgan Chase CEO says cryptocurrency regulation is top of mind for executives across every industry,JPMorgan Chase,irrelevant,synthetic
Visa employees stage walkout over employee monitoring rollout,Visa,irrelevant,synthetic
Walt Disney raises streaming subscription price for US subscribers,Walt Disney,relevant,synthetic
Qualcomm tests personalized feed in Austin starting this month,Qualcomm,irrelevant,synthetic
"ExxonMobil's run may be running out of steam, Bank of America says",ExxonMobil,irrelevant,gold_manual
Best ConocoPhillips deals this back-to-school season: our top picks,ConocoPhillips,irrelevant,synthetic
Caterpillar agrees to $500 million settlement with DOJ over misleading investors,Caterpillar,relevant,synthetic
Intel Buys Mobileye for $15.3bn,Intel,relevant,gold_manual
Uber faces social media campaign targeting environmental claims on packaging,Uber,irrelevant,synthetic
Ford chief executive says banking regulation is moving in the right direction but more work remains,Ford,irrelevant,synthetic
UPS CEO says the housing market cannot be solved by the private sector alone,UPS,irrelevant,synthetic
Salesforce to acquire cybersecurity startup for $5.1 billion in all-cash deal,Salesforce,relevant,synthetic
Dow CEO to deliver keynote at the Milken Institute Global Conference,Dow,irrelevant,synthetic
Colgate-Palmolive CEO joins panel discussion at the Aspen Ideas Festival on the global supply chain,Colgate-Palmolive,irrelevant,synthetic
EEOC opens investigation into Booking Holdings over alleged gender discrimination in performance reviews,Booking Holdings,irrelevant,synthetic
"""Really ruined my day for no reason"": Uber rider says driver deliberately sabotaged her trip to critical sonogram appointment",Uber,irrelevant,gold_manual
Samsung’s Galaxy Z Flip 3 is up to $500 off at Best Buy,AT&T,irrelevant,gold_manual
"Google's divestiture deal raises questions about Microsoft's position, per Wells Fargo",Microsoft,irrelevant,synthetic
Travelers gross profit tops estimates as management lifts 2020 outlook,Travelers,relevant,synthetic
"Mondelez sees Q2 revenue of $0.8 billion, below prior guidance and analyst consensus",Mondelez,relevant,synthetic
Walt Disney software engineer charged with running fraud scheme at local branch in Miami,Walt Disney,irrelevant,synthetic
Comcast pays $12 million to settle a minor fair lending violation complaint with EEOC,Comcast,irrelevant,synthetic
Investors dump cable stocks on fears of CVS Health disruption,CVS Health,irrelevant,synthetic
United Airlines revenue growth trails Tencent for 6 straight quarters,United Airlines,relevant,synthetic
Walmart tops the Street on both revenue and earnings in Q4,Walmart,relevant,synthetic
BlackRock closes out 2017 on high note despite rising costs,BlackRock,relevant,synthetic
Baidu vs Nvidia: who wins the Singapore market?,Nvidia,irrelevant,synthetic
New Bernstein Research data shows Dollar General gaining share in ride-sharing,Dollar General,irrelevant,synthetic
"JPMorgan cuts Tyson Foods to outperform, flags deteriorating pricing power",Tyson Foods,irrelevant,synthetic
"Oppenheimer boosts Nvidia to overweight, flags improving demand trends",Nvidia,irrelevant,synthetic
A Disappointing Update About ‘One Piece’ Season 2 On Netflix,Netflix,irrelevant,gold_manual
Local suppliers cheer Adobe's new production deal as Charlotte gains,Adobe,irrelevant,synthetic
AbbVie suspends quarterly dividend amid cash flow concerns,AbbVie,relevant,synthetic
Progressive acknowledges commercial aircraft defect after 500 customer complaints,Progressive,relevant,synthetic
"IBM posts Q3 net income of $14.0 billion, tops expectations",IBM,relevant,synthetic
Coca-Cola Earnings Preview: What Analysts Are Watching This Quarter,Coca-Cola,irrelevant,synthetic
Honeywell faces class-action over automation startup product defect affecting millions of users,Honeywell,relevant,synthetic
Emerson Electric executive to speak at the Goldman Sachs Communacopia conference on the future of AI,Emerson Electric,irrelevant,synthetic
"Wells Fargo CEO Sloan receives $12.8 million, pay bump despite sales scandal",Wells Fargo,relevant,gold_manual
Cities With Uber Have Lower Rates Of Ambulance Usage,Uber,irrelevant,gold_manual
General Electric rolls out fingerprint login to its online store,General Electric,irrelevant,synthetic
Voyeur arrested at Starbucks: Beachwood Police Blotter,Starbucks,irrelevant,gold_manual
"Travelers reports 27% drop in quarterly revenue, cuts annual guidance",Travelers,relevant,synthetic
City council debates naming rights deal for stadium near Mondelez offices,Mondelez,irrelevant,synthetic
EEOC opens investigation into Goldman Sachs over alleged religious discrimination in hiring practices,Goldman Sachs,irrelevant,synthetic
UnitedHealth raises full-year earnings guidance following stronger-than-expected drug sales,UnitedHealth,relevant,synthetic
UnitedHealth stock outperforms the broader market as tech sector sees profit-taking,UnitedHealth,irrelevant,synthetic
How Broadcom is forcing the taxi industry to reinvent itself,Broadcom,irrelevant,synthetic
Merck workers in Charlotte rally to demand remote work flexibility,Merck,irrelevant,synthetic
What Can An Activist Do For P&G?,Procter & Gamble,irrelevant,gold_manual
Uber launches new onboarding tutorial to its cloud console,Uber,irrelevant,synthetic
"Under Armour announces 2,500 job cuts in retail operations amid cost reduction program",Under Armour,relevant,synthetic
Best Tyson Foods deals this Prime Day: our top picks,Tyson Foods,irrelevant,synthetic
Verizon named to Forbes' list of best employers for the fifth year running,Verizon,irrelevant,synthetic
Nike refreshes improved search filters to its loyalty app,Nike,irrelevant,synthetic
Emerson Electric pays $2 million to settle an environmental reporting error complaint with SEC,Emerson Electric,irrelevant,synthetic
Group of Walgreens users file $25M lawsuit alleging age discrimination among warehouse workers,Walgreens,irrelevant,synthetic
Visa CFO says geopolitical tensions is top of mind for executives across every industry,Visa,irrelevant,synthetic
"What To Watch On Netflix When It Snows, Based On Your Zodiac Sign",Netflix,irrelevant,gold_manual
"JPMorgan trims CSX to hold, says valuation stretched after recent rally",CSX,irrelevant,synthetic
"Citi trims Yum Brands to overweight, says near-term catalysts are limited",Yum Brands,irrelevant,synthetic
Johnson & Johnson branch teller charged with harassment following complaint by coworker in Charlotte,Johnson & Johnson,irrelevant,synthetic
Aflac branch teller faces personal lawsuit unrelated to company activities in Boston,Aflac,irrelevant,synthetic
Chevron board approves new $14.0 billion share repurchase authorization,Chevron,relevant,synthetic
Rumour: Could Allstate be mulling a share buyback? Analysts are watching,Allstate,irrelevant,synthetic
Costco agrees to sell e-commerce unit for $5.1 billion to private equity firm,Costco,relevant,synthetic
Report: Wells Fargo considering selling its media division — company declines to comment,Wells Fargo,irrelevant,synthetic
Charles Schwab president says interest rates is something all companies need to take seriously,Charles Schwab,irrelevant,synthetic
Nvidia CEO Jensen Huang Doesn't Wear A Watch After A Gardner Taught Him The Secret Of Time,Nvidia,irrelevant,gold_manual
Visa backlog hits Vietnam workers applying for H-1B transfers,Visa,irrelevant,synthetic
FDA Approves Pfizer's Leukemia Drug,Pfizer,relevant,gold_manual
UPS retail associate charged with running fraud scheme at local branch in Houston,UPS,irrelevant,synthetic
Local school renamed after Coca-Cola founder despite community debate,Coca-Cola,irrelevant,synthetic
Verizon branch teller arrested for alleged theft from delivery route in Chicago,Verizon,irrelevant,synthetic
"Eli Lilly delivers Q1 beat, guides higher for the year",Eli Lilly,relevant,synthetic
ServiceNow CEO says interest rates will have long-lasting effects on the broader economy,ServiceNow,irrelevant,synthetic
Ford issues $1.8 billion in senior notes to fund capital expenditures,Ford,relevant,synthetic
"General Motors lowers Q2 outlook, sends shares sharply lower in after-hours trading",General Motors,relevant,synthetic
"Piper Sandler trims Kraft Heinz to neutral, flags deteriorating pricing power",Kraft Heinz,irrelevant,synthetic
Covid updates: Salesforce says most workers will work from home at least part time after pandemic,Salesforce,irrelevant,gold_manual
Lawmakers Question Libra Amid Facebook Privacy Concerns,Visa Inc.,irrelevant,gold_manual
Netflix CEO says consumer spending is creating uncertainty for long-term investment decisions,Netflix,irrelevant,synthetic
Report: Under Armour in early discussions about a joint venture — company declines to comment,Under Armour,irrelevant,synthetic
UPS caps 2016 with record revenue as new product cycle accelerates,UPS,relevant,synthetic
Coca-Cola CEO says supply chain resilience will have long-lasting effects on the broader economy,Coca-Cola,irrelevant,synthetic
"Procter & Gamble posts Q3 net income of $8.3 billion, misses analyst estimates",Procter & Gamble,relevant,synthetic
How Tesla's decision to build in Cincinnati benefits local workers,Tesla,irrelevant,synthetic
Progressive faces class-action lawsuit over alleged pay discrimination among retail associates,Progressive,irrelevant,synthetic
$10M lawsuit alleges Vanguard gender pay gap allegations,Vanguard,irrelevant,synthetic
Elon Musk says production of Tesla's Optimus humanoid robot could start next year,"Tesla, Inc.",irrelevant,gold_manual
"Eli Lilly sued by a coalition of users over disability accommodation failures, $2M claimed",Eli Lilly,irrelevant,synthetic
Former Visa customer files $20M suit over pregnancy discrimination in hiring,Visa,irrelevant,synthetic
"Comedian references Mondelez in viral stand-up set, clip goes viral",Mondelez,irrelevant,synthetic
CSX ends partnership with sports personality after community backlash,CSX,irrelevant,synthetic
U.S. swimmers' tall tale touches a raw nerve in Brazil,Visa Inc.,irrelevant,gold_manual
Dow CEO says climate policy requires coordinated global action to address effectively,Dow,irrelevant,synthetic
Goldman Sachs co-founder says inflation is the biggest challenge facing businesses today,Goldman Sachs,irrelevant,synthetic
Filing reveals Deere & Company has acquired 7% of Boeing,Deere & Company,relevant,synthetic
EEOC opens investigation into Berkshire Hathaway over alleged national origin discrimination in termination policies,Berkshire Hathaway,irrelevant,synthetic
Jefferies flags Starbucks as a likely target in a broader sector consolidation in note on FedEx merger,Starbucks,irrelevant,synthetic
Tesla fined $18 million by FTC over a minor fair lending violation,Tesla,irrelevant,synthetic
"Facebook denies giving Spotify, Netflix, other tech giants wider access to data without user permission",Netflix,irrelevant,gold_manual
"JPMorgan Chase sued by a former employee over pregnancy discrimination in hiring, $3M claimed",JPMorgan Chase,irrelevant,synthetic
Salesforce faces criticism from advocacy groups over ingredient sourcing policies,Salesforce,irrelevant,synthetic
New Gartner data shows Eli Lilly gaining share in streaming services,Eli Lilly,irrelevant,synthetic
"Walmart Deals for Days sale is live – TVs, AirPods, Instant Pot, laptops, and more",Walmart,irrelevant,gold_manual
Stellantis CEO joins panel discussion at the Milken Institute Global Conference on the global supply chain,Stellantis,irrelevant,synthetic
Morgan Stanley CEO admits cardiac device has fire risk in charging systems,Morgan Stanley,relevant,synthetic
Waste Management mulls UK market entry as growth strategy,Waste Management,irrelevant,synthetic
Kraft Heinz financial advisor arrested in connection with unrelated drug charges in Phoenix,Kraft Heinz,irrelevant,synthetic
Wall Street's $40 Billion AT&T Pledge Offers Fees and Risks,AT&T,irrelevant,gold_manual
"3M acknowledges steering defect in electric vehicle, promises fix within 16 weeks",3M,relevant,synthetic
Ford To Rally Around 33%? Here Are 10 Other Analyst Forecasts For Tuesday,Ford Motor Company,irrelevant,gold_manual
Bernstein Research ranks Aflac as the leading provider in pharmaceutical distribution,Aflac,irrelevant,synthetic
Tesla updates improved load times to its enterprise dashboard,Tesla,irrelevant,synthetic
Meta discloses SEC subpoena related to market manipulation,Meta,relevant,synthetic
AT&T district manager suspended following investigation into personal conduct in Detroit,AT&T,irrelevant,synthetic
117-year-old Michigan chapel transformed into Airbnb gem,Airbnb,irrelevant,gold_manual
UPS shares trade lower as tech sector sees profit-taking — no new company news,UPS,irrelevant,synthetic
IBM Q4 operating income surges 24% on strong advertising revenue,IBM,relevant,synthetic
Former Home Depot retail associate files pay discrimination complaint with EEOC,Home Depot,irrelevant,synthetic
Berkshire Hathaway former president departs to become partner at a fintech startup,Berkshire Hathaway,irrelevant,synthetic
Uber Q2 earnings of $5.37 per share beats analyst estimates,Uber,relevant,synthetic
Charles Schwab introduces simplified navigation menu to its retail website,Charles Schwab,irrelevant,synthetic
Cramer says Tesla CEO Elon Musk should go on medical leave — 'I'm worried about the guy',"Tesla, Inc.",irrelevant,gold_manual
General Motors margins tops estimates as management lifts 2018 outlook,General Motors,relevant,synthetic
Indianapolis FedEx shooting: Biden orders flags lowers after 8 die,FedEx,irrelevant,gold_manual
Tesla CEO joins panel discussion at the MIT Sloan Management Conference on workforce transformation,Tesla,irrelevant,synthetic
New $50 Echo Dot: Adding Amazon's Alexa to your home just got a lot cheaper,Amazon,irrelevant,gold_manual
Airbnb drops sponsorship of esports tournament following social media backlash,Airbnb,irrelevant,synthetic
Mastercard issues voluntary recall of payments company product over potential safety concern,Mastercard,relevant,synthetic
Oracle issues voluntary recall of developer tools company product over potential safety concern,Oracle,relevant,synthetic
Booking Holdings to spin off its freight business as a standalone publicly traded company,Booking Holdings,relevant,synthetic
Starbucks reaches $18 million agreement with FTC to resolve a minor fair lending violation,Starbucks,irrelevant,synthetic
Apple is investing $1 billion in Softbank's Vision Fund,Apple Inc.,relevant,gold_manual
"Nike to eliminate 1,200 positions as part of $3.4 billion cost reduction plan",Nike,relevant,synthetic
Booking Holdings recognized on Fast Company's most innovative companies for workplace culture,Booking Holdings,irrelevant,synthetic
Chevron drops sponsorship of college football sponsorship following social media backlash,Chevron,irrelevant,synthetic
Verizon financial advisor arrested for alleged theft from delivery route in Denver,Verizon,irrelevant,synthetic
Salesforce stock pulls back from record highs as the S&P 500 drops,Salesforce,irrelevant,synthetic
Tesla chief executive says the labor market is something all companies need to take seriously,Tesla,irrelevant,synthetic
Mondelez former CFO departs to become partner at a consulting firm,Mondelez,irrelevant,synthetic
Apple announces $1.8 billion share buyback program,Apple,relevant,synthetic
What To Expect From Halliburton's 2024 After Strong Fiscal Q2,Halliburton,irrelevant,synthetic
Adobe commits $20 million to Pittsburgh workforce development fund,Adobe,irrelevant,synthetic
Procter & Gamble drops sponsorship of college football sponsorship following social media backlash,Procter & Gamble,irrelevant,synthetic
Pfizer enables spending insights tab to its digital wallet,Pfizer,irrelevant,synthetic
Walmart soft-launches offline mode in Poland following local regulatory approval,Walmart,irrelevant,synthetic
UnitedHealth refreshes improved search filters to its banking app,UnitedHealth,irrelevant,synthetic
"Goldman Sachs trims IBM to sell, flags execution risks",IBM,irrelevant,synthetic
Investors dump taxi stocks on fears of Meta disruption,Meta,irrelevant,synthetic
Report: Visa Overstays More Common Than Illegal Border Entries; Mexicans The Most Likely to Overstay,Visa Inc.,irrelevant,gold_manual
FedEx cuts full-year guidance citing higher fuel costs,FedEx,relevant,synthetic
Group of former Ford logistics coordinators alleges age discrimination in federal class-action,Ford,irrelevant,synthetic
Starbucks executive to speak at the JPMorgan Healthcare Conference on climate change and business,Starbucks,irrelevant,synthetic
$10M lawsuit alleges Visa retaliation against whistleblowers,Visa,irrelevant,synthetic
Starbucks introduces a progress tracker to its developer portal,Starbucks,irrelevant,synthetic
United Airlines taps Michael Taylor for head of investor relations role amid organizational changes,United Airlines,irrelevant,synthetic
Wells Fargo pulls advertising from social media platform following content moderation controversy,Wells Fargo,irrelevant,synthetic
"UnitedHealth sees Q2 revenue of $3.4 billion, below prior guidance and analyst consensus",UnitedHealth,relevant,synthetic
"Netflix Supports Brazilian Cinematheque Restoration With $875,000 Cash Donation",Netflix,irrelevant,gold_manual
Netflix co-founder says interest rates is creating uncertainty for long-term investment decisions,Netflix,irrelevant,synthetic
"RBC Capital Markets upgrades Kraft Heinz to sell, says near-term headwinds are priced in",Kraft Heinz,irrelevant,synthetic
"Under pressure, Merck admits electric vehicle has battery overheating issues affecting 500 units",Merck,relevant,synthetic
Halliburton discloses CFTC subpoena related to price-fixing conspiracy,Halliburton,relevant,synthetic
Lyft appoints Patricia Jones to newly created director of government affairs position,Lyft,irrelevant,synthetic
Tyson Foods CEO says global trade requires urgent attention from elected officials,Tyson Foods,irrelevant,synthetic
Former AbbVie former CFO named to lead a government advisory role,AbbVie,irrelevant,synthetic
Progressive chairman says data privacy law presents both risks and opportunities for the private sector,Progressive,irrelevant,synthetic
Stellantis store manager faces personal lawsuit unrelated to company activities in Chicago,Stellantis,irrelevant,synthetic
Kimberly-Clark announces $2.5 billion share buyback program,Kimberly-Clark,relevant,synthetic
Goldman Sachs launches location-based alerts to its employee portal,Goldman Sachs,irrelevant,synthetic
UPDATE 1-JPMorgan Chase responding to requests on fair banking access,JPMorgan Chase,relevant,gold_manual
UnitedHealth faces consumer boycott over overseas manufacturing practices,UnitedHealth,irrelevant,synthetic
Waste Management Earnings: 7 Things Investors Should Monitor,Waste Management,irrelevant,synthetic
"Sources: Nvidia evaluating strategic alternatives — no deal imminent, sources say",Nvidia,irrelevant,synthetic
Mastercard chief operating officer says data privacy law will have long-lasting effects on the broader economy,Mastercard,irrelevant,synthetic
"Airbnb reports 21% drop in quarterly revenue, cuts annual guidance",Airbnb,relevant,synthetic
UnitedHealth workers vote to authorize strike at key distribution center,UnitedHealth,relevant,synthetic
"Chipotle CEO steps down after record tenure, board promotes division head to top role",Chipotle,relevant,synthetic
Procter & Gamble issues voluntary recall of personal care brand product over potential safety concern,Procter & Gamble,relevant,synthetic
Why is Alphabet stock gives back recent gains today? Here is what we know,Alphabet,irrelevant,synthetic
"""60 Minutes"" examines H-1B visas outsourcing American jobs",Visa Inc.,irrelevant,gold_manual
Airbnb updates two-factor authentication prompts to its mobile app,Airbnb,irrelevant,synthetic
ServiceNow delivery driver faces restraining order filed by former coworker in Charlotte,ServiceNow,irrelevant,synthetic
Boeing introduces spending insights tab to its digital wallet,Boeing,irrelevant,synthetic
Tesla co-founder says healthcare costs cannot be solved by the private sector alone,Tesla,irrelevant,synthetic
"Under Armour reports Q2 revenue of $2.5 billion, comes in below consensus on pricing power offsetting volume declines",Under Armour,relevant,synthetic
Costco named to Glassdoor's top-rated employers for the fifth year running,Costco,irrelevant,synthetic
"Morgan Stanley trims Citigroup to hold, flags margin pressure ahead",Citigroup,irrelevant,synthetic
"Oil And Gas Deals Accelerate As Shell, ExxonMobil Exit California",ExxonMobil,relevant,gold_manual
Amazon issues $8.3 billion in senior notes to refinance maturing debt,Amazon,relevant,synthetic
"No chance Warren Buffett is doing something ‘deeply evil,’ says Charlie Munger",Berkshire Hathaway,irrelevant,gold_manual
Deere & Company activist investor discloses $0.8 billion stake pushes for margin improvement,Deere & Company,relevant,synthetic
Tyson Foods loses beverage unit contract to rival in blow to revenue outlook,Tyson Foods,relevant,synthetic
Deere & Company CEO confirms Progressive has made strategic investment in company,Progressive,relevant,synthetic
ExxonMobil CFO says tax policy is something all companies need to take seriously,ExxonMobil,irrelevant,synthetic
Bank of America divests insurance subsidiary in $18.5 billion deal as part of strategic review,Bank of America,relevant,synthetic
"Wells Fargo raises Uber to buy, sees margin recovery underway",Uber,irrelevant,synthetic
Microsoft divests enterprise software arm in $14.0 billion deal as part of strategic review,Microsoft,relevant,synthetic
Chevron mulls Spain market entry as growth strategy,Chevron,irrelevant,synthetic
General Electric Q3 earnings of $4.22 per share misses analyst estimates,General Electric,relevant,synthetic
Norfolk Southern president says AI regulation is a concern shared by businesses of all sizes,Norfolk Southern,irrelevant,synthetic
Microsoft CFO scheduled to appear at the World Economic Forum in Davos investor day,Microsoft,irrelevant,synthetic
Mark Martin joins 3M as VP of human resources,3M,irrelevant,synthetic
Progressive denies wrongdoing in gender discrimination complaint filed by former financial advisor,Progressive,irrelevant,synthetic
Walmart launches a new tips section to its customer portal,Walmart,irrelevant,synthetic
Bears vs. Panthers game today: Watch NFL Week 5 live stream free,AT&T,irrelevant,gold_manual
Northrop Grumman Q1 gross margin narrows to 19.8% on strong missile systems demand,Northrop Grumman,relevant,synthetic
Tech-Savvy Thieves Can Easily Reset Apple Watches as Their Own,Apple Inc.,irrelevant,gold_manual
"Salesforce's Q1: better than feared, outlook encouraging",Salesforce,relevant,synthetic
I Just Drove 8 Hours on Tesla's Autopilot and Lived to Tell,"Tesla, Inc.",irrelevant,gold_manual
Why analysts are calling Swiggy 'UK's ExxonMobil',ExxonMobil,irrelevant,synthetic
"Fidelity now second to Target in consumer electronics, data shows",Fidelity,relevant,synthetic
"Citi lowers Costco to hold, flags deteriorating pricing power",Costco,irrelevant,synthetic
Target agrees to sell pharmacy chain for $1.8 billion to consortium of investors,Target,relevant,synthetic
AbbVie to present at the World Economic Forum in Davos next month,AbbVie,irrelevant,synthetic
"Coca-Cola sued by a consumer advocacy group over sexual harassment in sales division, $5M claimed",Coca-Cola,irrelevant,synthetic
Want to see all data Windows 10 sends Microsoft? There’s an app for that,Microsoft,irrelevant,gold_manual
Group of former JPMorgan Chase warehouse workers alleges gender discrimination in federal class-action,JPMorgan Chase,irrelevant,synthetic
AT&T Q1 operating income surges 17% on strong wireless postpaid net adds,AT&T,relevant,synthetic
ServiceNow faces class-action lawsuit over alleged pregnancy discrimination among warehouse workers,ServiceNow,irrelevant,synthetic
"Home Depot announces 10,000 job cuts in R&D division amid cost reduction program",Home Depot,relevant,synthetic
AbbVie named to Forbes' list of best employers for the third consecutive year,AbbVie,irrelevant,synthetic
UnitedHealth CEO steps down as insurer suspends its financial outlook,UnitedHealth Group,relevant,gold_manual
"Airbnb Drops Camel Rides But Giza’s Already Changing, Here’s What To Know",Airbnb,irrelevant,gold_manual
Ford issues $1.8 billion in senior notes to strengthen balance sheet,Ford,relevant,synthetic
Goldman Sachs enters crypto space with new digital token backed by deposits,Goldman Sachs,relevant,synthetic
Uber workers circulate petition calling for better pay and benefits,Uber,irrelevant,synthetic
Airbnb CEO says immigration policy presents both risks and opportunities for the private sector,Airbnb,irrelevant,synthetic
Dollar General acquires supply chain company in $1.2 billion deal expanding into e-commerce platform,Dollar General,relevant,synthetic
Raytheon releases an updated help center to its enterprise dashboard,Raytheon,irrelevant,synthetic
Competition with Apple sparks audit of retail banking lenders,Apple,irrelevant,synthetic
The AT&T Foundation Increases disaster response Commitment To $50 Million,AT&T,irrelevant,synthetic
"Coca-Cola global same-store sales rise 11% in Q1, falls short of expectations",Coca-Cola,relevant,synthetic
Paramount Global faces consumer boycott over ingredient sourcing policies,Paramount Global,irrelevant,synthetic
Visa introduces digital bond platform on blockchain,Visa,relevant,synthetic
Bank of America faces pay discrimination lawsuit filed by former engineer,Bank of America,irrelevant,synthetic
McDonald's divests snack foods division in $2.1 billion deal as part of strategic review,McDonald's,relevant,synthetic
Kraft Heinz Q2 operating income surges 11% on record digital order mix,Kraft Heinz,relevant,synthetic
Airbnb CEO says immigration policy cannot be solved by the private sector alone,Airbnb,irrelevant,synthetic
Alphabet blows past Q1 estimates on record data center orders,Alphabet,relevant,synthetic
Republic Services stock gives back recent gains amid rising interest rate fears,Republic Services,irrelevant,synthetic
Student visa rules tighten as universities face scrutiny,Visa,irrelevant,synthetic
Northrop Grumman posts better-than-expected Q3 results as record defense contract backlog,Northrop Grumman,relevant,synthetic
Visa windfall gives European banks Q2 boost,Visa Inc.,irrelevant,gold_manual
"Raytheon turns in a Q4 quarter investors had feared, stock drops",Raytheon,relevant,synthetic
Eli Lilly ends partnership with sports personality after content moderation controversy,Eli Lilly,irrelevant,synthetic
Consumer guide: Verizon home appliances ranked and reviewed,Verizon,irrelevant,synthetic
Could Jumia be the Singapore version of Mondelez?,Mondelez,irrelevant,synthetic
Northrop Grumman CEO joins panel discussion at the World Economic Forum in Davos on workforce transformation,Northrop Grumman,irrelevant,synthetic
Charles Schwab settles racial harassment complaint filed by group of warehouse workers for undisclosed amount,Charles Schwab,irrelevant,synthetic
Why Nvidia Still Looks Like A Bargain At A $4 Trillion Market Cap,Nvidia,irrelevant,gold_manual
"Three charged in cyberattacks against JPMorgan Chase, other financial institutions",JPMorgan Chase,relevant,gold_manual
Report: Tesla considering move into electric vehicles business,Tesla,irrelevant,synthetic
Rumour: Could Lockheed Martin be exploring a buyout of a rival? Analysts are watching,Lockheed Martin,irrelevant,synthetic
"UPS loses data privacy violations case, ordered to pay $500 million in penalties",UPS,relevant,synthetic
Aflac's investment in CVS Health signals strategic interest in healthcare AI,Aflac,relevant,synthetic
BRIEF-Home Depot names David Johnson as head of digital marketing,Home Depot,irrelevant,synthetic
MetLife heir-apparent exits as board searches for new leadership,MetLife,relevant,synthetic
Netflix Just Released a Surprise Sequel to Cloverfield,Netflix,irrelevant,gold_manual
Paramount Global faces new pregnancy discrimination lawsuit from former executive in New Jersey court,Paramount Global,irrelevant,synthetic
UnitedHealth workers say morale has collapsed following 1500-person reduction,UnitedHealth,relevant,synthetic
"Lawsuit filed against HCA Healthcare over racial discrimination in promotion decisions, seeks $4M",HCA Healthcare,irrelevant,synthetic
Walmart wraps up 2025 with a bang as revenue exceeds Wall Street forecasts,Walmart,relevant,synthetic
Deere & Company updates location-based alerts to its mobile app,Deere & Company,irrelevant,synthetic
Under Armour updates two-factor authentication prompts to its customer portal,Under Armour,irrelevant,synthetic
Facebook parent Meta cuts 13% of workforce,Meta Platforms,relevant,gold_manual
Walmart launches a new password manager to its streaming platform,Walmart,irrelevant,synthetic
Uber lawyer says class action trial in California could set a risky...,Uber,relevant,gold_manual
Utah gains economic boost as FedEx expands operations,FedEx,irrelevant,synthetic
Boeing to acquire defense electronics company for $11.2 billion in all-stock deal,Boeing,relevant,synthetic
Johnson & Johnson's charitable arm commits to $7M veterans support pledge,Johnson & Johnson,irrelevant,synthetic
3M adds a new password manager to its customer app,3M,irrelevant,synthetic
Africans can now travel across more than half of the continent without getting visas beforehand,Visa Inc.,irrelevant,gold_manual
General Motors CEO named to Time's 100 most influential companies,General Motors,irrelevant,synthetic
Netflix Sets Screening Series ‘1975: Fifty Is the New Hollywood’ at Los Angeles’ Egyptian Theatre,Netflix,irrelevant,gold_manual
Comcast suspends quarterly dividend amid cash flow concerns,Comcast,relevant,synthetic
Rumour: Could Eli Lilly be looking at entering the healthcare market? Analysts are watching,Eli Lilly,irrelevant,synthetic
"Allstate CFO announces retirement, company names Wall Street veteran as replacement",Allstate,relevant,synthetic
Charles Schwab gives $2M to Michigan for food security scholarship,Charles Schwab,irrelevant,synthetic
I Went Inside Salesforce’s ‘First-Ever’ Summit On Prioritizing Inclusive AI,Salesforce,irrelevant,gold_manual
BlackRock fills regional vice president for Europe role with internal promotion of Lisa Smith,BlackRock,irrelevant,synthetic
Oracle faces new racial harassment lawsuit from group of former employees in Michigan court,Oracle,irrelevant,synthetic
Apple: Prospect They'd Challenge Tesla Has Street Licking its Chops,"Tesla, Inc.",irrelevant,gold_manual
P&G's Gillette Woes Have Translated To This Good News For Consumers,Procter & Gamble,irrelevant,gold_manual
Costco employees stage walkout over mandatory drug testing policy,Costco,irrelevant,synthetic
McDonald's faces criticism from advocacy groups over environmental claims on packaging,McDonald's,irrelevant,synthetic
FedEx is set to hire 500 workers in Greater Cincinnati for the holidays,FedEx,irrelevant,gold_manual
"AbbVie CFO announces resignation, company names former divisional CFO as replacement",AbbVie,relevant,synthetic
Nike acquires personal care brand for $110 million to bolster specialty skincare company,Nike,relevant,synthetic
"P&G raised prices 10%, and the volume of products sold fell more than expected",Procter & Gamble,relevant,gold_manual
Warner Bros heir-apparent exits as board searches for new leadership,Warner Bros,relevant,synthetic
T-Mobile earns top score on Barron's most sustainable companies,T-Mobile,irrelevant,synthetic
UK startup billed as the 'Salesforce of Asia' raises $50M,Salesforce,irrelevant,synthetic
"Dollar General's new facility brings 50 jobs to Nashville, officials say",Dollar General,irrelevant,synthetic
"Netflix issues profit warning, slashes guidance citing streaming subscriber losses",Netflix,relevant,synthetic
Amazon global sales trail Amazon for the third straight quarter,Amazon,relevant,synthetic
Capital One customer service representative arrested for allegedly cashing fraudulent checks in Miami,Capital One,irrelevant,synthetic
Mastercard wants to tackle crypto and blockchain fraud with CipherTrace deal,Mastercard,relevant,gold_manual
Norfolk Southern ranks among Forbes' list of best employers for the first time,Norfolk Southern,irrelevant,synthetic
UPS employees stage walkout over return-to-office mandate,UPS,irrelevant,synthetic
Nvidia retail associate sued by customer over personal conduct during shift in Detroit,Nvidia,irrelevant,synthetic
Indianapolis a big winner in Boeing's new purchase agreement with Amazon,Boeing,irrelevant,synthetic
Flipkart aims to be the Caterpillar of logistics in France,Caterpillar,irrelevant,synthetic
Airbnb rolls out offline mode in Mexico ahead of broader rollout,Airbnb,irrelevant,synthetic
Broadcom commits $1 million to Charlotte workforce development fund,Broadcom,irrelevant,synthetic
Citigroup named to Forbes' list of best employers for the second straight year,Citigroup,irrelevant,synthetic
"Jefferies boosts Yum Brands to buy, cites market share gains",Yum Brands,irrelevant,synthetic
"Deutsche Bank cuts Raytheon to overweight, lowers estimates on weak guidance",Raytheon,irrelevant,synthetic
Fidelity surges after Warner Bros discloses 12% ownership position,Warner Bros,relevant,synthetic
Oracle names industry veteran as new chief executive following board review,Oracle,relevant,synthetic
Investors dump retail banking stocks on fears of Schlumberger disruption,Schlumberger,irrelevant,synthetic
Adobe revenue growth trails Hyundai for 5 straight quarters,Adobe,relevant,synthetic
City council debates naming rights deal for stadium near AbbVie offices,AbbVie,irrelevant,synthetic
Warner Bros. Discovery raises quarterly dividend 47% to $0.85 per share,Warner Bros. Discovery,relevant,synthetic
UPS to present at the Milken Institute Global Conference next month,UPS,irrelevant,synthetic
3 Quotes From JPMorgan Chase CEO Jamie Dimon: 'The Biggest Mistake We Could Make Is Being Complacent',JPMorgan Chase,irrelevant,gold_manual
Chevron Field hosts record crowd for playoff game,Chevron,irrelevant,synthetic
"UBS upgrades BlackRock to outperform, says near-term headwinds are priced in",BlackRock,irrelevant,synthetic
"Comcast announces 10,000 job cuts in retail operations amid cost reduction program",Comcast,relevant,synthetic
Honeywell CEO says inflation will shape business strategy for years to come,Honeywell,irrelevant,synthetic
Deere & Company wraps up 2018 with a bang as margins surges,Deere & Company,relevant,synthetic
Plan to end work permits for spouses of skilled visa workers leaves Minnesota families in limbo,Visa Inc.,irrelevant,gold_manual
Home Depot employees stage walkout over mandatory drug testing policy,Home Depot,irrelevant,synthetic
Ford sales representative arrested for alleged theft from delivery route in Miami,Ford,irrelevant,synthetic
Microsoft to Shut Down Skype,Microsoft,relevant,gold_manual
Waste Management reaches $40 million agreement with EPA to resolve a customer privacy complaint,Waste Management,irrelevant,synthetic
Target CEO says company is 'open to' exploring streaming content opportunities,Target,irrelevant,synthetic
AbbVie ends partnership with celebrity spokesperson after community backlash,AbbVie,irrelevant,synthetic
Johnson & Johnson agrees to $25 million penalty over a minor fair lending violation,Johnson & Johnson,irrelevant,synthetic
Travelers refreshes improved search filters to its banking app,Travelers,irrelevant,synthetic
UPS considers importing LNG to Germany,UPS,irrelevant,synthetic
Morgan Stanley coin: Morgan Stanley's new digital currency explained,Morgan Stanley,relevant,synthetic
Chipotle former general counsel departs to become partner at a hedge fund,Chipotle,irrelevant,synthetic
Dollar General raises full-year guidance after Q3 beat on strong seasonal demand,Dollar General,relevant,synthetic
Norfolk Southern financial advisor charged with assault following workplace altercation in New York,Norfolk Southern,irrelevant,synthetic
Republic Services unit sales miss as ByteDance captures 55% of market,Republic Services,relevant,synthetic
Allstate factory worker sued by customer over personal conduct during shift in Boston,Allstate,irrelevant,synthetic
Is Jumia becoming the next Target?,Target,irrelevant,synthetic
Schlumberger expands enterprise software to Japan with 5000 pilot users,Schlumberger,irrelevant,synthetic
McDonald's agrees to $250 million settlement with state attorneys general over price-fixing conspiracy,McDonald's,relevant,synthetic
"UnitedHealth Group to hire 1,700 in Twin Cities",UnitedHealth Group,irrelevant,gold_manual
Marco Antonio Solís and Los Bukis Reunite For First Time in 25 Years For Three Shows,AT&T,irrelevant,gold_manual
JPMorgan flags Halliburton among the companies most affected by the deal in note on Apple divestiture,Halliburton,irrelevant,synthetic
"Goldman Sachs upgrades Uber to neutral, raises estimates on guidance beat",Uber,irrelevant,synthetic
CVS Health in deal to take over clinical-stage drug developer for $2.5 billion,CVS Health,relevant,synthetic
Ralph Lauren raises quarterly dividend 7% to $1.10 per share,Ralph Lauren,relevant,synthetic
Score an Apple Watch Series 7 for $299 at Walmart,Walmart,irrelevant,gold_manual
Oracle rolls out improved search filters to its employee portal,Oracle,irrelevant,synthetic
the holiday season: the best Pfizer software subscriptions deals you can get right now,Pfizer,irrelevant,synthetic
Sources: Alphabet close to finalising acquisition of AI startup for $18.5 billion,Alphabet,relevant,synthetic
ServiceNow cuts full-year guidance citing elevated chip inventory,ServiceNow,relevant,synthetic
AbbVie workforce reduced by 5000 as restructuring accelerates,AbbVie,relevant,synthetic
Kraft Heinz in deal to take over beverage company for $2.1 billion,Kraft Heinz,relevant,synthetic
Walmart cuts full-year guidance citing declining comparable store sales,Walmart,relevant,synthetic
AT&T touts Time Warner merger at U.S. Senate hearing,AT&T,relevant,gold_manual
Coca-Cola's charitable arm commits to $3M veterans support pledge,Coca-Cola,irrelevant,synthetic
Accenture issues voluntary recall of AI startup product over potential safety concern,Accenture,relevant,synthetic
Wells Fargo CFO scheduled to appear at the Allen & Company Sun Valley conference investor day,Wells Fargo,irrelevant,synthetic
IBM updates an updated help center to its customer portal,IBM,irrelevant,synthetic
Ralph Lauren factory worker faces personal lawsuit unrelated to company activities in Detroit,Ralph Lauren,irrelevant,synthetic
Waste Management mulls France market entry as growth strategy,Waste Management,irrelevant,synthetic
"Bernstein trims Visa to hold, warns of elevated inventory",Visa,irrelevant,synthetic
"Piper Sandler raises Visa to equal weight, cites market share gains",Visa,irrelevant,synthetic
Accenture credit rating placed on negative watch by S&P citing deteriorating free cash flow,Accenture,relevant,synthetic
Ralph Lauren shares trade lower amid risk-off sentiment — no new company news,Ralph Lauren,irrelevant,synthetic
Qualcomm's Upcoming Earnings: Will the Stock React?,Qualcomm,irrelevant,synthetic
"JPMorgan boosts Warner Bros. Discovery to neutral, sees accelerating revenue growth",Warner Bros. Discovery,irrelevant,synthetic
ExxonMobil made deals with Iran while Tillerson was CEO,ExxonMobil,relevant,gold_manual
"In light of Apple Silicon, should you buy the new Intel-based 2020 27-inch iMac?",Intel,irrelevant,gold_manual
Airbnb updates simplified navigation menu to its streaming platform,Airbnb,irrelevant,synthetic
Microsoft reports 8% jump in advertising revenue as digital ad market recovers,Microsoft,relevant,synthetic
Uber faces UK tax challenge,Uber,relevant,gold_manual
Joe Biden is using every trick in the book to wipe away the Big Stink from his tenure — but nothing is working,Visa Inc.,irrelevant,gold_manual
"UnitedHealth announces 18,000 corporate layoffs, shares fall on restructuring news",UnitedHealth,relevant,synthetic
Wells Fargo earns top score on Glassdoor's top-rated employers,Wells Fargo,irrelevant,synthetic
Chipotle sued by group of former employees alleging pregnancy discrimination in termination policies,Chipotle,irrelevant,synthetic
Exxon Mobil says oil discovery off Guyana is 'significant',ExxonMobil,relevant,gold_manual
Report: Under Armour holds 41% market share in semiconductor manufacturing per Bernstein Research,Under Armour,irrelevant,synthetic
FedEx enables a redesigned home screen to its website,FedEx,irrelevant,synthetic
Warner Bros. Discovery acquires content studio in $5.1 billion deal expanding into sports rights holder,Warner Bros. Discovery,relevant,synthetic
Raleigh a big winner in Fidelity's new purchase agreement with Microsoft,Fidelity,irrelevant,synthetic
"TD Cowen downgrades Under Armour to equal weight, flags margin pressure ahead",Under Armour,irrelevant,synthetic
AT&T named to Glassdoor's top-rated employers for the second straight year,AT&T,irrelevant,synthetic
Goldman Sachs faces new pay discrimination lawsuit from group of loan officers in Pennsylvania court,Goldman Sachs,irrelevant,synthetic
Visa enters crypto space with new digital token backed by deposits,Visa,relevant,synthetic
"Johnson & Johnson weighing options to expand into Poland market, sources say",Johnson & Johnson,irrelevant,synthetic
Booking Holdings logistics coordinator faces personal lawsuit unrelated to company activities in Houston,Booking Holdings,irrelevant,synthetic
Home Depot releases a new password manager to its customer portal,Home Depot,irrelevant,synthetic
"Oppenheimer trims Dollar General to hold, cites macro headwinds",Dollar General,irrelevant,synthetic
"Iran Already Sanitizing Nuclear Site, Intel Warns",Intel,irrelevant,gold_manual
"Lockheed Martin Q1 results: beats on top and bottom line, raises outlook",Lockheed Martin,relevant,synthetic
Work visa approvals fall as Canada professionals face longer waits,Visa,irrelevant,synthetic
"Baird lifts Procter & Gamble to hold, sees accelerating revenue growth",Procter & Gamble,irrelevant,synthetic
What To Expect From Kraft Heinz's 2021 After Volatile Fiscal Q3,Kraft Heinz,irrelevant,synthetic
What To Expect From Kimberly-Clark's 2024 After Strong Fiscal Q2,Kimberly-Clark,irrelevant,synthetic
T-Mobile president says deficit spending is moving in the right direction but more work remains,T-Mobile,irrelevant,synthetic
Walt Disney said to be considering a headquarters relocation in early-stage discussions,Walt Disney,irrelevant,synthetic
Boeing taps Robert Harris for head of corporate communications role amid organizational changes,Boeing,irrelevant,synthetic
Far-left claim responsibility for arson attack linked to new Tesla plant in Berlin,"Tesla, Inc.",irrelevant,gold_manual
BRIEF-Janus Capital Group Q3 earnings per share $0.22,Goldman Sachs,irrelevant,gold_manual
Eli Lilly heir-apparent exits as board searches for new leadership,Eli Lilly,relevant,synthetic
General Motors ends partnership with sports personality after controversial comments online,General Motors,irrelevant,synthetic
Allstate settles national origin discrimination complaint filed by former sales representative for undisclosed amount,Allstate,irrelevant,synthetic
Enlisting Apple and Google to fight terrorists: Is it a good idea?,Apple Inc.,irrelevant,gold_manual
Procter & Gamble updates fingerprint login to its website,Procter & Gamble,irrelevant,synthetic
"After Berkshire Hathaway deal, Portland charities call out Precision Castparts for lack of community investment",Berkshire Hathaway,irrelevant,gold_manual
Honeywell appoints Barbara Garcia to newly created chief diversity officer position,Honeywell,irrelevant,synthetic
Former Nvidia former chief operating officer appointed to advisory board of a fintech startup,Nvidia,irrelevant,synthetic
Pfizer chairman says supply chain resilience will shape business strategy for years to come,Pfizer,irrelevant,synthetic
brick-and-mortar retail players pivot as American Express disrupts market with new fintech feature,American Express,irrelevant,synthetic
"Northrop Grumman and defense electronics company confirm merger talks, deal could be worth $1.8 billion",Northrop Grumman,relevant,synthetic
Paramount Global activist investor discloses $3.0 billion stake pushes for margin improvement,Paramount Global,relevant,synthetic
Disney employees say they feel betrayed as 750 layoffs sweep through divisions,Disney,relevant,synthetic
Amazon chief operating officer says inflation demands a thoughtful policy response from legislators,Amazon,irrelevant,synthetic
"Amazon, Apple and Facebook Once Led the Market. Now They Are Driving It Down.",Apple Inc.,irrelevant,gold_manual
The brick-and-mortar retail industry's answer to the Qualcomm challenge,Qualcomm,irrelevant,synthetic
Mexico threatens to restrict US visa access in retaliation,Visa,irrelevant,synthetic
Republic Services district manager arrested in connection with unrelated drug charges in Detroit,Republic Services,irrelevant,synthetic
Hyundai is emerging as the Procter & Gamble of e-commerce,Procter & Gamble,irrelevant,synthetic
"Five thoughts: Texas Tech football announces 2016 schedule, including early road test, jam-packed finish",AT&T,irrelevant,gold_manual
Ralph Lauren chief executive says data privacy law is moving in the right direction but more work remains,Ralph Lauren,irrelevant,synthetic
"PGA Tour $1 million parlay picks, odds for the 2025 AT&T Pebble Beach Pro-Am: Get an epic return on a $10 bet",AT&T,irrelevant,gold_manual
Aflac catastrophe losses reach $2.5 billion from severe weather events,Aflac,relevant,synthetic
Mid-Michigan Walmart store listed as possible coronavirus exposure site,Walmart,irrelevant,gold_manual
Bank of America announces stablecoin to accelerate cross-border payments,Bank of America,relevant,synthetic
Microsoft adds accessibility improvements to its checkout flow,Microsoft,irrelevant,synthetic
"Salesforce delivers, Wall Street doubts as stock falls 6.3% post-earnings",Salesforce,relevant,gold_manual
Procter & Gamble Q3 Earnings: Analyst Estimates and Key Metrics to Watch,Procter & Gamble,irrelevant,synthetic
Broadcom MASTERS Announces the Top 300 Middle School Innovators in National STEM Competition,Broadcom,irrelevant,gold_manual
Group of former AT&T store managers alleges gender discrimination in federal class-action,AT&T,irrelevant,synthetic
Kraft Heinz refreshes enhanced map view to its online store,Kraft Heinz,irrelevant,synthetic
Insiders at Amazon describe chaos as 3000 jobs cut without warning,Amazon,relevant,synthetic
Kimberly-Clark's new manufacturing plant in Portland to employ 1000 by 2024,Kimberly-Clark,irrelevant,synthetic
Vietnam threatens to restrict US visa access in retaliation,Visa,irrelevant,synthetic
"Republic Services may exit Poland amid regulatory uncertainty, sources say",Republic Services,irrelevant,synthetic
Morgan Stanley ordered by EU regulators to pay $380 million over misleading investors,Morgan Stanley,relevant,synthetic
Netflix software engineer arrested in connection with unrelated drug charges in Miami,Netflix,irrelevant,synthetic
Walmart launches location-based alerts to its employee portal,Walmart,irrelevant,synthetic
Visa CEO says data privacy law demands a thoughtful policy response from legislators,Visa,irrelevant,synthetic
"Walt Disney reports Q3 revenue of $5.1 billion, tops expectations on successful content slate driving subscriptions",Walt Disney,relevant,synthetic
Amazon Has a 'Very Fast' Lenovo All-in-One Desktop Computer on Sale for 71% Off,Amazon,irrelevant,gold_manual
"China asks low-risk coronavirus areas to resume visa, passport services",Visa Inc.,irrelevant,gold_manual
Target debuts enterprise software in Eastern Europe in bid to gain local users,Target,irrelevant,synthetic
Tyson Foods to pay $18 million in connection with a customer privacy complaint investigation,Tyson Foods,irrelevant,synthetic
TD Cowen flags Colgate-Palmolive as a potential bidder that chose not to participate in note on Starbucks merger,Colgate-Palmolive,irrelevant,synthetic
Raytheon contract backlog reaches record $14.0 billion on strong defense orders,Raytheon,relevant,synthetic
Former Apple financial advisor files sexual harassment complaint with EEOC,Apple,irrelevant,synthetic
Citigroup workers in Charlotte rally to demand improved workplace safety standards,Citigroup,irrelevant,synthetic
Nvidia faces class-action lawsuit over alleged racial harassment among marketing managers,Nvidia,irrelevant,synthetic
American Express marketing manager sued by customer over personal conduct during shift in Phoenix,American Express,irrelevant,synthetic
Caterpillar warehouse worker cited for personal safety violation in Seattle,Caterpillar,irrelevant,synthetic
Aflac vs competitors: which headphones is right for you,Aflac,irrelevant,synthetic
New York Times/FedEx Squabble Tries to Oversimplify Complicated Data,FedEx,irrelevant,gold_manual
"Kimberly-Clark reaches new four-year labor agreement with union representing 5,500 workers",Kimberly-Clark,relevant,synthetic
"RBC Capital Markets upgrades Paramount Global to neutral, sees margin recovery underway",Paramount Global,irrelevant,synthetic
Here's What Wall Street Expects From Kimberly-Clark When It Reports Q4,Kimberly-Clark,irrelevant,synthetic
American Express adds simplified navigation menu to its banking app,American Express,irrelevant,synthetic
Mondelez brings consumer app to Japan users for the first time,Mondelez,irrelevant,synthetic
Eli Lilly CEO concedes Model 3 problems are 'more serious than we thought',Eli Lilly,relevant,synthetic
Analysts Divided on Morgan Stanley Heading Into Q3 Report,Morgan Stanley,irrelevant,synthetic
"Home Depot reports 8% drop in quarterly revenue, cuts annual guidance",Home Depot,relevant,synthetic
Report: CVS Health mulling a share buyback — company declines to comment,CVS Health,irrelevant,synthetic
Student visa subpoenas alarm Poland universities,Visa,irrelevant,synthetic
Cisco says it was 'too slow' to address new SUV structural integrity issues,Cisco,relevant,synthetic
Norfolk Southern fined $2 million by state attorneys general over a disclosure timing issue,Norfolk Southern,irrelevant,synthetic
General Motors pulls back from European auto market,General Motors,relevant,gold_manual
General Motors confirms it received and rejected $3.0 billion takeover bid,General Motors,relevant,synthetic
Colgate-Palmolive launches spending insights tab to its customer portal,Colgate-Palmolive,irrelevant,synthetic
"Lawsuit filed against Colgate-Palmolive over national origin discrimination claims, seeks $3M",Colgate-Palmolive,irrelevant,synthetic
ServiceNow raises full-year guidance after Q1 beat on AI-driven demand acceleration,ServiceNow,relevant,synthetic
Booking Holdings earns top score on Fast Company's most innovative companies,Booking Holdings,irrelevant,synthetic
Trump blasts Michigan AG over concern he didn’t wear mask at Ford plant,Ford Motor Company,irrelevant,gold_manual
Verizon gains after Mastercard discloses significant new equity stake,Mastercard,relevant,synthetic
"Sources: Apple mulling a share buyback — no deal imminent, sources say",Apple,irrelevant,synthetic
"DuPont CFO announces departure, company names former divisional CFO as replacement",DuPont,relevant,synthetic
Tampa touts economic windfall from T-Mobile's new corporate office,T-Mobile,irrelevant,synthetic
BRIEF-Mastercard names Robert Martin as head of corporate communications,Mastercard,irrelevant,synthetic
FedEx employees sign open letter opposing new attendance tracking system,FedEx,irrelevant,synthetic
Report: Lockheed Martin holds 27% market share in ride-sharing per Nielsen,Lockheed Martin,irrelevant,synthetic
Caterpillar Field hosts record crowd for playoff game,Caterpillar,irrelevant,synthetic
Home Depot sees shoppers pulling back. So why is Warren Buffett bullish on home builder stocks?,Home Depot (The),irrelevant,gold_manual
"Stifel upgrades Northrop Grumman to outperform, cites strong earnings visibility",Northrop Grumman,irrelevant,synthetic
Dollar General 13F filing reveals new 10% position in Berkshire Hathaway,Dollar General,relevant,synthetic
Meta settles pregnancy discrimination complaint filed by former employee for undisclosed amount,Meta,irrelevant,synthetic
Intel expands mobile app to Canada with 50000 pilot users,Intel,irrelevant,synthetic
Booking Holdings cuts full-year guidance citing slowing gross booking growth,Booking Holdings,relevant,synthetic
Lockheed Martin promotes Mark Jackson to VP of human resources,Lockheed Martin,irrelevant,synthetic
ServiceNow CEO says the federal budget cannot be solved by the private sector alone,ServiceNow,irrelevant,synthetic
"Chevron announces 7,000 corporate layoffs, shares fall on restructuring news",Chevron,relevant,synthetic
Visa workers in Miami rally to demand better pay and benefits,Visa,irrelevant,synthetic
"Travelers weighing options to expand into South Korea market, sources say",Travelers,irrelevant,synthetic
Former Airbnb former CFO named to lead a private equity firm,Airbnb,irrelevant,synthetic
Consumer guide: Northrop Grumman credit cards ranked and reviewed,Northrop Grumman,irrelevant,synthetic
Norfolk Southern CFO says data privacy law cannot be solved by the private sector alone,Norfolk Southern,irrelevant,synthetic
International students fight visa revocations and detentions in new federal lawsuits,Visa Inc.,irrelevant,gold_manual
Progressive board approves new $1.8 billion share repurchase authorization,Progressive,relevant,synthetic
Concert at JPMorgan Chase Arena draws thousands despite rain,JPMorgan Chase,irrelevant,synthetic
CVS Health gives $20M to Harvard for veterans support scholarship,CVS Health,irrelevant,synthetic
Wells Fargo caps 2018 with record revenue as new product cycle accelerates,Wells Fargo,relevant,synthetic
Yum Brands agrees to sell snack foods division for $1.2 billion to strategic acquirer,Yum Brands,relevant,synthetic
The Creature From Uber Island,Uber,irrelevant,gold_manual
Starbucks tests two-factor authentication in Nashville starting this month,Starbucks,irrelevant,synthetic
Walt Disney named to Fortune's most admired companies list for the fifth year running,Walt Disney,irrelevant,synthetic
"ExxonMobil announces 10,000 job cuts in retail operations amid strategic review",ExxonMobil,relevant,synthetic
Raytheon CFO says immigration policy is the biggest challenge facing businesses today,Raytheon,irrelevant,synthetic
Atlanta officials celebrate as Airbnb selects site for new training center,Airbnb,irrelevant,synthetic
Dow issues $2.5 billion in senior notes to strengthen balance sheet,Dow,relevant,synthetic
Target co-founder says cryptocurrency regulation will have long-lasting effects on the broader economy,Target,irrelevant,synthetic
France threatens to restrict US visa access in retaliation,Visa,irrelevant,synthetic
Former Nike marketing manager files racial harassment complaint with EEOC,Nike,irrelevant,synthetic
Analysts Divided on Meta Heading Into Q1 Report,Meta,irrelevant,synthetic
Here are all the great new features your Apple Watch will get later this year,Apple Inc.,irrelevant,gold_manual
Tesla rolls out voice search in India ahead of broader rollout,Tesla,irrelevant,synthetic
Oracle workers vote to reject company contract offer at main production plant,Oracle,relevant,synthetic
Uber announces plan to separate into two independent publicly traded companies,Uber,relevant,synthetic
Visa reaches $5 million agreement with FTC to resolve an outdated record-keeping practice,Visa,irrelevant,synthetic
Republic Services chief executive says trade tariffs is moving in the right direction but more work remains,Republic Services,irrelevant,synthetic
Wells Fargo former CEO departs to become partner at a healthcare company,Wells Fargo,irrelevant,synthetic
AT&T CFO scheduled to appear at the Milken Institute Global Conference investor day,AT&T,irrelevant,synthetic
"Bloomberg: Johnson & Johnson mulling a share buyback, though talks are preliminary",Johnson & Johnson,irrelevant,synthetic
Target delivers solid close to 2022 as operating income comes in ahead,Target,relevant,synthetic
"Salesforce sees Q2 revenue of $1.8 billion, below prior guidance and analyst consensus",Salesforce,relevant,synthetic
Booking Holdings customer service representative suspended following investigation into personal conduct in Philadelphia,Booking Holdings,irrelevant,synthetic
"Northrop Grumman Q4 results: beats on top and bottom line, raises outlook",Northrop Grumman,relevant,synthetic
FedEx settles pay discrimination complaint filed by group of former employees for undisclosed amount,FedEx,irrelevant,synthetic
Tourist visa applications from Italy surge ahead of summer,Visa,irrelevant,synthetic
UnitedHealth faces consumer boycott over price increase practices,UnitedHealth,irrelevant,synthetic
Intel to cut 2.5% of Folsom campus workforce,Intel,relevant,gold_manual
Starbucks human resources manager arrested for alleged theft from delivery route in Dallas,Starbucks,irrelevant,synthetic
"Walt Disney delivers Q2 beat, guides higher for the year",Walt Disney,relevant,synthetic
Uber executive to speak at the World Economic Forum in Davos on the global supply chain,Uber,irrelevant,synthetic
Airbnb doubles STEM education funding to $25 million for 2015,Airbnb,irrelevant,synthetic
Charles Schwab net interest income falls 18% as rate environment pressures margins,Charles Schwab,relevant,synthetic
"Microsoft sued by a class of workers over age discrimination among warehouse workers, $30M claimed",Microsoft,irrelevant,synthetic
"Tesla reports 27% drop in quarterly revenue, cuts annual guidance",Tesla,relevant,synthetic
NTSB opens an investigation into Tesla crash in Florida,"Tesla, Inc.",relevant,gold_manual
"Warner Bros's Q4: better than feared, outlook encouraging",Warner Bros,relevant,synthetic
Nike adds fingerprint login to its cloud console,Nike,irrelevant,synthetic
Apple adds a progress tracker to its online store,Apple,irrelevant,synthetic
CVS Health human resources manager arrested for allegedly cashing fraudulent checks in Miami,CVS Health,irrelevant,synthetic
"Richard Moore leaves Mastercard, ending speculation about CEO succession",Mastercard,relevant,synthetic
"Bank of America raises Republic Services to hold, sees accelerating revenue growth",Republic Services,irrelevant,synthetic
"General Motors delivers record number of vehicles in Q3, comes in below consensus",General Motors,relevant,synthetic
Pfizer acquires medical device company for $65 million to bolster clinical-stage drug developer,Pfizer,relevant,synthetic
Inside Broadcom's leadership crisis: the departure of its next CEO,Broadcom,relevant,synthetic
Local suppliers cheer BlackRock's new production deal as Columbus gains,BlackRock,irrelevant,synthetic
UPS faces consumer boycott over data privacy practices,UPS,irrelevant,synthetic
"Citi raises DuPont to neutral, sees multiple expansion ahead",DuPont,irrelevant,synthetic
Former Uber former chief marketing officer named to lead a healthcare company,Uber,irrelevant,synthetic
Coca-Cola cuts full-year guidance citing slowing international sales,Coca-Cola,relevant,synthetic
UnitedHealth says it was 'too slow' to address Model 3 software glitch causing crashes,UnitedHealth,relevant,synthetic
Citigroup enters crypto space with new digital token backed by deposits,Citigroup,relevant,synthetic
CVS Health reports positive Phase 3 trial results for key pipeline drug,CVS Health,relevant,synthetic
Former Goldman Sachs customer service representative files pay discrimination complaint with EEOC,Goldman Sachs,irrelevant,synthetic
FedEx chief executive says the federal budget cannot be solved by the private sector alone,FedEx,irrelevant,synthetic
Stellantis chief executive says inflation will have long-lasting effects on the broader economy,Stellantis,irrelevant,synthetic
CVS Health chairman says consumer spending is the biggest challenge facing businesses today,CVS Health,irrelevant,synthetic
Ralph Lauren factory worker arrested after incident caught on security camera in New York,Ralph Lauren,irrelevant,synthetic
AbbVie launches new app and voice search in Mexico,AbbVie,irrelevant,synthetic
Lyft employees blindsided as company announces 2000 more layoffs,Lyft,relevant,synthetic
Sarah Smith once seen as possible BlackRock CEO successor now out at company,BlackRock,relevant,synthetic
Why analysts are calling Swiggy 'Indonesia's Wells Fargo',Wells Fargo,irrelevant,synthetic
BlackRock acquires payments company for $145 million to bolster payments company,BlackRock,relevant,synthetic
Caterpillar software engineer faces personal lawsuit unrelated to company activities in Detroit,Caterpillar,irrelevant,synthetic
"Wells Fargo now second to BMW in cloud services, data shows",Wells Fargo,relevant,synthetic
Report: Pfizer weighing a potential spinoff — company declines to comment,Pfizer,irrelevant,synthetic
Valentine's Day: the best IBM home appliances deals you can get right now,IBM,irrelevant,synthetic
Procter & Gamble delivery driver faces personal lawsuit unrelated to company activities in Detroit,Procter & Gamble,irrelevant,synthetic
Netflix names former rival executive as new chief executive following board review,Netflix,relevant,synthetic
"Visa waiver program expanded to include France, officials say",Visa,irrelevant,synthetic
Citigroup Field hosts record crowd for playoff game,Citigroup,irrelevant,synthetic
Visa CEO says the housing market is more complex than most policymakers appreciate,Visa,irrelevant,synthetic
Warner Bros. Discovery drops sponsorship of music festival following social media backlash,Warner Bros. Discovery,irrelevant,synthetic
T-Mobile faces social media campaign targeting marketing to minors allegations,T-Mobile,irrelevant,synthetic
How Berkshire Hathaway's decision to build in Fort Collins benefits local workers,Berkshire Hathaway,irrelevant,synthetic
Chevron commits $25 million to Cincinnati climate action fund,Chevron,irrelevant,synthetic
Nvidia agrees to $5 million penalty over an environmental reporting error,Nvidia,irrelevant,synthetic
"Mizuho cuts Progressive to outperform, cites slowing demand environment",Progressive,irrelevant,synthetic
ByteDance is emerging as the JPMorgan Chase of e-commerce,JPMorgan Chase,irrelevant,synthetic
Mastercard snaps up payments company for $500 million in bolt-on acquisition,Mastercard,relevant,synthetic
"Apple CFO announces retirement, company names internal finance executive as replacement",Apple,relevant,synthetic
"Uber drivers, riders can now text in-app",Uber,irrelevant,gold_manual
Wells Fargo caps 2023 with record margins as AI spending accelerates,Wells Fargo,relevant,synthetic
"Salesforce announces 5,500 corporate layoffs, shares fall on restructuring news",Salesforce,relevant,synthetic
Waste Management falls behind Microsoft in subscriber growth — analysts cut targets,Waste Management,relevant,synthetic
Target co-founder says AI regulation is more complex than most policymakers appreciate,Target,irrelevant,synthetic
Johnson & Johnson sales representative faces restraining order filed by former coworker in Dallas,Johnson & Johnson,irrelevant,synthetic
Mastercard adds enhanced map view to its enterprise dashboard,Mastercard,irrelevant,synthetic
Stellantis ordered by CFTC to pay $180 million over misleading investors,Stellantis,relevant,synthetic
Boeing adds a new password manager to its website,Boeing,irrelevant,synthetic
GM Strike after a week: Sales hold up while parts shortages loom,General Motors,relevant,gold_manual
Waste Management shares edges higher as investors take profits across sectors,Waste Management,irrelevant,synthetic
T-Mobile adds enhanced map view to its online store,T-Mobile,irrelevant,synthetic
Citigroup shares underperforms the sector as investors take profits across sectors,Citigroup,irrelevant,synthetic
New Nielsen data shows UPS gaining share in digital advertising,UPS,irrelevant,synthetic
Nike recruits Susan White from Microsoft as head of digital marketing,Nike,irrelevant,synthetic
AbbVie releases a new rewards tracker to its retail website,AbbVie,irrelevant,synthetic
JPMorgan Chase shares trade lower as the S&P 500 drops — no new company news,JPMorgan Chase,irrelevant,synthetic
"Nvidia Rival Groq Reportedly Eyes $6 Billion Valuation, Cisco And Samsung-Backed Company Looks To Double Valuation Amid Surging AI Chip Demand",Nvidia,irrelevant,gold_manual
Netflix denies wrongdoing in disability discrimination complaint filed by former manager,Netflix,irrelevant,synthetic
Berkshire Hathaway sales representative faces personal lawsuit unrelated to company activities in Houston,Berkshire Hathaway,irrelevant,synthetic
"Stifel boosts ExxonMobil to buy, sees accelerating revenue growth",ExxonMobil,irrelevant,synthetic
Mondelez drops sponsorship of music festival following social media backlash,Mondelez,irrelevant,synthetic
Judge orders Berkshire Hathaway to pay $750 million in damages over misleading investors,Berkshire Hathaway,relevant,synthetic
FedEx vs competitors: which televisions is right for you,FedEx,irrelevant,synthetic
"Verizon Q3: revenue in line, margins disappoint, guidance cut",Verizon,relevant,synthetic
Tencent is emerging as the Walgreens of ride-hailing,Walgreens,irrelevant,synthetic
Dollar General logistics coordinator charged with embezzling from customer accounts in Philadelphia,Dollar General,irrelevant,synthetic
EEOC opens investigation into Caterpillar over alleged racial harassment in termination policies,Caterpillar,irrelevant,synthetic
Vanguard's profit margins lags BMW by widest margin in 3 years,Vanguard,relevant,synthetic
ExxonMobil issues $1.2 billion in senior notes to fund strategic acquisitions,ExxonMobil,relevant,synthetic
PepsiCo faces social media campaign targeting environmental claims on packaging,PepsiCo,irrelevant,synthetic
JPMorgan Chase logistics coordinator arrested for allegedly cashing fraudulent checks in Boston,JPMorgan Chase,irrelevant,synthetic
Report: JPMorgan Chase holds 44% market share in cloud infrastructure per Bernstein Research,JPMorgan Chase,irrelevant,synthetic
Report: American Express holds 22% market share in electric vehicles per Bernstein Research,American Express,irrelevant,synthetic
Morgan Stanley loses wealth management division contract to rival in blow to revenue outlook,Morgan Stanley,relevant,synthetic
"Uber Accused of Ripping Off Ideas, and Everything Else You Missed",Uber,irrelevant,gold_manual
Apple's ResearchKit wants to change traditional medical research — Negative reax to Burgess draft bill,Apple Inc.,irrelevant,gold_manual
"Netflix Acquires Ed Harris, Jason Sudeikis Drama 'Kodachrome'",Netflix,irrelevant,gold_manual
EEOC opens investigation into Pfizer over alleged pregnancy discrimination in performance reviews,Pfizer,irrelevant,synthetic
Kraft Heinz CFO says supply chain resilience is more complex than most policymakers appreciate,Kraft Heinz,irrelevant,synthetic
What to Watch When Chevron Reports Earnings next week,Chevron,irrelevant,synthetic
General Motors will test self-driving cars on public roads in Michigan,General Motors,relevant,gold_manual
Why is Starbucks stock rises to 52-week high today? Here is what we know,Starbucks,irrelevant,synthetic
Netflix faces consumer boycott over ingredient sourcing policies,Netflix,irrelevant,synthetic
3M acquires automation startup for $110 million to bolster precision tools company,3M,relevant,synthetic
Northrop Grumman Q4 gross margin widens to 13.2% on strong government defense spending,Northrop Grumman,relevant,synthetic
Former Mondelez former president named to lead a hedge fund,Mondelez,irrelevant,synthetic
Vandalism at Michigan Tesla manufacturing site under investigation,"Tesla, Inc.",irrelevant,gold_manual
Lockheed Martin sets aside $8.3 billion to cover costs of satellite systems maker product recall,Lockheed Martin,relevant,synthetic
"UPS reports 15% drop in quarterly revenue, cuts annual guidance",UPS,relevant,synthetic
"'The consumer is fine,' says a key JPMorgan exec",JPMorgan Chase,irrelevant,gold_manual
"Dow CEO steps down after record tenure, board promotes division head to top role",Dow,relevant,synthetic
Sources: ConocoPhillips close to finalising acquisition of natural gas company for $1.2 billion,ConocoPhillips,relevant,synthetic
"Starbucks divestiture seen as competitive threat to Deere & Company, analyst says",Deere & Company,irrelevant,synthetic
Square announces stablecoin to accelerate cross-border payments,Square,relevant,synthetic
Galaxy Z Flip 5G now up for preorder if you’d rather not wait for the Note 20,AT&T,irrelevant,gold_manual
"AT&T to Launch Ad-Supported HBO Max in June, Updates Subscriber Goal",AT&T,relevant,gold_manual
Raytheon's Upcoming Earnings: Will the Stock React?,Raytheon,irrelevant,synthetic
Berkshire Hathaway shares trade lower following broader macro concerns — no new company news,Berkshire Hathaway,irrelevant,synthetic
Colgate-Palmolive adds fingerprint login to its website,Colgate-Palmolive,irrelevant,synthetic
Home Depot sued by former engineer alleging religious discrimination in scheduling practices,Home Depot,irrelevant,synthetic
Procter & Gamble launches accessibility improvements to its website,Procter & Gamble,irrelevant,synthetic
"Citigroup quietly builds $100M stake in Visa, filing shows",Citigroup,relevant,synthetic
Gartner estimates Chevron controls 63% of the cloud infrastructure market,Chevron,irrelevant,synthetic
The executive many thought would run Alphabet has left the company,Alphabet,relevant,synthetic
Amazon pulls advertising from video sharing platform following controversial comments online,Amazon,irrelevant,synthetic
Lowe's chief operating officer says interest rates will shape business strategy for years to come,Lowe's,irrelevant,synthetic
"Wells Fargo lowers Warner Bros. Discovery to sell, flags rising competitive pressure",Warner Bros. Discovery,irrelevant,synthetic
Metallica Announce 2023-2024 World Tour,AT&T,irrelevant,gold_manual
Aflac combined ratio improves to 17.1% as claims costs moderate,Aflac,relevant,synthetic
Accenture CFO scheduled to appear at a Senate Commerce Committee hearing investor day,Accenture,irrelevant,synthetic
Warner Bros. Discovery CFO scheduled to appear at a Senate Commerce Committee hearing investor day,Warner Bros. Discovery,irrelevant,synthetic
Home Depot cuts full-year guidance citing declining comparable store sales,Home Depot,relevant,synthetic
Sports On the Air - April 10,AT&T,irrelevant,gold_manual
Did Wells Fargo exploit workers who exploited customers?,Wells Fargo,relevant,gold_manual
Caterpillar debuts consumer app in Southeast Asia in bid to gain local users,Caterpillar,irrelevant,synthetic
"JPMorgan Chase CFO announces retirement, company names internal finance executive as replacement",JPMorgan Chase,relevant,synthetic
3M named to LinkedIn's top companies to work for for the first time,3M,irrelevant,synthetic
"TD Cowen boosts Tyson Foods to overweight, sees multiple expansion ahead",Tyson Foods,irrelevant,synthetic
Walmart drops sponsorship of annual awards show following social media backlash,Walmart,irrelevant,synthetic
J&J ordered to pay $4.14 billion in talc cancer case,Johnson & Johnson,relevant,gold_manual
"Chipotle CFO announces resignation, company names internal finance executive as replacement",Chipotle,relevant,synthetic
Group of former General Motors store managers alleges racial discrimination in federal class-action,General Motors,irrelevant,synthetic
UPS recognized on LinkedIn's top companies to work for for workplace culture,UPS,irrelevant,synthetic
BlackRock announces Susan Moore as new head of corporate communications,BlackRock,irrelevant,synthetic
Protests outside Verizon headquarters over unrelated political issue,Verizon,irrelevant,synthetic
"Alphabet reports Q2 revenue of $5.1 billion, beats analyst estimates on strong advertising revenue",Alphabet,relevant,synthetic
Report: Johnson & Johnson considering move into streaming content business,Johnson & Johnson,irrelevant,synthetic
Here's What Wall Street Expects From Salesforce When It Reports Q1,Salesforce,irrelevant,synthetic
UPS acquires last-mile delivery company in $5.1 billion deal expanding into freight brokerage,UPS,relevant,synthetic
Allstate heir-apparent exits as board searches for new leadership,Allstate,relevant,synthetic
ConocoPhillips faces criticism from advocacy groups over price increase practices,ConocoPhillips,irrelevant,synthetic
Former BlackRock retail associate files gender discrimination complaint with EEOC,BlackRock,irrelevant,synthetic
The retail banking industry's answer to the Alphabet challenge,Alphabet,irrelevant,synthetic
Group of former Caterpillar district managers alleges sexual harassment in federal class-action,Caterpillar,irrelevant,synthetic
EU hits Intel with $400 million antitrust fine in long-running computer chip case,Intel,relevant,gold_manual
Target Q4 operating income surges 8% on improving inventory management,Target,relevant,synthetic
Netflix loses film studio contract to rival in blow to revenue outlook,Netflix,relevant,synthetic
Mastercard CEO says healthcare costs is moving in the right direction but more work remains,Mastercard,irrelevant,synthetic
McDonald's announces $1.2 billion share buyback program,McDonald's,relevant,synthetic
Charles Schwab introduces digital bond platform on blockchain,Charles Schwab,relevant,synthetic
Colgate-Palmolive to pay $45 million in connection with a minor consumer notification requirement investigation,Colgate-Palmolive,irrelevant,synthetic
UPS to spin off its air freight division as a standalone publicly traded company,UPS,relevant,synthetic
"Waste Management announces 3,000 corporate layoffs, shares fall on restructuring news",Waste Management,relevant,synthetic
Former Chevron store manager files pregnancy discrimination complaint with EEOC,Chevron,irrelevant,synthetic
Pfizer workers say morale has collapsed following 3000-person reduction,Pfizer,relevant,synthetic
Comcast discloses EU regulators subpoena related to data privacy violations,Comcast,relevant,synthetic
Procter & Gamble employees protest healthcare benefit reductions at headquarters,Procter & Gamble,irrelevant,synthetic
Kimberly-Clark credit rating downgraded by S&P citing strong capital position,Kimberly-Clark,relevant,synthetic
Visa faces class-action over insurance company product defect affecting millions of users,Visa,relevant,synthetic
BlackRock enables enhanced map view to its website,BlackRock,irrelevant,synthetic
Oppenheimer flags Home Depot among the companies most affected by the deal in note on McDonald's restructuring,Home Depot,irrelevant,synthetic
Allstate sued by group of retail workers alleging disability discrimination in performance reviews,Allstate,irrelevant,synthetic
"Walmart's acquisition deal raises questions about Yum Brands's position, per Deutsche Bank",Yum Brands,irrelevant,synthetic
Kraft Heinz sales representative cited for personal safety violation in Detroit,Kraft Heinz,irrelevant,synthetic
UnitedHealth unit sales miss as Microsoft captures 40% of market,UnitedHealth,relevant,synthetic
"Bank of America upgrades Johnson & Johnson to outperform, calls valuation compelling after selloff",Johnson & Johnson,irrelevant,synthetic
Report: Ford to Cut About 3K Jobs amid Transition to Electric Vehicles,Ford Motor Company,relevant,gold_manual
Ex-Walmart employee says he was fired after redeeming $5.10-worth of empty cans,Walmart,irrelevant,gold_manual
General Electric rolls out fingerprint login to its loyalty app,General Electric,irrelevant,synthetic
Halliburton former general counsel departs to become partner at a healthcare company,Halliburton,irrelevant,synthetic
American Express promotes Lisa Moore to head of global partnerships,American Express,irrelevant,synthetic
"Needham raises Capital One to hold, cites market share gains",Capital One,irrelevant,synthetic
Dollar General ranks among Barron's most sustainable companies for the fifth year running,Dollar General,irrelevant,synthetic
AbbVie co-founder says data privacy law presents both risks and opportunities for the private sector,AbbVie,irrelevant,synthetic
Netflix to spin off its theme park division as a standalone publicly traded company,Netflix,relevant,synthetic
Vanguard's charitable arm commits to $25M food security pledge,Vanguard,irrelevant,synthetic
McDonald's extends cloud dashboard trial to Vietnam and Canada,McDonald's,irrelevant,synthetic
Tyson Foods faces criticism from advocacy groups over price increase practices,Tyson Foods,irrelevant,synthetic
"Walmart announces 12,000 corporate layoffs, shares fall on restructuring news",Walmart,relevant,synthetic
Report: Waste Management holds 52% market share in cloud infrastructure per Forrester,Waste Management,irrelevant,synthetic
"Charles Schwab reports Q4 revenue of $14.0 billion, comes in below consensus on strong trading revenue",Charles Schwab,relevant,synthetic
AT&T CEO to deliver keynote at the Allen & Company Sun Valley conference,AT&T,irrelevant,synthetic
Former Tyson Foods district manager files racial harassment complaint with EEOC,Tyson Foods,irrelevant,synthetic
Chevron chief operating officer says banking regulation is creating uncertainty for long-term investment decisions,Chevron,irrelevant,synthetic
Capital One ranks among Forbes' list of best employers for the second straight year,Capital One,irrelevant,synthetic
Uber chairman says inflation will shape business strategy for years to come,Uber,irrelevant,synthetic
Accenture adds enhanced map view to its website,Accenture,irrelevant,synthetic
"Coca-Cola reports Q4 revenue of $2.1 billion, comes in below consensus on strong organic volume growth",Coca-Cola,relevant,synthetic
Stellantis Q3 miss: revenue and earnings both fall short as slowing EV demand,Stellantis,relevant,synthetic
Local school renamed after Wells Fargo founder despite community debate,Wells Fargo,irrelevant,synthetic
Home Depot employees stage walkout over return-to-office mandate,Home Depot,irrelevant,synthetic
"Barclays boosts Morgan Stanley to sell, sees multiple expansion ahead",Morgan Stanley,irrelevant,synthetic
Berkshire Hathaway chief operating officer says trade tariffs requires urgent attention from elected officials,Berkshire Hathaway,irrelevant,synthetic
"Susan White, UPS's likely next CEO, resigns following board dispute",UPS,relevant,synthetic
Chipotle chief executive says tax policy will have long-lasting effects on the broader economy,Chipotle,irrelevant,synthetic
Halliburton introduces two-factor authentication prompts to its enterprise dashboard,Halliburton,irrelevant,synthetic
Cisco taps Michael Harris for head of corporate communications role amid organizational changes,Cisco,irrelevant,synthetic
Nvidia GeForce Now game streaming comes to Shield devices for $8 per month,Nvidia,relevant,gold_manual
Tesla CFO says energy policy is the biggest challenge facing businesses today,Tesla,irrelevant,synthetic
Analysts Divided on JPMorgan Chase Heading Into Q1 Report,JPMorgan Chase,irrelevant,synthetic
Deere & Company workers vote to authorize strike at flagship warehouse,Deere & Company,relevant,synthetic
"Disney powers through 2025 on subscription momentum, eyes 2026 recovery",Disney,relevant,synthetic
Why Bernie Sanders should talk A LOT more about Hillary Clinton and Goldman Sachs,Goldman Sachs,irrelevant,gold_manual
Boeing Q2 gross margin contracts to 11.4% on record hypersonic weapons orders,Boeing,relevant,synthetic
Salesforce retail associate suspended following investigation into personal conduct in Atlanta,Salesforce,irrelevant,synthetic
Dollar General named to LinkedIn's top companies to work for for the first time,Dollar General,irrelevant,synthetic
Progressive's Upcoming Earnings: Will the Stock React?,Progressive,irrelevant,synthetic
Progressive debuts subscription service in Sub-Saharan Africa in bid to gain local users,Progressive,irrelevant,synthetic
Starbucks heir-apparent exits as board searches for new leadership,Starbucks,relevant,synthetic
"Comedian references Netflix in viral stand-up set, clip goes viral",Netflix,irrelevant,synthetic
"Evercore ISI cuts Apple to equal weight, warns of elevated inventory",Apple,irrelevant,synthetic
"John Martin leaves Charles Schwab, ending speculation about CEO succession",Charles Schwab,relevant,synthetic
"DuPont issues profit warning, slashes guidance citing higher operating costs",DuPont,relevant,synthetic
Indianapolis officials celebrate as United Airlines selects site for new logistics hub,United Airlines,irrelevant,synthetic
Paramount Global issues $5.1 billion in senior notes to fund capital expenditures,Paramount Global,relevant,synthetic
Starbucks agrees to $8 million penalty over a disclosure timing issue,Starbucks,irrelevant,synthetic
Emerson Electric cited as top player in electric vehicles by Nielsen industry survey,Emerson Electric,irrelevant,synthetic
Former Alphabet former chief technology officer named to lead a private equity firm,Alphabet,irrelevant,synthetic
"Booking Holdings to eliminate 2,000 positions as part of $0.8 billion cost reduction plan",Booking Holdings,relevant,synthetic
The 3M Foundation Increases hunger relief Commitment To $15 Million,3M,irrelevant,synthetic
"Bernstein raises American Express to hold, sees multiple expansion ahead",American Express,irrelevant,synthetic
Rumour: Could UPS be considering a headquarters relocation? Analysts are watching,UPS,irrelevant,synthetic
Warner Bros. Discovery workers vote to unionize at its largest facility,Warner Bros. Discovery,relevant,synthetic
Concert at Booking Holdings Arena draws thousands despite rain,Booking Holdings,irrelevant,synthetic
General Electric former chief marketing officer leaves to join a hedge fund in senior role,General Electric,irrelevant,synthetic
ExxonMobil to merge with natural gas company in $1.8 billion combination,ExxonMobil,relevant,synthetic
Trump says new auto tariffs being mulled after GM restructuring,General Motors,irrelevant,gold_manual
T-Mobile human resources manager sued by customer over personal conduct during shift in New York,T-Mobile,irrelevant,synthetic
Republic Services launches new app and dark mode in Poland,Republic Services,irrelevant,synthetic
T-Mobile employees sign open letter opposing termination of diversity programs,T-Mobile,irrelevant,synthetic
$30M lawsuit alleges Disney national origin discrimination claims,Disney,irrelevant,synthetic
Amazon data center revenue surges 14% on record AI chip demand,Amazon,relevant,synthetic
Person widely expected to lead Vanguard departs in surprise move,Vanguard,relevant,synthetic
Booking Holdings denies wrongdoing in racial harassment complaint filed by former sales representative,Booking Holdings,irrelevant,synthetic
BlackRock to merge with insurance company in $3.4 billion combination,BlackRock,relevant,synthetic
Oracle updates a new rewards tracker to its enterprise dashboard,Oracle,irrelevant,synthetic
Chevron refreshes a progress tracker to its enterprise dashboard,Chevron,irrelevant,synthetic
Morgan Stanley CEO named to Forbes' list of best employers,Morgan Stanley,irrelevant,synthetic
Accenture updates two-factor authentication prompts to its customer portal,Accenture,irrelevant,synthetic
How FedEx's joint venture could reshape the competitive landscape for Starbucks,Starbucks,irrelevant,synthetic
Sources: Microsoft close to finalising acquisition of cybersecurity startup for $90.0 billion,Microsoft,relevant,synthetic
Norfolk Southern Q2 earnings of $4.22 per share misses analyst estimates,Norfolk Southern,relevant,synthetic
Travelers shares rises to 52-week high amid risk-off sentiment,Travelers,irrelevant,synthetic
CVS Health releases an updated help center to its enterprise dashboard,CVS Health,irrelevant,synthetic
"AbbVie announces 2,000 job cuts in corporate functions amid slowing demand",AbbVie,relevant,synthetic
"Progressive and insurtech startup confirm merger talks, deal could be worth $1.2 billion",Progressive,relevant,synthetic
Procter & Gamble CFO says immigration policy is a concern shared by businesses of all sizes,Procter & Gamble,irrelevant,synthetic
Capital One earns top score on Forbes' list of best employers,Capital One,irrelevant,synthetic
General Electric faces class-action lawsuit over alleged sexual harassment among logistics coordinators,General Electric,irrelevant,synthetic
The Private Contractors Using Vault 7 Tools for US Gov: Testimony Shows US Intel Needs a Ground-Up Rebuild Part 1,Intel,irrelevant,gold_manual
Amazon taps Emily Miller for VP of product marketing role amid organizational changes,Amazon,irrelevant,synthetic
Oracle cuts full-year guidance citing slowing cloud growth,Oracle,relevant,synthetic
Fidelity faces $7M lawsuit over age discrimination among warehouse workers,Fidelity,irrelevant,synthetic
Norfolk Southern CFO says immigration policy is moving in the right direction but more work remains,Norfolk Southern,irrelevant,synthetic
Stellantis former CEO leaves to join a hedge fund in senior role,Stellantis,irrelevant,synthetic
"Goldman Sachs cuts UnitedHealth to neutral, lowers price target on earnings miss",UnitedHealth,irrelevant,synthetic
Northrop Grumman Q4 earnings of $2.56 per share falls short of expectations,Northrop Grumman,relevant,synthetic
FDA orders Nike to halt production at facility over contamination findings,Nike,relevant,synthetic
Procter & Gamble chief operating officer says tax policy requires urgent attention from elected officials,Procter & Gamble,irrelevant,synthetic
"TD Cowen lowers Travelers to buy, flags margin pressure ahead",Travelers,irrelevant,synthetic
Why analysts are calling Careem 'Australia's Comcast',Comcast,irrelevant,synthetic
American Express employees protest employee monitoring rollout at headquarters,American Express,irrelevant,synthetic
The startup that wants to do to logistics what Cisco did to retail,Cisco,irrelevant,synthetic
Why Did Netflix Decide to Move Forward With a Final Season of House of Cards?,Netflix,irrelevant,gold_manual
"Mondelez announces 1,200 corporate layoffs, shares fall on restructuring news",Mondelez,relevant,synthetic
Kraft Heinz announces $3.0 billion share buyback program,Kraft Heinz,relevant,synthetic
Best and worst moments from the Redskins’ 38-14 loss to the Cowboys,AT&T,irrelevant,gold_manual
Wells Fargo employees protest changes to remote work flexibility at headquarters,Wells Fargo,irrelevant,synthetic
ServiceNow employees protest mandatory drug testing policy at headquarters,ServiceNow,irrelevant,synthetic
Sources: Eli Lilly close to finalising acquisition of biotech startup for $1.2 billion,Eli Lilly,relevant,synthetic
Paramount Global district manager faces criminal charges unrelated to employment in New York,Paramount Global,irrelevant,synthetic
ServiceNow chief operating officer says healthcare costs demands a thoughtful policy response from legislators,ServiceNow,irrelevant,synthetic
Kimberly-Clark Q2 earnings of $5.37 per share falls short of expectations,Kimberly-Clark,relevant,synthetic
UnitedHealth commits $5 million to Phoenix workforce development fund,UnitedHealth,irrelevant,synthetic
FedEx former chief operating officer joins a non-profit board as its new chief executive,FedEx,irrelevant,synthetic
Pfizer pays $25 million to settle a customer privacy complaint complaint with SEC,Pfizer,irrelevant,synthetic
$20M lawsuit alleges Airbnb racial discrimination in promotion decisions,Airbnb,irrelevant,synthetic
"Boeing delivers Q2 beat, guides higher for the year",Boeing,relevant,synthetic
Schlumberger soft-launches personalized feed in UK following local regulatory approval,Schlumberger,irrelevant,synthetic
3M shares trade lower as the S&P 500 drops — no new company news,3M,irrelevant,synthetic
Dollar General raises full-year guidance after Q1 beat on strong comparable store sales growth,Dollar General,relevant,synthetic
Nvidia became the first company valued at over $4 trillion. Here's what that means for AI.,Nvidia,irrelevant,gold_manual
Waste Management tests QR code payments in Charlotte starting this month,Waste Management,irrelevant,synthetic
Morgan Stanley caps 2015 with record free cash flow as cost discipline accelerates,Morgan Stanley,relevant,synthetic
General Motors faces class-action over autonomous driving startup product defect affecting millions of users,General Motors,relevant,synthetic
"ServiceNow to eliminate 4,000 positions as part of $22.0 billion cost reduction plan",ServiceNow,relevant,synthetic
AbbVie sued by former employee alleging pay discrimination in scheduling practices,AbbVie,irrelevant,synthetic
FedEx factory worker arrested after incident caught on security camera in Houston,FedEx,irrelevant,synthetic
Procter & Gamble confirms receipt of DOJ civil investigative demand over market manipulation,Procter & Gamble,relevant,synthetic
Norfolk Southern shares trade lower as investors rotate into defensives — no new company news,Norfolk Southern,irrelevant,synthetic
Kimberly-Clark adds spending insights tab to its retail website,Kimberly-Clark,irrelevant,synthetic
Comcast shares trade lower as tech sector sees profit-taking — no new company news,Comcast,irrelevant,synthetic
Inside Salesforce's leadership crisis: the departure of its next CEO,Salesforce,relevant,synthetic
Yum Brands vs competitors: which headphones is right for you,Yum Brands,irrelevant,synthetic
Best Mondelez deals this Valentine's Day: our top picks,Mondelez,irrelevant,synthetic
Italy threatens to restrict US visa access in retaliation,Visa,irrelevant,synthetic
Warner Bros. Discovery announces $3.0 billion share buyback program,Warner Bros. Discovery,relevant,synthetic
Ralph Lauren Q3 gross margin expands to 44.7% on strong international emerging market sales,Ralph Lauren,relevant,synthetic
AbbVie said to be considering a headquarters relocation in early-stage discussions,AbbVie,irrelevant,synthetic
Continued strong Cresemba® (isavuconazole) sales by Pfizer trigger USD 26 million sales milestone payments to Basilea,Pfizer,irrelevant,gold_manual
Halliburton customer service representative arrested for allegedly cashing fraudulent checks in Chicago,Halliburton,irrelevant,synthetic
Pfizer to merge with specialty pharma company in $1.2 billion combination,Pfizer,relevant,synthetic
Ford Q2 gross margin contracts to 19.8% on record truck sales,Ford,relevant,synthetic
Florida lands HCA Healthcare investment worth $150M in local economy,HCA Healthcare,irrelevant,synthetic
"Lawsuit filed against Citigroup over retaliation against whistleblowers, seeks $12M",Citigroup,irrelevant,synthetic
Dollar General workers circulate petition calling for improved workplace safety standards,Dollar General,irrelevant,synthetic
Tesla gives $4M to Howard University for community resilience scholarship,Tesla,irrelevant,synthetic
Alphabet cuts full-year guidance citing slowing cloud growth,Alphabet,relevant,synthetic
Walt Disney store manager arrested for allegedly cashing fraudulent checks in Detroit,Walt Disney,irrelevant,synthetic
"Wells Fargo reports 17% drop in quarterly revenue, cuts annual guidance",Wells Fargo,relevant,synthetic
Capital One issues $1.2 billion in senior notes to strengthen balance sheet,Capital One,relevant,synthetic
Emerson Electric denies wrongdoing in age discrimination complaint filed by former financial advisor,Emerson Electric,irrelevant,synthetic
Tyson Foods releases new color themes to its loyalty app,Tyson Foods,irrelevant,synthetic
Halliburton board approves new $5.1 billion share repurchase authorization,Halliburton,relevant,synthetic
Honeywell former CFO leaves to join a healthcare company in senior role,Honeywell,irrelevant,synthetic
Northrop Grumman denies wrongdoing in pay discrimination complaint filed by former executive,Northrop Grumman,irrelevant,synthetic
Deere & Company adds a new tips section to its online store,Deere & Company,irrelevant,synthetic
Netflix Fires Chief Communications Officer Over Use of Racial Slur,Netflix,relevant,gold_manual
Is Apple's latest sneakers worth buying? A consumer review,Apple,irrelevant,synthetic
Under Armour faces class-action over household products brand product defect affecting millions of users,Under Armour,relevant,synthetic
Bank of America president says interest rates requires urgent attention from elected officials,Bank of America,irrelevant,synthetic
Dow earns top score on Barron's most sustainable companies,Dow,irrelevant,synthetic
"Mastercard issues profit warning, slashes guidance citing slower deal activity",Mastercard,relevant,synthetic
Could an Airbnb be opening in your neighborhood? It depends,Airbnb,irrelevant,gold_manual
Sources: Verizon weighing a minority stake sale but no decision expected soon,Verizon,irrelevant,synthetic
Aflac co-founder says deficit spending is more complex than most policymakers appreciate,Aflac,irrelevant,synthetic
Facebook's Meta reports first ever revenue drop,Meta Platforms,relevant,gold_manual
"Bernstein downgrades Verizon to underperform, says valuation stretched after recent rally",Verizon,irrelevant,synthetic
Pfizer posts better-than-expected Q2 results as GLP-1 drug demand exceeding expectations,Pfizer,relevant,synthetic
Sources: Yum Brands close to finalising acquisition of restaurant chain for $1.8 billion,Yum Brands,relevant,synthetic
Former Visa former chief marketing officer named to lead a hedge fund,Visa,irrelevant,synthetic
Airbnb warehouse worker charged with embezzling from customer accounts in Phoenix,Airbnb,irrelevant,synthetic
Concert at Halliburton Arena draws thousands despite rain,Halliburton,irrelevant,synthetic
‘This is why I don’t like Goodwill’: Shopper finds Walmart clearance sweater tagged at $3. Then she sees how much Goodwill is selling it for,Walmart,irrelevant,gold_manual
Charles Schwab faces criticism from advocacy groups over environmental claims on packaging,Charles Schwab,irrelevant,synthetic
Allstate delivers solid close to 2022 as margins comes in ahead,Allstate,relevant,synthetic
"Chipotle lowers Q4 outlook, sends shares sharply lower in after-hours trading",Chipotle,relevant,synthetic
Nike releases location-based alerts to its cloud console,Nike,irrelevant,synthetic
Netflix Q2 Earnings Preview: Can the Streaming Giant's Run Continue?,Netflix,relevant,gold_manual
New Goldman Sachs Research data shows Eli Lilly gaining share in enterprise software,Eli Lilly,irrelevant,synthetic
PepsiCo issues $2.1 billion in senior notes to fund strategic acquisitions,PepsiCo,relevant,synthetic
Goldman Sachs CEO concedes consumer product problems are 'more serious than we thought',Goldman Sachs,relevant,synthetic
"Apple Has New iPhone Satellite Features in the Works, Report Says",Apple Inc.,irrelevant,gold_manual
Citigroup factory worker faces criminal charges unrelated to employment in Boston,Citigroup,irrelevant,synthetic
Salesforce Gains After NYC Contact Tracing Efforts Announced,Salesforce,irrelevant,gold_manual
Schlumberger takes 5% stake in Mondelez worth $1500M,Schlumberger,relevant,synthetic
City council debates naming rights deal for stadium near CVS Health offices,CVS Health,irrelevant,synthetic
Oracle employees protest healthcare benefit reductions at headquarters,Oracle,irrelevant,synthetic
Apple iPhone chip supplier says virus will delay shipments,Apple Inc.,irrelevant,gold_manual
Berkshire Hathaway CFO says interest rates presents both risks and opportunities for the private sector,Berkshire Hathaway,irrelevant,synthetic
Airbnb heir-apparent exits as board searches for new leadership,Airbnb,relevant,synthetic
Home Depot agrees to $110 million settlement with EPA over environmental violations,Home Depot,relevant,synthetic
Adobe Earnings Preview: What Analysts Are Watching This Quarter,Adobe,irrelevant,synthetic
It's hard to land a bank job if you have a record. But JPMorgan Chase tells people in Chicago with criminal records: 'We're hiring.',JPMorgan Chase,irrelevant,gold_manual
Mondelez releases push notification settings to its retail website,Mondelez,irrelevant,synthetic
Mastercard Q4 earnings of $3.78 per share beats analyst estimates,Mastercard,relevant,synthetic
BlackRock Q3 operating income surges 6% on record investment banking fees,BlackRock,relevant,synthetic
Alphabet named to Glassdoor's top-rated employers for the fifth year running,Alphabet,irrelevant,synthetic
Verizon vs competitors: which software subscriptions is right for you,Verizon,irrelevant,synthetic
Verizon factory worker arrested for alleged theft from delivery route in Denver,Verizon,irrelevant,synthetic
CSX launches two-factor authentication prompts to its website,CSX,irrelevant,synthetic
Aflac rolls out fingerprint login to its enterprise dashboard,Aflac,irrelevant,synthetic
"General Motors reports Q2 revenue of $1.2 billion, surpasses consensus on strong fleet sales",General Motors,relevant,synthetic
Target credit rating placed on negative watch by Fitch citing deteriorating free cash flow,Target,relevant,synthetic
Vanguard threat prompts travel agency industry to lobby for protection,Vanguard,irrelevant,synthetic
ExxonMobil CFO says immigration policy will have long-lasting effects on the broader economy,ExxonMobil,irrelevant,synthetic
Travelers chairman says cryptocurrency regulation is a concern shared by businesses of all sizes,Travelers,irrelevant,synthetic
Flipkart aims to be the Apple of food delivery in Sweden,Apple,irrelevant,synthetic
"Piper Sandler boosts American Express to buy, sees accelerating revenue growth",American Express,irrelevant,synthetic
Netflix disability accommodation failures lawsuit alleges violation of consumer protection law,Netflix,irrelevant,synthetic
Netflix hit with $380 million penalty by CFPB over price-fixing conspiracy,Netflix,relevant,synthetic
"General Motors posts Q3 net income of $0.8 billion, surpasses consensus",General Motors,relevant,synthetic
McDonald's All American Girls Game preview: Game plans and roster comparisons,McDonald's,irrelevant,gold_manual
"Coca-Cola CEO departs following board review, board appoints industry veteran",Coca-Cola,relevant,synthetic
Halliburton exec admits structural integrity issues with new SUV model after pressure mounts,Halliburton,relevant,synthetic
Concert at Target Arena draws thousands despite rain,Target,irrelevant,synthetic
Netflix chief operating officer says data privacy law demands a thoughtful policy response from legislators,Netflix,irrelevant,synthetic
T-Mobile soft-launches push notifications in India following local regulatory approval,T-Mobile,irrelevant,synthetic
"Evercore ISI trims Caterpillar to sell, cites macro headwinds",Caterpillar,irrelevant,synthetic
Dollar General factory worker charged with harassment following complaint by coworker in Dallas,Dollar General,irrelevant,synthetic
Berkshire Hathaway cuts full-year guidance citing net interest margin compression,Berkshire Hathaway,relevant,synthetic
General Electric Foundation launches $5M initiative for education access,General Electric,irrelevant,synthetic
Morgan Stanley announces stablecoin to accelerate cross-border payments,Morgan Stanley,relevant,synthetic
Aide says Trump 'accepts' US intel blaming Russia for hack,Intel,irrelevant,gold_manual
Booking Holdings pulls advertising from social media platform following offensive social media post,Booking Holdings,irrelevant,synthetic
Kimberly-Clark agrees to $180 million settlement with EPA over consumer protection violations,Kimberly-Clark,relevant,synthetic
Stellantis software engineer arrested for allegedly cashing fraudulent checks in Los Angeles,Stellantis,irrelevant,synthetic
"Salesforce exploring potential sale of healthcare unit, people familiar say",Salesforce,irrelevant,synthetic
Former 3M former general counsel appointed to advisory board of a hedge fund,3M,irrelevant,synthetic
"T-Mobile turns in a Q3 quarter investors had feared, stock drops",T-Mobile,relevant,synthetic
Morgan Stanley Q1 earnings of $4.22 per share misses analyst estimates,Morgan Stanley,relevant,synthetic
Chevron credit rating affirmed with stable outlook by S&P citing rising leverage,Chevron,relevant,synthetic
Walgreens pledges $50 million to STEM education initiative,Walgreens,irrelevant,synthetic
Coca-Cola confirms receipt of DOJ civil investigative demand over mortgage servicing failures,Coca-Cola,relevant,synthetic
Dollar General posts better-than-expected Q3 results as record membership fee revenue,Dollar General,relevant,synthetic
How Nike's divestiture could reshape the competitive landscape for AbbVie,AbbVie,irrelevant,synthetic
Capital One faces new gender discrimination lawsuit from group of retail workers in Florida court,Capital One,irrelevant,synthetic
Alphabet customer service representative charged with harassment following complaint by coworker in Philadelphia,Alphabet,irrelevant,synthetic
"UnitedHealth loses misleading investors case, ordered to pay $110 million in penalties",UnitedHealth,relevant,synthetic
Atlanta a big winner in Costco's new purchase agreement with General Motors,Costco,irrelevant,synthetic
Amazon CEO says company is 'open to' exploring streaming content opportunities,Amazon,irrelevant,synthetic
Verizon recruits Mark Jones from Goldman Sachs as head of sustainability,Verizon,irrelevant,synthetic
Yum Brands credit rating downgraded by S&P citing elevated debt levels,Yum Brands,relevant,synthetic
This victory of Starbucks employees in Buffalo will reverberate across America,Starbucks,relevant,gold_manual
3M former chief operating officer departs to become partner at a rival startup,3M,irrelevant,synthetic
"Waste Management announces 5,500 job cuts in global operations amid automation initiative",Waste Management,relevant,synthetic
Visa processing delays strand Italy travelers at US airports,Visa,irrelevant,synthetic
"Tyson Foods CFO announces retirement, company names internal finance executive as replacement",Tyson Foods,relevant,synthetic
"Tesla likely faces 'a few rough quarters' from end of US EV support, Musk says","Tesla, Inc.",irrelevant,gold_manual
3M taps Susan Brown for head of corporate communications role amid organizational changes,3M,irrelevant,synthetic
Dow releases an updated help center to its streaming platform,Dow,irrelevant,synthetic
McDonald's introduces location-based alerts to its cloud console,McDonald's,irrelevant,synthetic
Johnson & Johnson discloses EU regulators subpoena related to environmental violations,Johnson & Johnson,relevant,synthetic
Is Bukalapak becoming the next Republic Services?,Republic Services,irrelevant,synthetic
Lockheed Martin chief operating officer says healthcare costs will have long-lasting effects on the broader economy,Lockheed Martin,irrelevant,synthetic
Accenture financial advisor charged with harassment following complaint by coworker in Philadelphia,Accenture,irrelevant,synthetic
Charles Schwab raises full-year guidance after Q4 beat on strong card spending volumes,Charles Schwab,relevant,synthetic
Tourist visa applications from India surge ahead of summer,Visa,irrelevant,synthetic
Mondelez faces religious discrimination lawsuit filed by former engineer,Mondelez,irrelevant,synthetic
"After Whirlpool gets slammed from Amazon-Sears deal, JPMorgan calls fears 'overdone'",Amazon,irrelevant,gold_manual
Airbnb Earnings Preview: What Analysts Are Watching This Quarter,Airbnb,irrelevant,synthetic
Yum Brands discloses state attorneys general subpoena related to price-fixing conspiracy,Yum Brands,relevant,synthetic
EEOC opens investigation into Warner Bros. Discovery over alleged sexual harassment in workplace culture,Warner Bros. Discovery,irrelevant,synthetic
Protests outside Pfizer headquarters over unrelated political issue,Pfizer,irrelevant,synthetic
ExxonMobil faces class-action lawsuit over alleged racial discrimination among factory workers,ExxonMobil,irrelevant,synthetic
Airbnb activist investor discloses $1.8 billion stake pushes for margin improvement,Airbnb,relevant,synthetic
Starbucks Foundation launches $1M initiative for workforce development,Starbucks,irrelevant,synthetic
Elon Musk gets a $770 million award as Tesla hits goals,"Tesla, Inc.",relevant,gold_manual
"Mastercard to eliminate 2,000 positions as part of $8.3 billion cost reduction plan",Mastercard,relevant,synthetic
"UBS cuts Merck to neutral, flags rising competitive pressure",Merck,irrelevant,synthetic
Progressive chief operating officer says deficit spending will shape business strategy for years to come,Progressive,irrelevant,synthetic
Emerson Electric adds new onboarding tutorial to its customer app,Emerson Electric,irrelevant,synthetic
ServiceNow updates a new tips section to its customer portal,ServiceNow,irrelevant,synthetic
Republic Services loses core business contract to rival in blow to revenue outlook,Republic Services,relevant,synthetic
McDonald's factory worker cited for personal safety violation in Seattle,McDonald's,irrelevant,synthetic
Boeing Q1 miss: revenue and earnings both fall short as production cost overruns,Boeing,relevant,synthetic
Wells Fargo reaches $10 million agreement with CFPB to resolve an environmental reporting error,Wells Fargo,irrelevant,synthetic
"Walmart sued by a former employee over disability accommodation failures, $5M claimed",Walmart,irrelevant,synthetic
"UPS CFO announces retirement, company names industry outsider as replacement",UPS,relevant,synthetic
Former JPMorgan Chase former chief technology officer appointed to advisory board of a rival startup,JPMorgan Chase,irrelevant,synthetic
McDonald's workers say morale has collapsed following 1200-person reduction,McDonald's,relevant,synthetic
Aflac employees blindsided as company announces 900 more layoffs,Aflac,relevant,synthetic
Tourist spots near Meta campus rank among best in the area,Meta,irrelevant,synthetic
"Raytheon announces 3,000 corporate layoffs, shares fall on restructuring news",Raytheon,relevant,synthetic
Merck faces $1.2 billion fine from CFPB over consumer protection violations,Merck,relevant,synthetic
General Motors board approves new $1.8 billion share repurchase authorization,General Motors,relevant,synthetic
Nvidia shares falls to 52-week low amid risk-off sentiment,Nvidia,irrelevant,synthetic
Eli Lilly recognized on LinkedIn's top companies to work for for workplace culture,Eli Lilly,irrelevant,synthetic
Georgia gains economic boost as Procter & Gamble expands operations,Procter & Gamble,irrelevant,synthetic
Northrop Grumman rolls out enhanced map view to its online store,Northrop Grumman,irrelevant,synthetic
Citigroup co-founder says climate policy is moving in the right direction but more work remains,Citigroup,irrelevant,synthetic
Mastercard investment banking revenue surges 14% as M&A market recovers,Mastercard,relevant,synthetic
"Stocks making the biggest moves premarket: Intel, Centene, Deckers, Paramount and more",Intel,irrelevant,gold_manual
Goldman Sachs bought Commerzbank's claim in Saudi's biggest debt...,Goldman Sachs,relevant,gold_manual
After-Hours Action: Why Broadcom Stock Is On The Move,Broadcom,irrelevant,gold_manual
"Procter & Gamble announces 3,000 corporate layoffs, shares fall on restructuring news",Procter & Gamble,relevant,synthetic
ServiceNow customer service representative charged with assault following workplace altercation in New York,ServiceNow,irrelevant,synthetic
DACO suspects PayPal and Mastercard of discriminating against consumers in Puerto Rico,Mastercard,relevant,gold_manual
"FedEx powers through 2017 on AI spending, eyes 2018 recovery",FedEx,relevant,synthetic
"Google's acquisition deal raises questions about Kraft Heinz's position, per Evercore ISI",Kraft Heinz,irrelevant,synthetic
"PepsiCo lowers Q2 outlook, sends shares sharply lower in after-hours trading",PepsiCo,relevant,synthetic
"T-Mobile expansion to create 50 jobs in Columbus, governor says",T-Mobile,irrelevant,synthetic
Kimberly-Clark faces legal action over retaliation against whistleblowers in Arizona,Kimberly-Clark,irrelevant,synthetic
Booking Holdings customer service representative faces restraining order filed by former coworker in Phoenix,Booking Holdings,irrelevant,synthetic
Disney unit sales miss as BMW captures 55% of market,Disney,relevant,synthetic
Boeing employees told to clear desks as 900 roles axed in restructuring,Boeing,relevant,synthetic
Why analysts are calling Grab 'Mexico's United Airlines',United Airlines,irrelevant,synthetic
"Bloomberg: Alphabet considering going private, though talks are preliminary",Alphabet,irrelevant,synthetic
Amazon rolls out fingerprint login to its online store,Amazon,irrelevant,synthetic
Waste Management pledges $7 million to workforce development initiative,Waste Management,irrelevant,synthetic
Netflix chairman says inflation presents both risks and opportunities for the private sector,Netflix,irrelevant,synthetic
McDonald's customer service representative faces restraining order filed by former coworker in Houston,McDonald's,irrelevant,synthetic
Ford announces plan to separate into two independent publicly traded companies,Ford,relevant,synthetic
"Deutsche Bank trims Mondelez to hold, flags margin pressure ahead",Mondelez,irrelevant,synthetic
Amazon admits knowing about new SUV braking problems before public reports,Amazon,relevant,synthetic
Best DuPont deals this the holiday season: our top picks,DuPont,irrelevant,synthetic
The Colgate-Palmolive of Japan just launched in 10 new cities to conquer the US market,Colgate-Palmolive,irrelevant,synthetic
Chevron launches an updated help center to its cloud console,Chevron,irrelevant,synthetic
Citigroup to eliminate 800 positions as part of $14.0 billion cost reduction plan,Citigroup,relevant,synthetic
Meta to acquire enterprise software company for $3.4 billion in all-stock deal,Meta,relevant,synthetic
Ralph Lauren to merge with household products brand in $1.8 billion combination,Ralph Lauren,relevant,synthetic
Microsoft’s Last Windows Update For 600 Million Users—Act Now,Microsoft,irrelevant,gold_manual
"Watch Out Walmart, Amazon Is Making Inroads In Grocery",Walmart,irrelevant,gold_manual
PepsiCo fined $45 million by FTC over a minor consumer notification requirement,PepsiCo,irrelevant,synthetic
Under Armour drops sponsorship of esports tournament following social media backlash,Under Armour,irrelevant,synthetic
How Goldman Sachs's joint venture could reshape the competitive landscape for ConocoPhillips,ConocoPhillips,irrelevant,synthetic
"Comcast sued by a class of workers over gender pay gap allegations, $5M claimed",Comcast,irrelevant,synthetic
Charles Schwab former chief marketing officer joins a consulting firm as its new chief executive,Charles Schwab,irrelevant,synthetic
Wells Fargo introduces cloud dashboard in South Asia market,Wells Fargo,irrelevant,synthetic
travel agency braces for impact as Visa prepares to enter market,Visa,irrelevant,synthetic
Travelers acquires insurtech startup in $0.8 billion deal expanding into specialty insurer,Travelers,relevant,synthetic
"TD Cowen lowers General Electric to sell, lowers price target on earnings miss",General Electric,irrelevant,synthetic
"Honeywell posts Q1 net income of $1.8 billion, beats analyst estimates",Honeywell,relevant,synthetic
Deere & Company gives $1M to Michigan for STEM education scholarship,Deere & Company,irrelevant,synthetic
Competition with T-Mobile sparks audit of travel agency lenders,T-Mobile,irrelevant,synthetic
"Jefferies lifts Raytheon to underperform, cites strong earnings visibility",Raytheon,irrelevant,synthetic
"Bank of America posts Q2 net income of $1.8 billion, beats analyst estimates",Bank of America,relevant,synthetic
Airbnb co-founder says the housing market is creating uncertainty for long-term investment decisions,Airbnb,irrelevant,synthetic
Lockheed Martin CEO says company is 'open to' exploring streaming content opportunities,Lockheed Martin,irrelevant,synthetic
Goldman Sachs wealth management division surpasses $3.4 trillion in client assets,Goldman Sachs,relevant,synthetic
Walt Disney agrees to sell theme park division for $1.2 billion to consortium of investors,Walt Disney,relevant,synthetic
Chipotle agrees to $45 million penalty over a minor data handling violation,Chipotle,irrelevant,synthetic
Former Honeywell former CEO appointed to advisory board of a venture capital fund,Honeywell,irrelevant,synthetic
BlackRock employees told to clear desks as 750 roles axed in restructuring,BlackRock,relevant,synthetic
Airbnb CEO joins panel discussion at the JPMorgan Healthcare Conference on workforce transformation,Airbnb,irrelevant,synthetic
Mastercard pulls advertising from video sharing platform following controversial comments online,Mastercard,irrelevant,synthetic
BlackRock shares trade lower amid rising interest rate fears — no new company news,BlackRock,irrelevant,synthetic
"McDonald's reports 42% drop in quarterly revenue, cuts annual guidance",McDonald's,relevant,synthetic
"Wells Fargo upgrades Northrop Grumman to neutral, sees margin recovery underway",Northrop Grumman,irrelevant,synthetic
Stellantis logistics coordinator faces criminal charges unrelated to employment in Philadelphia,Stellantis,irrelevant,synthetic
Procter & Gamble founder concedes consumer product fell short of safety standards,Procter & Gamble,relevant,synthetic
Amnesty International: Pfizer 'Misleading' Poor Countries with Vaccine Info,Pfizer,relevant,gold_manual
Dollar General CEO joins panel discussion at the Goldman Sachs Communacopia conference on workforce transformation,Dollar General,irrelevant,synthetic
Amazon names former rival executive as new chief executive following CEO transition,Amazon,relevant,synthetic
Boeing mulls Indonesia market entry as growth strategy,Boeing,irrelevant,synthetic
Inside American Express's leadership crisis: the departure of its next CEO,American Express,relevant,synthetic
Tourist visa applications from France surge ahead of summer,Visa,irrelevant,synthetic
Ahead of Verizon's Q3 Report: Consensus Estimates and Risks,Verizon,irrelevant,synthetic
Salesforce confirms it received and rejected $90.0 billion takeover bid,Salesforce,relevant,synthetic
Kimberly-Clark CEO named to Fast Company's most innovative companies,Kimberly-Clark,irrelevant,synthetic
Morgan Stanley CFO scheduled to appear at the Allen & Company Sun Valley conference investor day,Morgan Stanley,irrelevant,synthetic
AT&T Field hosts record crowd for playoff game,AT&T,irrelevant,synthetic
Northrop Grumman raises full-year guidance after Q1 beat on strong missile systems demand,Northrop Grumman,relevant,synthetic
"Mastercard Q1 results: beats on top and bottom line, raises outlook",Mastercard,relevant,synthetic
Save big on Mastercard food delivery this Prime Day — here is how,Mastercard,irrelevant,synthetic
General Motors acquires auto software company for $180 million to bolster EV battery maker,General Motors,relevant,synthetic
Pfizer's new data center in Atlanta to employ 2000 by 2020,Pfizer,irrelevant,synthetic
Morgan Stanley Research estimates Meta controls 52% of the e-commerce market,Meta,irrelevant,synthetic
"UnitedHealth CEO resigns amid strategic disagreements, board promotes division head to top role",UnitedHealth,relevant,synthetic
General Electric agrees to $2 million penalty over a minor data handling violation,General Electric,irrelevant,synthetic
ConocoPhillips boosts quarterly dividend 17% as higher oil prices fuel record free cash flow,ConocoPhillips,relevant,synthetic
Filing reveals Citigroup has acquired 3% of Intel,Citigroup,relevant,synthetic
Linda Johnson once seen as possible Costco CEO successor now out at company,Costco,relevant,synthetic
Accenture to pay $45 million in connection with a minor consumer notification requirement investigation,Accenture,irrelevant,synthetic
Pfizer pulls advertising from social media platform following community backlash,Pfizer,irrelevant,synthetic
Amazon rolls out push notification settings to its employee portal,Amazon,irrelevant,synthetic
3M chairman says climate policy requires coordinated global action to address effectively,3M,irrelevant,synthetic
Travelers faces class-action lawsuit over alleged racial harassment among branch tellers,Travelers,irrelevant,synthetic
Walmart overtakes McDonald's in active users as gap widens,McDonald's,relevant,synthetic
How McDonald's's partnership could reshape the competitive landscape for Chevron,Chevron,irrelevant,synthetic
McDonald's updates in-app chat support to its enterprise dashboard,McDonald's,irrelevant,synthetic
Why did it take us messaging?': Louisiana woman books Airbnb in France. Then she learns what the owner did with the property,Airbnb,irrelevant,gold_manual
Group of former Republic Services sales representatives alleges racial harassment in federal class-action,Republic Services,irrelevant,synthetic
Costco shares outperforms the broader market amid broader market selloff,Costco,irrelevant,synthetic
'Mentally prepare yourself to be fighting them for the next 6+ months': Customer buys plant from Home Depot. Then they wash it,Home Depot (The),irrelevant,gold_manual
Mondelez co-founder says AI regulation is moving in the right direction but more work remains,Mondelez,irrelevant,synthetic
Uber releases simplified navigation menu to its customer portal,Uber,irrelevant,synthetic
What To Expect From Vanguard's 2024 After Modest Fiscal Q3,Vanguard,irrelevant,synthetic
Nvidia launches simplified navigation menu to its digital wallet,Nvidia,irrelevant,synthetic
Goldman Sachs ordered by EU regulators to pay $500 million over environmental violations,Goldman Sachs,relevant,synthetic
Apple earns top score on Fortune's most admired companies list,Apple,irrelevant,synthetic
ServiceNow to acquire AI startup for $5.1 billion in all-stock deal,ServiceNow,relevant,synthetic
Warner Bros Earnings: 5 Things Investors Should Monitor,Warner Bros,irrelevant,synthetic
Japan threatens to restrict US visa access in retaliation,Visa,irrelevant,synthetic
"Under pressure, Berkshire Hathaway admits electric vehicle has emissions control failure affecting 50000 units",Berkshire Hathaway,relevant,synthetic
Amazon pulls advertising from video sharing platform following employee pressure,Amazon,irrelevant,synthetic
UnitedHealth financial advisor charged with embezzling from customer accounts in Miami,UnitedHealth,irrelevant,synthetic
Charles Schwab agrees to sell wealth management division for $3.4 billion to private equity firm,Charles Schwab,relevant,synthetic
Mastercard faces $1.8 billion fine from FTC over misleading investors,Mastercard,relevant,synthetic
Nvidia introduces a new password manager to its enterprise dashboard,Nvidia,irrelevant,synthetic
Meta reports 8% jump in advertising revenue as digital ad market recovers,Meta,relevant,synthetic
Uber to merge with ride-sharing operator in $2.5 billion combination,Uber,relevant,synthetic
"Bernstein upgrades Starbucks to underperform, flags improving demand trends",Starbucks,irrelevant,synthetic
Stellantis announces $5.1 billion share buyback program,Stellantis,relevant,synthetic
Lockheed Martin rolls out push notification settings to its mobile app,Lockheed Martin,irrelevant,synthetic
Rakuten is emerging as the 3M of food delivery,3M,irrelevant,synthetic
Airbnb rolls out new onboarding tutorial to its website,Airbnb,irrelevant,synthetic
Deere & Company employees protest termination of diversity programs at headquarters,Deere & Company,irrelevant,synthetic
"Travelers CFO announces departure, company names Wall Street veteran as replacement",Travelers,relevant,synthetic
Comcast delivery driver suspended following investigation into personal conduct in Charlotte,Comcast,irrelevant,synthetic
Pfizer board approves new $2.5 billion share repurchase authorization,Pfizer,relevant,synthetic
"Progressive reaches landmark new agreement with union representing 3,000 workers",Progressive,relevant,synthetic
Sarah Harris joins Boeing as head of supply chain analytics,Boeing,irrelevant,synthetic
Mastercard enters crypto space with new digital token backed by deposits,Mastercard,relevant,synthetic
Tyson Foods store manager charged with harassment following complaint by coworker in Houston,Tyson Foods,irrelevant,synthetic
Report: Microsoft exploring a merger — company declines to comment,Microsoft,irrelevant,synthetic
Report: General Electric exploring a merger — company declines to comment,General Electric,irrelevant,synthetic
"Netflix's new Drew Barrymore zombie show 'Santa Clarita Diet' is a gory, disgusting mess",Netflix,irrelevant,gold_manual
Walmart shares rise as investors learn of Adobe's stake,Adobe,relevant,synthetic
Skillz Hires Airbnb Executive Ian Lee As CFO,Airbnb,irrelevant,gold_manual
Miscue calls attention to Amazon's dominance in cloud computing,Amazon,irrelevant,gold_manual
Mondelez Q2 gross margin contracts to 29.8% on strong international comparable sales,Mondelez,relevant,synthetic
"RBC Capital Markets cuts ConocoPhillips to buy, flags margin pressure ahead",ConocoPhillips,irrelevant,synthetic
"Deutsche Bank trims T-Mobile to outperform, flags execution risks",T-Mobile,irrelevant,synthetic
"General Motors finishes 2017 strong, has high hopes for 2018",General Motors,relevant,synthetic
ConocoPhillips names Barbara Miller to lead head of sustainability function,ConocoPhillips,irrelevant,synthetic
UPS ends partnership with sports personality after controversial comments online,UPS,irrelevant,synthetic
Salesforce co-founder says the housing market is creating uncertainty for long-term investment decisions,Salesforce,irrelevant,synthetic
FDA chief on Amazon's health-care move: 'Disruptive competition is a good thing',Amazon,relevant,gold_manual
Ford Q1 earnings of $0.87 per share comes in below consensus,Ford,relevant,synthetic
AbbVie releases simplified navigation menu to its retail website,AbbVie,irrelevant,synthetic
"McDonald's's Q4: better than feared, outlook encouraging",McDonald's,relevant,synthetic
Tesla issues $2.1 billion in senior notes to fund capital expenditures,Tesla,relevant,synthetic
"EMV chip card adoption has reached 88% since last year, according to MasterCard",Mastercard,irrelevant,gold_manual
Netflix recognized on Time's 100 most influential companies for workplace culture,Netflix,irrelevant,synthetic
Report: JPMorgan Chase holds 22% market share in digital advertising per IDC,JPMorgan Chase,irrelevant,synthetic
"Baird raises ServiceNow to sell, calls valuation compelling after selloff",ServiceNow,irrelevant,synthetic
Kimberly-Clark CFO says the housing market cannot be solved by the private sector alone,Kimberly-Clark,irrelevant,synthetic
AT&T outlines five-year strategy to double revenue in regional broadband provider segment,AT&T,relevant,synthetic
Group of former FedEx financial advisors alleges pregnancy discrimination in federal class-action,FedEx,irrelevant,synthetic
Italy threatens to restrict US visa access in retaliation,Visa,irrelevant,synthetic
Raytheon names industry veteran as new chief executive following CEO transition,Raytheon,relevant,synthetic
Apple tops the Street on both revenue and earnings in Q2,Apple,relevant,synthetic
Tesla faces $2.1 billion fine from EU regulators over price-fixing conspiracy,Tesla,relevant,synthetic
Salesforce names longtime board member as new chief executive following CEO transition,Salesforce,relevant,synthetic
San Clemente's issue with renovating beach bathrooms: Beige or white?,AT&T,irrelevant,gold_manual
"Sources: Progressive mulling a share buyback — no deal imminent, sources say",Progressive,irrelevant,synthetic
"Jefferies cuts Colgate-Palmolive to sell, flags execution risks",Colgate-Palmolive,irrelevant,synthetic
Starbucks announces Patricia Jackson as new head of investor relations,Starbucks,irrelevant,synthetic
"Sources: Ford considering going private — no deal imminent, sources say",Ford,irrelevant,synthetic
PepsiCo chief operating officer says inflation will shape business strategy for years to come,PepsiCo,irrelevant,synthetic
Save big on ExxonMobil smartphones this Cyber Monday — here is how,ExxonMobil,irrelevant,synthetic
JPMorgan Chase shares rise as investors learn of Schlumberger's stake,Schlumberger,relevant,synthetic
Milwaukee movies off the grid: April 21-23,Visa Inc.,irrelevant,gold_manual
Northrop Grumman former chief marketing officer joins a consulting firm as its new chief executive,Northrop Grumman,irrelevant,synthetic
Morgan Stanley executive to speak at the Aspen Ideas Festival on the digital economy,Morgan Stanley,irrelevant,synthetic
Procter & Gamble organic sales growth of 31% in Q4 misses analyst estimates on pricing and volume,Procter & Gamble,relevant,synthetic
"Bloomberg: Booking Holdings considering selling its media division, though talks are preliminary",Booking Holdings,irrelevant,synthetic
"Federal Judge Rejects General Motors' Argument That Fuel Pump Defect A ""Mere Inconvenience""",General Motors,relevant,gold_manual
Citigroup shares pares earlier losses as the S&P 500 drops,Citigroup,irrelevant,synthetic
Wells Fargo shares trade lower following broader macro concerns — no new company news,Wells Fargo,irrelevant,synthetic
"Walt Disney announces 2,000 job cuts in investment banking amid automation initiative",Walt Disney,relevant,synthetic
Uber workers vote to authorize strike at flagship warehouse,Uber,relevant,synthetic
Travelers workers circulate petition calling for paid family leave expansion,Travelers,irrelevant,synthetic
CVS Health president says the housing market requires coordinated global action to address effectively,CVS Health,irrelevant,synthetic
Why is Costco stock slips today? Here is what we know,Costco,irrelevant,synthetic
McDonald's wraps up 2025 with a bang as cash flow surges,McDonald's,relevant,synthetic
"Pfizer reaches tentative contract deal with union representing 2,500 workers",Pfizer,relevant,synthetic
Amazon announces $3M donation to support disaster response,Amazon,irrelevant,synthetic
"Goldman Sachs reports 6% drop in quarterly revenue, cuts annual guidance",Goldman Sachs,relevant,synthetic
"Microsoft's acquisition deal raises questions about Colgate-Palmolive's position, per TD Cowen",Colgate-Palmolive,irrelevant,synthetic
Yum Brands agrees to $250 million settlement with CFPB over mortgage servicing failures,Yum Brands,relevant,synthetic
Microsoft shares outperforms the broader market amid broader market selloff,Microsoft,irrelevant,synthetic
Deere & Company raises quarterly dividend 7% to $0.94 per share,Deere & Company,relevant,synthetic
Procter & Gamble Q3 Earnings: Analyst Estimates and Key Metrics to Watch,Procter & Gamble,irrelevant,synthetic
"Piper Sandler trims FedEx to equal weight, cites macro headwinds",FedEx,irrelevant,synthetic
Charles Schwab enters crypto space with new digital token backed by deposits,Charles Schwab,relevant,synthetic
CSX agrees to sell ground network for $2.5 billion to consortium of investors,CSX,relevant,synthetic
Netflix Oscar Shows Heavy Investment Is Paying Off,Netflix,relevant,gold_manual
"Salesforce posts Q2 net income of $14.0 billion, misses analyst estimates",Salesforce,relevant,synthetic
McDonald's recognized on LinkedIn's top companies to work for for workplace culture,McDonald's,irrelevant,synthetic
3M said to be considering going private in early-stage discussions,3M,irrelevant,synthetic
Kimberly-Clark sued by former executive alleging age discrimination in promotion decisions,Kimberly-Clark,irrelevant,synthetic
Kraft Heinz announces $20M donation to support mental health,Kraft Heinz,irrelevant,synthetic
How UPS's restructuring could reshape the competitive landscape for AbbVie,AbbVie,irrelevant,synthetic
Caterpillar faces class-action lawsuit over alleged racial harassment among software engineers,Caterpillar,irrelevant,synthetic
"Wells Fargo boosts Honeywell to overweight, sees multiple expansion ahead",Honeywell,irrelevant,synthetic
EU visa-free travel for Germany under review after border incidents,Visa,irrelevant,synthetic
Bernstein Research ranks Bank of America as the leading provider in search advertising,Bank of America,irrelevant,synthetic
Target's revenue lags Huawei by widest margin in 10 years,Target,relevant,synthetic
The Kraft Heinz Foundation Increases hunger relief Commitment To $20 Million,Kraft Heinz,irrelevant,synthetic
McDonald's co-founder says healthcare costs is top of mind for executives across every industry,McDonald's,irrelevant,synthetic
Apple takes another step into Microsoft's core territory with Accenture deal,Microsoft,irrelevant,gold_manual
Investors dump video rental stocks on fears of Qualcomm disruption,Qualcomm,irrelevant,synthetic
Microsoft beats Amazon for Pentagon's $10 bln cloud computing contract,Microsoft,relevant,gold_manual
"Deutsche Bank lowers Accenture to equal weight, says valuation stretched after recent rally",Accenture,irrelevant,synthetic
General Electric financial advisor charged with running fraud scheme at local branch in Miami,General Electric,irrelevant,synthetic
Nike agrees to $65 million settlement with EPA over price-fixing conspiracy,Nike,relevant,synthetic
"Linda Davis leaves Walmart, ending speculation about CEO succession",Walmart,relevant,synthetic
"Alphabet to eliminate 12,000 positions as part of $14.0 billion cost reduction plan",Alphabet,relevant,synthetic
"Sources: Procter & Gamble mulling a share buyback — no deal imminent, sources say",Procter & Gamble,irrelevant,synthetic
Facebook janitors protest layoffs and labor practices in Bay Area strike — with no end in sight,Meta Platforms,irrelevant,gold_manual
Morgan Stanley caps 2017 with record gross profit as new product cycle accelerates,Morgan Stanley,relevant,synthetic
JPMorgan Chase chief operating officer says the housing market requires urgent attention from elected officials,JPMorgan Chase,irrelevant,synthetic
Alphabet branch teller charged with running fraud scheme at local branch in Denver,Alphabet,irrelevant,synthetic
Wells Fargo debuts digital currency for same-day settlement between banks,Wells Fargo,relevant,synthetic
Raytheon stock falls to 52-week low amid rising interest rate fears,Raytheon,irrelevant,synthetic
Aflac board approves new $0.5 billion share repurchase authorization,Aflac,relevant,synthetic
"Eli Lilly quietly builds $200M stake in Dollar General, filing shows",Eli Lilly,relevant,synthetic
Is Bank of America's latest smartphones worth buying? A consumer review,Bank of America,irrelevant,synthetic
Citigroup confirms receipt of state attorneys general civil investigative demand over data privacy violations,Citigroup,relevant,synthetic
Mondelez faces new religious discrimination lawsuit from group of former employees in Florida court,Mondelez,irrelevant,synthetic
CVS Health introduces an updated help center to its banking app,CVS Health,irrelevant,synthetic
"Visa reports Q4 revenue of $3.4 billion, falls short of expectations on record investment banking fees",Visa,relevant,synthetic
Mastercard agrees to $12 million penalty over a minor consumer notification requirement,Mastercard,irrelevant,synthetic
Report: Uber considering move into insurance products business,Uber,irrelevant,synthetic
Meet Singapore's answer to Apple — and why it's growing fast,Apple,irrelevant,synthetic
"Johnson & Johnson to eliminate 7,000 positions as part of $1.2 billion cost reduction plan",Johnson & Johnson,relevant,synthetic
Kraft Heinz board approves new $1.8 billion share repurchase authorization,Kraft Heinz,relevant,synthetic
HCA Healthcare hit with $10M class action over sexual harassment in sales division,HCA Healthcare,irrelevant,synthetic
Judge orders Kimberly-Clark to pay $250 million in damages over data privacy violations,Kimberly-Clark,relevant,synthetic
Travelers Q1 gross margin contracts to 19.8% on strong premium growth,Travelers,relevant,synthetic
Stellantis sales representative faces restraining order filed by former coworker in Denver,Stellantis,irrelevant,synthetic
Square introduces digital bond platform on blockchain,Square,relevant,synthetic
Capital One suspends quarterly dividend amid cash flow concerns,Capital One,relevant,synthetic
"Progressive to eliminate 10,000 positions as part of $3.4 billion cost reduction plan",Progressive,relevant,synthetic
Why FedEx Earnings Are a Big Problem for the Entire Stock Market,FedEx,relevant,gold_manual
Procter & Gamble rolls out spending insights tab to its cloud console,Procter & Gamble,irrelevant,synthetic
Tesla employees protest mandatory overtime policy at headquarters,Tesla,irrelevant,synthetic
FedEx pays $40 million to settle an environmental reporting error complaint with SEC,FedEx,irrelevant,synthetic
Visa CFO scheduled to appear at a Senate Commerce Committee hearing investor day,Visa,irrelevant,synthetic
Protests outside Costco headquarters over unrelated political issue,Costco,irrelevant,synthetic
ExxonMobil ordered by EPA to pay $110 million over data privacy violations,ExxonMobil,relevant,synthetic
Scottie Scheffler will take being rested and ready over practice for FedEx Cup playoffs,FedEx,irrelevant,gold_manual
Kraft Heinz adds in-app chat support to its enterprise dashboard,Kraft Heinz,irrelevant,synthetic
Warner Bros. Discovery faces criticism from advocacy groups over data privacy practices,Warner Bros. Discovery,irrelevant,synthetic
JPMorgan Chase sued by group of loan officers alleging sexual harassment in termination policies,JPMorgan Chase,irrelevant,synthetic
Forrester ranks Emerson Electric as the leading provider in digital advertising,Emerson Electric,irrelevant,synthetic
IBM blows past Q1 estimates on robust enterprise software renewals,IBM,relevant,synthetic
Morgan Stanley sued by group of retail workers alleging racial harassment in workplace culture,Morgan Stanley,irrelevant,synthetic
Mastercard unveils blockchain-based payment system for enterprise clients,Mastercard,relevant,synthetic
Apple CEO says company is 'open to' exploring electric vehicles opportunities,Apple,irrelevant,synthetic
The startup that wants to do to food delivery what Alphabet did to retail,Alphabet,irrelevant,synthetic
"Northrop Grumman recalls 1,200 thousand units over safety defect, faces $180 million repair bill",Northrop Grumman,relevant,synthetic
"Sources: BlackRock evaluating strategic alternatives — no deal imminent, sources say",BlackRock,irrelevant,synthetic
DuPont snaps up service company for $250 million in bolt-on acquisition,DuPont,relevant,synthetic
Dow Q3 earnings of $1.87 per share tops expectations,Dow,relevant,synthetic
Northrop Grumman customer service representative arrested for allegedly cashing fraudulent checks in Denver,Northrop Grumman,irrelevant,synthetic
Consumer guide: Netflix food delivery ranked and reviewed,Netflix,irrelevant,synthetic
Travelers employees protest new attendance tracking system at headquarters,Travelers,irrelevant,synthetic
Citigroup launches in-app chat support to its digital wallet,Citigroup,irrelevant,synthetic
Even The Tesla Charging Plug Has An Easter Egg Now,"Tesla, Inc.",irrelevant,gold_manual
Boeing district manager cited for personal safety violation in Miami,Boeing,irrelevant,synthetic
3M faces criticism from advocacy groups over overseas manufacturing practices,3M,irrelevant,synthetic
Berkshire Hathaway issues $14.0 billion in senior notes to fund capital expenditures,Berkshire Hathaway,relevant,synthetic
Deere & Company software engineer charged with running fraud scheme at local branch in Atlanta,Deere & Company,irrelevant,synthetic
Oracle to pay $15 million in connection with a minor consumer notification requirement investigation,Oracle,irrelevant,synthetic
Capital One enables new onboarding tutorial to its retail website,Capital One,irrelevant,synthetic
Under Armour customer service representative charged with assault following workplace altercation in Los Angeles,Under Armour,irrelevant,synthetic
"Waste Management powers through 2016 on international expansion, eyes 2017 recovery",Waste Management,relevant,synthetic
"In a surprise, Netflix Q2 beats the Street — stock rallies after hours",Netflix,relevant,synthetic
IBM loses enterprise software arm contract to rival in blow to revenue outlook,IBM,relevant,synthetic
Kimberly-Clark settles religious discrimination complaint filed by group of retail workers for undisclosed amount,Kimberly-Clark,irrelevant,synthetic
Walt Disney CEO says healthcare costs is more complex than most policymakers appreciate,Walt Disney,irrelevant,synthetic
Allstate faces pay discrimination lawsuit filed by group of former employees,Allstate,irrelevant,synthetic
Walmart’s new green product label is the most misleading yet,Walmart,irrelevant,gold_manual
Chevron rolls out location-based alerts to its checkout flow,Chevron,irrelevant,synthetic
Former Ford customer files $25M suit over hostile work environment claims,Ford,irrelevant,synthetic
"Tesla To Deliver Model X: ""Three To Four Months"" [Video]","Tesla, Inc.",irrelevant,gold_manual
Costco announces $8.3 billion share buyback program,Costco,relevant,synthetic
UPS Q1 gross margin widens to 19.7% on pricing power in tight capacity market,UPS,relevant,synthetic
Costco shares trade lower amid broader market selloff — no new company news,Costco,irrelevant,synthetic
Wells Fargo logistics coordinator arrested in connection with unrelated drug charges in Atlanta,Wells Fargo,irrelevant,synthetic
"General Motors reaches landmark new agreement with union representing 1,200 workers",General Motors,relevant,synthetic
How Warner Bros's decision to build in Atlanta benefits local workers,Warner Bros,irrelevant,synthetic
Morgan Stanley president says cryptocurrency regulation demands a thoughtful policy response from legislators,Morgan Stanley,irrelevant,synthetic
Fuller House' Renewed for Fifth and Final Season on Netflix (Video),Netflix,irrelevant,gold_manual
Walmart to Stop Offering Single-Use Bags,Walmart,relevant,gold_manual
Person widely expected to lead Charles Schwab departs in surprise move,Charles Schwab,relevant,synthetic
CVS Health CEO says inflation cannot be solved by the private sector alone,CVS Health,irrelevant,synthetic
Mondelez CEO joins panel discussion at the Allen & Company Sun Valley conference on innovation and growth,Mondelez,irrelevant,synthetic
Yum Brands Q2 operating income surges 24% on strong organic volume growth,Yum Brands,relevant,synthetic
"Meta announces 1,600 corporate layoffs, shares fall on restructuring news",Meta,relevant,synthetic
Tourist visa applications from Mexico surge ahead of summer,Visa,irrelevant,synthetic
FDA orders Booking Holdings to halt production at facility over contamination findings,Booking Holdings,relevant,synthetic
"Pfizer's Q2: better than feared, outlook encouraging",Pfizer,relevant,synthetic
Lockheed Martin denies wrongdoing in pay discrimination complaint filed by former sales representative,Lockheed Martin,irrelevant,synthetic
Airbnb to list on Nasdaq in $3 billion IPO fundraising,Airbnb,relevant,gold_manual
Costco to spin off its international division as a standalone publicly traded company,Costco,relevant,synthetic
"Eli Lilly announces 18,000 corporate layoffs, shares fall on restructuring news",Eli Lilly,relevant,synthetic
"Barclays raises Dow to sell, says near-term headwinds are priced in",Dow,irrelevant,synthetic
"Lockheed Martin reports Q3 revenue of $14.0 billion, misses analyst estimates on record hypersonic weapons orders",Lockheed Martin,relevant,synthetic
Kraft Heinz launches new app and QR code payments in Spain,Kraft Heinz,irrelevant,synthetic
Booking Holdings faces social media campaign targeting marketing to minors allegations,Booking Holdings,irrelevant,synthetic
Goldman Sachs chief executive says global trade requires coordinated global action to address effectively,Goldman Sachs,irrelevant,synthetic
JOHN TAMNY: Bernie Marcus Built A Legacy Through Home Depot’s Success,Home Depot (The),irrelevant,gold_manual
"Goldman Sachs lowers Nvidia to sell, flags execution risks",Nvidia,irrelevant,synthetic
Eli Lilly brings subscription service to Italy users for the first time,Eli Lilly,irrelevant,synthetic
Georgia lands Halliburton investment worth $75M in local economy,Halliburton,irrelevant,synthetic
ConocoPhillips agrees to $45 million penalty over a minor data handling violation,ConocoPhillips,irrelevant,synthetic
Uber may face stricter regulations in E.U. because it's a taxi se...,Uber,relevant,gold_manual
Investors dump cable stocks on fears of Lyft disruption,Lyft,irrelevant,synthetic
Procter & Gamble credit rating downgraded by S&P citing elevated debt levels,Procter & Gamble,relevant,synthetic
Visa backlog hits Italy workers applying for H-1B transfers,Visa,irrelevant,synthetic
Raytheon faces class-action over unmanned systems company product defect affecting millions of users,Raytheon,relevant,synthetic
Best Apple deals this Mother's Day: our top picks,Apple,irrelevant,synthetic
MetLife Foundation awards $1K grant to local disaster response nonprofit,MetLife,irrelevant,synthetic
Mastercard delivery driver cited for personal safety violation in Minneapolis,Mastercard,irrelevant,synthetic
Careem aims to be the McDonald's of food delivery in France,McDonald's,irrelevant,synthetic
The executive many thought would run MetLife has left the company,MetLife,relevant,synthetic
Morgan Stanley Research estimates Walt Disney controls 38% of the search advertising market,Walt Disney,irrelevant,synthetic
Kimberly-Clark faces social media campaign targeting marketing to minors allegations,Kimberly-Clark,irrelevant,synthetic
ExxonMobil surges after HCA Healthcare discloses 12% ownership position,HCA Healthcare,relevant,synthetic
Peru begins requesting passports and visas from Venezuelans,Visa Inc.,irrelevant,gold_manual
Procter & Gamble activist investor discloses $2.5 billion stake pushes for margin improvement,Procter & Gamble,relevant,synthetic
Sea Limited aims to be the Uber of e-commerce in Sweden,Uber,irrelevant,synthetic
Lockheed Martin blows past Q2 estimates on strong government defense spending,Lockheed Martin,relevant,synthetic
"Uber, Lyft drivers plan to strike in more than a dozen major cities",Uber,relevant,gold_manual
Visa net interest income falls 14% as rate environment pressures margins,Visa,relevant,synthetic
US tightens visa rules for South Korea nationals over security concerns,Visa,irrelevant,synthetic
Citigroup faces $1.8 billion fine from CFPB over consumer protection violations,Citigroup,relevant,synthetic
Why analysts are calling Lazada 'UK's Republic Services',Republic Services,irrelevant,synthetic
Could Careem be the Brazil version of Mondelez?,Mondelez,irrelevant,synthetic
Progressive Earnings Preview: What Analysts Are Watching This Quarter,Progressive,irrelevant,synthetic
Yum Brands faces consumer boycott over ingredient sourcing policies,Yum Brands,irrelevant,synthetic
Student visa subpoenas alarm Vietnam universities,Visa,irrelevant,synthetic
"Under pressure, Meta admits commercial aircraft has seatbelt failure affecting 500 units",Meta,relevant,synthetic
Volvo's high-performance electric-vehicle brand just revealed a sleek concept car that hints at how it will compete with established makes like Tesla,"Tesla, Inc.",irrelevant,gold_manual
Meta blows past Q2 estimates on robust enterprise software renewals,Meta,relevant,synthetic
ServiceNow CFO says energy policy is creating uncertainty for long-term investment decisions,ServiceNow,irrelevant,synthetic
Colgate-Palmolive earns top score on Glassdoor's top-rated employers,Colgate-Palmolive,irrelevant,synthetic
Deere & Company warehouse worker suspended following investigation into personal conduct in Dallas,Deere & Company,irrelevant,synthetic
"Capital One posts Q2 net income of $2.5 billion, comes in below consensus",Capital One,relevant,synthetic
AT&T employees blindsided as company announces 1500 more layoffs,AT&T,relevant,synthetic
AT&T in deal to take over fiber network company for $1.8 billion,AT&T,relevant,synthetic
Carmelo Anthony Sends Love to La La Amid Split Drama,AT&T,irrelevant,gold_manual
Amazon ordered by EPA to pay $420 million over mortgage servicing failures,Amazon,relevant,synthetic
Kraft Heinz sued by group of warehouse workers alleging disability discrimination in pay practices,Kraft Heinz,irrelevant,synthetic
Merck unveils three-year plan to cut costs by $14.0 billion,Merck,relevant,synthetic
Morgan Stanley faces new national origin discrimination lawsuit from group of warehouse workers in New Jersey court,Morgan Stanley,irrelevant,synthetic
CVS Health Foundation launches $20M initiative for climate action,CVS Health,irrelevant,synthetic
MetLife launches new app and dark mode in UK,MetLife,irrelevant,synthetic
Airbnb factory worker faces personal lawsuit unrelated to company activities in New York,Airbnb,irrelevant,synthetic
Bank of America recognized on LinkedIn's top companies to work for for workplace culture,Bank of America,irrelevant,synthetic
Group of former Capital One factory workers alleges age discrimination in federal class-action,Capital One,irrelevant,synthetic
Adobe fills head of corporate communications role with internal promotion of Michael Brown,Adobe,irrelevant,synthetic
ExxonMobil cuts full-year guidance citing weak refining margins,ExxonMobil,relevant,synthetic
PepsiCo CFO scheduled to appear at the MIT Sloan Management Conference investor day,PepsiCo,irrelevant,synthetic
Citigroup CEO joins panel discussion at the World Economic Forum in Davos on climate change and business,Citigroup,irrelevant,synthetic
JPMorgan Chase workers in Boston rally to demand better pay and benefits,JPMorgan Chase,irrelevant,synthetic
HCA Healthcare's growth is reshaping how the newspaper industry operates,HCA Healthcare,irrelevant,synthetic
Progressive lays out roadmap to 15% operating margin by 2028,Progressive,relevant,synthetic
"Stifel lowers Raytheon to underperform, warns of elevated inventory",Raytheon,irrelevant,synthetic
Home Depot's Upcoming Earnings: Will the Stock React?,Home Depot,irrelevant,synthetic
"Piper Sandler boosts Lowe's to equal weight, points to improving competitive position",Lowe's,irrelevant,synthetic
Coupang aims to be the Comcast of education in India,Comcast,irrelevant,synthetic
HCA Healthcare pledges $5 million to clean water access initiative,HCA Healthcare,irrelevant,synthetic
"Sources: PepsiCo evaluating strategic alternatives — no deal imminent, sources say",PepsiCo,irrelevant,synthetic
American Express drops sponsorship of annual awards show following social media backlash,American Express,irrelevant,synthetic
Motion Picture Association Demands Meta Stop Calling Instagram Teen Content 'PG-13',Meta Platforms,irrelevant,gold_manual
Intel heir-apparent exits as board searches for new leadership,Intel,relevant,synthetic
Bank of America ends partnership with podcast host after employee pressure,Bank of America,irrelevant,synthetic
Nike shares trade lower following weaker-than-expected jobs data — no new company news,Nike,irrelevant,synthetic
Lockheed Martin faces legal action over racial discrimination in promotion decisions in Texas,Lockheed Martin,irrelevant,synthetic
Tyson Foods faces class-action lawsuit over alleged religious discrimination among district managers,Tyson Foods,irrelevant,synthetic
"Stifel lifts Chevron to underperform, points to improving competitive position",Chevron,irrelevant,synthetic
AT&T warehouse worker suspended following investigation into personal conduct in Denver,AT&T,irrelevant,synthetic
Waste Management introduces improved search filters to its mobile app,Waste Management,irrelevant,synthetic
ServiceNow pulls advertising from podcast network following employee pressure,ServiceNow,irrelevant,synthetic
Ralph Lauren raises quarterly dividend 42% to $0.45 per share,Ralph Lauren,relevant,synthetic
Merck CFO says the housing market is more complex than most policymakers appreciate,Merck,irrelevant,synthetic
Goldman Sachs employees sign open letter opposing return-to-office mandate,Goldman Sachs,irrelevant,synthetic
Uber suspends quarterly dividend amid cash flow concerns,Uber,relevant,synthetic
"Waste Management lowers Q3 outlook, sends shares sharply lower in after-hours trading",Waste Management,relevant,synthetic
FedEx releases a new rewards tracker to its streaming platform,FedEx,irrelevant,synthetic
Breaking Down Kraft Heinz Pre-Earnings: Bull vs Bear Case,Kraft Heinz,irrelevant,synthetic
Microsoft factory worker arrested for allegedly cashing fraudulent checks in Dallas,Microsoft,irrelevant,synthetic
Goldman Sachs faces national origin discrimination lawsuit filed by former executive,Goldman Sachs,irrelevant,synthetic
"Uber's Clever, Hidden Move: How Its Latest Fare Cuts Can Actually Lock In Its Drivers",Uber,irrelevant,gold_manual
Raytheon chief operating officer says global trade is top of mind for executives across every industry,Raytheon,irrelevant,synthetic
Kimberly-Clark falls behind Tencent in revenue — analysts cut targets,Kimberly-Clark,relevant,synthetic
Tesla's investment in Walgreens signals strategic interest in autonomous vehicles,Tesla,relevant,synthetic
ServiceNow drops sponsorship of music festival following social media backlash,ServiceNow,irrelevant,synthetic
"Lawsuit filed against PepsiCo over gender pay gap allegations, seeks $15M",PepsiCo,irrelevant,synthetic
Yum Brands introduces fingerprint login to its online store,Yum Brands,irrelevant,synthetic
Starbucks pays $40 million to settle a customer privacy complaint complaint with SEC,Starbucks,irrelevant,synthetic
"Dear Nike, When Can We Expect Those Shoes From Back to the Future II?","Nike, Inc.",irrelevant,gold_manual
Microsoft overtakes Coca-Cola in subscriber growth as gap widens,Coca-Cola,relevant,synthetic
"JPMorgan upgrades Kimberly-Clark to underperform, raises estimates on guidance beat",Kimberly-Clark,irrelevant,synthetic
How Cisco's decision to build in Cincinnati benefits local workers,Cisco,irrelevant,synthetic
Pfizer to acquire biotech startup for $14.0 billion in all-cash deal,Pfizer,relevant,synthetic
BlackRock launches tokenized fund on blockchain for institutional investors,BlackRock,relevant,synthetic
Meta retail associate faces personal lawsuit unrelated to company activities in Seattle,Meta,irrelevant,synthetic
Allstate releases a redesigned home screen to its banking app,Allstate,irrelevant,synthetic
Dow faces consumer boycott over executive compensation disclosures,Dow,irrelevant,synthetic
ConocoPhillips enables accessibility improvements to its website,ConocoPhillips,irrelevant,synthetic
UnitedHealth suspends efforts to sell Brazilian unit,UnitedHealth Group,relevant,gold_manual
Salesforce agrees to $8 million penalty over a minor fair lending violation,Salesforce,irrelevant,synthetic
Intel's president on why it's critical to steer girls toward tech,Intel,irrelevant,gold_manual
Allstate wraps up 2025 with a bang as gross profit exceeds Wall Street forecasts,Allstate,relevant,synthetic
Dollar General fined $25 million by EEOC over a minor fair lending violation,Dollar General,irrelevant,synthetic
What To Expect From Allstate's 2015 After Disappointing Fiscal Q2,Allstate,irrelevant,synthetic
"Bank of America lowers Mondelez to underperform, cites macro headwinds",Mondelez,irrelevant,synthetic
McDonald's earnings tops estimates as management lifts 2017 outlook,McDonald's,relevant,synthetic
Could Flipkart be the South Korea version of Morgan Stanley?,Morgan Stanley,irrelevant,synthetic
"Dow Q2 results: beats on top and bottom line, raises outlook",Dow,relevant,synthetic
Report: American Express holds 34% market share in electric vehicles per Forrester,American Express,irrelevant,synthetic
Raytheon raises full-year guidance after Q4 beat on record defense contract backlog,Raytheon,relevant,synthetic
Warner Bros. Discovery to merge with production company in $2.1 billion combination,Warner Bros. Discovery,relevant,synthetic
Former Netflix sales representative files racial discrimination complaint with EEOC,Netflix,irrelevant,synthetic
Hyundai is emerging as the Walgreens of logistics,Walgreens,irrelevant,synthetic
"Wells Fargo reaches new four-year labor agreement with union representing 1,600 workers",Wells Fargo,relevant,synthetic
Is PepsiCo's latest televisions worth buying? A consumer review,PepsiCo,irrelevant,synthetic
"CSX announces 2,000 job cuts in retail operations amid automation initiative",CSX,relevant,synthetic
Jamie Dimon blames media for accepting DC gridlock: Is that true?,JPMorgan Chase,irrelevant,gold_manual
$30M suit: HCA Healthcare accused of disability accommodation failures in workplace,HCA Healthcare,irrelevant,synthetic
P&G files to trademark some millennial phrases,Procter & Gamble,irrelevant,gold_manual
"Capital One CFO announces resignation, company names industry outsider as replacement",Capital One,relevant,synthetic
Goldman Sachs raises quarterly dividend 11% to $0.78 per share,Goldman Sachs,relevant,synthetic
Alphabet suspends quarterly dividend amid cash flow concerns,Alphabet,relevant,synthetic
Waste Management blows past Q4 estimates on pricing power,Waste Management,relevant,synthetic
T-Mobile Q2 Earnings: Analyst Estimates and Key Metrics to Watch,T-Mobile,irrelevant,synthetic
Controversial Walt Disney Animatronic Debuts to Mixed Reviews: 'Why Does His Face Look Like That?',Walt Disney Company (The),irrelevant,gold_manual
Caterpillar pays $18 million to settle a product labeling issue complaint with EEOC,Caterpillar,irrelevant,synthetic
"Sources: Morgan Stanley mulling a share buyback — no deal imminent, sources say",Morgan Stanley,irrelevant,synthetic
American Express shares edges higher amid risk-off sentiment,American Express,irrelevant,synthetic
CSX raises full-year guidance after Q3 beat on strong e-commerce-driven volume,CSX,relevant,synthetic
Pfizer loses president seen as succession frontrunner to rival firm,Pfizer,relevant,synthetic
Schlumberger rolls out in-app tipping in Netherlands ahead of broader rollout,Schlumberger,irrelevant,synthetic
Warner Bros employees say they feel betrayed as 750 layoffs hit without warning,Warner Bros,relevant,synthetic
Nike issues $5.1 billion in senior notes to strengthen balance sheet,Nike,relevant,synthetic
Nvidia faces new age discrimination lawsuit from group of retail workers in Washington court,Nvidia,irrelevant,synthetic
Why Ford Motor's Stock Is Trading Lower Today,Ford Motor Company,irrelevant,gold_manual
American Express promotes John White to head of sustainability,American Express,irrelevant,synthetic
Allstate employees protest performance tracking policy at headquarters,Allstate,irrelevant,synthetic
Nvidia adds personalized feed to its Singapore platform,Nvidia,irrelevant,synthetic
New Cricket Wireless store opens in Harrisonville,AT&T,irrelevant,gold_manual
"Kraft Heinz Q3 results: beats on top and bottom line, raises outlook",Kraft Heinz,relevant,synthetic
Why is Progressive stock rises to 52-week high today? Here is what we know,Progressive,irrelevant,synthetic
"Piper Sandler boosts Wells Fargo to hold, sees accelerating revenue growth",Wells Fargo,irrelevant,synthetic
Is Sea Limited becoming the next Kraft Heinz?,Kraft Heinz,irrelevant,synthetic
BRIEF-Halliburton names Susan Garcia as chief diversity officer,Halliburton,irrelevant,synthetic
"California woman attacked in Walmart, caught on video",Walmart,irrelevant,gold_manual
Eli Lilly warns Q1 results will miss estimates due to biosimilar competition,Eli Lilly,relevant,synthetic
Here's What Wall Street Expects From UnitedHealth When It Reports Q3,UnitedHealth,irrelevant,synthetic
Mastercard net interest income falls 47% as rate environment pressures margins,Mastercard,relevant,synthetic
Local school renamed after Johnson & Johnson founder despite community debate,Johnson & Johnson,irrelevant,synthetic
"Chevron delivers Q3 beat, guides higher for the year",Chevron,relevant,synthetic
Chevron president says interest rates requires coordinated global action to address effectively,Chevron,irrelevant,synthetic
Warner Bros. Discovery announces $8.3 billion share buyback program,Warner Bros. Discovery,relevant,synthetic
Pittsburgh touts economic windfall from Progressive's new distribution center,Progressive,irrelevant,synthetic
BRIEF-Berkshire Hathaway Energy says agreement to acquire Oncor...,Berkshire Hathaway,relevant,gold_manual
Mastercard shares trade lower following broader macro concerns — no new company news,Mastercard,irrelevant,synthetic
Honeywell to merge with automation startup in $8.3 billion combination,Honeywell,relevant,synthetic
Sources: Progressive weighing a spinoff but no decision expected soon,Progressive,irrelevant,synthetic
Wells Fargo rolls out voice search in Singapore ahead of broader rollout,Wells Fargo,irrelevant,synthetic
Amazon stock slips as the S&P 500 drops,Amazon,irrelevant,synthetic
Microsoft customer service representative faces restraining order filed by former coworker in Dallas,Microsoft,irrelevant,synthetic
"JPMorgan lifts 3M to buy, points to improving competitive position",3M,irrelevant,synthetic
"Morgan Stanley lifts American Express to overweight, says near-term headwinds are priced in",American Express,irrelevant,synthetic
Home Depot's subscriber growth lags Hyundai by widest margin in 5 years,Home Depot,relevant,synthetic
Waste Management chief executive says the federal budget will shape business strategy for years to come,Waste Management,irrelevant,synthetic
Charles Schwab workers vote to reject company contract offer at its largest facility,Charles Schwab,relevant,synthetic
Former Charles Schwab former chief revenue officer named to lead a healthcare company,Charles Schwab,irrelevant,synthetic
ExxonMobil faces legal action over racial discrimination in promotion decisions in Utah,ExxonMobil,irrelevant,synthetic
Former Lowe's human resources manager files national origin discrimination complaint with EEOC,Lowe's,irrelevant,synthetic
Tesla employees protest healthcare benefit reductions at headquarters,Tesla,irrelevant,synthetic
Starbucks announces Emily Jones as new chief of staff to the CEO,Starbucks,irrelevant,synthetic
"McDonald's weighing options to expand into Netherlands market, sources say",McDonald's,irrelevant,synthetic
US delays visa program for India travelers amid security review,Visa,irrelevant,synthetic
Former Goldman Sachs former chief operating officer named to lead a healthcare company,Goldman Sachs,irrelevant,synthetic
Italy threatens to restrict US visa access in retaliation,Visa,irrelevant,synthetic
Meet India's answer to Lockheed Martin — and why it's growing fast,Lockheed Martin,irrelevant,synthetic
How T-Mobile is forcing the cable industry to reinvent itself,T-Mobile,irrelevant,synthetic
Booking Holdings cited as top player in smartphone sales by eMarketer industry survey,Booking Holdings,irrelevant,synthetic
Starbucks faces consumer boycott over data privacy practices,Starbucks,irrelevant,synthetic
Uber's growth is reshaping how the cable industry operates,Uber,irrelevant,synthetic
FedEx discloses CFTC subpoena related to mortgage servicing failures,FedEx,relevant,synthetic
Chipotle workers in Miami rally to demand paid family leave expansion,Chipotle,irrelevant,synthetic
Under Armour vs competitors: which home appliances is right for you,Under Armour,irrelevant,synthetic
Citigroup enables a new tips section to its enterprise dashboard,Citigroup,irrelevant,synthetic
Meta workers say morale has collapsed following 1900-person reduction,Meta,relevant,synthetic
Emerson Electric order backlog reaches record $5.1 billion on strong industrial demand,Emerson Electric,relevant,synthetic
IBM issues $22.0 billion in senior notes to fund strategic acquisitions,IBM,relevant,synthetic
"FedEx reports 17% drop in quarterly revenue, cuts annual guidance",FedEx,relevant,synthetic
Report: Charles Schwab considering move into cloud services business,Charles Schwab,irrelevant,synthetic
Salesforce Foundation awards $3K grant to local climate action nonprofit,Salesforce,irrelevant,synthetic
Apple issues voluntary recall of developer tools company product over potential safety concern,Apple,relevant,synthetic
"UBS downgrades Aflac to equal weight, flags execution risks",Aflac,irrelevant,synthetic
Tourist spots near Costco campus rank among best in the area,Costco,irrelevant,synthetic
Local school renamed after Home Depot founder despite community debate,Home Depot,irrelevant,synthetic
General Motors workers circulate petition calling for remote work flexibility,General Motors,irrelevant,synthetic
"Barclays trims Deere & Company to overweight, says near-term catalysts are limited",Deere & Company,irrelevant,synthetic
Raleigh touts economic windfall from FedEx's new fulfillment center,FedEx,irrelevant,synthetic
Netflix sued by former sales representative alleging age discrimination in performance reviews,Netflix,irrelevant,synthetic
Allstate warns Q2 results will miss estimates due to weaker-than-expected premium retention,Allstate,relevant,synthetic
Goldman Sachs to merge with regional bank in $14.0 billion combination,Goldman Sachs,relevant,synthetic
UPDATE 1-Amazon to launch video streaming service in Japan,Amazon,relevant,gold_manual
Johnson & Johnson chief executive says trade tariffs is a concern shared by businesses of all sizes,Johnson & Johnson,irrelevant,synthetic
EEOC opens investigation into Progressive over alleged racial harassment in termination policies,Progressive,irrelevant,synthetic
Microsoft workers circulate petition calling for improved workplace safety standards,Microsoft,irrelevant,synthetic
Yum Brands announces $1.2 billion share buyback program,Yum Brands,relevant,synthetic
Merck to acquire biotech startup for $3.4 billion in all-stock deal,Merck,relevant,synthetic
Charles Schwab's investment in Mastercard signals strategic interest in biotech,Charles Schwab,relevant,synthetic
Warner Bros 13F filing reveals new 5% position in Eli Lilly,Warner Bros,relevant,synthetic
Costco co-founder says supply chain resilience is something all companies need to take seriously,Costco,irrelevant,synthetic
BlackRock files patent for blockchain-based payment rail,BlackRock,relevant,synthetic
Colgate-Palmolive chief executive says the housing market demands a thoughtful policy response from legislators,Colgate-Palmolive,irrelevant,synthetic
Ralph Lauren credit rating downgraded by S&P citing strong capital position,Ralph Lauren,relevant,synthetic
Comcast workers circulate petition calling for improved workplace safety standards,Comcast,irrelevant,synthetic
Airbnb software engineer charged with assault following workplace altercation in Phoenix,Airbnb,irrelevant,synthetic
AT&T CEO Calls 'Crickets' From CBS On Carriage Fight,AT&T,relevant,gold_manual
"Nvidia announces 4,000 job cuts in investment banking amid strategic review",Nvidia,relevant,synthetic
ServiceNow stock edges higher amid rising interest rate fears,ServiceNow,irrelevant,synthetic
Lyft loses COO seen as succession frontrunner to rival firm,Lyft,relevant,synthetic
CVS Health sued by group of loan officers alleging national origin discrimination in promotion decisions,CVS Health,irrelevant,synthetic
Booking Holdings denies wrongdoing in disability discrimination complaint filed by group of retail workers,Booking Holdings,irrelevant,synthetic
Aflac in deal to take over specialty insurer for $0.5 billion,Aflac,relevant,synthetic
CVS Health studying options for restructuring healthcare division,CVS Health,irrelevant,synthetic
"Even with Whole Foods, Amazon would need many more warehouses to reshape grocery delivery",Amazon,relevant,gold_manual
CalSTRS says it supports Nelson Peltz nomination to P&G board,Procter & Gamble,relevant,gold_manual
Merck workers in Minneapolis rally to demand improved workplace safety standards,Merck,irrelevant,synthetic
"ServiceNow delivers Q3 beat, guides higher for the year",ServiceNow,relevant,synthetic
Raytheon software engineer sued by customer over personal conduct during shift in Charlotte,Raytheon,irrelevant,synthetic
How Nvidia is forcing the cable industry to reinvent itself,Nvidia,irrelevant,synthetic
Dow co-founder says geopolitical tensions cannot be solved by the private sector alone,Dow,irrelevant,synthetic
Protests outside Lockheed Martin headquarters over unrelated political issue,Lockheed Martin,irrelevant,synthetic
Alphabet's growth is reshaping how the traditional advertising industry operates,Alphabet,irrelevant,synthetic
3M market share slips as Microsoft gains ground in electric vehicles,3M,relevant,synthetic
Goldman Sachs debuts digital currency for same-day settlement between banks,Goldman Sachs,relevant,synthetic
General Electric releases a progress tracker to its customer portal,General Electric,irrelevant,synthetic
General Electric settles disability discrimination complaint filed by former employee for undisclosed amount,General Electric,irrelevant,synthetic
Starbucks cuts full-year guidance citing traffic softness amid consumer trade-down,Starbucks,relevant,synthetic
Local suppliers cheer Starbucks's new production deal as Nashville gains,Starbucks,irrelevant,synthetic
DuPont issues $5.1 billion in senior notes to refinance maturing debt,DuPont,relevant,synthetic
"Ford reports Q4 revenue of $1.2 billion, falls short of expectations on strong vehicle delivery growth",Ford,relevant,synthetic
"Wells Fargo downgrades FedEx to buy, flags margin pressure ahead",FedEx,irrelevant,synthetic
AT&T considers importing financial products to South Korea,AT&T,irrelevant,synthetic
Halliburton fined $35 million by EEOC over a minor labor board finding,Halliburton,irrelevant,synthetic
T-Mobile falls behind Aldi in profit margins — analysts cut targets,T-Mobile,relevant,synthetic
"Tesla will restrict Autopilot mode to stop people ""doing crazy things""","Tesla, Inc.",irrelevant,gold_manual
"McDonald's partnership seen as competitive threat to Johnson & Johnson, analyst says",Johnson & Johnson,irrelevant,synthetic
video rental braces for impact as Amazon prepares to enter market,Amazon,irrelevant,synthetic
"Whacked with a 4x4: Menards, Home Depot face lawsuits over descriptions of lumber size",Home Depot (The),irrelevant,gold_manual
BlackRock acknowledges commercial aircraft defect after 1000 customer complaints,BlackRock,relevant,synthetic
Accenture raises quarterly dividend 9% to $0.94 per share,Accenture,relevant,synthetic
Lowe's launches in-app chat support to its loyalty app,Lowe's,irrelevant,synthetic
Nvidia Q2 earnings of $2.56 per share tops expectations,Nvidia,relevant,synthetic
BlackRock chairman says interest rates is the biggest challenge facing businesses today,BlackRock,irrelevant,synthetic
Australia pushes for faster US visa processing after backlog grows,Visa,irrelevant,synthetic
"Bernstein raises Warner Bros. Discovery to sell, calls valuation compelling after selloff",Warner Bros. Discovery,irrelevant,synthetic
Where to watch 49ers vs Dolphins game today: Free live stream,AT&T,irrelevant,gold_manual
Deere & Company updates an updated help center to its banking app,Deere & Company,irrelevant,synthetic
Northrop Grumman rolls out an updated help center to its cloud console,Northrop Grumman,irrelevant,synthetic
AT&T recognized on Glassdoor's top-rated employers for workplace culture,AT&T,irrelevant,synthetic
Airbnb is verifying all properties in its top five markets including the U.S.,Airbnb,irrelevant,gold_manual
"Deutsche Bank raises Allstate to equal weight, sees margin recovery underway",Allstate,irrelevant,synthetic
Judge orders CSX to pay $250 million in damages over consumer protection violations,CSX,relevant,synthetic
Former Walt Disney former CFO appointed to advisory board of a fintech startup,Walt Disney,irrelevant,synthetic
ConocoPhillips rolls out a redesigned home screen to its developer portal,ConocoPhillips,irrelevant,synthetic
"Comcast and regional broadband provider confirm merger talks, deal could be worth $2.5 billion",Comcast,relevant,synthetic
Tesla issues $3.0 billion in senior notes to refinance maturing debt,Tesla,relevant,synthetic
Northrop Grumman enables in-app chat support to its banking app,Northrop Grumman,irrelevant,synthetic
Columbus a big winner in Allstate's new purchase agreement with Boeing,Allstate,irrelevant,synthetic
Waste Management CEO concedes insulin pump problems are 'more serious than we thought',Waste Management,relevant,synthetic
Raytheon chairman says AI regulation will have long-lasting effects on the broader economy,Raytheon,irrelevant,synthetic
JPMorgan Chase to present at the Allen & Company Sun Valley conference next month,JPMorgan Chase,irrelevant,synthetic
"Jefferies trims Mastercard to hold, flags margin pressure ahead",Mastercard,irrelevant,synthetic
ServiceNow sued by former sales representative alleging gender discrimination in hiring practices,ServiceNow,irrelevant,synthetic
Wells Fargo confirms receipt of state attorneys general civil investigative demand over price-fixing conspiracy,Wells Fargo,relevant,synthetic
TV News Roundup: Netflix Drops 'Queer Eye' Season 4 Trailer (Watch),Netflix,irrelevant,gold_manual
Caterpillar faces new gender discrimination lawsuit from group of former employees in Michigan court,Caterpillar,irrelevant,synthetic
Dow faces class-action lawsuit over alleged racial harassment among district managers,Dow,irrelevant,synthetic
Norfolk Southern cuts full-year guidance citing labor cost inflation,Norfolk Southern,relevant,synthetic
Booking Holdings faces consumer boycott over ingredient sourcing policies,Booking Holdings,irrelevant,synthetic
Elon Musk whacks traffic pylon in Tesla Cybertruck,"Tesla, Inc.",irrelevant,gold_manual
ExxonMobil chief executive says trade tariffs is creating uncertainty for long-term investment decisions,ExxonMobil,irrelevant,synthetic
Booking Holdings activist investor discloses $2.5 billion stake pushes for margin improvement,Booking Holdings,relevant,synthetic
Caterpillar agrees to sell safety products division for $0.8 billion to private equity firm,Caterpillar,relevant,synthetic
Accenture faces class-action over cloud infrastructure company product defect affecting millions of users,Accenture,relevant,synthetic
Halloween pet costumes at Walmart,Walmart,irrelevant,gold_manual
ExxonMobil launches accessibility improvements to its loyalty app,ExxonMobil,irrelevant,synthetic
"Mizuho raises Oracle to hold, sees accelerating revenue growth",Oracle,irrelevant,synthetic
Charlotte touts economic windfall from Johnson & Johnson's new distribution center,Johnson & Johnson,irrelevant,synthetic
"Cisco's new facility brings 50 jobs to Denver, officials say",Cisco,irrelevant,synthetic
"Paramount Global to eliminate 4,000 positions as part of $5.1 billion cost reduction plan",Paramount Global,relevant,synthetic
traditional advertising firms face existential crisis as Costco enters the market,Costco,irrelevant,synthetic
General Motors CEO joins panel discussion at the Aspen Ideas Festival on energy transition,General Motors,irrelevant,synthetic
AbbVie co-founder says energy policy is a concern shared by businesses of all sizes,AbbVie,irrelevant,synthetic
"Comedian references Walmart in viral stand-up set, clip goes viral",Walmart,irrelevant,synthetic
Colgate-Palmolive settles disability discrimination complaint filed by group of delivery drivers for undisclosed amount,Colgate-Palmolive,irrelevant,synthetic
Meta warehouse worker cited for personal safety violation in Seattle,Meta,irrelevant,synthetic
Eli Lilly CEO admits insulin pump has battery overheating issues,Eli Lilly,relevant,synthetic
Consumer guide: Tyson Foods airline miles cards ranked and reviewed,Tyson Foods,irrelevant,synthetic
FedEx president says inflation is the biggest challenge facing businesses today,FedEx,irrelevant,synthetic
ServiceNow hit with $650 million penalty by CFTC over market manipulation,ServiceNow,relevant,synthetic
"Needham upgrades UnitedHealth to sell, calls recent dip a buying opportunity",UnitedHealth,irrelevant,synthetic
Student visa subpoenas alarm UK universities,Visa,irrelevant,synthetic
Honeywell board approves new $1.2 billion share repurchase authorization,Honeywell,relevant,synthetic
Johnson & Johnson to acquire clinical-stage drug developer for $14.0 billion in stock-and-cash transaction,Johnson & Johnson,relevant,synthetic
"Costco reports 17% drop in quarterly revenue, cuts annual guidance",Costco,relevant,synthetic
Starbucks launches a new tips section to its digital wallet,Starbucks,irrelevant,synthetic
Honeywell order backlog reaches record $1.2 billion on strong industrial demand,Honeywell,relevant,synthetic
New eMarketer data shows Honeywell gaining share in semiconductor manufacturing,Honeywell,irrelevant,synthetic
Pfizer expects to have safety and efficacy data for its COVID-19 vaccine in children in late September,Pfizer,relevant,gold_manual
Why is Microsoft stock outperforms the broader market today? Here is what we know,Microsoft,irrelevant,synthetic
Kimberly-Clark faces criticism from advocacy groups over environmental claims on packaging,Kimberly-Clark,irrelevant,synthetic
UPS announces Lisa Jackson as new head of global partnerships,UPS,irrelevant,synthetic
BlackRock human resources manager cited for personal safety violation in Charlotte,BlackRock,irrelevant,synthetic
Nike raises full-year guidance after Q2 beat on strong international emerging market sales,Nike,relevant,synthetic
"Aflac powers through 2025 on cloud growth, eyes 2026 recovery",Aflac,relevant,synthetic
Raytheon employees stage walkout over termination of diversity programs,Raytheon,irrelevant,synthetic
Is Republic Services's latest sneakers worth buying? A consumer review,Republic Services,irrelevant,synthetic
What To Expect From T-Mobile's 2023 After Solid Fiscal Q3,T-Mobile,irrelevant,synthetic
"Waste Management CEO is replaced following activist pressure, board launches external search",Waste Management,relevant,synthetic
Emerson Electric settles racial harassment complaint filed by group of former employees for undisclosed amount,Emerson Electric,irrelevant,synthetic
Pfizer shares trade lower as investors rotate into defensives — no new company news,Pfizer,irrelevant,synthetic
Northrop Grumman store manager arrested for alleged theft from delivery route in Boston,Northrop Grumman,irrelevant,synthetic
Raytheon shares outperforms the broader market amid risk-off sentiment,Raytheon,irrelevant,synthetic
Brazil startup billed as the 'Disney of Asia' raises $50M,Disney,irrelevant,synthetic
"Ford expansion to create 750 jobs in Austin, governor says",Ford,irrelevant,synthetic
ServiceNow said to be considering selling its media division in early-stage discussions,ServiceNow,irrelevant,synthetic
New Goldman Sachs Research data shows Chipotle gaining share in ride-sharing,Chipotle,irrelevant,synthetic
Alphabet announces plan to separate into two independent publicly traded companies,Alphabet,relevant,synthetic
Investors dump traditional advertising stocks on fears of American Express disruption,American Express,irrelevant,synthetic
Merck blows past Q1 estimates on new drug approvals driving revenue,Merck,relevant,synthetic
Comcast And The Walt Disney Company Announce Content Carriage Agreement,Walt Disney Company (The),relevant,gold_manual
Progressive says it was 'too slow' to address commercial aircraft door latch defect,Progressive,relevant,synthetic
Deere & Company updates new color themes to its online store,Deere & Company,irrelevant,synthetic
Waste Management's charitable arm commits to $25M hunger relief pledge,Waste Management,irrelevant,synthetic
Former Johnson & Johnson customer files $5M suit over age discrimination among warehouse workers,Johnson & Johnson,irrelevant,synthetic
Target settles pregnancy discrimination complaint filed by group of warehouse workers for undisclosed amount,Target,irrelevant,synthetic
Former McDonald's customer files $45M suit over national origin discrimination claims,McDonald's,irrelevant,synthetic
ConocoPhillips chief operating officer says cryptocurrency regulation is more complex than most policymakers appreciate,ConocoPhillips,irrelevant,synthetic
Kraft Heinz announces $1.8 billion share buyback program,Kraft Heinz,relevant,synthetic
Wal-Mart takes on Amazon's Prime Day with online sale,Amazon,irrelevant,gold_manual
JPMorgan Chase confirms receipt of state attorneys general civil investigative demand over price-fixing conspiracy,JPMorgan Chase,relevant,synthetic
Warren Buffett's Berkshire Hathaway takes a sip of the crypto 'rat poison' he once said he would never go near,Berkshire Hathaway,irrelevant,gold_manual
Coca-Cola chief executive says healthcare costs is a concern shared by businesses of all sizes,Coca-Cola,irrelevant,synthetic
BlackRock sets aside $8.3 billion to cover costs of payments company product recall,BlackRock,relevant,synthetic
"Stock Movers: Carmax, Circle, Home Depot",Home Depot (The),irrelevant,gold_manual
Airbnb forbids hosts to mention COVID-19 status in listings,Airbnb,irrelevant,gold_manual
Barbara Anderson once seen as possible PepsiCo CEO successor now out at company,PepsiCo,relevant,synthetic
'Lost in Space' Reboot Ordered to Series by Netflix,Netflix,irrelevant,gold_manual
Here's what every major analyst expects from Nvidia's earnings report after the bell,Nvidia,relevant,gold_manual
How Goldman Sachs's partnership could reshape the competitive landscape for AbbVie,AbbVie,irrelevant,synthetic
Morgan Stanley Research ranks ServiceNow as the leading provider in e-commerce,ServiceNow,irrelevant,synthetic
A&E's 'Shipping Wars' features McDonald Auto Group owner and his World War 2 duck boat,McDonald's,irrelevant,gold_manual
Dollar General workers vote to unionize at flagship warehouse,Dollar General,relevant,synthetic
Netflix ends partnership with celebrity spokesperson after content moderation controversy,Netflix,irrelevant,synthetic
"Raytheon lowers Q3 outlook, sends shares sharply lower in after-hours trading",Raytheon,relevant,synthetic
Square launches tokenized fund on blockchain for institutional investors,Square,relevant,synthetic
Dow Field hosts record crowd for playoff game,Dow,irrelevant,synthetic
McDonald's chief executive says cryptocurrency regulation will shape business strategy for years to come,McDonald's,irrelevant,synthetic
Morgan Stanley settles sexual harassment complaint filed by former manager for undisclosed amount,Morgan Stanley,irrelevant,synthetic
The startup that wants to do to education what Delta Air Lines did to retail,Delta Air Lines,irrelevant,synthetic
Citigroup refreshes a new password manager to its employee portal,Citigroup,irrelevant,synthetic
Verizon workers vote to reject company contract offer at its largest facility,Verizon,relevant,synthetic
UPS appoints Lisa Taylor to newly created head of investor relations position,UPS,irrelevant,synthetic
Yum Brands CEO says geopolitical tensions is creating uncertainty for long-term investment decisions,Yum Brands,irrelevant,synthetic
How Target's partnership could reshape the competitive landscape for 3M,3M,irrelevant,synthetic
"Netflix CEO steps down after 8 years, board launches external search",Netflix,relevant,synthetic
Costco takes 5% stake in Intel worth $100M,Costco,relevant,synthetic
Walmart is making its own meal kits in some stores,Walmart,irrelevant,gold_manual
Bank of America Sees 10% Further Upside for European Equities by Third-Quarter,Bank of America,irrelevant,gold_manual
Starbucks releases a progress tracker to its enterprise dashboard,Starbucks,irrelevant,synthetic
"Stifel lowers Eli Lilly to buy, cites macro headwinds",Eli Lilly,irrelevant,synthetic
"ExxonMobil posts Q4 net income of $3.4 billion, surpasses consensus",ExxonMobil,relevant,synthetic
Starbucks chief operating officer says data privacy law is something all companies need to take seriously,Starbucks,irrelevant,synthetic
Concert at Walt Disney Arena draws thousands despite rain,Walt Disney,irrelevant,synthetic
"Boeing exploring potential sale of industrial unit, people familiar say",Boeing,irrelevant,synthetic
Merck faces $8.3 billion fine from EPA over data privacy violations,Merck,relevant,synthetic
Nike Air Max 95 x Levi's shoes launching in black and white colorways soon,"Nike, Inc.",irrelevant,gold_manual
McDonald's debuts consumer app in the Middle East in bid to gain local users,McDonald's,irrelevant,synthetic
Coca-Cola posts better-than-expected Q3 results as strong organic volume growth,Coca-Cola,relevant,synthetic
"Time Warner Rising: This Deal Gets Done, Says Pivotal",AT&T,irrelevant,gold_manual
Surprise exit: FedEx's presumed future CEO departs after 9 months,FedEx,relevant,synthetic
Netflix raises full-year guidance after Q3 beat on strong streaming subscriber growth,Netflix,relevant,synthetic
Dollar General agrees to $20 million penalty over a minor fair lending violation,Dollar General,irrelevant,synthetic
Amazon agrees to $18 million penalty over a disclosure timing issue,Amazon,irrelevant,synthetic
EEOC opens investigation into Nike over alleged religious discrimination in scheduling practices,Nike,irrelevant,synthetic
Morgan Stanley loses co-president seen as succession frontrunner to rival firm,Morgan Stanley,relevant,synthetic
Coca-Cola co-founder says immigration policy cannot be solved by the private sector alone,Coca-Cola,irrelevant,synthetic
AbbVie to pay $18 million in connection with an environmental reporting error investigation,AbbVie,irrelevant,synthetic
Merck debuts digital wallet in Sub-Saharan Africa in bid to gain local users,Merck,irrelevant,synthetic
"Verizon posts Q4 net income of $3.4 billion, falls short of expectations",Verizon,relevant,synthetic
Capital One activist investor discloses $2.5 billion stake pushes for margin improvement,Capital One,relevant,synthetic
Report: Boeing considering move into solar panels business,Boeing,irrelevant,synthetic
Group of former AbbVie warehouse workers alleges pay discrimination in federal class-action,AbbVie,irrelevant,synthetic
Former Dow former president named to lead a private equity firm,Dow,irrelevant,synthetic
BRIEF-Mastercard CFO Sachin Mehra Says Seeing Continued Steady Growth Across Affluent And Mass Market Consumers,Mastercard,relevant,gold_manual
"Morgan Stanley sees Q4 revenue of $2.5 billion, below prior guidance and analyst consensus",Morgan Stanley,relevant,synthetic
Pfizer warehouse worker faces personal lawsuit unrelated to company activities in Houston,Pfizer,irrelevant,synthetic
J&J says new tests find no asbestos in recalled baby powder,Johnson & Johnson,relevant,gold_manual
Delta Air Lines mulls Poland market entry as growth strategy,Delta Air Lines,irrelevant,synthetic
Yum Brands activist investor discloses $5.1 billion stake pushes for margin improvement,Yum Brands,relevant,synthetic
Workers at Starbucks express anger as company eliminates 2000 roles,Starbucks,relevant,synthetic
Microsoft threat prompts hotel industry to lobby for protection,Microsoft,irrelevant,synthetic
3M CFO says data privacy law is the biggest challenge facing businesses today,3M,irrelevant,synthetic
Meet Italy's answer to Honeywell — and why it's growing fast,Honeywell,irrelevant,synthetic
"BlackRock delivers Q3 beat, guides higher for the year",BlackRock,relevant,synthetic
Walt Disney employees protest healthcare benefit reductions at headquarters,Walt Disney,irrelevant,synthetic
Nvidia agrees to sell streaming unit for $22.0 billion to consortium of investors,Nvidia,relevant,synthetic
Morgan Stanley logistics coordinator arrested in connection with unrelated drug charges in Minneapolis,Morgan Stanley,irrelevant,synthetic
How Costco is forcing the retail banking industry to reinvent itself,Costco,irrelevant,synthetic
Verizon releases improved search filters to its loyalty app,Verizon,irrelevant,synthetic
Northrop Grumman acquires satellite systems maker for $380 million to bolster unmanned systems company,Northrop Grumman,relevant,synthetic
Local suppliers cheer General Electric's new production deal as Fort Collins gains,General Electric,irrelevant,synthetic
"Raytheon weighing options to expand into Italy market, sources say",Raytheon,irrelevant,synthetic
Citigroup president says inflation will shape business strategy for years to come,Citigroup,irrelevant,synthetic
Report: Waste Management weighing a potential spinoff — company declines to comment,Waste Management,irrelevant,synthetic
Tesla logistics coordinator faces personal lawsuit unrelated to company activities in Detroit,Tesla,irrelevant,synthetic
Disney stock jumps as Salesforce emerges as major shareholder,Salesforce,relevant,synthetic
Lockheed Martin adds new color themes to its checkout flow,Lockheed Martin,irrelevant,synthetic
3M Foundation awards $7K grant to local mental health nonprofit,3M,irrelevant,synthetic
Raytheon raises full-year guidance after Q4 beat on strong missile systems demand,Raytheon,relevant,synthetic
Warner Bros. Discovery customer service representative charged with harassment following complaint by coworker in Boston,Warner Bros. Discovery,irrelevant,synthetic
Sources: Allstate weighing a minority stake sale but no decision expected soon,Allstate,irrelevant,synthetic
New Forrester data shows General Electric gaining share in cloud infrastructure,General Electric,irrelevant,synthetic
AT&T in deal to take over fiber network company for $1.2 billion,AT&T,relevant,synthetic
Nvidia chairman says the housing market demands a thoughtful policy response from legislators,Nvidia,irrelevant,synthetic
Travelers faces legal action over racial discrimination in promotion decisions in Florida,Travelers,irrelevant,synthetic
"Mizuho lifts Ford to hold, calls valuation compelling after selloff",Ford,irrelevant,synthetic
Canada nationals face new biometric visa requirements,Visa,irrelevant,synthetic
"Piper Sandler lowers Waste Management to outperform, lowers estimates on weak guidance",Waste Management,irrelevant,synthetic
Analysts Divided on Warner Bros Heading Into Q4 Report,Warner Bros,irrelevant,synthetic
General Motors CEO says immigration policy is something all companies need to take seriously,General Motors,irrelevant,synthetic
Amazon delivery driver charged with assault following workplace altercation in Denver,Amazon,irrelevant,synthetic
Nvidia data center revenue surges 31% on record AI chip demand,Nvidia,relevant,synthetic
Uber agrees to sell international operations for $2.5 billion to private equity firm,Uber,relevant,synthetic
"Barclays downgrades CVS Health to overweight, flags execution risks",CVS Health,irrelevant,synthetic
"Ford recalls vehicles over potential safety defect, faces repair costs",Ford,relevant,synthetic
Qualcomm loses electric vehicles lead to Alibaba amid pricing pressure,Qualcomm,relevant,synthetic
"Piper Sandler lifts Pfizer to hold, cites market share gains",Pfizer,irrelevant,synthetic
IBM executive to speak at the World Economic Forum in Davos on energy transition,IBM,irrelevant,synthetic
Accenture CEO to deliver keynote at the Aspen Ideas Festival,Accenture,irrelevant,synthetic
Oracle sued by former sales representative alleging pregnancy discrimination in hiring practices,Oracle,irrelevant,synthetic
Mastercard filed 15 crypto and metaverse-related trademark applications. Here's a look at what the company may have in the works,Mastercard,irrelevant,gold_manual
Hold onto your soggy bottoms: 'The Great British Baking Show' is moving to Netflix,Netflix,irrelevant,gold_manual
"Stifel lowers Aflac to equal weight, lowers price target on earnings miss",Aflac,irrelevant,synthetic
IBM updates accessibility improvements to its loyalty app,IBM,irrelevant,synthetic
Microsoft employees sign open letter opposing termination of diversity programs,Microsoft,irrelevant,synthetic
Goldman Sachs Research estimates Eli Lilly controls 31% of the smartphone sales market,Eli Lilly,irrelevant,synthetic
Microsoft agrees to $20 million penalty over a product labeling issue,Microsoft,irrelevant,synthetic
Lockheed Martin pulls advertising from podcast network following personal scandal,Lockheed Martin,irrelevant,synthetic
Elon Musk Has a Chef for His Tesla Diner,"Tesla, Inc.",irrelevant,gold_manual
Emerson Electric faces $1.2 billion fine from FTC over market manipulation,Emerson Electric,relevant,synthetic
Paramount Global posts better-than-expected Q2 results as strong streaming subscriber growth,Paramount Global,relevant,synthetic
Honeywell shares trade lower as investors rotate into defensives — no new company news,Honeywell,irrelevant,synthetic
AT&T-Time Warner Merger: Justice Department Not Stopping Acquisition,AT&T,relevant,gold_manual
Starbucks faces gender discrimination lawsuit filed by former financial advisor,Starbucks,irrelevant,synthetic
Citigroup debuts consumer app in South Asia in bid to gain local users,Citigroup,irrelevant,synthetic
EU visa-free travel for Vietnam under review after border incidents,Visa,irrelevant,synthetic
ConocoPhillips executive to speak at the World Economic Forum in Davos on workforce transformation,ConocoPhillips,irrelevant,synthetic
UnitedHealth Group Names Successor For Slain UnitedHealthcare CEO Brian Thompson,UnitedHealth Group,relevant,gold_manual
Consumer guide: Raytheon televisions ranked and reviewed,Raytheon,irrelevant,synthetic
AbbVie faces class-action lawsuit over alleged national origin discrimination among district managers,AbbVie,irrelevant,synthetic
Baird flags CVS Health among the companies most affected by the deal in note on FedEx joint venture,CVS Health,irrelevant,synthetic
Surprise exit: Dollar General's presumed future CEO departs after 24 months,Dollar General,relevant,synthetic
Wells Fargo Found Liable In Abusive Tax Shelter Scheme,Wells Fargo,relevant,gold_manual
Coca-Cola to acquire food brand for $1.8 billion in all-cash deal,Coca-Cola,relevant,synthetic
Wells Fargo tests real-time tracking in Tampa starting this month,Wells Fargo,irrelevant,synthetic
ExxonMobil loses division head seen as succession frontrunner to rival firm,ExxonMobil,relevant,synthetic
Cyber Monday: the best Uber smartphones deals you can get right now,Uber,irrelevant,synthetic
"Qualcomm's year-end results: strong quarter, positive 2021 view",Qualcomm,relevant,synthetic
The Tesla of UK just partnered with a US giant to conquer the US market,Tesla,irrelevant,synthetic
"Stifel raises Bank of America to neutral, says near-term headwinds are priced in",Bank of America,irrelevant,synthetic
New eMarketer data shows Waste Management gaining share in digital advertising,Waste Management,irrelevant,synthetic
Report: Northrop Grumman holds 63% market share in enterprise software per IDC,Northrop Grumman,irrelevant,synthetic
Surprise exit: Walmart's presumed future CEO departs after 6 months,Walmart,relevant,synthetic
"Kimberly-Clark posts Q1 net income of $5.1 billion, tops expectations",Kimberly-Clark,relevant,synthetic
Stellantis releases in-app chat support to its banking app,Stellantis,irrelevant,synthetic
Verizon sued by former employee alleging sexual harassment in pay practices,Verizon,irrelevant,synthetic
3M launches in-app chat support to its checkout flow,3M,irrelevant,synthetic
Karen Thompson joins General Electric as VP of human resources,General Electric,irrelevant,synthetic
"Frank Mascia, former UnitedHealthcare (NYSE: UNH) of North Carolina CEO, dies in plane crash",UnitedHealth Group,irrelevant,gold_manual
Oracle financial advisor faces restraining order filed by former coworker in Minneapolis,Oracle,irrelevant,synthetic
"Costco lowers Q4 outlook, sends shares sharply lower in after-hours trading",Costco,relevant,synthetic
FedEx faces $3.4 billion fine from SEC over consumer protection violations,FedEx,relevant,synthetic
Workers at Honeywell express anger as company eliminates 1500 roles,Honeywell,relevant,synthetic
"Uber, losing $1 billion a quarter, sells its Southeast Asian business",Uber,relevant,gold_manual
"Evercore ISI downgrades Paramount Global to neutral, flags rising competitive pressure",Paramount Global,irrelevant,synthetic
Morgan Stanley launches tokenized fund on blockchain for institutional investors,Morgan Stanley,relevant,synthetic
Home Depot faces pay discrimination lawsuit filed by group of warehouse workers,Home Depot,irrelevant,synthetic
"Needham cuts Charles Schwab to outperform, warns of elevated inventory",Charles Schwab,irrelevant,synthetic
Norfolk Southern refreshes an updated help center to its retail website,Norfolk Southern,irrelevant,synthetic
Save big on Stellantis home appliances this the holiday season — here is how,Stellantis,irrelevant,synthetic
3M faces class-action lawsuit over alleged sexual harassment among branch tellers,3M,irrelevant,synthetic
"Yum Brands announces 18,000 job cuts in global operations amid cost reduction program",Yum Brands,relevant,synthetic
ServiceNow employees sign open letter opposing new attendance tracking system,ServiceNow,irrelevant,synthetic
Republic Services marketing manager sued by customer over personal conduct during shift in New York,Republic Services,irrelevant,synthetic
DuPont credit rating downgraded by Fitch citing strong capital position,DuPont,relevant,synthetic
Amazon workers circulate petition calling for remote work flexibility,Amazon,irrelevant,synthetic
$3M suit: Salesforce accused of racial discrimination in promotion decisions in workplace,Salesforce,irrelevant,synthetic
Costco president says global trade is something all companies need to take seriously,Costco,irrelevant,synthetic
UnitedHealth revenue growth trails Baidu for 6 straight quarters,UnitedHealth,relevant,synthetic
Wells Fargo sales scandal points to industry-wide problem,Wells Fargo,irrelevant,gold_manual
Caterpillar said to be mulling a share buyback in early-stage discussions,Caterpillar,irrelevant,synthetic
Microsoft announces plan to separate into two independent publicly traded companies,Microsoft,relevant,synthetic
JPMorgan Chase Q4 gross margin widens to 37.1% on strong card spending volumes,JPMorgan Chase,relevant,synthetic
JPMorgan Chase faces class-action lawsuit over alleged pregnancy discrimination among sales representatives,JPMorgan Chase,irrelevant,synthetic
ServiceNow shares extends its losing streak amid risk-off sentiment,ServiceNow,irrelevant,synthetic
McDonald's names divisional president as new chief executive following activist pressure,McDonald's,relevant,synthetic
Inside Dollar General's leadership crisis: the departure of its next CEO,Dollar General,relevant,synthetic
Dow faces class-action lawsuit over alleged pay discrimination among marketing managers,Dow,irrelevant,synthetic
UPS pulls advertising from streaming service following controversial comments online,UPS,irrelevant,synthetic
Chevron hires David Anderson as regional vice president for Europe from Morgan Stanley,Chevron,irrelevant,synthetic
Save big on Target sneakers this back-to-school season — here is how,Target,irrelevant,synthetic
3M acquires industrial software company for $500 million to bolster precision tools company,3M,relevant,synthetic
Amazon CEO admits insulin pump has braking problems,Amazon,relevant,synthetic
Salesforce reports 42% jump in advertising revenue as digital ad market recovers,Salesforce,relevant,synthetic
brick-and-mortar retail giants struggle as Tesla raises fresh capital,Tesla,irrelevant,synthetic
"Charles Schwab acknowledges steering defect in blood glucose monitor, promises fix within 4 weeks",Charles Schwab,relevant,synthetic
Wells Fargo unveils blockchain-based payment system for enterprise clients,Wells Fargo,relevant,synthetic
Apple caps 2017 with record cash flow as international expansion accelerates,Apple,relevant,synthetic
Mondelez said to be exploring a merger in early-stage discussions,Mondelez,irrelevant,synthetic
EEOC opens investigation into Yum Brands over alleged disability discrimination in workplace culture,Yum Brands,irrelevant,synthetic
Lionel Messi on Argentina roster for friendly vs. El Salvador at FedEx Field,FedEx,irrelevant,gold_manual
Mastercard updates a progress tracker to its customer app,Mastercard,irrelevant,synthetic
What To Expect From Wells Fargo's 2025 After Steady Fiscal Q3,Wells Fargo,irrelevant,synthetic
CVS Health faces new racial discrimination lawsuit from former financial advisor in Pennsylvania court,CVS Health,irrelevant,synthetic
HCA Healthcare promotes John Miller to head of digital marketing,HCA Healthcare,irrelevant,synthetic
Salesforce pulls advertising from social media platform following content moderation controversy,Salesforce,irrelevant,synthetic
Lowe's hires Mark Harris as head of investor relations from Goldman Sachs,Lowe's,irrelevant,synthetic
Kanye West Suspended From Instagram For 24 Hours On Policy Violation,Meta Platforms,irrelevant,gold_manual
UnitedHealth divests consumer health division in $1.8 billion deal as part of strategic review,UnitedHealth,relevant,synthetic
"Berkshire Hathaway lowers Q3 outlook, sends shares sharply lower in after-hours trading",Berkshire Hathaway,relevant,synthetic
"RBC Capital Markets cuts Walmart to underperform, flags deteriorating pricing power",Walmart,irrelevant,synthetic
Disney Earnings Preview: What Analysts Are Watching This Quarter,Disney,irrelevant,synthetic
EEOC opens investigation into Visa over alleged disability discrimination in workplace culture,Visa,irrelevant,synthetic
JPMorgan Chase announces stablecoin to accelerate cross-border payments,JPMorgan Chase,relevant,synthetic
Rumour: Could Lowe's be in early discussions about a joint venture? Analysts are watching,Lowe's,irrelevant,synthetic
Pittsburgh touts economic windfall from Caterpillar's new manufacturing plant,Caterpillar,irrelevant,synthetic
Norfolk Southern sales representative faces personal lawsuit unrelated to company activities in Philadelphia,Norfolk Southern,irrelevant,synthetic
$20M suit: Chevron accused of age discrimination among warehouse workers in workplace,Chevron,irrelevant,synthetic
Aflac in deal to take over reinsurance company for $1.8 billion,Aflac,relevant,synthetic
AbbVie said to be considering going private in early-stage discussions,AbbVie,irrelevant,synthetic
"Northrop Grumman CFO announces retirement, company names internal finance executive as replacement",Northrop Grumman,relevant,synthetic
Costco agrees to sell international division for $5.1 billion to strategic acquirer,Costco,relevant,synthetic
How Walmart's joint venture could reshape the competitive landscape for Ford,Ford,irrelevant,synthetic
"UPDATE 1-Starbucks' departing chairman backs China prospects, hints...",Starbucks,relevant,gold_manual
Tyson Foods releases dark mode to its developer portal,Tyson Foods,irrelevant,synthetic
Booking Holdings said to be considering selling its media division in early-stage discussions,Booking Holdings,irrelevant,synthetic
Norfolk Southern denies wrongdoing in pay discrimination complaint filed by group of former employees,Norfolk Southern,irrelevant,synthetic
Ahead of Adobe's Q1 Report: Consensus Estimates and Risks,Adobe,irrelevant,synthetic
France pushes for faster US visa processing after backlog grows,Visa,irrelevant,synthetic
Allstate names industry veteran as new chief executive following activist pressure,Allstate,relevant,synthetic
Ford former chief revenue officer departs to become partner at a government advisory role,Ford,irrelevant,synthetic
Eli Lilly updates new color themes to its developer portal,Eli Lilly,irrelevant,synthetic
Big shows headed to the San Antonio area,AT&T,irrelevant,gold_manual
Caterpillar employees sign open letter opposing performance tracking policy,Caterpillar,irrelevant,synthetic
Tesla Missed Q1 Delivery Target by 10%,"Tesla, Inc.",relevant,gold_manual
Dollar General global sales trail Tencent for the third straight quarter,Dollar General,relevant,synthetic
Filing reveals Lyft has acquired 7% of Walmart,Lyft,relevant,synthetic
Goldman Sachs posts better-than-expected Q3 results as record assets under management,Goldman Sachs,relevant,synthetic
Student visa subpoenas alarm Poland universities,Visa,irrelevant,synthetic
Colgate-Palmolive outlines five-year strategy to double revenue in apparel brand segment,Colgate-Palmolive,relevant,synthetic
Gartner ranks Berkshire Hathaway as the leading provider in search advertising,Berkshire Hathaway,irrelevant,synthetic
Visa rolls out location-based alerts to its mobile app,Visa,irrelevant,synthetic
Comcast issues voluntary recall of wireless spectrum holder product over potential safety concern,Comcast,relevant,synthetic
Group of former Wells Fargo marketing managers alleges religious discrimination in federal class-action,Wells Fargo,irrelevant,synthetic
"Wells Fargo executives, board must face lawsuit over fake accounts,...",Wells Fargo,relevant,gold_manual
FedEx updates dark mode to its banking app,FedEx,irrelevant,synthetic
Pfizer unveils three-year plan to cut costs by $3.4 billion,Pfizer,relevant,synthetic
Morgan Stanley pledges $4 million to mental health initiative,Morgan Stanley,irrelevant,synthetic
Tyson Foods cuts full-year guidance citing weaker-than-expected menu pricing,Tyson Foods,relevant,synthetic
CVS Health agrees to $40 million penalty over a minor fair lending violation,CVS Health,irrelevant,synthetic
Could Swiggy be the South Korea version of Home Depot?,Home Depot,irrelevant,synthetic
Stellantis human resources manager charged with running fraud scheme at local branch in Denver,Stellantis,irrelevant,synthetic
Oracle data center revenue surges 6% on record AI chip demand,Oracle,relevant,synthetic
Booking Holdings workers vote to reject company contract offer at its largest facility,Booking Holdings,relevant,synthetic
Are mergers good or bad for the economy?,AT&T,irrelevant,gold_manual
Comcast employees protest healthcare benefit reductions at headquarters,Comcast,irrelevant,synthetic
Concert at Colgate-Palmolive Arena draws thousands despite rain,Colgate-Palmolive,irrelevant,synthetic
American Express financial advisor faces criminal charges unrelated to employment in Denver,American Express,irrelevant,synthetic
"ConocoPhillips reaches new four-year labor agreement with union representing 2,500 workers",ConocoPhillips,relevant,synthetic
ServiceNow cited as top player in smartphone sales by Gartner industry survey,ServiceNow,irrelevant,synthetic
T-Mobile cedes market share to Aldi in smartphone sales for first time,T-Mobile,relevant,synthetic
Accenture Q4 earnings of $4.91 per share misses analyst estimates,Accenture,relevant,synthetic
Microsoft announces $90.0 billion share buyback program,Microsoft,relevant,synthetic
JPMorgan Chase workforce reduced by 2000 as restructuring accelerates,JPMorgan Chase,relevant,synthetic
Wells Fargo files patent for blockchain-based payment rail,Wells Fargo,relevant,synthetic
Deere & Company caps 2022 with record earnings as AI spending accelerates,Deere & Company,relevant,synthetic
Chipotle employees protest mandatory overtime policy at headquarters,Chipotle,irrelevant,synthetic
"Progressive announces 3,000 job cuts in corporate functions amid cost reduction program",Progressive,relevant,synthetic
The taxi industry's answer to the BlackRock challenge,BlackRock,irrelevant,synthetic
Report: Republic Services considering move into cloud services business,Republic Services,irrelevant,synthetic
"Goldman Sachs raises Tesla to buy, says near-term headwinds are priced in",Tesla,irrelevant,synthetic
Nike president says the federal budget demands a thoughtful policy response from legislators,Nike,irrelevant,synthetic
BlackRock coin: inside the bank's end-run around traditional payments,BlackRock,relevant,synthetic
"Waste Management CEO announces planned retirement, board promotes division head to top role",Waste Management,relevant,synthetic
Could Lazada be the Germany version of Airbnb?,Airbnb,irrelevant,synthetic
Nike branch teller charged with running fraud scheme at local branch in Phoenix,Nike,irrelevant,synthetic
$25M lawsuit alleges Amazon age discrimination among warehouse workers,Amazon,irrelevant,synthetic
Visa introduces digital bond platform on blockchain,Visa,relevant,synthetic
Apple faces consumer boycott over overseas manufacturing practices,Apple,irrelevant,synthetic
Why is Ralph Lauren stock pulls back from record highs today? Here is what we know,Ralph Lauren,irrelevant,synthetic
New IDC data shows Goldman Sachs gaining share in e-commerce,Goldman Sachs,irrelevant,synthetic
Making a Murderer: Netflix Outshines The Jinx With Stunning True-Crime Saga,Netflix,irrelevant,gold_manual
Mastercard announces $8.3 billion share buyback program,Mastercard,relevant,synthetic
Breaking Down Lyft Pre-Earnings: Bull vs Bear Case,Lyft,irrelevant,synthetic
Oracle chairman says consumer spending cannot be solved by the private sector alone,Oracle,irrelevant,synthetic
JPMorgan Chase faces $3.4 billion fine from SEC over consumer protection violations,JPMorgan Chase,relevant,synthetic
Comcast Q1 gross margin contracts to 34.7% on strong wireless postpaid net adds,Comcast,relevant,synthetic
Insiders at Warner Bros describe chaos as 1500 jobs cut without warning,Warner Bros,relevant,synthetic
"Bernstein boosts AbbVie to equal weight, flags improving demand trends",AbbVie,irrelevant,synthetic
Analyst says FedEx divestiture positions the company ahead of JPMorgan Chase,JPMorgan Chase,irrelevant,synthetic
Group of former Tyson Foods store managers alleges disability discrimination in federal class-action,Tyson Foods,irrelevant,synthetic
Judge orders Kimberly-Clark to pay $380 million in damages over misleading investors,Kimberly-Clark,relevant,synthetic
Progressive issues $0.5 billion in senior notes to fund capital expenditures,Progressive,relevant,synthetic
Capital One settles racial discrimination complaint filed by group of former employees for undisclosed amount,Capital One,irrelevant,synthetic
Made my night': Starbucks customer says barista gave her 3 extra-large Strawberry Açaí drinks for free after she only asked for a cup of water,Starbucks,irrelevant,gold_manual
"Apple's restructuring deal raises questions about Amazon's position, per TD Cowen",Amazon,irrelevant,synthetic
General Electric raises full-year guidance after Q1 beat on strong construction equipment demand,General Electric,relevant,synthetic
"Microsoft posts Q4 net income of $14.0 billion, comes in below consensus",Microsoft,relevant,synthetic
"Morgan Stanley CEO departs following board review, board launches external search",Morgan Stanley,relevant,synthetic
Local suppliers cheer Meta's new production deal as Nashville gains,Meta,irrelevant,synthetic
How McDonald's's joint venture could reshape the competitive landscape for Bank of America,Bank of America,irrelevant,synthetic
Goldman Sachs loses retail brokerage unit contract to rival in blow to revenue outlook,Goldman Sachs,relevant,synthetic
Walmart employees stage walkout over changes to remote work flexibility,Walmart,irrelevant,synthetic
Tesla Plans 3 More Gigafactories,"Tesla, Inc.",relevant,gold_manual
Lowe's raises quarterly dividend 18% to $0.78 per share,Lowe's,relevant,synthetic
How Amazon's merger could reshape the competitive landscape for Comcast,Comcast,irrelevant,synthetic
Johnson & Johnson releases improved search filters to its streaming platform,Johnson & Johnson,irrelevant,synthetic
Nike agrees to sell grooming unit for $0.8 billion to strategic acquirer,Nike,relevant,synthetic
Dollar General refreshes a progress tracker to its cloud console,Dollar General,irrelevant,synthetic
Pfizer announces plan to separate into two independent publicly traded companies,Pfizer,relevant,synthetic
DuPont announces $1.2 billion share buyback program,DuPont,relevant,synthetic
Berkshire Hathaway faces consumer boycott over environmental claims on packaging,Berkshire Hathaway,irrelevant,synthetic
CSX former CEO departs to become partner at a healthcare company,CSX,irrelevant,synthetic
"Kimberly-Clark sees Q3 revenue of $1.2 billion, below prior guidance and analyst consensus",Kimberly-Clark,relevant,synthetic
US tightens visa rules for UK nationals over security concerns,Visa,irrelevant,synthetic
Wells Fargo adds biometric login to its Canada platform,Wells Fargo,irrelevant,synthetic
Amazon branch teller cited for personal safety violation in Boston,Amazon,irrelevant,synthetic
Alphabet financial advisor faces restraining order filed by former coworker in Detroit,Alphabet,irrelevant,synthetic
How Target's divestiture could reshape the competitive landscape for American Express,American Express,irrelevant,synthetic
Citigroup surges after Starbucks discloses 3% ownership position,Starbucks,relevant,synthetic
Dow rolls out simplified navigation menu to its customer portal,Dow,irrelevant,synthetic
"Kraft Heinz reports Q3 revenue of $0.8 billion, beats analyst estimates on strong international comparable sales",Kraft Heinz,relevant,synthetic
Starbucks hit with $40M class action over retaliation against whistleblowers,Starbucks,irrelevant,synthetic
Wyndham Championship dominated by pushes for FedEx Cup positioning,FedEx,irrelevant,gold_manual
"UBS trims Warner Bros. Discovery to sell, lowers estimates on weak guidance",Warner Bros. Discovery,irrelevant,synthetic
S&P Global Market Intelligence estimates Emerson Electric controls 41% of the streaming services market,Emerson Electric,irrelevant,synthetic
Microsoft faces $15M lawsuit over religious discrimination in scheduling,Microsoft,irrelevant,synthetic
Citigroup coin: Citigroup's new digital currency explained,Citigroup,relevant,synthetic
McDonald's credit rating placed on negative watch by S&P citing progress on cost reduction,McDonald's,relevant,synthetic
EEOC opens investigation into Morgan Stanley over alleged sexual harassment in pay practices,Morgan Stanley,irrelevant,synthetic
"Oracle to eliminate 1,600 positions as part of $14.0 billion cost reduction plan",Oracle,relevant,synthetic
Former Chipotle former chief marketing officer named to lead a consulting firm,Chipotle,irrelevant,synthetic
Ford rolls out new onboarding tutorial to its mobile app,Ford,irrelevant,synthetic
Kimberly-Clark adds a new rewards tracker to its online store,Kimberly-Clark,irrelevant,synthetic
Meta rolls out two-factor authentication in Australia ahead of broader rollout,Meta,irrelevant,synthetic
American Express logistics coordinator cited for personal safety violation in Miami,American Express,irrelevant,synthetic
General Motors Q3 gross margin narrows to 19.8% on better-than-expected vehicle pricing,General Motors,relevant,synthetic
"Bank of America's restructuring deal raises questions about Goldman Sachs's position, per Morgan Stanley",Goldman Sachs,irrelevant,synthetic
General Motors employees stage walkout over changes to remote work flexibility,General Motors,irrelevant,synthetic
"Walt Disney reports 17% drop in quarterly revenue, cuts annual guidance",Walt Disney,relevant,synthetic
Paramount Global delivery driver arrested for allegedly cashing fraudulent checks in Philadelphia,Paramount Global,irrelevant,synthetic
Wells Fargo introduces push notification settings to its employee portal,Wells Fargo,irrelevant,synthetic
AbbVie faces new religious discrimination lawsuit from group of loan officers in Georgia court,AbbVie,irrelevant,synthetic
BlackRock employees protest mandatory drug testing policy at headquarters,BlackRock,irrelevant,synthetic
Accenture faces class-action lawsuit over alleged gender discrimination among customer service representatives,Accenture,irrelevant,synthetic
Salesforce's new data center in Phoenix to employ 750 by 2018,Salesforce,irrelevant,synthetic
Chevron employees sign open letter opposing employee monitoring rollout,Chevron,irrelevant,synthetic
Airbnb former chief revenue officer joins a private equity firm as its new chief executive,Airbnb,irrelevant,synthetic
Verizon's profit margins lags Alibaba by widest margin in 10 years,Verizon,relevant,synthetic
"Microsoft CEO resigns amid strategic disagreements, board appoints industry veteran",Microsoft,relevant,synthetic
Corporate Scientific Leadership Key To Pfizer’s Covid-19 Vaccine Success,Pfizer,irrelevant,gold_manual
Amazon pledges $15 million to food security initiative,Amazon,irrelevant,synthetic
IBM faces $22.0 billion fine from EU regulators over market manipulation,IBM,relevant,synthetic
Boeing loses COO seen as succession frontrunner to rival firm,Boeing,relevant,synthetic
"Stifel lifts Dow to hold, sees margin recovery underway",Dow,irrelevant,synthetic
Merck updates new onboarding tutorial to its customer app,Merck,irrelevant,synthetic
Starbucks store manager faces criminal charges unrelated to employment in Minneapolis,Starbucks,irrelevant,synthetic
Lockheed Martin faces social media campaign targeting environmental claims on packaging,Lockheed Martin,irrelevant,synthetic
JPMorgan Chase to pay $920 million to resolve illegal trading cases,JPMorgan Chase,relevant,gold_manual
Oracle confirms it received and rejected $14.0 billion takeover bid,Oracle,relevant,synthetic
Allstate adds a new rewards tracker to its enterprise dashboard,Allstate,irrelevant,synthetic
How HCA Healthcare is forcing the retail banking industry to reinvent itself,HCA Healthcare,irrelevant,synthetic
Walmart former CFO joins a rival startup as its new chief executive,Walmart,irrelevant,synthetic
FedEx surges after Lyft discloses 8% ownership position,Lyft,relevant,synthetic
ExxonMobil Q1 operating income surges 27% on record upstream production,ExxonMobil,relevant,synthetic
Netflix ranks among Barron's most sustainable companies for the first time,Netflix,irrelevant,synthetic
Warner Bros. Discovery board approves new $3.0 billion share repurchase authorization,Warner Bros. Discovery,relevant,synthetic
Emerson Electric launches in-app chat support to its checkout flow,Emerson Electric,irrelevant,synthetic
Kraft Heinz employees sign open letter opposing changes to remote work flexibility,Kraft Heinz,irrelevant,synthetic
Intel’s Stock Stock Rallied 91% This Year. Here’s What Drives It Higher in 2024.,Intel,irrelevant,gold_manual
Yum Brands agrees to $250 million settlement with CFPB over market manipulation,Yum Brands,relevant,synthetic
"Piper Sandler trims Home Depot to buy, cites macro headwinds",Home Depot,irrelevant,synthetic
Artificial Christmas trees: Save big on faux trees at The Home Depot,Home Depot (The),irrelevant,gold_manual
Ford co-founder says global trade requires coordinated global action to address effectively,Ford,irrelevant,synthetic
Microsoft data center revenue surges 27% on record AI chip demand,Microsoft,relevant,synthetic
Caterpillar ordered by state attorneys general to pay $250 million over mortgage servicing failures,Caterpillar,relevant,synthetic
Honeywell CEO confirms Disney has made strategic investment in company,Disney,relevant,synthetic
"Dow announces 1,600 corporate layoffs, shares fall on restructuring news",Dow,relevant,synthetic
JPMorgan Chase agrees to $250 million settlement with SEC over market manipulation,JPMorgan Chase,relevant,synthetic
New documentary examines working conditions at CSX suppliers overseas,CSX,irrelevant,synthetic
$17.6 billion Zscaler earnings blast past Wall Street expectations – here's why the CEO thinks it can be the Salesforce of cybersecurity by serving the new remote workforce,Salesforce,irrelevant,gold_manual
Netflix introduces push notification settings to its enterprise dashboard,Netflix,irrelevant,synthetic
New Forrester data shows Yum Brands gaining share in online payments,Yum Brands,irrelevant,synthetic
Gartner ranks 3M as the leading provider in enterprise software,3M,irrelevant,synthetic
"In Bullish Move, Buffett’s Berkshire Lifts Cap on Buybacks",Berkshire Hathaway,relevant,gold_manual
Pfizer fined $25 million by state attorneys general over an environmental reporting error,Pfizer,irrelevant,synthetic
"Meta Q2 results: beats on top and bottom line, raises outlook",Meta,relevant,synthetic
AT&T store manager arrested for allegedly cashing fraudulent checks in New York,AT&T,irrelevant,synthetic
Mastercard former CEO leaves to join a rival startup in senior role,Mastercard,irrelevant,synthetic
Northrop Grumman board approves new $2.5 billion share repurchase authorization,Northrop Grumman,relevant,synthetic
Mastercard At $400 - Assessing The Potential For A Resurgence To Propel The Financial Titan To Unprecedented Heights,Mastercard,irrelevant,gold_manual
Meet Japan's answer to FedEx — and why it's growing fast,FedEx,irrelevant,synthetic
Analysts Divided on Lowe's Heading Into Q2 Report,Lowe's,irrelevant,synthetic
BlackRock workers say morale has collapsed following 2500-person reduction,BlackRock,relevant,synthetic
Ralph Lauren chief operating officer says healthcare costs requires urgent attention from elected officials,Ralph Lauren,irrelevant,synthetic
FedEx acquires logistics startup in $5.1 billion deal expanding into logistics startup,FedEx,relevant,synthetic
Colgate-Palmolive CFO says global trade is something all companies need to take seriously,Colgate-Palmolive,irrelevant,synthetic
Travelers Q3 earnings of $2.14 per share surpasses consensus,Travelers,relevant,synthetic
Bank of America promotes Jennifer Anderson to director of government affairs,Bank of America,irrelevant,synthetic
Allstate agrees to $250 million settlement with DOJ over data privacy violations,Allstate,relevant,synthetic
Apple branch teller arrested for allegedly cashing fraudulent checks in Miami,Apple,irrelevant,synthetic
Airbnb Earnings: 3 Things Investors Should Monitor,Airbnb,irrelevant,synthetic
Progressive raises full-year guidance after Q2 beat on strong personal auto pricing,Progressive,relevant,synthetic
General Electric launches push notification settings to its cloud console,General Electric,irrelevant,synthetic
Johnson & Johnson names David Jackson to lead VP of product marketing function,Johnson & Johnson,irrelevant,synthetic
NFL Season Kickoff Necessities on Amazon,Amazon,irrelevant,gold_manual
Berkshire Hathaway earns top score on Forbes' list of best employers,Berkshire Hathaway,irrelevant,synthetic
"Lowe's loses price-fixing conspiracy case, ordered to pay $180 million in penalties",Lowe's,relevant,synthetic
Schlumberger CEO admits Model 3 has door latch defect,Schlumberger,relevant,synthetic
Lockheed Martin pulls advertising from news outlet following personal scandal,Lockheed Martin,irrelevant,synthetic
Chipotle district manager charged with running fraud scheme at local branch in Los Angeles,Chipotle,irrelevant,synthetic
Kraft Heinz introduces fingerprint login to its enterprise dashboard,Kraft Heinz,irrelevant,synthetic
Halliburton shares trade lower amid risk-off sentiment — no new company news,Halliburton,irrelevant,synthetic
AbbVie cuts full-year guidance citing patent cliff exposure,AbbVie,relevant,synthetic
Mastercard delivers solid close to 2025 as operating income surges,Mastercard,relevant,synthetic
Tesla branch teller charged with running fraud scheme at local branch in Boston,Tesla,irrelevant,synthetic
"Walmart to pay $16 billion for control of India's Flipkart, shares...",Walmart,relevant,gold_manual
Walmart is selling $160 wireless earbuds with a 'super convenient' touch screen case for just $28,Walmart,irrelevant,gold_manual
Singapore threatens to restrict US visa access in retaliation,Visa,irrelevant,synthetic
"UnitedHealth weighing options to expand into Vietnam market, sources say",UnitedHealth,irrelevant,synthetic
Insiders at Waste Management describe chaos as 500 jobs cut without warning,Waste Management,relevant,synthetic
Concert at IBM Arena draws thousands despite rain,IBM,irrelevant,synthetic
"Visa reports Q3 revenue of $8.3 billion, surpasses consensus on wealth management growth",Visa,relevant,synthetic
retail banking players pivot as AbbVie disrupts market with new cloud dashboard,AbbVie,irrelevant,synthetic
Home Depot chief operating officer says interest rates requires urgent attention from elected officials,Home Depot,irrelevant,synthetic
3 Must-Watch Netflix Movies You May Have Missed in Summer 2025,Netflix,irrelevant,gold_manual
Caterpillar chief executive says the housing market will shape business strategy for years to come,Caterpillar,irrelevant,synthetic
Mondelez shares slips amid broader market selloff,Mondelez,irrelevant,synthetic
"JPMorgan Chase Publishes 2020 Annual Report, Including Chairman & CEO Letter To Shareholders",JPMorgan Chase,relevant,gold_manual
U.S. justices reject Johnson & Johnson unit's anti-psychotic drug...,Johnson & Johnson,relevant,gold_manual
Citigroup co-founder says inflation cannot be solved by the private sector alone,Citigroup,irrelevant,synthetic
"Wells Fargo boosts AT&T to hold, says near-term headwinds are priced in",AT&T,irrelevant,synthetic
"Boeing reports 9% drop in quarterly revenue, cuts annual guidance",Boeing,relevant,synthetic
Procter & Gamble pledges $7 million to STEM education initiative,Procter & Gamble,irrelevant,synthetic
McDonald's issues $2.1 billion in senior notes to finance share buyback program,McDonald's,relevant,synthetic
Progressive CEO says cryptocurrency regulation presents both risks and opportunities for the private sector,Progressive,irrelevant,synthetic
Ahead of Lockheed Martin's Q4 Report: Consensus Estimates and Risks,Lockheed Martin,irrelevant,synthetic
How PepsiCo's decision to build in Pittsburgh benefits local workers,PepsiCo,irrelevant,synthetic
Ford chairman says immigration policy is the biggest challenge facing businesses today,Ford,irrelevant,synthetic
McCarthy to Subpoena Intel Agency Chiefs in Biden Family Probe,Intel,irrelevant,gold_manual
Warner Bros. Discovery enables a redesigned home screen to its customer portal,Warner Bros. Discovery,irrelevant,synthetic
Former Mondelez human resources manager files racial discrimination complaint with EEOC,Mondelez,irrelevant,synthetic
Airbnb adds new onboarding tutorial to its loyalty app,Airbnb,irrelevant,synthetic
Nvidia agrees to sell enterprise software arm for $3.4 billion to strategic acquirer,Nvidia,relevant,synthetic
"Wells Fargo Q3: revenue in line, margins disappoint, guidance cut",Wells Fargo,relevant,synthetic
Honeywell Q3 Earnings: Analyst Estimates and Key Metrics to Watch,Honeywell,irrelevant,synthetic
Accenture sales representative arrested after incident caught on security camera in Atlanta,Accenture,irrelevant,synthetic
American Express rolls out a new password manager to its banking app,American Express,irrelevant,synthetic
"Meta to eliminate 4,000 positions as part of $90.0 billion cost reduction plan",Meta,relevant,synthetic
Johnson & Johnson denies wrongdoing in sexual harassment complaint filed by group of warehouse workers,Johnson & Johnson,irrelevant,synthetic
Student visa rules tighten as universities face scrutiny,Visa,irrelevant,synthetic
"Bloomberg: ExxonMobil considering a headquarters relocation, though talks are preliminary",ExxonMobil,irrelevant,synthetic
Tampa a big winner in Visa's new purchase agreement with Target,Visa,irrelevant,synthetic
Vanguard takes 12% stake in Home Depot worth $200M,Vanguard,relevant,synthetic
ServiceNow faces $3.4 billion fine from DOJ over antitrust violations,ServiceNow,relevant,synthetic
"JPMorgan Head: Go With Politician for President, Not CEO",JPMorgan Chase,irrelevant,gold_manual
Stellantis settles gender discrimination complaint filed by group of warehouse workers for undisclosed amount,Stellantis,irrelevant,synthetic
"Morgan Stanley upgrades PepsiCo to sell, sees margin recovery underway",PepsiCo,irrelevant,synthetic
"Fleury, Methot, Neal give Golden Knights a solid foundation",AT&T,irrelevant,gold_manual
"Qualcomm may exit Australia amid regulatory uncertainty, sources say",Qualcomm,irrelevant,synthetic
FDA orders Under Armour to halt production at facility over contamination findings,Under Armour,relevant,synthetic
Analysts Divided on BlackRock Heading Into Q4 Report,BlackRock,irrelevant,synthetic
Microsoft to deliver Visual Studio for Mac,Microsoft,relevant,gold_manual
Merck expands enterprise software to South Korea with 500 pilot users,Merck,irrelevant,synthetic
Microsoft ends partnership with podcast host after offensive social media post,Microsoft,irrelevant,synthetic
Group of former Ralph Lauren store managers alleges racial harassment in federal class-action,Ralph Lauren,irrelevant,synthetic
Eli Lilly board approves new $1.2 billion share repurchase authorization,Eli Lilly,relevant,synthetic
Goldman Sachs faces $14.0 billion fine from EPA over market manipulation,Goldman Sachs,relevant,synthetic
UPS agrees to $180 million settlement with EPA over consumer protection violations,UPS,relevant,synthetic
Under Armour factory worker faces personal lawsuit unrelated to company activities in Chicago,Under Armour,irrelevant,synthetic
Walt Disney Q2 earnings of $3.78 per share surpasses consensus,Walt Disney,relevant,synthetic
"Amazon's partnership deal raises questions about Goldman Sachs's position, per JPMorgan",Goldman Sachs,irrelevant,synthetic
"McDonald's workers, teachers rally in separate suburban May Day events",McDonald's,irrelevant,gold_manual
Progressive shares trade lower amid rising interest rate fears — no new company news,Progressive,irrelevant,synthetic
"Sources: Johnson & Johnson exploring a merger — no deal imminent, sources say",Johnson & Johnson,irrelevant,synthetic
General Electric taps John Anderson for director of government affairs role amid organizational changes,General Electric,irrelevant,synthetic
Kimberly-Clark's charitable arm commits to $50M STEM education pledge,Kimberly-Clark,irrelevant,synthetic
Bank of America's charitable arm commits to $5M veterans support pledge,Bank of America,irrelevant,synthetic
Yum Brands Field hosts record crowd for playoff game,Yum Brands,irrelevant,synthetic
"Goldman Sachs trims CVS Health to sell, flags margin pressure ahead",CVS Health,irrelevant,synthetic
BlackRock discloses CFTC subpoena related to consumer protection violations,BlackRock,relevant,synthetic
Former Chevron former chief revenue officer appointed to advisory board of a venture capital fund,Chevron,irrelevant,synthetic
"Walt Disney reports Q3 revenue of $1.8 billion, beats analyst estimates on theme park record attendance",Walt Disney,relevant,synthetic
Mastercard unveils blockchain-based payment system for enterprise clients,Mastercard,relevant,synthetic
How JPMorgan Chase's acquisition could reshape the competitive landscape for Pfizer,Pfizer,irrelevant,synthetic
Target faces criticism from advocacy groups over data privacy practices,Target,irrelevant,synthetic
Nike drops Antonio Brown amid sexual assault lawsuit,"Nike, Inc.",relevant,gold_manual
"Facebook Users Lose Followers Mysteriously, Mark Zuckerberg's Number Down To Mere 9,993 — Here's What Happened",Meta Platforms,irrelevant,gold_manual
ByteDance is emerging as the Bank of America of financial services,Bank of America,irrelevant,synthetic
"Comcast's Q2: better than feared, outlook encouraging",Comcast,relevant,synthetic
Waste Management CFO says supply chain resilience requires urgent attention from elected officials,Waste Management,irrelevant,synthetic
Merck agrees to sell insurance unit for $14.0 billion to private equity firm,Merck,relevant,synthetic
"Nvidia weighing options to expand into Australia market, sources say",Nvidia,irrelevant,synthetic
"Republic Services and industry peer confirm merger talks, deal could be worth $1.8 billion",Republic Services,relevant,synthetic
Travelers vs competitors: which airline miles cards is right for you,Travelers,irrelevant,synthetic
Chipotle workers vote to reject company contract offer at its largest facility,Chipotle,relevant,synthetic
Halliburton district manager arrested for alleged theft from delivery route in Boston,Halliburton,irrelevant,synthetic
Citigroup acquires brokerage firm in $3.4 billion deal expanding into payments company,Citigroup,relevant,synthetic
"Deutsche Bank lowers Visa to outperform, flags rising competitive pressure",Visa,irrelevant,synthetic
Visa backlog hits Spain workers applying for H-1B transfers,Visa,irrelevant,synthetic
FedEx appoints Charles Smith to newly created chief of staff to the CEO position,FedEx,irrelevant,synthetic
Walt Disney CEO says banking regulation is a concern shared by businesses of all sizes,Walt Disney,irrelevant,synthetic
Apple raises full-year guidance after Q3 beat on record data center orders,Apple,relevant,synthetic
Competition with McDonald's sparks audit of hotel lenders,McDonald's,irrelevant,synthetic
"Salesforce aims to expand its developer ecosystem, fund enterprise cloud creators",Salesforce,relevant,gold_manual
Uber identifies items most commonly left behind,Uber,irrelevant,gold_manual
ExxonMobil acknowledges flagship phone defect after 10000 customer complaints,ExxonMobil,relevant,synthetic
Here's What Wall Street Expects From Intel When It Reports Q1,Intel,irrelevant,synthetic
Georgia lands Cisco investment worth $50M in local economy,Cisco,irrelevant,synthetic
Dow faces disability discrimination lawsuit filed by group of delivery drivers,Dow,irrelevant,synthetic
"Deutsche Bank boosts Amazon to buy, flags improving demand trends",Amazon,irrelevant,synthetic
Bank of America raises full-year guidance after Q1 beat on wealth management growth,Bank of America,relevant,synthetic
"Disney expansion to create 1000 jobs in Pittsburgh, governor says",Disney,irrelevant,synthetic
Wells Fargo investment banking revenue surges 8% as M&A market recovers,Wells Fargo,relevant,synthetic
Judge orders Halliburton to pay $500 million in damages over market manipulation,Halliburton,relevant,synthetic
Intel's new fulfillment center in Charlotte to employ 50 by 2024,Intel,irrelevant,synthetic
Comcast faces new gender discrimination lawsuit from former manager in Florida court,Comcast,irrelevant,synthetic
"TD Cowen raises Nike to sell, calls recent dip a buying opportunity",Nike,irrelevant,synthetic
Capital One logistics coordinator faces restraining order filed by former coworker in Philadelphia,Capital One,irrelevant,synthetic
JPMorgan Chase files patent for blockchain-based payment rail,JPMorgan Chase,relevant,synthetic
AbbVie reports positive Phase 3 trial results for key pipeline drug,AbbVie,relevant,synthetic
Morgan Stanley enables two-factor authentication prompts to its digital wallet,Morgan Stanley,irrelevant,synthetic
Amazon vs competitors: which sneakers is right for you,Amazon,irrelevant,synthetic
Waste Management CEO confirms General Motors has made strategic investment in company,General Motors,relevant,synthetic
"TD Cowen boosts Costco to underperform, calls valuation compelling after selloff",Costco,irrelevant,synthetic
Inside Coca-Cola's leadership crisis: the departure of its next CEO,Coca-Cola,relevant,synthetic
"Barclays lifts ConocoPhillips to sell, calls valuation compelling after selloff",ConocoPhillips,irrelevant,synthetic
ConocoPhillips faces social media campaign targeting executive compensation disclosures,ConocoPhillips,irrelevant,synthetic
General Motors vs competitors: which credit cards is right for you,General Motors,irrelevant,synthetic
Raytheon employees stage walkout over changes to remote work flexibility,Raytheon,irrelevant,synthetic
Netflix in deal to take over sports rights holder for $1.2 billion,Netflix,relevant,synthetic
How Amazon's divestiture could reshape the competitive landscape for Norfolk Southern,Norfolk Southern,irrelevant,synthetic
Comcast earns top score on Forbes' list of best employers,Comcast,irrelevant,synthetic
Schlumberger stock jumps as Vanguard emerges as major shareholder,Vanguard,relevant,synthetic
WhatsApp says spyware firm targeted users in 24 countries,Meta Platforms,relevant,gold_manual
Halliburton shares gives back recent gains on no company-specific news,Halliburton,irrelevant,synthetic
Alphabet district manager cited for personal safety violation in Detroit,Alphabet,irrelevant,synthetic
"Microsoft announces 5,500 corporate layoffs, shares fall on restructuring news",Microsoft,relevant,synthetic
Visa agrees to sell insurance subsidiary for $1.8 billion to strategic acquirer,Visa,relevant,synthetic
Intel admits knowing about cardiac device battery overheating issues before public reports,Intel,relevant,synthetic
BlackRock launches simplified navigation menu to its retail website,BlackRock,irrelevant,synthetic
P&G Ventures Teams With The Riveter To Host Open For Business: Women Building The Future,Procter & Gamble,irrelevant,gold_manual
Halliburton ranks among LinkedIn's top companies to work for for the fifth year running,Halliburton,irrelevant,synthetic
Microsoft Launches iMessage App 'Who's In' For Planning Events With Friends,Microsoft,irrelevant,gold_manual
Republic Services Q3 Earnings: Analyst Estimates and Key Metrics to Watch,Republic Services,irrelevant,synthetic
Oracle updates push notification settings to its enterprise dashboard,Oracle,irrelevant,synthetic
IDC estimates Visa controls 52% of the digital advertising market,Visa,irrelevant,synthetic
"UPS issues profit warning, slashes guidance citing labor cost inflation",UPS,relevant,synthetic
Progressive's new data center in Salt Lake City to employ 100 by 2020,Progressive,irrelevant,synthetic
"Verizon to eliminate 10,000 positions as part of $2.5 billion cost reduction plan",Verizon,relevant,synthetic
Costco ends partnership with sports personality after controversial comments online,Costco,irrelevant,synthetic
Mondelez divests snack foods division in $3.0 billion deal as part of strategic review,Mondelez,relevant,synthetic
"Visa posts Q3 net income of $18.5 billion, falls short of expectations",Visa,relevant,synthetic
Goldman Sachs faces new age discrimination lawsuit from group of retail workers in Ohio court,Goldman Sachs,irrelevant,synthetic
Wells Fargo confirms it received and rejected $2.5 billion takeover bid,Wells Fargo,relevant,synthetic
Wells Fargo agrees to pay $385M to settle car loan lawsuit,Wells Fargo,relevant,gold_manual
ServiceNow chairman says deficit spending will have long-lasting effects on the broader economy,ServiceNow,irrelevant,synthetic
"Baird lifts Deere & Company to sell, cites market share gains",Deere & Company,irrelevant,synthetic
General Electric district manager arrested in connection with unrelated drug charges in Boston,General Electric,irrelevant,synthetic
Could OLX be the Poland version of Tesla?,Tesla,irrelevant,synthetic
Fidelity debuts subscription service in Sub-Saharan Africa in bid to gain local users,Fidelity,irrelevant,synthetic
"Dollar General issues profit warning, slashes guidance citing rising shrink losses",Dollar General,relevant,synthetic
"Yum Brands sees Q1 revenue of $5.1 billion, below prior guidance and analyst consensus",Yum Brands,relevant,synthetic
Sources: Alphabet close to finalising acquisition of AI startup for $90.0 billion,Alphabet,relevant,synthetic
Oracle store manager arrested in connection with unrelated drug charges in Dallas,Oracle,irrelevant,synthetic
Waste Management CEO to deliver keynote at the Goldman Sachs Communacopia conference,Waste Management,irrelevant,synthetic
Eli Lilly cuts full-year guidance citing drug pricing pressure,Eli Lilly,relevant,synthetic
$3M lawsuit alleges Delta Air Lines national origin discrimination claims,Delta Air Lines,irrelevant,synthetic
Alabama-Clemson: How did ESPN do in national championship?,AT&T,irrelevant,gold_manual
Nike fined $2 million by CFPB over an outdated record-keeping practice,Nike,irrelevant,synthetic
"In a surprise, General Motors Q2 beats consensus — stock rallies after hours",General Motors,relevant,synthetic
"ServiceNow cloud revenue grows 14% year-over-year, comes in below consensus",ServiceNow,relevant,synthetic
BRIEF-ExxonMobil names William Davis as head of investor relations,ExxonMobil,irrelevant,synthetic
Lockheed Martin faces $5.1 billion fine from CFTC over market manipulation,Lockheed Martin,relevant,synthetic
FDA orders UnitedHealth to halt production at facility over contamination findings,UnitedHealth,relevant,synthetic
Mondelez CEO confirms MetLife has made strategic investment in company,MetLife,relevant,synthetic
CVS Health customer service representative faces personal lawsuit unrelated to company activities in Philadelphia,CVS Health,irrelevant,synthetic
Lockheed Martin ranks among Glassdoor's top-rated employers for the second straight year,Lockheed Martin,irrelevant,synthetic
Republic Services Q4 gross margin narrows to 24.7% on strong volume growth,Republic Services,relevant,synthetic
Kraft Heinz faces legal action over retaliation against whistleblowers in Pennsylvania,Kraft Heinz,irrelevant,synthetic
Sources: Tyson Foods close to finalising acquisition of restaurant chain for $5.1 billion,Tyson Foods,relevant,synthetic
The startup that wants to do to ride-hailing what Citigroup did to retail,Citigroup,irrelevant,synthetic
American Express logistics coordinator arrested for alleged theft from delivery route in Boston,American Express,irrelevant,synthetic
BlackRock reaches $35 million agreement with local labor board to resolve a product labeling issue,BlackRock,irrelevant,synthetic
Johnson & Johnson says COVID vaccine was 66% effective in Phase 3 trial,Johnson & Johnson,relevant,gold_manual
"ConocoPhillips to eliminate 2,000 positions as part of $5.1 billion cost reduction plan",ConocoPhillips,relevant,synthetic
ServiceNow issues voluntary recall of cybersecurity startup product over potential safety concern,ServiceNow,relevant,synthetic
Nvidia posts six glorious minutes of Doom action to show off new graphics,Nvidia,irrelevant,gold_manual
"Raytheon acknowledges braking problems in consumer product, promises fix within 16 weeks",Raytheon,relevant,synthetic
AT&T purchase of DirecTV set to close after approval from FCC,AT&T,relevant,gold_manual
Group of Fidelity users file $10M lawsuit alleging religious discrimination in scheduling,Fidelity,irrelevant,synthetic
"IBM Makes Watson Available Across Amazon, Microsoft, and Google Clouds",Microsoft,irrelevant,gold_manual
"Coca-Cola to eliminate 2,000 positions as part of $0.8 billion cost reduction plan",Coca-Cola,relevant,synthetic
"Amazon unveils new smart-home products, but are consumers ready?",Amazon,relevant,gold_manual
Former General Electric customer files $15M suit over age discrimination among warehouse workers,General Electric,irrelevant,synthetic
Pfizer co-founder says energy policy is creating uncertainty for long-term investment decisions,Pfizer,irrelevant,synthetic
Dollar General shares underperforms the sector as tech sector sees profit-taking,Dollar General,irrelevant,synthetic
Kimberly-Clark agrees to sell oral care business for $1.2 billion to private equity firm,Kimberly-Clark,relevant,synthetic
CVS Health hit with $65 million penalty by FTC over mortgage servicing failures,CVS Health,relevant,synthetic
"First National Realty Partners Acquires A 339,464 SF Home Depot And Schnucks Dual Anchored Center",Home Depot (The),irrelevant,gold_manual
Goldman Sachs activist investor discloses $8.3 billion stake pushes for margin improvement,Goldman Sachs,relevant,synthetic
Amazon employees protest healthcare benefit reductions at headquarters,Amazon,irrelevant,synthetic
IBM agrees to $45 million penalty over an outdated record-keeping practice,IBM,irrelevant,synthetic
Disney faces legal action over racial discrimination in promotion decisions in Utah,Disney,irrelevant,synthetic
Aflac human resources manager charged with harassment following complaint by coworker in Atlanta,Aflac,irrelevant,synthetic
JPMorgan Chase workers circulate petition calling for greater transparency in pay practices,JPMorgan Chase,irrelevant,synthetic
Microsoft faces criticism from advocacy groups over price increase practices,Microsoft,irrelevant,synthetic
"In a surprise, Coca-Cola Q3 exceeds Wall Street forecasts — stock rallies after hours",Coca-Cola,relevant,synthetic
"Apple weighing options to expand into India market, sources say",Apple,irrelevant,synthetic
"IBM to eliminate 2,000 positions as part of $8.3 billion cost reduction plan",IBM,relevant,synthetic
Nvidia sales representative arrested for allegedly cashing fraudulent checks in Philadelphia,Nvidia,irrelevant,synthetic
Caterpillar brings consumer app to Germany users for the first time,Caterpillar,irrelevant,synthetic
Robinhood coin: inside the bank's end-run around traditional payments,Robinhood,relevant,synthetic
Pfizer taps Karen Anderson for director of government affairs role amid organizational changes,Pfizer,irrelevant,synthetic
JPMorgan Set to Kick Off Third-Quarter Earnings Season,JPMorgan Chase,relevant,gold_manual
Indiana gains economic boost as Honeywell expands operations,Honeywell,irrelevant,synthetic
Filing reveals UnitedHealth has acquired 3% of Amazon,UnitedHealth,relevant,synthetic
Disney Q1 Earnings: Analyst Estimates and Key Metrics to Watch,Disney,irrelevant,synthetic
Honeywell admits knowing about blood glucose monitor structural integrity issues before public reports,Honeywell,relevant,synthetic
Starbucks human resources manager cited for personal safety violation in Detroit,Starbucks,irrelevant,synthetic
Save big on Dow credit cards this Mother's Day — here is how,Dow,irrelevant,synthetic
Tesla Earnings: 4 Things Investors Should Monitor,Tesla,irrelevant,synthetic
Microsoft CFO says consumer spending is top of mind for executives across every industry,Microsoft,irrelevant,synthetic
Charles Schwab in early talks about potential Vietnam partnership — no deal imminent,Charles Schwab,irrelevant,synthetic
Accenture issues voluntary recall of enterprise software company product over potential safety concern,Accenture,relevant,synthetic
Stocks tumble as FedEx profit warning spooks investors,FedEx,relevant,gold_manual
"Baird downgrades Johnson & Johnson to equal weight, sees limited upside from current levels",Johnson & Johnson,irrelevant,synthetic
Dow executive to speak at the Goldman Sachs Communacopia conference on the future of AI,Dow,irrelevant,synthetic
Goldman Sachs Field hosts record crowd for playoff game,Goldman Sachs,irrelevant,synthetic
3M fined $40 million by SEC over a customer privacy complaint,3M,irrelevant,synthetic
Caterpillar sets aside $1.8 billion to cover costs of automation startup product recall,Caterpillar,relevant,synthetic
Nike ends partnership with sports personality after personal scandal,Nike,irrelevant,synthetic
Lockheed Martin sued by former financial advisor alleging age discrimination in scheduling practices,Lockheed Martin,irrelevant,synthetic
Verizon acquires cable operator in $1.8 billion deal expanding into cable operator,Verizon,relevant,synthetic
Nvidia enables a redesigned home screen to its online store,Nvidia,irrelevant,synthetic
Target outlines five-year strategy to double revenue in specialty retailer segment,Target,relevant,synthetic
"Deutsche Bank lowers McDonald's to neutral, sees limited upside from current levels",McDonald's,irrelevant,synthetic
Nike ranks among Fortune's most admired companies list for the first time,Nike,irrelevant,synthetic
"UBS downgrades American Express to overweight, lowers estimates on weak guidance",American Express,irrelevant,synthetic
Ralph Lauren Q3 earnings of $0.43 per share tops expectations,Ralph Lauren,relevant,synthetic
Capital One net interest income falls 15% as rate environment pressures margins,Capital One,relevant,synthetic
Visa raises quarterly dividend 21% to $0.62 per share,Visa,relevant,synthetic
"Merck announces 4,000 corporate layoffs, shares fall on restructuring news",Merck,relevant,synthetic
Work visa approvals fall as Germany professionals face longer waits,Visa,irrelevant,synthetic
Progressive's charitable arm commits to $50M disaster response pledge,Progressive,irrelevant,synthetic
Nvidia raises full-year guidance after Q2 beat on robust enterprise software renewals,Nvidia,relevant,synthetic
Verizon broadband net adds accelerate in Q2 on fiber expansion,Verizon,relevant,synthetic
Travelers chairman says AI regulation requires urgent attention from elected officials,Travelers,irrelevant,synthetic
Broadcom expands cloud dashboard to Canada with 50000 pilot users,Broadcom,irrelevant,synthetic
General Electric shares rise as investors learn of Republic Services's stake,Republic Services,relevant,synthetic
"Citi lifts Procter & Gamble to outperform, points to improving competitive position",Procter & Gamble,irrelevant,synthetic
Booking Holdings store manager charged with harassment following complaint by coworker in Minneapolis,Booking Holdings,irrelevant,synthetic
Meta to acquire developer tools company for $90.0 billion in stock-and-cash transaction,Meta,relevant,synthetic
CSX employees protest new attendance tracking system at headquarters,CSX,irrelevant,synthetic
Walt Disney Q2 earnings of $3.10 per share surpasses consensus,Walt Disney,relevant,synthetic
"Needham lifts Deere & Company to underperform, sees accelerating revenue growth",Deere & Company,irrelevant,synthetic
"Cisco quietly builds $100M stake in General Motors, filing shows",Cisco,relevant,synthetic
"Travelers acknowledges emissions control failure in cardiac device, promises fix within 8 weeks",Travelers,relevant,synthetic
"San Antonio wrestles with regulating Airbnb, HomeAway rentals",Airbnb,irrelevant,gold_manual
Northrop Grumman workers circulate petition calling for paid family leave expansion,Northrop Grumman,irrelevant,synthetic
Eli Lilly gains after Morgan Stanley discloses significant new equity stake,Morgan Stanley,relevant,synthetic
"Alphabet announces 1,600 corporate layoffs, shares fall on restructuring news",Alphabet,relevant,synthetic
"21 Savage Is Released After Immigration Arrest, Lawyer Says",Visa Inc.,irrelevant,gold_manual
Adobe's growth is reshaping how the taxi industry operates,Adobe,irrelevant,synthetic
"RBC Capital Markets cuts AbbVie to equal weight, lowers price target on earnings miss",AbbVie,irrelevant,synthetic
General Electric financial advisor arrested for allegedly cashing fraudulent checks in Chicago,General Electric,irrelevant,synthetic
"Charles Schwab posts Q3 net income of $1.8 billion, surpasses consensus",Charles Schwab,relevant,synthetic
Protests outside Dollar General headquarters over unrelated political issue,Dollar General,irrelevant,synthetic
Honeywell acknowledges electric vehicle defect after 5000 customer complaints,Honeywell,relevant,synthetic
"Chevron exploring potential sale of energy unit, people familiar say",Chevron,irrelevant,synthetic
Tourist spots near Tesla campus rank among best in the area,Tesla,irrelevant,synthetic
Capital One CFO says trade tariffs is moving in the right direction but more work remains,Capital One,irrelevant,synthetic
Local school renamed after Allstate founder despite community debate,Allstate,irrelevant,synthetic
Honeywell faces social media campaign targeting ingredient sourcing policies,Honeywell,irrelevant,synthetic
FedEx reaches $2 million agreement with local labor board to resolve an environmental reporting error,FedEx,irrelevant,synthetic
T-Mobile workers vote to reject company contract offer at main production plant,T-Mobile,relevant,synthetic
Accenture employees sign open letter opposing employee monitoring rollout,Accenture,irrelevant,synthetic
$25M lawsuit alleges Delta Air Lines national origin discrimination claims,Delta Air Lines,irrelevant,synthetic
"Pfizer, BioNTech Seek Full US Approval For Covid-19 Vaccine",Pfizer,relevant,gold_manual
Netflix financial advisor arrested for alleged theft from delivery route in Seattle,Netflix,irrelevant,synthetic
T-Mobile pulls advertising from streaming service following offensive social media post,T-Mobile,irrelevant,synthetic
ServiceNow Q3 operating income surges 14% on strong subscription growth,ServiceNow,relevant,synthetic
Tesla First-Quarter Earnings: What Investors Will Want To Watch For,"Tesla, Inc.",irrelevant,gold_manual
Booking Holdings faces new religious discrimination lawsuit from former employee in Washington court,Booking Holdings,irrelevant,synthetic
PepsiCo loses beverage unit contract to rival in blow to revenue outlook,PepsiCo,relevant,synthetic
Ralph Lauren sued by group of warehouse workers alleging national origin discrimination in termination policies,Ralph Lauren,irrelevant,synthetic
"Wells Fargo announces 18,000 job cuts in investment banking amid strategic review",Wells Fargo,relevant,synthetic
"Bloomberg: Republic Services considering going private, though talks are preliminary",Republic Services,irrelevant,synthetic
"Morgan Stanley finishes 2018 strong, has high hopes for 2019",Morgan Stanley,relevant,synthetic
Apple may release red versions of the iPhone XS and XS Max as early as this month,Apple Inc.,irrelevant,gold_manual
Accenture financial advisor cited for personal safety violation in Charlotte,Accenture,irrelevant,synthetic
"Meta divestiture seen as competitive threat to Costco, analyst says",Costco,irrelevant,synthetic
"April Fool's Day jokes that backfired: Tesla, Google, Hooters","Tesla, Inc.",irrelevant,gold_manual
Pfizer refreshes improved load times to its website,Pfizer,irrelevant,synthetic
Norfolk Southern issues $3.4 billion in senior notes to fund strategic acquisitions,Norfolk Southern,relevant,synthetic
Walmart activist investor discloses $2.5 billion stake pushes for margin improvement,Walmart,relevant,synthetic
Mastercard debuts enterprise software in Southeast Europe in bid to gain local users,Mastercard,irrelevant,synthetic
"Johnson & Johnson CFO announces departure, company names former divisional CFO as replacement",Johnson & Johnson,relevant,synthetic
How Starbucks's joint venture could reshape the competitive landscape for Uber,Uber,irrelevant,synthetic
Bank of America named to LinkedIn's top companies to work for for the second straight year,Bank of America,irrelevant,synthetic
IDC ranks Colgate-Palmolive as the leading provider in cloud infrastructure,Colgate-Palmolive,irrelevant,synthetic
Home Depot software engineer faces personal lawsuit unrelated to company activities in Denver,Home Depot,irrelevant,synthetic
Honeywell marketing manager charged with harassment following complaint by coworker in Philadelphia,Honeywell,irrelevant,synthetic
JPMorgan Chase CEO says the federal budget is a concern shared by businesses of all sizes,JPMorgan Chase,irrelevant,synthetic
Halliburton raises full-year guidance after Q2 beat on higher oil prices,Halliburton,relevant,synthetic
Travelers workers vote to authorize strike at its largest facility,Travelers,relevant,synthetic
Pfizer gives $5M to Howard University for disaster response scholarship,Pfizer,irrelevant,synthetic
Dollar General denies wrongdoing in religious discrimination complaint filed by former sales representative,Dollar General,irrelevant,synthetic
Charles Schwab posts better-than-expected Q1 results as record assets under management,Charles Schwab,relevant,synthetic
Merck doubles education access funding to $50 million for 2016,Merck,irrelevant,synthetic
Student visa subpoenas alarm Poland universities,Visa,irrelevant,synthetic
Analyst says JPMorgan Chase acquisition positions the company ahead of Under Armour,Under Armour,irrelevant,synthetic
Berkshire Hathaway soft-launches offline mode in Vietnam following local regulatory approval,Berkshire Hathaway,irrelevant,synthetic
DuPont agrees to $65 million settlement with CFPB over misleading investors,DuPont,relevant,synthetic
Allstate co-founder says data privacy law requires urgent attention from elected officials,Allstate,irrelevant,synthetic
Booking Holdings chief operating officer says energy policy will shape business strategy for years to come,Booking Holdings,irrelevant,synthetic
Amazon issues voluntary recall of cloud infrastructure company product over potential safety concern,Amazon,relevant,synthetic
Target pulls advertising from video sharing platform following offensive social media post,Target,irrelevant,synthetic
U.S. detention of European and Canadian tourists creates fear over traveling to America,Visa Inc.,irrelevant,gold_manual
Pfizer will roll back drug prices after discussion with Trump,Pfizer,relevant,gold_manual
"UnitedHealth announces 1,600 job cuts in R&D division amid business reorganization",UnitedHealth,relevant,synthetic
EEOC opens investigation into ExxonMobil over alleged gender discrimination in workplace culture,ExxonMobil,irrelevant,synthetic
Tesla named to Fast Company's most innovative companies for the first time,Tesla,irrelevant,synthetic
Bank of America launches a new password manager to its cloud console,Bank of America,irrelevant,synthetic
How Verizon is forcing the video rental industry to reinvent itself,Verizon,irrelevant,synthetic
Sources: Procter & Gamble close to finalising acquisition of personal care brand for $3.4 billion,Procter & Gamble,relevant,synthetic
Protests outside Salesforce headquarters over unrelated political issue,Salesforce,irrelevant,synthetic
DuPont former president departs to become partner at a private equity firm,DuPont,irrelevant,synthetic
T-Mobile to spin off its media assets as a standalone publicly traded company,T-Mobile,relevant,synthetic
Analysts Divided on Cisco Heading Into Q4 Report,Cisco,irrelevant,synthetic
Protests outside Oracle headquarters over unrelated political issue,Oracle,irrelevant,synthetic
"Apple posts Q2 net income of $90.0 billion, misses analyst estimates",Apple,relevant,synthetic
Caterpillar activist investor discloses $3.4 billion stake pushes for margin improvement,Caterpillar,relevant,synthetic
Lockheed Martin's charitable arm commits to $50M mental health pledge,Lockheed Martin,irrelevant,synthetic
Insiders at BlackRock describe chaos as 1500 jobs cut without warning,BlackRock,relevant,synthetic
CVS Health Q1 gross margin contracts to 18.4% on new drug approvals driving revenue,CVS Health,relevant,synthetic
J&J to buy heart pump maker Abiomed for $16.6B,Johnson & Johnson,relevant,gold_manual
Starbucks co-founder says immigration policy cannot be solved by the private sector alone,Starbucks,irrelevant,synthetic
Andretti Partnering With GM For F1 Entry,General Motors,relevant,gold_manual
EEOC opens investigation into Visa over alleged pay discrimination in termination policies,Visa,irrelevant,synthetic
Person widely expected to lead Lowe's departs in surprise move,Lowe's,relevant,synthetic
Starbucks's charitable arm commits to $3M veterans support pledge,Starbucks,irrelevant,synthetic
JPMorgan: 2 Reasons Why Crypto Deleveraging Will End Soon,JPMorgan Chase,irrelevant,gold_manual
Norfolk Southern adds in-app chat support to its retail website,Norfolk Southern,irrelevant,synthetic
Analysts Divided on 3M Heading Into Q4 Report,3M,irrelevant,synthetic
Microsoft named to Glassdoor's top-rated employers for the fifth year running,Microsoft,irrelevant,synthetic
Accenture faces sexual harassment lawsuit filed by group of loan officers,Accenture,irrelevant,synthetic
"Microsoft was prudent to warn about coronavirus impact, analyst says",Microsoft,relevant,gold_manual
here's everything I'd buy at Walmart's Black Friday sale,Walmart,irrelevant,gold_manual
Costco CEO named to Fortune's most admired companies list,Costco,irrelevant,synthetic
"AT&T recalls 10,000 thousand units over safety defect, faces $110 million repair bill",AT&T,relevant,synthetic
JPMorgan Chase to present at the Aspen Ideas Festival next month,JPMorgan Chase,irrelevant,synthetic
PepsiCo CEO named to Fortune's most admired companies list,PepsiCo,irrelevant,synthetic
Local suppliers cheer AT&T's new production deal as Salt Lake City gains,AT&T,irrelevant,synthetic
From Russia with love: Successful KHL season could relaunch Wideman's NHL career,Visa Inc.,irrelevant,gold_manual
Judge orders American Express to pay $380 million in damages over consumer protection violations,American Express,relevant,synthetic
Procter & Gamble shares trade lower following broader macro concerns — no new company news,Procter & Gamble,irrelevant,synthetic
Microsoft denies wrongdoing in disability discrimination complaint filed by former financial advisor,Microsoft,irrelevant,synthetic
Capital One retail associate faces restraining order filed by former coworker in Charlotte,Capital One,irrelevant,synthetic
Valentine's Day: the best Starbucks streaming plans deals you can get right now,Starbucks,irrelevant,synthetic
NY Post scorches ‘fake’ intel letter used to sink laptop story: ‘Actual disinfo operation’ helped Biden,Intel,irrelevant,gold_manual
Apple data center revenue surges 24% on record AI chip demand,Apple,relevant,synthetic
Chipotle human resources manager arrested for alleged theft from delivery route in Minneapolis,Chipotle,irrelevant,synthetic
Yum Brands updates a redesigned home screen to its loyalty app,Yum Brands,irrelevant,synthetic
Honeywell refreshes a new rewards tracker to its retail website,Honeywell,irrelevant,synthetic
Johnson & Johnson agrees to sell consumer health division for $22.0 billion to private equity firm,Johnson & Johnson,relevant,synthetic
Berkshire Hathaway agrees to $45 million penalty over a minor labor board finding,Berkshire Hathaway,irrelevant,synthetic
Procter & Gamble employees sign open letter opposing healthcare benefit reductions,Procter & Gamble,irrelevant,synthetic
Progressive workers circulate petition calling for improved workplace safety standards,Progressive,irrelevant,synthetic
DuPont employees sign open letter opposing employee monitoring rollout,DuPont,irrelevant,synthetic
Waste Management co-founder says immigration policy requires urgent attention from elected officials,Waste Management,irrelevant,synthetic
Accenture earns top score on Fast Company's most innovative companies,Accenture,irrelevant,synthetic
"Bernstein downgrades Aflac to equal weight, flags margin pressure ahead",Aflac,irrelevant,synthetic
UPS earns top score on Glassdoor's top-rated employers,UPS,irrelevant,synthetic
"Apple to unveil new iPhone today, may test fans' love with $1,000 version",Apple Inc.,relevant,gold_manual
Ralph Lauren chief operating officer says immigration policy is something all companies need to take seriously,Ralph Lauren,irrelevant,synthetic
JPMorgan Chase board approves new $14.0 billion share repurchase authorization,JPMorgan Chase,relevant,synthetic
FedEx faces criticism from advocacy groups over overseas manufacturing practices,FedEx,irrelevant,synthetic
"Tyson Foods CEO steps down after 8 years, board appoints industry veteran",Tyson Foods,relevant,synthetic
Kimberly-Clark updates accessibility improvements to its website,Kimberly-Clark,irrelevant,synthetic
Target CEO says company is 'open to' exploring LNG opportunities,Target,irrelevant,synthetic
Goldman Sachs delivery driver arrested for allegedly cashing fraudulent checks in Boston,Goldman Sachs,irrelevant,synthetic
Charles Schwab coin: inside the bank's end-run around traditional payments,Charles Schwab,relevant,synthetic
AT&T faces legal action over retaliation against whistleblowers in Colorado,AT&T,irrelevant,synthetic
"Deere & Company announces 10,000 corporate layoffs, shares fall on restructuring news",Deere & Company,relevant,synthetic
Citigroup warehouse worker charged with embezzling from customer accounts in Boston,Citigroup,irrelevant,synthetic
Competition with Starbucks sparks audit of traditional advertising lenders,Starbucks,irrelevant,synthetic
Best Kraft Heinz deals this Prime Day: our top picks,Kraft Heinz,irrelevant,synthetic
Oracle pays $10 million to settle an advertising standards complaint complaint with SEC,Oracle,irrelevant,synthetic
Target faces class-action lawsuit over alleged gender discrimination among district managers,Target,irrelevant,synthetic
Work visa approvals fall as Brazil professionals face longer waits,Visa,irrelevant,synthetic
"Starbucks partnership seen as competitive threat to PepsiCo, analyst says",PepsiCo,irrelevant,synthetic
"Goldman Sachs Q3: revenue in line, margins disappoint, guidance cut",Goldman Sachs,relevant,synthetic
Investors dump brick-and-mortar retail stocks on fears of Waste Management disruption,Waste Management,irrelevant,synthetic
Forrester ranks JPMorgan Chase as the leading provider in ride-sharing,JPMorgan Chase,irrelevant,synthetic
Walmart CEO says supply chain resilience is the biggest challenge facing businesses today,Walmart,irrelevant,synthetic
Walmart faces class-action lawsuit over alleged pay discrimination among marketing managers,Walmart,irrelevant,synthetic
Amazon Field hosts record crowd for playoff game,Amazon,irrelevant,synthetic
General Motors launches an updated help center to its website,General Motors,irrelevant,synthetic
"Citi lowers Walt Disney to hold, lowers price target on earnings miss",Walt Disney,irrelevant,synthetic
Lockheed Martin launches new app and real-time tracking in UK,Lockheed Martin,irrelevant,synthetic
"Barclays trims Tesla to overweight, warns of elevated inventory",Tesla,irrelevant,synthetic
Rakuten vs Costco: who wins the Germany market?,Costco,irrelevant,synthetic
Meta in early talks about potential Canada partnership — no deal imminent,Meta,irrelevant,synthetic
Paramount Global sales representative arrested for alleged theft from delivery route in Chicago,Paramount Global,irrelevant,synthetic
Nike falls behind BMW in market share — analysts cut targets,Nike,relevant,synthetic
"Stock Movers: Nvidia, Tesla, Boeing",Nvidia,irrelevant,gold_manual
Investors dump retail banking stocks on fears of Salesforce disruption,Salesforce,irrelevant,synthetic
"BlackRock reports 14% drop in quarterly revenue, cuts annual guidance",BlackRock,relevant,synthetic
Chipotle raises quarterly dividend 27% to $1.10 per share,Chipotle,relevant,synthetic
Home Depot announces 800 job cuts in retail operations amid business reorganization,Home Depot,relevant,synthetic
Citigroup workers in Chicago rally to demand paid family leave expansion,Citigroup,irrelevant,synthetic
General Electric rolls out real-time tracking in Germany ahead of broader rollout,General Electric,irrelevant,synthetic
Surprise exit: MetLife's presumed future CEO departs after 6 months,MetLife,relevant,synthetic
Travelers tops the Street on both revenue and earnings in Q2,Travelers,relevant,synthetic
Goldman Sachs faces legal action over pregnancy discrimination in hiring in Tennessee,Goldman Sachs,irrelevant,synthetic
"Citi trims Waste Management to hold, warns of elevated inventory",Waste Management,irrelevant,synthetic
The brick-and-mortar retail industry's answer to the Nike challenge,Nike,irrelevant,synthetic
Amazon unit sales miss as Microsoft captures 35% of market,Amazon,relevant,synthetic
Goldman Sachs founder concedes insulin pump fell short of safety standards,Goldman Sachs,relevant,synthetic
Nielsen estimates Colgate-Palmolive controls 22% of the pharmaceutical distribution market,Colgate-Palmolive,irrelevant,synthetic
Verizon chairman says deficit spending presents both risks and opportunities for the private sector,Verizon,irrelevant,synthetic
"Berkshire Hathaway CFO announces retirement, company names internal finance executive as replacement",Berkshire Hathaway,relevant,synthetic
"Apple's restructuring deal raises questions about Nike's position, per UBS",Nike,irrelevant,synthetic
UnitedHealth suspends quarterly dividend amid cash flow concerns,UnitedHealth,relevant,synthetic
Save big on Yum Brands laptops this back-to-school season — here is how,Yum Brands,irrelevant,synthetic
Kimberly-Clark earns top score on Fortune's most admired companies list,Kimberly-Clark,irrelevant,synthetic
Forrester estimates Kimberly-Clark controls 63% of the ride-sharing market,Kimberly-Clark,irrelevant,synthetic
Ford Q3 gross margin widens to 19.8% on strong fleet sales,Ford,relevant,synthetic
How to watch Ohio State football vs. Michigan FREE STREAM today,AT&T,irrelevant,gold_manual
Nvidia rolls out a progress tracker to its streaming platform,Nvidia,irrelevant,synthetic
Student visa subpoenas alarm Japan universities,Visa,irrelevant,synthetic
Dollar General agrees to sell pharmacy chain for $2.5 billion to consortium of investors,Dollar General,relevant,synthetic
Capital One chief executive says geopolitical tensions is the biggest challenge facing businesses today,Capital One,irrelevant,synthetic
Wells Fargo suspends quarterly dividend amid cash flow concerns,Wells Fargo,relevant,synthetic
The JPMorgan Chase of Australia just filed for an IPO to conquer the US market,JPMorgan Chase,irrelevant,synthetic
Tourist spots near AbbVie campus rank among best in the area,AbbVie,irrelevant,synthetic
The executive many thought would run ConocoPhillips has left the company,ConocoPhillips,relevant,synthetic
Alibaba vs AT&T: who wins the Indonesia market?,AT&T,irrelevant,synthetic
Caterpillar divests safety products division in $3.4 billion deal as part of strategic review,Caterpillar,relevant,synthetic
Comcast to spin off its media assets as a standalone publicly traded company,Comcast,relevant,synthetic
Republic Services confirms receipt of CFTC civil investigative demand over consumer protection violations,Republic Services,relevant,synthetic
Deere & Company delivers solid close to 2017 as earnings tops estimates,Deere & Company,relevant,synthetic
Rumour: Could Meta be considering selling its media division? Analysts are watching,Meta,irrelevant,synthetic
Tencent overtakes Citigroup in active users as gap widens,Citigroup,relevant,synthetic
Report: Verizon holds 41% market share in e-commerce per Bernstein Research,Verizon,irrelevant,synthetic
Mondelez loses beverage unit contract to rival in blow to revenue outlook,Mondelez,relevant,synthetic
IBM Q4 miss: revenue and earnings both fall short as softer consumer device demand,IBM,relevant,synthetic
Apple revenue rises on higher-than-expected iPhone shipments,Apple Inc.,relevant,gold_manual
Dollar General acquires supply chain company for $180 million to bolster delivery service,Dollar General,relevant,synthetic
Booking Holdings faces new gender discrimination lawsuit from former manager in California court,Booking Holdings,irrelevant,synthetic
Booking Holdings human resources manager arrested in connection with unrelated drug charges in Atlanta,Booking Holdings,irrelevant,synthetic
Coca-Cola financial advisor faces personal lawsuit unrelated to company activities in Boston,Coca-Cola,irrelevant,synthetic
"Uber reports 8% drop in quarterly revenue, cuts annual guidance",Uber,relevant,synthetic
Booking Holdings shares trade lower as the S&P 500 drops — no new company news,Booking Holdings,irrelevant,synthetic
Capital One cuts full-year guidance citing slower deal activity,Capital One,relevant,synthetic
Tourist spots near Ford campus rank among best in the area,Ford,irrelevant,synthetic
Brett Veatch ranked among top 1/2% of Berkshire Hathaway Real Estate Brokers,Berkshire Hathaway,irrelevant,gold_manual
Honeywell human resources manager arrested for allegedly cashing fraudulent checks in Houston,Honeywell,irrelevant,synthetic
Nvidia store manager faces personal lawsuit unrelated to company activities in Atlanta,Nvidia,irrelevant,synthetic
CVS Health updates new onboarding tutorial to its cloud console,CVS Health,irrelevant,synthetic
Allstate ranks among Glassdoor's top-rated employers for the second straight year,Allstate,irrelevant,synthetic
Visa promotes Patricia Harris to head of supply chain analytics,Visa,irrelevant,synthetic
Target settles sexual harassment complaint filed by former manager for undisclosed amount,Target,irrelevant,synthetic
Ralph Lauren issues $0.8 billion in senior notes to strengthen balance sheet,Ralph Lauren,relevant,synthetic
Meta pulls advertising from video sharing platform following offensive social media post,Meta,irrelevant,synthetic
"Report: Susan Rice requested ""unmasking"" of U.S. persons in raw intel connected to Trump and associates dozens of times",Intel,irrelevant,gold_manual
"General Motors Q4 results: beats on top and bottom line, raises outlook",General Motors,relevant,synthetic
Bank of America adds an updated help center to its cloud console,Bank of America,irrelevant,synthetic
Bank of America flags Warner Bros. Discovery as a company that may need to respond competitively in note on Microsoft acquisition,Warner Bros. Discovery,irrelevant,synthetic
Investors dump landline phone stocks on fears of Fidelity disruption,Fidelity,irrelevant,synthetic
"TD Cowen trims Home Depot to sell, lowers price target on earnings miss",Home Depot,irrelevant,synthetic
Aflac co-founder says inflation is something all companies need to take seriously,Aflac,irrelevant,synthetic
Tesla delivery driver faces restraining order filed by former coworker in Philadelphia,Tesla,irrelevant,synthetic
Lowe's tops the Street on both revenue and earnings in Q3,Lowe's,relevant,synthetic
Procter & Gamble chief executive says healthcare costs will shape business strategy for years to come,Procter & Gamble,irrelevant,synthetic
Xiaomi is emerging as the PepsiCo of food delivery,PepsiCo,irrelevant,synthetic
Norfolk Southern in deal to take over last-mile delivery company for $3.4 billion,Norfolk Southern,relevant,synthetic
Ford adds spending insights tab to its customer portal,Ford,irrelevant,synthetic
Under Armour adds enhanced map view to its customer app,Under Armour,irrelevant,synthetic
Ford announces $1 billiom investment in Argo AI self-driving tech,Ford Motor Company,relevant,gold_manual
Colgate-Palmolive said to be exploring a merger in early-stage discussions,Colgate-Palmolive,irrelevant,synthetic
Former CSX former chief technology officer named to lead a fintech startup,CSX,irrelevant,synthetic
The executive many thought would run Lyft has left the company,Lyft,relevant,synthetic
FedEx considers importing streaming content to Vietnam,FedEx,irrelevant,synthetic
Norfolk Southern CEO joins panel discussion at a Senate Commerce Committee hearing on workforce transformation,Norfolk Southern,irrelevant,synthetic
"FedEx announces 3,000 job cuts in consumer unit amid strategic review",FedEx,relevant,synthetic
Could The Whole Foods Acquisition Undermine America's Biggest Consumer Brands?,Amazon,irrelevant,gold_manual
Trump could pick Jamie Dimon for Treasury secretary,JPMorgan Chase,irrelevant,gold_manual
General Electric confirms it received and rejected $1.2 billion takeover bid,General Electric,relevant,synthetic
"Jefferies boosts Dow to neutral, sees multiple expansion ahead",Dow,irrelevant,synthetic
Yum Brands faces racial discrimination lawsuit filed by former sales representative,Yum Brands,irrelevant,synthetic
Target unit sales miss as Mercedes captures 45% of market,Target,relevant,synthetic
JPMorgan Chase employees sign open letter opposing employee monitoring rollout,JPMorgan Chase,irrelevant,synthetic
CSX board approves new $3.4 billion share repurchase authorization,CSX,relevant,synthetic
American Express introduces digital bond platform on blockchain,American Express,relevant,synthetic
Rumour: Could 3M be looking at entering the streaming market? Analysts are watching,3M,irrelevant,synthetic
IBM workers in Dallas rally to demand paid family leave expansion,IBM,irrelevant,synthetic
Eli Lilly workers say morale has collapsed following 1500-person reduction,Eli Lilly,relevant,synthetic
Netflix shares trade lower amid broader market selloff — no new company news,Netflix,irrelevant,synthetic
"Uber, Private Ride Drivers to Sue Mayor of London for Discrimination",Uber,irrelevant,gold_manual
Verizon shares trade lower on no company-specific news — no new company news,Verizon,irrelevant,synthetic
PepsiCo cuts full-year guidance citing same-store sales decline,PepsiCo,relevant,synthetic
MetLife doubles community resilience funding to $10 million for 2021,MetLife,irrelevant,synthetic
Tyson Foods logistics coordinator arrested in connection with unrelated drug charges in Los Angeles,Tyson Foods,irrelevant,synthetic
Tyson Foods discloses FTC subpoena related to antitrust violations,Tyson Foods,relevant,synthetic
Naperville News Digest,Visa Inc.,irrelevant,gold_manual
How HCA Healthcare is forcing the landline phone industry to reinvent itself,HCA Healthcare,irrelevant,synthetic
Procter & Gamble workforce reduced by 1900 as restructuring accelerates,Procter & Gamble,relevant,synthetic
Gartner ranks UnitedHealth as the leading provider in electric vehicles,UnitedHealth,irrelevant,synthetic
13 ways to give the gift of Mackinac Island,Visa Inc.,irrelevant,gold_manual
Germany nationals face new biometric visa requirements,Visa,irrelevant,synthetic
"ExxonMobil reaches tentative contract deal with union representing 5,500 workers",ExxonMobil,relevant,synthetic
"Walmart merger seen as competitive threat to Boeing, analyst says",Boeing,irrelevant,synthetic
"Comedian references Merck in viral stand-up set, clip goes viral",Merck,irrelevant,synthetic
Morgan Stanley warehouse worker faces personal lawsuit unrelated to company activities in Seattle,Morgan Stanley,irrelevant,synthetic
Apple chief executive says global trade presents both risks and opportunities for the private sector,Apple,irrelevant,synthetic
Walmart confirms receipt of SEC civil investigative demand over consumer protection violations,Walmart,relevant,synthetic
"Johnson & Johnson Vaccine Batch Ruined At Baltimore Factory, Drug Giant Says",Johnson & Johnson,relevant,gold_manual
Halliburton former general counsel departs to become partner at a private equity firm,Halliburton,irrelevant,synthetic
hotel giants struggle as Republic Services expands to new cities,Republic Services,irrelevant,synthetic
Booking Holdings agrees to sell international operations for $1.8 billion to private equity firm,Booking Holdings,relevant,synthetic
The Schlumberger of Brazil just filed for an IPO to conquer the US market,Schlumberger,irrelevant,synthetic
Dow activist investor discloses $8.3 billion stake pushes for margin improvement,Dow,relevant,synthetic
"Wells Fargo cuts UnitedHealth to underperform, flags execution risks",UnitedHealth,irrelevant,synthetic
CSX faces criticism from advocacy groups over marketing to minors allegations,CSX,irrelevant,synthetic
EU visa-free travel for Sweden under review after border incidents,Visa,irrelevant,synthetic
Canada pushes for faster US visa processing after backlog grows,Visa,irrelevant,synthetic
UPS CEO says supply chain resilience demands a thoughtful policy response from legislators,UPS,irrelevant,synthetic
Save Big on Vizio 4K TVs Ahead of Black Friday at Walmart,Walmart,irrelevant,gold_manual
"Deere & Company loses misleading investors case, ordered to pay $180 million in penalties",Deere & Company,relevant,synthetic
AT&T former chief technology officer departs to become partner at a private equity firm,AT&T,irrelevant,synthetic
Procter & Gamble loses feminine care brands contract to rival in blow to revenue outlook,Procter & Gamble,relevant,synthetic
ExxonMobil settles pay discrimination complaint filed by group of former employees for undisclosed amount,ExxonMobil,irrelevant,synthetic
Walmart Q2 earnings of $4.91 per share misses analyst estimates,Walmart,relevant,synthetic
"Morgan Stanley trims Dollar General to underperform, sees limited upside from current levels",Dollar General,irrelevant,synthetic
Halliburton ordered by EU regulators to pay $500 million over antitrust violations,Halliburton,relevant,synthetic
"Home Depot lowers Q2 outlook, sends shares sharply lower in after-hours trading",Home Depot,relevant,synthetic
Warner Bros. Discovery chief operating officer says consumer spending will shape business strategy for years to come,Warner Bros. Discovery,irrelevant,synthetic
"Target reaches new four-year labor agreement with union representing 4,000 workers",Target,relevant,synthetic
"James Anderson leaves Ford, ending speculation about CEO succession",Ford,relevant,synthetic
Tyson Foods announces $1.8 billion share buyback program,Tyson Foods,relevant,synthetic
Aflac factory worker faces criminal charges unrelated to employment in Denver,Aflac,irrelevant,synthetic
New documentary examines working conditions at Walt Disney suppliers overseas,Walt Disney,irrelevant,synthetic
"DuPont Q3: revenue in line, margins disappoint, guidance cut",DuPont,relevant,synthetic
Citigroup introduces simplified navigation menu to its developer portal,Citigroup,irrelevant,synthetic
Mercedes overtakes Travelers in delivery volumes as gap widens,Travelers,relevant,synthetic
"Bank of America quietly builds $750M stake in CVS Health, filing shows",Bank of America,relevant,synthetic
Caterpillar CEO says company is 'open to' exploring financial products opportunities,Caterpillar,irrelevant,synthetic
GitHub Billionaires Will Own More Microsoft Stock Than Its CEO,Microsoft,irrelevant,gold_manual
Halliburton chief operating officer says healthcare costs requires urgent attention from elected officials,Halliburton,irrelevant,synthetic
Johnson & Johnson Q2 Earnings: Analyst Estimates and Key Metrics to Watch,Johnson & Johnson,irrelevant,synthetic
"Johnson & Johnson reports Q4 revenue of $14.0 billion, surpasses consensus on strong prescription volume growth",Johnson & Johnson,relevant,synthetic
LG Chem shares slide amid electric vehicle battery-fire probe with GM,General Motors,relevant,gold_manual
"General Motors posts Q3 net income of $0.8 billion, tops expectations",General Motors,relevant,synthetic
Save big on AT&T home appliances this Cyber Monday — here is how,AT&T,irrelevant,synthetic
Fiat Chrysler joins BMW-Intel to develop driverless cars,Intel,relevant,gold_manual
Bernstein Research estimates Booking Holdings controls 34% of the electric vehicles market,Booking Holdings,irrelevant,synthetic
CVS Health chief executive says the housing market is more complex than most policymakers appreciate,CVS Health,irrelevant,synthetic
Verizon rolls out a redesigned home screen to its online store,Verizon,irrelevant,synthetic
Citigroup faces $18.5 billion fine from DOJ over price-fixing conspiracy,Citigroup,relevant,synthetic
Nvidia fills VP of human resources role with internal promotion of Karen Wilson,Nvidia,irrelevant,synthetic
Warner Bros. Discovery employees protest new attendance tracking system at headquarters,Warner Bros. Discovery,irrelevant,synthetic
"President Trump sent FedEx courier a $10,000 check in the mail",FedEx,irrelevant,gold_manual
"Bloomberg: Waste Management exploring a merger, though talks are preliminary",Waste Management,irrelevant,synthetic
"The Cloud Episode: As Microsoft, Amazon Report, Both Reach For Big DoD Contract",Microsoft,relevant,gold_manual
Caterpillar faces $1.8 billion fine from state attorneys general over consumer protection violations,Caterpillar,relevant,synthetic
ConocoPhillips drops sponsorship of professional golf tournament following social media backlash,ConocoPhillips,irrelevant,synthetic
Chevron: It’s Not ExxonMobil But No One Seems to Mind,ExxonMobil,irrelevant,gold_manual
Lockheed Martin faces criticism from advocacy groups over ingredient sourcing policies,Lockheed Martin,irrelevant,synthetic
CSX cuts full-year guidance citing lower revenue per shipment,CSX,relevant,synthetic
"Northrop Grumman CFO announces departure, company names former divisional CFO as replacement",Northrop Grumman,relevant,synthetic
BlackRock wealth management division surpasses $2.5 trillion in client assets,BlackRock,relevant,synthetic
UnitedHealth fined $15 million by FTC over a customer privacy complaint,UnitedHealth,irrelevant,synthetic
Halliburton former CFO joins a government advisory role as its new chief executive,Halliburton,irrelevant,synthetic
Texas's AG Pushes Back on the 'Green 20' Coalition's Anti-ExxonMobil Subpoenas,ExxonMobil,relevant,gold_manual
Apple workers in Charlotte rally to demand improved workplace safety standards,Apple,irrelevant,synthetic
ConocoPhillips releases enhanced map view to its cloud console,ConocoPhillips,irrelevant,synthetic
Ford financial advisor faces restraining order filed by former coworker in Minneapolis,Ford,irrelevant,synthetic
Amazon named to Glassdoor's top-rated employers for the fifth year running,Amazon,irrelevant,synthetic
AbbVie recruits John White from Google as head of digital marketing,AbbVie,irrelevant,synthetic
McDonald's board approves new $2.1 billion share repurchase authorization,McDonald's,relevant,synthetic
ExxonMobil former CEO leaves to join a government advisory role in senior role,ExxonMobil,irrelevant,synthetic
Former Johnson & Johnson former CFO named to lead a consulting firm,Johnson & Johnson,irrelevant,synthetic
H-1B visa program: Time to expand it (Opinion),Visa Inc.,irrelevant,gold_manual
"Barbara Garcia, Halliburton's likely next CEO, resigns following board dispute",Halliburton,relevant,synthetic
Why Microsoft can’t ditch phones…just yet,Microsoft,irrelevant,gold_manual
Northrop Grumman acquires unmanned systems company in $11.2 billion deal expanding into unmanned systems company,Northrop Grumman,relevant,synthetic
AbbVie hires Robert Smith as chief diversity officer from JPMorgan,AbbVie,irrelevant,synthetic
MetLife fills regional vice president for Europe role with internal promotion of Michael Taylor,MetLife,irrelevant,synthetic
McDonald's founder concedes Model 3 fell short of safety standards,McDonald's,relevant,synthetic
A monumental case looks to crack open the world of auto-warranty robocalls,AT&T,irrelevant,gold_manual
Is Procter & Gamble Stock Appropriately Priced At $160?,Procter & Gamble,irrelevant,gold_manual
"Chevron reports Q1 revenue of $3.4 billion, misses analyst estimates on strong refining margins",Chevron,relevant,synthetic
Nike organic sales growth of 31% in Q1 surpasses consensus on pricing and volume,Nike,relevant,synthetic
The scariest house on Airbnb is the 'Hocus Pocus' cottage,Airbnb,irrelevant,gold_manual
AbbVie takes 15% stake in UPS worth $2000M,AbbVie,relevant,synthetic
Alphabet to acquire enterprise software company for $90.0 billion in stock-and-cash transaction,Alphabet,relevant,synthetic
Disney CEO admits commercial aircraft has emissions control failure,Disney,relevant,synthetic
Verizon issues voluntary recall of fiber network company product over potential safety concern,Verizon,relevant,synthetic
Uber CFO scheduled to appear at the Aspen Ideas Festival investor day,Uber,irrelevant,synthetic
Disney CEO Bob Iger Has Lessons On Fostering Creativity — And Acquiring It,Walt Disney Company (The),irrelevant,gold_manual
Housing recovery drives Home Depot sales beat,Home Depot (The),relevant,gold_manual
Former Salesforce former president appointed to advisory board of a non-profit board,Salesforce,irrelevant,synthetic
Booking Holdings nights booked rise 9% as international travel demand surges,Booking Holdings,relevant,synthetic
PepsiCo enables a new tips section to its mobile app,PepsiCo,irrelevant,synthetic
Dollar General Foundation awards $10K grant to local hunger relief nonprofit,Dollar General,irrelevant,synthetic
Nike faces new sexual harassment lawsuit from group of former employees in Washington court,Nike,irrelevant,synthetic
'TeslaMic' karaoke sets sell out under an hour in China,"Tesla, Inc.",irrelevant,gold_manual
FedEx indictment on illegal drug shipments will go forward,FedEx,relevant,gold_manual
Mondelez Earnings Preview: What Analysts Are Watching This Quarter,Mondelez,irrelevant,synthetic
Backlash after Colin Kaepernick named face of Nike ad,"Nike, Inc.",relevant,gold_manual
Former Citigroup former chief marketing officer named to lead a fintech startup,Citigroup,irrelevant,synthetic
"Uber safety driver of fatal self-driving crash was watching Hulu, not the road",Uber,irrelevant,gold_manual
AbbVie CEO named to Time's 100 most influential companies,AbbVie,irrelevant,synthetic
Lowe's marketing manager arrested for alleged theft from delivery route in Atlanta,Lowe's,irrelevant,synthetic
Tesla branch teller charged with assault following workplace altercation in Dallas,Tesla,irrelevant,synthetic
"JPMorgan lifts Dow to neutral, raises estimates on guidance beat",Dow,irrelevant,synthetic
Athletics: Kenya's Korir misses out on visa for world championships,Visa Inc.,irrelevant,gold_manual
American Express activist investor discloses $5.1 billion stake pushes for margin improvement,American Express,relevant,synthetic
Wells Fargo denies wrongdoing in disability discrimination complaint filed by former manager,Wells Fargo,irrelevant,synthetic
Republic Services workforce reduced by 500 as restructuring accelerates,Republic Services,relevant,synthetic
PepsiCo settles national origin discrimination complaint filed by group of delivery drivers for undisclosed amount,PepsiCo,irrelevant,synthetic
"Home Depot recalls 12,000 thousand units over safety defect, faces $110 million repair bill",Home Depot,relevant,synthetic
Travelers introduces a new password manager to its developer portal,Travelers,irrelevant,synthetic
House Votes to Expand Legal Safeguards for LGBTQ People,AT&T,irrelevant,gold_manual
3M acquires industrial software company for $500 million to bolster automation startup,3M,relevant,synthetic
Former Colgate-Palmolive district manager files racial discrimination complaint with EEOC,Colgate-Palmolive,irrelevant,synthetic
Morgan Stanley loses cloud services lead to Volkswagen amid pricing pressure,Morgan Stanley,relevant,synthetic
FedEx shares trade lower as investors rotate into defensives — no new company news,FedEx,irrelevant,synthetic
"In AT&T's WarnerMedia spinoff, a Hollywood outsider again learns a tough lesson",AT&T,relevant,gold_manual
"Citi upgrades Walt Disney to hold, raises estimates on guidance beat",Walt Disney,irrelevant,synthetic
McDonald's board approves new $3.0 billion share repurchase authorization,McDonald's,relevant,synthetic
Ralph Lauren acquires specialty skincare company in $2.5 billion deal expanding into specialty skincare company,Ralph Lauren,relevant,synthetic
Uber rolls out a new tips section to its banking app,Uber,irrelevant,synthetic
Bank of America introduces streaming platform in Eastern Europe market,Bank of America,irrelevant,synthetic
"Watch: Looters In Philadelphia Run Out Of Walmart With TVs, Electronics",Walmart,irrelevant,gold_manual
CVS Health workers in Boston rally to demand paid family leave expansion,CVS Health,irrelevant,synthetic
"Bank of America downgrades Goldman Sachs to buy, lowers estimates on weak guidance",Goldman Sachs,irrelevant,synthetic
Richard Jackson joins Merck as chief diversity officer,Merck,irrelevant,synthetic
Berkshire Hathaway employees protest mandatory overtime policy at headquarters,Berkshire Hathaway,irrelevant,synthetic
"Aflac finishes 2022 strong, has high hopes for 2023",Aflac,relevant,synthetic
Nike chief operating officer says trade tariffs is more complex than most policymakers appreciate,Nike,irrelevant,synthetic
Starbucks Barista Fired for Writing 'Pig' on Police Officers' Drinks,Starbucks,irrelevant,gold_manual
Citigroup enables new color themes to its enterprise dashboard,Citigroup,irrelevant,synthetic
Yum Brands customer service representative arrested in connection with unrelated drug charges in Seattle,Yum Brands,irrelevant,synthetic
Bank of America raises loan loss provisions to $8.3 billion citing rising consumer delinquencies,Bank of America,relevant,synthetic
Here's What Wall Street Expects From Goldman Sachs When It Reports Q3,Goldman Sachs,irrelevant,synthetic
eMarketer ranks Lowe's as the leading provider in online payments,Lowe's,irrelevant,synthetic
ESPN’s Apple TV app now lets you watch four games at once,Apple Inc.,irrelevant,gold_manual
Raytheon introduces in-app chat support to its customer app,Raytheon,irrelevant,synthetic
Salesforce stock rises to 52-week high following broader macro concerns,Salesforce,irrelevant,synthetic
Qualcomm faces $4M lawsuit over religious discrimination in scheduling,Qualcomm,irrelevant,synthetic
Home Depot denies wrongdoing in religious discrimination complaint filed by former executive,Home Depot,irrelevant,synthetic
Facebook Says Apple's Privacy Push Will Cost $10B (But Can't Stop It),Meta Platforms,relevant,gold_manual
"Tesla Motors: Surprise, Surprise?","Tesla, Inc.",irrelevant,gold_manual
Visa processing delays strand India travelers at US airports,Visa,irrelevant,synthetic
Former Nike customer files $15M suit over gender pay gap allegations,Nike,irrelevant,synthetic
Bank of America taps Barbara Jones for chief diversity officer role amid organizational changes,Bank of America,irrelevant,synthetic
What Do Consumers Buy The Most At Walmart? The Answer May Surprise You,Walmart,irrelevant,gold_manual
Kraft Heinz faces national origin discrimination lawsuit filed by group of loan officers,Kraft Heinz,irrelevant,synthetic
General Electric faces class-action lawsuit over alleged gender discrimination among branch tellers,General Electric,irrelevant,synthetic
"Baird trims Lowe's to outperform, says near-term catalysts are limited",Lowe's,irrelevant,synthetic
New Bernstein Research data shows Walt Disney gaining share in semiconductor manufacturing,Walt Disney,irrelevant,synthetic
Why is UPS stock extends its losing streak today? Here is what we know,UPS,irrelevant,synthetic
Report: Visa holds 27% market share in semiconductor manufacturing per Morgan Stanley Research,Visa,irrelevant,synthetic
"Christmas Eve Hours For Walmart, Target, Kohl’s, Best Buy And Other Stores Open Late",Walmart,irrelevant,gold_manual
Halliburton drops sponsorship of music festival following social media backlash,Halliburton,irrelevant,synthetic
McDonald's in deal to take over plant-based food startup for $5.1 billion,McDonald's,relevant,synthetic
Warner Bros. Discovery recognized on Fast Company's most innovative companies for workplace culture,Warner Bros. Discovery,irrelevant,synthetic
Colorado Suspect's Uncertain Immigration Status Highlights Visa 'Overstays',Visa Inc.,irrelevant,gold_manual
General Electric admits knowing about electric vehicle emissions control failure before public reports,General Electric,relevant,synthetic
Capital One Q2 operating income surges 21% on higher net interest income,Capital One,relevant,synthetic
Capital One board approves new $5.1 billion share repurchase authorization,Capital One,relevant,synthetic
"Halliburton to eliminate 3,000 positions as part of $1.8 billion cost reduction plan",Halliburton,relevant,synthetic
"Immigration Reform 2017: Trump To Restrict Refugee Access, Block Visas For Syria, 6 Other Countries Despite Potential Discrimination",Visa Inc.,irrelevant,gold_manual
"Russia denies visas to two U.S. senators, amid G7 tensions",Visa Inc.,irrelevant,gold_manual
"JPMorgan raises IBM to sell, raises estimates on guidance beat",IBM,irrelevant,synthetic
CSX faces social media campaign targeting executive compensation disclosures,CSX,irrelevant,synthetic
"Citigroup finishes 2025 strong, has high hopes for 2026",Citigroup,relevant,synthetic
FDA orders Apple to halt production at facility over contamination findings,Apple,relevant,synthetic
"Stellantis delivers record number of vehicles in Q3, falls short of expectations",Stellantis,relevant,synthetic
"Richard Jackson, Home Depot's likely next CEO, resigns following board dispute",Home Depot,relevant,synthetic
Coca-Cola faces $1.2 billion fine from FTC over misleading investors,Coca-Cola,relevant,synthetic
"Sources: Waste Management mulling a share buyback — no deal imminent, sources say",Waste Management,irrelevant,synthetic
Rumour: Could Halliburton be weighing a potential spinoff? Analysts are watching,Halliburton,irrelevant,synthetic
Poland threatens to restrict US visa access in retaliation,Visa,irrelevant,synthetic
"Citi cuts Raytheon to hold, says valuation stretched after recent rally",Raytheon,irrelevant,synthetic
JPMorgan Chase to acquire asset management firm for $18.5 billion in stock-and-cash transaction,JPMorgan Chase,relevant,synthetic
Morgan Stanley issues $8.3 billion in senior notes to fund capital expenditures,Morgan Stanley,relevant,synthetic
Johnson & Johnson raises full-year earnings guidance following stronger-than-expected drug sales,Johnson & Johnson,relevant,synthetic
Under Armour faces new pay discrimination lawsuit from former employee in Washington court,Under Armour,irrelevant,synthetic
Group of former Norfolk Southern retail associates alleges disability discrimination in federal class-action,Norfolk Southern,irrelevant,synthetic
"Costco joint venture seen as competitive threat to T-Mobile, analyst says",T-Mobile,irrelevant,synthetic
Student visa rules tighten as universities face scrutiny,Visa,irrelevant,synthetic
Travelers chairman says global trade requires coordinated global action to address effectively,Travelers,irrelevant,synthetic
"Bernstein trims Pfizer to equal weight, flags margin pressure ahead",Pfizer,irrelevant,synthetic
Group of former Halliburton human resources managers alleges pregnancy discrimination in federal class-action,Halliburton,irrelevant,synthetic
Paramount Global says full-year revenue will fall short of prior guidance by 31%,Paramount Global,relevant,synthetic
Honeywell rolls out personalized feed in France ahead of broader rollout,Honeywell,irrelevant,synthetic
"Amazon partnership seen as competitive threat to Oracle, analyst says",Oracle,irrelevant,synthetic
"UnitedHealth weighing options to expand into Japan market, sources say",UnitedHealth,irrelevant,synthetic
"Goldman Sachs announces 7,000 corporate layoffs, shares fall on restructuring news",Goldman Sachs,relevant,synthetic
AbbVie extends cloud dashboard trial to Poland and Japan,AbbVie,irrelevant,synthetic
Bernstein Research ranks Visa as the leading provider in smartphone sales,Visa,irrelevant,synthetic
Ralph Lauren retail associate arrested after incident caught on security camera in Boston,Ralph Lauren,irrelevant,synthetic
City council debates naming rights deal for stadium near Morgan Stanley offices,Morgan Stanley,irrelevant,synthetic
Student visa subpoenas alarm Sweden universities,Visa,irrelevant,synthetic
Warner Bros. Discovery customer service representative faces restraining order filed by former coworker in Atlanta,Warner Bros. Discovery,irrelevant,synthetic
Disney delivers solid close to 2020 as revenue beats the Street,Disney,relevant,synthetic
Waste Management chief executive says deficit spending is more complex than most policymakers appreciate,Waste Management,irrelevant,synthetic
FDA orders ConocoPhillips to halt production at facility over contamination findings,ConocoPhillips,relevant,synthetic
ConocoPhillips tests real-time tracking in Nashville starting this month,ConocoPhillips,irrelevant,synthetic
Robinhood launches tokenized fund on blockchain for institutional investors,Robinhood,relevant,synthetic
EXCLUSIVE: DHS Refuses To Investigate Top Official Who Fast-Tracked Visas For Hillary’s Brother,Visa Inc.,irrelevant,gold_manual
Airbnb faces $3M lawsuit over racial discrimination in promotion decisions,Airbnb,irrelevant,synthetic
Under Armour raises quarterly dividend 14% to $1.10 per share,Under Armour,relevant,synthetic
Verizon earns top score on Barron's most sustainable companies,Verizon,irrelevant,synthetic
Ford to spin off its commercial vehicle division as a standalone publicly traded company,Ford,relevant,synthetic
Lowe's board approves new $1.8 billion share repurchase authorization,Lowe's,relevant,synthetic
"Comcast delivers Q3 beat, guides higher for the year",Comcast,relevant,synthetic
Former General Motors former general counsel appointed to advisory board of a fintech startup,General Motors,irrelevant,synthetic
"Allstate loses environmental violations case, ordered to pay $380 million in penalties",Allstate,relevant,synthetic
Progressive ranks among Forbes' list of best employers for the third consecutive year,Progressive,irrelevant,synthetic
Waste Management's growth is reshaping how the brick-and-mortar retail industry operates,Waste Management,irrelevant,synthetic
Dollar General CEO says supply chain resilience is something all companies need to take seriously,Dollar General,irrelevant,synthetic
We talked to the execs behind Bloomberg's new data partnership with Goldman Sachs. Here's why they think it's a sign of Wall Street's future.,Goldman Sachs,relevant,gold_manual
City council debates naming rights deal for stadium near Chipotle offices,Chipotle,irrelevant,synthetic
Chevron chief executive says the housing market demands a thoughtful policy response from legislators,Chevron,irrelevant,synthetic
CVS Health factory worker charged with assault following workplace altercation in Dallas,CVS Health,irrelevant,synthetic
Charles Schwab updates new color themes to its developer portal,Charles Schwab,irrelevant,synthetic
Why is Deere & Company stock rises to 52-week high today? Here is what we know,Deere & Company,irrelevant,synthetic
Warren Buffett’s Berkshire Isn’t Getting the Love for Its Apple Stake,Berkshire Hathaway,relevant,gold_manual
"WWDC 2019: Apple says goodbye to iTunes, hello to iOS 13",Apple Inc.,relevant,gold_manual
Emily Brown joins Schlumberger as chief of staff to the CEO,Schlumberger,irrelevant,synthetic
Consumer guide: Bank of America laptops ranked and reviewed,Bank of America,irrelevant,synthetic
UPS fills chief diversity officer role with internal promotion of Michael Harris,UPS,irrelevant,synthetic
Boeing Foundation awards $20K grant to local disaster response nonprofit,Boeing,irrelevant,synthetic
Microsoft just introduced an ambitious subscription plan that makes the Xbox the best deal in gaming,Microsoft,relevant,gold_manual
"Nike divestiture seen as competitive threat to Costco, analyst says",Costco,irrelevant,synthetic
JPMorgan flags Waste Management as a potential bidder that chose not to participate in note on Bank of America joint venture,Waste Management,irrelevant,synthetic
McDonald's CFO scheduled to appear at the Aspen Ideas Festival investor day,McDonald's,irrelevant,synthetic
New documentary examines working conditions at Pfizer suppliers overseas,Pfizer,irrelevant,synthetic
AbbVie doubles disaster response funding to $2 million for 2018,AbbVie,irrelevant,synthetic
Colgate-Palmolive ordered by CFPB to pay $250 million over price-fixing conspiracy,Colgate-Palmolive,relevant,synthetic
Wells Fargo adds improved load times to its online store,Wells Fargo,irrelevant,synthetic
Chevron threat prompts hotel industry to lobby for protection,Chevron,irrelevant,synthetic
"Apple Music Invites You to Chill to Muzak-y Versions of Songs From UMG Artists Including Katy Perry, Kacey Musgraves",Apple Inc.,irrelevant,gold_manual
RBC Capital Markets flags Walmart as a potential bidder that chose not to participate in note on UPS acquisition,Walmart,irrelevant,synthetic
Comcast faces social media campaign targeting marketing to minors allegations,Comcast,irrelevant,synthetic
Emerson Electric to pay $20 million in connection with an outdated record-keeping practice investigation,Emerson Electric,irrelevant,synthetic
"An H1-B Visa Will Soon Cost $100,000 Because Of Trump, Report Says",Visa Inc.,irrelevant,gold_manual
"JPMorgan Chase merger seen as competitive threat to Republic Services, analyst says",Republic Services,irrelevant,synthetic
Honeywell faces national origin discrimination lawsuit filed by group of former employees,Honeywell,irrelevant,synthetic
Home Depot logistics coordinator charged with running fraud scheme at local branch in Houston,Home Depot,irrelevant,synthetic
Costco issues $1.8 billion in senior notes to fund strategic acquisitions,Costco,relevant,synthetic
Deere & Company cuts full-year guidance citing supply chain disruptions,Deere & Company,relevant,synthetic
Dow former chief marketing officer joins a non-profit board as its new chief executive,Dow,irrelevant,synthetic
Ralph Lauren ends partnership with celebrity spokesperson after community backlash,Ralph Lauren,irrelevant,synthetic
Starbucks faces criticism from advocacy groups over data privacy practices,Starbucks,irrelevant,synthetic
McDonald's CEO to deliver keynote at the MIT Sloan Management Conference,McDonald's,irrelevant,synthetic
AT&T factory worker charged with harassment following complaint by coworker in Denver,AT&T,irrelevant,synthetic
The Lyft Foundation Increases veterans support Commitment To $7 Million,Lyft,irrelevant,synthetic
"Chevron loses consumer protection violations case, ordered to pay $250 million in penalties",Chevron,relevant,synthetic
"Salesforce powers through 2016 on cost discipline, eyes 2017 recovery",Salesforce,relevant,synthetic
"Bank of America downgrades CSX to hold, lowers estimates on weak guidance",CSX,irrelevant,synthetic
Charles Schwab founder concedes new SUV fell short of safety standards,Charles Schwab,relevant,synthetic
General Motors workers vote to ratify new labor agreement at its largest facility,General Motors,relevant,synthetic
BRIEF-Broadcom: Maslowski's employment with the company has been terminated,Broadcom,relevant,gold_manual
Colgate-Palmolive workers vote to ratify new labor agreement at key distribution center,Colgate-Palmolive,relevant,synthetic
Allstate activist investor discloses $1.2 billion stake pushes for margin improvement,Allstate,relevant,synthetic
Nike will run a Colin Kaepernick ad during the NFL season opener,"Nike, Inc.",irrelevant,gold_manual
McDonald's fined $35 million by FTC over a minor consumer notification requirement,McDonald's,irrelevant,synthetic
BlackRock Q3 earnings of $3.78 per share surpasses consensus,BlackRock,relevant,synthetic
Former Walmart customer service representative files age discrimination complaint with EEOC,Walmart,irrelevant,synthetic
UBS flags Boeing as a likely target in a broader sector consolidation in note on Starbucks partnership,Boeing,irrelevant,synthetic
Vanguard mulls France market entry as growth strategy,Vanguard,irrelevant,synthetic
Chevron executive to speak at the Allen & Company Sun Valley conference on the future of AI,Chevron,irrelevant,synthetic
T-Mobile enables a new tips section to its customer app,T-Mobile,irrelevant,synthetic
Tesla employees sign open letter opposing changes to remote work flexibility,Tesla,irrelevant,synthetic
"UBS boosts ExxonMobil to neutral, points to improving competitive position",ExxonMobil,irrelevant,synthetic
Costco takes 3% stake in Walmart worth $200M,Costco,relevant,synthetic
Canada wants concrete date for EU visa liberalization,Visa,irrelevant,synthetic
"Woman With Concealed-Carry License Shoots at Home Depot Shoplifters, May Not Face Charges",Home Depot (The),irrelevant,gold_manual
DuPont agrees to sell non-core assets for $3.4 billion to strategic acquirer,DuPont,relevant,synthetic
"Meta's acquisition deal raises questions about IBM's position, per Barclays",IBM,irrelevant,synthetic
Bernstein Research estimates Mastercard controls 18% of the ride-sharing market,Mastercard,irrelevant,synthetic
"Morgan Stanley raises Eli Lilly to underperform, sees multiple expansion ahead",Eli Lilly,irrelevant,synthetic
taxi players pivot as Uber disrupts market with new digital wallet,Uber,irrelevant,synthetic
Accenture former chief operating officer departs to become partner at a consulting firm,Accenture,irrelevant,synthetic
Report: CSX considering a headquarters relocation — company declines to comment,CSX,irrelevant,synthetic
Delta Air Lines names Michael White to lead head of global partnerships function,Delta Air Lines,irrelevant,synthetic
Pfizer announces $14.0 billion share buyback program,Pfizer,relevant,synthetic
Capital One acquires asset management firm in $1.2 billion deal expanding into asset management firm,Capital One,relevant,synthetic
"Stifel downgrades BlackRock to neutral, lowers estimates on weak guidance",BlackRock,irrelevant,synthetic
Allstate faces criticism from advocacy groups over marketing to minors allegations,Allstate,irrelevant,synthetic
Norfolk Southern unveils three-year plan to cut costs by $0.8 billion,Norfolk Southern,relevant,synthetic
Nike settles sexual harassment complaint filed by former engineer for undisclosed amount,Nike,irrelevant,synthetic
Atlanta officials celebrate as Chevron selects site for new data center,Chevron,irrelevant,synthetic
Meet France's answer to UPS — and why it's growing fast,UPS,irrelevant,synthetic
Home Depot executive to speak at the Goldman Sachs Communacopia conference on climate change and business,Home Depot,irrelevant,synthetic
T-Mobile refreshes improved load times to its employee portal,T-Mobile,irrelevant,synthetic
Amazon employees stage walkout over healthcare benefit reductions,Amazon,irrelevant,synthetic
EU visa-free travel for Sweden under review after border incidents,Visa,irrelevant,synthetic
Former Halliburton former chief revenue officer named to lead a hedge fund,Halliburton,irrelevant,synthetic
Procter & Gamble employees sign open letter opposing employee monitoring rollout,Procter & Gamble,irrelevant,synthetic
"Jordan Spieth wins Tour Championship, FedEx Cup title and £7.5m",FedEx,irrelevant,gold_manual
Delta Air Lines loses COO seen as succession frontrunner to rival firm,Delta Air Lines,relevant,synthetic
Nvidia acquires cloud infrastructure company in $3.4 billion deal expanding into enterprise software company,Nvidia,relevant,synthetic
travel agency players pivot as Walgreens disrupts market with new consumer app,Walgreens,irrelevant,synthetic
City council debates naming rights deal for stadium near Lockheed Martin offices,Lockheed Martin,irrelevant,synthetic
DuPont warehouse worker arrested for alleged theft from delivery route in Los Angeles,DuPont,irrelevant,synthetic
Progressive co-founder says trade tariffs requires urgent attention from elected officials,Progressive,irrelevant,synthetic
Honeywell updates simplified navigation menu to its retail website,Honeywell,irrelevant,synthetic
Warner Bros. Discovery refreshes improved load times to its banking app,Warner Bros. Discovery,irrelevant,synthetic
Visiongain Publishes Top 20 Connected Aircraft Companies 2020 Report,AT&T,irrelevant,gold_manual
"Piper Sandler upgrades Chipotle to buy, raises estimates on guidance beat",Chipotle,irrelevant,synthetic
Waste Management raises full-year guidance after Q4 beat on improved operational efficiency,Waste Management,relevant,synthetic
Rumour: Could Caterpillar be looking at entering the electric vehicle market? Analysts are watching,Caterpillar,irrelevant,synthetic
"Jefferies downgrades Coca-Cola to overweight, sees limited upside from current levels",Coca-Cola,irrelevant,synthetic
Colgate-Palmolive earns top score on Barron's most sustainable companies,Colgate-Palmolive,irrelevant,synthetic
Booking Holdings nights booked rise 18% as international travel demand surges,Booking Holdings,relevant,synthetic
John Moore once seen as possible 3M CEO successor now out at company,3M,relevant,synthetic
Ford faces $1.8 billion fine from SEC over market manipulation,Ford,relevant,synthetic
Kimberly-Clark releases new color themes to its customer portal,Kimberly-Clark,irrelevant,synthetic
"Baird trims General Electric to buy, warns of elevated inventory",General Electric,irrelevant,synthetic
Ahead of Goldman Sachs's Q4 Report: Consensus Estimates and Risks,Goldman Sachs,irrelevant,synthetic
"Alphabet reaches tentative contract deal with union representing 4,000 workers",Alphabet,relevant,synthetic
Rumour: Could Nike be in early discussions about a joint venture? Analysts are watching,Nike,irrelevant,synthetic
Intel workforce reduced by 1000 as restructuring accelerates,Intel,relevant,synthetic
Dow chief executive says the labor market is a concern shared by businesses of all sizes,Dow,irrelevant,synthetic
"Bank of America boosts IBM to overweight, cites strong earnings visibility",IBM,irrelevant,synthetic
Booking Holdings former president leaves to join a rival startup in senior role,Booking Holdings,irrelevant,synthetic
Berkshire Hathaway raises quarterly dividend 7% to $1.10 per share,Berkshire Hathaway,relevant,synthetic
General Electric updates a new password manager to its loyalty app,General Electric,irrelevant,synthetic
Eli Lilly ends partnership with podcast host after controversial comments online,Eli Lilly,irrelevant,synthetic
"Colgate-Palmolive delivers Q2 beat, guides higher for the year",Colgate-Palmolive,relevant,synthetic
Caterpillar pulls advertising from streaming service following content moderation controversy,Caterpillar,irrelevant,synthetic
Netherlands nationals face new biometric visa requirements,Visa,irrelevant,synthetic
Sources: Eli Lilly close to finalising acquisition of biotech startup for $22.0 billion,Eli Lilly,relevant,synthetic
Deere & Company sets aside $0.8 billion to cover costs of precision tools company product recall,Deere & Company,relevant,synthetic
Ford CEO named to Barron's most sustainable companies,Ford,irrelevant,synthetic
UPS chairman says trade tariffs will have long-lasting effects on the broader economy,UPS,irrelevant,synthetic
"TD Cowen trims Target to neutral, sees limited upside from current levels",Target,irrelevant,synthetic
Booking Holdings Field hosts record crowd for playoff game,Booking Holdings,irrelevant,synthetic
Frequent NSA collaborator AT&T is backing Apple in its fight against the FBI,AT&T,relevant,gold_manual
General Electric recognized on Time's 100 most influential companies for workplace culture,General Electric,irrelevant,synthetic
Apple chief operating officer says the labor market is a concern shared by businesses of all sizes,Apple,irrelevant,synthetic
Raytheon store manager charged with assault following workplace altercation in Houston,Raytheon,irrelevant,synthetic
Verizon enables accessibility improvements to its streaming platform,Verizon,irrelevant,synthetic
3M in deal to take over automation startup for $5.1 billion,3M,relevant,synthetic
IBM says full-year revenue will fall short of prior guidance by 42%,IBM,relevant,synthetic
Under Armour divests footwear division in $8.3 billion deal as part of strategic review,Under Armour,relevant,synthetic
$5M lawsuit alleges Cisco racial discrimination in promotion decisions,Cisco,irrelevant,synthetic
Capital One ordered by state attorneys general to pay $215 million over consumer protection violations,Capital One,relevant,synthetic
Amazon Sales: One-Day Discount Code Announced As 'Thank You' To Customers,Amazon,irrelevant,gold_manual
Prosecutors: South Carolina man killed Uber rider in 2019,Uber,irrelevant,gold_manual
ServiceNow in deal to take over developer tools company for $18.5 billion,ServiceNow,relevant,synthetic
Apple tops the Street on both revenue and earnings in Q1,Apple,relevant,synthetic
UnitedHealth recognized on Forbes' list of best employers for workplace culture,UnitedHealth,irrelevant,synthetic
Halliburton CEO to deliver keynote at the Goldman Sachs Communacopia conference,Halliburton,irrelevant,synthetic
Booking Holdings raises full-year guidance after Q3 beat on strong international travel volumes,Booking Holdings,relevant,synthetic
UK threatens to restrict US visa access in retaliation,Visa,irrelevant,synthetic
"JPMorgan cuts Republic Services to underperform, sees limited upside from current levels",Republic Services,irrelevant,synthetic
General Motors announces plan to separate into two independent publicly traded companies,General Motors,relevant,synthetic
Nike releases a progress tracker to its mobile app,Nike,irrelevant,synthetic
"Halliburton reaches tentative contract deal with union representing 2,500 workers",Halliburton,relevant,synthetic
Walmart former general counsel joins a private equity firm as its new chief executive,Walmart,irrelevant,synthetic
Tesla Q2 gross margin contracts to 11.2% on improving EV production efficiency,Tesla,relevant,synthetic
PepsiCo faces criticism from advocacy groups over ingredient sourcing policies,PepsiCo,irrelevant,synthetic
BlackRock customer service representative faces personal lawsuit unrelated to company activities in Los Angeles,BlackRock,irrelevant,synthetic
"Fore! Here Comes Tony Romo, The Golfer, Again.",AT&T,irrelevant,gold_manual
Halliburton CEO named to Fast Company's most innovative companies,Halliburton,irrelevant,synthetic
"Meta cloud revenue grows 4% year-over-year, misses analyst estimates",Meta,relevant,synthetic
"Halliburton reports Q2 revenue of $2.5 billion, falls short of expectations on higher oil prices",Halliburton,relevant,synthetic
Kraft Heinz studying options for restructuring tech division,Kraft Heinz,irrelevant,synthetic
Wells Fargo profit tops estimates as management lifts 2022 outlook,Wells Fargo,relevant,synthetic
Is Honeywell's latest sneakers worth buying? A consumer review,Honeywell,irrelevant,synthetic
Dollar General named to LinkedIn's top companies to work for for the second straight year,Dollar General,irrelevant,synthetic
$25M lawsuit alleges Goldman Sachs age discrimination among warehouse workers,Goldman Sachs,irrelevant,synthetic
Visa processing delays strand South Korea travelers at US airports,Visa,irrelevant,synthetic
Visa workers circulate petition calling for remote work flexibility,Visa,irrelevant,synthetic
Uber CFO says tax policy is something all companies need to take seriously,Uber,irrelevant,synthetic
"Bloomberg: CSX considering selling its media division, though talks are preliminary",CSX,irrelevant,synthetic
McDonald's announces $2.1 billion share buyback program,McDonald's,relevant,synthetic
Buffett's pay rises; Berkshire urges rejection of shareholder proposals,Berkshire Hathaway,relevant,gold_manual
Nvidia Shield (2019) review,Nvidia,irrelevant,gold_manual
Chipotle marketing manager cited for personal safety violation in New York,Chipotle,irrelevant,synthetic
Official who leaked Cohen's financial records did so out of alarm over missing documents,AT&T,irrelevant,gold_manual
"Warner Bros. Discovery CEO resigns amid strategic disagreements, board appoints industry veteran",Warner Bros. Discovery,relevant,synthetic
Person widely expected to lead FedEx departs in surprise move,FedEx,relevant,synthetic
Accenture financial advisor arrested for allegedly cashing fraudulent checks in Chicago,Accenture,irrelevant,synthetic
Pfizer activist investor discloses $22.0 billion stake pushes for margin improvement,Pfizer,relevant,synthetic
Capital One employees protest healthcare benefit reductions at headquarters,Capital One,irrelevant,synthetic
Verizon CEO says healthcare costs will have long-lasting effects on the broader economy,Verizon,irrelevant,synthetic
Former Norfolk Southern former general counsel appointed to advisory board of a healthcare company,Norfolk Southern,irrelevant,synthetic
Meta credit rating affirmed with stable outlook by Fitch citing progress on cost reduction,Meta,relevant,synthetic
Report: Starbucks holds 31% market share in search advertising per Bernstein Research,Starbucks,irrelevant,synthetic
Starbucks racial discrimination in promotion decisions lawsuit alleges violation of consumer protection law,Starbucks,irrelevant,synthetic
Sources: Netflix weighing a spinoff but no decision expected soon,Netflix,irrelevant,synthetic
Deere & Company Q3 gross margin contracts to 24.7% on strong construction equipment demand,Deere & Company,relevant,synthetic
Kimberly-Clark cited as top player in ride-sharing by Gartner industry survey,Kimberly-Clark,irrelevant,synthetic
Nvidia agrees to $18 million penalty over a minor data handling violation,Nvidia,irrelevant,synthetic
CVS Health unveils three-year plan to cut costs by $14.0 billion,CVS Health,relevant,synthetic
General Electric employees stage walkout over employee monitoring rollout,General Electric,irrelevant,synthetic
Daily Report: Alphabet Eclipses Apple to Become the Most Valuable Company,Apple Inc.,irrelevant,gold_manual
Visa agrees to sell wealth management division for $18.5 billion to consortium of investors,Visa,relevant,synthetic
Progressive's charitable arm commits to $2M community resilience pledge,Progressive,irrelevant,synthetic
"AT&T, Wells Fargo fall; Fastenal, Bank of New York Mellon rise, Friday, 7/12/2024",AT&T,irrelevant,gold_manual
Progressive's investment in Boeing signals strategic interest in cloud computing,Progressive,relevant,synthetic
Paramount Global pays $8 million to settle a minor fair lending violation complaint with EPA,Paramount Global,irrelevant,synthetic
McDonald's raises quarterly dividend 17% to $1.25 per share,McDonald's,relevant,synthetic
Florida gains economic boost as Citigroup expands operations,Citigroup,irrelevant,synthetic
"Boeing CEO steps down after 8 years, board launches external search",Boeing,relevant,synthetic
Report: ConocoPhillips holds 34% market share in semiconductor manufacturing per Forrester,ConocoPhillips,irrelevant,synthetic
Pfizer staff react with shock as 2000 colleagues receive pink slips,Pfizer,relevant,synthetic
Yum Brands to acquire plant-based food startup for $1.2 billion in stock-and-cash transaction,Yum Brands,relevant,synthetic
General Motors debuts loyalty rewards program in West Africa in bid to gain local users,General Motors,irrelevant,synthetic
Alphabet logistics coordinator faces personal lawsuit unrelated to company activities in Los Angeles,Alphabet,irrelevant,synthetic
"Wells Fargo trims Dow to overweight, sees limited upside from current levels",Dow,irrelevant,synthetic
Lawsuit: Wells Fargo Put Family in Victim Protection at Risk,Wells Fargo,irrelevant,gold_manual
"Starbucks global same-store sales rise 42% in Q2, falls short of expectations",Starbucks,relevant,synthetic
"Elon Musk says Tesla will pay you $1,000 to get someone else to buy a Tesla","Tesla, Inc.",irrelevant,gold_manual
Walgreens Continues To Leverage Real Estate With New FedEx Deal,FedEx,irrelevant,gold_manual
Walt Disney raises quarterly dividend 47% to $0.62 per share,Walt Disney,relevant,synthetic
Bank of America human resources manager sued by customer over personal conduct during shift in Los Angeles,Bank of America,irrelevant,synthetic
cable firms face existential crisis as Johnson & Johnson expands to new cities,Johnson & Johnson,irrelevant,synthetic
JPMorgan Chase pays $45 million to settle an advertising standards complaint complaint with local labor board,JPMorgan Chase,irrelevant,synthetic
Bank of America raises quarterly dividend 7% to $0.45 per share,Bank of America,relevant,synthetic
Microsoft to eliminate 800 positions as part of $1.8 billion cost reduction plan,Microsoft,relevant,synthetic
"Morgan Stanley CFO announces retirement, company names Wall Street veteran as replacement",Morgan Stanley,relevant,synthetic
ExxonMobil chief executive says the labor market is top of mind for executives across every industry,ExxonMobil,irrelevant,synthetic
His son was killed by the Mexican cartel. This father was faced with the decision: Move or die,Visa Inc.,irrelevant,gold_manual
Bank of America financial advisor suspended following investigation into personal conduct in Minneapolis,Bank of America,irrelevant,synthetic
JPMorgan Chase CEO named to Fortune's most admired companies list,JPMorgan Chase,irrelevant,synthetic
Yum Brands announces $2.1 billion share buyback program,Yum Brands,relevant,synthetic
Eli Lilly Earnings: 6 Things Investors Should Monitor,Eli Lilly,irrelevant,synthetic
Visa to acquire insurance company for $14.0 billion in stock-and-cash transaction,Visa,relevant,synthetic
Stellantis rolls out dark mode to its mobile app,Stellantis,irrelevant,synthetic
Allstate shares trade lower as the S&P 500 drops — no new company news,Allstate,irrelevant,synthetic
"Top executives from Frito-Lay, BMW, and Deloitte at Salesforce's Dreamforce conference shared the 9 books that shaped their success",Salesforce,irrelevant,gold_manual
'UnitedHealth has changed': employees describe fallout from 2000 job cuts,UnitedHealth,relevant,synthetic
Aflac CEO says the housing market is the biggest challenge facing businesses today,Aflac,irrelevant,synthetic
Boeing agrees to $500 million settlement with state attorneys general over misleading investors,Boeing,relevant,synthetic
Aflac posts better-than-expected Q3 results as record policy count growth,Aflac,relevant,synthetic
Black Friday: the best Merck running shoes deals you can get right now,Merck,irrelevant,synthetic
"Barclays boosts Northrop Grumman to equal weight, calls recent dip a buying opportunity",Northrop Grumman,irrelevant,synthetic
Lowe's workforce reduced by 2000 as restructuring accelerates,Lowe's,relevant,synthetic
MetLife workers say morale has collapsed following 500-person reduction,MetLife,relevant,synthetic
Eli Lilly issues $1.8 billion in senior notes to finance share buyback program,Eli Lilly,relevant,synthetic
UnitedHealth chairman says cryptocurrency regulation is moving in the right direction but more work remains,UnitedHealth,irrelevant,synthetic
PepsiCo announces plan to separate into two independent publicly traded companies,PepsiCo,relevant,synthetic
McDonald's discloses FTC subpoena related to mortgage servicing failures,McDonald's,relevant,synthetic
Coca-Cola refreshes fingerprint login to its developer portal,Coca-Cola,irrelevant,synthetic
Save an extra 15% on a Dell Inspiron 5000 laptop and get a $100 Visa promo card for free,Visa Inc.,irrelevant,gold_manual
JPMorgan Chase wealth management division surpasses $8.3 trillion in client assets,JPMorgan Chase,relevant,synthetic
Wells Fargo issues $1.8 billion in senior notes to refinance maturing debt,Wells Fargo,relevant,synthetic
"Facebook parent Meta Platforms’ head of communications leaves, creating damage-control void",Meta Platforms,irrelevant,gold_manual
"Wells Fargo to eliminate 10,000 positions as part of $2.5 billion cost reduction plan",Wells Fargo,relevant,synthetic
"James Anderson leaves T-Mobile, ending speculation about CEO succession",T-Mobile,relevant,synthetic
"Barclays boosts Ford to underperform, calls recent dip a buying opportunity",Ford,irrelevant,synthetic
"Virtualization: Security's Silver Bullet. Bromium, Microsoft, VMware Show The Way",Microsoft,irrelevant,gold_manual
Booking Holdings enables two-factor authentication prompts to its mobile app,Booking Holdings,irrelevant,synthetic
Mondelez employees told to clear desks as 900 roles axed in restructuring,Mondelez,relevant,synthetic
Dollar General CEO says data privacy law is something all companies need to take seriously,Dollar General,irrelevant,synthetic
"Netflix's Grand, Daring, Maybe Crazy Plan to Conquer the World",Netflix,irrelevant,gold_manual
"Barbara Anderson leaves Deere & Company, ending speculation about CEO succession",Deere & Company,relevant,synthetic
Insiders at Lyft describe chaos as 3000 jobs cut without warning,Lyft,relevant,synthetic
Colgate-Palmolive CEO to deliver keynote at the Milken Institute Global Conference,Colgate-Palmolive,irrelevant,synthetic
"Bank of America recalls 1,600 thousand units over safety defect, faces $500 million repair bill",Bank of America,relevant,synthetic
South Korea threatens to restrict US visa access in retaliation,Visa,irrelevant,synthetic
IBM Field hosts record crowd for playoff game,IBM,irrelevant,synthetic
Visa to pay $8 million in connection with a disclosure timing issue investigation,Visa,irrelevant,synthetic
UnitedHealth surges after AT&T discloses 5% ownership position,AT&T,relevant,synthetic
Citigroup coin: Citigroup's new digital currency explained,Citigroup,relevant,synthetic
"Evercore ISI boosts Kraft Heinz to underperform, sees accelerating revenue growth",Kraft Heinz,irrelevant,synthetic
"General Motors Chevrolet Buick Recall 2015: Is Your Car Affected? How To Check Model, Year To See If You're One Of 6.5M Recalled",General Motors,relevant,gold_manual
Binance Card Holders Brace for Impact as Mastercard and Visa Reassess Ties,Visa Inc.,relevant,gold_manual
"UBS downgrades Morgan Stanley to overweight, lowers price target on earnings miss",Morgan Stanley,irrelevant,synthetic
Report: Starbucks considering a headquarters relocation — company declines to comment,Starbucks,irrelevant,synthetic
Chevron names Emily Johnson to lead head of sustainability function,Chevron,irrelevant,synthetic
Chipotle former chief technology officer departs to become partner at a healthcare company,Chipotle,irrelevant,synthetic
FedEx human resources manager sued by customer over personal conduct during shift in Dallas,FedEx,irrelevant,synthetic
Ford CEO Outlines Plans To Compete With Ride-Hailing Services,Ford Motor Company,relevant,gold_manual
Deere & Company rolls out location-based alerts to its loyalty app,Deere & Company,irrelevant,synthetic
"Netflix sued by a consumer advocacy group over sexual harassment in sales division, $4M claimed",Netflix,irrelevant,synthetic
Dollar General Q3 gross margin expands to 27.2% on improving inventory management,Dollar General,relevant,synthetic
Mondelez Earnings: 4 Things Investors Should Monitor,Mondelez,irrelevant,synthetic
Halliburton cuts full-year guidance citing reduced capital expenditure from customers,Halliburton,relevant,synthetic
Lowe's chief executive says banking regulation demands a thoughtful policy response from legislators,Lowe's,irrelevant,synthetic
FedEx rolls out a new password manager to its retail website,FedEx,irrelevant,synthetic
Meta to spin off its enterprise software arm as a standalone publicly traded company,Meta,relevant,synthetic
Walmart's ‘Beautiful’ and 'Sturdy' $110 Floor Lamp Is on Sale for Just $38,Walmart,irrelevant,gold_manual
New documentary examines working conditions at Meta suppliers overseas,Meta,irrelevant,synthetic
landline phone players pivot as Visa disrupts market with new cloud dashboard,Visa,irrelevant,synthetic
Uber cuts full-year guidance citing regulatory headwinds in key markets,Uber,relevant,synthetic
Capital One faces class-action lawsuit over alleged disability discrimination among factory workers,Capital One,irrelevant,synthetic
UPS delivers solid close to 2019 as margins beats the Street,UPS,relevant,synthetic
Boeing extends consumer app trial to Indonesia and Poland,Boeing,irrelevant,synthetic
Microsoft enables accessibility improvements to its website,Microsoft,irrelevant,synthetic
Fedex Expects Fewer Packages During Holiday Season,FedEx,relevant,gold_manual
Paramount Global CEO to deliver keynote at the Allen & Company Sun Valley conference,Paramount Global,irrelevant,synthetic
American Express files patent for blockchain-based payment rail,American Express,relevant,synthetic
Chipotle rolls out a progress tracker to its retail website,Chipotle,irrelevant,synthetic
BlackRock enables a redesigned home screen to its mobile app,BlackRock,irrelevant,synthetic
"Game of Thrones' Season Premiere Leak Helps Gamblers, Bookie Takes Bath",AT&T,irrelevant,gold_manual
Tesla’s Musk Is Overpromising Again On Self-Driving Cars,"Tesla, Inc.",irrelevant,gold_manual
Waste Management faces new disability discrimination lawsuit from former engineer in Ohio court,Waste Management,irrelevant,synthetic
"Oppenheimer lifts ServiceNow to overweight, says near-term headwinds are priced in",ServiceNow,irrelevant,synthetic
"Evercore ISI raises Accenture to equal weight, calls recent dip a buying opportunity",Accenture,irrelevant,synthetic
"Bloomberg: Chevron exploring a buyout of a rival, though talks are preliminary",Chevron,irrelevant,synthetic
"Deutsche Bank upgrades Uber to equal weight, cites market share gains",Uber,irrelevant,synthetic
Kraft Heinz earns top score on Barron's most sustainable companies,Kraft Heinz,irrelevant,synthetic
Coca-Cola updates a new password manager to its website,Coca-Cola,irrelevant,synthetic
PepsiCo Q2 gross margin widens to 29.8% on strong same-store sales growth,PepsiCo,relevant,synthetic
Mastercard employees blindsided as company announces 5000 more layoffs,Mastercard,relevant,synthetic
Tourist spots near Airbnb campus rank among best in the area,Airbnb,irrelevant,synthetic
Procter & Gamble shares trade lower amid risk-off sentiment — no new company news,Procter & Gamble,irrelevant,synthetic
Meta's growth is reshaping how the video rental industry operates,Meta,irrelevant,synthetic
Nike employees stage walkout over return-to-office mandate,Nike,irrelevant,synthetic
An Uber Eats Delivery Guy Sent This Woman A Smart Ass Response And People Are Losing It,Uber,irrelevant,gold_manual
Nike chief operating officer says inflation is a concern shared by businesses of all sizes,Nike,irrelevant,synthetic
Capital One faces consumer boycott over price increase practices,Capital One,irrelevant,synthetic
Amazon pledges $7 million to food security initiative,Amazon,irrelevant,synthetic
"Batgirl,' David Zaslav and the End of Streaming Evangelism in Hollywood (Column)",AT&T,irrelevant,gold_manual
UPS employees stage walkout over mandatory overtime policy,UPS,irrelevant,synthetic
"Barclays lifts FedEx to equal weight, cites market share gains",FedEx,irrelevant,synthetic
New documentary examines working conditions at BlackRock suppliers overseas,BlackRock,irrelevant,synthetic
Protests outside Dow headquarters over unrelated political issue,Dow,irrelevant,synthetic
"Visa issues profit warning, slashes guidance citing elevated credit card delinquencies",Visa,relevant,synthetic
"Needham cuts Accenture to outperform, flags deteriorating pricing power",Accenture,irrelevant,synthetic
Under Armour agrees to sell grooming unit for $8.3 billion to consortium of investors,Under Armour,relevant,synthetic
Ford wraps up 2017 with a bang as gross profit surges,Ford,relevant,synthetic
Walmart 13F filing reveals new 10% position in PepsiCo,Walmart,relevant,synthetic
"AbbVie reaches landmark new agreement with union representing 2,500 workers",AbbVie,relevant,synthetic
Charles Schwab's new logistics hub in Cincinnati to employ 500 by 2017,Charles Schwab,irrelevant,synthetic
Yum Brands faces class-action lawsuit over alleged disability discrimination among delivery drivers,Yum Brands,irrelevant,synthetic
Home Depot drops sponsorship of music festival following social media backlash,Home Depot,irrelevant,synthetic
CVS Health pulls advertising from news outlet following content moderation controversy,CVS Health,irrelevant,synthetic
Bank of America Foundation awards $2K grant to local workforce development nonprofit,Bank of America,irrelevant,synthetic
Nvidia activist investor discloses $2.5 billion stake pushes for margin improvement,Nvidia,relevant,synthetic
American Express pulls advertising from streaming service following employee pressure,American Express,irrelevant,synthetic
"Shoppers turn to smaller food brands, cutting into Unilever, P&G profits",Procter & Gamble,relevant,gold_manual
Bono And U2 Gives Shout-Out To Scalise At FedEx Field Concert,FedEx,irrelevant,gold_manual
"Meta loses price-fixing conspiracy case, ordered to pay $900 million in penalties",Meta,relevant,synthetic
Bank of America to acquire brokerage firm for $5.1 billion in stock-and-cash transaction,Bank of America,relevant,synthetic
Local suppliers cheer Caterpillar's new production deal as Indianapolis gains,Caterpillar,irrelevant,synthetic
Costco faces $8.3 billion fine from FTC over misleading investors,Costco,relevant,synthetic
Travelers branch teller charged with running fraud scheme at local branch in Los Angeles,Travelers,irrelevant,synthetic
Microsoft appoints William Wilson to newly created head of supply chain analytics position,Microsoft,irrelevant,synthetic
"Needham lifts General Electric to equal weight, sees margin recovery underway",General Electric,irrelevant,synthetic
Uber employees protest changes to remote work flexibility at headquarters,Uber,irrelevant,synthetic
Person widely expected to lead Mastercard departs in surprise move,Mastercard,relevant,synthetic
The FCC OKs Streaming for Free—But Net Neutrality Will Pay,AT&T,irrelevant,gold_manual
Oracle issues $50.0 billion in senior notes to strengthen balance sheet,Oracle,relevant,synthetic
Kimberly-Clark divests feminine care brands in $0.8 billion deal as part of strategic review,Kimberly-Clark,relevant,synthetic
Eli Lilly warns Q2 results will miss estimates due to weaker-than-expected prescription volumes,Eli Lilly,relevant,synthetic
Microsoft’s iPhone keyboard takes aim at Google with new built-in search,Microsoft,irrelevant,gold_manual
PepsiCo workers say morale has collapsed following 1500-person reduction,PepsiCo,relevant,synthetic
"Nike acknowledges emissions control failure in blood glucose monitor, promises fix within 8 weeks",Nike,relevant,synthetic
Merck chairman says supply chain resilience presents both risks and opportunities for the private sector,Merck,irrelevant,synthetic
Booking Holdings agrees to $12 million penalty over a minor consumer notification requirement,Booking Holdings,irrelevant,synthetic
"Under Armour reaches new four-year labor agreement with union representing 1,600 workers",Under Armour,relevant,synthetic
"UPDATE 1-Pfizer, BioNTech start combined trials of COVID-19 vaccine candidate in Japan",Pfizer,relevant,gold_manual
"Oppenheimer downgrades Booking Holdings to underperform, sees limited upside from current levels",Booking Holdings,irrelevant,synthetic
Group of former General Electric software engineers alleges pregnancy discrimination in federal class-action,General Electric,irrelevant,synthetic
Honeywell enables two-factor authentication prompts to its loyalty app,Honeywell,irrelevant,synthetic
Ralph Lauren acquires personal care brand for $110 million to bolster personal care brand,Ralph Lauren,relevant,synthetic
Bernstein Research ranks Norfolk Southern as the leading provider in ride-sharing,Norfolk Southern,irrelevant,synthetic
ICE says detained Maine police officer overstayed visa. The chief says he cleared a federal check,Visa Inc.,irrelevant,gold_manual
Local suppliers cheer 3M's new production deal as Columbus gains,3M,irrelevant,synthetic
Meta to pay $8 million in connection with a product labeling issue investigation,Meta,irrelevant,synthetic
Under Armour raises full-year guidance after Q4 beat on strong international emerging market sales,Under Armour,relevant,synthetic
Warner Bros. Discovery Q2 earnings of $5.37 per share tops expectations,Warner Bros. Discovery,relevant,synthetic
McDonald's marketing manager faces criminal charges unrelated to employment in Boston,McDonald's,irrelevant,synthetic
S&P Global Market Intelligence ranks Home Depot as the leading provider in search advertising,Home Depot,irrelevant,synthetic
Microsoft faces criticism from advocacy groups over ingredient sourcing policies,Microsoft,irrelevant,synthetic
Wells Fargo branch teller arrested after incident caught on security camera in Atlanta,Wells Fargo,irrelevant,synthetic
Goldman Sachs net interest income falls 4% as rate environment pressures margins,Goldman Sachs,relevant,synthetic
"Bank of America upgrades Comcast to underperform, calls recent dip a buying opportunity",Comcast,irrelevant,synthetic
Eli Lilly enables two-factor authentication prompts to its digital wallet,Eli Lilly,irrelevant,synthetic
Charles Schwab CEO joins panel discussion at the Allen & Company Sun Valley conference on innovation and growth,Charles Schwab,irrelevant,synthetic
"Paramount Global reports Q1 revenue of $3.0 billion, falls short of expectations on improved advertising revenue",Paramount Global,relevant,synthetic
FedEx hit with $380 million penalty by FTC over environmental violations,FedEx,relevant,synthetic
"Wells Fargo cuts Under Armour to outperform, says valuation stretched after recent rally",Under Armour,irrelevant,synthetic
Johnson & Johnson's new distribution center in Phoenix to employ 1000 by 2021,Johnson & Johnson,irrelevant,synthetic
Mondelez announces $50M donation to support disaster response,Mondelez,irrelevant,synthetic
OLX aims to be the Salesforce of streaming in Vietnam,Salesforce,irrelevant,synthetic
$5M lawsuit alleges Walmart gender pay gap allegations,Walmart,irrelevant,synthetic
Tourist spots near Stellantis campus rank among best in the area,Stellantis,irrelevant,synthetic
Student visa subpoenas alarm UK universities,Visa,irrelevant,synthetic
Target 13F filing reveals new 3% position in Johnson & Johnson,Target,relevant,synthetic
"Booking Holdings CFO announces resignation, company names internal finance executive as replacement",Booking Holdings,relevant,synthetic
Tesla CEO concedes electric vehicle problems are 'more serious than we thought',Tesla,relevant,synthetic
"Morgan Stanley announces 7,000 job cuts in global operations amid automation initiative",Morgan Stanley,relevant,synthetic
3M employees stage walkout over employee monitoring rollout,3M,irrelevant,synthetic
Emerson Electric to acquire automation startup for $1.2 billion in stock-and-cash transaction,Emerson Electric,relevant,synthetic
Colgate-Palmolive faces $3M lawsuit over sexual harassment in sales division,Colgate-Palmolive,irrelevant,synthetic
"Stellantis delivers record number of vehicles in Q1, surpasses consensus",Stellantis,relevant,synthetic
EEOC opens investigation into Wells Fargo over alleged gender discrimination in pay practices,Wells Fargo,irrelevant,synthetic
General Motors updates an updated help center to its enterprise dashboard,General Motors,irrelevant,synthetic
Trump-promoted propaganda outlet tried to get US visa for corrupt Ukrainian before he was arrested for corruption,Visa Inc.,irrelevant,gold_manual
General Electric faces $5.1 billion fine from CFPB over consumer protection violations,General Electric,relevant,synthetic
"Costco announces 1,600 job cuts in consumer unit amid business reorganization",Costco,relevant,synthetic
Capital One pays $20 million to settle an advertising standards complaint complaint with CFPB,Capital One,irrelevant,synthetic
Kimberly-Clark shares trade lower following broader macro concerns — no new company news,Kimberly-Clark,irrelevant,synthetic
Progressive chief operating officer says the federal budget requires urgent attention from elected officials,Progressive,irrelevant,synthetic
3M workers circulate petition calling for better pay and benefits,3M,irrelevant,synthetic
Barclays flags Apple as a company that may need to respond competitively in note on JPMorgan Chase restructuring,Apple,irrelevant,synthetic
City council debates naming rights deal for stadium near Honeywell offices,Honeywell,irrelevant,synthetic
BlackRock co-founder says the labor market will have long-lasting effects on the broader economy,BlackRock,irrelevant,synthetic
IBM updates spending insights tab to its enterprise dashboard,IBM,irrelevant,synthetic
ConocoPhillips ends partnership with brand ambassador after offensive social media post,ConocoPhillips,irrelevant,synthetic
Procter & Gamble CEO joins panel discussion at the World Economic Forum in Davos on workforce transformation,Procter & Gamble,irrelevant,synthetic
Kraft Heinz says it was 'too slow' to address medical device airbag malfunction,Kraft Heinz,relevant,synthetic
Northrop Grumman drops sponsorship of marathon sponsorship following social media backlash,Northrop Grumman,irrelevant,synthetic
Defensive miscue opens door for Mariners as Tigers drop series finale,AT&T,irrelevant,gold_manual
Charles Schwab factory worker charged with assault following workplace altercation in Denver,Charles Schwab,irrelevant,synthetic
ConocoPhillips confirms receipt of DOJ civil investigative demand over misleading investors,ConocoPhillips,relevant,synthetic
Accenture says full-year revenue will fall short of prior guidance by 11%,Accenture,relevant,synthetic
Fort Collins officials celebrate as Meta selects site for new fulfillment center,Meta,irrelevant,synthetic
"JPMorgan Chase acquisition seen as competitive threat to Pfizer, analyst says",Pfizer,irrelevant,synthetic
US tightens visa rules for Spain nationals over security concerns,Visa,irrelevant,synthetic
Adobe launches new app and in-app tipping in Germany,Adobe,irrelevant,synthetic
Comcast appoints Karen White to newly created head of corporate communications position,Comcast,irrelevant,synthetic
Is MercadoLibre becoming the next Walgreens?,Walgreens,irrelevant,synthetic
Coca-Cola chief operating officer says deficit spending will shape business strategy for years to come,Coca-Cola,irrelevant,synthetic
"Costco merger seen as competitive threat to Deere & Company, analyst says",Deere & Company,irrelevant,synthetic
Ford Motor Q2 Profit Beats Estimates; Auto Segment Operating Margin Down 1.8%,Ford Motor Company,relevant,gold_manual
"Stellantis Q1: revenue in line, margins disappoint, guidance cut",Stellantis,relevant,synthetic
Chevron's growth is reshaping how the traditional advertising industry operates,Chevron,irrelevant,synthetic
Group of former ConocoPhillips software engineers alleges religious discrimination in federal class-action,ConocoPhillips,irrelevant,synthetic
EEOC opens investigation into Berkshire Hathaway over alleged national origin discrimination in scheduling practices,Berkshire Hathaway,irrelevant,synthetic
Charles Schwab releases location-based alerts to its website,Charles Schwab,irrelevant,synthetic
Mastercard co-founder says the housing market requires coordinated global action to address effectively,Mastercard,irrelevant,synthetic
Mastercard considers importing financial products to Vietnam,Mastercard,irrelevant,synthetic
Starbucks union workers in Buffalo walk out over ‘unsafe’ conditions,Starbucks,relevant,gold_manual
BlackRock employees protest mandatory overtime policy at headquarters,BlackRock,irrelevant,synthetic
Mondelez co-founder says geopolitical tensions demands a thoughtful policy response from legislators,Mondelez,irrelevant,synthetic
"Travelers reaches landmark new agreement with union representing 10,000 workers",Travelers,relevant,synthetic
Merck Q2 operating income surges 17% on GLP-1 drug demand exceeding expectations,Merck,relevant,synthetic
3M retail associate sued by customer over personal conduct during shift in Denver,3M,irrelevant,synthetic
Halliburton president says AI regulation is top of mind for executives across every industry,Halliburton,irrelevant,synthetic
Aflac faces gender discrimination lawsuit filed by former sales representative,Aflac,irrelevant,synthetic
"Raytheon announces 800 corporate layoffs, shares fall on restructuring news",Raytheon,relevant,synthetic
"Netflix reports Q4 revenue of $1.8 billion, beats analyst estimates on theme park record attendance",Netflix,relevant,synthetic
ServiceNow launches simplified navigation menu to its enterprise dashboard,ServiceNow,irrelevant,synthetic
Republic Services activist investor discloses $5.1 billion stake pushes for margin improvement,Republic Services,relevant,synthetic
FDA orders Halliburton to halt production at facility over contamination findings,Halliburton,relevant,synthetic
Mastercard Q4 Earnings: Analyst Estimates and Key Metrics to Watch,Mastercard,irrelevant,synthetic
"Uber exploring potential sale of consumer unit, people familiar say",Uber,irrelevant,synthetic
BlackRock cedes market share to Apple in electric vehicles for first time,BlackRock,relevant,synthetic
Salesforce sales representative charged with assault following workplace altercation in Minneapolis,Salesforce,irrelevant,synthetic
Stellantis Q2 operating income surges 24% on better-than-expected vehicle pricing,Stellantis,relevant,synthetic
Meet Vietnam's answer to 3M — and why it's growing fast,3M,irrelevant,synthetic
"Goldman Sachs raises Dow to underperform, calls recent dip a buying opportunity",Dow,irrelevant,synthetic
Warren Buffett’s annual lunch auction starts Sunday evening,Berkshire Hathaway,irrelevant,gold_manual
The traditional advertising industry's answer to the Cisco challenge,Cisco,irrelevant,synthetic
Waste Management Q3 miss: revenue and earnings both fall short as volume declines,Waste Management,relevant,synthetic
Progressive gives $50M to UCLA for STEM education scholarship,Progressive,irrelevant,synthetic
Nike employees sign open letter opposing employee monitoring rollout,Nike,irrelevant,synthetic
Goldman Sachs Research estimates Comcast controls 44% of the smartphone sales market,Comcast,irrelevant,synthetic
Former Goldman Sachs former CFO appointed to advisory board of a consulting firm,Goldman Sachs,irrelevant,synthetic
Aflac names former rival executive as new chief executive following strategic shift,Aflac,relevant,synthetic
Exxon Mobil CEO Rex Tillerson will be Trump's Secretary of State,ExxonMobil,relevant,gold_manual
Accenture sued by group of former employees alleging racial harassment in workplace culture,Accenture,irrelevant,synthetic
Samsung is emerging as the HCA Healthcare of logistics,HCA Healthcare,irrelevant,synthetic
Pfizer chief executive says the housing market cannot be solved by the private sector alone,Pfizer,irrelevant,synthetic
ExxonMobil ends partnership with sports personality after personal scandal,ExxonMobil,irrelevant,synthetic
Dollar General raises full-year comparable sales guidance on stronger consumer demand,Dollar General,relevant,synthetic
"Sources: FedEx looking at entering the streaming market — no deal imminent, sources say",FedEx,irrelevant,synthetic
McDonald's threat prompts travel agency industry to lobby for protection,McDonald's,irrelevant,synthetic
"Piper Sandler downgrades ConocoPhillips to hold, flags rising competitive pressure",ConocoPhillips,irrelevant,synthetic
Nvidia CEO says consumer spending cannot be solved by the private sector alone,Nvidia,irrelevant,synthetic
The cable industry's answer to the United Airlines challenge,United Airlines,irrelevant,synthetic
Video: Texas woman ends up in Mexico while trying to get to Home Depot to buy zip ties,Home Depot (The),irrelevant,gold_manual
Amazon activist investor discloses $2.5 billion stake pushes for margin improvement,Amazon,relevant,synthetic
UPS raises per-shipment surcharge citing fuel and labor cost pressures,UPS,relevant,synthetic
How To Make An NFT Project As Popular As Nike,"Nike, Inc.",irrelevant,gold_manual
3M faces consumer boycott over executive compensation disclosures,3M,irrelevant,synthetic
Charlotte touts economic windfall from Halliburton's new logistics hub,Halliburton,irrelevant,synthetic
Uber CFO scheduled to appear at the World Economic Forum in Davos investor day,Uber,irrelevant,synthetic
Meta snaps up cloud infrastructure company for $900 million in bolt-on acquisition,Meta,relevant,synthetic
Colgate-Palmolive debuts health monitoring tool in South Asia in bid to gain local users,Colgate-Palmolive,irrelevant,synthetic
Deere & Company denies wrongdoing in age discrimination complaint filed by group of delivery drivers,Deere & Company,irrelevant,synthetic
"Bank of America upgrades McDonald's to hold, calls recent dip a buying opportunity",McDonald's,irrelevant,synthetic
Walmart agrees to sell pharmacy chain for $8.3 billion to private equity firm,Walmart,relevant,synthetic
"Procter & Gamble sued by a nonprofit organization over gender pay gap allegations, $45M claimed",Procter & Gamble,irrelevant,synthetic
"Honeywell may exit France amid regulatory uncertainty, sources say",Honeywell,irrelevant,synthetic
"Visa waiver program expanded to include Australia, officials say",Visa,irrelevant,synthetic
Meet Spain's answer to Walmart — and why it's growing fast,Walmart,irrelevant,synthetic
UPS workers vote to reject company contract offer at main production plant,UPS,relevant,synthetic
"Jefferies upgrades CSX to buy, sees accelerating revenue growth",CSX,irrelevant,synthetic
Wells Fargo recruits William Thompson from McKinsey as head of global partnerships,Wells Fargo,irrelevant,synthetic
Colgate-Palmolive executive to speak at the JPMorgan Healthcare Conference on innovation and growth,Colgate-Palmolive,irrelevant,synthetic
ExxonMobil pulls advertising from podcast network following controversial comments online,ExxonMobil,irrelevant,synthetic
AT&T employees protest changes to remote work flexibility at headquarters,AT&T,irrelevant,synthetic
Adobe CEO concedes cardiac device problems are 'more serious than we thought',Adobe,relevant,synthetic
US delays visa program for France travelers amid security review,Visa,irrelevant,synthetic
Qualcomm doubles STEM education funding to $15 million for 2024,Qualcomm,irrelevant,synthetic
Kraft Heinz divests beverage unit in $5.1 billion deal as part of strategic review,Kraft Heinz,relevant,synthetic
Work visa approvals fall as Singapore professionals face longer waits,Visa,irrelevant,synthetic
EU visa-free travel for Japan under review after border incidents,Visa,irrelevant,synthetic
"3M CFO announces retirement, company names former divisional CFO as replacement",3M,relevant,synthetic
Visa backlog hits Australia workers applying for H-1B transfers,Visa,irrelevant,synthetic
Germany pushes for faster US visa processing after backlog grows,Visa,irrelevant,synthetic
"AT&T exploring potential sale of industrial unit, people familiar say",AT&T,irrelevant,synthetic
Mastercard Whale Trades For July 11,Mastercard,irrelevant,gold_manual
"Starbucks exploring potential sale of energy unit, people familiar say",Starbucks,irrelevant,synthetic
Microsoft hit with $2M class action over hostile work environment claims,Microsoft,irrelevant,synthetic
Walt Disney Company (DIS) Annual 10-K Report,Walt Disney Company (The),relevant,gold_manual
American Express closes out 2025 on high note despite macro headwinds,American Express,relevant,synthetic
Qualcomm admits knowing about flagship phone door latch defect before public reports,Qualcomm,relevant,synthetic
DuPont ranks among Forbes' list of best employers for the fifth year running,DuPont,irrelevant,synthetic
Airbnb executive to speak at the Goldman Sachs Communacopia conference on financial regulation,Airbnb,irrelevant,synthetic
#DeleteUber: company automates account removal due to demand,Uber,irrelevant,gold_manual
EEOC opens investigation into Goldman Sachs over alleged religious discrimination in scheduling practices,Goldman Sachs,irrelevant,synthetic
General Motors factory worker faces personal lawsuit unrelated to company activities in Phoenix,General Motors,irrelevant,synthetic
Yum Brands launches spending insights tab to its loyalty app,Yum Brands,irrelevant,synthetic
Goldman Sachs adds real-time tracking to its Japan platform,Goldman Sachs,irrelevant,synthetic
Airbnb faces $5.1 billion fine from CFTC over price-fixing conspiracy,Airbnb,relevant,synthetic
Johnson & Johnson reports positive Phase 3 trial results for key pipeline drug,Johnson & Johnson,relevant,synthetic
Report: Ford considering going private — company declines to comment,Ford,irrelevant,synthetic
Eli Lilly takes 12% stake in Amazon worth $200M,Eli Lilly,relevant,synthetic
Colgate-Palmolive Q3 operating income surges 15% on strong international emerging market sales,Colgate-Palmolive,relevant,synthetic
Halliburton faces consumer boycott over data privacy practices,Halliburton,irrelevant,synthetic
Stellantis raises EV production target by 12% following strong order intake,Stellantis,relevant,synthetic
McDonald's sets aside $0.8 billion to cover costs of beverage company product recall,McDonald's,relevant,synthetic
"Travelers CFO announces departure, company names former divisional CFO as replacement",Travelers,relevant,synthetic
"Barclays boosts American Express to overweight, calls recent dip a buying opportunity",American Express,irrelevant,synthetic
Analyst says Amazon acquisition positions the company ahead of Microsoft,Microsoft,irrelevant,synthetic
Wells Fargo branch teller charged with harassment following complaint by coworker in Houston,Wells Fargo,irrelevant,synthetic
Emerson Electric faces consumer boycott over ingredient sourcing policies,Emerson Electric,irrelevant,synthetic
Amazon adds a progress tracker to its streaming platform,Amazon,irrelevant,synthetic
"Piper Sandler lifts Wells Fargo to overweight, cites strong earnings visibility",Wells Fargo,irrelevant,synthetic
Target raises full-year guidance after Q4 beat on improving inventory management,Target,relevant,synthetic
Arizona gains economic boost as Republic Services expands operations,Republic Services,irrelevant,synthetic
Citigroup launches tokenized fund on blockchain for institutional investors,Citigroup,relevant,synthetic
Stellantis cuts full-year guidance citing slowing EV demand,Stellantis,relevant,synthetic
Walmart's Asda recovery strengthens ahead of Sainsbury's deal,Walmart,relevant,gold_manual
Netflix ends partnership with podcast host after offensive social media post,Netflix,irrelevant,synthetic
Kraft Heinz workforce reduced by 5000 as restructuring accelerates,Kraft Heinz,relevant,synthetic
"The Fatal Flaw in Trump’s Kinder, Gentler Travel Ban",Visa Inc.,irrelevant,gold_manual
"Norfolk Southern issues profit warning, slashes guidance citing slowing freight demand",Norfolk Southern,relevant,synthetic
"Travelers reports Q3 revenue of $0.8 billion, misses analyst estimates on record policy count growth",Travelers,relevant,synthetic
Kraft Heinz former general counsel leaves to join a rival startup in senior role,Kraft Heinz,irrelevant,synthetic
"Goldman Sachs's merger deal raises questions about Caterpillar's position, per Deutsche Bank",Caterpillar,irrelevant,synthetic
"Target turns in a Q3 quarter investors had feared, stock drops",Target,relevant,synthetic
T-Mobile district manager suspended following investigation into personal conduct in Houston,T-Mobile,irrelevant,synthetic
Save big on Pfizer home appliances this Mother's Day — here is how,Pfizer,irrelevant,synthetic
American Express employees stage walkout over termination of diversity programs,American Express,irrelevant,synthetic
"Comedian references PepsiCo in viral stand-up set, clip goes viral",PepsiCo,irrelevant,synthetic
Fidelity's active users lags Microsoft by widest margin in 10 years,Fidelity,relevant,synthetic
Costco blows past Q1 estimates on strong comparable store sales growth,Costco,relevant,synthetic
"Aflac's new facility brings 100 jobs to Salt Lake City, officials say",Aflac,irrelevant,synthetic
"Pfizer CFO announces resignation, company names internal finance executive as replacement",Pfizer,relevant,synthetic
JPMorgan Chase’s Jamie Dimon talks tariffs and the possibility of a recession,JPMorgan Chase,irrelevant,gold_manual
Halliburton faces age discrimination lawsuit filed by group of loan officers,Halliburton,irrelevant,synthetic
Home Depot Gets Hammered As Gross Margins Decline Year-Over-Year. Here’s How To Trade The Stock Now.,Home Depot (The),relevant,gold_manual
Group of former Under Armour factory workers alleges national origin discrimination in federal class-action,Under Armour,irrelevant,synthetic
UPS package volume falls 11% as freight market downturn deepens,UPS,relevant,synthetic
ServiceNow names former rival executive as new chief executive following activist pressure,ServiceNow,relevant,synthetic
United Airlines expands loyalty rewards program to Spain with 1000 pilot users,United Airlines,irrelevant,synthetic
Student visa rules tighten as universities face scrutiny,Visa,irrelevant,synthetic
"Mizuho trims General Electric to buy, says valuation stretched after recent rally",General Electric,irrelevant,synthetic
Tyson Foods earns top score on LinkedIn's top companies to work for,Tyson Foods,irrelevant,synthetic
Kraft Heinz acquires restaurant chain in $1.8 billion deal expanding into beverage company,Kraft Heinz,relevant,synthetic
Mondelez faces criticism from advocacy groups over executive compensation disclosures,Mondelez,irrelevant,synthetic
UnitedHealth reports positive Phase 3 trial results for key pipeline drug,UnitedHealth,relevant,synthetic
Insiders at Citigroup describe chaos as 2500 jobs cut without warning,Citigroup,relevant,synthetic
Republic Services software engineer faces restraining order filed by former coworker in Miami,Republic Services,irrelevant,synthetic
Honoree tours Easterseals facilities,AT&T,irrelevant,gold_manual
Oracle factory worker charged with embezzling from customer accounts in Boston,Oracle,irrelevant,synthetic
Report: Apple in early discussions about a joint venture — company declines to comment,Apple,irrelevant,synthetic
Goldman Sachs faces new pay discrimination lawsuit from former financial advisor in New Jersey court,Goldman Sachs,irrelevant,synthetic
Procter & Gamble to merge with household products brand in $5.1 billion combination,Procter & Gamble,relevant,synthetic
Ahead of Bank of America's Q4 Report: Consensus Estimates and Risks,Bank of America,irrelevant,synthetic
Alphabet surges after Merck discloses 20% ownership position,Merck,relevant,synthetic
Chipotle faces consumer boycott over data privacy practices,Chipotle,irrelevant,synthetic
taxi braces for impact as CVS Health prepares to enter market,CVS Health,irrelevant,synthetic
Costco Q2 operating income surges 21% on strong seasonal demand,Costco,relevant,synthetic
Salesforce staff react with shock as 3000 colleagues receive pink slips,Salesforce,relevant,synthetic
Group of former McDonald's factory workers alleges gender discrimination in federal class-action,McDonald's,irrelevant,synthetic
Travelers earns top score on Glassdoor's top-rated employers,Travelers,irrelevant,synthetic
Sources: Paramount Global close to finalising acquisition of streaming platform for $8.3 billion,Paramount Global,relevant,synthetic
ServiceNow named to LinkedIn's top companies to work for for the third consecutive year,ServiceNow,irrelevant,synthetic
Aflac ordered by EPA to pay $180 million over market manipulation,Aflac,relevant,synthetic
DuPont pays $2 million to settle an outdated record-keeping practice complaint with EPA,DuPont,irrelevant,synthetic
Meta revenue tops estimates as management lifts 2026 outlook,Meta,relevant,synthetic
CSX chairman says consumer spending presents both risks and opportunities for the private sector,CSX,irrelevant,synthetic
Starbucks confirms receipt of CFTC civil investigative demand over misleading investors,Starbucks,relevant,synthetic
"Airbnb CEO announces planned retirement, board names internal successor",Airbnb,relevant,synthetic
"Morgan Stanley raises T-Mobile to hold, calls valuation compelling after selloff",T-Mobile,irrelevant,synthetic
"Barclays downgrades Republic Services to outperform, sees limited upside from current levels",Republic Services,irrelevant,synthetic
CSX sued by group of warehouse workers alleging gender discrimination in scheduling practices,CSX,irrelevant,synthetic
Josh Hartnett’s Newfoundland Netflix Series Adds Four to Cast as Production Begins,Netflix,irrelevant,gold_manual
Wells Fargo co-founder says climate policy is top of mind for executives across every industry,Wells Fargo,irrelevant,synthetic
Warner Bros. Discovery faces new national origin discrimination lawsuit from former engineer in Pennsylvania court,Warner Bros. Discovery,irrelevant,synthetic
"Starbucks partners with Spotify to boost loyalty membership, replace CDs",Starbucks,relevant,gold_manual
Target CEO to deliver keynote at the Milken Institute Global Conference,Target,irrelevant,synthetic
Investors dump retail banking stocks on fears of ExxonMobil disruption,ExxonMobil,irrelevant,synthetic
New Nielsen data shows IBM gaining share in ride-sharing,IBM,irrelevant,synthetic
"Evercore ISI downgrades Verizon to neutral, flags deteriorating pricing power",Verizon,irrelevant,synthetic
Tesla in early talks about potential France partnership — no deal imminent,Tesla,irrelevant,synthetic
Yum Brands to pay $30 million in connection with a customer privacy complaint investigation,Yum Brands,irrelevant,synthetic
Netflix workers in Seattle rally to demand better pay and benefits,Netflix,irrelevant,synthetic
T-Mobile delivery driver sued by customer over personal conduct during shift in Los Angeles,T-Mobile,irrelevant,synthetic
ServiceNow faces class-action lawsuit over alleged racial discrimination among customer service representatives,ServiceNow,irrelevant,synthetic
Pfizer acquires medical device company for $380 million to bolster medical device company,Pfizer,relevant,synthetic
Why is Netflix stock underperforms the sector today? Here is what we know,Netflix,irrelevant,synthetic
Kimberly-Clark refreshes a redesigned home screen to its developer portal,Kimberly-Clark,irrelevant,synthetic
3M issues $8.3 billion in senior notes to fund capital expenditures,3M,relevant,synthetic
The startup that wants to do to ride-hailing what Comcast did to retail,Comcast,irrelevant,synthetic
Northrop Grumman sued by former engineer alleging gender discrimination in promotion decisions,Northrop Grumman,irrelevant,synthetic
Uber CFO says banking regulation requires urgent attention from elected officials,Uber,irrelevant,synthetic
Mastercard cited as top player in smartphone sales by Nielsen industry survey,Mastercard,irrelevant,synthetic
Honeywell faces national origin discrimination lawsuit filed by former sales representative,Honeywell,irrelevant,synthetic
Tourist spots near T-Mobile campus rank among best in the area,T-Mobile,irrelevant,synthetic
Honeywell stock pulls back from record highs amid rising interest rate fears,Honeywell,irrelevant,synthetic
"Waste Management reports Q4 revenue of $5.1 billion, surpasses consensus on pricing power",Waste Management,relevant,synthetic
Procter & Gamble's growth is reshaping how the brick-and-mortar retail industry operates,Procter & Gamble,irrelevant,synthetic
Nike launches location-based alerts to its cloud console,Nike,irrelevant,synthetic
Halliburton releases a new rewards tracker to its cloud console,Halliburton,irrelevant,synthetic
Raytheon enables simplified navigation menu to its employee portal,Raytheon,irrelevant,synthetic
"Evercore ISI lowers Goldman Sachs to hold, flags deteriorating pricing power",Goldman Sachs,irrelevant,synthetic
Is Goldman Sachs's latest software subscriptions worth buying? A consumer review,Goldman Sachs,irrelevant,synthetic
Report: Progressive considering going private — company declines to comment,Progressive,irrelevant,synthetic
Wells Fargo to pay $5 million in connection with a minor consumer notification requirement investigation,Wells Fargo,irrelevant,synthetic
UnitedHealth to merge with pharmacy benefit manager in $5.1 billion combination,UnitedHealth,relevant,synthetic
"Norfolk Southern announces 1,200 corporate layoffs, shares fall on restructuring news",Norfolk Southern,relevant,synthetic
PepsiCo doubles clean water access funding to $25 million for 2020,PepsiCo,irrelevant,synthetic
Republic Services issues voluntary recall of specialty company product over potential safety concern,Republic Services,relevant,synthetic
"Merck to eliminate 5,500 positions as part of $14.0 billion cost reduction plan",Merck,relevant,synthetic
"Trading GE after earnings. Plus, the trade on Kroger & Novartis",Visa Inc.,irrelevant,gold_manual
Dow faces social media campaign targeting overseas manufacturing practices,Dow,irrelevant,synthetic
Waste Management enables enhanced map view to its developer portal,Waste Management,irrelevant,synthetic
"Nvidia reports 17% drop in quarterly revenue, cuts annual guidance",Nvidia,relevant,synthetic
The startup that wants to do to education what Mastercard did to retail,Mastercard,irrelevant,synthetic
Booking Holdings board approves new $2.5 billion share repurchase authorization,Booking Holdings,relevant,synthetic
CSX acquires logistics startup for $180 million to bolster warehouse operator,CSX,relevant,synthetic
Visa employees told to clear desks as 1900 roles axed in restructuring,Visa,relevant,synthetic
Progressive Q4 gross margin widens to 19.8% on better-than-expected catastrophe losses,Progressive,relevant,synthetic
Report: Norfolk Southern holds 22% market share in online payments per Forrester,Norfolk Southern,irrelevant,synthetic
Local suppliers cheer McDonald's's new production deal as Phoenix gains,McDonald's,irrelevant,synthetic
Why is Progressive stock falls to 52-week low today? Here is what we know,Progressive,irrelevant,synthetic
Raytheon launches new app and two-factor authentication in Vietnam,Raytheon,irrelevant,synthetic
Merck sued by group of loan officers alleging age discrimination in hiring practices,Merck,irrelevant,synthetic
Chevron employees say they feel betrayed as 2000 layoffs shock the office,Chevron,relevant,synthetic
Target ranks among Barron's most sustainable companies for the fifth year running,Target,irrelevant,synthetic
"Johnson & Johnson Discontinues Talc Baby Powder in U.S., Canada",Johnson & Johnson,relevant,gold_manual
"Oppenheimer boosts Charles Schwab to buy, says near-term headwinds are priced in",Charles Schwab,irrelevant,synthetic
Tyson Foods pulls advertising from video sharing platform following offensive social media post,Tyson Foods,irrelevant,synthetic
"Under pressure, Home Depot admits consumer product has seatbelt failure affecting 2000 units",Home Depot,relevant,synthetic
Portland touts economic windfall from Lockheed Martin's new fulfillment center,Lockheed Martin,irrelevant,synthetic
DuPont issues $1.8 billion in senior notes to refinance maturing debt,DuPont,relevant,synthetic
Ford chairman says global trade is top of mind for executives across every industry,Ford,irrelevant,synthetic
"Boeing CFO announces resignation, company names former divisional CFO as replacement",Boeing,relevant,synthetic
Waste Management CEO joins panel discussion at the Allen & Company Sun Valley conference on climate change and business,Waste Management,irrelevant,synthetic
Deere & Company faces class-action lawsuit over alleged gender discrimination among customer service representatives,Deere & Company,irrelevant,synthetic
Honeywell CEO admits flagship phone has seatbelt failure,Honeywell,relevant,synthetic
"TD Cowen boosts Coca-Cola to equal weight, sees margin recovery underway",Coca-Cola,irrelevant,synthetic
Berkshire Hathaway to acquire payments company for $3.4 billion in stock-and-cash transaction,Berkshire Hathaway,relevant,synthetic
Square announces stablecoin to accelerate cross-border payments,Square,relevant,synthetic
"MetLife weighing options to expand into Singapore market, sources say",MetLife,irrelevant,synthetic
Nike workers vote to ratify new labor agreement at flagship warehouse,Nike,relevant,synthetic
"Warner Bros. Discovery delivers Q1 beat, guides higher for the year",Warner Bros. Discovery,relevant,synthetic
"Lee Iacocca, Visionary Automaker Who Led Both Ford and Chrysler, Is Dead at 94",Ford Motor Company,irrelevant,gold_manual
"Barclays raises Coca-Cola to overweight, raises estimates on guidance beat",Coca-Cola,irrelevant,synthetic
New S&P Global Market Intelligence data shows Wells Fargo gaining share in digital advertising,Wells Fargo,irrelevant,synthetic
FedEx shares rise as investors learn of United Airlines's stake,United Airlines,relevant,synthetic
"TD Cowen raises Apple to sell, says near-term headwinds are priced in",Apple,irrelevant,synthetic
Nike board approves new $1.2 billion share repurchase authorization,Nike,relevant,synthetic
Black Friday: the best Johnson & Johnson televisions deals you can get right now,Johnson & Johnson,irrelevant,synthetic
"Amazon flexes muscles over Seattle tax threat, halting construction on a new office tower",Amazon,relevant,gold_manual
Report: UnitedHealth considering move into solar panels business,UnitedHealth,irrelevant,synthetic
Walt Disney co-founder says the labor market requires coordinated global action to address effectively,Walt Disney,irrelevant,synthetic
Citigroup outlines five-year strategy to double revenue in fintech startup segment,Citigroup,relevant,synthetic
"Accenture to eliminate 10,000 positions as part of $22.0 billion cost reduction plan",Accenture,relevant,synthetic
"Wells Fargo raises BlackRock to neutral, sees margin recovery underway",BlackRock,irrelevant,synthetic
Walmart software engineer charged with harassment following complaint by coworker in Houston,Walmart,irrelevant,synthetic
Aflac workers circulate petition calling for better pay and benefits,Aflac,irrelevant,synthetic
T-Mobile co-founder says consumer spending presents both risks and opportunities for the private sector,T-Mobile,irrelevant,synthetic
Pfizer Q3 miss: revenue and earnings both fall short as higher medical costs,Pfizer,relevant,synthetic
Dollar General unveils three-year plan to cut costs by $1.8 billion,Dollar General,relevant,synthetic
Pfizer issues $22.0 billion in senior notes to fund capital expenditures,Pfizer,relevant,synthetic
Target enables a new password manager to its customer portal,Target,irrelevant,synthetic
Surprise exit: Intel's presumed future CEO departs after 9 months,Intel,relevant,synthetic
"Walmart's restructuring deal raises questions about FedEx's position, per Citi",FedEx,irrelevant,synthetic
"Deere & Company reports Q2 revenue of $0.8 billion, falls short of expectations on record agricultural equipment sales",Deere & Company,relevant,synthetic
"RBC Capital Markets lifts Under Armour to outperform, cites market share gains",Under Armour,irrelevant,synthetic
"Melanie Lynskey, Buffy The Vampire Slayer Willow Audition",Visa Inc.,irrelevant,gold_manual
The F.D.A. authorizes Pfizer-BioNTech boosters for 16- and 17-year-olds.,Pfizer,relevant,gold_manual
Nvidia taps James Martin for head of digital marketing role amid organizational changes,Nvidia,irrelevant,synthetic
Tyson Foods president says the federal budget will shape business strategy for years to come,Tyson Foods,irrelevant,synthetic
Oracle customer service representative charged with embezzling from customer accounts in New York,Oracle,irrelevant,synthetic
Under Armour announces plan to separate into two independent publicly traded companies,Under Armour,relevant,synthetic
"Morgan Stanley lifts Wells Fargo to overweight, sees multiple expansion ahead",Wells Fargo,irrelevant,synthetic
Meet South Korea's answer to JPMorgan Chase — and why it's growing fast,JPMorgan Chase,irrelevant,synthetic
PepsiCo logistics coordinator arrested for allegedly cashing fraudulent checks in Chicago,PepsiCo,irrelevant,synthetic
Walmart announces $5.1 billion share buyback program,Walmart,relevant,synthetic
Celebrate closer EU union? Not with all that division,AT&T,irrelevant,gold_manual
"South Korea to receive 700,000 Pfizer doses from Israel in vaccine swap",Pfizer,irrelevant,gold_manual
Intel officials warned well before Tower 22 attack of increased risks from drones,Intel,irrelevant,gold_manual
"Nvidia cloud revenue grows 6% year-over-year, misses analyst estimates",Nvidia,relevant,synthetic
Salesforce to Use Amazon’s Cloud to Expand in Canada and Australia,Salesforce,relevant,gold_manual
Walmart To Ban Woman Caught On Viral Racist Rant Video,Walmart,irrelevant,gold_manual
Visa extends subscription service trial to Spain and Indonesia,Visa,irrelevant,synthetic
AT&T stock pulls back from record highs as tech sector sees profit-taking,AT&T,irrelevant,synthetic
Report: T-Mobile exploring a buyout of a rival — company declines to comment,T-Mobile,irrelevant,synthetic
Starbucks ordered by FTC to pay $110 million over data privacy violations,Starbucks,relevant,synthetic
Morgan Stanley employees sign open letter opposing employee monitoring rollout,Morgan Stanley,irrelevant,synthetic
Chipotle chief executive says banking regulation is something all companies need to take seriously,Chipotle,irrelevant,synthetic
Verizon says it won’t launch fake 5G icons like AT&T did,AT&T,irrelevant,gold_manual
Mondelez CEO confirms Coca-Cola has made strategic investment in company,Coca-Cola,relevant,synthetic
Dow enables enhanced map view to its website,Dow,irrelevant,synthetic
Honeywell shares gives back recent gains following weaker-than-expected jobs data,Honeywell,irrelevant,synthetic
Coca-Cola refreshes fingerprint login to its retail website,Coca-Cola,irrelevant,synthetic
"UBS trims Procter & Gamble to neutral, lowers estimates on weak guidance",Procter & Gamble,irrelevant,synthetic
New Morgan Stanley Research data shows Bank of America gaining share in semiconductor manufacturing,Bank of America,irrelevant,synthetic
Amazon sets aside $5.1 billion to cover costs of data analytics firm product recall,Amazon,relevant,synthetic
Pfizer co-founder says healthcare costs is moving in the right direction but more work remains,Pfizer,irrelevant,synthetic
"Goldman Sachs trims Netflix to overweight, flags rising competitive pressure",Netflix,irrelevant,synthetic
Morgan Stanley coin: Morgan Stanley's new digital currency explained,Morgan Stanley,relevant,synthetic
"Sources: Lowe's evaluating strategic alternatives — no deal imminent, sources say",Lowe's,irrelevant,synthetic
New Goldman Sachs Research data shows Accenture gaining share in smartphone sales,Accenture,irrelevant,synthetic
Investors dump travel agency stocks on fears of General Electric disruption,General Electric,irrelevant,synthetic
How Amazon's joint venture could reshape the competitive landscape for Dow,Dow,irrelevant,synthetic
Group of former Home Depot store managers alleges racial harassment in federal class-action,Home Depot,irrelevant,synthetic
Ford faces $3.0 billion fine from DOJ over market manipulation,Ford,relevant,synthetic
Bank of America mulls UK market entry as growth strategy,Bank of America,irrelevant,synthetic
Bernstein Research estimates General Electric controls 41% of the e-commerce market,General Electric,irrelevant,synthetic
"Bank of America boosts General Electric to equal weight, cites market share gains",General Electric,irrelevant,synthetic
CVS Health vs competitors: which home appliances is right for you,CVS Health,irrelevant,synthetic
Chevron rolls out improved load times to its online store,Chevron,irrelevant,synthetic
Eli Lilly loses president seen as succession frontrunner to rival firm,Eli Lilly,relevant,synthetic
AT&T branch teller faces criminal charges unrelated to employment in Denver,AT&T,irrelevant,synthetic
ExxonMobil Foundation reports $20M in STEM education grants awarded this year,ExxonMobil,irrelevant,synthetic
Caterpillar president says interest rates will have long-lasting effects on the broader economy,Caterpillar,irrelevant,synthetic
BlackRock announces $14.0 billion share buyback program,BlackRock,relevant,synthetic
Republic Services warehouse worker arrested in connection with unrelated drug charges in Phoenix,Republic Services,irrelevant,synthetic
General Electric refreshes an updated help center to its developer portal,General Electric,irrelevant,synthetic
"Bloomberg: Oracle evaluating strategic alternatives, though talks are preliminary",Oracle,irrelevant,synthetic
"UPS lowers Q4 outlook, sends shares sharply lower in after-hours trading",UPS,relevant,synthetic
"Chipotle CEO is replaced following activist pressure, board launches external search",Chipotle,relevant,synthetic
Broadcom cedes market share to ByteDance in enterprise software for first time,Broadcom,relevant,synthetic
Cramer: I have faith others can take charge at Intel after Brian Krzanich's ouster,Intel,irrelevant,gold_manual
Giants manager Bruce Bochy recovering from shoulder surgery,Visa Inc.,irrelevant,gold_manual
Deere & Company employees sign open letter opposing mandatory overtime policy,Deere & Company,irrelevant,synthetic
"Oppenheimer boosts IBM to outperform, points to improving competitive position",IBM,irrelevant,synthetic
Deere & Company CEO to deliver keynote at a Senate Commerce Committee hearing,Deere & Company,irrelevant,synthetic
Starbucks fined $18 million by FTC over an environmental reporting error,Starbucks,irrelevant,synthetic
8 key findings on marijuana consumer trends from the 'Uber for weed',Uber,irrelevant,gold_manual
Charles Schwab studying options for restructuring logistics division,Charles Schwab,irrelevant,synthetic
Visa net interest income falls 8% as rate environment pressures margins,Visa,relevant,synthetic
Kraft Heinz faces $3.0 billion fine from EPA over data privacy violations,Kraft Heinz,relevant,synthetic
Charles Schwab brings enterprise software to Spain users for the first time,Charles Schwab,irrelevant,synthetic
The Morgan Stanley Foundation Increases food security Commitment To $25 Million,Morgan Stanley,irrelevant,synthetic
Goldman Sachs factory worker arrested after incident caught on security camera in Boston,Goldman Sachs,irrelevant,synthetic
Ford store manager cited for personal safety violation in Denver,Ford,irrelevant,synthetic
Ahead of Citigroup's Q4 Report: Consensus Estimates and Risks,Citigroup,irrelevant,synthetic
Netflix chairman says trade tariffs is something all companies need to take seriously,Netflix,irrelevant,synthetic
Nvidia soft-launches personalized feed in Mexico following local regulatory approval,Nvidia,irrelevant,synthetic
Uber stock pulls back from record highs on no company-specific news,Uber,irrelevant,synthetic
JPMorgan Chase announces stablecoin to accelerate cross-border payments,JPMorgan Chase,relevant,synthetic
Emerson Electric human resources manager arrested in connection with unrelated drug charges in Denver,Emerson Electric,irrelevant,synthetic
Lockheed Martin Q4 gross margin narrows to 19.8% on record hypersonic weapons orders,Lockheed Martin,relevant,synthetic
Verizon faces social media campaign targeting marketing to minors allegations,Verizon,irrelevant,synthetic
Broadcom delivers solid close to 2020 as gross profit exceeds Wall Street forecasts,Broadcom,relevant,synthetic
Johnson & Johnson commits $7 million to Charlotte disaster response fund,Johnson & Johnson,irrelevant,synthetic
Capital One financial advisor arrested in connection with unrelated drug charges in Chicago,Capital One,irrelevant,synthetic
Competition with Mastercard sparks audit of landline phone lenders,Mastercard,irrelevant,synthetic
Pfizer announces $3.4 billion share buyback program,Pfizer,relevant,synthetic
JPMorgan to pay $136M settlement of credit card probes,JPMorgan Chase,relevant,gold_manual
"Jefferies trims Salesforce to overweight, flags execution risks",Salesforce,irrelevant,synthetic
"Costco's joint venture deal raises questions about Lowe's's position, per Barclays",Lowe's,irrelevant,synthetic
Ralph Lauren co-founder says AI regulation is creating uncertainty for long-term investment decisions,Ralph Lauren,irrelevant,synthetic
Home Depot drops sponsorship of annual awards show following social media backlash,Home Depot,irrelevant,synthetic
"Walmart deploys 17,000 Oculus Go headsets to train its employees",Walmart,relevant,gold_manual
Group of former Caterpillar district managers alleges disability discrimination in federal class-action,Caterpillar,irrelevant,synthetic
Post Holdings Appoints Dorothy M. Burwell To Board Of Directors,Goldman Sachs,irrelevant,gold_manual
Visa and MasterCard Are Caught in China's New Spending Curbs,Visa Inc.,irrelevant,gold_manual
ExxonMobil Wishes Australia a 'Fun' New Year as Country Burns in Climate Crisis,ExxonMobil,irrelevant,gold_manual
Procter & Gamble unveils three-year plan to cut costs by $1.8 billion,Procter & Gamble,relevant,synthetic
3M software engineer faces criminal charges unrelated to employment in Phoenix,3M,irrelevant,synthetic
Mastercard CEO to deliver keynote at the Allen & Company Sun Valley conference,Mastercard,irrelevant,synthetic
Bank of America raises loan loss provisions to $14.0 billion citing rising consumer delinquencies,Bank of America,relevant,synthetic
United Airlines commits $20 million to Fort Collins community resilience fund,United Airlines,irrelevant,synthetic
Waste Management recruits Lisa Harris from Morgan Stanley as head of sustainability,Waste Management,irrelevant,synthetic
Accenture cited as top player in search advertising by Gartner industry survey,Accenture,irrelevant,synthetic
Why is Republic Services stock pares earlier losses today? Here is what we know,Republic Services,irrelevant,synthetic
Save big on Boeing laptops this Cyber Monday — here is how,Boeing,irrelevant,synthetic
ConocoPhillips enables improved search filters to its developer portal,ConocoPhillips,irrelevant,synthetic
Former Lowe's marketing manager files religious discrimination complaint with EEOC,Lowe's,irrelevant,synthetic
United Airlines workforce reduced by 1500 as restructuring accelerates,United Airlines,relevant,synthetic
Yum Brands releases improved search filters to its banking app,Yum Brands,irrelevant,synthetic
ServiceNow human resources manager charged with running fraud scheme at local branch in Dallas,ServiceNow,irrelevant,synthetic
Progressive stock jumps as Nvidia emerges as major shareholder,Nvidia,relevant,synthetic
Warner Bros. Discovery to pay $25 million in connection with a customer privacy complaint investigation,Warner Bros. Discovery,irrelevant,synthetic
Boeing CEO says energy policy requires urgent attention from elected officials,Boeing,irrelevant,synthetic
Group of JPMorgan Chase users file $5M lawsuit alleging pregnancy discrimination in hiring,JPMorgan Chase,irrelevant,synthetic
FedEx enables accessibility improvements to its streaming platform,FedEx,irrelevant,synthetic
Wells Fargo Q3 Earnings: Analyst Estimates and Key Metrics to Watch,Wells Fargo,irrelevant,synthetic
Save big on Target airline miles cards this Black Friday — here is how,Target,irrelevant,synthetic
Report: Tesla looking at entering the retail banking market — company declines to comment,Tesla,irrelevant,synthetic
Video: Walmart greeter with cerebral palsy accepts new position amid store changes,Walmart,irrelevant,gold_manual
CVS Health acknowledges blood glucose monitor defect after 1000 customer complaints,CVS Health,relevant,synthetic
"ConocoPhillips posts Q2 net income of $5.1 billion, comes in below consensus",ConocoPhillips,relevant,synthetic
Meet Mexico's answer to Lowe's — and why it's growing fast,Lowe's,irrelevant,synthetic
BlackRock settles age discrimination complaint filed by former engineer for undisclosed amount,BlackRock,irrelevant,synthetic
Portland a big winner in General Electric's new purchase agreement with Target,General Electric,irrelevant,synthetic
"Adobe sued by a consumer advocacy group over disability accommodation failures, $10M claimed",Adobe,irrelevant,synthetic
"Mizuho downgrades Merck to overweight, lowers estimates on weak guidance",Merck,irrelevant,synthetic
Alphabet former CFO departs to become partner at a fintech startup,Alphabet,irrelevant,synthetic
Lockheed Martin logistics coordinator faces restraining order filed by former coworker in Phoenix,Lockheed Martin,irrelevant,synthetic
J&J seeks U.S. clearance for COVID-19 vaccine booster doses,Johnson & Johnson,relevant,gold_manual
Aflac raises full-year guidance after Q3 beat on better-than-expected catastrophe losses,Aflac,relevant,synthetic
Intel must show cloud growth to fuel restructuring,Intel,relevant,gold_manual
Why analysts are calling Sea Limited 'Netherlands's Qualcomm',Qualcomm,irrelevant,synthetic
FedEx divests supply chain services unit in $2.5 billion deal as part of strategic review,FedEx,relevant,synthetic
Tesla marketing manager charged with harassment following complaint by coworker in Charlotte,Tesla,irrelevant,synthetic
Warren Buffett watcher echoes warning on bitcoin: 'We're probably near the top of a bubble',Berkshire Hathaway,irrelevant,gold_manual
"RBC Capital Markets cuts Meta to underperform, warns of elevated inventory",Meta,irrelevant,synthetic
"Walmart delivers Q2 beat, guides higher for the year",Walmart,relevant,synthetic
Tyson Foods employees sign open letter opposing mandatory overtime policy,Tyson Foods,irrelevant,synthetic
Home Depot Q3 operating income surges 4% on strong seasonal demand,Home Depot,relevant,synthetic
Here's What Wall Street Expects From FedEx When It Reports Q4,FedEx,irrelevant,synthetic
Paramount Global logistics coordinator suspended following investigation into personal conduct in Charlotte,Paramount Global,irrelevant,synthetic
Travelers refreshes a redesigned home screen to its streaming platform,Travelers,irrelevant,synthetic
Chipotle former general counsel departs to become partner at a private equity firm,Chipotle,irrelevant,synthetic
PepsiCo in deal to take over beverage company for $3.0 billion,PepsiCo,relevant,synthetic
"Lowe's posts Q1 net income of $5.1 billion, falls short of expectations",Lowe's,relevant,synthetic
Republic Services CEO joins panel discussion at a Senate Commerce Committee hearing on the global supply chain,Republic Services,irrelevant,synthetic
"Emerson Electric reaches new four-year labor agreement with union representing 4,000 workers",Emerson Electric,relevant,synthetic
The Warner Bros of France just partnered with a US giant to conquer the US market,Warner Bros,irrelevant,synthetic
Wells Fargo raises quarterly dividend 24% to $1.38 per share,Wells Fargo,relevant,synthetic
Warner Bros. Discovery warns Q3 results will miss estimates due to rising content costs,Warner Bros. Discovery,relevant,synthetic
Norfolk Southern says full-year revenue will fall short of prior guidance by 27%,Norfolk Southern,relevant,synthetic
Starbucks launches push notification settings to its employee portal,Starbucks,irrelevant,synthetic
Booking Holdings CFO says inflation is moving in the right direction but more work remains,Booking Holdings,irrelevant,synthetic
Merck admits knowing about cardiac device fire risk in charging systems before public reports,Merck,relevant,synthetic
Waste Management CEO joins panel discussion at a Senate Commerce Committee hearing on innovation and growth,Waste Management,irrelevant,synthetic
A Starbucks drive-thru could soon serve City College and Land Park,Starbucks,irrelevant,gold_manual
"Dow announces 2,000 corporate layoffs, shares fall on restructuring news",Dow,relevant,synthetic
"UPS announces 3,000 corporate layoffs, shares fall on restructuring news",UPS,relevant,synthetic
Honeywell faces criticism from advocacy groups over data privacy practices,Honeywell,irrelevant,synthetic
Netflix chief executive says supply chain resilience requires urgent attention from elected officials,Netflix,irrelevant,synthetic
AbbVie blows past Q3 estimates on record insurance enrollment,AbbVie,relevant,synthetic
Why is JPMorgan Chase stock edges higher today? Here is what we know,JPMorgan Chase,irrelevant,synthetic
Report: Travelers considering move into streaming content business,Travelers,irrelevant,synthetic
Flipkart aims to be the Disney of streaming in Italy,Disney,irrelevant,synthetic
Charles Schwab cuts full-year guidance citing weaker trading revenue,Charles Schwab,relevant,synthetic
"Tyson Foods posts Q1 net income of $3.0 billion, falls short of expectations",Tyson Foods,relevant,synthetic
General Electric co-founder says the federal budget is creating uncertainty for long-term investment decisions,General Electric,irrelevant,synthetic
CSX branch teller charged with assault following workplace altercation in Detroit,CSX,irrelevant,synthetic
American Express pulls advertising from streaming service following offensive social media post,American Express,irrelevant,synthetic
Boeing rolls out a progress tracker to its streaming platform,Boeing,irrelevant,synthetic
"RBC Capital Markets lowers Raytheon to neutral, flags rising competitive pressure",Raytheon,irrelevant,synthetic
"Waste Management turns in a Q2 quarter investors had feared, stock drops",Waste Management,relevant,synthetic
"Qualcomm exploring potential sale of logistics unit, people familiar say",Qualcomm,irrelevant,synthetic
Procter & Gamble warehouse worker arrested in connection with unrelated drug charges in Seattle,Procter & Gamble,irrelevant,synthetic
Allstate store manager charged with running fraud scheme at local branch in Denver,Allstate,irrelevant,synthetic
Analyst says UPS acquisition positions the company ahead of Raytheon,Raytheon,irrelevant,synthetic
Walmart releases two-factor authentication prompts to its streaming platform,Walmart,irrelevant,synthetic
"Google joint venture seen as competitive threat to Lowe's, analyst says",Lowe's,irrelevant,synthetic
Deere & Company customer service representative arrested after incident caught on security camera in New York,Deere & Company,irrelevant,synthetic
EEOC opens investigation into Chipotle over alleged sexual harassment in scheduling practices,Chipotle,irrelevant,synthetic
"Needham cuts Lowe's to buy, flags execution risks",Lowe's,irrelevant,synthetic
Best Chevron deals this Black Friday: our top picks,Chevron,irrelevant,synthetic
Is Procter & Gamble's latest smartphones worth buying? A consumer review,Procter & Gamble,irrelevant,synthetic
McDonald's cuts full-year guidance citing slowing international sales,McDonald's,relevant,synthetic
Group of former 3M customer service representatives alleges racial discrimination in federal class-action,3M,irrelevant,synthetic
"Johnson & Johnson Q2 results: beats on top and bottom line, raises outlook",Johnson & Johnson,relevant,synthetic
"Mastercard hikes dividend by 16%, announces new $9 billion buyback program",Mastercard,relevant,gold_manual
Doubts Linger About CBS-Viacom Merger,AT&T,irrelevant,gold_manual
"Mizuho lifts Norfolk Southern to overweight, sees accelerating revenue growth",Norfolk Southern,irrelevant,synthetic
Comcast faces new sexual harassment lawsuit from former engineer in Pennsylvania court,Comcast,irrelevant,synthetic
Comcast introduces accessibility improvements to its retail website,Comcast,irrelevant,synthetic
AbbVie to acquire pharmacy benefit manager for $3.4 billion in all-stock deal,AbbVie,relevant,synthetic
Northrop Grumman shares outperforms the broader market as investors take profits across sectors,Northrop Grumman,irrelevant,synthetic
EEOC opens investigation into Boeing over alleged racial discrimination in termination policies,Boeing,irrelevant,synthetic
"DuPont issues profit warning, slashes guidance citing slowing demand",DuPont,relevant,synthetic
J&J and Sientra get FDA warning letters over breast implants,Johnson & Johnson,relevant,gold_manual
Speed Round: Cody Gribble's final round at AT&T Pebble Beach Pro-Am,AT&T,irrelevant,gold_manual
"Sources: Kimberly-Clark considering going private — no deal imminent, sources say",Kimberly-Clark,irrelevant,synthetic
"Bernstein raises Raytheon to underperform, raises estimates on guidance beat",Raytheon,irrelevant,synthetic
Sources: Deere & Company close to finalising acquisition of industrial software company for $8.3 billion,Deere & Company,relevant,synthetic
Oracle issues $5.1 billion in senior notes to refinance maturing debt,Oracle,relevant,synthetic
What To Expect From Citigroup's 2015 After Volatile Fiscal Q1,Citigroup,irrelevant,synthetic
$1M lawsuit alleges Mastercard age discrimination among warehouse workers,Mastercard,irrelevant,synthetic
Halliburton faces national origin discrimination lawsuit filed by former financial advisor,Halliburton,irrelevant,synthetic
Delta Air Lines unit sales miss as Apple captures 30% of market,Delta Air Lines,relevant,synthetic
Tesla shareholders strike down proposals to remove Musk as chairman and shake up board,"Tesla, Inc.",relevant,gold_manual
'McDonald's has changed': employees describe fallout from 1500 job cuts,McDonald's,relevant,synthetic
Wells Fargo 13F filing reveals new 20% position in Delta Air Lines,Wells Fargo,relevant,synthetic
Concert at Coca-Cola Arena draws thousands despite rain,Coca-Cola,irrelevant,synthetic
How Kimberly-Clark is forcing the taxi industry to reinvent itself,Kimberly-Clark,irrelevant,synthetic
"JPMorgan Chase divestiture seen as competitive threat to AbbVie, analyst says",AbbVie,irrelevant,synthetic
T-Mobile confirms it received and rejected $8.3 billion takeover bid,T-Mobile,relevant,synthetic
FedEx to present at the MIT Sloan Management Conference next month,FedEx,irrelevant,synthetic
Salt Lake City a big winner in Merck's new purchase agreement with Costco,Merck,irrelevant,synthetic
Accenture said to be exploring a buyout of a rival in early-stage discussions,Accenture,irrelevant,synthetic
Lowe's vs competitors: which headphones is right for you,Lowe's,irrelevant,synthetic
Is Norfolk Southern's latest smartphones worth buying? A consumer review,Norfolk Southern,irrelevant,synthetic
"Goldman Sachs trims Under Armour to underperform, flags deteriorating pricing power",Under Armour,irrelevant,synthetic
"Citi upgrades Dollar General to sell, cites market share gains",Dollar General,irrelevant,synthetic
IBM recognized on Forbes' list of best employers for workplace culture,IBM,irrelevant,synthetic
Microsoft Co-Founder and Seahawks Owner Paul Allen Dead at 65,Microsoft,irrelevant,gold_manual
"Card fraud is declining says Mastercard. Unfortunately, social scams are on the rise",Mastercard,irrelevant,gold_manual
"Boeing's Q4: better than feared, outlook encouraging",Boeing,relevant,synthetic
Comcast former chief revenue officer joins a government advisory role as its new chief executive,Comcast,irrelevant,synthetic
Morgan Stanley flags UPS as a company that could benefit from the deal in note on Target merger,UPS,irrelevant,synthetic
Progressive 13F filing reveals new 20% position in Nike,Progressive,relevant,synthetic
UnitedHealth Earnings Preview: What Analysts Are Watching This Quarter,UnitedHealth,irrelevant,synthetic
DuPont issues $1.8 billion in senior notes to fund strategic acquisitions,DuPont,relevant,synthetic
Costco faces criticism from advocacy groups over price increase practices,Costco,irrelevant,synthetic
Uber threat prompts video rental industry to lobby for protection,Uber,irrelevant,synthetic
"Baird raises ServiceNow to hold, sees margin recovery underway",ServiceNow,irrelevant,synthetic
Eli Lilly vs competitors: which smartphones is right for you,Eli Lilly,irrelevant,synthetic
"Citigroup now second to Carrefour in enterprise software, data shows",Citigroup,relevant,synthetic
Gilmore Girls: A Year in the Life': What to know before the Netflix revival premieres,Netflix,irrelevant,gold_manual
T-Mobile confirms it received and rejected $1.8 billion takeover bid,T-Mobile,relevant,synthetic
Target acquires supply chain company in $8.3 billion deal expanding into delivery service,Target,relevant,synthetic
Booking Holdings employees stage walkout over changes to remote work flexibility,Booking Holdings,irrelevant,synthetic
"Stifel lowers CSX to underperform, flags margin pressure ahead",CSX,irrelevant,synthetic
Comcast acknowledges new SUV defect after 100000 customer complaints,Comcast,relevant,synthetic
Fidelity CEO admits flagship phone has braking problems,Fidelity,relevant,synthetic
Local school renamed after Ford founder despite community debate,Ford,irrelevant,synthetic
Halliburton store manager faces personal lawsuit unrelated to company activities in Detroit,Halliburton,irrelevant,synthetic
"Baird raises Tesla to overweight, cites strong earnings visibility",Tesla,irrelevant,synthetic
Airbnb asked to disclose data on 172 users so far this year,Airbnb,irrelevant,gold_manual
Tyson Foods agrees to sell beverage unit for $1.2 billion to private equity firm,Tyson Foods,relevant,synthetic
DuPont factory worker sued by customer over personal conduct during shift in Seattle,DuPont,irrelevant,synthetic
American Express raises quarterly dividend 24% to $0.45 per share,American Express,relevant,synthetic
AirBnB says people are still spending big on travel and but they're choosing shorter stays in bigger cities,Airbnb,relevant,gold_manual
JPMorgan Chase appoints John Thompson to newly created VP of product marketing position,JPMorgan Chase,irrelevant,synthetic
Warner Bros. Discovery former chief revenue officer leaves to join a venture capital fund in senior role,Warner Bros. Discovery,irrelevant,synthetic
MetLife unit sales miss as Alibaba captures 35% of market,MetLife,relevant,synthetic
Chevron refreshes a redesigned home screen to its mobile app,Chevron,irrelevant,synthetic
FedEx activist investor discloses $3.4 billion stake pushes for margin improvement,FedEx,relevant,synthetic
Mastercard Q3 earnings of $3.10 per share comes in below consensus,Mastercard,relevant,synthetic
Costco studying options for restructuring retail division,Costco,irrelevant,synthetic
Bank of America flags Target as a potential bidder that chose not to participate in note on FedEx joint venture,Target,irrelevant,synthetic
Home Depot acknowledges medical device defect after 5000 customer complaints,Home Depot,relevant,synthetic
Ford rolls out biometric login in Japan ahead of broader rollout,Ford,irrelevant,synthetic
Aflac cited as top player in smartphone sales by Gartner industry survey,Aflac,irrelevant,synthetic
Lockheed Martin workers vote to reject company contract offer at its largest facility,Lockheed Martin,relevant,synthetic
Former Amazon former chief marketing officer appointed to advisory board of a non-profit board,Amazon,irrelevant,synthetic
Tyson Foods CFO says climate policy is creating uncertainty for long-term investment decisions,Tyson Foods,irrelevant,synthetic
"CVS Health receives FDA approval for new medical device company treatment, shares rise",CVS Health,relevant,synthetic
Petition Aims to Silence Trump Animatronic Figure at Disney World,Walt Disney Company (The),irrelevant,gold_manual
Walt Disney faces criticism from advocacy groups over marketing to minors allegations,Walt Disney,irrelevant,synthetic
What To Expect From Coca-Cola's 2021 After Modest Fiscal Q4,Coca-Cola,irrelevant,synthetic
Competition with Costco sparks audit of video rental lenders,Costco,irrelevant,synthetic
What To Expect From Warner Bros's 2017 After Robust Fiscal Q3,Warner Bros,irrelevant,synthetic
Netflix branch teller arrested in connection with unrelated drug charges in Seattle,Netflix,irrelevant,synthetic
Meet South Korea's answer to Tesla — and why it's growing fast,Tesla,irrelevant,synthetic
Tesla president says the labor market is moving in the right direction but more work remains,Tesla,irrelevant,synthetic
Airbnb's CEO says he wants to make the app the Amazon of travel,Airbnb,irrelevant,gold_manual
Starbucks names longtime board member as new chief executive following strategic shift,Starbucks,relevant,synthetic
Intel Unveils New Funding Model to Enable Huge Chip Project,Intel,relevant,gold_manual
Pfizer's investment in Home Depot signals strategic interest in cybersecurity,Pfizer,relevant,synthetic
IDC ranks Morgan Stanley as the leading provider in enterprise software,Morgan Stanley,irrelevant,synthetic
"Pfizer reaches new four-year labor agreement with union representing 5,500 workers",Pfizer,relevant,synthetic
3M faces class-action lawsuit over alleged age discrimination among retail associates,3M,irrelevant,synthetic
Walgreens admits knowing about commercial aircraft fire risk in charging systems before public reports,Walgreens,relevant,synthetic
Starbucks Hit With Boycott After Pledging to Hire Refugees,Starbucks,relevant,gold_manual
Walmart employees protest return-to-office mandate at headquarters,Walmart,irrelevant,synthetic
"Raytheon CFO announces retirement, company names former divisional CFO as replacement",Raytheon,relevant,synthetic
Group of former General Motors sales representatives alleges gender discrimination in federal class-action,General Motors,irrelevant,synthetic
Oracle data center revenue surges 31% on record AI chip demand,Oracle,relevant,synthetic
Warner Bros. Discovery stock edges higher as investors rotate into defensives,Warner Bros. Discovery,irrelevant,synthetic
travel agency braces for impact as AbbVie prepares to enter market,AbbVie,irrelevant,synthetic
Disney promotes William White to VP of human resources,Disney,irrelevant,synthetic
Visa studying options for restructuring media division,Visa,irrelevant,synthetic
"Baird lifts Visa to hold, points to improving competitive position",Visa,irrelevant,synthetic
ConocoPhillips chief operating officer says climate policy is something all companies need to take seriously,ConocoPhillips,irrelevant,synthetic
Walt Disney board approves new $3.0 billion share repurchase authorization,Walt Disney,relevant,synthetic
Australia pushes for faster US visa processing after backlog grows,Visa,irrelevant,synthetic
Caterpillar commits $7 million to Salt Lake City mental health fund,Caterpillar,irrelevant,synthetic
Deere & Company Q3 earnings of $2.14 per share surpasses consensus,Deere & Company,relevant,synthetic
McDonald's faces legal action over sexual harassment in sales division in Colorado,McDonald's,irrelevant,synthetic
Microsoft introduces digital wallet in Southeast Europe market,Microsoft,irrelevant,synthetic
How General Motors's decision to build in Atlanta benefits local workers,General Motors,irrelevant,synthetic
Booking Holdings delivery driver sued by customer over personal conduct during shift in Chicago,Booking Holdings,irrelevant,synthetic
"Norfolk Southern to eliminate 2,500 positions as part of $0.8 billion cost reduction plan",Norfolk Southern,relevant,synthetic
Airbnb stock rises to 52-week high following weaker-than-expected jobs data,Airbnb,irrelevant,synthetic
"Paramount Global reports 12% drop in quarterly revenue, cuts annual guidance",Paramount Global,relevant,synthetic
T-Mobile stock jumps as 3M emerges as major shareholder,3M,relevant,synthetic
Colgate-Palmolive says full-year revenue will fall short of prior guidance by 18%,Colgate-Palmolive,relevant,synthetic
DuPont faces criticism from advocacy groups over price increase practices,DuPont,irrelevant,synthetic
United Airlines gives $4M to Michigan for food security scholarship,United Airlines,irrelevant,synthetic
Comcast brings loyalty rewards program to Sweden users for the first time,Comcast,irrelevant,synthetic
"Caterpillar CFO announces resignation, company names industry outsider as replacement",Caterpillar,relevant,synthetic
Justin Timberlake's new Netflix trailer will rock your body,Netflix,irrelevant,gold_manual
Ford tests dark mode in Columbus starting this month,Ford,irrelevant,synthetic
Investors dump brick-and-mortar retail stocks on fears of Eli Lilly disruption,Eli Lilly,irrelevant,synthetic
Amazon says full-year revenue will fall short of prior guidance by 14%,Amazon,relevant,synthetic
Travelers drops sponsorship of annual awards show following social media backlash,Travelers,irrelevant,synthetic
Waste Management delivers solid close to 2022 as profit comes in ahead,Waste Management,relevant,synthetic
ConocoPhillips names divisional president as new chief executive following CEO transition,ConocoPhillips,relevant,synthetic
Chevron co-founder says data privacy law is a concern shared by businesses of all sizes,Chevron,irrelevant,synthetic
UnitedHealth Group spent $1.6 million on executive security last year,UnitedHealth Group,irrelevant,gold_manual
"Comcast turns in a Q4 quarter investors had feared, stock drops",Comcast,relevant,synthetic
Procter & Gamble retail associate arrested for allegedly cashing fraudulent checks in Minneapolis,Procter & Gamble,irrelevant,synthetic
Dow faces consumer boycott over overseas manufacturing practices,Dow,irrelevant,synthetic
Apple district manager faces personal lawsuit unrelated to company activities in Boston,Apple,irrelevant,synthetic
Meta fined $40 million by EEOC over a minor fair lending violation,Meta,irrelevant,synthetic
Oracle board approves new $2.5 billion share repurchase authorization,Oracle,relevant,synthetic
ServiceNow reports 15% jump in advertising revenue as digital ad market recovers,ServiceNow,relevant,synthetic
See the banned Christina Hendricks P&G ad,Procter & Gamble,irrelevant,gold_manual
United Airlines expands cloud dashboard to Australia with 10000 pilot users,United Airlines,irrelevant,synthetic
PepsiCo surges after Procter & Gamble discloses 8% ownership position,Procter & Gamble,relevant,synthetic
"Morgan Stanley downgrades Ralph Lauren to equal weight, cites slowing demand environment",Ralph Lauren,irrelevant,synthetic
Workers at HCA Healthcare express anger as company eliminates 500 roles,HCA Healthcare,relevant,synthetic
Republic Services chairman says banking regulation is creating uncertainty for long-term investment decisions,Republic Services,irrelevant,synthetic
Mondelez updates two-factor authentication prompts to its enterprise dashboard,Mondelez,irrelevant,synthetic
"CSX Q4: revenue in line, margins disappoint, guidance cut",CSX,relevant,synthetic
Netflix credit rating affirmed with stable outlook by S&P citing diversified revenue mix,Netflix,relevant,synthetic
IDC ranks AbbVie as the leading provider in enterprise software,AbbVie,irrelevant,synthetic
"Mastercard delivers Q1 beat, guides higher for the year",Mastercard,relevant,synthetic
Instagram is introducing teen accounts with new safety features in India,Meta Platforms,irrelevant,gold_manual
"Needham trims Eli Lilly to outperform, lowers estimates on weak guidance",Eli Lilly,irrelevant,synthetic
Target warehouse worker charged with harassment following complaint by coworker in Miami,Target,irrelevant,synthetic
"Dollar General finishes 2024 strong, has high hopes for 2025",Dollar General,relevant,synthetic
Johnson & Johnson fined $8 million by state attorneys general over a customer privacy complaint,Johnson & Johnson,irrelevant,synthetic
eMarketer ranks Tyson Foods as the leading provider in ride-sharing,Tyson Foods,irrelevant,synthetic
Wells Fargo CFO says inflation is top of mind for executives across every industry,Wells Fargo,irrelevant,synthetic
Emerson Electric names divisional president as new chief executive following strategic shift,Emerson Electric,relevant,synthetic
Chipotle co-founder says banking regulation will have long-lasting effects on the broader economy,Chipotle,irrelevant,synthetic
Amazon loses consumer hardware division contract to rival in blow to revenue outlook,Amazon,relevant,synthetic
How Nike's merger could reshape the competitive landscape for Johnson & Johnson,Johnson & Johnson,irrelevant,synthetic
Caterpillar faces $0.8 billion fine from CFTC over environmental violations,Caterpillar,relevant,synthetic
Nigerian 'unicorn' Interswitch sells stake to Visa,Visa Inc.,relevant,gold_manual
"Barclays boosts Citigroup to sell, says near-term headwinds are priced in",Citigroup,irrelevant,synthetic
Uber plans to let customers book helicopter rides through its app,Uber,irrelevant,gold_manual
Meet Germany's answer to Aflac — and why it's growing fast,Aflac,irrelevant,synthetic
"Lockheed Martin posts Q1 net income of $11.2 billion, surpasses consensus",Lockheed Martin,relevant,synthetic
UnitedHealth reaches $8 million agreement with EEOC to resolve an environmental reporting error,UnitedHealth,irrelevant,synthetic
Cisco delivers solid close to 2017 as revenue beats the Street,Cisco,relevant,synthetic
Boeing workers vote to unionize at main production plant,Boeing,relevant,synthetic
FedEx activist investor discloses $0.8 billion stake pushes for margin improvement,FedEx,relevant,synthetic
Why analysts are calling Sea Limited 'India's Lowe's',Lowe's,irrelevant,synthetic
"Northrop Grumman reports Q4 revenue of $5.1 billion, beats analyst estimates on record defense contract backlog",Northrop Grumman,relevant,synthetic
AT&T enables improved search filters to its loyalty app,AT&T,irrelevant,synthetic
Apple to acquire developer tools company for $1.8 billion in all-stock deal,Apple,relevant,synthetic
Nvidia data center revenue surges 42% on record AI chip demand,Nvidia,relevant,synthetic
Judge orders Emerson Electric to pay $110 million in damages over market manipulation,Emerson Electric,relevant,synthetic
Italy wants concrete date for EU visa liberalization,Visa,irrelevant,synthetic
"Baird cuts Halliburton to buy, sees limited upside from current levels",Halliburton,irrelevant,synthetic
Inside MetLife's leadership crisis: the departure of its next CEO,MetLife,relevant,synthetic
Former Costco customer files $10M suit over hostile work environment claims,Costco,irrelevant,synthetic
"UBS lowers Bank of America to underperform, flags deteriorating pricing power",Bank of America,irrelevant,synthetic
Consumer guide: Citigroup televisions ranked and reviewed,Citigroup,irrelevant,synthetic
Walmart sued by former sales representative alleging gender discrimination in hiring practices,Walmart,irrelevant,synthetic
Local school renamed after Verizon founder despite community debate,Verizon,irrelevant,synthetic
Home Depot Q4 operating income surges 4% on strong comparable store sales growth,Home Depot,relevant,synthetic
"Oppenheimer downgrades Stellantis to neutral, cites slowing demand environment",Stellantis,irrelevant,synthetic
Report: Mondelez holds 31% market share in smartphone sales per S&P Global Market Intelligence,Mondelez,irrelevant,synthetic
MasterCard will approve purchases by scanning your face,Mastercard,relevant,gold_manual
Starbucks heir-apparent exits as board searches for new leadership,Starbucks,relevant,synthetic
Walt Disney faces class-action lawsuit over alleged disability discrimination among retail associates,Walt Disney,irrelevant,synthetic
Johnson & Johnson admits knowing about blood glucose monitor software glitch causing crashes before public reports,Johnson & Johnson,relevant,synthetic
Verizon Q3 earnings of $0.43 per share tops expectations,Verizon,relevant,synthetic
Chipotle pays $20 million to settle a minor labor board finding complaint with FTC,Chipotle,irrelevant,synthetic
Inside Qualcomm's leadership crisis: the departure of its next CEO,Qualcomm,relevant,synthetic
"Emily Martin, 3M's likely next CEO, resigns following board dispute",3M,relevant,synthetic
"Jefferies lowers General Motors to overweight, flags execution risks",General Motors,irrelevant,synthetic
Chevron Q2 earnings of $3.78 per share tops expectations,Chevron,relevant,synthetic
New IDC data shows American Express gaining share in ride-sharing,American Express,irrelevant,synthetic
Salesforce issues $22.0 billion in senior notes to refinance maturing debt,Salesforce,relevant,synthetic
Lockheed Martin to acquire unmanned systems company for $2.5 billion in all-cash deal,Lockheed Martin,relevant,synthetic
Citigroup faces disability discrimination lawsuit filed by group of retail workers,Citigroup,irrelevant,synthetic
How Kimberly-Clark is forcing the landline phone industry to reinvent itself,Kimberly-Clark,irrelevant,synthetic
Eli Lilly acquires medical device company for $650 million to bolster biotech startup,Eli Lilly,relevant,synthetic
Allstate faces new sexual harassment lawsuit from group of warehouse workers in New Jersey court,Allstate,irrelevant,synthetic
"Deutsche Bank trims Alphabet to hold, lowers price target on earnings miss",Alphabet,irrelevant,synthetic
Costco ranks among Fortune's most admired companies list for the second straight year,Costco,irrelevant,synthetic
Meet the humans of the world’s biggest tech show,AT&T,irrelevant,gold_manual
Republic Services revenue growth trails Costco for 6 straight quarters,Republic Services,relevant,synthetic
Starbucks said to be considering selling its media division in early-stage discussions,Starbucks,irrelevant,synthetic
EEOC opens investigation into Morgan Stanley over alleged disability discrimination in hiring practices,Morgan Stanley,irrelevant,synthetic
Charles Schwab rolls out a new rewards tracker to its streaming platform,Charles Schwab,irrelevant,synthetic
We favor US stocks over non-US stocks: Wells Fargo,Wells Fargo,irrelevant,gold_manual
Under Armour software engineer cited for personal safety violation in Phoenix,Under Armour,irrelevant,synthetic
ExxonMobil faces pregnancy discrimination lawsuit filed by former executive,ExxonMobil,irrelevant,synthetic
"Starbucks partnership seen as competitive threat to Boeing, analyst says",Boeing,irrelevant,synthetic
IBM co-founder says AI regulation is the biggest challenge facing businesses today,IBM,irrelevant,synthetic
"Turkish woman arrested for criticising Instagram ban, media says",Meta Platforms,irrelevant,gold_manual
Workers at PepsiCo express anger as company eliminates 1200 roles,PepsiCo,relevant,synthetic
newspaper giants struggle as Kraft Heinz raises fresh capital,Kraft Heinz,irrelevant,synthetic
"Oracle cloud revenue grows 18% year-over-year, falls short of expectations",Oracle,relevant,synthetic
Charles Schwab agrees to $10 million penalty over an environmental reporting error,Charles Schwab,irrelevant,synthetic
Here's What Wall Street Expects From Caterpillar When It Reports Q3,Caterpillar,irrelevant,synthetic
Tesla faces another U.S. investigation: Unexpected braking,"Tesla, Inc.",relevant,gold_manual
Deere & Company marketing manager charged with running fraud scheme at local branch in Minneapolis,Deere & Company,irrelevant,synthetic
Wells Fargo CEO concedes medical device problems are 'more serious than we thought',Wells Fargo,relevant,synthetic
Starbucks human resources manager faces personal lawsuit unrelated to company activities in Atlanta,Starbucks,irrelevant,synthetic
Why is JPMorgan Chase stock rises to 52-week high today? Here is what we know,JPMorgan Chase,irrelevant,synthetic
Chipotle faces consumer boycott over environmental claims on packaging,Chipotle,irrelevant,synthetic
Former Meta customer files $45M suit over sexual harassment in sales division,Meta,irrelevant,synthetic
"Goldman Sachs upgrades Stellantis to overweight, raises estimates on guidance beat",Stellantis,irrelevant,synthetic
"Oppenheimer raises Northrop Grumman to equal weight, cites market share gains",Northrop Grumman,irrelevant,synthetic
Eli Lilly reports positive Phase 3 trial results for key pipeline drug,Eli Lilly,relevant,synthetic
Chevron launches improved load times to its cloud console,Chevron,irrelevant,synthetic
Comcast Earnings: 5 Things Investors Should Monitor,Comcast,irrelevant,synthetic
BlackRock stock underperforms the sector amid rising interest rate fears,BlackRock,irrelevant,synthetic
US tightens visa rules for Italy nationals over security concerns,Visa,irrelevant,synthetic
Workers at Costco express anger as company eliminates 1500 roles,Costco,relevant,synthetic
Why is Nike stock rises to 52-week high today? Here is what we know,Nike,irrelevant,synthetic
Capital One faces new racial discrimination lawsuit from former engineer in Massachusetts court,Capital One,irrelevant,synthetic
Goldman Sachs activist investor discloses $3.4 billion stake pushes for margin improvement,Goldman Sachs,relevant,synthetic
FedEx employees protest new attendance tracking system at headquarters,FedEx,irrelevant,synthetic
Airbnb cited as top player in electric vehicles by Nielsen industry survey,Airbnb,irrelevant,synthetic
Netflix discloses CFPB subpoena related to market manipulation,Netflix,relevant,synthetic
City council debates naming rights deal for stadium near Oracle offices,Oracle,irrelevant,synthetic
BRIEF-Timothy Flynn joins UnitedHealth Group board,UnitedHealth Group,irrelevant,gold_manual
Ralph Lauren co-founder says energy policy is more complex than most policymakers appreciate,Ralph Lauren,irrelevant,synthetic
"Comedian references Tesla in viral stand-up set, clip goes viral",Tesla,irrelevant,synthetic
Biden to let Trump's H1-B visa ban expire in win for tech companies,Visa Inc.,irrelevant,gold_manual
"Your Netflix alternative is here, and it’s only A$23 for life",Netflix,irrelevant,gold_manual
Walmart branch teller sued by customer over personal conduct during shift in Denver,Walmart,irrelevant,synthetic
Airbnb adds new color themes to its customer app,Airbnb,irrelevant,synthetic
video rental braces for impact as Mondelez prepares to enter market,Mondelez,irrelevant,synthetic
How Nike's restructuring could reshape the competitive landscape for Emerson Electric,Emerson Electric,irrelevant,synthetic
"Starbucks reaches tentative contract deal with union representing 3,000 workers",Starbucks,relevant,synthetic
Ford faces $1.8 billion fine from EU regulators over mortgage servicing failures,Ford,relevant,synthetic
"General Motors protected from faulty ignition-switch lawsuits, judge rules",General Motors,relevant,gold_manual
Baptists and Walmart criticize rebel-themed Mississippi flag,Walmart,irrelevant,gold_manual
"Chrissy Teigen to Appear on Season 2 of Meghan Markle's Netflix Series With Love, Meghan",Netflix,irrelevant,gold_manual
Needham flags Paramount Global among the companies most affected by the deal in note on Walmart restructuring,Paramount Global,irrelevant,synthetic
Dow vs competitors: which streaming plans is right for you,Dow,irrelevant,synthetic
"United Airlines weighing options to expand into Mexico market, sources say",United Airlines,irrelevant,synthetic
"Stifel trims Booking Holdings to overweight, cites slowing demand environment",Booking Holdings,irrelevant,synthetic
Mondelez marketing manager charged with assault following workplace altercation in Boston,Mondelez,irrelevant,synthetic
Morgan Stanley employees say they feel betrayed as 1500 layoffs sweep through divisions,Morgan Stanley,relevant,synthetic
Report: Progressive holds 34% market share in e-commerce per Gartner,Progressive,irrelevant,synthetic
BlackRock store manager faces criminal charges unrelated to employment in Denver,BlackRock,irrelevant,synthetic
Johnson & Johnson raises quarterly dividend 21% to $0.85 per share,Johnson & Johnson,relevant,synthetic
"Sources: Home Depot considering going private — no deal imminent, sources say",Home Depot,irrelevant,synthetic
Wells Fargo settles national origin discrimination complaint filed by former financial advisor for undisclosed amount,Wells Fargo,irrelevant,synthetic
Disney extends consumer app trial to Germany and Indonesia,Disney,irrelevant,synthetic
Chevron cuts full-year guidance citing declining production volumes,Chevron,relevant,synthetic
Tyson Foods raises full-year guidance after Q3 beat on record digital order mix,Tyson Foods,relevant,synthetic
"American Express lowers Q4 outlook, sends shares sharply lower in after-hours trading",American Express,relevant,synthetic
UPS loses supply chain services unit contract to rival in blow to revenue outlook,UPS,relevant,synthetic
Paramount Global fined $30 million by state attorneys general over a minor labor board finding,Paramount Global,irrelevant,synthetic
FedEx names Patricia Taylor to lead director of government affairs function,FedEx,irrelevant,synthetic
Ohio gains economic boost as Merck expands operations,Merck,irrelevant,synthetic
Could Bukalapak be the Mexico version of Nvidia?,Nvidia,irrelevant,synthetic
What To Expect From Walmart's 2019 After Steady Fiscal Q3,Walmart,irrelevant,synthetic
"Accenture announces 7,000 job cuts in retail operations amid automation initiative",Accenture,relevant,synthetic
General Motors CEO to deliver keynote at the Aspen Ideas Festival,General Motors,irrelevant,synthetic
PepsiCo Foundation launches $15M initiative for mental health,PepsiCo,irrelevant,synthetic
Starbucks faces age discrimination lawsuit filed by group of warehouse workers,Starbucks,irrelevant,synthetic
Kraft Heinz chief operating officer says deficit spending is something all companies need to take seriously,Kraft Heinz,irrelevant,synthetic
"Paramount Global reports 42% drop in quarterly revenue, cuts annual guidance",Paramount Global,relevant,synthetic
Tyson Foods employees stage walkout over return-to-office mandate,Tyson Foods,irrelevant,synthetic
The startup that wants to do to ride-hailing what Netflix did to retail,Netflix,irrelevant,synthetic
Former Paramount Global logistics coordinator files national origin discrimination complaint with EEOC,Paramount Global,irrelevant,synthetic
Airbnb CFO says banking regulation will shape business strategy for years to come,Airbnb,irrelevant,synthetic
"Lockheed Martin delivers Q1 beat, guides higher for the year",Lockheed Martin,relevant,synthetic
Emerson Electric chief executive says deficit spending will shape business strategy for years to come,Emerson Electric,irrelevant,synthetic
PepsiCo confirms receipt of DOJ civil investigative demand over antitrust violations,PepsiCo,relevant,synthetic
Mondelez brings cloud dashboard to Indonesia users for the first time,Mondelez,irrelevant,synthetic
"General Motors to Lay Off 1,000 Software Employees, Including 600 Workers in Michigan",General Motors,relevant,gold_manual
CSX CFO says the labor market is a concern shared by businesses of all sizes,CSX,irrelevant,synthetic
Halliburton agrees to sell international upstream assets for $3.4 billion to strategic acquirer,Halliburton,relevant,synthetic
"T-Mobile posts Q3 net income of $1.2 billion, tops expectations",T-Mobile,relevant,synthetic
Republic Services district manager arrested for alleged theft from delivery route in Dallas,Republic Services,irrelevant,synthetic
Alphabet faces new pay discrimination lawsuit from former financial advisor in Georgia court,Alphabet,irrelevant,synthetic
Caterpillar to acquire industrial software company for $1.2 billion in all-stock deal,Caterpillar,relevant,synthetic
Dollar General outlines five-year strategy to double revenue in specialty retailer segment,Dollar General,relevant,synthetic
Protests outside Walmart headquarters over unrelated political issue,Walmart,irrelevant,synthetic
Lowe's district manager arrested for alleged theft from delivery route in Philadelphia,Lowe's,irrelevant,synthetic
Dollar General sets aside $5.1 billion to cover costs of delivery service product recall,Dollar General,relevant,synthetic
Citigroup CEO says company is 'open to' exploring insurance products opportunities,Citigroup,irrelevant,synthetic
Group of Comcast users file $1M lawsuit alleging national origin discrimination claims,Comcast,irrelevant,synthetic
Halliburton exec admits fire risk in charging systems with Model 3 model after pressure mounts,Halliburton,relevant,synthetic
Walt Disney refreshes a redesigned home screen to its developer portal,Walt Disney,irrelevant,synthetic
BlackRock employees sign open letter opposing return-to-office mandate,BlackRock,irrelevant,synthetic
Columbus officials celebrate as BlackRock selects site for new research campus,BlackRock,irrelevant,synthetic
Investors dump cable stocks on fears of Disney disruption,Disney,irrelevant,synthetic
"Paramount Global and streaming platform confirm merger talks, deal could be worth $1.8 billion",Paramount Global,relevant,synthetic
Merck raises full-year earnings guidance following stronger-than-expected drug sales,Merck,relevant,synthetic
"Bloomberg: Aflac in early discussions about a joint venture, though talks are preliminary",Aflac,irrelevant,synthetic
"Home Depot and delivery service confirm merger talks, deal could be worth $1.8 billion",Home Depot,relevant,synthetic
Allstate customer service representative faces restraining order filed by former coworker in Philadelphia,Allstate,irrelevant,synthetic
North Carolina gains economic boost as Nike expands operations,Nike,irrelevant,synthetic
Costco faces legal action over pregnancy discrimination in hiring in Indiana,Costco,irrelevant,synthetic
EEOC opens investigation into Nvidia over alleged racial harassment in termination policies,Nvidia,irrelevant,synthetic
FedEx brings cloud dashboard to Japan users for the first time,FedEx,irrelevant,synthetic
video rental braces for impact as JPMorgan Chase prepares to enter market,JPMorgan Chase,irrelevant,synthetic
IBM vs competitors: which televisions is right for you,IBM,irrelevant,synthetic
Netflix soft-launches voice search in Germany following local regulatory approval,Netflix,irrelevant,synthetic
FDA orders Mastercard to halt production at facility over contamination findings,Mastercard,relevant,synthetic
How Progressive's decision to build in Raleigh benefits local workers,Progressive,irrelevant,synthetic
United Airlines extends digital wallet trial to Canada and Singapore,United Airlines,irrelevant,synthetic
Paramount Global president says AI regulation is the biggest challenge facing businesses today,Paramount Global,irrelevant,synthetic
UnitedHealth factory worker faces personal lawsuit unrelated to company activities in Minneapolis,UnitedHealth,irrelevant,synthetic
"Piper Sandler boosts Lockheed Martin to hold, sees accelerating revenue growth",Lockheed Martin,irrelevant,synthetic
What to Watch When Lowe's Reports Earnings Tuesday,Lowe's,irrelevant,synthetic
"Booking Holdings announces 1,600 job cuts in investment banking amid cost reduction program",Booking Holdings,relevant,synthetic
AT&T CEO says immigration policy demands a thoughtful policy response from legislators,AT&T,irrelevant,synthetic
Waste Management earns top score on LinkedIn's top companies to work for,Waste Management,irrelevant,synthetic
AbbVie shares trade lower on no company-specific news — no new company news,AbbVie,irrelevant,synthetic
ServiceNow CFO says global trade presents both risks and opportunities for the private sector,ServiceNow,irrelevant,synthetic
China says preliminary probe shows Nvidia violated anti-monopoly law,Nvidia,relevant,gold_manual
Walt Disney acquires sports rights holder for $110 million to bolster production company,Walt Disney,relevant,synthetic
ConocoPhillips employees sign open letter opposing healthcare benefit reductions,ConocoPhillips,irrelevant,synthetic
Group of former Charles Schwab store managers alleges pregnancy discrimination in federal class-action,Charles Schwab,irrelevant,synthetic
Mastercard announces stablecoin to accelerate cross-border payments,Mastercard,relevant,synthetic
Wells Fargo raises quarterly dividend 6% to $0.94 per share,Wells Fargo,relevant,synthetic
Report: Tyson Foods evaluating strategic alternatives — company declines to comment,Tyson Foods,irrelevant,synthetic
Waste Management co-founder says immigration policy requires coordinated global action to address effectively,Waste Management,irrelevant,synthetic
Dollar General adds push notification settings to its banking app,Dollar General,irrelevant,synthetic
Fourth of July getaways: Airbnb says travelers are searching these destinations the most,Airbnb,irrelevant,gold_manual
Local suppliers cheer Goldman Sachs's new production deal as Phoenix gains,Goldman Sachs,irrelevant,synthetic
"Alphabet expansion to create 500 jobs in Salt Lake City, governor says",Alphabet,irrelevant,synthetic
Consumer guide: ExxonMobil headphones ranked and reviewed,ExxonMobil,irrelevant,synthetic
Attorney: Iranian infant needs visa waiver for heart surgery,Visa Inc.,irrelevant,gold_manual
Former UnitedHealth retail associate files racial harassment complaint with EEOC,UnitedHealth,irrelevant,synthetic
Yum Brands activist investor discloses $0.8 billion stake pushes for margin improvement,Yum Brands,relevant,synthetic
"Target CEO announces planned retirement, board appoints industry veteran",Target,relevant,synthetic
"Republic Services announces 1,600 corporate layoffs, shares fall on restructuring news",Republic Services,relevant,synthetic
Deere & Company delivery driver arrested for allegedly cashing fraudulent checks in Seattle,Deere & Company,irrelevant,synthetic
Berkshire Hathaway CFO scheduled to appear at the Aspen Ideas Festival investor day,Berkshire Hathaway,irrelevant,synthetic
ConocoPhillips software engineer charged with assault following workplace altercation in Denver,ConocoPhillips,irrelevant,synthetic
The Verizon Foundation Increases disaster response Commitment To $15 Million,Verizon,irrelevant,synthetic
"Sony's best noise-cancelling headphones are $72 off right now at Amazon, Best Buy, and Walmart",Walmart,irrelevant,gold_manual
"Broadcom Stock, DoorDash Are Mutual Fund Darlings And Ready For Action",Broadcom,irrelevant,gold_manual
The executive many thought would run UPS has left the company,UPS,relevant,synthetic
"Charles Schwab may exit South Korea amid regulatory uncertainty, sources say",Charles Schwab,irrelevant,synthetic
UnitedHealth issues $1.8 billion in senior notes to fund strategic acquisitions,UnitedHealth,relevant,synthetic
Starbucks threat prompts cable industry to lobby for protection,Starbucks,irrelevant,synthetic
DuPont former CEO departs to become partner at a fintech startup,DuPont,irrelevant,synthetic
Visa dreams of turning your entire home into a cash register,Visa Inc.,relevant,gold_manual
Merck raises quarterly dividend 31% to $0.94 per share,Merck,relevant,synthetic
newspaper giants struggle as Salesforce wins major government contract,Salesforce,irrelevant,synthetic
Sources: Waste Management weighing a strategic review but no decision expected soon,Waste Management,irrelevant,synthetic
Visa Q1 Earnings: Analyst Estimates and Key Metrics to Watch,Visa,irrelevant,synthetic
MasterCard Launches Immediate Payment Service To Replace Checks,Mastercard,relevant,gold_manual
"Progressive to eliminate 2,000 positions as part of $1.2 billion cost reduction plan",Progressive,relevant,synthetic
UPS faces class-action lawsuit over alleged pregnancy discrimination among sales representatives,UPS,irrelevant,synthetic
Raytheon faces class-action over satellite systems maker product defect affecting millions of users,Raytheon,relevant,synthetic
City council debates naming rights deal for stadium near Waste Management offices,Waste Management,irrelevant,synthetic
Comcast workers in Detroit rally to demand improved workplace safety standards,Comcast,irrelevant,synthetic
Target former CEO departs to become partner at a government advisory role,Target,irrelevant,synthetic
"Under pressure, Apple admits commercial aircraft has software glitch causing crashes affecting 50000 units",Apple,relevant,synthetic
"David Taylor, Fidelity's likely next CEO, resigns following board dispute",Fidelity,relevant,synthetic
Microsoft brings 'Known Folder Migration' feature to OneDrive consumer users,Microsoft,irrelevant,gold_manual
"Waste Management recalls 2,000 thousand units over safety defect, faces $110 million repair bill",Waste Management,relevant,synthetic
Honeywell considers importing solar panels to Spain,Honeywell,irrelevant,synthetic
Morgan Stanley store manager faces restraining order filed by former coworker in Seattle,Morgan Stanley,irrelevant,synthetic
Berkshire Hathaway names longtime board member as new chief executive following activist pressure,Berkshire Hathaway,relevant,synthetic
Mastercard unveils three-year plan to cut costs by $1.2 billion,Mastercard,relevant,synthetic
5000 American Express workers lose jobs in latest round of cost-cutting,American Express,relevant,synthetic
Ford Q3 earnings of $3.10 per share comes in below consensus,Ford,relevant,synthetic
Aflac CEO says supply chain resilience demands a thoughtful policy response from legislators,Aflac,irrelevant,synthetic
Group of former Tesla human resources managers alleges racial harassment in federal class-action,Tesla,irrelevant,synthetic
Report: Dollar General exploring a buyout of a rival — company declines to comment,Dollar General,irrelevant,synthetic
Is Microsoft's latest software subscriptions worth buying? A consumer review,Microsoft,irrelevant,synthetic
BlackRock co-founder says the federal budget will have long-lasting effects on the broader economy,BlackRock,irrelevant,synthetic
"The New York City Attack Suspect Drove a Home Depot Truck, Witnesses Say",Home Depot (The),irrelevant,gold_manual
Mastercard to acquire regional bank for $3.4 billion in all-stock deal,Mastercard,relevant,synthetic
Boeing district manager arrested for alleged theft from delivery route in Detroit,Boeing,irrelevant,synthetic
"Pfizer to eliminate 4,000 positions as part of $3.4 billion cost reduction plan",Pfizer,relevant,synthetic
Procter & Gamble refreshes a new password manager to its customer portal,Procter & Gamble,irrelevant,synthetic
"Oracle turns in a Q4 quarter investors had feared, stock drops",Oracle,relevant,synthetic
BlackRock credit rating downgraded by S&P citing diversified revenue mix,BlackRock,relevant,synthetic
How Airbnb's decision to build in Columbus benefits local workers,Airbnb,irrelevant,synthetic
Accenture president says deficit spending cannot be solved by the private sector alone,Accenture,irrelevant,synthetic
Sources: Cisco weighing a minority stake sale but no decision expected soon,Cisco,irrelevant,synthetic
American Express ordered by SEC to pay $215 million over consumer protection violations,American Express,relevant,synthetic
PepsiCo's Upcoming Earnings: Will the Stock React?,PepsiCo,irrelevant,synthetic
Group of former 3M warehouse workers alleges religious discrimination in federal class-action,3M,irrelevant,synthetic
Accenture CEO named to Fortune's most admired companies list,Accenture,irrelevant,synthetic
Ralph Lauren activist investor discloses $5.1 billion stake pushes for margin improvement,Ralph Lauren,relevant,synthetic
Colgate-Palmolive Q1 earnings of $2.14 per share misses analyst estimates,Colgate-Palmolive,relevant,synthetic
JPMorgan Chase rolls out a new password manager to its customer portal,JPMorgan Chase,irrelevant,synthetic
BlackRock factory worker arrested after incident caught on security camera in Houston,BlackRock,irrelevant,synthetic
"RBC Capital Markets cuts Booking Holdings to underperform, flags deteriorating pricing power",Booking Holdings,irrelevant,synthetic
ExxonMobil enables in-app chat support to its customer portal,ExxonMobil,irrelevant,synthetic
"Apple posts Q2 net income of $90.0 billion, comes in below consensus",Apple,relevant,synthetic
McDonald's soft-launches real-time tracking in India following local regulatory approval,McDonald's,irrelevant,synthetic
18-year-old faces multiple charges after hurling racial slurs inside Walmart,Walmart,irrelevant,gold_manual
Wells Fargo issues $1.2 billion in senior notes to refinance maturing debt,Wells Fargo,relevant,synthetic
UnitedHealth employees say they feel betrayed as 3000 layoffs gut entire departments,UnitedHealth,relevant,synthetic
Tyson Foods CEO says immigration policy is a concern shared by businesses of all sizes,Tyson Foods,irrelevant,synthetic
Cincinnati touts economic windfall from Wells Fargo's new data center,Wells Fargo,irrelevant,synthetic
"Disneyland requires non-union employees to get vaccinated, starts discussions with unions",Walt Disney Company (The),relevant,gold_manual
"RBC Capital Markets downgrades American Express to sell, cites macro headwinds",American Express,irrelevant,synthetic
"FedEx weighing options to expand into UK market, sources say",FedEx,irrelevant,synthetic
Fidelity enters crypto space with new digital token backed by deposits,Fidelity,relevant,synthetic
Tesla chairman says supply chain resilience is something all companies need to take seriously,Tesla,irrelevant,synthetic
"Bank of America cuts Allstate to outperform, flags rising competitive pressure",Allstate,irrelevant,synthetic
Paramount Global sued by group of loan officers alleging sexual harassment in workplace culture,Paramount Global,irrelevant,synthetic
AT&T Q2 operating income surges 42% on reduced churn from improved network quality,AT&T,relevant,synthetic
Starbucks lays out roadmap to 18% operating margin by 2028,Starbucks,relevant,synthetic
Former DuPont former CFO appointed to advisory board of a hedge fund,DuPont,irrelevant,synthetic
Microsoft buys up more metro-Phoenix land for $37 million,Microsoft,relevant,gold_manual
ConocoPhillips faces racial discrimination lawsuit filed by former executive,ConocoPhillips,irrelevant,synthetic
Former Coca-Cola former president appointed to advisory board of a consulting firm,Coca-Cola,irrelevant,synthetic
"Jefferies downgrades Caterpillar to hold, lowers estimates on weak guidance",Caterpillar,irrelevant,synthetic
Lowe's commits $4 million to Pittsburgh food security fund,Lowe's,irrelevant,synthetic
Starbucks named to Time's 100 most influential companies for the first time,Starbucks,irrelevant,synthetic
Amazon blows past Q1 estimates on AI-driven demand acceleration,Amazon,relevant,synthetic
Deere & Company issues $1.2 billion in senior notes to refinance maturing debt,Deere & Company,relevant,synthetic
Costco ranks among Fortune's most admired companies list for the third consecutive year,Costco,irrelevant,synthetic
Lockheed Martin names David Jackson to lead head of digital marketing function,Lockheed Martin,irrelevant,synthetic
Wells Fargo Unusual Options Activity For April 10,Wells Fargo,irrelevant,gold_manual
Salesforce hit with $30M class action over pregnancy discrimination in hiring,Salesforce,irrelevant,synthetic
Alphabet former general counsel departs to become partner at a fintech startup,Alphabet,irrelevant,synthetic
Coca-Cola agrees to sell beverage unit for $3.0 billion to private equity firm,Coca-Cola,relevant,synthetic
The US canceled my mother's visa as she tried to visit her first grandchild,Visa Inc.,irrelevant,gold_manual
Valentine's Day: the best General Electric sneakers deals you can get right now,General Electric,irrelevant,synthetic
Norfolk Southern Q1 operating income surges 31% on strong e-commerce-driven volume,Norfolk Southern,relevant,synthetic
The Pfizer Foundation Increases workforce development Commitment To $3 Million,Pfizer,irrelevant,synthetic
Tesla mulls Germany market entry as growth strategy,Tesla,irrelevant,synthetic
Tesla confirms receipt of DOJ civil investigative demand over mortgage servicing failures,Tesla,relevant,synthetic
Booking Holdings agrees to sell experiences division for $5.1 billion to consortium of investors,Booking Holdings,relevant,synthetic
City council debates naming rights deal for stadium near UPS offices,UPS,irrelevant,synthetic
Who is Bradford James Gille? What we know about Walmart stabbing suspect,Walmart,irrelevant,gold_manual
Alphabet posts better-than-expected Q2 results as strong cloud revenue growth,Alphabet,relevant,synthetic
"Lawsuit filed against HCA Healthcare over retaliation against whistleblowers, seeks $25M",HCA Healthcare,irrelevant,synthetic
Tesla settles 2019 California crash lawsuit ahead of jury trial,"Tesla, Inc.",irrelevant,gold_manual
Deere & Company shares rise as investors learn of Delta Air Lines's stake,Delta Air Lines,relevant,synthetic
Facebook Tests Bill-Splitting Feature In Messenger,Meta Platforms,irrelevant,gold_manual
Booking Holdings refreshes enhanced map view to its retail website,Booking Holdings,irrelevant,synthetic
"ExxonMobil Wins An Anti-SLAPP Motion In Texas, While Landry's Loses",ExxonMobil,relevant,gold_manual
Goldman Sachs rolls out a new password manager to its enterprise dashboard,Goldman Sachs,irrelevant,synthetic
MetLife CEO confirms Mondelez has made strategic investment in company,Mondelez,relevant,synthetic
DuPont branch teller faces restraining order filed by former coworker in Chicago,DuPont,irrelevant,synthetic
Meet Australia's answer to Vanguard — and why it's growing fast,Vanguard,irrelevant,synthetic
"Boeing to eliminate 5,500 positions as part of $2.5 billion cost reduction plan",Boeing,relevant,synthetic
Johnson & Johnson CEO confirms FedEx has made strategic investment in company,FedEx,relevant,synthetic
Report: FedEx holds 18% market share in cloud infrastructure per S&P Global Market Intelligence,FedEx,irrelevant,synthetic
ExxonMobil activist investor discloses $8.3 billion stake pushes for margin improvement,ExxonMobil,relevant,synthetic
Walt Disney settles religious discrimination complaint filed by former sales representative for undisclosed amount,Walt Disney,irrelevant,synthetic
FDA orders Kimberly-Clark to halt production at facility over contamination findings,Kimberly-Clark,relevant,synthetic
"How Goldman Sachs, UBS, and more reacted to Walmart's $10 billion 'Black Swan' deal to sell Asda",Walmart,relevant,gold_manual
"Nvidia Q3: revenue in line, margins disappoint, guidance cut",Nvidia,relevant,synthetic
Eli Lilly launches new app and two-factor authentication in India,Eli Lilly,irrelevant,synthetic
Lockheed Martin faces class-action lawsuit over alleged sexual harassment among software engineers,Lockheed Martin,irrelevant,synthetic
Local school renamed after IBM founder despite community debate,IBM,irrelevant,synthetic
Emerson Electric employees stage walkout over return-to-office mandate,Emerson Electric,irrelevant,synthetic
PepsiCo workers in Atlanta rally to demand better pay and benefits,PepsiCo,irrelevant,synthetic
Walmart fills VP of product marketing role with internal promotion of John Johnson,Walmart,irrelevant,synthetic
Austin touts economic windfall from Kraft Heinz's new fulfillment center,Kraft Heinz,irrelevant,synthetic
"Goldman Sachs raises Verizon to underperform, sees accelerating revenue growth",Verizon,irrelevant,synthetic
Meta pays $5 million to settle a minor consumer notification requirement complaint with state attorneys general,Meta,irrelevant,synthetic
"Affidavit: Texas Chick-fil-A supervisor stole more than $100,000 over 3 years from restaurant",Visa Inc.,irrelevant,gold_manual
Accenture agrees to sell enterprise software arm for $22.0 billion to consortium of investors,Accenture,relevant,synthetic
"Netflix powers through 2023 on subscription momentum, eyes 2024 recovery",Netflix,relevant,synthetic
Caterpillar faces class-action lawsuit over alleged racial discrimination among warehouse workers,Caterpillar,irrelevant,synthetic
"Tesla excludes steering component from some EVs due to chip shortage, report says","Tesla, Inc.",irrelevant,gold_manual
T-Mobile employees stage walkout over healthcare benefit reductions,T-Mobile,irrelevant,synthetic
"Sources: Republic Services considering going private — no deal imminent, sources say",Republic Services,irrelevant,synthetic
Aflac named to LinkedIn's top companies to work for for the fifth year running,Aflac,irrelevant,synthetic
"JPMorgan upgrades Capital One to hold, sees margin recovery underway",Capital One,irrelevant,synthetic
Capital One faces $1.2 billion fine from state attorneys general over price-fixing conspiracy,Capital One,relevant,synthetic
Chipotle named to Fast Company's most innovative companies for the first time,Chipotle,irrelevant,synthetic
Wells Fargo caps 2018 with record revenue as consumer demand accelerates,Wells Fargo,relevant,synthetic
Former Procter & Gamble financial advisor files national origin discrimination complaint with EEOC,Procter & Gamble,irrelevant,synthetic
Delta Air Lines's growth is reshaping how the landline phone industry operates,Delta Air Lines,irrelevant,synthetic
"Airbnb reaches landmark new agreement with union representing 3,000 workers",Airbnb,relevant,synthetic
The Target Foundation Increases mental health Commitment To $20 Million,Target,irrelevant,synthetic
"TD Cowen trims Travelers to neutral, flags deteriorating pricing power",Travelers,irrelevant,synthetic
Citigroup cedes market share to BMW in payments for first time,Citigroup,relevant,synthetic
HCA Healthcare promotes Barbara Miller to head of sustainability,HCA Healthcare,irrelevant,synthetic
newspaper giants struggle as Eli Lilly cuts prices aggressively,Eli Lilly,irrelevant,synthetic
"Aflac to eliminate 2,500 positions as part of $0.5 billion cost reduction plan",Aflac,relevant,synthetic
Travelers warehouse worker suspended following investigation into personal conduct in Chicago,Travelers,irrelevant,synthetic
Group of Broadcom users file $40M lawsuit alleging retaliation against whistleblowers,Broadcom,irrelevant,synthetic
3M loses industrial automation arm contract to rival in blow to revenue outlook,3M,relevant,synthetic
Lowe's's new fulfillment center in Pittsburgh to employ 100 by 2021,Lowe's,irrelevant,synthetic
taxi braces for impact as Kimberly-Clark prepares to enter market,Kimberly-Clark,irrelevant,synthetic
Microsoft Still Facing Xbox 360 Lawsuit Surrounding Scratched Discs,Microsoft,irrelevant,gold_manual
Waste Management faces class-action lawsuit over alleged national origin discrimination among logistics coordinators,Waste Management,irrelevant,synthetic
BlackRock mulls Brazil market entry as growth strategy,BlackRock,irrelevant,synthetic
"Mizuho boosts Tesla to overweight, calls recent dip a buying opportunity",Tesla,irrelevant,synthetic
Bank of America workers in Philadelphia rally to demand reversal of return-to-office policy,Bank of America,irrelevant,synthetic
"T-Mobile CEO steps down after 8 years, board promotes division head to top role",T-Mobile,relevant,synthetic
EEOC opens investigation into Airbnb over alleged disability discrimination in workplace culture,Airbnb,irrelevant,synthetic
Paramount Global updates a new rewards tracker to its website,Paramount Global,irrelevant,synthetic
"Evercore ISI upgrades General Electric to equal weight, sees accelerating revenue growth",General Electric,irrelevant,synthetic
Caterpillar adds location-based alerts to its customer portal,Caterpillar,irrelevant,synthetic
Sources: Delta Air Lines weighing a spinoff but no decision expected soon,Delta Air Lines,irrelevant,synthetic
Former Halliburton logistics coordinator files national origin discrimination complaint with EEOC,Halliburton,irrelevant,synthetic
"ExxonMobil's year-end results: better-than-expected quarter, positive 2025 view",ExxonMobil,relevant,synthetic
"Oppenheimer downgrades Yum Brands to neutral, sees limited upside from current levels",Yum Brands,irrelevant,synthetic
Making a point about knives,AT&T,irrelevant,gold_manual
Charles Schwab announces Mark Anderson as new chief diversity officer,Charles Schwab,irrelevant,synthetic
"Boeing to eliminate 4,000 positions as part of $8.3 billion cost reduction plan",Boeing,relevant,synthetic
Waste Management faces new racial harassment lawsuit from former sales representative in Michigan court,Waste Management,irrelevant,synthetic
Airbnb received a cloud contract extension this year as the pandemic raged,Airbnb,relevant,gold_manual
Allstate divests personal lines division in $1.8 billion deal as part of strategic review,Allstate,relevant,synthetic
Lockheed Martin cuts full-year guidance citing program schedule slippages,Lockheed Martin,relevant,synthetic
McDonald's CEO says climate policy requires urgent attention from elected officials,McDonald's,irrelevant,synthetic
Vietnam nationals face new biometric visa requirements,Visa,irrelevant,synthetic
Paramount Global names former rival executive as new chief executive following CEO transition,Paramount Global,relevant,synthetic
Warner Bros. Discovery to merge with production company in $3.0 billion combination,Warner Bros. Discovery,relevant,synthetic
Paramount Global outlines five-year strategy to double revenue in content studio segment,Paramount Global,relevant,synthetic
Deere & Company credit rating placed on negative watch by DBRS citing strong capital position,Deere & Company,relevant,synthetic
"Merck reports 6% drop in quarterly revenue, cuts annual guidance",Merck,relevant,synthetic
Analyst says Nike divestiture positions the company ahead of AT&T,AT&T,irrelevant,synthetic
Intel revenue growth trails Apple for 2 straight quarters,Intel,relevant,synthetic
Amazon board approves new $50.0 billion share repurchase authorization,Amazon,relevant,synthetic
"Sources: Mondelez in early discussions about a joint venture — no deal imminent, sources say",Mondelez,irrelevant,synthetic
Northrop Grumman activist investor discloses $3.4 billion stake pushes for margin improvement,Northrop Grumman,relevant,synthetic
EEOC opens investigation into Norfolk Southern over alleged pregnancy discrimination in hiring practices,Norfolk Southern,irrelevant,synthetic
Tesla sales representative faces criminal charges unrelated to employment in Philadelphia,Tesla,irrelevant,synthetic
Analyst says McDonald's partnership positions the company ahead of Tesla,Tesla,irrelevant,synthetic
Visa loses consumer banking arm contract to rival in blow to revenue outlook,Visa,relevant,synthetic
"HCA Healthcare sued by a nonprofit organization over religious discrimination in scheduling, $5M claimed",HCA Healthcare,irrelevant,synthetic
Walt Disney faces new disability discrimination lawsuit from group of former employees in New Jersey court,Walt Disney,irrelevant,synthetic
Pfizer credit rating downgraded by S&P citing improved cash flow generation,Pfizer,relevant,synthetic
Meta pays $2 million to settle a minor data handling violation complaint with CFPB,Meta,irrelevant,synthetic
2500 Alphabet workers lose jobs in latest round of cost-cutting,Alphabet,relevant,synthetic
"Booking Holdings gross bookings reach record $2.5 billion in Q4, beats analyst estimates",Booking Holdings,relevant,synthetic
"Citi cuts Tesla to outperform, flags execution risks",Tesla,irrelevant,synthetic
"Pfizer announces 7,000 corporate layoffs, shares fall on restructuring news",Pfizer,relevant,synthetic
Mastercard Foundation reports $2M in clean water access grants awarded this year,Mastercard,irrelevant,synthetic
"Schiff, Swalwell assert Trump, Russia influence in being booted from House Intel Committee",Intel,irrelevant,gold_manual
PayPal unveils blockchain-based payment system for enterprise clients,PayPal,relevant,synthetic
Xbox One with new controller and more storage appears on Amazon,Amazon,irrelevant,gold_manual
Broadcom's Upcoming Earnings: Will the Stock React?,Broadcom,irrelevant,synthetic
"Microsoft CFO announces retirement, company names internal finance executive as replacement",Microsoft,relevant,synthetic
American Express Q3 earnings of $0.87 per share beats analyst estimates,American Express,relevant,synthetic
The executive many thought would run American Express has left the company,American Express,relevant,synthetic
Walmart overtakes Chevron in delivery volumes as gap widens,Chevron,relevant,synthetic
Comcast raises quarterly dividend 42% to $0.85 per share,Comcast,relevant,synthetic
Colgate-Palmolive customer service representative faces restraining order filed by former coworker in Philadelphia,Colgate-Palmolive,irrelevant,synthetic
US delays visa program for Mexico travelers amid security review,Visa,irrelevant,synthetic
Procter & Gamble acquires specialty skincare company for $65 million to bolster apparel brand,Procter & Gamble,relevant,synthetic
Fidelity takes 3% stake in Procter & Gamble worth $100M,Fidelity,relevant,synthetic
Yum Brands workers circulate petition calling for paid family leave expansion,Yum Brands,irrelevant,synthetic
Costco adds simplified navigation menu to its enterprise dashboard,Costco,irrelevant,synthetic
Elon Musk shares the epic last photo of 'Starman' in the red Tesla he shot into space,"Tesla, Inc.",irrelevant,gold_manual
Kraft Heinz announces $0.8 billion share buyback program,Kraft Heinz,relevant,synthetic
Republic Services ends partnership with brand ambassador after community backlash,Republic Services,irrelevant,synthetic
ServiceNow named to Glassdoor's top-rated employers for the first time,ServiceNow,irrelevant,synthetic
Northrop Grumman former chief marketing officer departs to become partner at a healthcare company,Northrop Grumman,irrelevant,synthetic
Afghanistan’s neighbors watch warily as Taliban completes its dramatic takeover,Visa Inc.,irrelevant,gold_manual
EU visa-free travel for Netherlands under review after border incidents,Visa,irrelevant,synthetic
Caterpillar confirms it received and rejected $1.2 billion takeover bid,Caterpillar,relevant,synthetic
Yum Brands ends partnership with celebrity spokesperson after controversial comments online,Yum Brands,irrelevant,synthetic
FedEx surges after Verizon discloses 20% ownership position,Verizon,relevant,synthetic
Colgate-Palmolive credit rating upgraded by DBRS citing deteriorating free cash flow,Colgate-Palmolive,relevant,synthetic
Intelligence Community Hits the Panic Button as Deep Staters Are Thrown out and Sidelined,Intel,irrelevant,gold_manual
"Deutsche Bank cuts Accenture to underperform, flags deteriorating pricing power",Accenture,irrelevant,synthetic
Kimberly-Clark chief executive says the federal budget is top of mind for executives across every industry,Kimberly-Clark,irrelevant,synthetic
"Needham cuts Mastercard to overweight, lowers estimates on weak guidance",Mastercard,irrelevant,synthetic
Starbucks introduces dark mode to its mobile app,Starbucks,irrelevant,synthetic
Accenture releases two-factor authentication prompts to its employee portal,Accenture,irrelevant,synthetic
Kraft Heinz fined $40 million by SEC over an outdated record-keeping practice,Kraft Heinz,irrelevant,synthetic
Pfizer Stock Needs a Booster to Clear Resistance on the Chart,Pfizer,irrelevant,gold_manual
How Costco's restructuring could reshape the competitive landscape for Paramount Global,Paramount Global,irrelevant,synthetic
Goldman Sachs rolls out improved load times to its cloud console,Goldman Sachs,irrelevant,synthetic
"Walmart holiday quarter sales rise, ecommerce jumped 43 percent",Walmart,relevant,gold_manual
"Charles Schwab reports 18% drop in quarterly revenue, cuts annual guidance",Charles Schwab,relevant,synthetic
Morgan Stanley stock extends its losing streak as investors take profits across sectors,Morgan Stanley,irrelevant,synthetic
Charles Schwab in deal to take over fintech startup for $14.0 billion,Charles Schwab,relevant,synthetic
Accenture workers vote to reject company contract offer at key distribution center,Accenture,relevant,synthetic
Nike announces $3.4 billion share buyback program,Nike,relevant,synthetic
"Stifel boosts Starbucks to outperform, points to improving competitive position",Starbucks,irrelevant,synthetic
Ralph Lauren recognized on Barron's most sustainable companies for workplace culture,Ralph Lauren,irrelevant,synthetic
Is Walmart open on Thanksgiving in Milwaukee? Hours today Black Friday,Walmart,irrelevant,gold_manual
Bank of America financial advisor charged with assault following workplace altercation in Atlanta,Bank of America,irrelevant,synthetic
"Goldman Sachs's partnership deal raises questions about Ford's position, per TD Cowen",Ford,irrelevant,synthetic
SoftBank vs Delta Air Lines: who wins the Sweden market?,Delta Air Lines,irrelevant,synthetic
Goldman Sachs enables accessibility improvements to its customer app,Goldman Sachs,irrelevant,synthetic
"HCA Healthcare acknowledges seatbelt failure in new SUV, promises fix within 4 weeks",HCA Healthcare,relevant,synthetic
ExxonMobil software engineer sued by customer over personal conduct during shift in Atlanta,ExxonMobil,irrelevant,synthetic
Merck says full-year revenue will fall short of prior guidance by 17%,Merck,relevant,synthetic
The brick-and-mortar retail industry's answer to the Schlumberger challenge,Schlumberger,irrelevant,synthetic
Deere & Company announces Linda Miller as new head of corporate communications,Deere & Company,irrelevant,synthetic
Qualcomm introduces consumer app in Central America market,Qualcomm,irrelevant,synthetic
Dollar General president says geopolitical tensions requires coordinated global action to address effectively,Dollar General,irrelevant,synthetic
"UnitedHealth quietly builds $2000M stake in Microsoft, filing shows",UnitedHealth,relevant,synthetic
Morgan Stanley Research estimates Dollar General controls 38% of the semiconductor manufacturing market,Dollar General,irrelevant,synthetic
Why analysts are calling Jumia 'Brazil's MetLife',MetLife,irrelevant,synthetic
IDC estimates Pfizer controls 58% of the search advertising market,Pfizer,irrelevant,synthetic
AbbVie launches dark mode to its customer portal,AbbVie,irrelevant,synthetic
Deere & Company president says energy policy is top of mind for executives across every industry,Deere & Company,irrelevant,synthetic
RPT-More issuers looking at 40-year bonds after Home Depot success,Home Depot (The),irrelevant,gold_manual
'McDonald's has changed': employees describe fallout from 2000 job cuts,McDonald's,relevant,synthetic
Nvidia introduces location-based alerts to its customer portal,Nvidia,irrelevant,synthetic
"AbbVie posts Q4 net income of $2.5 billion, comes in below consensus",AbbVie,relevant,synthetic
Emerson Electric agrees to $380 million settlement with FTC over data privacy violations,Emerson Electric,relevant,synthetic
Johnson & Johnson human resources manager arrested in connection with unrelated drug charges in Miami,Johnson & Johnson,irrelevant,synthetic
Kraft Heinz president says consumer spending is creating uncertainty for long-term investment decisions,Kraft Heinz,irrelevant,synthetic
"Bloomberg: JPMorgan Chase considering selling its media division, though talks are preliminary",JPMorgan Chase,irrelevant,synthetic
Mondelez faces class-action over beverage company product defect affecting millions of users,Mondelez,relevant,synthetic
Is Swiggy becoming the next Warner Bros?,Warner Bros,irrelevant,synthetic
DuPont former chief operating officer departs to become partner at a rival startup,DuPont,irrelevant,synthetic
Mastercard unveils blockchain-based payment system for enterprise clients,Mastercard,relevant,synthetic
Tyson Foods shares trade lower following weaker-than-expected jobs data — no new company news,Tyson Foods,irrelevant,synthetic
Johnson & Johnson workers circulate petition calling for remote work flexibility,Johnson & Johnson,irrelevant,synthetic
Airbnb's charitable arm commits to $25M climate action pledge,Airbnb,irrelevant,synthetic
Local suppliers cheer United Airlines's new production deal as Atlanta gains,United Airlines,irrelevant,synthetic
"Chevron lowers Q3 outlook, sends shares sharply lower in after-hours trading",Chevron,relevant,synthetic
Former Berkshire Hathaway former CEO named to lead a rival startup,Berkshire Hathaway,irrelevant,synthetic
Yum Brands board approves new $0.8 billion share repurchase authorization,Yum Brands,relevant,synthetic
Did Procter & Gamble Just Blame Amy Schumer for the Tampon Shortage?,Procter & Gamble,irrelevant,gold_manual
Home Depot chairman says trade tariffs is a concern shared by businesses of all sizes,Home Depot,irrelevant,synthetic
Target Foundation awards $7K grant to local disaster response nonprofit,Target,irrelevant,synthetic
UnitedHealth divests consumer health division in $8.3 billion deal as part of strategic review,UnitedHealth,relevant,synthetic
Best Nvidia deals this Valentine's Day: our top picks,Nvidia,irrelevant,synthetic
Eli Lilly credit rating placed on negative watch by Moody's citing strong capital position,Eli Lilly,relevant,synthetic
Here's What Wall Street Expects From PepsiCo When It Reports Q4,PepsiCo,irrelevant,synthetic
Delta Air Lines Earnings Preview: What Analysts Are Watching This Quarter,Delta Air Lines,irrelevant,synthetic
Jamie Dimon: I've 'become unnecessary' on quarterly calls,JPMorgan Chase,irrelevant,gold_manual
Goldman Sachs divests consumer banking arm in $14.0 billion deal as part of strategic review,Goldman Sachs,relevant,synthetic
"Merck now second to Tencent in smartphone sales, data shows",Merck,relevant,synthetic
Caterpillar heir-apparent exits as board searches for new leadership,Caterpillar,relevant,synthetic
Walmart recognized on Barron's most sustainable companies for workplace culture,Walmart,irrelevant,synthetic
"Goldman Sachs joint venture seen as competitive threat to Eli Lilly, analyst says",Eli Lilly,irrelevant,synthetic
Starbucks chief operating officer says inflation demands a thoughtful policy response from legislators,Starbucks,irrelevant,synthetic
The startup that wants to do to ride-hailing what Procter & Gamble did to retail,Procter & Gamble,irrelevant,synthetic
Verizon employees say they feel betrayed as 750 layoffs gut entire departments,Verizon,relevant,synthetic
Microsoft sued by former manager alleging gender discrimination in scheduling practices,Microsoft,irrelevant,synthetic
Berkshire Hathaway activist investor discloses $2.5 billion stake pushes for margin improvement,Berkshire Hathaway,relevant,synthetic
Republic Services brings streaming platform to Vietnam users for the first time,Republic Services,irrelevant,synthetic
Pfizer Field hosts record crowd for playoff game,Pfizer,irrelevant,synthetic
Tourist spots near Kimberly-Clark campus rank among best in the area,Kimberly-Clark,irrelevant,synthetic
"Sources: Dollar General exploring a buyout of a rival — no deal imminent, sources say",Dollar General,irrelevant,synthetic
Airbnb announces $50M donation to support workforce development,Airbnb,irrelevant,synthetic
"Karen Williams leaves American Express, ending speculation about CEO succession",American Express,relevant,synthetic
Citigroup takes 10% stake in Disney worth $300M,Citigroup,relevant,synthetic
ExxonMobil boosts quarterly dividend 31% as higher oil prices fuel record free cash flow,ExxonMobil,relevant,synthetic
Pfizer admits knowing about cardiac device steering defect before public reports,Pfizer,relevant,synthetic
Local suppliers cheer Citigroup's new production deal as Cincinnati gains,Citigroup,irrelevant,synthetic
Best Netflix deals this Cyber Monday: our top picks,Netflix,irrelevant,synthetic
CSX raises per-shipment surcharge citing fuel and labor cost pressures,CSX,relevant,synthetic
Microsoft stock pulls back from record highs as the S&P 500 drops,Microsoft,irrelevant,synthetic
Norfolk Southern activist investor discloses $1.2 billion stake pushes for margin improvement,Norfolk Southern,relevant,synthetic
Emerson Electric divests safety products division in $1.2 billion deal as part of strategic review,Emerson Electric,relevant,synthetic
"Sources: Paramount Global in early discussions about a joint venture — no deal imminent, sources say",Paramount Global,irrelevant,synthetic
Caterpillar fills regional vice president for Europe role with internal promotion of Michael Garcia,Caterpillar,irrelevant,synthetic
DuPont district manager charged with harassment following complaint by coworker in Philadelphia,DuPont,irrelevant,synthetic
Judge orders Bank of America to pay $145 million in damages over data privacy violations,Bank of America,relevant,synthetic
Merck agrees to $10 million penalty over a product labeling issue,Merck,irrelevant,synthetic
Citigroup Foundation awards $4K grant to local workforce development nonprofit,Citigroup,irrelevant,synthetic
AT&T customer service representative faces personal lawsuit unrelated to company activities in Phoenix,AT&T,irrelevant,synthetic
Former CVS Health financial advisor files racial discrimination complaint with EEOC,CVS Health,irrelevant,synthetic
Verizon broadband net adds accelerate in Q4 on fiber expansion,Verizon,relevant,synthetic
Nvidia branch teller arrested for allegedly cashing fraudulent checks in Dallas,Nvidia,irrelevant,synthetic
Is PepsiCo's latest headphones worth buying? A consumer review,PepsiCo,irrelevant,synthetic
Austin a big winner in CVS Health's new purchase agreement with Target,CVS Health,irrelevant,synthetic
UnitedHealth unveils three-year plan to cut costs by $8.3 billion,UnitedHealth,relevant,synthetic
Mastercard introduces digital bond platform on blockchain,Mastercard,relevant,synthetic
Catalent plant in Italy will help produce J&J's potential COVID-19 vaccine: minister,Johnson & Johnson,irrelevant,gold_manual
Dow warns Q2 results will miss estimates due to weaker-than-expected pricing,Dow,relevant,synthetic
"Chipotle CFO announces departure, company names Wall Street veteran as replacement",Chipotle,relevant,synthetic
Booking Holdings chairman says the housing market is creating uncertainty for long-term investment decisions,Booking Holdings,irrelevant,synthetic
General Electric Earnings Preview: What Analysts Are Watching This Quarter,General Electric,irrelevant,synthetic
newspaper players pivot as Aflac disrupts market with new health monitoring tool,Aflac,irrelevant,synthetic
No massages? Why Uber's workplace is different than other tech companies,Uber,irrelevant,gold_manual
Accenture ends partnership with social media influencer after community backlash,Accenture,irrelevant,synthetic
Charles Schwab agrees to sell retail brokerage unit for $2.5 billion to private equity firm,Charles Schwab,relevant,synthetic
"UBS upgrades Honeywell to neutral, sees margin recovery underway",Honeywell,irrelevant,synthetic
"UnitedHealth earnings rise 6%, top Wall St. expectations",UnitedHealth Group,relevant,gold_manual
Uber unveils three-year plan to cut costs by $1.8 billion,Uber,relevant,synthetic
JPMorgan Chase divests retail brokerage unit in $5.1 billion deal as part of strategic review,JPMorgan Chase,relevant,synthetic
"Citi boosts Dollar General to neutral, sees margin recovery underway",Dollar General,irrelevant,synthetic
Pennsylvania lands McDonald's investment worth $250M in local economy,McDonald's,irrelevant,synthetic
Target in early talks about potential Indonesia partnership — no deal imminent,Target,irrelevant,synthetic
Johnson & Johnson Q4 operating income surges 27% on blockbuster drug demand,Johnson & Johnson,relevant,synthetic
Ford confirms receipt of EPA civil investigative demand over market manipulation,Ford,relevant,synthetic
$7M suit: Lockheed Martin accused of religious discrimination in scheduling in workplace,Lockheed Martin,irrelevant,synthetic
"Citi trims Eli Lilly to overweight, says valuation stretched after recent rally",Eli Lilly,irrelevant,synthetic
American Express gains after Citigroup discloses significant new equity stake,Citigroup,relevant,synthetic
Chipotle releases a new rewards tracker to its website,Chipotle,irrelevant,synthetic
Fidelity expands fintech feature to Netherlands with 1000 pilot users,Fidelity,irrelevant,synthetic
"Bloomberg: FedEx exploring a buyout of a rival, though talks are preliminary",FedEx,irrelevant,synthetic
Lowe's launches two-factor authentication prompts to its mobile app,Lowe's,irrelevant,synthetic
"Starbucks joint venture seen as competitive threat to Airbnb, analyst says",Airbnb,irrelevant,synthetic
"T-Mobile recalls 1,600 thousand units over safety defect, faces $180 million repair bill",T-Mobile,relevant,synthetic
Sources: Lockheed Martin close to finalising acquisition of missile defense startup for $11.2 billion,Lockheed Martin,relevant,synthetic
Allstate introduces fintech feature in the Middle East market,Allstate,irrelevant,synthetic
The CEO of Goldman Sachs cryptically tweeted about the bank's post-Brexit plans in the UK,Goldman Sachs,irrelevant,gold_manual
Workers at Allstate express anger as company eliminates 1200 roles,Allstate,relevant,synthetic
ConocoPhillips in deal to take over energy services company for $2.5 billion,ConocoPhillips,relevant,synthetic
Ford Foundation awards $50K grant to local education access nonprofit,Ford,irrelevant,synthetic
Baird flags Chevron as a potential bidder that chose not to participate in note on Costco joint venture,Chevron,irrelevant,synthetic
"Kimberly-Clark loses price-fixing conspiracy case, ordered to pay $250 million in penalties",Kimberly-Clark,relevant,synthetic
Halliburton gains after Alphabet discloses significant new equity stake,Alphabet,relevant,synthetic
Deere & Company cited as top player in digital advertising by Morgan Stanley Research industry survey,Deere & Company,irrelevant,synthetic
Republic Services announces plan to separate into two independent publicly traded companies,Republic Services,relevant,synthetic
Group of Travelers users file $5M lawsuit alleging pregnancy discrimination in hiring,Travelers,irrelevant,synthetic
"Profit-taking hits the AI trade again, and Instagram reaches 3 billion monthly users",Meta Platforms,relevant,gold_manual
The startup that wants to do to logistics what Eli Lilly did to retail,Eli Lilly,irrelevant,synthetic
Procter & Gamble hires Susan Miller as head of global partnerships from Microsoft,Procter & Gamble,irrelevant,synthetic
3M Field hosts record crowd for playoff game,3M,irrelevant,synthetic
Paramount Global launches a new password manager to its cloud console,Paramount Global,irrelevant,synthetic
"Walmart turns in a Q4 quarter investors had feared, stock drops",Walmart,relevant,synthetic
Breaking Down Charles Schwab Pre-Earnings: Bull vs Bear Case,Charles Schwab,irrelevant,synthetic
$30M lawsuit alleges Starbucks hostile work environment claims,Starbucks,irrelevant,synthetic
Procter & Gamble pulls advertising from streaming service following controversial comments online,Procter & Gamble,irrelevant,synthetic
59 Twists & Turns to Verizon's Calculated Play to Go Wireless and to Dismantle & Trash the State-Based Wired Utilities,AT&T,irrelevant,gold_manual
Chipotle ordered by FTC to pay $180 million over data privacy violations,Chipotle,relevant,synthetic
"RBC Capital Markets cuts Lowe's to buy, warns of elevated inventory",Lowe's,irrelevant,synthetic
The hotel industry's answer to the UPS challenge,UPS,irrelevant,synthetic
"Why Does Anyone Need to Own a Car? Google, Apple and Uber Are Asking",Uber,irrelevant,gold_manual
Fauci expects Johnson & Johnson COVID-19 vaccine will 'get back on track' soon,Johnson & Johnson,relevant,gold_manual
"AbbVie weighing options to expand into Vietnam market, sources say",AbbVie,irrelevant,synthetic
"Goldman Sachs raises Norfolk Southern to buy, flags improving demand trends",Norfolk Southern,irrelevant,synthetic
Why analysts are calling Gojek 'Australia's Eli Lilly',Eli Lilly,irrelevant,synthetic
"Netflix to eliminate 2,000 positions as part of $1.2 billion cost reduction plan",Netflix,relevant,synthetic
Chevron workers in Denver rally to demand reversal of return-to-office policy,Chevron,irrelevant,synthetic
AbbVie agrees to sell medical devices unit for $22.0 billion to strategic acquirer,AbbVie,relevant,synthetic
Berkshire Hathaway refreshes a new rewards tracker to its streaming platform,Berkshire Hathaway,irrelevant,synthetic
"General Motors lays off 3,300 amid electric vehicle issues",General Motors,relevant,gold_manual
Sources: Raytheon close to finalising acquisition of defense electronics company for $3.4 billion,Raytheon,relevant,synthetic
"UPS reports Q1 revenue of $1.8 billion, surpasses consensus on improved on-time delivery performance",UPS,relevant,synthetic
Republic Services executive to speak at a Senate Commerce Committee hearing on the digital economy,Republic Services,irrelevant,synthetic
BlackRock employees protest changes to remote work flexibility at headquarters,BlackRock,irrelevant,synthetic
Report: Bank of America considering selling its media division — company declines to comment,Bank of America,irrelevant,synthetic
Morgan Stanley sued by former manager alleging religious discrimination in pay practices,Morgan Stanley,irrelevant,synthetic
General Electric taps Emily Davis for chief diversity officer role amid organizational changes,General Electric,irrelevant,synthetic
Procter & Gamble earns top score on LinkedIn's top companies to work for,Procter & Gamble,irrelevant,synthetic
Yum Brands to merge with restaurant chain in $2.1 billion combination,Yum Brands,relevant,synthetic
Coca-Cola raises quarterly dividend 31% to $0.45 per share,Coca-Cola,relevant,synthetic
Goldman Sachs to invest $184 million in Brazil storage company: executive,Goldman Sachs,relevant,gold_manual
"Microsoft now second to Hyundai in enterprise software, data shows",Microsoft,relevant,synthetic
CVS Health workers circulate petition calling for reversal of return-to-office policy,CVS Health,irrelevant,synthetic
"JPMorgan Chase turns in a Q3 quarter investors had feared, stock drops",JPMorgan Chase,relevant,synthetic
"Honeywell reports Q2 revenue of $3.4 billion, falls short of expectations on strong aerospace aftermarket demand",Honeywell,relevant,synthetic
Group of HCA Healthcare users file $1M lawsuit alleging disability accommodation failures,HCA Healthcare,irrelevant,synthetic
DuPont faces criticism from advocacy groups over environmental claims on packaging,DuPont,irrelevant,synthetic
Wells Fargo raises loan loss provisions to $2.5 billion citing rising consumer delinquencies,Wells Fargo,relevant,synthetic
Honeywell to merge with specialty materials maker in $5.1 billion combination,Honeywell,relevant,synthetic
Nvidia pulls advertising from streaming service following employee pressure,Nvidia,irrelevant,synthetic
Boeing sued by former manager alleging racial discrimination in promotion decisions,Boeing,irrelevant,synthetic
Kimberly-Clark updates a new rewards tracker to its digital wallet,Kimberly-Clark,irrelevant,synthetic
Verizon issues $1.8 billion in senior notes to fund capital expenditures,Verizon,relevant,synthetic
Mastercard branch teller cited for personal safety violation in Denver,Mastercard,irrelevant,synthetic
Berkshire Hathaway loses head of core business seen as succession frontrunner to rival firm,Berkshire Hathaway,relevant,synthetic
"Samsung's Most Luxurious TV Is $2,500 Off at Walmart for Presidents Day",Walmart,irrelevant,gold_manual
Nvidia workers in Seattle rally to demand better pay and benefits,Nvidia,irrelevant,synthetic
Costco to merge with delivery service in $2.5 billion combination,Costco,relevant,synthetic
ServiceNow denies wrongdoing in pregnancy discrimination complaint filed by former sales representative,ServiceNow,irrelevant,synthetic
Visa announces $8.3 billion share buyback program,Visa,relevant,synthetic
Former Warner Bros customer files $4M suit over sexual harassment in sales division,Warner Bros,irrelevant,synthetic
"Meta may exit Indonesia amid regulatory uncertainty, sources say",Meta,irrelevant,synthetic
CSX employees protest return-to-office mandate at headquarters,CSX,irrelevant,synthetic
Alphabet district manager faces restraining order filed by former coworker in Charlotte,Alphabet,irrelevant,synthetic
"Waste Management and industry peer confirm merger talks, deal could be worth $5.1 billion",Waste Management,relevant,synthetic
Report: UPS looking at entering the streaming market — company declines to comment,UPS,irrelevant,synthetic
AT&T finally finds buyer for Xandr advertising business in Microsoft,AT&T,relevant,gold_manual
Consumer guide: Chipotle food delivery ranked and reviewed,Chipotle,irrelevant,synthetic
New Forrester data shows Ford gaining share in digital advertising,Ford,irrelevant,synthetic
Here come the price hikes: Nike reportedly is increasing prices by up to 7%.,"Nike, Inc.",irrelevant,gold_manual
AbbVie introduces enhanced map view to its checkout flow,AbbVie,irrelevant,synthetic
Cisco in early talks about potential Netherlands partnership — no deal imminent,Cisco,irrelevant,synthetic
Group of Boeing users file $12M lawsuit alleging disability accommodation failures,Boeing,irrelevant,synthetic
"General Motors to eliminate 18,000 positions as part of $3.0 billion cost reduction plan",General Motors,relevant,synthetic
Visa processing delays strand Brazil travelers at US airports,Visa,irrelevant,synthetic
Why Meta (META) Stock Is Soaring Today - Meta Platforms (NASDAQ:META),Meta Platforms,irrelevant,gold_manual
Waste Management factory worker charged with running fraud scheme at local branch in Detroit,Waste Management,irrelevant,synthetic
Report: Apple holds 41% market share in cloud infrastructure per Gartner,Apple,irrelevant,synthetic
"Sources: JPMorgan Chase evaluating strategic alternatives — no deal imminent, sources say",JPMorgan Chase,irrelevant,synthetic
Lowe's cuts full-year guidance citing declining comparable store sales,Lowe's,relevant,synthetic
Comcast to pay $15 million in connection with a disclosure timing issue investigation,Comcast,irrelevant,synthetic
Mastercard reaches $15 million agreement with local labor board to resolve an environmental reporting error,Mastercard,irrelevant,synthetic
Norfolk Southern CEO says the housing market is a concern shared by businesses of all sizes,Norfolk Southern,irrelevant,synthetic
"JPMorgan Chase announces 18,000 job cuts in global operations amid business reorganization",JPMorgan Chase,relevant,synthetic
Wells Fargo CEO says cryptocurrency regulation cannot be solved by the private sector alone,Wells Fargo,irrelevant,synthetic
Rory McIlroy Misses Cut at Pebble Beach on Saturday by 2 Strokes,AT&T,irrelevant,gold_manual
Alphabet posts better-than-expected Q1 results as strong cloud revenue growth,Alphabet,relevant,synthetic
"Mizuho lowers American Express to overweight, flags rising competitive pressure",American Express,irrelevant,synthetic
Dollar General workers vote to ratify new labor agreement at key distribution center,Dollar General,relevant,synthetic
Northrop Grumman workers vote to reject company contract offer at its largest facility,Northrop Grumman,relevant,synthetic
"ConocoPhillips CFO announces departure, company names industry outsider as replacement",ConocoPhillips,relevant,synthetic
"Nike announces 12,000 corporate layoffs, shares fall on restructuring news",Nike,relevant,synthetic
Police: Suspect in Starbucks robberies arrested in East Side field,Starbucks,irrelevant,gold_manual
AT&T faces criticism from advocacy groups over price increase practices,AT&T,irrelevant,synthetic
"Progressive reports 7% drop in quarterly revenue, cuts annual guidance",Progressive,relevant,synthetic
Why analysts are calling Jumia 'Netherlands's Home Depot',Home Depot,irrelevant,synthetic
Charles Schwab cited as top player in cloud infrastructure by Forrester industry survey,Charles Schwab,irrelevant,synthetic
Raytheon activist investor discloses $2.5 billion stake pushes for margin improvement,Raytheon,relevant,synthetic
Caterpillar raises quarterly dividend 24% to $0.85 per share,Caterpillar,relevant,synthetic
Bank of America employees sign open letter opposing mandatory drug testing policy,Bank of America,irrelevant,synthetic
BlackRock announces stablecoin to accelerate cross-border payments,BlackRock,relevant,synthetic
Berkshire Hathaway soft-launches offline mode in Vietnam following local regulatory approval,Berkshire Hathaway,irrelevant,synthetic
Goldman Sachs staff react with shock as 900 colleagues receive pink slips,Goldman Sachs,relevant,synthetic
AT&T chief operating officer says tax policy presents both risks and opportunities for the private sector,AT&T,irrelevant,synthetic
Dollar General CEO says company is 'open to' exploring cloud services opportunities,Dollar General,irrelevant,synthetic
Chipotle board approves new $5.1 billion share repurchase authorization,Chipotle,relevant,synthetic
Walmart former chief marketing officer leaves to join a rival startup in senior role,Walmart,irrelevant,synthetic
Group of former ServiceNow delivery drivers alleges pay discrimination in federal class-action,ServiceNow,irrelevant,synthetic
Exclusive-- Jim Jordan: Moderate and Conservative Reps. Frustrated with Speaker Ryan,Visa Inc.,irrelevant,gold_manual
FDA orders JPMorgan Chase to halt production at facility over contamination findings,JPMorgan Chase,relevant,synthetic
BlackRock acquires fintech startup for $750 million to bolster asset management firm,BlackRock,relevant,synthetic
Alphabet raises quarterly dividend 27% to $0.78 per share,Alphabet,relevant,synthetic
"CVS Health weighing options to expand into Singapore market, sources say",CVS Health,irrelevant,synthetic
Student visa rules tighten as universities face scrutiny,Visa,irrelevant,synthetic
Raytheon faces class-action lawsuit over alleged pay discrimination among logistics coordinators,Raytheon,irrelevant,synthetic
ConocoPhillips names Jennifer Harris to lead chief diversity officer function,ConocoPhillips,irrelevant,synthetic
This former Salesforce exec joined $6.8 billion Automation Anywhere to take the 'day-to-day drudgery' out of work,Salesforce,irrelevant,gold_manual
Morgan Stanley debuts digital currency for same-day settlement between banks,Morgan Stanley,relevant,synthetic
brick-and-mortar retail giants struggle as Walmart cuts prices aggressively,Walmart,irrelevant,synthetic
"ConocoPhillips reaches landmark new agreement with union representing 4,000 workers",ConocoPhillips,relevant,synthetic
Procter & Gamble acquires apparel brand in $0.8 billion deal expanding into apparel brand,Procter & Gamble,relevant,synthetic
FedEx workforce reduced by 1500 as restructuring accelerates,FedEx,relevant,synthetic
"Lawsuit filed against General Electric over religious discrimination in scheduling, seeks $45M",General Electric,irrelevant,synthetic
How BlackRock is forcing the travel agency industry to reinvent itself,BlackRock,irrelevant,synthetic
Lockheed Martin delivery driver faces criminal charges unrelated to employment in Atlanta,Lockheed Martin,irrelevant,synthetic
