title,company_name,label
"Bloomberg: Chevron exploring a buyout of a rival, though talks are preliminary",Chevron,irrelevant
"Alphabet CEO resigns amid strategic disagreements, board names internal successor",Alphabet,relevant
Why is Salesforce stock rises to 52-week high today? Here is what we know,Salesforce,irrelevant
BlackRock store manager faces criminal charges unrelated to employment in Denver,BlackRock,irrelevant
Verizon rolls out a redesigned home screen to its online store,Verizon,irrelevant
Visa cuts full-year guidance citing slower deal activity,Visa,relevant
Northrop Grumman rolls out a new password manager to its website,Northrop Grumman,irrelevant
City council debates naming rights deal for stadium near Mondelez offices,Mondelez,irrelevant
"Jefferies boosts Yum Brands to buy, cites market share gains",Yum Brands,irrelevant
Rumour: Could Lockheed Martin be exploring a buyout of a rival? Analysts are watching,Lockheed Martin,irrelevant
Paramount Global logistics coordinator suspended following investigation into personal conduct in Charlotte,Paramount Global,irrelevant
"PepsiCo lowers Q2 outlook, sends shares sharply lower in after-hours trading",PepsiCo,relevant
CVS Health factory worker charged with assault following workplace altercation in Dallas,CVS Health,irrelevant
Eli Lilly names longtime board member as new chief executive following board review,Eli Lilly,relevant
Goldman Sachs faces class-action lawsuit over alleged racial harassment among marketing managers,Goldman Sachs,irrelevant
Merck launches simplified navigation menu to its banking app,Merck,irrelevant
Accenture workers vote to reject company contract offer at key distribution center,Accenture,relevant
Morgan Stanley enables two-factor authentication prompts to its digital wallet,Morgan Stanley,irrelevant
Stellantis Q2 operating income surges 24% on better-than-expected vehicle pricing,Stellantis,relevant
Walmart former chief marketing officer leaves to join a rival startup in senior role,Walmart,irrelevant
Northrop Grumman shares outperforms the broader market as investors take profits across sectors,Northrop Grumman,irrelevant
Costco shares trade lower amid broader market selloff — no new company news,Costco,irrelevant
Johnson & Johnson denies wrongdoing in sexual harassment complaint filed by group of warehouse workers,Johnson & Johnson,irrelevant
FedEx president says inflation is the biggest challenge facing businesses today,FedEx,irrelevant
BlackRock co-founder says the labor market will have long-lasting effects on the broader economy,BlackRock,irrelevant
Costco to merge with delivery service in $2.5 billion combination,Costco,relevant
Starbucks workers circulate petition calling for remote work flexibility,Starbucks,irrelevant
Paramount Global faces consumer boycott over ingredient sourcing policies,Paramount Global,irrelevant
CVS Health workers in Boston rally to demand paid family leave expansion,CVS Health,irrelevant
3M faces criticism from advocacy groups over overseas manufacturing practices,3M,irrelevant
"Visa reports Q3 revenue of $8.3 billion, surpasses consensus on wealth management growth",Visa,relevant
Raytheon employees stage walkout over termination of diversity programs,Raytheon,irrelevant
"Citi lowers Lowe's to neutral, flags deteriorating pricing power",Lowe's,irrelevant
"Amazon delivers Q3 beat, guides higher for the year",Amazon,relevant
Paramount Global sued by group of loan officers alleging sexual harassment in workplace culture,Paramount Global,irrelevant
Charles Schwab former chief marketing officer joins a consulting firm as its new chief executive,Charles Schwab,irrelevant
Nike shares trade lower following weaker-than-expected jobs data — no new company news,Nike,irrelevant
Goldman Sachs said to be in early discussions about a joint venture in early-stage discussions,Goldman Sachs,irrelevant
Yum Brands Field hosts record crowd for playoff game,Yum Brands,irrelevant
Waste Management CFO scheduled to appear at the World Economic Forum in Davos investor day,Waste Management,irrelevant
Charles Schwab issues $1.8 billion in senior notes to fund strategic acquisitions,Charles Schwab,relevant
"Sources: Waste Management mulling a share buyback — no deal imminent, sources say",Waste Management,irrelevant
Rumour: Could Halliburton be weighing a potential spinoff? Analysts are watching,Halliburton,irrelevant
UnitedHealth reports positive Phase 3 trial results for key pipeline drug,UnitedHealth,relevant
Tyson Foods divests beverage unit in $2.1 billion deal as part of strategic review,Tyson Foods,relevant
DuPont warehouse worker arrested for alleged theft from delivery route in Los Angeles,DuPont,irrelevant
PepsiCo fined $45 million by FTC over a minor consumer notification requirement,PepsiCo,irrelevant
Halliburton store manager faces personal lawsuit unrelated to company activities in Detroit,Halliburton,irrelevant
"Needham cuts Deere & Company to overweight, flags margin pressure ahead",Deere & Company,irrelevant
EEOC opens investigation into Nvidia over alleged age discrimination in pay practices,Nvidia,irrelevant
"Ralph Lauren reports Q4 revenue of $1.2 billion, surpasses consensus on strong organic sales growth",Ralph Lauren,relevant
Under Armour faces class-action over household products brand product defect affecting millions of users,Under Armour,relevant
Coca-Cola CEO says supply chain resilience will have long-lasting effects on the broader economy,Coca-Cola,irrelevant
"Needham lowers Mondelez to neutral, sees limited upside from current levels",Mondelez,irrelevant
Chipotle releases a new rewards tracker to its website,Chipotle,irrelevant
Pfizer hit with $110 million penalty by SEC over mortgage servicing failures,Pfizer,relevant
"Halliburton reports Q2 revenue of $2.5 billion, falls short of expectations on higher oil prices",Halliburton,relevant
"TD Cowen upgrades ConocoPhillips to underperform, sees margin recovery underway",ConocoPhillips,irrelevant
"JPMorgan Chase joint venture seen as competitive threat to Morgan Stanley, analyst says",Morgan Stanley,irrelevant
Pfizer releases a new tips section to its banking app,Pfizer,irrelevant
Norfolk Southern denies wrongdoing in racial discrimination complaint filed by former employee,Norfolk Southern,irrelevant
Comcast adds a progress tracker to its checkout flow,Comcast,irrelevant
Halliburton store manager sued by customer over personal conduct during shift in Miami,Halliburton,irrelevant
"Boeing CEO steps down after 8 years, board launches external search",Boeing,relevant
Group of former Under Armour factory workers alleges national origin discrimination in federal class-action,Under Armour,irrelevant
Emerson Electric employees stage walkout over return-to-office mandate,Emerson Electric,irrelevant
Is Bank of America's latest smartphones worth buying? A consumer review,Bank of America,irrelevant
Accenture updates two-factor authentication prompts to its customer portal,Accenture,irrelevant
"Bernstein raises American Express to hold, sees multiple expansion ahead",American Express,irrelevant
General Motors vs competitors: which credit cards is right for you,General Motors,irrelevant
Airbnb factory worker faces personal lawsuit unrelated to company activities in New York,Airbnb,irrelevant
Best Kraft Heinz deals this Prime Day: our top picks,Kraft Heinz,irrelevant
Procter & Gamble CEO joins panel discussion at the World Economic Forum in Davos on workforce transformation,Procter & Gamble,irrelevant
Travelers drops sponsorship of annual awards show following social media backlash,Travelers,irrelevant
"JPMorgan cuts Republic Services to underperform, sees limited upside from current levels",Republic Services,irrelevant
How Nike's restructuring could reshape the competitive landscape for Emerson Electric,Emerson Electric,irrelevant
UnitedHealth chairman says cryptocurrency regulation is moving in the right direction but more work remains,UnitedHealth,irrelevant
T-Mobile district manager suspended following investigation into personal conduct in Houston,T-Mobile,irrelevant
Goldman Sachs to present at a Senate Commerce Committee hearing next month,Goldman Sachs,irrelevant
"Oracle reports 21% drop in quarterly revenue, cuts annual guidance",Oracle,relevant
DuPont former CEO departs to become partner at a fintech startup,DuPont,irrelevant
Salesforce to acquire cybersecurity startup for $5.1 billion in all-cash deal,Salesforce,relevant
EEOC opens investigation into Berkshire Hathaway over alleged national origin discrimination in scheduling practices,Berkshire Hathaway,irrelevant
Kimberly-Clark releases enhanced map view to its mobile app,Kimberly-Clark,irrelevant
Warner Bros. Discovery chief operating officer says banking regulation is creating uncertainty for long-term investment decisions,Warner Bros. Discovery,irrelevant
Mastercard investment banking revenue surges 14% as M&A market recovers,Mastercard,relevant
Mondelez said to be exploring a merger in early-stage discussions,Mondelez,irrelevant
UnitedHealth CFO says energy policy is something all companies need to take seriously,UnitedHealth,irrelevant
Local school renamed after DuPont founder despite community debate,DuPont,irrelevant
ConocoPhillips enables accessibility improvements to its website,ConocoPhillips,irrelevant
Accenture CEO to deliver keynote at the Aspen Ideas Festival,Accenture,irrelevant
Procter & Gamble issues voluntary recall of personal care brand product over potential safety concern,Procter & Gamble,relevant
UPS chief operating officer says banking regulation requires urgent attention from elected officials,UPS,irrelevant
AT&T named to Glassdoor's top-rated employers for the second straight year,AT&T,irrelevant
"Wells Fargo reaches new four-year labor agreement with union representing 1,600 workers",Wells Fargo,relevant
Wells Fargo confirms it received and rejected $2.5 billion takeover bid,Wells Fargo,relevant
Under Armour announces plan to separate into two independent publicly traded companies,Under Armour,relevant
Former Walt Disney former CFO appointed to advisory board of a fintech startup,Walt Disney,irrelevant
Republic Services acquires technology startup for $110 million to bolster service company,Republic Services,relevant
Apple chief operating officer says the labor market is a concern shared by businesses of all sizes,Apple,irrelevant
"Starbucks partnership seen as competitive threat to PepsiCo, analyst says",PepsiCo,irrelevant
Airbnb CFO says banking regulation will shape business strategy for years to come,Airbnb,irrelevant
"Morgan Stanley sees Q4 revenue of $2.5 billion, below prior guidance and analyst consensus",Morgan Stanley,relevant
Procter & Gamble refreshes a new password manager to its customer portal,Procter & Gamble,irrelevant
Morgan Stanley Research estimates Dollar General controls 38% of the semiconductor manufacturing market,Dollar General,irrelevant
Walt Disney Q2 earnings of $3.78 per share surpasses consensus,Walt Disney,relevant
Amazon lays out roadmap to 6% operating margin by 2025,Amazon,relevant
Apple said to be evaluating strategic alternatives in early-stage discussions,Apple,irrelevant
"Salesforce posts Q2 net income of $14.0 billion, misses analyst estimates",Salesforce,relevant
Progressive chairman says data privacy law presents both risks and opportunities for the private sector,Progressive,irrelevant
Lockheed Martin delivery driver faces criminal charges unrelated to employment in Atlanta,Lockheed Martin,irrelevant
"Wells Fargo downgrades Netflix to underperform, cites macro headwinds",Netflix,irrelevant
CVS Health human resources manager arrested for allegedly cashing fraudulent checks in Miami,CVS Health,irrelevant
"Chipotle CFO announces departure, company names Wall Street veteran as replacement",Chipotle,relevant
"Lowe's sees Q2 revenue of $1.8 billion, below prior guidance and analyst consensus",Lowe's,relevant
Walmart reaches $40 million agreement with state attorneys general to resolve a customer privacy complaint,Walmart,irrelevant
"Northrop Grumman recalls 1,200 thousand units over safety defect, faces $180 million repair bill",Northrop Grumman,relevant
Colgate-Palmolive outlines five-year strategy to double revenue in apparel brand segment,Colgate-Palmolive,relevant
Chipotle sued by group of former employees alleging pregnancy discrimination in termination policies,Chipotle,irrelevant
Booking Holdings customer service representative suspended following investigation into personal conduct in Philadelphia,Booking Holdings,irrelevant
Charles Schwab agrees to sell retail brokerage unit for $2.5 billion to private equity firm,Charles Schwab,relevant
Booking Holdings cuts full-year guidance citing slowing gross booking growth,Booking Holdings,relevant
Booking Holdings board approves new $2.5 billion share repurchase authorization,Booking Holdings,relevant
Accenture faces class-action lawsuit over alleged gender discrimination among customer service representatives,Accenture,irrelevant
Nvidia data center revenue surges 31% on record AI chip demand,Nvidia,relevant
Consumer guide: Raytheon televisions ranked and reviewed,Raytheon,irrelevant
Comcast workers in Detroit rally to demand improved workplace safety standards,Comcast,irrelevant
Rumour: Could Accenture be evaluating strategic alternatives? Analysts are watching,Accenture,irrelevant
Berkshire Hathaway refreshes a new rewards tracker to its streaming platform,Berkshire Hathaway,irrelevant
PepsiCo sued by group of warehouse workers alleging disability discrimination in pay practices,PepsiCo,irrelevant
Why is Microsoft stock outperforms the broader market today? Here is what we know,Microsoft,irrelevant
Johnson & Johnson introduces in-app chat support to its retail website,Johnson & Johnson,irrelevant
Halliburton shares gives back recent gains on no company-specific news,Halliburton,irrelevant
ServiceNow said to be considering selling its media division in early-stage discussions,ServiceNow,irrelevant
Tesla Q2 gross margin contracts to 11.2% on improving EV production efficiency,Tesla,relevant
JPMorgan flags Waste Management as a potential bidder that chose not to participate in note on Bank of America joint venture,Waste Management,irrelevant
FDA orders ConocoPhillips to halt production at facility over contamination findings,ConocoPhillips,relevant
Boeing to acquire defense electronics company for $11.2 billion in all-stock deal,Boeing,relevant
Booking Holdings denies wrongdoing in racial harassment complaint filed by former sales representative,Booking Holdings,irrelevant
Bernstein flags Capital One as a company that may need to respond competitively in note on Apple partnership,Capital One,irrelevant
T-Mobile earns top score on Barron's most sustainable companies,T-Mobile,irrelevant
Capital One chief executive says geopolitical tensions is the biggest challenge facing businesses today,Capital One,irrelevant
Ford CEO named to Barron's most sustainable companies,Ford,irrelevant
UPS CEO named to Fortune's most admired companies list,UPS,irrelevant
Oracle board approves new $2.5 billion share repurchase authorization,Oracle,relevant
Emerson Electric chief executive says deficit spending will shape business strategy for years to come,Emerson Electric,irrelevant
Stellantis agrees to $180 million settlement with state attorneys general over environmental violations,Stellantis,relevant
Under Armour raises full-year guidance after Q4 beat on pricing power offsetting volume declines,Under Armour,relevant
General Electric chief executive says the federal budget cannot be solved by the private sector alone,General Electric,irrelevant
Home Depot Q3 operating income surges 4% on strong seasonal demand,Home Depot,relevant
Bank of America raises full-year guidance after Q1 beat on wealth management growth,Bank of America,relevant
"Accenture to eliminate 10,000 positions as part of $22.0 billion cost reduction plan",Accenture,relevant
Save big on AT&T home appliances this Cyber Monday — here is how,AT&T,irrelevant
CSX vs competitors: which food delivery is right for you,CSX,irrelevant
Caterpillar faces new gender discrimination lawsuit from group of former employees in Michigan court,Caterpillar,irrelevant
Lockheed Martin pulls advertising from podcast network following personal scandal,Lockheed Martin,irrelevant
Dollar General CEO says supply chain resilience is something all companies need to take seriously,Dollar General,irrelevant
Alphabet chief operating officer says AI regulation demands a thoughtful policy response from legislators,Alphabet,irrelevant
General Motors board approves new $1.8 billion share repurchase authorization,General Motors,relevant
"Sources: Progressive mulling a share buyback — no deal imminent, sources say",Progressive,irrelevant
Goldman Sachs wealth management division surpasses $3.4 trillion in client assets,Goldman Sachs,relevant
Eli Lilly employees stage walkout over new attendance tracking system,Eli Lilly,irrelevant
Local school renamed after Wells Fargo founder despite community debate,Wells Fargo,irrelevant
Waste Management raises full-year guidance after Q4 beat on improved operational efficiency,Waste Management,relevant
Capital One pays $20 million to settle an advertising standards complaint complaint with CFPB,Capital One,irrelevant
Nvidia posts better-than-expected Q4 results as robust enterprise software renewals,Nvidia,relevant
Kimberly-Clark updates accessibility improvements to its website,Kimberly-Clark,irrelevant
McDonald's CFO scheduled to appear at the Aspen Ideas Festival investor day,McDonald's,irrelevant
Lockheed Martin Q4 gross margin narrows to 19.8% on record hypersonic weapons orders,Lockheed Martin,relevant
AT&T stock pulls back from record highs as tech sector sees profit-taking,AT&T,irrelevant
Microsoft to eliminate 800 positions as part of $1.8 billion cost reduction plan,Microsoft,relevant
Costco president says global trade is something all companies need to take seriously,Costco,irrelevant
Wells Fargo co-founder says climate policy is top of mind for executives across every industry,Wells Fargo,irrelevant
Booking Holdings denies wrongdoing in disability discrimination complaint filed by group of retail workers,Booking Holdings,irrelevant
Mastercard Q3 earnings of $3.10 per share comes in below consensus,Mastercard,relevant
"Deutsche Bank raises Salesforce to neutral, calls valuation compelling after selloff",Salesforce,irrelevant
Capital One faces class-action lawsuit over alleged gender discrimination among delivery drivers,Capital One,irrelevant
BlackRock Q1 gross margin widens to 34.7% on record investment banking fees,BlackRock,relevant
Amazon says full-year revenue will fall short of prior guidance by 14%,Amazon,relevant
Costco co-founder says supply chain resilience is something all companies need to take seriously,Costco,irrelevant
Mastercard shares trade lower following broader macro concerns — no new company news,Mastercard,irrelevant
Target president says geopolitical tensions cannot be solved by the private sector alone,Target,irrelevant
"UBS upgrades Citigroup to hold, cites market share gains",Citigroup,irrelevant
Under Armour faces new pay discrimination lawsuit from former employee in Washington court,Under Armour,irrelevant
Black Friday: the best Merck running shoes deals you can get right now,Merck,irrelevant
Former Colgate-Palmolive district manager files racial discrimination complaint with EEOC,Colgate-Palmolive,irrelevant
Booking Holdings raises full-year guidance after Q3 beat on strong international travel volumes,Booking Holdings,relevant
"Starbucks turns in a Q4 quarter investors had feared, stock drops",Starbucks,relevant
Microsoft enables accessibility improvements to its website,Microsoft,irrelevant
Booking Holdings agrees to sell international operations for $1.8 billion to private equity firm,Booking Holdings,relevant
Why is Ralph Lauren stock pulls back from record highs today? Here is what we know,Ralph Lauren,irrelevant
Is Apple's latest sneakers worth buying? A consumer review,Apple,irrelevant
Former Lowe's human resources manager files national origin discrimination complaint with EEOC,Lowe's,irrelevant
ConocoPhillips ends partnership with brand ambassador after offensive social media post,ConocoPhillips,irrelevant
Emerson Electric president says deficit spending cannot be solved by the private sector alone,Emerson Electric,irrelevant
Pfizer enables spending insights tab to its digital wallet,Pfizer,irrelevant
ServiceNow launches simplified navigation menu to its enterprise dashboard,ServiceNow,irrelevant
Black Friday: the best Oracle sneakers deals you can get right now,Oracle,irrelevant
Alphabet suspends quarterly dividend amid cash flow concerns,Alphabet,relevant
AT&T Q1 operating income surges 17% on strong wireless postpaid net adds,AT&T,relevant
Starbucks confirms receipt of CFTC civil investigative demand over misleading investors,Starbucks,relevant
Accenture sued by group of former employees alleging racial harassment in workplace culture,Accenture,irrelevant
DuPont retail associate suspended following investigation into personal conduct in Houston,DuPont,irrelevant
Home Depot Q4 operating income surges 4% on strong comparable store sales growth,Home Depot,relevant
Chipotle named to Fast Company's most innovative companies for the first time,Chipotle,irrelevant
"DuPont Q3: revenue in line, margins disappoint, guidance cut",DuPont,relevant
"Mizuho boosts Tesla to overweight, calls recent dip a buying opportunity",Tesla,irrelevant
Group of former Emerson Electric logistics coordinators alleges religious discrimination in federal class-action,Emerson Electric,irrelevant
Northrop Grumman former chief marketing officer joins a consulting firm as its new chief executive,Northrop Grumman,irrelevant
"Goldman Sachs raises Verizon to underperform, sees accelerating revenue growth",Verizon,irrelevant
Northrop Grumman announces $14.0 billion share buyback program,Northrop Grumman,relevant
DuPont employees sign open letter opposing employee monitoring rollout,DuPont,irrelevant
Progressive CEO says cryptocurrency regulation presents both risks and opportunities for the private sector,Progressive,irrelevant
Uber CFO says tax policy is something all companies need to take seriously,Uber,irrelevant
"TD Cowen raises Tyson Foods to sell, sees multiple expansion ahead",Tyson Foods,irrelevant
"Netflix CEO steps down after 8 years, board launches external search",Netflix,relevant
Meta snaps up cloud infrastructure company for $900 million in bolt-on acquisition,Meta,relevant
Allstate employees protest performance tracking policy at headquarters,Allstate,irrelevant
CVS Health updates new onboarding tutorial to its cloud console,CVS Health,irrelevant
Deere & Company pays $45 million to settle a minor labor board finding complaint with SEC,Deere & Company,irrelevant
"Northrop Grumman CFO announces retirement, company names internal finance executive as replacement",Northrop Grumman,relevant
Group of former 3M warehouse workers alleges religious discrimination in federal class-action,3M,irrelevant
3M acquires industrial software company for $500 million to bolster precision tools company,3M,relevant
Norfolk Southern shares trade lower as investors rotate into defensives — no new company news,Norfolk Southern,irrelevant
Colgate-Palmolive earns top score on Barron's most sustainable companies,Colgate-Palmolive,irrelevant
"Mizuho lowers American Express to overweight, flags rising competitive pressure",American Express,irrelevant
Procter & Gamble credit rating downgraded by S&P citing elevated debt levels,Procter & Gamble,relevant
PepsiCo shares trade lower amid broader market selloff — no new company news,PepsiCo,irrelevant
Berkshire Hathaway vs competitors: which sneakers is right for you,Berkshire Hathaway,irrelevant
Uber suspends quarterly dividend amid cash flow concerns,Uber,relevant
Booking Holdings agrees to sell experiences division for $5.1 billion to consortium of investors,Booking Holdings,relevant
Emerson Electric order backlog reaches record $5.1 billion on strong industrial demand,Emerson Electric,relevant
"Needham lowers Tyson Foods to sell, cites slowing demand environment",Tyson Foods,irrelevant
Booking Holdings nights booked rise 18% as international travel demand surges,Booking Holdings,relevant
American Express employees stage walkout over termination of diversity programs,American Express,irrelevant
FedEx discloses CFTC subpoena related to mortgage servicing failures,FedEx,relevant
"Citi trims Waste Management to hold, warns of elevated inventory",Waste Management,irrelevant
Dow chief executive says the labor market is a concern shared by businesses of all sizes,Dow,irrelevant
Paramount Global says full-year revenue will fall short of prior guidance by 31%,Paramount Global,relevant
ExxonMobil ends partnership with sports personality after personal scandal,ExxonMobil,irrelevant
"Progressive and insurtech startup confirm merger talks, deal could be worth $1.2 billion",Progressive,relevant
City council debates naming rights deal for stadium near Waste Management offices,Waste Management,irrelevant
Tourist spots near T-Mobile campus rank among best in the area,T-Mobile,irrelevant
Former Nvidia former chief operating officer appointed to advisory board of a fintech startup,Nvidia,irrelevant
Lowe's chief operating officer says tax policy will shape business strategy for years to come,Lowe's,irrelevant
Procter & Gamble earns top score on LinkedIn's top companies to work for,Procter & Gamble,irrelevant
Travelers sued by former executive alleging religious discrimination in workplace culture,Travelers,irrelevant
Comcast issues voluntary recall of wireless spectrum holder product over potential safety concern,Comcast,relevant
Emerson Electric adds new onboarding tutorial to its customer app,Emerson Electric,irrelevant
Capital One customer service representative arrested for allegedly cashing fraudulent checks in Miami,Capital One,irrelevant
"Goldman Sachs Q3: revenue in line, margins disappoint, guidance cut",Goldman Sachs,relevant
Walmart tops the Street on both revenue and earnings in Q4,Walmart,relevant
Mondelez Q2 gross margin expands to 29.8% on strong organic volume growth,Mondelez,relevant
ServiceNow customer service representative charged with assault following workplace altercation in New York,ServiceNow,irrelevant
Costco CEO named to Fortune's most admired companies list,Costco,irrelevant
"Piper Sandler boosts Stellantis to equal weight, calls valuation compelling after selloff",Stellantis,irrelevant
"Salesforce announces 5,500 corporate layoffs, shares fall on restructuring news",Salesforce,relevant
Ralph Lauren ends partnership with celebrity spokesperson after community backlash,Ralph Lauren,irrelevant
Booking Holdings human resources manager arrested in connection with unrelated drug charges in Atlanta,Booking Holdings,irrelevant
"Costco lowers Q4 outlook, sends shares sharply lower in after-hours trading",Costco,relevant
Tesla to present at the Allen & Company Sun Valley conference next month,Tesla,irrelevant
"Needham upgrades UnitedHealth to sell, calls recent dip a buying opportunity",UnitedHealth,irrelevant
"Republic Services announces 1,600 corporate layoffs, shares fall on restructuring news",Republic Services,relevant
"Apple's restructuring deal raises questions about Amazon's position, per TD Cowen",Amazon,irrelevant
Ford Q3 gross margin widens to 19.8% on strong fleet sales,Ford,relevant
Alphabet faces new pay discrimination lawsuit from former financial advisor in Georgia court,Alphabet,irrelevant
Sources: Raytheon close to finalising acquisition of defense electronics company for $3.4 billion,Raytheon,relevant
"Tyson Foods CFO announces retirement, company names internal finance executive as replacement",Tyson Foods,relevant
Chevron issues $11.2 billion in senior notes to fund strategic acquisitions,Chevron,relevant
Aflac in deal to take over reinsurance company for $1.8 billion,Aflac,relevant
EEOC opens investigation into ConocoPhillips over alleged pregnancy discrimination in pay practices,ConocoPhillips,irrelevant
Honeywell to merge with specialty materials maker in $5.1 billion combination,Honeywell,relevant
Save big on Alphabet sneakers this Valentine's Day — here is how,Alphabet,irrelevant
Capital One ranks among Forbes' list of best employers for the second straight year,Capital One,irrelevant
CSX blows past Q2 estimates on improved on-time delivery performance,CSX,relevant
EEOC opens investigation into Walmart over alleged age discrimination in workplace culture,Walmart,irrelevant
Berkshire Hathaway agrees to $45 million penalty over a minor labor board finding,Berkshire Hathaway,irrelevant
Raytheon issues $11.2 billion in senior notes to strengthen balance sheet,Raytheon,relevant
Uber unveils three-year plan to cut costs by $1.8 billion,Uber,relevant
Johnson & Johnson branch teller charged with harassment following complaint by coworker in Charlotte,Johnson & Johnson,irrelevant
Costco named to Glassdoor's top-rated employers for the fifth year running,Costco,irrelevant
UPS agrees to $180 million settlement with EPA over consumer protection violations,UPS,relevant
Yum Brands president says interest rates is top of mind for executives across every industry,Yum Brands,irrelevant
Aflac employees sign open letter opposing performance tracking policy,Aflac,irrelevant
Former Morgan Stanley former CFO named to lead a fintech startup,Morgan Stanley,irrelevant
Dollar General acquires supply chain company for $180 million to bolster delivery service,Dollar General,relevant
"Oracle to eliminate 1,600 positions as part of $14.0 billion cost reduction plan",Oracle,relevant
How Target's divestiture could reshape the competitive landscape for American Express,American Express,irrelevant
UPS to acquire freight brokerage for $1.2 billion in stock-and-cash transaction,UPS,relevant
CVS Health faces new national origin discrimination lawsuit from group of retail workers in Ohio court,CVS Health,irrelevant
New documentary examines working conditions at Pfizer suppliers overseas,Pfizer,irrelevant
Kimberly-Clark chief operating officer says the federal budget requires coordinated global action to address effectively,Kimberly-Clark,irrelevant
"Goldman Sachs boosts Eli Lilly to equal weight, calls recent dip a buying opportunity",Eli Lilly,irrelevant
Honeywell human resources manager arrested for allegedly cashing fraudulent checks in Houston,Honeywell,irrelevant
Alphabet faces $1.8 billion fine from CFTC over price-fixing conspiracy,Alphabet,relevant
Aflac named to LinkedIn's top companies to work for for the fifth year running,Aflac,irrelevant
New documentary examines working conditions at Norfolk Southern suppliers overseas,Norfolk Southern,irrelevant
"UPS's partnership deal raises questions about Honeywell's position, per Mizuho",Honeywell,irrelevant
Oracle store manager arrested in connection with unrelated drug charges in Dallas,Oracle,irrelevant
ServiceNow announces $8.3 billion share buyback program,ServiceNow,relevant
"Halliburton to eliminate 3,000 positions as part of $1.8 billion cost reduction plan",Halliburton,relevant
"Waste Management announces 3,000 corporate layoffs, shares fall on restructuring news",Waste Management,relevant
"Merck recalls 4,000 thousand units over safety defect, faces $110 million repair bill",Merck,relevant
Emerson Electric launches in-app chat support to its checkout flow,Emerson Electric,irrelevant
Salesforce confirms it received and rejected $90.0 billion takeover bid,Salesforce,relevant
IBM employees protest mandatory drug testing policy at headquarters,IBM,irrelevant
Halliburton faces class-action lawsuit over alleged gender discrimination among retail associates,Halliburton,irrelevant
Starbucks president says healthcare costs cannot be solved by the private sector alone,Starbucks,irrelevant
Capital One cuts full-year guidance citing slower deal activity,Capital One,relevant
AT&T customer service representative faces personal lawsuit unrelated to company activities in Phoenix,AT&T,irrelevant
DuPont branch teller faces restraining order filed by former coworker in Chicago,DuPont,irrelevant
General Electric employees stage walkout over healthcare benefit reductions,General Electric,irrelevant
Chevron Q2 earnings of $3.78 per share tops expectations,Chevron,relevant
Morgan Stanley employees sign open letter opposing employee monitoring rollout,Morgan Stanley,irrelevant
UnitedHealth financial advisor charged with embezzling from customer accounts in Miami,UnitedHealth,irrelevant
"Norfolk Southern announces 1,200 corporate layoffs, shares fall on restructuring news",Norfolk Southern,relevant
UPS loses supply chain services unit contract to rival in blow to revenue outlook,UPS,relevant
Johnson & Johnson to acquire clinical-stage drug developer for $14.0 billion in stock-and-cash transaction,Johnson & Johnson,relevant
"Under Armour announces 2,500 job cuts in retail operations amid cost reduction program",Under Armour,relevant
Report: FedEx holds 18% market share in cloud infrastructure per S&P Global Market Intelligence,FedEx,irrelevant
"Berkshire Hathaway lowers Q3 outlook, sends shares sharply lower in after-hours trading",Berkshire Hathaway,relevant
Starbucks software engineer suspended following investigation into personal conduct in Seattle,Starbucks,irrelevant
Honeywell marketing manager charged with harassment following complaint by coworker in Philadelphia,Honeywell,irrelevant
FedEx customer service representative sued by customer over personal conduct during shift in Houston,FedEx,irrelevant
Procter & Gamble activist investor discloses $1.8 billion stake pushes for margin improvement,Procter & Gamble,relevant
Alphabet drops sponsorship of marathon sponsorship following social media backlash,Alphabet,irrelevant
AbbVie agrees to sell medical devices unit for $22.0 billion to strategic acquirer,AbbVie,relevant
"Mizuho lifts Norfolk Southern to overweight, sees accelerating revenue growth",Norfolk Southern,irrelevant
Chipotle employees protest mandatory overtime policy at headquarters,Chipotle,irrelevant
Lowe's settles age discrimination complaint filed by group of loan officers for undisclosed amount,Lowe's,irrelevant
New IDC data shows Goldman Sachs gaining share in e-commerce,Goldman Sachs,irrelevant
Yum Brands activist investor discloses $0.8 billion stake pushes for margin improvement,Yum Brands,relevant
"Nike announces 12,000 corporate layoffs, shares fall on restructuring news",Nike,relevant
Warner Bros. Discovery marketing manager charged with embezzling from customer accounts in Minneapolis,Warner Bros. Discovery,irrelevant
Walmart employees sign open letter opposing return-to-office mandate,Walmart,irrelevant
Yum Brands faces consumer boycott over ingredient sourcing policies,Yum Brands,irrelevant
Morgan Stanley retail associate suspended following investigation into personal conduct in New York,Morgan Stanley,irrelevant
Waste Management credit rating placed on negative watch by DBRS citing elevated debt levels,Waste Management,relevant
Charles Schwab faces criticism from advocacy groups over environmental claims on packaging,Charles Schwab,irrelevant
Local school renamed after Johnson & Johnson founder despite community debate,Johnson & Johnson,irrelevant
Lockheed Martin rolls out spending insights tab to its online store,Lockheed Martin,irrelevant
Alphabet announces plan to separate into two independent publicly traded companies,Alphabet,relevant
JPMorgan Chase loses consumer banking arm contract to rival in blow to revenue outlook,JPMorgan Chase,relevant
Nike agrees to sell grooming unit for $0.8 billion to strategic acquirer,Nike,relevant
Under Armour loses footwear division contract to rival in blow to revenue outlook,Under Armour,relevant
"McDonald's recalls 18,000 thousand units over safety defect, faces $180 million repair bill",McDonald's,relevant
Tesla said to be mulling a share buyback in early-stage discussions,Tesla,irrelevant
AT&T outlines five-year strategy to double revenue in fiber network company segment,AT&T,relevant
Warner Bros. Discovery customer service representative faces restraining order filed by former coworker in Atlanta,Warner Bros. Discovery,irrelevant
FedEx updates dark mode to its banking app,FedEx,irrelevant
Netflix financial advisor arrested for alleged theft from delivery route in Seattle,Netflix,irrelevant
Kimberly-Clark reaches $40 million agreement with EPA to resolve a minor fair lending violation,Kimberly-Clark,irrelevant
ExxonMobil issues $1.2 billion in senior notes to fund strategic acquisitions,ExxonMobil,relevant
Mondelez says full-year revenue will fall short of prior guidance by 15%,Mondelez,relevant
Ford Q1 earnings of $0.87 per share comes in below consensus,Ford,relevant
Walt Disney employees protest healthcare benefit reductions at headquarters,Walt Disney,irrelevant
"Booking Holdings to eliminate 2,000 positions as part of $0.8 billion cost reduction plan",Booking Holdings,relevant
Alphabet to acquire enterprise software company for $90.0 billion in stock-and-cash transaction,Alphabet,relevant
Ford factory worker charged with embezzling from customer accounts in Los Angeles,Ford,irrelevant
Boeing faces pay discrimination lawsuit filed by former employee,Boeing,irrelevant
Under Armour customer service representative charged with assault following workplace altercation in Los Angeles,Under Armour,irrelevant
How FedEx's joint venture could reshape the competitive landscape for Starbucks,Starbucks,irrelevant
"General Motors recalls 1,600 thousand units over safety defect, faces $250 million repair bill",General Motors,relevant
T-Mobile adds enhanced map view to its online store,T-Mobile,irrelevant
"TD Cowen upgrades Home Depot to neutral, sees multiple expansion ahead",Home Depot,irrelevant
Home Depot rolls out enhanced map view to its customer portal,Home Depot,irrelevant
"Citi raises DuPont to neutral, sees multiple expansion ahead",DuPont,irrelevant
Concert at Boeing Arena draws thousands despite rain,Boeing,irrelevant
"Boeing CFO announces resignation, company names former divisional CFO as replacement",Boeing,relevant
CVS Health settles pregnancy discrimination complaint filed by group of former employees for undisclosed amount,CVS Health,irrelevant
"Morgan Stanley raises T-Mobile to hold, calls valuation compelling after selloff",T-Mobile,irrelevant
Honeywell president says banking regulation is a concern shared by businesses of all sizes,Honeywell,irrelevant
Goldman Sachs activist investor discloses $3.4 billion stake pushes for margin improvement,Goldman Sachs,relevant
Halliburton former general counsel departs to become partner at a healthcare company,Halliburton,irrelevant
Lowe's raises quarterly dividend 18% to $0.78 per share,Lowe's,relevant
"Charles Schwab posts Q3 net income of $1.8 billion, surpasses consensus",Charles Schwab,relevant
JPMorgan Chase CEO says cryptocurrency regulation is top of mind for executives across every industry,JPMorgan Chase,irrelevant
"Jefferies trims Mastercard to hold, flags margin pressure ahead",Mastercard,irrelevant
Microsoft rolls out improved load times to its digital wallet,Microsoft,irrelevant
"Visa posts Q1 net income of $1.2 billion, falls short of expectations",Visa,relevant
Pfizer board approves new $2.5 billion share repurchase authorization,Pfizer,relevant
Bank of America human resources manager sued by customer over personal conduct during shift in Los Angeles,Bank of America,irrelevant
Pfizer unveils three-year plan to cut costs by $3.4 billion,Pfizer,relevant
Nike fined $2 million by CFPB over an outdated record-keeping practice,Nike,irrelevant
Allstate adds a new rewards tracker to its enterprise dashboard,Allstate,irrelevant
Wells Fargo earns top score on Glassdoor's top-rated employers,Wells Fargo,irrelevant
Nike chief operating officer says inflation is a concern shared by businesses of all sizes,Nike,irrelevant
Alphabet named to Glassdoor's top-rated employers for the fifth year running,Alphabet,irrelevant
Warner Bros. Discovery to merge with production company in $2.1 billion combination,Warner Bros. Discovery,relevant
Alphabet posts better-than-expected Q2 results as strong cloud revenue growth,Alphabet,relevant
Visa rolls out location-based alerts to its mobile app,Visa,irrelevant
Tyson Foods president says the federal budget will shape business strategy for years to come,Tyson Foods,irrelevant
Kraft Heinz refreshes a progress tracker to its online store,Kraft Heinz,irrelevant
American Express drops sponsorship of annual awards show following social media backlash,American Express,irrelevant
McDonald's CEO joins panel discussion at the Milken Institute Global Conference on financial regulation,McDonald's,irrelevant
Netflix branch teller arrested in connection with unrelated drug charges in Seattle,Netflix,irrelevant
Alphabet cuts full-year guidance citing slowing cloud growth,Alphabet,relevant
Accenture releases two-factor authentication prompts to its employee portal,Accenture,irrelevant
Is Microsoft's latest software subscriptions worth buying? A consumer review,Microsoft,irrelevant
Colgate-Palmolive former CFO joins a government advisory role as its new chief executive,Colgate-Palmolive,irrelevant
Berkshire Hathaway CFO scheduled to appear at the Aspen Ideas Festival investor day,Berkshire Hathaway,irrelevant
"UBS upgrades BlackRock to outperform, says near-term headwinds are priced in",BlackRock,irrelevant
Protests outside Lockheed Martin headquarters over unrelated political issue,Lockheed Martin,irrelevant
"Verizon to eliminate 5,500 positions as part of $2.5 billion cost reduction plan",Verizon,relevant
"Sources: Mondelez in early discussions about a joint venture — no deal imminent, sources say",Mondelez,irrelevant
Amazon loses consumer hardware division contract to rival in blow to revenue outlook,Amazon,relevant
Walt Disney faces class-action lawsuit over alleged disability discrimination among retail associates,Walt Disney,irrelevant
Target agrees to sell pharmacy chain for $1.8 billion to consortium of investors,Target,relevant
Forrester estimates PepsiCo controls 38% of the electric vehicles market,PepsiCo,irrelevant
Procter & Gamble rolls out spending insights tab to its cloud console,Procter & Gamble,irrelevant
Dow enables enhanced map view to its website,Dow,irrelevant
Dow ordered by CFTC to pay $110 million over environmental violations,Dow,relevant
Starbucks human resources manager arrested for alleged theft from delivery route in Dallas,Starbucks,irrelevant
Netflix releases simplified navigation menu to its customer app,Netflix,irrelevant
Norfolk Southern financial advisor charged with assault following workplace altercation in New York,Norfolk Southern,irrelevant
Accenture financial advisor arrested for allegedly cashing fraudulent checks in Chicago,Accenture,irrelevant
American Express ordered by SEC to pay $215 million over consumer protection violations,American Express,relevant
Salesforce issues $22.0 billion in senior notes to refinance maturing debt,Salesforce,relevant
McDonald's CEO to deliver keynote at the World Economic Forum in Davos,McDonald's,irrelevant
"Chipotle CEO is replaced following activist pressure, board launches external search",Chipotle,relevant
"Tesla to eliminate 2,500 positions as part of $2.1 billion cost reduction plan",Tesla,relevant
Raytheon raises full-year guidance after Q4 beat on strong missile systems demand,Raytheon,relevant
"Jefferies lifts Allstate to outperform, sees accelerating revenue growth",Allstate,irrelevant
PepsiCo cited as top player in e-commerce by Goldman Sachs Research industry survey,PepsiCo,irrelevant
Alphabet delivery driver charged with running fraud scheme at local branch in Boston,Alphabet,irrelevant
Ford district manager arrested in connection with unrelated drug charges in Dallas,Ford,irrelevant
Coca-Cola pulls advertising from video sharing platform following personal scandal,Coca-Cola,irrelevant
Apple data center revenue surges 24% on record AI chip demand,Apple,relevant
"Wells Fargo upgrades Northrop Grumman to neutral, sees margin recovery underway",Northrop Grumman,irrelevant
"Microsoft announces 5,500 corporate layoffs, shares fall on restructuring news",Microsoft,relevant
Amazon data center revenue surges 14% on record AI chip demand,Amazon,relevant
Berkshire Hathaway employees sign open letter opposing termination of diversity programs,Berkshire Hathaway,irrelevant
Allstate shares trade lower as the S&P 500 drops — no new company news,Allstate,irrelevant
Walmart chief operating officer says the housing market is something all companies need to take seriously,Walmart,irrelevant
Bank of America employees sign open letter opposing mandatory drug testing policy,Bank of America,irrelevant
Walt Disney CEO says healthcare costs is more complex than most policymakers appreciate,Walt Disney,irrelevant
"AbbVie to eliminate 7,000 positions as part of $1.2 billion cost reduction plan",AbbVie,relevant
Starbucks reaches $18 million agreement with FTC to resolve a minor fair lending violation,Starbucks,irrelevant
Under Armour denies wrongdoing in age discrimination complaint filed by group of retail workers,Under Armour,irrelevant
Why is Alphabet stock gives back recent gains today? Here is what we know,Alphabet,irrelevant
"RBC Capital Markets cuts AbbVie to equal weight, lowers price target on earnings miss",AbbVie,irrelevant
"Baird cuts Halliburton to buy, sees limited upside from current levels",Halliburton,irrelevant
Dollar General human resources manager suspended following investigation into personal conduct in Phoenix,Dollar General,irrelevant
Tesla sales representative faces personal lawsuit unrelated to company activities in Los Angeles,Tesla,irrelevant
Nike former CEO joins a venture capital fund as its new chief executive,Nike,irrelevant
Ford workers circulate petition calling for reversal of return-to-office policy,Ford,irrelevant
BlackRock enables enhanced map view to its website,BlackRock,irrelevant
Stellantis store manager suspended following investigation into personal conduct in Seattle,Stellantis,irrelevant
UnitedHealth suspends quarterly dividend amid cash flow concerns,UnitedHealth,relevant
Verizon president says AI regulation will have long-lasting effects on the broader economy,Verizon,irrelevant
Report: Wells Fargo considering selling its media division — company declines to comment,Wells Fargo,irrelevant
AbbVie co-founder says energy policy is a concern shared by businesses of all sizes,AbbVie,irrelevant
New Nielsen data shows IBM gaining share in ride-sharing,IBM,irrelevant
Capital One to pay $10 million in connection with a disclosure timing issue investigation,Capital One,irrelevant
"Dow posts Q3 net income of $1.2 billion, comes in below consensus",Dow,relevant
Stellantis raises EV production target by 12% following strong order intake,Stellantis,relevant
Ford former chief revenue officer departs to become partner at a government advisory role,Ford,irrelevant
McDonald's introduces location-based alerts to its cloud console,McDonald's,irrelevant
Comcast to spin off its media assets as a standalone publicly traded company,Comcast,relevant
Oracle data center revenue surges 8% on record AI chip demand,Oracle,relevant
Bank of America sales representative charged with embezzling from customer accounts in Denver,Bank of America,irrelevant
Bernstein Research ranks Aflac as the leading provider in pharmaceutical distribution,Aflac,irrelevant
"Deere & Company loses antitrust violations case, ordered to pay $110 million in penalties",Deere & Company,relevant
Tesla employees protest mandatory overtime policy at headquarters,Tesla,irrelevant
Chevron co-founder says data privacy law is a concern shared by businesses of all sizes,Chevron,irrelevant
Berkshire Hathaway wealth management division surpasses $1.2 trillion in client assets,Berkshire Hathaway,relevant
Citigroup workers in Charlotte rally to demand improved workplace safety standards,Citigroup,irrelevant
Apple to acquire developer tools company for $1.8 billion in all-stock deal,Apple,relevant
"TD Cowen trims Travelers to neutral, flags deteriorating pricing power",Travelers,irrelevant
Meta CEO named to LinkedIn's top companies to work for,Meta,irrelevant
"Progressive to eliminate 7,000 positions as part of $0.5 billion cost reduction plan",Progressive,relevant
Travelers cited as top player in e-commerce by Forrester industry survey,Travelers,irrelevant
Citigroup software engineer faces criminal charges unrelated to employment in Houston,Citigroup,irrelevant
Raytheon cuts full-year guidance citing program schedule slippages,Raytheon,relevant
Allstate faces consumer boycott over executive compensation disclosures,Allstate,irrelevant
Waste Management sued by former financial advisor alleging national origin discrimination in promotion decisions,Waste Management,irrelevant
Bank of America recognized on LinkedIn's top companies to work for for workplace culture,Bank of America,irrelevant
City council debates naming rights deal for stadium near CVS Health offices,CVS Health,irrelevant
Northrop Grumman Q4 earnings of $2.56 per share falls short of expectations,Northrop Grumman,relevant
Booking Holdings faces new gender discrimination lawsuit from former manager in California court,Booking Holdings,irrelevant
AT&T denies wrongdoing in racial discrimination complaint filed by group of former employees,AT&T,irrelevant
Airbnb former CEO leaves to join a venture capital fund in senior role,Airbnb,irrelevant
Capital One net interest income falls 15% as rate environment pressures margins,Capital One,relevant
JPMorgan Chase to present at the Allen & Company Sun Valley conference next month,JPMorgan Chase,irrelevant
Walt Disney chief operating officer says climate policy is a concern shared by businesses of all sizes,Walt Disney,irrelevant
"Wells Fargo cuts T-Mobile to sell, says near-term catalysts are limited",T-Mobile,irrelevant
Mondelez Q2 gross margin contracts to 29.8% on strong international comparable sales,Mondelez,relevant
Wells Fargo reaches $10 million agreement with CFPB to resolve an environmental reporting error,Wells Fargo,irrelevant
Kimberly-Clark adds spending insights tab to its retail website,Kimberly-Clark,irrelevant
Report: Verizon holds 41% market share in e-commerce per Bernstein Research,Verizon,irrelevant
Paramount Global CEO to deliver keynote at the Allen & Company Sun Valley conference,Paramount Global,irrelevant
Protests outside Dollar General headquarters over unrelated political issue,Dollar General,irrelevant
Save big on Eli Lilly headphones this the holiday season — here is how,Eli Lilly,irrelevant
FDA orders Kimberly-Clark to halt production at facility over contamination findings,Kimberly-Clark,relevant
AT&T logistics coordinator charged with harassment following complaint by coworker in Houston,AT&T,irrelevant
Comcast faces social media campaign targeting marketing to minors allegations,Comcast,irrelevant
Airbnb adds new onboarding tutorial to its loyalty app,Airbnb,irrelevant
Home Depot logistics coordinator charged with running fraud scheme at local branch in Houston,Home Depot,irrelevant
Uber CFO says banking regulation requires urgent attention from elected officials,Uber,irrelevant
Accenture financial advisor cited for personal safety violation in Charlotte,Accenture,irrelevant
Deere & Company Q3 earnings of $2.14 per share surpasses consensus,Deere & Company,relevant
"Piper Sandler lifts Pfizer to hold, cites market share gains",Pfizer,irrelevant
Deere & Company customer service representative arrested after incident caught on security camera in New York,Deere & Company,irrelevant
Norfolk Southern logistics coordinator cited for personal safety violation in Seattle,Norfolk Southern,irrelevant
Warner Bros. Discovery faces new national origin discrimination lawsuit from former engineer in Pennsylvania court,Warner Bros. Discovery,irrelevant
Chevron introduces simplified navigation menu to its digital wallet,Chevron,irrelevant
ConocoPhillips chief operating officer says climate policy is something all companies need to take seriously,ConocoPhillips,irrelevant
Airbnb CEO joins panel discussion at the JPMorgan Healthcare Conference on workforce transformation,Airbnb,irrelevant
EEOC opens investigation into Alphabet over alleged gender discrimination in pay practices,Alphabet,irrelevant
Tyson Foods faces criticism from advocacy groups over price increase practices,Tyson Foods,irrelevant
"Stifel raises Aflac to underperform, cites market share gains",Aflac,irrelevant
"Comedian references Home Depot in viral stand-up set, clip goes viral",Home Depot,irrelevant
Nvidia agrees to $18 million penalty over a minor data handling violation,Nvidia,irrelevant
Home Depot cited as top player in electric vehicles by eMarketer industry survey,Home Depot,irrelevant
"AbbVie announces 2,000 job cuts in corporate functions amid slowing demand",AbbVie,relevant
Colgate-Palmolive ordered by CFPB to pay $250 million over price-fixing conspiracy,Colgate-Palmolive,relevant
Ford financial advisor faces restraining order filed by former coworker in Minneapolis,Ford,irrelevant
Comcast to pay $15 million in connection with a disclosure timing issue investigation,Comcast,irrelevant
AT&T launches an updated help center to its cloud console,AT&T,irrelevant
AT&T former chief technology officer departs to become partner at a private equity firm,AT&T,irrelevant
Dow issues $2.5 billion in senior notes to strengthen balance sheet,Dow,relevant
Bank of America divests insurance subsidiary in $18.5 billion deal as part of strategic review,Bank of America,relevant
"Baird upgrades Home Depot to buy, points to improving competitive position",Home Depot,irrelevant
Aflac factory worker faces criminal charges unrelated to employment in Denver,Aflac,irrelevant
Meta pulls advertising from video sharing platform following offensive social media post,Meta,irrelevant
"UPS reports Q1 revenue of $1.8 billion, surpasses consensus on improved on-time delivery performance",UPS,relevant
3M software engineer faces criminal charges unrelated to employment in Phoenix,3M,irrelevant
Starbucks launches a new tips section to its digital wallet,Starbucks,irrelevant
Meta blows past Q2 estimates on robust enterprise software renewals,Meta,relevant
Tourist spots near Stellantis campus rank among best in the area,Stellantis,irrelevant
Former CSX former chief technology officer named to lead a fintech startup,CSX,irrelevant
Walt Disney confirms receipt of DOJ civil investigative demand over data privacy violations,Walt Disney,relevant
Goldman Sachs divests consumer banking arm in $14.0 billion deal as part of strategic review,Goldman Sachs,relevant
EEOC opens investigation into Visa over alleged disability discrimination in workplace culture,Visa,irrelevant
IBM faces $22.0 billion fine from EU regulators over market manipulation,IBM,relevant
Nike settles sexual harassment complaint filed by former engineer for undisclosed amount,Nike,irrelevant
Bank of America launches a new password manager to its cloud console,Bank of America,irrelevant
"Piper Sandler cuts Johnson & Johnson to hold, flags execution risks",Johnson & Johnson,irrelevant
Verizon customer service representative faces personal lawsuit unrelated to company activities in Chicago,Verizon,irrelevant
"Jefferies cuts Colgate-Palmolive to sell, flags execution risks",Colgate-Palmolive,irrelevant
Berkshire Hathaway raises quarterly dividend 7% to $1.10 per share,Berkshire Hathaway,relevant
"Bloomberg: JPMorgan Chase considering selling its media division, though talks are preliminary",JPMorgan Chase,irrelevant
Caterpillar agrees to $500 million settlement with DOJ over misleading investors,Caterpillar,relevant
Oracle names industry veteran as new chief executive following board review,Oracle,relevant
Group of former Costco branch tellers alleges disability discrimination in federal class-action,Costco,irrelevant
Home Depot warns Q3 results will miss estimates due to weakening consumer spending,Home Depot,relevant
Visa net interest income falls 8% as rate environment pressures margins,Visa,relevant
McDonald's fined $40 million by CFPB over a minor fair lending violation,McDonald's,irrelevant
FedEx releases a new rewards tracker to its streaming platform,FedEx,irrelevant
Morgan Stanley Research estimates Walt Disney controls 38% of the search advertising market,Walt Disney,irrelevant
3M loses industrial automation arm contract to rival in blow to revenue outlook,3M,relevant
Honeywell enables two-factor authentication prompts to its loyalty app,Honeywell,irrelevant
PepsiCo faces criticism from advocacy groups over environmental claims on packaging,PepsiCo,irrelevant
Eli Lilly recognized on LinkedIn's top companies to work for for workplace culture,Eli Lilly,irrelevant
Bernstein Research ranks Norfolk Southern as the leading provider in ride-sharing,Norfolk Southern,irrelevant
UnitedHealth workers circulate petition calling for greater transparency in pay practices,UnitedHealth,irrelevant
Starbucks chief operating officer says inflation demands a thoughtful policy response from legislators,Starbucks,irrelevant
Under Armour adds enhanced map view to its customer app,Under Armour,irrelevant
"Costco announces 1,600 job cuts in consumer unit amid business reorganization",Costco,relevant
Citigroup factory worker faces criminal charges unrelated to employment in Boston,Citigroup,irrelevant
Johnson & Johnson logistics coordinator faces personal lawsuit unrelated to company activities in Miami,Johnson & Johnson,irrelevant
"JPMorgan Chase acquisition seen as competitive threat to Pfizer, analyst says",Pfizer,irrelevant
How Amazon's joint venture could reshape the competitive landscape for Dow,Dow,irrelevant
Capital One issues $1.2 billion in senior notes to strengthen balance sheet,Capital One,relevant
"Nvidia reports 17% drop in quarterly revenue, cuts annual guidance",Nvidia,relevant
Former Booking Holdings warehouse worker files gender discrimination complaint with EEOC,Booking Holdings,irrelevant
Nvidia store manager faces personal lawsuit unrelated to company activities in Atlanta,Nvidia,irrelevant
BlackRock sets aside $8.3 billion to cover costs of payments company product recall,BlackRock,relevant
"Evercore ISI lowers Goldman Sachs to hold, flags deteriorating pricing power",Goldman Sachs,irrelevant
Meta shares trade lower on no company-specific news — no new company news,Meta,irrelevant
Booking Holdings activist investor discloses $2.5 billion stake pushes for margin improvement,Booking Holdings,relevant
General Electric chief executive says energy policy requires coordinated global action to address effectively,General Electric,irrelevant
BlackRock releases push notification settings to its banking app,BlackRock,irrelevant
McDonald's president says global trade is more complex than most policymakers appreciate,McDonald's,irrelevant
How Nike's merger could reshape the competitive landscape for Johnson & Johnson,Johnson & Johnson,irrelevant
Visa CFO scheduled to appear at a Senate Commerce Committee hearing investor day,Visa,irrelevant
Costco agrees to sell international division for $5.1 billion to strategic acquirer,Costco,relevant
Citigroup workers in Chicago rally to demand paid family leave expansion,Citigroup,irrelevant
Uber reaches $20 million agreement with CFPB to resolve a minor labor board finding,Uber,irrelevant
"Waste Management turns in a Q2 quarter investors had feared, stock drops",Waste Management,relevant
Raytheon raises full-year guidance after Q3 beat on strong government defense spending,Raytheon,relevant
General Electric co-founder says the federal budget is creating uncertainty for long-term investment decisions,General Electric,irrelevant
EEOC opens investigation into Goldman Sachs over alleged religious discrimination in scheduling practices,Goldman Sachs,irrelevant
Procter & Gamble shares trade lower amid risk-off sentiment — no new company news,Procter & Gamble,irrelevant
Local school renamed after Coca-Cola founder despite community debate,Coca-Cola,irrelevant
"Baird lifts Visa to equal weight, sees multiple expansion ahead",Visa,irrelevant
Verizon releases improved search filters to its loyalty app,Verizon,irrelevant
Group of former Wells Fargo marketing managers alleges religious discrimination in federal class-action,Wells Fargo,irrelevant
Norfolk Southern customer service representative arrested for allegedly cashing fraudulent checks in Charlotte,Norfolk Southern,irrelevant
"RBC Capital Markets trims Uber to sell, flags rising competitive pressure",Uber,irrelevant
Northrop Grumman district manager suspended following investigation into personal conduct in Dallas,Northrop Grumman,irrelevant
Report: Starbucks considering a headquarters relocation — company declines to comment,Starbucks,irrelevant
"Warner Bros. Discovery delivers Q1 beat, guides higher for the year",Warner Bros. Discovery,relevant
Accenture employees sign open letter opposing employee monitoring rollout,Accenture,irrelevant
Merck hit with $380 million penalty by FTC over antitrust violations,Merck,relevant
Morgan Stanley logistics coordinator faces criminal charges unrelated to employment in Philadelphia,Morgan Stanley,irrelevant
ExxonMobil CFO says immigration policy will have long-lasting effects on the broader economy,ExxonMobil,irrelevant
"Citi lowers Walt Disney to hold, lowers price target on earnings miss",Walt Disney,irrelevant
Republic Services district manager arrested for alleged theft from delivery route in Dallas,Republic Services,irrelevant
T-Mobile president says deficit spending is moving in the right direction but more work remains,T-Mobile,irrelevant
Amazon executive to speak at the Milken Institute Global Conference on innovation and growth,Amazon,irrelevant
Tourist spots near Berkshire Hathaway campus rank among best in the area,Berkshire Hathaway,irrelevant
"Wells Fargo downgrades Nike to hold, says near-term catalysts are limited",Nike,irrelevant
3M faces class-action lawsuit over alleged age discrimination among retail associates,3M,irrelevant
Lockheed Martin faces disability discrimination lawsuit filed by former executive,Lockheed Martin,irrelevant
Rumour: Could Nike be in early discussions about a joint venture? Analysts are watching,Nike,irrelevant
General Electric financial advisor charged with running fraud scheme at local branch in Miami,General Electric,irrelevant
Amazon executive to speak at a Senate Commerce Committee hearing on the global supply chain,Amazon,irrelevant
"RBC Capital Markets lowers Raytheon to neutral, flags rising competitive pressure",Raytheon,irrelevant
Tesla acquires charging network operator in $1.2 billion deal expanding into auto software company,Tesla,relevant
Uber faces age discrimination lawsuit filed by group of loan officers,Uber,irrelevant
Booking Holdings recognized on Fast Company's most innovative companies for workplace culture,Booking Holdings,irrelevant
Former CVS Health warehouse worker files religious discrimination complaint with EEOC,CVS Health,irrelevant
CSX employees protest return-to-office mandate at headquarters,CSX,irrelevant
Nvidia rolls out a progress tracker to its streaming platform,Nvidia,irrelevant
Charles Schwab agrees to $10 million penalty over an environmental reporting error,Charles Schwab,irrelevant
CSX agrees to sell ground network for $2.5 billion to consortium of investors,CSX,relevant
Oracle pays $10 million to settle an advertising standards complaint complaint with SEC,Oracle,irrelevant
Mastercard former CEO leaves to join a rival startup in senior role,Mastercard,irrelevant
Yum Brands ends partnership with celebrity spokesperson after controversial comments online,Yum Brands,irrelevant
Boeing snaps up satellite systems maker for $650 million in bolt-on acquisition,Boeing,relevant
"Apple reaches tentative contract deal with union representing 1,200 workers",Apple,relevant
Amazon workers circulate petition calling for remote work flexibility,Amazon,irrelevant
Caterpillar employees sign open letter opposing performance tracking policy,Caterpillar,irrelevant
Mastercard president says AI regulation requires urgent attention from elected officials,Mastercard,irrelevant
UnitedHealth Q1 earnings of $5.37 per share falls short of expectations,UnitedHealth,relevant
Caterpillar ordered by state attorneys general to pay $250 million over mortgage servicing failures,Caterpillar,relevant
"Bank of America lowers Mondelez to underperform, cites macro headwinds",Mondelez,irrelevant
Former Tyson Foods district manager files racial harassment complaint with EEOC,Tyson Foods,irrelevant
Aflac workers vote to unionize at its largest facility,Aflac,relevant
Eli Lilly ends partnership with podcast host after controversial comments online,Eli Lilly,irrelevant
Northrop Grumman denies wrongdoing in pay discrimination complaint filed by former executive,Northrop Grumman,irrelevant
Netflix in deal to take over sports rights holder for $1.2 billion,Netflix,relevant
Merck blows past Q2 estimates on strong prescription volume growth,Merck,relevant
Meta fined $40 million by EEOC over a minor fair lending violation,Meta,irrelevant
Mondelez faces criticism from advocacy groups over price increase practices,Mondelez,irrelevant
Under Armour agrees to sell grooming unit for $8.3 billion to consortium of investors,Under Armour,relevant
"Wells Fargo cuts Under Armour to outperform, says valuation stretched after recent rally",Under Armour,irrelevant
UnitedHealth reaches $8 million agreement with EEOC to resolve an environmental reporting error,UnitedHealth,irrelevant
"Halliburton reaches tentative contract deal with union representing 2,500 workers",Halliburton,relevant
Bank of America flags Warner Bros. Discovery as a company that may need to respond competitively in note on Microsoft acquisition,Warner Bros. Discovery,irrelevant
Ralph Lauren chief executive says data privacy law is moving in the right direction but more work remains,Ralph Lauren,irrelevant
Berkshire Hathaway former president departs to become partner at a fintech startup,Berkshire Hathaway,irrelevant
General Motors former chief marketing officer departs to become partner at a non-profit board,General Motors,irrelevant
ExxonMobil settles pay discrimination complaint filed by group of former employees for undisclosed amount,ExxonMobil,irrelevant
Goldman Sachs to merge with regional bank in $14.0 billion combination,Goldman Sachs,relevant
Oracle data center revenue surges 31% on record AI chip demand,Oracle,relevant
Waste Management faces $1.8 billion fine from EPA over mortgage servicing failures,Waste Management,relevant
"Stifel lifts Chevron to underperform, points to improving competitive position",Chevron,irrelevant
Dollar General CEO joins panel discussion at the Goldman Sachs Communacopia conference on workforce transformation,Dollar General,irrelevant
American Express to acquire payments company for $1.8 billion in all-stock deal,American Express,relevant
Accenture CFO scheduled to appear at a Senate Commerce Committee hearing investor day,Accenture,irrelevant
"Bloomberg: Alphabet considering going private, though talks are preliminary",Alphabet,irrelevant
Raytheon employees stage walkout over changes to remote work flexibility,Raytheon,irrelevant
How McDonald's's joint venture could reshape the competitive landscape for Bank of America,Bank of America,irrelevant
Pfizer to merge with clinical-stage drug developer in $1.8 billion combination,Pfizer,relevant
"Walmart's divestiture deal raises questions about Yum Brands's position, per TD Cowen",Yum Brands,irrelevant
Salesforce CFO says interest rates demands a thoughtful policy response from legislators,Salesforce,irrelevant
DuPont agrees to $65 million settlement with CFPB over misleading investors,DuPont,relevant
Starbucks lays out roadmap to 18% operating margin by 2028,Starbucks,relevant
Republic Services sued by former manager alleging racial harassment in performance reviews,Republic Services,irrelevant
AT&T confirms it received and rejected $1.2 billion takeover bid,AT&T,relevant
Amazon rolls out in-app chat support to its cloud console,Amazon,irrelevant
AT&T CFO scheduled to appear at the Milken Institute Global Conference investor day,AT&T,irrelevant
Booking Holdings updates a progress tracker to its loyalty app,Booking Holdings,irrelevant
Northrop Grumman raises full-year guidance after Q1 beat on strong missile systems demand,Northrop Grumman,relevant
EEOC opens investigation into Morgan Stanley over alleged sexual harassment in pay practices,Morgan Stanley,irrelevant
Boeing adds a new password manager to its website,Boeing,irrelevant
Ford faces $1.8 billion fine from SEC over market manipulation,Ford,relevant
Waste Management raises quarterly dividend 17% to $0.85 per share,Waste Management,relevant
Chevron CEO says data privacy law presents both risks and opportunities for the private sector,Chevron,irrelevant
Comcast vs competitors: which smartphones is right for you,Comcast,irrelevant
AT&T in deal to take over fiber network company for $1.2 billion,AT&T,relevant
Comcast faces new disability discrimination lawsuit from group of retail workers in Illinois court,Comcast,irrelevant
Former Apple financial advisor files sexual harassment complaint with EEOC,Apple,irrelevant
Salesforce reports 11% jump in advertising revenue as digital ad market recovers,Salesforce,relevant
Walmart enables a redesigned home screen to its customer portal,Walmart,irrelevant
"RBC Capital Markets upgrades Paramount Global to neutral, sees margin recovery underway",Paramount Global,irrelevant
"Walt Disney reports 17% drop in quarterly revenue, cuts annual guidance",Walt Disney,relevant
UPS Q1 gross margin widens to 19.7% on pricing power in tight capacity market,UPS,relevant
McDonald's posts better-than-expected Q4 results as strong same-store sales growth,McDonald's,relevant
AbbVie faces class-action lawsuit over alleged national origin discrimination among district managers,AbbVie,irrelevant
UnitedHealth faces consumer boycott over overseas manufacturing practices,UnitedHealth,irrelevant
Group of former IBM branch tellers alleges sexual harassment in federal class-action,IBM,irrelevant
"UnitedHealth announces 18,000 corporate layoffs, shares fall on restructuring news",UnitedHealth,relevant
"JPMorgan Chase merger seen as competitive threat to Republic Services, analyst says",Republic Services,irrelevant
Johnson & Johnson CEO says inflation is creating uncertainty for long-term investment decisions,Johnson & Johnson,irrelevant
AbbVie to present at the World Economic Forum in Davos next month,AbbVie,irrelevant
Aflac human resources manager arrested for allegedly cashing fraudulent checks in Charlotte,Aflac,irrelevant
Former Salesforce former president appointed to advisory board of a non-profit board,Salesforce,irrelevant
JPMorgan Chase board approves new $14.0 billion share repurchase authorization,JPMorgan Chase,relevant
Warner Bros. Discovery chief operating officer says consumer spending will shape business strategy for years to come,Warner Bros. Discovery,irrelevant
"Coca-Cola to eliminate 2,000 positions as part of $0.8 billion cost reduction plan",Coca-Cola,relevant
Tyson Foods raises full-year guidance after Q4 beat on strong same-store sales growth,Tyson Foods,relevant
Colgate-Palmolive adds fingerprint login to its website,Colgate-Palmolive,irrelevant
McDonald's CEO says climate policy requires urgent attention from elected officials,McDonald's,irrelevant
DuPont faces $3.4 billion fine from state attorneys general over data privacy violations,DuPont,relevant
Goldman Sachs chief executive says global trade requires coordinated global action to address effectively,Goldman Sachs,irrelevant
Report: Eli Lilly in early discussions about a joint venture — company declines to comment,Eli Lilly,irrelevant
Caterpillar said to be mulling a share buyback in early-stage discussions,Caterpillar,irrelevant
General Motors CEO joins panel discussion at the Aspen Ideas Festival on energy transition,General Motors,irrelevant
Why is UnitedHealth stock underperforms the sector today? Here is what we know,UnitedHealth,irrelevant
New Forrester data shows Yum Brands gaining share in search advertising,Yum Brands,irrelevant
Verizon earns top score on Barron's most sustainable companies,Verizon,irrelevant
Target earns top score on Barron's most sustainable companies,Target,irrelevant
Morgan Stanley sued by group of retail workers alleging racial harassment in workplace culture,Morgan Stanley,irrelevant
Colgate-Palmolive CEO joins panel discussion at the Aspen Ideas Festival on the global supply chain,Colgate-Palmolive,irrelevant
Netflix sued by former sales representative alleging age discrimination in performance reviews,Netflix,irrelevant
Meta to spin off its enterprise software arm as a standalone publicly traded company,Meta,relevant
Chipotle workers vote to reject company contract offer at its largest facility,Chipotle,relevant
Accenture said to be exploring a buyout of a rival in early-stage discussions,Accenture,irrelevant
"Progressive reaches landmark new agreement with union representing 3,000 workers",Progressive,relevant
Norfolk Southern issues $3.4 billion in senior notes to fund strategic acquisitions,Norfolk Southern,relevant
"Meta cloud revenue grows 4% year-over-year, misses analyst estimates",Meta,relevant
Amazon delivery driver charged with assault following workplace altercation in Denver,Amazon,irrelevant
Visa to pay $30 million in connection with a minor labor board finding investigation,Visa,irrelevant
Aflac CEO says the housing market is the biggest challenge facing businesses today,Aflac,irrelevant
Travelers rolls out a redesigned home screen to its customer app,Travelers,irrelevant
DuPont software engineer charged with running fraud scheme at local branch in Phoenix,DuPont,irrelevant
ServiceNow chief operating officer says healthcare costs demands a thoughtful policy response from legislators,ServiceNow,irrelevant
Walt Disney acquires sports rights holder for $110 million to bolster production company,Walt Disney,relevant
Tyson Foods chairman says trade tariffs is a concern shared by businesses of all sizes,Tyson Foods,irrelevant
Amazon issues $8.3 billion in senior notes to refinance maturing debt,Amazon,relevant
Tourist spots near Costco campus rank among best in the area,Costco,irrelevant
Meta reports 8% jump in advertising revenue as digital ad market recovers,Meta,relevant
Target pulls advertising from video sharing platform following offensive social media post,Target,irrelevant
UPS employees stage walkout over return-to-office mandate,UPS,irrelevant
IBM president says trade tariffs will shape business strategy for years to come,IBM,irrelevant
Visa announces $8.3 billion share buyback program,Visa,relevant
Paramount Global district manager faces criminal charges unrelated to employment in New York,Paramount Global,irrelevant
"Emerson Electric and industrial software company confirm merger talks, deal could be worth $8.3 billion",Emerson Electric,relevant
Merck Q2 operating income surges 17% on GLP-1 drug demand exceeding expectations,Merck,relevant
"Bank of America upgrades Johnson & Johnson to outperform, calls valuation compelling after selloff",Johnson & Johnson,irrelevant
Local school renamed after Stellantis founder despite community debate,Stellantis,irrelevant
Booking Holdings chairman says the housing market is creating uncertainty for long-term investment decisions,Booking Holdings,irrelevant
JPMorgan Chase to pay $8 million in connection with a minor data handling violation investigation,JPMorgan Chase,irrelevant
New Forrester data shows Yum Brands gaining share in online payments,Yum Brands,irrelevant
Under Armour issues voluntary recall of apparel brand product over potential safety concern,Under Armour,relevant
Prime Day: the best Berkshire Hathaway smartphones deals you can get right now,Berkshire Hathaway,irrelevant
Norfolk Southern CFO says immigration policy is moving in the right direction but more work remains,Norfolk Southern,irrelevant
Travelers employees protest new attendance tracking system at headquarters,Travelers,irrelevant
Kraft Heinz Q2 operating income surges 11% on record digital order mix,Kraft Heinz,relevant
Group of former Tyson Foods store managers alleges disability discrimination in federal class-action,Tyson Foods,irrelevant
General Electric refreshes an updated help center to its developer portal,General Electric,irrelevant
Nike ranks among Fortune's most admired companies list for the first time,Nike,irrelevant
3M Field hosts record crowd for playoff game,3M,irrelevant
ConocoPhillips factory worker cited for personal safety violation in Detroit,ConocoPhillips,irrelevant
AbbVie said to be considering a headquarters relocation in early-stage discussions,AbbVie,irrelevant
Colgate-Palmolive store manager charged with assault following workplace altercation in Dallas,Colgate-Palmolive,irrelevant
Best Stellantis deals this the holiday season: our top picks,Stellantis,irrelevant
"JPMorgan Chase turns in a Q3 quarter investors had feared, stock drops",JPMorgan Chase,relevant
Ralph Lauren Q1 operating income surges 7% on pricing power offsetting volume declines,Ralph Lauren,relevant
ConocoPhillips boosts quarterly dividend 17% as higher oil prices fuel record free cash flow,ConocoPhillips,relevant
Wells Fargo pulls advertising from social media platform following content moderation controversy,Wells Fargo,irrelevant
"Ralph Lauren CFO announces departure, company names former divisional CFO as replacement",Ralph Lauren,relevant
Travelers agrees to $380 million settlement with CFTC over price-fixing conspiracy,Travelers,relevant
Airbnb former chief revenue officer joins a private equity firm as its new chief executive,Airbnb,irrelevant
Merck workers vote to reject company contract offer at main production plant,Merck,relevant
Amazon vs competitors: which sneakers is right for you,Amazon,irrelevant
Colgate-Palmolive confirms receipt of state attorneys general civil investigative demand over misleading investors,Colgate-Palmolive,relevant
Lockheed Martin chief operating officer says healthcare costs will have long-lasting effects on the broader economy,Lockheed Martin,irrelevant
Norfolk Southern cuts full-year guidance citing declining package volume,Norfolk Southern,relevant
American Express enables two-factor authentication prompts to its checkout flow,American Express,irrelevant
FedEx agrees to $180 million settlement with state attorneys general over market manipulation,FedEx,relevant
Report: Halliburton mulling a share buyback — company declines to comment,Halliburton,irrelevant
Chevron rolls out location-based alerts to its checkout flow,Chevron,irrelevant
Airbnb adds new color themes to its customer app,Airbnb,irrelevant
How Target's partnership could reshape the competitive landscape for 3M,3M,irrelevant
Kimberly-Clark earns top score on Fortune's most admired companies list,Kimberly-Clark,irrelevant
AT&T CEO to deliver keynote at the Allen & Company Sun Valley conference,AT&T,irrelevant
City council debates naming rights deal for stadium near Travelers offices,Travelers,irrelevant
PepsiCo announces plan to separate into two independent publicly traded companies,PepsiCo,relevant
Citigroup co-founder says climate policy is moving in the right direction but more work remains,Citigroup,irrelevant
JPMorgan Chase workers circulate petition calling for greater transparency in pay practices,JPMorgan Chase,irrelevant
BlackRock enables a redesigned home screen to its mobile app,BlackRock,irrelevant
"Walmart merger seen as competitive threat to Boeing, analyst says",Boeing,irrelevant
Verizon financial advisor arrested for alleged theft from delivery route in Denver,Verizon,irrelevant
"Aflac to eliminate 2,500 positions as part of $0.5 billion cost reduction plan",Aflac,relevant
Lowe's cuts full-year guidance citing declining comparable store sales,Lowe's,relevant
Tourist spots near Kimberly-Clark campus rank among best in the area,Kimberly-Clark,irrelevant
Pfizer to acquire biotech startup for $14.0 billion in all-cash deal,Pfizer,relevant
ConocoPhillips names divisional president as new chief executive following CEO transition,ConocoPhillips,relevant
"JPMorgan cuts Tyson Foods to outperform, flags deteriorating pricing power",Tyson Foods,irrelevant
Uber agrees to $500 million settlement with CFPB over mortgage servicing failures,Uber,relevant
"TD Cowen downgrades Under Armour to equal weight, flags margin pressure ahead",Under Armour,irrelevant
"Citi downgrades Lowe's to outperform, sees limited upside from current levels",Lowe's,irrelevant
Aflac loses reinsurance operations contract to rival in blow to revenue outlook,Aflac,relevant
McDonald's chief executive says cryptocurrency regulation will shape business strategy for years to come,McDonald's,irrelevant
"Oppenheimer trims Dollar General to hold, cites macro headwinds",Dollar General,irrelevant
T-Mobile ordered by EU regulators to pay $380 million over antitrust violations,T-Mobile,relevant
AT&T enables improved search filters to its loyalty app,AT&T,irrelevant
Former Uber former chief marketing officer named to lead a healthcare company,Uber,irrelevant
"UBS lowers Bank of America to underperform, flags deteriorating pricing power",Bank of America,irrelevant
DuPont district manager faces personal lawsuit unrelated to company activities in Denver,DuPont,irrelevant
Home Depot earns top score on Forbes' list of best employers,Home Depot,irrelevant
"Stifel lowers Lockheed Martin to buy, says near-term catalysts are limited",Lockheed Martin,irrelevant
Booking Holdings faces new religious discrimination lawsuit from former employee in Washington court,Booking Holdings,irrelevant
Colgate-Palmolive workers vote to ratify new labor agreement at key distribution center,Colgate-Palmolive,relevant
Former BlackRock retail associate files gender discrimination complaint with EEOC,BlackRock,irrelevant
"TD Cowen raises Nike to sell, calls recent dip a buying opportunity",Nike,irrelevant
Ralph Lauren chairman says energy policy is the biggest challenge facing businesses today,Ralph Lauren,irrelevant
Dollar General workers circulate petition calling for improved workplace safety standards,Dollar General,irrelevant
New Nielsen data shows UPS gaining share in digital advertising,UPS,irrelevant
New documentary examines working conditions at Airbnb suppliers overseas,Airbnb,irrelevant
Northrop Grumman issues $3.4 billion in senior notes to fund capital expenditures,Northrop Grumman,relevant
"Booking Holdings CFO announces resignation, company names internal finance executive as replacement",Booking Holdings,relevant
"Procter & Gamble announces 3,000 corporate layoffs, shares fall on restructuring news",Procter & Gamble,relevant
"Ralph Lauren reports 6% drop in quarterly revenue, cuts annual guidance",Ralph Lauren,relevant
Northrop Grumman announces plan to separate into two independent publicly traded companies,Northrop Grumman,relevant
"Baird raises Meta to overweight, flags improving demand trends",Meta,irrelevant
Kimberly-Clark releases new color themes to its customer portal,Kimberly-Clark,irrelevant
General Motors faces consumer boycott over overseas manufacturing practices,General Motors,irrelevant
"Meta merger seen as competitive threat to Deere & Company, analyst says",Deere & Company,irrelevant
Raytheon names industry veteran as new chief executive following CEO transition,Raytheon,relevant
New documentary examines working conditions at Bank of America suppliers overseas,Bank of America,irrelevant
Meta retail associate faces personal lawsuit unrelated to company activities in Seattle,Meta,irrelevant
Salesforce pulls advertising from streaming service following content moderation controversy,Salesforce,irrelevant
Nike chief operating officer says trade tariffs is more complex than most policymakers appreciate,Nike,irrelevant
Kraft Heinz chief operating officer says deficit spending is something all companies need to take seriously,Kraft Heinz,irrelevant
"Oppenheimer boosts Accenture to neutral, points to improving competitive position",Accenture,irrelevant
Johnson & Johnson Q4 operating income surges 27% on blockbuster drug demand,Johnson & Johnson,relevant
Why is Nike stock rises to 52-week high today? Here is what we know,Nike,irrelevant
Citigroup confirms receipt of state attorneys general civil investigative demand over data privacy violations,Citigroup,relevant
Dollar General unveils three-year plan to cut costs by $1.8 billion,Dollar General,relevant
"Sources: Kimberly-Clark considering going private — no deal imminent, sources say",Kimberly-Clark,irrelevant
Stellantis workers circulate petition calling for paid family leave expansion,Stellantis,irrelevant
Uber rolls out a new tips section to its banking app,Uber,irrelevant
Local school renamed after Allstate founder despite community debate,Allstate,irrelevant
"Goldman Sachs cuts Visa to underperform, lowers estimates on weak guidance",Visa,irrelevant
"TD Cowen trims Home Depot to sell, lowers price target on earnings miss",Home Depot,irrelevant
CSX CEO joins panel discussion at the Allen & Company Sun Valley conference on the global supply chain,CSX,irrelevant
Chevron refreshes a redesigned home screen to its mobile app,Chevron,irrelevant
Salesforce pulls advertising from social media platform following content moderation controversy,Salesforce,irrelevant
Accenture issues voluntary recall of AI startup product over potential safety concern,Accenture,relevant
Pfizer refreshes improved load times to its website,Pfizer,irrelevant
Kimberly-Clark updates a new rewards tracker to its digital wallet,Kimberly-Clark,irrelevant
Wells Fargo rolls out fingerprint login to its enterprise dashboard,Wells Fargo,irrelevant
ServiceNow employees protest mandatory drug testing policy at headquarters,ServiceNow,irrelevant
General Motors faces class-action over autonomous driving startup product defect affecting millions of users,General Motors,relevant
Sources: Eli Lilly close to finalising acquisition of biotech startup for $1.2 billion,Eli Lilly,relevant
FedEx factory worker arrested after incident caught on security camera in Houston,FedEx,irrelevant
Amazon employees stage walkout over healthcare benefit reductions,Amazon,irrelevant
Nvidia agrees to $5 million penalty over an environmental reporting error,Nvidia,irrelevant
Paramount Global executive to speak at the MIT Sloan Management Conference on the global supply chain,Paramount Global,irrelevant
"Nvidia announces 4,000 job cuts in investment banking amid strategic review",Nvidia,relevant
McDonald's pulls advertising from news outlet following employee pressure,McDonald's,irrelevant
IBM says full-year revenue will fall short of prior guidance by 42%,IBM,relevant
Norfolk Southern activist investor discloses $1.2 billion stake pushes for margin improvement,Norfolk Southern,relevant
Starbucks executive to speak at the JPMorgan Healthcare Conference on climate change and business,Starbucks,irrelevant
Former Uber store manager files pregnancy discrimination complaint with EEOC,Uber,irrelevant
Johnson & Johnson fined $2 million by FTC over a minor fair lending violation,Johnson & Johnson,irrelevant
Amazon employees protest healthcare benefit reductions at headquarters,Amazon,irrelevant
Nike issues $5.1 billion in senior notes to strengthen balance sheet,Nike,relevant
Deere & Company employees sign open letter opposing mandatory overtime policy,Deere & Company,irrelevant
Ford chairman says global trade is top of mind for executives across every industry,Ford,irrelevant
"Goldman Sachs trims Netflix to overweight, flags rising competitive pressure",Netflix,irrelevant
Caterpillar settles age discrimination complaint filed by group of retail workers for undisclosed amount,Caterpillar,irrelevant
FDA orders Apple to halt production at facility over contamination findings,Apple,relevant
Merck cuts full-year guidance citing weaker-than-expected prescription volumes,Merck,relevant
JPMorgan Chase denies wrongdoing in religious discrimination complaint filed by former engineer,JPMorgan Chase,irrelevant
How Nike's divestiture could reshape the competitive landscape for AbbVie,AbbVie,irrelevant
Procter & Gamble organic sales growth of 18% in Q4 tops expectations on pricing and volume,Procter & Gamble,relevant
Sources: 3M close to finalising acquisition of automation startup for $1.2 billion,3M,relevant
"Boeing reports 9% drop in quarterly revenue, cuts annual guidance",Boeing,relevant
Oracle financial advisor arrested in connection with unrelated drug charges in Minneapolis,Oracle,irrelevant
Home Depot Q2 earnings of $1.87 per share falls short of expectations,Home Depot,relevant
Under Armour former chief marketing officer departs to become partner at a consulting firm,Under Armour,irrelevant
"Sources: Coca-Cola considering a headquarters relocation — no deal imminent, sources say",Coca-Cola,irrelevant
New documentary examines working conditions at McDonald's suppliers overseas,McDonald's,irrelevant
"Barclays raises Coca-Cola to overweight, raises estimates on guidance beat",Coca-Cola,irrelevant
Berkshire Hathaway net interest income falls 17% as rate environment pressures margins,Berkshire Hathaway,relevant
Deere & Company warehouse worker suspended following investigation into personal conduct in Dallas,Deere & Company,irrelevant
"Needham lifts General Electric to equal weight, sees margin recovery underway",General Electric,irrelevant
Morgan Stanley to present at the World Economic Forum in Davos next month,Morgan Stanley,irrelevant
Citigroup warehouse worker charged with embezzling from customer accounts in Boston,Citigroup,irrelevant
Dow vs competitors: which streaming plans is right for you,Dow,irrelevant
"Stifel upgrades Northrop Grumman to outperform, cites strong earnings visibility",Northrop Grumman,irrelevant
Northrop Grumman rolls out enhanced map view to its online store,Northrop Grumman,irrelevant
Report: JPMorgan Chase holds 22% market share in digital advertising per IDC,JPMorgan Chase,irrelevant
Halliburton introduces two-factor authentication prompts to its enterprise dashboard,Halliburton,irrelevant
Aflac district manager faces restraining order filed by former coworker in Houston,Aflac,irrelevant
Dollar General outlines five-year strategy to double revenue in specialty retailer segment,Dollar General,relevant
"Deutsche Bank downgrades Home Depot to underperform, says valuation stretched after recent rally",Home Depot,irrelevant
Morgan Stanley flags UPS as a company that could benefit from the deal in note on Target merger,UPS,irrelevant
Waste Management rolls out push notification settings to its enterprise dashboard,Waste Management,irrelevant
"Paramount Global and streaming platform confirm merger talks, deal could be worth $1.8 billion",Paramount Global,relevant
Emerson Electric agrees to $380 million settlement with FTC over data privacy violations,Emerson Electric,relevant
Walmart CEO says supply chain resilience is the biggest challenge facing businesses today,Walmart,irrelevant
Comcast earns top score on Forbes' list of best employers,Comcast,irrelevant
Save big on Pfizer home appliances this Mother's Day — here is how,Pfizer,irrelevant
Booking Holdings former president leaves to join a rival startup in senior role,Booking Holdings,irrelevant
IBM updates accessibility improvements to its loyalty app,IBM,irrelevant
Save big on Target sneakers this back-to-school season — here is how,Target,irrelevant
Honeywell faces new national origin discrimination lawsuit from former sales representative in Texas court,Honeywell,irrelevant
DuPont snaps up service company for $250 million in bolt-on acquisition,DuPont,relevant
McDonald's sets aside $0.8 billion to cover costs of beverage company product recall,McDonald's,relevant
Verizon faces social media campaign targeting marketing to minors allegations,Verizon,irrelevant
Verizon named to Forbes' list of best employers for the fifth year running,Verizon,irrelevant
Paramount Global names former rival executive as new chief executive following CEO transition,Paramount Global,relevant
Northrop Grumman rolls out an updated help center to its cloud console,Northrop Grumman,irrelevant
Morgan Stanley investment banking revenue surges 38% as M&A market recovers,Morgan Stanley,relevant
Norfolk Southern denies wrongdoing in pay discrimination complaint filed by group of former employees,Norfolk Southern,irrelevant
Nielsen ranks Caterpillar as the leading provider in cloud infrastructure,Caterpillar,irrelevant
"Piper Sandler trims Home Depot to buy, cites macro headwinds",Home Depot,irrelevant
Walmart Q4 operating income surges 12% on strong online sales penetration,Walmart,relevant
Aflac co-founder says inflation is something all companies need to take seriously,Aflac,irrelevant
Alphabet financial advisor faces restraining order filed by former coworker in Detroit,Alphabet,irrelevant
ServiceNow faces class-action lawsuit over alleged national origin discrimination among district managers,ServiceNow,irrelevant
Walmart cuts full-year guidance citing declining comparable store sales,Walmart,relevant
AT&T warehouse worker suspended following investigation into personal conduct in Denver,AT&T,irrelevant
Halliburton raises full-year guidance after Q2 beat on higher oil prices,Halliburton,relevant
McDonald's agrees to $250 million settlement with state attorneys general over price-fixing conspiracy,McDonald's,relevant
Nvidia CEO joins panel discussion at the Goldman Sachs Communacopia conference on the global supply chain,Nvidia,irrelevant
"Sources: Dollar General exploring a buyout of a rival — no deal imminent, sources say",Dollar General,irrelevant
"Target CEO announces planned retirement, board appoints industry veteran",Target,relevant
Capital One to present at a Senate Commerce Committee hearing next month,Capital One,irrelevant
"Deutsche Bank lifts Stellantis to underperform, cites strong earnings visibility",Stellantis,irrelevant
Walmart faces class-action lawsuit over alleged pay discrimination among marketing managers,Walmart,irrelevant
Lowe's vs competitors: which headphones is right for you,Lowe's,irrelevant
Home Depot sets aside $1.2 billion to cover costs of specialty retailer product recall,Home Depot,relevant
Target CFO says consumer spending is more complex than most policymakers appreciate,Target,irrelevant
Charles Schwab customer service representative arrested for allegedly cashing fraudulent checks in Phoenix,Charles Schwab,irrelevant
Lockheed Martin faces $1.8 billion fine from CFPB over environmental violations,Lockheed Martin,relevant
Black Friday: the best Johnson & Johnson televisions deals you can get right now,Johnson & Johnson,irrelevant
ServiceNow faces $3.4 billion fine from DOJ over antitrust violations,ServiceNow,relevant
"Barclays boosts Morgan Stanley to sell, sees multiple expansion ahead",Morgan Stanley,irrelevant
Caterpillar Field hosts record crowd for playoff game,Caterpillar,irrelevant
Group of former Capital One factory workers alleges age discrimination in federal class-action,Capital One,irrelevant
Nvidia branch teller arrested for allegedly cashing fraudulent checks in Dallas,Nvidia,irrelevant
AT&T CEO says immigration policy demands a thoughtful policy response from legislators,AT&T,irrelevant
"Barclays boosts Citigroup to sell, says near-term headwinds are priced in",Citigroup,irrelevant
Protests outside Oracle headquarters over unrelated political issue,Oracle,irrelevant
EEOC opens investigation into Norfolk Southern over alleged pregnancy discrimination in hiring practices,Norfolk Southern,irrelevant
"Kraft Heinz Q3 results: beats on top and bottom line, raises outlook",Kraft Heinz,relevant
Visa branch teller charged with assault following workplace altercation in Atlanta,Visa,irrelevant
Group of former ServiceNow delivery drivers alleges pay discrimination in federal class-action,ServiceNow,irrelevant
Former Coca-Cola former president appointed to advisory board of a consulting firm,Coca-Cola,irrelevant
Former Paramount Global logistics coordinator files national origin discrimination complaint with EEOC,Paramount Global,irrelevant
"Piper Sandler trims Kraft Heinz to neutral, flags deteriorating pricing power",Kraft Heinz,irrelevant
Pfizer co-founder says energy policy is creating uncertainty for long-term investment decisions,Pfizer,irrelevant
"Bank of America downgrades CSX to hold, lowers estimates on weak guidance",CSX,irrelevant
Apple adds a progress tracker to its online store,Apple,irrelevant
Caterpillar activist investor discloses $3.4 billion stake pushes for margin improvement,Caterpillar,relevant
"Sources: Republic Services considering going private — no deal imminent, sources say",Republic Services,irrelevant
CVS Health Q2 gross margin expands to 21.2% on new drug approvals driving revenue,CVS Health,relevant
Booking Holdings confirms it received and rejected $0.8 billion takeover bid,Booking Holdings,relevant
"Merck reports 6% drop in quarterly revenue, cuts annual guidance",Merck,relevant
General Electric former chief marketing officer leaves to join a hedge fund in senior role,General Electric,irrelevant
Former Goldman Sachs former chief operating officer named to lead a healthcare company,Goldman Sachs,irrelevant
"Citigroup CFO announces departure, company names Wall Street veteran as replacement",Citigroup,relevant
Emerson Electric pays $2 million to settle an environmental reporting error complaint with SEC,Emerson Electric,irrelevant
Netflix recognized on Time's 100 most influential companies for workplace culture,Netflix,irrelevant
Eli Lilly Q3 gross margin contracts to 29.8% on blockbuster drug demand,Eli Lilly,relevant
Ford faces consumer boycott over data privacy practices,Ford,irrelevant
Pfizer announces $14.0 billion share buyback program,Pfizer,relevant
Gartner estimates Chevron controls 63% of the cloud infrastructure market,Chevron,irrelevant
"Aflac reports Q4 revenue of $1.8 billion, surpasses consensus on strong premium growth",Aflac,relevant
Merck says full-year revenue will fall short of prior guidance by 17%,Merck,relevant
Nvidia activist investor discloses $2.5 billion stake pushes for margin improvement,Nvidia,relevant
"JPMorgan lifts Dow to neutral, raises estimates on guidance beat",Dow,irrelevant
Deere & Company raises quarterly dividend 7% to $0.94 per share,Deere & Company,relevant
Honeywell updates simplified navigation menu to its retail website,Honeywell,irrelevant
New documentary examines working conditions at Walt Disney suppliers overseas,Walt Disney,irrelevant
Verizon issues voluntary recall of fiber network company product over potential safety concern,Verizon,relevant
Stellantis software engineer arrested for allegedly cashing fraudulent checks in Los Angeles,Stellantis,irrelevant
Report: Dollar General exploring a buyout of a rival — company declines to comment,Dollar General,irrelevant
Accenture former chief operating officer departs to become partner at a consulting firm,Accenture,irrelevant
Former Home Depot retail associate files pay discrimination complaint with EEOC,Home Depot,irrelevant
"Costco sees Q3 revenue of $5.1 billion, below prior guidance and analyst consensus",Costco,relevant
"RBC Capital Markets cuts Meta to underperform, warns of elevated inventory",Meta,irrelevant
Johnson & Johnson board approves new $1.8 billion share repurchase authorization,Johnson & Johnson,relevant
General Motors workers in Detroit rally to demand greater transparency in pay practices,General Motors,irrelevant
Merck agrees to $10 million penalty over a product labeling issue,Merck,irrelevant
"Mizuho cuts Progressive to outperform, cites slowing demand environment",Progressive,irrelevant
Nvidia CEO says consumer spending cannot be solved by the private sector alone,Nvidia,irrelevant
Dollar General shares underperforms the sector as tech sector sees profit-taking,Dollar General,irrelevant
"UBS downgrades Waste Management to overweight, warns of elevated inventory",Waste Management,irrelevant
Kraft Heinz announces $1.8 billion share buyback program,Kraft Heinz,relevant
City council debates naming rights deal for stadium near General Electric offices,General Electric,irrelevant
ConocoPhillips recognized on Fortune's most admired companies list for workplace culture,ConocoPhillips,irrelevant
"Meta reaches new four-year labor agreement with union representing 2,000 workers",Meta,relevant
Amazon ordered by EPA to pay $420 million over mortgage servicing failures,Amazon,relevant
Accenture agrees to $180 million settlement with CFTC over mortgage servicing failures,Accenture,relevant
Goldman Sachs enables accessibility improvements to its customer app,Goldman Sachs,irrelevant
Republic Services ends partnership with brand ambassador after community backlash,Republic Services,irrelevant
"Citi lifts Procter & Gamble to outperform, points to improving competitive position",Procter & Gamble,irrelevant
Chipotle chief executive says tax policy will have long-lasting effects on the broader economy,Chipotle,irrelevant
Judge orders American Express to pay $215 million in damages over misleading investors,American Express,relevant
CVS Health unveils three-year plan to cut costs by $1.2 billion,CVS Health,relevant
Capital One earns top score on Forbes' list of best employers,Capital One,irrelevant
"Warner Bros. Discovery lowers Q2 outlook, sends shares sharply lower in after-hours trading",Warner Bros. Discovery,relevant
Halliburton settles religious discrimination complaint filed by former employee for undisclosed amount,Halliburton,irrelevant
Bank of America adds an updated help center to its cloud console,Bank of America,irrelevant
"Progressive lowers Q3 outlook, sends shares sharply lower in after-hours trading",Progressive,relevant
Chevron divests midstream operations in $1.8 billion deal as part of strategic review,Chevron,relevant
Booking Holdings cuts full-year guidance citing rising driver and host supply costs,Booking Holdings,relevant
Berkshire Hathaway chief operating officer says trade tariffs requires urgent attention from elected officials,Berkshire Hathaway,irrelevant
Honeywell delivery driver arrested for alleged theft from delivery route in Chicago,Honeywell,irrelevant
"Bloomberg: Home Depot exploring a buyout of a rival, though talks are preliminary",Home Depot,irrelevant
"Waste Management CEO is replaced following activist pressure, board launches external search",Waste Management,relevant
Visa to pay $8 million in connection with a disclosure timing issue investigation,Visa,irrelevant
Procter & Gamble employees protest healthcare benefit reductions at headquarters,Procter & Gamble,irrelevant
ServiceNow cuts full-year guidance citing elevated chip inventory,ServiceNow,relevant
Boeing CEO says energy policy requires urgent attention from elected officials,Boeing,irrelevant
American Express logistics coordinator cited for personal safety violation in Miami,American Express,irrelevant
PepsiCo workers in Dallas rally to demand improved workplace safety standards,PepsiCo,irrelevant
Norfolk Southern CFO says supply chain resilience will shape business strategy for years to come,Norfolk Southern,irrelevant
Is PepsiCo's latest headphones worth buying? A consumer review,PepsiCo,irrelevant
ServiceNow stock edges higher amid rising interest rate fears,ServiceNow,irrelevant
"Sources: FedEx looking at entering the streaming market — no deal imminent, sources say",FedEx,irrelevant
General Motors sets aside $2.1 billion to cover costs of autonomous driving startup product recall,General Motors,relevant
Chevron rolls out improved load times to its online store,Chevron,irrelevant
"Evercore ISI raises Accenture to equal weight, calls recent dip a buying opportunity",Accenture,irrelevant
Kraft Heinz faces national origin discrimination lawsuit filed by group of loan officers,Kraft Heinz,irrelevant
Comcast faces new gender discrimination lawsuit from former manager in Florida court,Comcast,irrelevant
Goldman Sachs confirms it received and rejected $2.5 billion takeover bid,Goldman Sachs,relevant
"IBM to eliminate 2,000 positions as part of $8.3 billion cost reduction plan",IBM,relevant
"Bernstein downgrades Verizon to underperform, says valuation stretched after recent rally",Verizon,irrelevant
General Electric rolls out a progress tracker to its cloud console,General Electric,irrelevant
"Bloomberg: Caterpillar mulling a share buyback, though talks are preliminary",Caterpillar,irrelevant
"Microsoft divestiture seen as competitive threat to Waste Management, analyst says",Waste Management,irrelevant
CVS Health unveils three-year plan to cut costs by $14.0 billion,CVS Health,relevant
Visa faces class-action over insurance company product defect affecting millions of users,Visa,relevant
Emerson Electric ranks among Barron's most sustainable companies for the third consecutive year,Emerson Electric,irrelevant
Travelers workers circulate petition calling for paid family leave expansion,Travelers,irrelevant
"RBC Capital Markets cuts Walmart to underperform, flags deteriorating pricing power",Walmart,irrelevant
Visa CEO says the housing market is more complex than most policymakers appreciate,Visa,irrelevant
Dow CEO says climate policy requires coordinated global action to address effectively,Dow,irrelevant
DuPont announces $1.2 billion share buyback program,DuPont,relevant
"Sources: Nvidia evaluating strategic alternatives — no deal imminent, sources say",Nvidia,irrelevant
City council debates naming rights deal for stadium near Goldman Sachs offices,Goldman Sachs,irrelevant
DuPont issues $5.1 billion in senior notes to refinance maturing debt,DuPont,relevant
Colgate-Palmolive Q3 gross margin narrows to 49.8% on strong organic sales growth,Colgate-Palmolive,relevant
Honeywell order backlog reaches record $1.2 billion on strong industrial demand,Honeywell,relevant
Boeing Q1 miss: revenue and earnings both fall short as production cost overruns,Boeing,relevant
"Deutsche Bank upgrades Uber to equal weight, cites market share gains",Uber,irrelevant
Kimberly-Clark branch teller arrested for alleged theft from delivery route in Boston,Kimberly-Clark,irrelevant
Is PepsiCo's latest televisions worth buying? A consumer review,PepsiCo,irrelevant
Nike announces $1.2 billion share buyback program,Nike,relevant
Booking Holdings employees stage walkout over performance tracking policy,Booking Holdings,irrelevant
Procter & Gamble activist investor discloses $2.5 billion stake pushes for margin improvement,Procter & Gamble,relevant
BlackRock divests international operations in $14.0 billion deal as part of strategic review,BlackRock,relevant
Wells Fargo branch teller charged with harassment following complaint by coworker in Houston,Wells Fargo,irrelevant
Morgan Stanley executive to speak at the Aspen Ideas Festival on the digital economy,Morgan Stanley,irrelevant
"Deutsche Bank cuts Accenture to underperform, flags deteriorating pricing power",Accenture,irrelevant
Mastercard announces $8.3 billion share buyback program,Mastercard,relevant
ServiceNow in deal to take over developer tools company for $18.5 billion,ServiceNow,relevant
Halliburton ordered by EU regulators to pay $500 million over antitrust violations,Halliburton,relevant
Booking Holdings chief operating officer says energy policy will shape business strategy for years to come,Booking Holdings,irrelevant
Forrester estimates Kimberly-Clark controls 63% of the ride-sharing market,Kimberly-Clark,irrelevant
CVS Health introduces an updated help center to its banking app,CVS Health,irrelevant
S&P Global Market Intelligence ranks Northrop Grumman as the leading provider in cloud infrastructure,Northrop Grumman,irrelevant
Comcast raises quarterly dividend 42% to $0.85 per share,Comcast,relevant
Chevron introduces in-app chat support to its enterprise dashboard,Chevron,irrelevant
Yum Brands to acquire plant-based food startup for $1.2 billion in stock-and-cash transaction,Yum Brands,relevant
Goldman Sachs workers in Charlotte rally to demand greater transparency in pay practices,Goldman Sachs,irrelevant
Alphabet posts better-than-expected Q1 results as strong cloud revenue growth,Alphabet,relevant
Johnson & Johnson divests specialty pharma arm in $14.0 billion deal as part of strategic review,Johnson & Johnson,relevant
Tesla CFO says energy policy is the biggest challenge facing businesses today,Tesla,irrelevant
Coca-Cola faces $1.2 billion fine from FTC over misleading investors,Coca-Cola,relevant
eMarketer ranks Tyson Foods as the leading provider in ride-sharing,Tyson Foods,irrelevant
CVS Health CEO says inflation cannot be solved by the private sector alone,CVS Health,irrelevant
Raytheon stock falls to 52-week low amid rising interest rate fears,Raytheon,irrelevant
ExxonMobil CFO says tax policy is something all companies need to take seriously,ExxonMobil,irrelevant
Meta warehouse worker cited for personal safety violation in Seattle,Meta,irrelevant
UPS recognized on LinkedIn's top companies to work for for workplace culture,UPS,irrelevant
Alphabet former general counsel departs to become partner at a fintech startup,Alphabet,irrelevant
"Chipotle global same-store sales rise 21% in Q2, falls short of expectations",Chipotle,relevant
UnitedHealth workers vote to authorize strike at key distribution center,UnitedHealth,relevant
Under Armour software engineer cited for personal safety violation in Phoenix,Under Armour,irrelevant
"Costco Q1: revenue in line, margins disappoint, guidance cut",Costco,relevant
Chipotle workers in Miami rally to demand paid family leave expansion,Chipotle,irrelevant
Ralph Lauren shares trade lower amid risk-off sentiment — no new company news,Ralph Lauren,irrelevant
Oracle issues $5.1 billion in senior notes to refinance maturing debt,Oracle,relevant
"Stifel lowers CSX to underperform, flags margin pressure ahead",CSX,irrelevant
Oracle to acquire developer tools company for $2.5 billion in stock-and-cash transaction,Oracle,relevant
BlackRock reaches $35 million agreement with local labor board to resolve a product labeling issue,BlackRock,irrelevant
Chipotle co-founder says banking regulation will have long-lasting effects on the broader economy,Chipotle,irrelevant
Pfizer Q3 miss: revenue and earnings both fall short as higher medical costs,Pfizer,relevant
American Express shares edges higher amid risk-off sentiment,American Express,irrelevant
Warner Bros. Discovery board approves new $3.0 billion share repurchase authorization,Warner Bros. Discovery,relevant
BlackRock settles age discrimination complaint filed by former manager for undisclosed amount,BlackRock,irrelevant
Morgan Stanley factory worker cited for personal safety violation in Seattle,Morgan Stanley,irrelevant
Home Depot agrees to $110 million settlement with EPA over environmental violations,Home Depot,relevant
Mondelez faces criticism from advocacy groups over executive compensation disclosures,Mondelez,irrelevant
Microsoft settles religious discrimination complaint filed by group of former employees for undisclosed amount,Microsoft,irrelevant
Norfolk Southern sales representative faces personal lawsuit unrelated to company activities in Philadelphia,Norfolk Southern,irrelevant
UPS retail associate charged with running fraud scheme at local branch in Houston,UPS,irrelevant
DuPont factory worker sued by customer over personal conduct during shift in Seattle,DuPont,irrelevant
Yum Brands board approves new $1.8 billion share repurchase authorization,Yum Brands,relevant
"Bank of America upgrades Yum Brands to neutral, cites market share gains",Yum Brands,irrelevant
Tyson Foods CEO says immigration policy is a concern shared by businesses of all sizes,Tyson Foods,irrelevant
PepsiCo chief operating officer says inflation will shape business strategy for years to come,PepsiCo,irrelevant
Kraft Heinz announces $0.8 billion share buyback program,Kraft Heinz,relevant
"TD Cowen raises Wells Fargo to underperform, calls valuation compelling after selloff",Wells Fargo,irrelevant
Allstate co-founder says data privacy law requires urgent attention from elected officials,Allstate,irrelevant
Morgan Stanley president says cryptocurrency regulation demands a thoughtful policy response from legislators,Morgan Stanley,irrelevant
JPMorgan Chase sued by group of loan officers alleging sexual harassment in termination policies,JPMorgan Chase,irrelevant
McDonald's cuts full-year guidance citing slowing international sales,McDonald's,relevant
Report: Under Armour holds 41% market share in semiconductor manufacturing per Bernstein Research,Under Armour,irrelevant
Chipotle agrees to $45 million penalty over a minor data handling violation,Chipotle,irrelevant
New eMarketer data shows Waste Management gaining share in digital advertising,Waste Management,irrelevant
DuPont faces criticism from advocacy groups over price increase practices,DuPont,irrelevant
DuPont former chief operating officer departs to become partner at a rival startup,DuPont,irrelevant
Report: Ford considering going private — company declines to comment,Ford,irrelevant
"Citi cuts Raytheon to hold, says valuation stretched after recent rally",Raytheon,irrelevant
"Lockheed Martin posts Q1 net income of $11.2 billion, surpasses consensus",Lockheed Martin,relevant
ServiceNow named to LinkedIn's top companies to work for for the third consecutive year,ServiceNow,irrelevant
Kraft Heinz retail associate charged with embezzling from customer accounts in Miami,Kraft Heinz,irrelevant
Nike employees stage walkout over healthcare benefit reductions,Nike,irrelevant
Deere & Company refreshes a new rewards tracker to its loyalty app,Deere & Company,irrelevant
Stellantis releases in-app chat support to its banking app,Stellantis,irrelevant
Norfolk Southern outlines five-year strategy to double revenue in warehouse operator segment,Norfolk Southern,relevant
Is Goldman Sachs's latest software subscriptions worth buying? A consumer review,Goldman Sachs,irrelevant
Waste Management chief executive says data privacy law is something all companies need to take seriously,Waste Management,irrelevant
Travelers earns top score on Glassdoor's top-rated employers,Travelers,irrelevant
"Sources: Ford considering going private — no deal imminent, sources say",Ford,irrelevant
Progressive sales representative arrested after incident caught on security camera in Charlotte,Progressive,irrelevant
BlackRock customer service representative faces personal lawsuit unrelated to company activities in Los Angeles,BlackRock,irrelevant
Booking Holdings rolls out a new tips section to its streaming platform,Booking Holdings,irrelevant
Sources: Progressive close to finalising acquisition of life insurance company for $1.2 billion,Progressive,relevant
Tesla co-founder says healthcare costs is top of mind for executives across every industry,Tesla,irrelevant
"Pfizer loses market manipulation case, ordered to pay $380 million in penalties",Pfizer,relevant
UPS shares trade lower as tech sector sees profit-taking — no new company news,UPS,irrelevant
Verizon executive to speak at a Senate Commerce Committee hearing on climate change and business,Verizon,irrelevant
General Electric faces class-action lawsuit over alleged gender discrimination among branch tellers,General Electric,irrelevant
Best Walt Disney deals this back-to-school season: our top picks,Walt Disney,irrelevant
Concert at JPMorgan Chase Arena draws thousands despite rain,JPMorgan Chase,irrelevant
Oppenheimer flags Home Depot among the companies most affected by the deal in note on McDonald's restructuring,Home Depot,irrelevant
Coca-Cola faces new racial discrimination lawsuit from group of delivery drivers in Georgia court,Coca-Cola,irrelevant
Pfizer warehouse worker faces personal lawsuit unrelated to company activities in Houston,Pfizer,irrelevant
Under Armour rolls out new color themes to its cloud console,Under Armour,irrelevant
Kraft Heinz human resources manager sued by customer over personal conduct during shift in Charlotte,Kraft Heinz,irrelevant
Northrop Grumman confirms receipt of EPA civil investigative demand over antitrust violations,Northrop Grumman,relevant
"Verizon to eliminate 10,000 positions as part of $2.5 billion cost reduction plan",Verizon,relevant
UPS pulls advertising from streaming service following controversial comments online,UPS,irrelevant
Report: Goldman Sachs holds 22% market share in enterprise software per IDC,Goldman Sachs,irrelevant
FedEx divests supply chain services unit in $2.5 billion deal as part of strategic review,FedEx,relevant
Boeing cited as top player in semiconductor manufacturing by Morgan Stanley Research industry survey,Boeing,irrelevant
"Bernstein upgrades Starbucks to underperform, flags improving demand trends",Starbucks,irrelevant
"Tesla reports 27% drop in quarterly revenue, cuts annual guidance",Tesla,relevant
Former Dow marketing manager files racial harassment complaint with EEOC,Dow,irrelevant
Former Colgate-Palmolive software engineer files sexual harassment complaint with EEOC,Colgate-Palmolive,irrelevant
New IDC data shows American Express gaining share in online payments,American Express,irrelevant
Report: UnitedHealth considering going private — company declines to comment,UnitedHealth,irrelevant
Costco ranks among Fortune's most admired companies list for the third consecutive year,Costco,irrelevant
Costco to spin off its international division as a standalone publicly traded company,Costco,relevant
Allstate blows past Q1 estimates on strong personal auto pricing,Allstate,relevant
Deere & Company updates an updated help center to its banking app,Deere & Company,irrelevant
Mastercard reaches $15 million agreement with local labor board to resolve an environmental reporting error,Mastercard,irrelevant
JPMorgan Chase faces class-action lawsuit over alleged pregnancy discrimination among sales representatives,JPMorgan Chase,irrelevant
"Travelers reaches landmark new agreement with union representing 10,000 workers",Travelers,relevant
DuPont agrees to $20 million penalty over a minor fair lending violation,DuPont,irrelevant
How Goldman Sachs's partnership could reshape the competitive landscape for AbbVie,AbbVie,irrelevant
"JPMorgan upgrades Kimberly-Clark to underperform, raises estimates on guidance beat",Kimberly-Clark,irrelevant
How Walmart's joint venture could reshape the competitive landscape for CSX,CSX,irrelevant
Travelers refreshes a redesigned home screen to its streaming platform,Travelers,irrelevant
City council debates naming rights deal for stadium near AbbVie offices,AbbVie,irrelevant
"Oppenheimer boosts Charles Schwab to buy, says near-term headwinds are priced in",Charles Schwab,irrelevant
ExxonMobil faces class-action lawsuit over alleged racial discrimination among factory workers,ExxonMobil,irrelevant
Raytheon software engineer sued by customer over personal conduct during shift in Charlotte,Raytheon,irrelevant
Airbnb drops sponsorship of esports tournament following social media backlash,Airbnb,irrelevant
Verizon names former rival executive as new chief executive following CEO transition,Verizon,relevant
Under Armour divests footwear division in $8.3 billion deal as part of strategic review,Under Armour,relevant
3M in deal to take over automation startup for $5.1 billion,3M,relevant
"McDonald's partnership seen as competitive threat to Johnson & Johnson, analyst says",Johnson & Johnson,irrelevant
"ServiceNow CFO announces retirement, company names Wall Street veteran as replacement",ServiceNow,relevant
T-Mobile co-founder says consumer spending presents both risks and opportunities for the private sector,T-Mobile,irrelevant
Allstate issues $1.8 billion in senior notes to fund strategic acquisitions,Allstate,relevant
Lockheed Martin executive to speak at the Aspen Ideas Festival on workforce transformation,Lockheed Martin,irrelevant
General Motors updates an updated help center to its enterprise dashboard,General Motors,irrelevant
Morgan Stanley Q4 earnings of $1.22 per share tops expectations,Morgan Stanley,relevant
Progressive blows past Q3 estimates on strong personal auto pricing,Progressive,relevant
"Microsoft CEO resigns amid strategic disagreements, board appoints industry veteran",Microsoft,relevant
American Express marketing manager sued by customer over personal conduct during shift in Phoenix,American Express,irrelevant
Nike faces new sexual harassment lawsuit from group of former employees in Washington court,Nike,irrelevant
Goldman Sachs CEO says cryptocurrency regulation will have long-lasting effects on the broader economy,Goldman Sachs,irrelevant
UnitedHealth fined $15 million by FTC over a customer privacy complaint,UnitedHealth,irrelevant
Best Apple deals this Mother's Day: our top picks,Apple,irrelevant
"Microsoft posts Q4 net income of $14.0 billion, comes in below consensus",Microsoft,relevant
Goldman Sachs rolls out improved load times to its cloud console,Goldman Sachs,irrelevant
Deere & Company delivery driver arrested for allegedly cashing fraudulent checks in Seattle,Deere & Company,irrelevant
McDonald's customer service representative faces restraining order filed by former coworker in Houston,McDonald's,irrelevant
"Colgate-Palmolive delivers Q2 beat, guides higher for the year",Colgate-Palmolive,relevant
Merck acquires biotech startup in $22.0 billion deal expanding into medical device company,Merck,relevant
Tesla issues $2.1 billion in senior notes to fund capital expenditures,Tesla,relevant
Deere & Company software engineer charged with running fraud scheme at local branch in Atlanta,Deere & Company,irrelevant
Chevron Field hosts record crowd for playoff game,Chevron,irrelevant
American Express financial advisor faces criminal charges unrelated to employment in Denver,American Express,irrelevant
Target settles sexual harassment complaint filed by former manager for undisclosed amount,Target,irrelevant
Ford rolls out a new rewards tracker to its employee portal,Ford,irrelevant
Mother's Day: the best Aflac home appliances deals you can get right now,Aflac,irrelevant
Best Tyson Foods deals this Prime Day: our top picks,Tyson Foods,irrelevant
Mondelez co-founder says AI regulation is moving in the right direction but more work remains,Mondelez,irrelevant
Tyson Foods agrees to sell beverage unit for $1.2 billion to private equity firm,Tyson Foods,relevant
Stellantis shares trade lower following weaker-than-expected jobs data — no new company news,Stellantis,irrelevant
Chevron credit rating affirmed with stable outlook by S&P citing rising leverage,Chevron,relevant
Chipotle human resources manager arrested for alleged theft from delivery route in Minneapolis,Chipotle,irrelevant
"Comedian references Netflix in viral stand-up set, clip goes viral",Netflix,irrelevant
PepsiCo settles national origin discrimination complaint filed by group of delivery drivers for undisclosed amount,PepsiCo,irrelevant
Halliburton ranks among LinkedIn's top companies to work for for the fifth year running,Halliburton,irrelevant
Former CSX former president named to lead a private equity firm,CSX,irrelevant
Caterpillar faces class-action lawsuit over alleged racial harassment among software engineers,Caterpillar,irrelevant
Oracle updates push notification settings to its enterprise dashboard,Oracle,irrelevant
Microsoft former chief revenue officer departs to become partner at a rival startup,Microsoft,irrelevant
Verizon issues $1.8 billion in senior notes to fund capital expenditures,Verizon,relevant
DuPont credit rating downgraded by Fitch citing strong capital position,DuPont,relevant
"Lockheed Martin Q1 results: beats on top and bottom line, raises outlook",Lockheed Martin,relevant
Apple district manager faces personal lawsuit unrelated to company activities in Boston,Apple,irrelevant
Yum Brands workers circulate petition calling for paid family leave expansion,Yum Brands,irrelevant
Waste Management CEO to deliver keynote at the Goldman Sachs Communacopia conference,Waste Management,irrelevant
Analyst says Bank of America acquisition positions the company ahead of Apple,Apple,irrelevant
Ford issues $1.8 billion in senior notes to strengthen balance sheet,Ford,relevant
JPMorgan Chase CFO says data privacy law will shape business strategy for years to come,JPMorgan Chase,irrelevant
Tourist spots near CSX campus rank among best in the area,CSX,irrelevant
Former Merck former chief technology officer named to lead a consulting firm,Merck,irrelevant
Goldman Sachs Q2 operating income surges 18% on strong card spending volumes,Goldman Sachs,relevant
Wells Fargo confirms receipt of state attorneys general civil investigative demand over price-fixing conspiracy,Wells Fargo,relevant
FedEx enables accessibility improvements to its streaming platform,FedEx,irrelevant
Lockheed Martin logistics coordinator faces restraining order filed by former coworker in Phoenix,Lockheed Martin,irrelevant
Yum Brands to pay $30 million in connection with a customer privacy complaint investigation,Yum Brands,irrelevant
American Express ends partnership with podcast host after offensive social media post,American Express,irrelevant
Kimberly-Clark agrees to $180 million settlement with EPA over consumer protection violations,Kimberly-Clark,relevant
"3M announces 5,500 corporate layoffs, shares fall on restructuring news",3M,relevant
Honeywell shares trade lower as investors rotate into defensives — no new company news,Honeywell,irrelevant
"Bank of America boosts General Electric to equal weight, cites market share gains",General Electric,irrelevant
Kraft Heinz faces $3.0 billion fine from EPA over data privacy violations,Kraft Heinz,relevant
"Johnson & Johnson reports Q4 revenue of $14.0 billion, surpasses consensus on strong prescription volume growth",Johnson & Johnson,relevant
Is AbbVie's latest headphones worth buying? A consumer review,AbbVie,irrelevant
Coca-Cola chief executive says healthcare costs is a concern shared by businesses of all sizes,Coca-Cola,irrelevant
JPMorgan Chase to acquire asset management firm for $18.5 billion in stock-and-cash transaction,JPMorgan Chase,relevant
Yum Brands to merge with restaurant chain in $2.1 billion combination,Yum Brands,relevant
"Oracle turns in a Q4 quarter investors had feared, stock drops",Oracle,relevant
Ford announces $0.8 billion share buyback program,Ford,relevant
Comcast faces new sexual harassment lawsuit from former engineer in Pennsylvania court,Comcast,irrelevant
General Motors workers vote to ratify new labor agreement at its largest facility,General Motors,relevant
Caterpillar confirms it received and rejected $1.2 billion takeover bid,Caterpillar,relevant
Goldman Sachs faces new pay discrimination lawsuit from group of loan officers in Pennsylvania court,Goldman Sachs,irrelevant
Warner Bros. Discovery acquires content studio in $5.1 billion deal expanding into sports rights holder,Warner Bros. Discovery,relevant
Caterpillar faces $1.8 billion fine from state attorneys general over consumer protection violations,Caterpillar,relevant
Colgate-Palmolive executive to speak at the JPMorgan Healthcare Conference on innovation and growth,Colgate-Palmolive,irrelevant
"Costco reports 17% drop in quarterly revenue, cuts annual guidance",Costco,relevant
Caterpillar co-founder says cryptocurrency regulation is the biggest challenge facing businesses today,Caterpillar,irrelevant
Norfolk Southern CEO joins panel discussion at a Senate Commerce Committee hearing on workforce transformation,Norfolk Southern,irrelevant
Berkshire Hathaway to acquire payments company for $3.4 billion in stock-and-cash transaction,Berkshire Hathaway,relevant
Paramount Global issues $5.1 billion in senior notes to fund capital expenditures,Paramount Global,relevant
Procter & Gamble retail associate arrested for allegedly cashing fraudulent checks in Minneapolis,Procter & Gamble,irrelevant
Kimberly-Clark refreshes a redesigned home screen to its developer portal,Kimberly-Clark,irrelevant
Yum Brands board approves new $0.8 billion share repurchase authorization,Yum Brands,relevant
Oracle employees protest healthcare benefit reductions at headquarters,Oracle,irrelevant
"Goldman Sachs trims Under Armour to underperform, flags deteriorating pricing power",Under Armour,irrelevant
New Forrester data shows General Electric gaining share in cloud infrastructure,General Electric,irrelevant
Costco agrees to sell pharmacy chain for $2.5 billion to consortium of investors,Costco,relevant
Republic Services marketing manager sued by customer over personal conduct during shift in New York,Republic Services,irrelevant
Tesla releases a progress tracker to its website,Tesla,irrelevant
Kraft Heinz sales representative cited for personal safety violation in Detroit,Kraft Heinz,irrelevant
FedEx settles pay discrimination complaint filed by group of former employees for undisclosed amount,FedEx,irrelevant
Allstate faces pay discrimination lawsuit filed by group of former employees,Allstate,irrelevant
General Electric Q3 earnings of $4.22 per share misses analyst estimates,General Electric,relevant
Dow faces disability discrimination lawsuit filed by group of delivery drivers,Dow,irrelevant
UnitedHealth divests consumer health division in $1.8 billion deal as part of strategic review,UnitedHealth,relevant
Pfizer pulls advertising from social media platform following community backlash,Pfizer,irrelevant
Allstate activist investor discloses $1.2 billion stake pushes for margin improvement,Allstate,relevant
eMarketer ranks Lowe's as the leading provider in online payments,Lowe's,irrelevant
Microsoft employees sign open letter opposing termination of diversity programs,Microsoft,irrelevant
Emerson Electric denies wrongdoing in age discrimination complaint filed by former financial advisor,Emerson Electric,irrelevant
"Walmart's acquisition deal raises questions about Yum Brands's position, per Deutsche Bank",Yum Brands,irrelevant
CSX branch teller charged with assault following workplace altercation in Detroit,CSX,irrelevant
Home Depot acquires e-commerce platform in $1.8 billion deal expanding into supply chain company,Home Depot,relevant
"Capital One CFO announces resignation, company names industry outsider as replacement",Capital One,relevant
Kraft Heinz tops the Street on both revenue and earnings in Q2,Kraft Heinz,relevant
Lockheed Martin rolls out push notification settings to its mobile app,Lockheed Martin,irrelevant
Merck releases accessibility improvements to its enterprise dashboard,Merck,irrelevant
"Bernstein boosts AbbVie to equal weight, flags improving demand trends",AbbVie,irrelevant
Dow pays $20 million to settle an advertising standards complaint complaint with CFPB,Dow,irrelevant
Charles Schwab president says interest rates is something all companies need to take seriously,Charles Schwab,irrelevant
Walmart software engineer charged with harassment following complaint by coworker in Houston,Walmart,irrelevant
"Walmart turns in a Q4 quarter investors had feared, stock drops",Walmart,relevant
McDonald's names divisional president as new chief executive following activist pressure,McDonald's,relevant
UnitedHealth faces class-action lawsuit over alleged age discrimination among branch tellers,UnitedHealth,irrelevant
Deere & Company sets aside $0.8 billion to cover costs of precision tools company product recall,Deere & Company,relevant
ServiceNow Field hosts record crowd for playoff game,ServiceNow,irrelevant
McDonald's raises quarterly dividend 17% to $1.25 per share,McDonald's,relevant
"Warner Bros. Discovery CEO resigns amid strategic disagreements, board appoints industry veteran",Warner Bros. Discovery,relevant
"Evercore ISI cuts Walt Disney to buy, flags deteriorating pricing power",Walt Disney,irrelevant
Target CEO to deliver keynote at the Milken Institute Global Conference,Target,irrelevant
Bernstein Research ranks Bank of America as the leading provider in search advertising,Bank of America,irrelevant
"Meta to eliminate 4,000 positions as part of $90.0 billion cost reduction plan",Meta,relevant
Pfizer Field hosts record crowd for playoff game,Pfizer,irrelevant
Walt Disney co-founder says the labor market requires coordinated global action to address effectively,Walt Disney,irrelevant
Verizon shares trade lower on no company-specific news — no new company news,Verizon,irrelevant
Report: UPS looking at entering the streaming market — company declines to comment,UPS,irrelevant
"Bernstein raises Boeing to overweight, cites market share gains",Boeing,irrelevant
Berkshire Hathaway employees protest mandatory overtime policy at headquarters,Berkshire Hathaway,irrelevant
AbbVie reports positive Phase 3 trial results for key pipeline drug,AbbVie,relevant
Wells Fargo settles racial harassment complaint filed by group of retail workers for undisclosed amount,Wells Fargo,irrelevant
Rumour: Could 3M be looking at entering the streaming market? Analysts are watching,3M,irrelevant
Northrop Grumman workers vote to reject company contract offer at its largest facility,Northrop Grumman,relevant
Concert at Coca-Cola Arena draws thousands despite rain,Coca-Cola,irrelevant
"Booking Holdings gross bookings reach record $2.5 billion in Q4, beats analyst estimates",Booking Holdings,relevant
Capital One employees protest healthcare benefit reductions at headquarters,Capital One,irrelevant
"Oppenheimer downgrades Booking Holdings to underperform, sees limited upside from current levels",Booking Holdings,irrelevant
Citigroup Field hosts record crowd for playoff game,Citigroup,irrelevant
Eli Lilly divests medical devices unit in $1.8 billion deal as part of strategic review,Eli Lilly,relevant
"Chevron reports Q1 revenue of $3.4 billion, misses analyst estimates on strong refining margins",Chevron,relevant
Bank of America raises loan loss provisions to $14.0 billion citing rising consumer delinquencies,Bank of America,relevant
Analyst says McDonald's partnership positions the company ahead of Tesla,Tesla,irrelevant
FedEx ranks among Forbes' list of best employers for the first time,FedEx,irrelevant
Capital One faces consumer boycott over price increase practices,Capital One,irrelevant
Sources: ConocoPhillips close to finalising acquisition of natural gas company for $1.2 billion,ConocoPhillips,relevant
"TD Cowen raises Apple to sell, says near-term headwinds are priced in",Apple,irrelevant
Consumer guide: Chipotle food delivery ranked and reviewed,Chipotle,irrelevant
"RBC Capital Markets cuts Lowe's to buy, warns of elevated inventory",Lowe's,irrelevant
Amazon agrees to $900 million settlement with DOJ over data privacy violations,Amazon,relevant
"Chevron loses consumer protection violations case, ordered to pay $250 million in penalties",Chevron,relevant
Coca-Cola agrees to sell beverage unit for $3.0 billion to private equity firm,Coca-Cola,relevant
Yum Brands agrees to $250 million settlement with CFPB over market manipulation,Yum Brands,relevant
ServiceNow faces class-action lawsuit over alleged pregnancy discrimination among warehouse workers,ServiceNow,irrelevant
Nvidia agrees to sell streaming unit for $22.0 billion to consortium of investors,Nvidia,relevant
Dow Field hosts record crowd for playoff game,Dow,irrelevant
Walt Disney refreshes a redesigned home screen to its developer portal,Walt Disney,irrelevant
Halliburton chief operating officer says healthcare costs requires urgent attention from elected officials,Halliburton,irrelevant
Dollar General faces $2.5 billion fine from EU regulators over price-fixing conspiracy,Dollar General,relevant
Lockheed Martin denies wrongdoing in pay discrimination complaint filed by former sales representative,Lockheed Martin,irrelevant
Costco faces $8.3 billion fine from FTC over misleading investors,Costco,relevant
Goldman Sachs factory worker arrested after incident caught on security camera in Boston,Goldman Sachs,irrelevant
"Under Armour reaches new four-year labor agreement with union representing 1,600 workers",Under Armour,relevant
UnitedHealth faces class-action over medical device company product defect affecting millions of users,UnitedHealth,relevant
Pfizer pays $25 million to settle a customer privacy complaint complaint with SEC,Pfizer,irrelevant
Former Goldman Sachs former CFO appointed to advisory board of a consulting firm,Goldman Sachs,irrelevant
Nvidia to acquire enterprise software company for $90.0 billion in all-stock deal,Nvidia,relevant
Sources: Deere & Company close to finalising acquisition of industrial software company for $8.3 billion,Deere & Company,relevant
Report: Progressive holds 34% market share in e-commerce per Gartner,Progressive,irrelevant
American Express former CEO joins a fintech startup as its new chief executive,American Express,irrelevant
RBC Capital Markets flags Walmart as a potential bidder that chose not to participate in note on UPS acquisition,Walmart,irrelevant
Oracle chairman says consumer spending cannot be solved by the private sector alone,Oracle,irrelevant
"RBC Capital Markets upgrades Kraft Heinz to sell, says near-term headwinds are priced in",Kraft Heinz,irrelevant
Why is Waste Management stock underperforms the sector today? Here is what we know,Waste Management,irrelevant
Procter & Gamble organic sales growth of 31% in Q4 misses analyst estimates on pricing and volume,Procter & Gamble,relevant
Oracle issues $50.0 billion in senior notes to strengthen balance sheet,Oracle,relevant
Starbucks chief operating officer says data privacy law is something all companies need to take seriously,Starbucks,irrelevant
Home Depot faces pay discrimination lawsuit filed by former executive,Home Depot,irrelevant
"Wells Fargo reports 17% drop in quarterly revenue, cuts annual guidance",Wells Fargo,relevant
ServiceNow delivery driver faces restraining order filed by former coworker in Charlotte,ServiceNow,irrelevant
General Electric activist investor discloses $5.1 billion stake pushes for margin improvement,General Electric,relevant
"Goldman Sachs upgrades Comcast to hold, cites strong earnings visibility",Comcast,irrelevant
ServiceNow employees sign open letter opposing new attendance tracking system,ServiceNow,irrelevant
Salesforce reports 42% jump in advertising revenue as digital ad market recovers,Salesforce,relevant
How Target's acquisition could reshape the competitive landscape for Wells Fargo,Wells Fargo,irrelevant
"Eli Lilly delivers Q1 beat, guides higher for the year",Eli Lilly,relevant
Protests outside Verizon headquarters over unrelated political issue,Verizon,irrelevant
UPS acquires last-mile delivery company in $5.1 billion deal expanding into freight brokerage,UPS,relevant
Accenture issues voluntary recall of enterprise software company product over potential safety concern,Accenture,relevant
Coca-Cola logistics coordinator faces restraining order filed by former coworker in Charlotte,Coca-Cola,irrelevant
Report: Salesforce evaluating strategic alternatives — company declines to comment,Salesforce,irrelevant
"Caterpillar CFO announces resignation, company names industry outsider as replacement",Caterpillar,relevant
Eli Lilly enables two-factor authentication prompts to its digital wallet,Eli Lilly,irrelevant
Goldman Sachs workers circulate petition calling for greater transparency in pay practices,Goldman Sachs,irrelevant
Dollar General named to LinkedIn's top companies to work for for the second straight year,Dollar General,irrelevant
General Electric recognized on Time's 100 most influential companies for workplace culture,General Electric,irrelevant
Amazon store manager sued by customer over personal conduct during shift in Charlotte,Amazon,irrelevant
EEOC opens investigation into Warner Bros. Discovery over alleged sexual harassment in workplace culture,Warner Bros. Discovery,irrelevant
Deere & Company stock outperforms the broader market following broader macro concerns,Deere & Company,irrelevant
Netflix shares trade lower amid broader market selloff — no new company news,Netflix,irrelevant
Progressive branch teller faces criminal charges unrelated to employment in Los Angeles,Progressive,irrelevant
Accenture ends partnership with sports personality after personal scandal,Accenture,irrelevant
Kraft Heinz acquires restaurant chain in $1.8 billion deal expanding into beverage company,Kraft Heinz,relevant
Eli Lilly employees sign open letter opposing mandatory drug testing policy,Eli Lilly,irrelevant
Allstate faces social media campaign targeting data privacy practices,Allstate,irrelevant
"Deere & Company announces 18,000 job cuts in consumer unit amid cost reduction program",Deere & Company,relevant
Chipotle rolls out a progress tracker to its retail website,Chipotle,irrelevant
Former Airbnb former CFO named to lead a private equity firm,Airbnb,irrelevant
Analyst says UPS acquisition positions the company ahead of Raytheon,Raytheon,irrelevant
Costco announces $8.3 billion share buyback program,Costco,relevant
Amazon acquires enterprise software company for $420 million to bolster cloud infrastructure company,Amazon,relevant
"Costco's joint venture deal raises questions about Lowe's's position, per Barclays",Lowe's,irrelevant
Emerson Electric settles racial harassment complaint filed by group of former employees for undisclosed amount,Emerson Electric,irrelevant
Morgan Stanley CEO says interest rates is the biggest challenge facing businesses today,Morgan Stanley,irrelevant
Honeywell faces criticism from advocacy groups over data privacy practices,Honeywell,irrelevant
Former Walmart customer service representative files age discrimination complaint with EEOC,Walmart,irrelevant
BlackRock launches simplified navigation menu to its retail website,BlackRock,irrelevant
Chipotle district manager arrested for alleged theft from delivery route in Charlotte,Chipotle,irrelevant
McDonald's to present at the Goldman Sachs Communacopia conference next month,McDonald's,irrelevant
CSX posts better-than-expected Q1 results as improved on-time delivery performance,CSX,relevant
ExxonMobil former CEO leaves to join a government advisory role in senior role,ExxonMobil,irrelevant
EEOC opens investigation into Berkshire Hathaway over alleged national origin discrimination in termination policies,Berkshire Hathaway,irrelevant
UnitedHealth to merge with pharmacy benefit manager in $5.1 billion combination,UnitedHealth,relevant
Protests outside Salesforce headquarters over unrelated political issue,Salesforce,irrelevant
Johnson & Johnson faces $3.4 billion fine from CFPB over market manipulation,Johnson & Johnson,relevant
Capital One acquires asset management firm in $1.2 billion deal expanding into asset management firm,Capital One,relevant
Dow Q3 earnings of $1.87 per share tops expectations,Dow,relevant
IBM vs competitors: which televisions is right for you,IBM,irrelevant
"JPMorgan upgrades ExxonMobil to underperform, cites strong earnings visibility",ExxonMobil,irrelevant
BlackRock stock underperforms the sector amid rising interest rate fears,BlackRock,irrelevant
Rumour: Could Allstate be mulling a share buyback? Analysts are watching,Allstate,irrelevant
"Coca-Cola global same-store sales rise 11% in Q1, falls short of expectations",Coca-Cola,relevant
Walmart launches location-based alerts to its employee portal,Walmart,irrelevant
"Wells Fargo cuts UnitedHealth to underperform, flags execution risks",UnitedHealth,irrelevant
How Amazon's divestiture could reshape the competitive landscape for Norfolk Southern,Norfolk Southern,irrelevant
Is Caterpillar's latest airline miles cards worth buying? A consumer review,Caterpillar,irrelevant
Procter & Gamble warehouse worker arrested in connection with unrelated drug charges in Seattle,Procter & Gamble,irrelevant
ServiceNow faces class-action lawsuit over alleged racial discrimination among customer service representatives,ServiceNow,irrelevant
Comcast former chief revenue officer joins a government advisory role as its new chief executive,Comcast,irrelevant
"Alphabet announces 4,000 job cuts in retail operations amid strategic review",Alphabet,relevant
Charles Schwab investment banking revenue surges 18% as M&A market recovers,Charles Schwab,relevant
Netflix ranks among Barron's most sustainable companies for the first time,Netflix,irrelevant
"Jefferies lowers General Motors to overweight, flags execution risks",General Motors,irrelevant
Dow settles religious discrimination complaint filed by former manager for undisclosed amount,Dow,irrelevant
"UPS lowers Q4 outlook, sends shares sharply lower in after-hours trading",UPS,relevant
Former Chipotle former chief marketing officer named to lead a consulting firm,Chipotle,irrelevant
Deere & Company president says energy policy is top of mind for executives across every industry,Deere & Company,irrelevant
FDA orders Halliburton to halt production at facility over contamination findings,Halliburton,relevant
Former Halliburton former chief revenue officer named to lead a hedge fund,Halliburton,irrelevant
Emerson Electric introduces two-factor authentication prompts to its loyalty app,Emerson Electric,irrelevant
Protests outside Kraft Heinz headquarters over unrelated political issue,Kraft Heinz,irrelevant
EEOC opens investigation into Boeing over alleged racial discrimination in termination policies,Boeing,irrelevant
Visa ends partnership with celebrity spokesperson after personal scandal,Visa,irrelevant
Meta announces $14.0 billion share buyback program,Meta,relevant
New Bernstein Research data shows Dollar General gaining share in ride-sharing,Dollar General,irrelevant
Tesla branch teller charged with assault following workplace altercation in Dallas,Tesla,irrelevant
Tesla updates improved load times to its enterprise dashboard,Tesla,irrelevant
CVS Health faces new racial discrimination lawsuit from former financial advisor in Pennsylvania court,CVS Health,irrelevant
Walt Disney agrees to sell theme park division for $1.2 billion to consortium of investors,Walt Disney,relevant
Nike employees sign open letter opposing healthcare benefit reductions,Nike,irrelevant
"Deutsche Bank lowers Accenture to equal weight, says valuation stretched after recent rally",Accenture,irrelevant
Eli Lilly warns Q2 results will miss estimates due to weaker-than-expected prescription volumes,Eli Lilly,relevant
"Stifel lifts Dow to hold, sees margin recovery underway",Dow,irrelevant
Raytheon updates a new rewards tracker to its mobile app,Raytheon,irrelevant
Comcast workers circulate petition calling for improved workplace safety standards,Comcast,irrelevant
Walmart employees stage walkout over changes to remote work flexibility,Walmart,irrelevant
"UPS announces 3,000 corporate layoffs, shares fall on restructuring news",UPS,relevant
Bank of America denies wrongdoing in sexual harassment complaint filed by group of delivery drivers,Bank of America,irrelevant
"Sources: General Electric looking at entering the healthcare market — no deal imminent, sources say",General Electric,irrelevant
Oracle confirms it received and rejected $14.0 billion takeover bid,Oracle,relevant
Mastercard updates a progress tracker to its customer app,Mastercard,irrelevant
Wells Fargo faces pay discrimination lawsuit filed by group of warehouse workers,Wells Fargo,irrelevant
Tourist spots near Meta campus rank among best in the area,Meta,irrelevant
"Verizon loses misleading investors case, ordered to pay $180 million in penalties",Verizon,relevant
Costco blows past Q1 estimates on strong comparable store sales growth,Costco,relevant
Northrop Grumman acquires satellite systems maker for $380 million to bolster unmanned systems company,Northrop Grumman,relevant
Honeywell stock pulls back from record highs amid rising interest rate fears,Honeywell,irrelevant
Merck factory worker charged with assault following workplace altercation in Los Angeles,Merck,irrelevant
Mastercard cited as top player in smartphone sales by Nielsen industry survey,Mastercard,irrelevant
T-Mobile confirms it received and rejected $1.8 billion takeover bid,T-Mobile,relevant
3M former chief operating officer departs to become partner at a rival startup,3M,irrelevant
Group of former JPMorgan Chase warehouse workers alleges gender discrimination in federal class-action,JPMorgan Chase,irrelevant
Mondelez shares slips amid broader market selloff,Mondelez,irrelevant
Ford launches push notification settings to its developer portal,Ford,irrelevant
City council debates naming rights deal for stadium near Honeywell offices,Honeywell,irrelevant
Coca-Cola stock underperforms the sector on no company-specific news,Coca-Cola,irrelevant
"Oppenheimer downgrades Yum Brands to neutral, sees limited upside from current levels",Yum Brands,irrelevant
"Bloomberg: Johnson & Johnson mulling a share buyback, though talks are preliminary",Johnson & Johnson,irrelevant
FDA orders Warner Bros. Discovery to halt production at facility over contamination findings,Warner Bros. Discovery,relevant
Deere & Company denies wrongdoing in age discrimination complaint filed by group of delivery drivers,Deere & Company,irrelevant
CSX sued by group of warehouse workers alleging gender discrimination in scheduling practices,CSX,irrelevant
Walt Disney settles religious discrimination complaint filed by former sales representative for undisclosed amount,Walt Disney,irrelevant
Concert at Colgate-Palmolive Arena draws thousands despite rain,Colgate-Palmolive,irrelevant
Why is Starbucks stock rises to 52-week high today? Here is what we know,Starbucks,irrelevant
Capital One activist investor discloses $2.5 billion stake pushes for margin improvement,Capital One,relevant
"Bernstein trims Visa to hold, warns of elevated inventory",Visa,irrelevant
DuPont launches in-app chat support to its checkout flow,DuPont,irrelevant
ExxonMobil chief executive says trade tariffs is creating uncertainty for long-term investment decisions,ExxonMobil,irrelevant
Procter & Gamble chief executive says healthcare costs will shape business strategy for years to come,Procter & Gamble,irrelevant
Airbnb CEO says immigration policy presents both risks and opportunities for the private sector,Airbnb,irrelevant
Target warehouse worker charged with harassment following complaint by coworker in Miami,Target,irrelevant
"Home Depot sees Q1 revenue of $1.8 billion, below prior guidance and analyst consensus",Home Depot,relevant
Citigroup co-founder says inflation cannot be solved by the private sector alone,Citigroup,irrelevant
"Honeywell posts Q1 net income of $1.8 billion, beats analyst estimates",Honeywell,relevant
Visa workers in Miami rally to demand better pay and benefits,Visa,irrelevant
Nike board approves new $1.2 billion share repurchase authorization,Nike,relevant
Goldman Sachs employees sign open letter opposing return-to-office mandate,Goldman Sachs,irrelevant
"Lockheed Martin reports Q3 revenue of $14.0 billion, misses analyst estimates on record hypersonic weapons orders",Lockheed Martin,relevant
Salesforce retail associate suspended following investigation into personal conduct in Atlanta,Salesforce,irrelevant
T-Mobile retail associate charged with harassment following complaint by coworker in Denver,T-Mobile,irrelevant
Former Alphabet former chief technology officer named to lead a private equity firm,Alphabet,irrelevant
"3M announces 1,600 job cuts in investment banking amid automation initiative",3M,relevant
Chipotle warns Q4 results will miss estimates due to slowing international sales,Chipotle,relevant
"Goldman Sachs issues profit warning, slashes guidance citing rising loan loss provisions",Goldman Sachs,relevant
UPS CEO says the housing market cannot be solved by the private sector alone,UPS,irrelevant
Travelers shares trade lower as investors take profits across sectors — no new company news,Travelers,irrelevant
AbbVie cuts full-year guidance citing patent cliff exposure,AbbVie,relevant
Warner Bros. Discovery announces $3.0 billion share buyback program,Warner Bros. Discovery,relevant
T-Mobile denies wrongdoing in sexual harassment complaint filed by former financial advisor,T-Mobile,irrelevant
Nvidia former chief operating officer leaves to join a non-profit board in senior role,Nvidia,irrelevant
Visa workers circulate petition calling for remote work flexibility,Visa,irrelevant
Aflac co-founder says deficit spending is more complex than most policymakers appreciate,Aflac,irrelevant
Pfizer chairman says supply chain resilience will shape business strategy for years to come,Pfizer,irrelevant
Microsoft sued by former manager alleging gender discrimination in scheduling practices,Microsoft,irrelevant
Nvidia faces new age discrimination lawsuit from group of retail workers in Washington court,Nvidia,irrelevant
Chipotle activist investor discloses $2.1 billion stake pushes for margin improvement,Chipotle,relevant
Nvidia retail associate sued by customer over personal conduct during shift in Detroit,Nvidia,irrelevant
American Express activist investor discloses $5.1 billion stake pushes for margin improvement,American Express,relevant
Nvidia introduces a new password manager to its enterprise dashboard,Nvidia,irrelevant
DuPont pays $2 million to settle an outdated record-keeping practice complaint with EPA,DuPont,irrelevant
Under Armour updates two-factor authentication prompts to its customer portal,Under Armour,irrelevant
Goldman Sachs launches spending insights tab to its cloud console,Goldman Sachs,irrelevant
Tesla logistics coordinator faces personal lawsuit unrelated to company activities in Detroit,Tesla,irrelevant
Progressive shares trade lower amid rising interest rate fears — no new company news,Progressive,irrelevant
Why is Progressive stock rises to 52-week high today? Here is what we know,Progressive,irrelevant
JPMorgan Chase faces $3.4 billion fine from SEC over consumer protection violations,JPMorgan Chase,relevant
UnitedHealth refreshes improved search filters to its banking app,UnitedHealth,irrelevant
Walt Disney raises streaming subscription price for US subscribers,Walt Disney,relevant
Comcast pays $12 million to settle a minor fair lending violation complaint with EEOC,Comcast,irrelevant
Why is UPS stock extends its losing streak today? Here is what we know,UPS,irrelevant
American Express faces new racial discrimination lawsuit from group of former employees in Florida court,American Express,irrelevant
Northrop Grumman activist investor discloses $3.4 billion stake pushes for margin improvement,Northrop Grumman,relevant
Dow rolls out simplified navigation menu to its customer portal,Dow,irrelevant
Former Netflix sales representative files racial discrimination complaint with EEOC,Netflix,irrelevant
CVS Health agrees to $40 million penalty over a minor fair lending violation,CVS Health,irrelevant
Halliburton discloses CFTC subpoena related to price-fixing conspiracy,Halliburton,relevant
Pfizer shares trade lower as investors rotate into defensives — no new company news,Pfizer,irrelevant
ServiceNow human resources manager charged with running fraud scheme at local branch in Dallas,ServiceNow,irrelevant
Pfizer chief executive says the housing market cannot be solved by the private sector alone,Pfizer,irrelevant
Starbucks launches push notification settings to its customer app,Starbucks,irrelevant
Costco chief operating officer says the housing market will shape business strategy for years to come,Costco,irrelevant
"Home Depot and delivery service confirm merger talks, deal could be worth $1.8 billion",Home Depot,relevant
"Dow Q2 results: beats on top and bottom line, raises outlook",Dow,relevant
BlackRock chairman says interest rates is the biggest challenge facing businesses today,BlackRock,irrelevant
Boeing named to LinkedIn's top companies to work for for the second straight year,Boeing,irrelevant
Merck unveils three-year plan to cut costs by $14.0 billion,Merck,relevant
Booking Holdings nights booked rise 9% as international travel demand surges,Booking Holdings,relevant
Warner Bros. Discovery board approves new $8.3 billion share repurchase authorization,Warner Bros. Discovery,relevant
Eli Lilly launches enhanced map view to its banking app,Eli Lilly,irrelevant
CSX releases accessibility improvements to its checkout flow,CSX,irrelevant
ServiceNow hit with $650 million penalty by CFTC over market manipulation,ServiceNow,relevant
Is Honeywell's latest home appliances worth buying? A consumer review,Honeywell,irrelevant
FDA orders Walt Disney to halt production at facility over contamination findings,Walt Disney,relevant
Aflac combined ratio improves to 17.1% as claims costs moderate,Aflac,relevant
Baird flags Chevron as a potential bidder that chose not to participate in note on Costco joint venture,Chevron,irrelevant
"Goldman Sachs trims CVS Health to sell, flags margin pressure ahead",CVS Health,irrelevant
"Visa reports Q4 revenue of $3.4 billion, falls short of expectations on record investment banking fees",Visa,relevant
S&P Global Market Intelligence estimates Emerson Electric controls 41% of the streaming services market,Emerson Electric,irrelevant
UPS ends partnership with sports personality after controversial comments online,UPS,irrelevant
"Tesla reaches new four-year labor agreement with union representing 5,500 workers",Tesla,relevant
"Citi boosts Wells Fargo to overweight, points to improving competitive position",Wells Fargo,irrelevant
ServiceNow sued by former sales representative alleging gender discrimination in hiring practices,ServiceNow,irrelevant
Yum Brands releases improved search filters to its banking app,Yum Brands,irrelevant
Starbucks reaches $40 million agreement with CFPB to resolve an environmental reporting error,Starbucks,irrelevant
Former Lockheed Martin former general counsel appointed to advisory board of a private equity firm,Lockheed Martin,irrelevant
Mondelez loses beverage unit contract to rival in blow to revenue outlook,Mondelez,relevant
ConocoPhillips chief operating officer says cryptocurrency regulation is more complex than most policymakers appreciate,ConocoPhillips,irrelevant
"Google's divestiture deal raises questions about Microsoft's position, per Wells Fargo",Microsoft,irrelevant
Travelers refreshes improved search filters to its banking app,Travelers,irrelevant
Wells Fargo investment banking revenue surges 8% as M&A market recovers,Wells Fargo,relevant
ServiceNow CFO says global trade presents both risks and opportunities for the private sector,ServiceNow,irrelevant
Eli Lilly warns Q1 results will miss estimates due to biosimilar competition,Eli Lilly,relevant
Warner Bros. Discovery to pay $25 million in connection with a customer privacy complaint investigation,Warner Bros. Discovery,irrelevant
Uber agrees to sell international operations for $2.5 billion to private equity firm,Uber,relevant
"T-Mobile to eliminate 18,000 positions as part of $2.5 billion cost reduction plan",T-Mobile,relevant
Tesla acquires charging network operator for $180 million to bolster auto software company,Tesla,relevant
City council debates naming rights deal for stadium near UPS offices,UPS,irrelevant
Dow faces class-action lawsuit over alleged pay discrimination among marketing managers,Dow,irrelevant
Amazon refreshes two-factor authentication prompts to its enterprise dashboard,Amazon,irrelevant
Stellantis store manager faces personal lawsuit unrelated to company activities in Chicago,Stellantis,irrelevant
Rumour: Could DuPont be looking at entering the financial services market? Analysts are watching,DuPont,irrelevant
AbbVie releases simplified navigation menu to its retail website,AbbVie,irrelevant
"TD Cowen raises Kimberly-Clark to outperform, flags improving demand trends",Kimberly-Clark,irrelevant
Halliburton fined $35 million by EEOC over a minor labor board finding,Halliburton,irrelevant
Norfolk Southern refreshes an updated help center to its retail website,Norfolk Southern,irrelevant
Former Honeywell former CEO appointed to advisory board of a venture capital fund,Honeywell,irrelevant
Procter & Gamble named to Fast Company's most innovative companies for the second straight year,Procter & Gamble,irrelevant
PepsiCo issues $2.1 billion in senior notes to fund strategic acquisitions,PepsiCo,relevant
Walmart denies wrongdoing in disability discrimination complaint filed by former employee,Walmart,irrelevant
New documentary examines working conditions at Johnson & Johnson suppliers overseas,Johnson & Johnson,irrelevant
Mastercard adds enhanced map view to its enterprise dashboard,Mastercard,irrelevant
"Mizuho raises Oracle to hold, sees accelerating revenue growth",Oracle,irrelevant
"Wells Fargo raises Uber to buy, sees margin recovery underway",Uber,irrelevant
AbbVie CEO to deliver keynote at the World Economic Forum in Davos,AbbVie,irrelevant
Kimberly-Clark announces $2.5 billion share buyback program,Kimberly-Clark,relevant
Chevron president says interest rates requires coordinated global action to address effectively,Chevron,irrelevant
Tesla branch teller charged with running fraud scheme at local branch in Boston,Tesla,irrelevant
Former Chevron store manager files pregnancy discrimination complaint with EEOC,Chevron,irrelevant
Halliburton cuts full-year guidance citing reduced capital expenditure from customers,Halliburton,relevant
Save big on ConocoPhillips televisions this Black Friday — here is how,ConocoPhillips,irrelevant
"Sources: Lowe's evaluating strategic alternatives — no deal imminent, sources say",Lowe's,irrelevant
New documentary examines working conditions at CSX suppliers overseas,CSX,irrelevant
Chipotle faces consumer boycott over environmental claims on packaging,Chipotle,irrelevant
Morgan Stanley stock extends its losing streak as investors take profits across sectors,Morgan Stanley,irrelevant
Report: Capital One holds 18% market share in search advertising per Goldman Sachs Research,Capital One,irrelevant
Netflix software engineer arrested in connection with unrelated drug charges in Miami,Netflix,irrelevant
Norfolk Southern ranks among Forbes' list of best employers for the first time,Norfolk Southern,irrelevant
"Waste Management lowers Q3 outlook, sends shares sharply lower in after-hours trading",Waste Management,relevant
Nike employees sign open letter opposing employee monitoring rollout,Nike,irrelevant
PepsiCo confirms receipt of CFPB civil investigative demand over price-fixing conspiracy,PepsiCo,relevant
Nike ends partnership with sports personality after personal scandal,Nike,irrelevant
Lockheed Martin faces criticism from advocacy groups over ingredient sourcing policies,Lockheed Martin,irrelevant
CSX chairman says consumer spending presents both risks and opportunities for the private sector,CSX,irrelevant
Why is Apple stock rises to 52-week high today? Here is what we know,Apple,irrelevant
"Chevron turns in a Q2 quarter investors had feared, stock drops",Chevron,relevant
Caterpillar executive to speak at a Senate Commerce Committee hearing on workforce transformation,Caterpillar,irrelevant
Walmart confirms receipt of SEC civil investigative demand over consumer protection violations,Walmart,relevant
Norfolk Southern Q2 earnings of $4.22 per share misses analyst estimates,Norfolk Southern,relevant
Comcast shares trade lower as tech sector sees profit-taking — no new company news,Comcast,irrelevant
Report: Progressive considering going private — company declines to comment,Progressive,irrelevant
"DuPont announces 800 corporate layoffs, shares fall on restructuring news",DuPont,relevant
Oracle agrees to sell cloud division for $2.5 billion to consortium of investors,Oracle,relevant
BlackRock fined $2 million by state attorneys general over a product labeling issue,BlackRock,irrelevant
3M software engineer charged with harassment following complaint by coworker in New York,3M,irrelevant
Starbucks tops the Street on both revenue and earnings in Q3,Starbucks,relevant
Halliburton faces age discrimination lawsuit filed by group of loan officers,Halliburton,irrelevant
Best ConocoPhillips deals this back-to-school season: our top picks,ConocoPhillips,irrelevant
Berkshire Hathaway chairman says banking regulation requires coordinated global action to address effectively,Berkshire Hathaway,irrelevant
Lowe's tops the Street on both revenue and earnings in Q3,Lowe's,relevant
Consumer guide: Bank of America laptops ranked and reviewed,Bank of America,irrelevant
Tesla employees protest healthcare benefit reductions at headquarters,Tesla,irrelevant
Walt Disney CEO says banking regulation is a concern shared by businesses of all sizes,Walt Disney,irrelevant
CSX cuts full-year guidance citing lower revenue per shipment,CSX,relevant
Dow acquires service company for $380 million to bolster technology startup,Dow,relevant
"Northrop Grumman Q4 results: beats on top and bottom line, raises outlook",Northrop Grumman,relevant
"UnitedHealth announces 1,600 job cuts in R&D division amid business reorganization",UnitedHealth,relevant
Colgate-Palmolive said to be exploring a merger in early-stage discussions,Colgate-Palmolive,irrelevant
Morgan Stanley logistics coordinator arrested in connection with unrelated drug charges in Minneapolis,Morgan Stanley,irrelevant
Bernstein Research estimates General Electric controls 41% of the e-commerce market,General Electric,irrelevant
New Forrester data shows Ford gaining share in digital advertising,Ford,irrelevant
Uber acquires travel data company for $110 million to bolster travel technology company,Uber,relevant
"Comedian references Merck in viral stand-up set, clip goes viral",Merck,irrelevant
FedEx human resources manager charged with embezzling from customer accounts in Houston,FedEx,irrelevant
JPMorgan Chase workers in Boston rally to demand better pay and benefits,JPMorgan Chase,irrelevant
JPMorgan Chase rolls out a new password manager to its customer portal,JPMorgan Chase,irrelevant
Halliburton customer service representative arrested for allegedly cashing fraudulent checks in Chicago,Halliburton,irrelevant
Chevron ends partnership with brand ambassador after personal scandal,Chevron,irrelevant
Procter & Gamble to merge with household products brand in $5.1 billion combination,Procter & Gamble,relevant
"Mastercard Q1 results: beats on top and bottom line, raises outlook",Mastercard,relevant
UPS to spin off its air freight division as a standalone publicly traded company,UPS,relevant
Amazon agrees to $18 million penalty over a disclosure timing issue,Amazon,irrelevant
Verizon pulls advertising from social media platform following employee pressure,Verizon,irrelevant
Nike workers vote to ratify new labor agreement at flagship warehouse,Nike,relevant
EEOC opens investigation into Nike over alleged gender discrimination in workplace culture,Nike,irrelevant
Pfizer acquires medical device company for $65 million to bolster clinical-stage drug developer,Pfizer,relevant
Booking Holdings faces social media campaign targeting marketing to minors allegations,Booking Holdings,irrelevant
"General Motors delivers record number of vehicles in Q3, comes in below consensus",General Motors,relevant
Allstate ranks among Glassdoor's top-rated employers for the second straight year,Allstate,irrelevant
Emerson Electric to pay $20 million in connection with an outdated record-keeping practice investigation,Emerson Electric,irrelevant
Allstate faces criticism from advocacy groups over marketing to minors allegations,Allstate,irrelevant
Netflix hit with $380 million penalty by CFPB over price-fixing conspiracy,Netflix,relevant
Procter & Gamble acquires specialty skincare company for $65 million to bolster apparel brand,Procter & Gamble,relevant
FedEx activist investor discloses $0.8 billion stake pushes for margin improvement,FedEx,relevant
Morgan Stanley vs competitors: which televisions is right for you,Morgan Stanley,irrelevant
Halliburton updates a progress tracker to its online store,Halliburton,irrelevant
Merck cited as top player in pharmaceutical distribution by Forrester industry survey,Merck,irrelevant
PepsiCo CEO named to Fortune's most admired companies list,PepsiCo,irrelevant
Chipotle board approves new $5.1 billion share repurchase authorization,Chipotle,relevant
Tesla workers in Charlotte rally to demand improved workplace safety standards,Tesla,irrelevant
Report: Tesla looking at entering the retail banking market — company declines to comment,Tesla,irrelevant
Kimberly-Clark settles religious discrimination complaint filed by group of retail workers for undisclosed amount,Kimberly-Clark,irrelevant
"General Motors reaches landmark new agreement with union representing 1,200 workers",General Motors,relevant
Procter & Gamble employees sign open letter opposing employee monitoring rollout,Procter & Gamble,irrelevant
"UBS trims Procter & Gamble to neutral, lowers estimates on weak guidance",Procter & Gamble,irrelevant
Bank of America ranks among Forbes' list of best employers for the first time,Bank of America,irrelevant
Procter & Gamble cuts full-year guidance citing elevated commodity costs,Procter & Gamble,relevant
Ralph Lauren credit rating downgraded by S&P citing strong capital position,Ralph Lauren,relevant
"UBS downgrades American Express to overweight, lowers estimates on weak guidance",American Express,irrelevant
Merck executive to speak at the Aspen Ideas Festival on financial regulation,Merck,irrelevant
BlackRock Q3 earnings of $3.78 per share surpasses consensus,BlackRock,relevant
"Emerson Electric posts Q3 net income of $2.5 billion, surpasses consensus",Emerson Electric,relevant
Charles Schwab introduces simplified navigation menu to its retail website,Charles Schwab,irrelevant
ExxonMobil enables push notification settings to its digital wallet,ExxonMobil,irrelevant
Procter & Gamble district manager arrested in connection with unrelated drug charges in Atlanta,Procter & Gamble,irrelevant
Home Depot announces 800 job cuts in retail operations amid business reorganization,Home Depot,relevant
Waste Management shares edges higher as investors take profits across sectors,Waste Management,irrelevant
CVS Health announces plan to separate into two independent publicly traded companies,CVS Health,relevant
"AT&T recalls 10,000 thousand units over safety defect, faces $110 million repair bill",AT&T,relevant
"Morgan Stanley lowers Uber to overweight, flags deteriorating pricing power",Uber,irrelevant
"Ford reports Q4 revenue of $1.2 billion, falls short of expectations on strong vehicle delivery growth",Ford,relevant
New Gartner data shows Chevron gaining share in pharmaceutical distribution,Chevron,irrelevant
Save big on Amazon food delivery this Mother's Day — here is how,Amazon,irrelevant
Under Armour drops sponsorship of esports tournament following social media backlash,Under Armour,irrelevant
Johnson & Johnson acquires medical device company in $1.2 billion deal expanding into medical device company,Johnson & Johnson,relevant
"Jefferies cuts Lockheed Martin to equal weight, flags rising competitive pressure",Lockheed Martin,irrelevant
"Barclays boosts Northrop Grumman to equal weight, calls recent dip a buying opportunity",Northrop Grumman,irrelevant
Lockheed Martin sets aside $8.3 billion to cover costs of satellite systems maker product recall,Lockheed Martin,relevant
IBM Field hosts record crowd for playoff game,IBM,irrelevant
Ford Q2 gross margin contracts to 19.8% on record truck sales,Ford,relevant
Raytheon shares outperforms the broader market amid risk-off sentiment,Raytheon,irrelevant
Kimberly-Clark cited as top player in ride-sharing by Gartner industry survey,Kimberly-Clark,irrelevant
Travelers workers vote to authorize strike at its largest facility,Travelers,relevant
"Comedian references Walmart in viral stand-up set, clip goes viral",Walmart,irrelevant
"Paramount Global reports 42% drop in quarterly revenue, cuts annual guidance",Paramount Global,relevant
Chevron chief executive says the housing market demands a thoughtful policy response from legislators,Chevron,irrelevant
Mastercard agrees to $12 million penalty over a minor consumer notification requirement,Mastercard,irrelevant
Nike organic sales growth of 31% in Q1 surpasses consensus on pricing and volume,Nike,relevant
"Citi trims Yum Brands to overweight, says near-term catalysts are limited",Yum Brands,irrelevant
Dow CFO scheduled to appear at the MIT Sloan Management Conference investor day,Dow,irrelevant
AT&T chief operating officer says tax policy presents both risks and opportunities for the private sector,AT&T,irrelevant
Judge orders CSX to pay $250 million in damages over consumer protection violations,CSX,relevant
AbbVie introduces enhanced map view to its checkout flow,AbbVie,irrelevant
Johnson & Johnson employees protest employee monitoring rollout at headquarters,Johnson & Johnson,irrelevant
Oracle updates a new rewards tracker to its enterprise dashboard,Oracle,irrelevant
Deere & Company updates new color themes to its online store,Deere & Company,irrelevant
"Wells Fargo lowers General Electric to overweight, lowers price target on earnings miss",General Electric,irrelevant
PepsiCo faces class-action lawsuit over alleged religious discrimination among store managers,PepsiCo,irrelevant
Waste Management launches improved load times to its loyalty app,Waste Management,irrelevant
Apple raises full-year guidance after Q3 beat on record data center orders,Apple,relevant
"Pfizer CFO announces resignation, company names internal finance executive as replacement",Pfizer,relevant
Tyson Foods raises full-year guidance after Q3 beat on record digital order mix,Tyson Foods,relevant
Caterpillar stock rises to 52-week high as investors take profits across sectors,Caterpillar,irrelevant
Colgate-Palmolive faces class-action lawsuit over alleged gender discrimination among retail associates,Colgate-Palmolive,irrelevant
"Coca-Cola announces 2,500 job cuts in corporate functions amid strategic review",Coca-Cola,relevant
Ralph Lauren acquires specialty skincare company in $2.5 billion deal expanding into specialty skincare company,Ralph Lauren,relevant
Wells Fargo to pay $5 million in connection with a minor consumer notification requirement investigation,Wells Fargo,irrelevant
Morgan Stanley ordered by EU regulators to pay $380 million over misleading investors,Morgan Stanley,relevant
ServiceNow raises full-year guidance after Q1 beat on AI-driven demand acceleration,ServiceNow,relevant
Comcast Q1 gross margin contracts to 34.7% on strong wireless postpaid net adds,Comcast,relevant
Rumour: Could Berkshire Hathaway be exploring a buyout of a rival? Analysts are watching,Berkshire Hathaway,irrelevant
Lowe's launches two-factor authentication prompts to its mobile app,Lowe's,irrelevant
Wells Fargo issues $1.2 billion in senior notes to refinance maturing debt,Wells Fargo,relevant
Home Depot cuts full-year guidance citing declining comparable store sales,Home Depot,relevant
"Morgan Stanley upgrades ConocoPhillips to overweight, calls recent dip a buying opportunity",ConocoPhillips,irrelevant
Paramount Global stock outperforms the broader market amid risk-off sentiment,Paramount Global,irrelevant
Uber workers vote to authorize strike at flagship warehouse,Uber,relevant
Kraft Heinz employees sign open letter opposing changes to remote work flexibility,Kraft Heinz,irrelevant
"Wells Fargo trims Dow to overweight, sees limited upside from current levels",Dow,irrelevant
UPS warns Q2 results will miss estimates due to slowing freight demand,UPS,relevant
"UnitedHealth sees Q2 revenue of $3.4 billion, below prior guidance and analyst consensus",UnitedHealth,relevant
Uber acquires travel data company for $380 million to bolster travel data company,Uber,relevant
Pfizer faces $2.5 billion fine from EU regulators over market manipulation,Pfizer,relevant
Verizon enables accessibility improvements to its streaming platform,Verizon,irrelevant
"Travelers CFO announces departure, company names Wall Street veteran as replacement",Travelers,relevant
"Dow announces 1,600 corporate layoffs, shares fall on restructuring news",Dow,relevant
"Meta's acquisition deal raises questions about IBM's position, per Barclays",IBM,irrelevant
"Stifel lowers Eli Lilly to buy, cites macro headwinds",Eli Lilly,irrelevant
"Wells Fargo lowers Q2 outlook, sends shares sharply lower in after-hours trading",Wells Fargo,relevant
Caterpillar president says interest rates will have long-lasting effects on the broader economy,Caterpillar,irrelevant
Procter & Gamble to eliminate 800 positions as part of $0.8 billion cost reduction plan,Procter & Gamble,relevant
"Berkshire Hathaway CFO announces retirement, company names internal finance executive as replacement",Berkshire Hathaway,relevant
Walt Disney Q2 earnings of $3.10 per share surpasses consensus,Walt Disney,relevant
"Morgan Stanley lowers Alphabet to neutral, warns of elevated inventory",Alphabet,irrelevant
Under Armour pays $5 million to settle an outdated record-keeping practice complaint with SEC,Under Armour,irrelevant
"Piper Sandler trims FedEx to equal weight, cites macro headwinds",FedEx,irrelevant
"Bloomberg: Aflac in early discussions about a joint venture, though talks are preliminary",Aflac,irrelevant
Procter & Gamble updates fingerprint login to its website,Procter & Gamble,irrelevant
Coca-Cola delivery driver faces criminal charges unrelated to employment in Miami,Coca-Cola,irrelevant
Boeing rolls out a progress tracker to its streaming platform,Boeing,irrelevant
Honeywell CEO says the labor market is moving in the right direction but more work remains,Honeywell,irrelevant
Allstate delivery driver arrested for allegedly cashing fraudulent checks in Dallas,Allstate,irrelevant
Caterpillar faces class-action lawsuit over alleged racial discrimination among warehouse workers,Caterpillar,irrelevant
Tyson Foods retail associate suspended following investigation into personal conduct in Chicago,Tyson Foods,irrelevant
Costco shares outperforms the broader market amid broader market selloff,Costco,irrelevant
Nike pulls advertising from streaming service following content moderation controversy,Nike,irrelevant
Protests outside Walmart headquarters over unrelated political issue,Walmart,irrelevant
"Stellantis Q1: revenue in line, margins disappoint, guidance cut",Stellantis,relevant
Mastercard unveils three-year plan to cut costs by $1.2 billion,Mastercard,relevant
Group of former AbbVie warehouse workers alleges pay discrimination in federal class-action,AbbVie,irrelevant
"Baird downgrades Johnson & Johnson to equal weight, sees limited upside from current levels",Johnson & Johnson,irrelevant
Mondelez divests snack foods division in $3.0 billion deal as part of strategic review,Mondelez,relevant
Mastercard pulls advertising from video sharing platform following controversial comments online,Mastercard,irrelevant
Kimberly-Clark agrees to sell oral care business for $1.2 billion to private equity firm,Kimberly-Clark,relevant
Save big on ExxonMobil smartphones this Cyber Monday — here is how,ExxonMobil,irrelevant
Bank of America chief operating officer says cryptocurrency regulation will shape business strategy for years to come,Bank of America,irrelevant
"Ford reaches tentative contract deal with union representing 2,000 workers",Ford,relevant
Ralph Lauren factory worker arrested after incident caught on security camera in New York,Ralph Lauren,irrelevant
Yum Brands updates a redesigned home screen to its loyalty app,Yum Brands,irrelevant
ExxonMobil faces pregnancy discrimination lawsuit filed by former executive,ExxonMobil,irrelevant
Target co-founder says AI regulation is more complex than most policymakers appreciate,Target,irrelevant
Netflix discloses CFPB subpoena related to market manipulation,Netflix,relevant
Allstate faces new disability discrimination lawsuit from former executive in Michigan court,Allstate,irrelevant
Former General Motors former general counsel appointed to advisory board of a fintech startup,General Motors,irrelevant
City council debates naming rights deal for stadium near Chipotle offices,Chipotle,irrelevant
Bank of America flags Target as a potential bidder that chose not to participate in note on FedEx joint venture,Target,irrelevant
"Barclays lifts Microsoft to sell, cites strong earnings visibility",Microsoft,irrelevant
Paramount Global names industry veteran as new chief executive following board review,Paramount Global,relevant
Kimberly-Clark chief executive says the federal budget is top of mind for executives across every industry,Kimberly-Clark,irrelevant
"Stifel lowers Raytheon to underperform, warns of elevated inventory",Raytheon,irrelevant
Travelers credit rating upgraded by Fitch citing rising leverage,Travelers,relevant
Dow former chief marketing officer joins a non-profit board as its new chief executive,Dow,irrelevant
3M chief executive says global trade is creating uncertainty for long-term investment decisions,3M,irrelevant
Former Mastercard software engineer files gender discrimination complaint with EEOC,Mastercard,irrelevant
Nike acquires apparel brand for $380 million to bolster apparel brand,Nike,relevant
EEOC opens investigation into Caterpillar over alleged racial harassment in termination policies,Caterpillar,irrelevant
McDonald's said to be considering a headquarters relocation in early-stage discussions,McDonald's,irrelevant
Wells Fargo introduces push notification settings to its employee portal,Wells Fargo,irrelevant
Nike shares trade lower as the S&P 500 drops — no new company news,Nike,irrelevant
American Express issues voluntary recall of insurance company product over potential safety concern,American Express,relevant
ServiceNow CEO says interest rates will have long-lasting effects on the broader economy,ServiceNow,irrelevant
ExxonMobil activist investor discloses $8.3 billion stake pushes for margin improvement,ExxonMobil,relevant
Walt Disney named to Fortune's most admired companies list for the fifth year running,Walt Disney,irrelevant
Procter & Gamble issues $3.4 billion in senior notes to fund capital expenditures,Procter & Gamble,relevant
ConocoPhillips agrees to $45 million penalty over a minor data handling violation,ConocoPhillips,irrelevant
Allstate names industry veteran as new chief executive following activist pressure,Allstate,relevant
Sources: Alphabet close to finalising acquisition of AI startup for $90.0 billion,Alphabet,relevant
Eli Lilly cuts full-year guidance citing drug pricing pressure,Eli Lilly,relevant
American Express Q3 earnings of $2.14 per share beats analyst estimates,American Express,relevant
"Uber reports 8% drop in quarterly revenue, cuts annual guidance",Uber,relevant
"Bernstein raises Warner Bros. Discovery to sell, calls valuation compelling after selloff",Warner Bros. Discovery,irrelevant
Progressive delivery driver faces criminal charges unrelated to employment in Minneapolis,Progressive,irrelevant
McDonald's announces $1.2 billion share buyback program,McDonald's,relevant
T-Mobile faces social media campaign targeting marketing to minors allegations,T-Mobile,irrelevant
Former DuPont former CFO appointed to advisory board of a hedge fund,DuPont,irrelevant
Accenture says full-year revenue will fall short of prior guidance by 11%,Accenture,relevant
Local school renamed after Verizon founder despite community debate,Verizon,irrelevant
UnitedHealth raises full-year earnings guidance following stronger-than-expected drug sales,UnitedHealth,relevant
Group of former General Electric software engineers alleges pregnancy discrimination in federal class-action,General Electric,irrelevant
Pfizer activist investor discloses $14.0 billion stake pushes for margin improvement,Pfizer,relevant
Former Northrop Grumman former general counsel named to lead a healthcare company,Northrop Grumman,irrelevant
Allstate agrees to $250 million settlement with DOJ over data privacy violations,Allstate,relevant
JPMorgan Chase to present at the Aspen Ideas Festival next month,JPMorgan Chase,irrelevant
Johnson & Johnson raises quarterly dividend 21% to $0.85 per share,Johnson & Johnson,relevant
McDonald's credit rating placed on negative watch by S&P citing progress on cost reduction,McDonald's,relevant
"Evercore ISI cuts Apple to buy, flags margin pressure ahead",Apple,irrelevant
Travelers president says immigration policy is creating uncertainty for long-term investment decisions,Travelers,irrelevant
Target acquires specialty retailer for $250 million to bolster specialty retailer,Target,relevant
PepsiCo logistics coordinator arrested for allegedly cashing fraudulent checks in Chicago,PepsiCo,irrelevant
Verizon branch teller arrested for alleged theft from delivery route in Chicago,Verizon,irrelevant
UnitedHealth recognized on Forbes' list of best employers for workplace culture,UnitedHealth,irrelevant
Stellantis ordered by CFTC to pay $180 million over misleading investors,Stellantis,relevant
Accenture faces class-action over cloud infrastructure company product defect affecting millions of users,Accenture,relevant
ServiceNow denies wrongdoing in pregnancy discrimination complaint filed by former sales representative,ServiceNow,irrelevant
"Boeing to eliminate 4,000 positions as part of $8.3 billion cost reduction plan",Boeing,relevant
"ConocoPhillips CFO announces departure, company names industry outsider as replacement",ConocoPhillips,relevant
Tyson Foods CEO says global trade requires urgent attention from elected officials,Tyson Foods,irrelevant
Why is Progressive stock falls to 52-week low today? Here is what we know,Progressive,irrelevant
"Capital One posts Q2 net income of $2.5 billion, comes in below consensus",Capital One,relevant
Starbucks human resources manager cited for personal safety violation in Detroit,Starbucks,irrelevant
Pfizer co-founder says healthcare costs is moving in the right direction but more work remains,Pfizer,irrelevant
"Needham lifts Deere & Company to underperform, sees accelerating revenue growth",Deere & Company,irrelevant
"Boeing to eliminate 5,500 positions as part of $2.5 billion cost reduction plan",Boeing,relevant
"Starbucks divestiture seen as competitive threat to Deere & Company, analyst says",Deere & Company,irrelevant
Accenture sales representative arrested after incident caught on security camera in Atlanta,Accenture,irrelevant
Procter & Gamble pulls advertising from streaming service following controversial comments online,Procter & Gamble,irrelevant
Alphabet CFO says energy policy demands a thoughtful policy response from legislators,Alphabet,irrelevant
Aflac logistics coordinator arrested in connection with unrelated drug charges in New York,Aflac,irrelevant
Chevron loses downstream refining unit contract to rival in blow to revenue outlook,Chevron,relevant
"Evercore ISI cuts Lockheed Martin to hold, says near-term catalysts are limited",Lockheed Martin,irrelevant
Warner Bros. Discovery Q2 earnings of $5.37 per share tops expectations,Warner Bros. Discovery,relevant
FedEx rolls out in-app chat support to its retail website,FedEx,irrelevant
Tesla chief executive says the labor market is something all companies need to take seriously,Tesla,irrelevant
Aflac launches two-factor authentication prompts to its cloud console,Aflac,irrelevant
Berkshire Hathaway adds an updated help center to its website,Berkshire Hathaway,irrelevant
Former Johnson & Johnson customer service representative files age discrimination complaint with EEOC,Johnson & Johnson,irrelevant
Raytheon CFO says tax policy is moving in the right direction but more work remains,Raytheon,irrelevant
Yum Brands Q2 operating income surges 24% on strong organic volume growth,Yum Brands,relevant
AT&T store manager arrested for allegedly cashing fraudulent checks in New York,AT&T,irrelevant
"Mondelez sees Q2 revenue of $0.8 billion, below prior guidance and analyst consensus",Mondelez,relevant
General Electric raises full-year guidance after Q1 beat on strong construction equipment demand,General Electric,relevant
Former Chevron software engineer files racial harassment complaint with EEOC,Chevron,irrelevant
Wells Fargo CFO scheduled to appear at the Allen & Company Sun Valley conference investor day,Wells Fargo,irrelevant
AT&T Q1 earnings of $3.10 per share falls short of expectations,AT&T,relevant
Wells Fargo logistics coordinator arrested in connection with unrelated drug charges in Atlanta,Wells Fargo,irrelevant
Capital One loses retail brokerage unit contract to rival in blow to revenue outlook,Capital One,relevant
Mother's Day: the best Under Armour software subscriptions deals you can get right now,Under Armour,irrelevant
Chipotle chief executive says banking regulation is something all companies need to take seriously,Chipotle,irrelevant
Starbucks cuts full-year guidance citing traffic softness amid consumer trade-down,Starbucks,relevant
Charles Schwab faces disability discrimination lawsuit filed by former sales representative,Charles Schwab,irrelevant
Wells Fargo raises quarterly dividend 24% to $1.38 per share,Wells Fargo,relevant
Goldman Sachs branch teller arrested for allegedly cashing fraudulent checks in New York,Goldman Sachs,irrelevant
Report: T-Mobile exploring a buyout of a rival — company declines to comment,T-Mobile,irrelevant
Deere & Company reaches $45 million agreement with local labor board to resolve an advertising standards complaint,Deere & Company,irrelevant
"Barclays downgrades Republic Services to outperform, sees limited upside from current levels",Republic Services,irrelevant
PepsiCo ranks among Barron's most sustainable companies for the fifth year running,PepsiCo,irrelevant
Meta to pay $8 million in connection with a product labeling issue investigation,Meta,irrelevant
Amazon chief operating officer says inflation demands a thoughtful policy response from legislators,Amazon,irrelevant
General Electric financial advisor arrested for allegedly cashing fraudulent checks in Chicago,General Electric,irrelevant
"UPS reports 15% drop in quarterly revenue, cuts annual guidance",UPS,relevant
American Express chief executive says the federal budget is top of mind for executives across every industry,American Express,irrelevant
Report: CSX considering a headquarters relocation — company declines to comment,CSX,irrelevant
Dollar General fined $25 million by EEOC over a minor fair lending violation,Dollar General,irrelevant
"Barclays raises Dow to sell, says near-term headwinds are priced in",Dow,irrelevant
ServiceNow to acquire AI startup for $5.1 billion in all-stock deal,ServiceNow,relevant
Target settles pregnancy discrimination complaint filed by group of warehouse workers for undisclosed amount,Target,irrelevant
How JPMorgan Chase's restructuring could reshape the competitive landscape for ServiceNow,ServiceNow,irrelevant
JPMorgan Chase Q4 gross margin widens to 37.1% on strong card spending volumes,JPMorgan Chase,relevant
Mastercard snaps up payments company for $500 million in bolt-on acquisition,Mastercard,relevant
Alphabet district manager faces restraining order filed by former coworker in Charlotte,Alphabet,irrelevant
DuPont faces criticism from advocacy groups over environmental claims on packaging,DuPont,irrelevant
Dow faces class-action lawsuit over alleged racial harassment among district managers,Dow,irrelevant
"Bloomberg: Netflix considering selling its media division, though talks are preliminary",Netflix,irrelevant
New IDC data shows American Express gaining share in ride-sharing,American Express,irrelevant
Dow CEO to deliver keynote at the Milken Institute Global Conference,Dow,irrelevant
Apple refreshes accessibility improvements to its checkout flow,Apple,irrelevant
"Needham trims Nike to neutral, lowers price target on earnings miss",Nike,irrelevant
Berkshire Hathaway issues $14.0 billion in senior notes to fund capital expenditures,Berkshire Hathaway,relevant
"Merck to eliminate 5,500 positions as part of $14.0 billion cost reduction plan",Merck,relevant
"Alphabet CEO departs following board review, board promotes division head to top role",Alphabet,relevant
"AbbVie CFO announces resignation, company names former divisional CFO as replacement",AbbVie,relevant
Former Norfolk Southern former general counsel appointed to advisory board of a healthcare company,Norfolk Southern,irrelevant
"Sources: Paramount Global in early discussions about a joint venture — no deal imminent, sources say",Paramount Global,irrelevant
"Evercore ISI downgrades Verizon to neutral, flags deteriorating pricing power",Verizon,irrelevant
Group of former AT&T store managers alleges gender discrimination in federal class-action,AT&T,irrelevant
"Nvidia lowers Q2 outlook, sends shares sharply lower in after-hours trading",Nvidia,relevant
Former Caterpillar retail associate files pay discrimination complaint with EEOC,Caterpillar,irrelevant
Nike branch teller charged with running fraud scheme at local branch in Phoenix,Nike,irrelevant
JPMorgan Chase CEO says the federal budget is a concern shared by businesses of all sizes,JPMorgan Chase,irrelevant
McDonald's announces $2.1 billion share buyback program,McDonald's,relevant
Rumour: Could Aflac be considering selling its media division? Analysts are watching,Aflac,irrelevant
CSX former CEO departs to become partner at a healthcare company,CSX,irrelevant
Merck sued by group of loan officers alleging age discrimination in hiring practices,Merck,irrelevant
DuPont former president departs to become partner at a private equity firm,DuPont,irrelevant
T-Mobile pulls advertising from streaming service following offensive social media post,T-Mobile,irrelevant
Goldman Sachs Q4 operating income surges 15% on record investment banking fees,Goldman Sachs,relevant
"FedEx announces 3,000 job cuts in consumer unit amid strategic review",FedEx,relevant
Colgate-Palmolive launches spending insights tab to its customer portal,Colgate-Palmolive,irrelevant
"Halliburton announces 1,200 job cuts in retail operations amid business reorganization",Halliburton,relevant
"Jefferies boosts Mastercard to outperform, calls recent dip a buying opportunity",Mastercard,irrelevant
"Barclays downgrades CVS Health to overweight, flags execution risks",CVS Health,irrelevant
"General Motors delivers record number of vehicles in Q1, surpasses consensus",General Motors,relevant
Aflac ordered by EPA to pay $180 million over market manipulation,Aflac,relevant
Capital One agrees to sell consumer banking arm for $1.2 billion to strategic acquirer,Capital One,relevant
General Motors ends partnership with sports personality after controversial comments online,General Motors,irrelevant
Colgate-Palmolive settles disability discrimination complaint filed by group of delivery drivers for undisclosed amount,Colgate-Palmolive,irrelevant
"UBS trims Warner Bros. Discovery to sell, lowers estimates on weak guidance",Warner Bros. Discovery,irrelevant
Is Mondelez's latest running shoes worth buying? A consumer review,Mondelez,irrelevant
Is Republic Services's latest sneakers worth buying? A consumer review,Republic Services,irrelevant
FDA orders Booking Holdings to halt production at facility over contamination findings,Booking Holdings,relevant
"Barclays raises IBM to neutral, sees accelerating revenue growth",IBM,irrelevant
"Deutsche Bank raises Airbnb to equal weight, sees margin recovery underway",Airbnb,irrelevant
Berkshire Hathaway sales representative faces personal lawsuit unrelated to company activities in Houston,Berkshire Hathaway,irrelevant
Progressive names industry veteran as new chief executive following CEO transition,Progressive,relevant
Merck chairman says supply chain resilience presents both risks and opportunities for the private sector,Merck,irrelevant
Deere & Company employees protest termination of diversity programs at headquarters,Deere & Company,irrelevant
Verizon sued by former employee alleging sexual harassment in pay practices,Verizon,irrelevant
Berkshire Hathaway names longtime board member as new chief executive following activist pressure,Berkshire Hathaway,relevant
Visa raises quarterly dividend 21% to $0.62 per share,Visa,relevant
Report: Under Armour in early discussions about a joint venture — company declines to comment,Under Armour,irrelevant
Uber executive to speak at the World Economic Forum in Davos on the global supply chain,Uber,irrelevant
Nike drops sponsorship of annual awards show following social media backlash,Nike,irrelevant
Dow executive to speak at the Goldman Sachs Communacopia conference on the future of AI,Dow,irrelevant
Republic Services district manager arrested in connection with unrelated drug charges in Detroit,Republic Services,irrelevant
Visa to acquire insurance company for $14.0 billion in stock-and-cash transaction,Visa,relevant
Allstate sued by group of retail workers alleging disability discrimination in performance reviews,Allstate,irrelevant
"Travelers lowers Q3 outlook, sends shares sharply lower in after-hours trading",Travelers,relevant
Northrop Grumman Q4 gross margin widens to 13.2% on strong government defense spending,Northrop Grumman,relevant
Starbucks agrees to $8 million penalty over a disclosure timing issue,Starbucks,irrelevant
Merck agrees to sell insurance unit for $14.0 billion to private equity firm,Merck,relevant
Booking Holdings customer service representative arrested after incident caught on security camera in Boston,Booking Holdings,irrelevant
Republic Services software engineer faces restraining order filed by former coworker in Miami,Republic Services,irrelevant
Walmart recognized on Barron's most sustainable companies for workplace culture,Walmart,irrelevant
Kimberly-Clark executive to speak at the Milken Institute Global Conference on the global supply chain,Kimberly-Clark,irrelevant
Warner Bros. Discovery chief operating officer says consumer spending is something all companies need to take seriously,Warner Bros. Discovery,irrelevant
Progressive cuts full-year guidance citing rising claims severity,Progressive,relevant
Charles Schwab CEO joins panel discussion at the Allen & Company Sun Valley conference on innovation and growth,Charles Schwab,irrelevant
Under Armour cuts full-year guidance citing volume declines from price elasticity,Under Armour,relevant
Nvidia data center revenue surges 42% on record AI chip demand,Nvidia,relevant
"Bank of America boosts IBM to overweight, cites strong earnings visibility",IBM,irrelevant
Is Bank of America's latest running shoes worth buying? A consumer review,Bank of America,irrelevant
Comcast blows past Q4 estimates on strong wireless postpaid net adds,Comcast,relevant
Meta to acquire enterprise software company for $3.4 billion in all-stock deal,Meta,relevant
Nvidia chairman says the housing market demands a thoughtful policy response from legislators,Nvidia,irrelevant
Meta employees sign open letter opposing termination of diversity programs,Meta,irrelevant
Mastercard acquires fintech startup for $750 million to bolster fintech startup,Mastercard,relevant
Booking Holdings faces social media campaign targeting environmental claims on packaging,Booking Holdings,irrelevant
"Citi boosts Dollar General to neutral, sees margin recovery underway",Dollar General,irrelevant
CVS Health in deal to take over clinical-stage drug developer for $2.5 billion,CVS Health,relevant
Merck to acquire biotech startup for $3.4 billion in all-stock deal,Merck,relevant
CSX raises per-shipment surcharge citing fuel and labor cost pressures,CSX,relevant
"Chipotle lowers Q4 outlook, sends shares sharply lower in after-hours trading",Chipotle,relevant
Paramount Global launches a new password manager to its cloud console,Paramount Global,irrelevant
General Electric settles disability discrimination complaint filed by former employee for undisclosed amount,General Electric,irrelevant
Booking Holdings cuts full-year guidance citing weakening travel demand,Booking Holdings,relevant
"Jefferies raises Starbucks to overweight, cites market share gains",Starbucks,irrelevant
Raytheon CFO says immigration policy is the biggest challenge facing businesses today,Raytheon,irrelevant
Kraft Heinz adds in-app chat support to its enterprise dashboard,Kraft Heinz,irrelevant
Accenture CEO named to Fortune's most admired companies list,Accenture,irrelevant
"Bloomberg: Booking Holdings considering selling its media division, though talks are preliminary",Booking Holdings,irrelevant
Walmart employees protest return-to-office mandate at headquarters,Walmart,irrelevant
Accenture cited as top player in semiconductor manufacturing by Gartner industry survey,Accenture,irrelevant
Dow CFO says the housing market demands a thoughtful policy response from legislators,Dow,irrelevant
EEOC opens investigation into Dollar General over alleged racial harassment in hiring practices,Dollar General,irrelevant
Booking Holdings earns top score on Fast Company's most innovative companies,Booking Holdings,irrelevant
Yum Brands launches spending insights tab to its loyalty app,Yum Brands,irrelevant
New Goldman Sachs Research data shows Accenture gaining share in smartphone sales,Accenture,irrelevant
IDC estimates Visa controls 52% of the digital advertising market,Visa,irrelevant
PepsiCo Q2 gross margin widens to 29.8% on strong same-store sales growth,PepsiCo,relevant
Honeywell faces national origin discrimination lawsuit filed by former sales representative,Honeywell,irrelevant
"Bank of America upgrades McDonald's to hold, calls recent dip a buying opportunity",McDonald's,irrelevant
Kimberly-Clark CFO says the housing market cannot be solved by the private sector alone,Kimberly-Clark,irrelevant
"Mizuho raises General Motors to hold, sees accelerating revenue growth",General Motors,irrelevant
AbbVie Q3 earnings of $1.87 per share surpasses consensus,AbbVie,relevant
Goldman Sachs Research estimates Comcast controls 44% of the smartphone sales market,Comcast,irrelevant
Wells Fargo said to be evaluating strategic alternatives in early-stage discussions,Wells Fargo,irrelevant
Tesla employees sign open letter opposing changes to remote work flexibility,Tesla,irrelevant
FedEx shares trade lower as investors rotate into defensives — no new company news,FedEx,irrelevant
Netflix chairman says inflation presents both risks and opportunities for the private sector,Netflix,irrelevant
Chevron lays out roadmap to 27% operating margin by 2027,Chevron,relevant
"Piper Sandler boosts Lowe's to equal weight, points to improving competitive position",Lowe's,irrelevant
FedEx to present at the MIT Sloan Management Conference next month,FedEx,irrelevant
"ConocoPhillips to eliminate 2,000 positions as part of $5.1 billion cost reduction plan",ConocoPhillips,relevant
Consumer guide: Tyson Foods airline miles cards ranked and reviewed,Tyson Foods,irrelevant
BlackRock human resources manager cited for personal safety violation in Charlotte,BlackRock,irrelevant
3M employees protest new attendance tracking system at headquarters,3M,irrelevant
Emerson Electric divests safety products division in $1.2 billion deal as part of strategic review,Emerson Electric,relevant
"Target turns in a Q3 quarter investors had feared, stock drops",Target,relevant
"Citi trims Eli Lilly to overweight, says valuation stretched after recent rally",Eli Lilly,irrelevant
IBM faces $22.0 billion fine from state attorneys general over environmental violations,IBM,relevant
Deere & Company issues $1.2 billion in senior notes to refinance maturing debt,Deere & Company,relevant
Wells Fargo CEO says cryptocurrency regulation cannot be solved by the private sector alone,Wells Fargo,irrelevant
Former Procter & Gamble financial advisor files national origin discrimination complaint with EEOC,Procter & Gamble,irrelevant
Capital One ordered by state attorneys general to pay $215 million over consumer protection violations,Capital One,relevant
Raytheon store manager charged with assault following workplace altercation in Houston,Raytheon,irrelevant
General Motors CEO to deliver keynote at the Aspen Ideas Festival,General Motors,irrelevant
AT&T branch teller faces criminal charges unrelated to employment in Denver,AT&T,irrelevant
IBM Q4 miss: revenue and earnings both fall short as softer consumer device demand,IBM,relevant
Rumour: Could Waste Management be exploring a merger? Analysts are watching,Waste Management,irrelevant
Charles Schwab faces class-action lawsuit over alleged pregnancy discrimination among human resources managers,Charles Schwab,irrelevant
Microsoft data center revenue surges 27% on record AI chip demand,Microsoft,relevant
"Piper Sandler boosts Lockheed Martin to hold, sees accelerating revenue growth",Lockheed Martin,irrelevant
Walt Disney faces criticism from advocacy groups over marketing to minors allegations,Walt Disney,irrelevant
McDonald's fined $10 million by state attorneys general over a customer privacy complaint,McDonald's,irrelevant
Dollar General workers vote to ratify new labor agreement at key distribution center,Dollar General,relevant
Microsoft workers circulate petition calling for improved workplace safety standards,Microsoft,irrelevant
Dow faces consumer boycott over executive compensation disclosures,Dow,irrelevant
Bank of America president says interest rates requires urgent attention from elected officials,Bank of America,irrelevant
Oracle blows past Q4 estimates on AI-driven demand acceleration,Oracle,relevant
"Nike divestiture seen as competitive threat to Costco, analyst says",Costco,irrelevant
Mastercard raises quarterly dividend 7% to $1.25 per share,Mastercard,relevant
Kraft Heinz pulls advertising from streaming service following community backlash,Kraft Heinz,irrelevant
"Airbnb to eliminate 12,000 positions as part of $1.2 billion cost reduction plan",Airbnb,relevant
Is Norfolk Southern's latest smartphones worth buying? A consumer review,Norfolk Southern,irrelevant
ServiceNow shares extends its losing streak amid risk-off sentiment,ServiceNow,irrelevant
"Home Depot announces 10,000 job cuts in R&D division amid cost reduction program",Home Depot,relevant
JPMorgan flags Halliburton among the companies most affected by the deal in note on Apple divestiture,Halliburton,irrelevant
Apple tops the Street on both revenue and earnings in Q2,Apple,relevant
"Paramount Global reports Q1 revenue of $3.0 billion, falls short of expectations on improved advertising revenue",Paramount Global,relevant
Oracle customer service representative charged with embezzling from customer accounts in New York,Oracle,irrelevant
the holiday season: the best Progressive televisions deals you can get right now,Progressive,irrelevant
Ralph Lauren drops sponsorship of annual awards show following social media backlash,Ralph Lauren,irrelevant
"Raytheon turns in a Q4 quarter investors had feared, stock drops",Raytheon,relevant
Procter & Gamble unveils three-year plan to cut costs by $1.8 billion,Procter & Gamble,relevant
Verizon vs competitors: which software subscriptions is right for you,Verizon,irrelevant
Wells Fargo branch teller arrested after incident caught on security camera in Atlanta,Wells Fargo,irrelevant
Bank of America raises quarterly dividend 7% to $0.45 per share,Bank of America,relevant
"RBC Capital Markets cuts Target to sell, lowers price target on earnings miss",Target,irrelevant
Yum Brands logistics coordinator arrested after incident caught on security camera in Philadelphia,Yum Brands,irrelevant
"Deere & Company announces 10,000 corporate layoffs, shares fall on restructuring news",Deere & Company,relevant
Ford confirms receipt of EPA civil investigative demand over market manipulation,Ford,relevant
BlackRock credit rating downgraded by S&P citing diversified revenue mix,BlackRock,relevant
Allstate employees protest return-to-office mandate at headquarters,Allstate,irrelevant
Target retail associate suspended following investigation into personal conduct in New York,Target,irrelevant
ExxonMobil software engineer sued by customer over personal conduct during shift in Atlanta,ExxonMobil,irrelevant
"Airbnb reports 21% drop in quarterly revenue, cuts annual guidance",Airbnb,relevant
"CVS Health receives FDA approval for new medical device company treatment, shares rise",CVS Health,relevant
"ServiceNow to eliminate 4,000 positions as part of $22.0 billion cost reduction plan",ServiceNow,relevant
AbbVie denies wrongdoing in sexual harassment complaint filed by group of retail workers,AbbVie,irrelevant
Charles Schwab rolls out a new rewards tracker to its streaming platform,Charles Schwab,irrelevant
"Pfizer reaches new four-year labor agreement with union representing 5,500 workers",Pfizer,relevant
"Piper Sandler boosts American Express to buy, sees accelerating revenue growth",American Express,irrelevant
Aflac human resources manager charged with harassment following complaint by coworker in Atlanta,Aflac,irrelevant
FedEx employees protest new attendance tracking system at headquarters,FedEx,irrelevant
Jefferies flags Starbucks as a likely target in a broader sector consolidation in note on FedEx merger,Starbucks,irrelevant
"Needham raises Capital One to hold, cites market share gains",Capital One,irrelevant
Visa settles gender discrimination complaint filed by group of delivery drivers for undisclosed amount,Visa,irrelevant
Dow warns Q2 results will miss estimates due to weaker-than-expected pricing,Dow,relevant
Northrop Grumman store manager arrested for alleged theft from delivery route in Boston,Northrop Grumman,irrelevant
Accenture credit rating downgraded by Fitch citing strong capital position,Accenture,relevant
Wells Fargo suspends quarterly dividend amid cash flow concerns,Wells Fargo,relevant
Charles Schwab ranks among Time's 100 most influential companies for the first time,Charles Schwab,irrelevant
Amazon financial advisor arrested after incident caught on security camera in Charlotte,Amazon,irrelevant
IBM blows past Q1 estimates on robust enterprise software renewals,IBM,relevant
Emerson Electric human resources manager arrested in connection with unrelated drug charges in Denver,Emerson Electric,irrelevant
TD Cowen flags Colgate-Palmolive as a potential bidder that chose not to participate in note on Starbucks merger,Colgate-Palmolive,irrelevant
Report: Lockheed Martin holds 27% market share in ride-sharing per Nielsen,Lockheed Martin,irrelevant
Halliburton CEO to deliver keynote at the Goldman Sachs Communacopia conference,Halliburton,irrelevant
Nvidia former president leaves to join a venture capital fund in senior role,Nvidia,irrelevant
Comcast denies wrongdoing in national origin discrimination complaint filed by group of warehouse workers,Comcast,irrelevant
Group of former General Motors store managers alleges racial discrimination in federal class-action,General Motors,irrelevant
Microsoft announces plan to separate into two independent publicly traded companies,Microsoft,relevant
General Motors vs competitors: which headphones is right for you,General Motors,irrelevant
"RBC Capital Markets downgrades American Express to sell, cites macro headwinds",American Express,irrelevant
IBM Q4 operating income surges 24% on strong advertising revenue,IBM,relevant
Ralph Lauren co-founder says energy policy is more complex than most policymakers appreciate,Ralph Lauren,irrelevant
McDonald's factory worker cited for personal safety violation in Seattle,McDonald's,irrelevant
Tyson Foods releases dark mode to its developer portal,Tyson Foods,irrelevant
Colgate-Palmolive credit rating upgraded by DBRS citing deteriorating free cash flow,Colgate-Palmolive,relevant
FedEx chief executive says the federal budget cannot be solved by the private sector alone,FedEx,irrelevant
Microsoft announces $90.0 billion share buyback program,Microsoft,relevant
Best Chevron deals this Black Friday: our top picks,Chevron,irrelevant
Republic Services president says data privacy law is something all companies need to take seriously,Republic Services,irrelevant
Caterpillar to acquire industrial software company for $1.2 billion in all-stock deal,Caterpillar,relevant
"Merck announces 4,000 corporate layoffs, shares fall on restructuring news",Merck,relevant
"Comedian references Visa in viral stand-up set, clip goes viral",Visa,irrelevant
"Evercore ISI trims Caterpillar to sell, cites macro headwinds",Caterpillar,irrelevant
Paramount Global agrees to sell film studio for $8.3 billion to private equity firm,Paramount Global,relevant
Former Kraft Heinz former chief revenue officer appointed to advisory board of a rival startup,Kraft Heinz,irrelevant
ConocoPhillips rolls out a redesigned home screen to its developer portal,ConocoPhillips,irrelevant
Booking Holdings store manager charged with harassment following complaint by coworker in Minneapolis,Booking Holdings,irrelevant
"Waste Management and industry peer confirm merger talks, deal could be worth $5.1 billion",Waste Management,relevant
JPMorgan Chase shares trade lower as the S&P 500 drops — no new company news,JPMorgan Chase,irrelevant
"Alphabet to eliminate 12,000 positions as part of $14.0 billion cost reduction plan",Alphabet,relevant
Tesla chief operating officer says supply chain resilience cannot be solved by the private sector alone,Tesla,irrelevant
Dollar General raises full-year guidance after Q1 beat on strong comparable store sales growth,Dollar General,relevant
Progressive sales representative charged with harassment following complaint by coworker in Boston,Progressive,irrelevant
Judge orders American Express to pay $380 million in damages over consumer protection violations,American Express,relevant
IDC ranks Morgan Stanley as the leading provider in enterprise software,Morgan Stanley,irrelevant
Booking Holdings CFO says inflation is moving in the right direction but more work remains,Booking Holdings,irrelevant
American Express faces class-action lawsuit over alleged religious discrimination among retail associates,American Express,irrelevant
Republic Services loses core business contract to rival in blow to revenue outlook,Republic Services,relevant
Yum Brands agrees to sell snack foods division for $1.2 billion to strategic acquirer,Yum Brands,relevant
"Allstate posts Q1 net income of $2.5 billion, comes in below consensus",Allstate,relevant
Chipotle district manager charged with running fraud scheme at local branch in Los Angeles,Chipotle,irrelevant
ConocoPhillips software engineer charged with assault following workplace altercation in Denver,ConocoPhillips,irrelevant
CSX CFO says the labor market is a concern shared by businesses of all sizes,CSX,irrelevant
"Target announces 3,000 job cuts in R&D division amid cost reduction program",Target,relevant
New Goldman Sachs Research data shows Eli Lilly gaining share in enterprise software,Eli Lilly,irrelevant
Group of former Caterpillar district managers alleges sexual harassment in federal class-action,Caterpillar,irrelevant
"Microsoft CEO departs following board review, board launches external search",Microsoft,relevant
Waste Management chief executive says deficit spending is more complex than most policymakers appreciate,Waste Management,irrelevant
"Mizuho boosts Chipotle to buy, cites strong earnings visibility",Chipotle,irrelevant
New eMarketer data shows T-Mobile gaining share in ride-sharing,T-Mobile,irrelevant
Paramount Global denies wrongdoing in religious discrimination complaint filed by former sales representative,Paramount Global,irrelevant
Travelers introduces a new password manager to its developer portal,Travelers,irrelevant
Consumer guide: ExxonMobil headphones ranked and reviewed,ExxonMobil,irrelevant
Northrop Grumman CEO joins panel discussion at the World Economic Forum in Davos on workforce transformation,Northrop Grumman,irrelevant
UnitedHealth faces class-action lawsuit over alleged pregnancy discrimination among financial advisors,UnitedHealth,irrelevant
"Wells Fargo announces 18,000 job cuts in investment banking amid strategic review",Wells Fargo,relevant
Costco Q2 operating income surges 21% on strong seasonal demand,Costco,relevant
Nike employees stage walkout over return-to-office mandate,Nike,irrelevant
Amazon to acquire enterprise software company for $22.0 billion in all-stock deal,Amazon,relevant
"Kimberly-Clark posts Q1 net income of $5.1 billion, tops expectations",Kimberly-Clark,relevant
Raytheon enables new color themes to its website,Raytheon,irrelevant
UPS enables enhanced map view to its streaming platform,UPS,irrelevant
Group of former Comcast customer service representatives alleges pay discrimination in federal class-action,Comcast,irrelevant
Costco recognized on Forbes' list of best employers for workplace culture,Costco,irrelevant
Analyst says Amazon acquisition positions the company ahead of Microsoft,Microsoft,irrelevant
"FedEx announces 3,000 corporate layoffs, shares fall on restructuring news",FedEx,relevant
Honeywell refreshes a new rewards tracker to its retail website,Honeywell,irrelevant
Home Depot sued by former engineer alleging religious discrimination in scheduling practices,Home Depot,irrelevant
BlackRock acquires payments company for $145 million to bolster payments company,BlackRock,relevant
"Visa issues profit warning, slashes guidance citing elevated credit card delinquencies",Visa,relevant
ExxonMobil cuts full-year guidance citing weak refining margins,ExxonMobil,relevant
Charles Schwab CFO scheduled to appear at the MIT Sloan Management Conference investor day,Charles Schwab,irrelevant
EEOC opens investigation into Airbnb over alleged disability discrimination in workplace culture,Airbnb,irrelevant
Honeywell shares gives back recent gains following weaker-than-expected jobs data,Honeywell,irrelevant
"Baird raises Tesla to overweight, cites strong earnings visibility",Tesla,irrelevant
Colgate-Palmolive Q3 operating income surges 15% on strong international emerging market sales,Colgate-Palmolive,relevant
"Google's restructuring deal raises questions about Northrop Grumman's position, per RBC Capital Markets",Northrop Grumman,irrelevant
Pfizer enables an updated help center to its cloud console,Pfizer,irrelevant
FedEx faces criticism from advocacy groups over overseas manufacturing practices,FedEx,irrelevant
Tyson Foods to pay $18 million in connection with a customer privacy complaint investigation,Tyson Foods,irrelevant
Tesla CEO joins panel discussion at the MIT Sloan Management Conference on workforce transformation,Tesla,irrelevant
ConocoPhillips enables improved search filters to its developer portal,ConocoPhillips,irrelevant
Oracle rolls out improved search filters to its employee portal,Oracle,irrelevant
Kimberly-Clark president says cryptocurrency regulation presents both risks and opportunities for the private sector,Kimberly-Clark,irrelevant
Warner Bros. Discovery reaches $35 million agreement with EPA to resolve a minor fair lending violation,Warner Bros. Discovery,irrelevant
McDonald's says full-year revenue will fall short of prior guidance by 14%,McDonald's,relevant
Travelers CFO scheduled to appear at the MIT Sloan Management Conference investor day,Travelers,irrelevant
Amazon stock slips as the S&P 500 drops,Amazon,irrelevant
Bank of America chief operating officer says cryptocurrency regulation is creating uncertainty for long-term investment decisions,Bank of America,irrelevant
Former Raytheon former CFO appointed to advisory board of a government advisory role,Raytheon,irrelevant
FedEx credit rating upgraded by Moody's citing rising leverage,FedEx,relevant
"General Motors to eliminate 18,000 positions as part of $3.0 billion cost reduction plan",General Motors,relevant
Waste Management co-founder says immigration policy requires urgent attention from elected officials,Waste Management,irrelevant
Judge orders Netflix to pay $500 million in damages over price-fixing conspiracy,Netflix,relevant
Goldman Sachs faces new pay discrimination lawsuit from former financial advisor in New Jersey court,Goldman Sachs,irrelevant
"Allstate CFO announces retirement, company names Wall Street veteran as replacement",Allstate,relevant
Mastercard cuts full-year guidance citing rising loan loss provisions,Mastercard,relevant
Charles Schwab agrees to sell wealth management division for $3.4 billion to private equity firm,Charles Schwab,relevant
"IBM lowers Q1 outlook, sends shares sharply lower in after-hours trading",IBM,relevant
Mondelez marketing manager charged with assault following workplace altercation in Boston,Mondelez,irrelevant
Yum Brands agrees to $250 million settlement with CFPB over mortgage servicing failures,Yum Brands,relevant
Dow faces social media campaign targeting overseas manufacturing practices,Dow,irrelevant
Report: Wells Fargo holds 63% market share in enterprise software per IDC,Wells Fargo,irrelevant
Airbnb updates simplified navigation menu to its streaming platform,Airbnb,irrelevant
"Jefferies downgrades Caterpillar to hold, lowers estimates on weak guidance",Caterpillar,irrelevant
CVS Health faces criticism from advocacy groups over ingredient sourcing policies,CVS Health,irrelevant
Starbucks pays $40 million to settle a customer privacy complaint complaint with SEC,Starbucks,irrelevant
AT&T faces criticism from advocacy groups over price increase practices,AT&T,irrelevant
PepsiCo faces social media campaign targeting environmental claims on packaging,PepsiCo,irrelevant
"Citigroup posts Q3 net income of $3.4 billion, misses analyst estimates",Citigroup,relevant
AbbVie co-founder says geopolitical tensions cannot be solved by the private sector alone,AbbVie,irrelevant
Tourist spots near Comcast campus rank among best in the area,Comcast,irrelevant
Honeywell to merge with automation startup in $8.3 billion combination,Honeywell,relevant
Kraft Heinz CFO says supply chain resilience is more complex than most policymakers appreciate,Kraft Heinz,irrelevant
ServiceNow named to Glassdoor's top-rated employers for the first time,ServiceNow,irrelevant
Group of former McDonald's factory workers alleges gender discrimination in federal class-action,McDonald's,irrelevant
"Raytheon announces 3,000 corporate layoffs, shares fall on restructuring news",Raytheon,relevant
Why is JPMorgan Chase stock rises to 52-week high today? Here is what we know,JPMorgan Chase,irrelevant
General Electric rolls out fingerprint login to its loyalty app,General Electric,irrelevant
CSX warns Q4 results will miss estimates due to higher fuel costs,CSX,relevant
Pfizer agrees to sell medical devices unit for $1.8 billion to private equity firm,Pfizer,relevant
JPMorgan Chase employees stage walkout over termination of diversity programs,JPMorgan Chase,irrelevant
FDA orders JPMorgan Chase to halt production at facility over contamination findings,JPMorgan Chase,relevant
Warner Bros. Discovery employees protest new attendance tracking system at headquarters,Warner Bros. Discovery,irrelevant
FedEx ends partnership with social media influencer after community backlash,FedEx,irrelevant
Airbnb former CEO departs to become partner at a private equity firm,Airbnb,irrelevant
Johnson & Johnson fined $8 million by state attorneys general over a customer privacy complaint,Johnson & Johnson,irrelevant
"Deutsche Bank raises Allstate to equal weight, sees margin recovery underway",Allstate,irrelevant
Kraft Heinz agrees to sell snack foods division for $3.0 billion to strategic acquirer,Kraft Heinz,relevant
Charles Schwab former CFO joins a venture capital fund as its new chief executive,Charles Schwab,irrelevant
CSX ranks among Glassdoor's top-rated employers for the third consecutive year,CSX,irrelevant
Walmart announces $5.1 billion share buyback program,Walmart,relevant
Goldman Sachs co-founder says inflation is the biggest challenge facing businesses today,Goldman Sachs,irrelevant
McDonald's discloses FTC subpoena related to mortgage servicing failures,McDonald's,relevant
"Charles Schwab reports 18% drop in quarterly revenue, cuts annual guidance",Charles Schwab,relevant
"Yum Brands announces 5,500 corporate layoffs, shares fall on restructuring news",Yum Brands,relevant
Airbnb stock rises to 52-week high following weaker-than-expected jobs data,Airbnb,irrelevant
Oracle cuts full-year guidance citing slowing cloud growth,Oracle,relevant
"Travelers reports Q3 revenue of $0.8 billion, misses analyst estimates on record policy count growth",Travelers,relevant
McDonald's board approves new $3.0 billion share repurchase authorization,McDonald's,relevant
AbbVie co-founder says data privacy law presents both risks and opportunities for the private sector,AbbVie,irrelevant
Eli Lilly acquires medical device company for $650 million to bolster biotech startup,Eli Lilly,relevant
Merck workers in Charlotte rally to demand remote work flexibility,Merck,irrelevant
Warner Bros. Discovery announces $8.3 billion share buyback program,Warner Bros. Discovery,relevant
Kimberly-Clark credit rating downgraded by S&P citing strong capital position,Kimberly-Clark,relevant
General Electric agrees to sell power division for $2.5 billion to consortium of investors,General Electric,relevant
JPMorgan Chase former chief operating officer leaves to join a consulting firm in senior role,JPMorgan Chase,irrelevant
IBM CEO joins panel discussion at the Aspen Ideas Festival on workforce transformation,IBM,irrelevant
"Dow CEO steps down after record tenure, board promotes division head to top role",Dow,relevant
Halliburton drops sponsorship of music festival following social media backlash,Halliburton,irrelevant
"Walmart delivers Q2 beat, guides higher for the year",Walmart,relevant
Tourist spots near Microsoft campus rank among best in the area,Microsoft,irrelevant
McDonald's posts better-than-expected Q3 results as strong organic volume growth,McDonald's,relevant
"Apple posts Q2 net income of $90.0 billion, comes in below consensus",Apple,relevant
Walmart named to Time's 100 most influential companies for the second straight year,Walmart,irrelevant
Former Costco former chief revenue officer appointed to advisory board of a non-profit board,Costco,irrelevant
American Express pulls advertising from streaming service following employee pressure,American Express,irrelevant
General Electric faces class-action lawsuit over alleged sexual harassment among logistics coordinators,General Electric,irrelevant
Concert at Northrop Grumman Arena draws thousands despite rain,Northrop Grumman,irrelevant
FedEx activist investor discloses $3.4 billion stake pushes for margin improvement,FedEx,relevant
Amazon ends partnership with podcast host after offensive social media post,Amazon,irrelevant
"TD Cowen boosts Coca-Cola to equal weight, sees margin recovery underway",Coca-Cola,irrelevant
Allstate customer service representative faces restraining order filed by former coworker in Philadelphia,Allstate,irrelevant
Procter & Gamble chief operating officer says tax policy requires urgent attention from elected officials,Procter & Gamble,irrelevant
Former Halliburton logistics coordinator files national origin discrimination complaint with EEOC,Halliburton,irrelevant
Booking Holdings workers vote to reject company contract offer at its largest facility,Booking Holdings,relevant
"Amazon posts Q3 net income of $14.0 billion, comes in below consensus",Amazon,relevant
"Yum Brands sees Q1 revenue of $5.1 billion, below prior guidance and analyst consensus",Yum Brands,relevant
Progressive Q4 gross margin widens to 19.8% on better-than-expected catastrophe losses,Progressive,relevant
Judge orders Boeing to pay $500 million in damages over price-fixing conspiracy,Boeing,relevant
Airbnb cited as top player in electric vehicles by Nielsen industry survey,Airbnb,irrelevant
Report: General Electric exploring a merger — company declines to comment,General Electric,irrelevant
CVS Health pulls advertising from news outlet following content moderation controversy,CVS Health,irrelevant
IDC ranks ConocoPhillips as the leading provider in digital advertising,ConocoPhillips,irrelevant
Citigroup faces $18.5 billion fine from DOJ over price-fixing conspiracy,Citigroup,relevant
Sources: Yum Brands close to finalising acquisition of restaurant chain for $1.8 billion,Yum Brands,relevant
Baird flags CVS Health among the companies most affected by the deal in note on FedEx joint venture,CVS Health,irrelevant
Gartner ranks Berkshire Hathaway as the leading provider in search advertising,Berkshire Hathaway,irrelevant
Tesla confirms receipt of DOJ civil investigative demand over mortgage servicing failures,Tesla,relevant
Costco adds simplified navigation menu to its enterprise dashboard,Costco,irrelevant
"Starbucks Q4: revenue in line, margins disappoint, guidance cut",Starbucks,relevant
FDA orders UnitedHealth to halt production at facility over contamination findings,UnitedHealth,relevant
"Home Depot lowers Q2 outlook, sends shares sharply lower in after-hours trading",Home Depot,relevant
Group of former Republic Services sales representatives alleges racial harassment in federal class-action,Republic Services,irrelevant
Walmart launches a new password manager to its streaming platform,Walmart,irrelevant
Chipotle pays $20 million to settle a minor labor board finding complaint with FTC,Chipotle,irrelevant
Yum Brands announces $2.1 billion share buyback program,Yum Brands,relevant
Ford rolls out new onboarding tutorial to its mobile app,Ford,irrelevant
Dow earns top score on Barron's most sustainable companies,Dow,irrelevant
BlackRock co-founder says banking regulation requires coordinated global action to address effectively,BlackRock,irrelevant
AbbVie CEO joins panel discussion at the Aspen Ideas Festival on climate change and business,AbbVie,irrelevant
"General Motors posts Q3 net income of $0.8 billion, surpasses consensus",General Motors,relevant
Progressive workers circulate petition calling for improved workplace safety standards,Progressive,irrelevant
Travelers Q3 earnings of $2.14 per share surpasses consensus,Travelers,relevant
Citigroup confirms it received and rejected $2.5 billion takeover bid,Citigroup,relevant
"CVS Health announces 800 corporate layoffs, shares fall on restructuring news",CVS Health,relevant
Judge orders Emerson Electric to pay $110 million in damages over market manipulation,Emerson Electric,relevant
"Allstate loses environmental violations case, ordered to pay $380 million in penalties",Allstate,relevant
Uber workers circulate petition calling for better pay and benefits,Uber,irrelevant
Morgan Stanley chief operating officer says energy policy will shape business strategy for years to come,Morgan Stanley,irrelevant
Deere & Company warns Q2 results will miss estimates due to slowing construction activity,Deere & Company,relevant
IBM loses enterprise software arm contract to rival in blow to revenue outlook,IBM,relevant
Nvidia introduces location-based alerts to its customer portal,Nvidia,irrelevant
Waste Management chief executive says the federal budget will shape business strategy for years to come,Waste Management,irrelevant
Concert at Walt Disney Arena draws thousands despite rain,Walt Disney,irrelevant
Ralph Lauren Q3 gross margin expands to 44.7% on strong international emerging market sales,Ralph Lauren,relevant
Best CSX deals this Cyber Monday: our top picks,CSX,irrelevant
Deere & Company rolls out location-based alerts to its loyalty app,Deere & Company,irrelevant
"JPMorgan Chase announces 18,000 job cuts in global operations amid business reorganization",JPMorgan Chase,relevant
UnitedHealth pays $18 million to settle a minor consumer notification requirement complaint with FTC,UnitedHealth,irrelevant
McDonald's faces criticism from advocacy groups over environmental claims on packaging,McDonald's,irrelevant
"Ralph Lauren reports Q4 revenue of $5.1 billion, comes in below consensus on strong international emerging market sales",Ralph Lauren,relevant
ConocoPhillips faces racial discrimination lawsuit filed by former executive,ConocoPhillips,irrelevant
FedEx former chief operating officer joins a non-profit board as its new chief executive,FedEx,irrelevant
"General Motors lowers Q2 outlook, sends shares sharply lower in after-hours trading",General Motors,relevant
Norfolk Southern fined $2 million by state attorneys general over a disclosure timing issue,Norfolk Southern,irrelevant
"Wells Fargo downgrades FedEx to buy, flags margin pressure ahead",FedEx,irrelevant
Coca-Cola Q2 gross margin widens to 18.4% on strong same-store sales growth,Coca-Cola,relevant
Accenture earns top score on Fast Company's most innovative companies,Accenture,irrelevant
Salesforce raises quarterly dividend 15% to $0.45 per share,Salesforce,relevant
"Procter & Gamble Q3 results: beats on top and bottom line, raises outlook",Procter & Gamble,relevant
Boeing workers in Boston rally to demand end to mandatory arbitration,Boeing,irrelevant
Starbucks names longtime board member as new chief executive following strategic shift,Starbucks,relevant
Progressive co-founder says trade tariffs requires urgent attention from elected officials,Progressive,irrelevant
Booking Holdings pulls advertising from social media platform following offensive social media post,Booking Holdings,irrelevant
Microsoft denies wrongdoing in disability discrimination complaint filed by former financial advisor,Microsoft,irrelevant
Goldman Sachs customer service representative faces restraining order filed by former coworker in Minneapolis,Goldman Sachs,irrelevant
Progressive to eliminate 800 positions as part of $3.4 billion cost reduction plan,Progressive,relevant
T-Mobile reaches $35 million agreement with EEOC to resolve a minor data handling violation,T-Mobile,irrelevant
Booking Holdings logistics coordinator faces personal lawsuit unrelated to company activities in Houston,Booking Holdings,irrelevant
Verizon employees sign open letter opposing employee monitoring rollout,Verizon,irrelevant
Home Depot drops sponsorship of music festival following social media backlash,Home Depot,irrelevant
Capital One logistics coordinator faces restraining order filed by former coworker in Philadelphia,Capital One,irrelevant
Halliburton faces consumer boycott over data privacy practices,Halliburton,irrelevant
Norfolk Southern says full-year revenue will fall short of prior guidance by 27%,Norfolk Southern,relevant
JPMorgan Chase employees stage walkout over mandatory overtime policy,JPMorgan Chase,irrelevant
"Deutsche Bank trims T-Mobile to outperform, flags execution risks",T-Mobile,irrelevant
Sources: Home Depot close to finalising acquisition of delivery service for $3.4 billion,Home Depot,relevant
Citigroup to pay $12 million in connection with a disclosure timing issue investigation,Citigroup,irrelevant
"Visa posts Q3 net income of $18.5 billion, falls short of expectations",Visa,relevant
"Johnson & Johnson Q2 results: beats on top and bottom line, raises outlook",Johnson & Johnson,relevant
Dollar General raises full-year guidance after Q3 beat on strong seasonal demand,Dollar General,relevant
American Express faces social media campaign targeting ingredient sourcing policies,American Express,irrelevant
Walmart activist investor discloses $2.5 billion stake pushes for margin improvement,Walmart,relevant
AbbVie CEO named to Time's 100 most influential companies,AbbVie,irrelevant
Aflac posts better-than-expected Q3 results as record policy count growth,Aflac,relevant
Waste Management customer service representative cited for personal safety violation in New York,Waste Management,irrelevant
Travelers chairman says cryptocurrency regulation is a concern shared by businesses of all sizes,Travelers,irrelevant
Visa reaches $5 million agreement with FTC to resolve an outdated record-keeping practice,Visa,irrelevant
Northrop Grumman workers circulate petition calling for paid family leave expansion,Northrop Grumman,irrelevant
Ralph Lauren adds a new password manager to its banking app,Ralph Lauren,irrelevant
Nike raises full-year guidance after Q2 beat on strong international emerging market sales,Nike,relevant
Chevron refreshes a progress tracker to its enterprise dashboard,Chevron,irrelevant
"McDonald's joint venture seen as competitive threat to Mondelez, analyst says",Mondelez,irrelevant
"Waste Management recalls 2,000 thousand units over safety defect, faces $110 million repair bill",Waste Management,relevant
Morgan Stanley warehouse worker faces personal lawsuit unrelated to company activities in Seattle,Morgan Stanley,irrelevant
Kraft Heinz reaches $35 million agreement with SEC to resolve a minor data handling violation,Kraft Heinz,irrelevant
Northrop Grumman sued by former engineer alleging gender discrimination in promotion decisions,Northrop Grumman,irrelevant
Best DuPont deals this the holiday season: our top picks,DuPont,irrelevant
Netflix ends partnership with podcast host after offensive social media post,Netflix,irrelevant
Salesforce sales representative charged with assault following workplace altercation in Minneapolis,Salesforce,irrelevant
"UPS loses data privacy violations case, ordered to pay $500 million in penalties",UPS,relevant
EEOC opens investigation into Nvidia over alleged racial harassment in termination policies,Nvidia,irrelevant
Microsoft stock pulls back from record highs as the S&P 500 drops,Microsoft,irrelevant
Travelers chairman says AI regulation requires urgent attention from elected officials,Travelers,irrelevant
Netflix raises full-year guidance after Q3 beat on strong streaming subscriber growth,Netflix,relevant
Dollar General factory worker charged with harassment following complaint by coworker in Dallas,Dollar General,irrelevant
EEOC opens investigation into Nike over alleged religious discrimination in scheduling practices,Nike,irrelevant
Travelers ordered by CFPB to pay $180 million over misleading investors,Travelers,relevant
FedEx enables a redesigned home screen to its website,FedEx,irrelevant
PepsiCo workers in Atlanta rally to demand better pay and benefits,PepsiCo,irrelevant
"Airbnb CEO announces planned retirement, board names internal successor",Airbnb,relevant
Needham flags Paramount Global among the companies most affected by the deal in note on Walmart restructuring,Paramount Global,irrelevant
UPS faces consumer boycott over data privacy practices,UPS,irrelevant
Accenture raises quarterly dividend 9% to $0.94 per share,Accenture,relevant
Dow faces consumer boycott over overseas manufacturing practices,Dow,irrelevant
Nvidia pulls advertising from streaming service following employee pressure,Nvidia,irrelevant
"Deutsche Bank upgrades Lockheed Martin to outperform, calls valuation compelling after selloff",Lockheed Martin,irrelevant
"Baird trims ServiceNow to overweight, cites slowing demand environment",ServiceNow,irrelevant
Comcast divests wireline business in $1.8 billion deal as part of strategic review,Comcast,relevant
Lowe's chief operating officer says interest rates will shape business strategy for years to come,Lowe's,irrelevant
"Walt Disney CEO steps down after 8 years, board names internal successor",Walt Disney,relevant
Charles Schwab releases location-based alerts to its website,Charles Schwab,irrelevant
General Motors named to LinkedIn's top companies to work for for the second straight year,General Motors,irrelevant
"Jefferies boosts Dow to neutral, sees multiple expansion ahead",Dow,irrelevant
"Mizuho lowers Procter & Gamble to underperform, flags rising competitive pressure",Procter & Gamble,irrelevant
Microsoft CFO says consumer spending is top of mind for executives across every industry,Microsoft,irrelevant
"Deutsche Bank boosts Amazon to buy, flags improving demand trends",Amazon,irrelevant
Tourist spots near Boeing campus rank among best in the area,Boeing,irrelevant
Netflix chairman says trade tariffs is something all companies need to take seriously,Netflix,irrelevant
Halliburton agrees to sell international upstream assets for $3.4 billion to strategic acquirer,Halliburton,relevant
FDA orders Under Armour to halt production at facility over contamination findings,Under Armour,relevant
Kraft Heinz denies wrongdoing in disability discrimination complaint filed by group of delivery drivers,Kraft Heinz,irrelevant
"DuPont CFO announces departure, company names former divisional CFO as replacement",DuPont,relevant
"Kimberly-Clark sees Q3 revenue of $1.2 billion, below prior guidance and analyst consensus",Kimberly-Clark,relevant
"ConocoPhillips reaches landmark new agreement with union representing 4,000 workers",ConocoPhillips,relevant
Bernstein Research ranks Visa as the leading provider in smartphone sales,Visa,irrelevant
"UPS CFO announces departure, company names industry outsider as replacement",UPS,relevant
3M shares trade lower as the S&P 500 drops — no new company news,3M,irrelevant
FedEx employees protest healthcare benefit reductions at headquarters,FedEx,irrelevant
Dollar General denies wrongdoing in religious discrimination complaint filed by former sales representative,Dollar General,irrelevant
Walt Disney adds simplified navigation menu to its customer portal,Walt Disney,irrelevant
ConocoPhillips in deal to take over energy services company for $2.5 billion,ConocoPhillips,relevant
CVS Health executive to speak at the Milken Institute Global Conference on the future of AI,CVS Health,irrelevant
Mastercard pays $5 million to settle an outdated record-keeping practice complaint with EPA,Mastercard,irrelevant
Walt Disney software engineer charged with running fraud scheme at local branch in Miami,Walt Disney,irrelevant
Morgan Stanley vs competitors: which headphones is right for you,Morgan Stanley,irrelevant
"T-Mobile recalls 1,600 thousand units over safety defect, faces $180 million repair bill",T-Mobile,relevant
"Walt Disney reports Q3 revenue of $5.1 billion, tops expectations on successful content slate driving subscriptions",Walt Disney,relevant
Travelers acquires insurtech startup in $0.8 billion deal expanding into specialty insurer,Travelers,relevant
JPMorgan Chase launches fingerprint login to its retail website,JPMorgan Chase,irrelevant
Walt Disney faces new disability discrimination lawsuit from group of former employees in New Jersey court,Walt Disney,irrelevant
Netflix chief operating officer says data privacy law demands a thoughtful policy response from legislators,Netflix,irrelevant
Netflix workers in Seattle rally to demand better pay and benefits,Netflix,irrelevant
Nvidia acquires cloud infrastructure company in $3.4 billion deal expanding into enterprise software company,Nvidia,relevant
JPMorgan Chase chief operating officer says the housing market requires urgent attention from elected officials,JPMorgan Chase,irrelevant
Procter & Gamble store manager arrested for alleged theft from delivery route in Seattle,Procter & Gamble,irrelevant
"Capital One announces 2,500 corporate layoffs, shares fall on restructuring news",Capital One,relevant
Dollar General Q3 gross margin expands to 27.2% on improving inventory management,Dollar General,relevant
Ford sales representative arrested for alleged theft from delivery route in Miami,Ford,irrelevant
Save big on Target airline miles cards this Black Friday — here is how,Target,irrelevant
FDA orders Mastercard to halt production at facility over contamination findings,Mastercard,relevant
Mizuho flags Accenture among the companies most affected by the deal in note on Microsoft acquisition,Accenture,irrelevant
"Nvidia Q3: revenue in line, margins disappoint, guidance cut",Nvidia,relevant
BlackRock chief operating officer says interest rates requires urgent attention from elected officials,BlackRock,irrelevant
"Mizuho downgrades Merck to overweight, lowers estimates on weak guidance",Merck,irrelevant
Uber announces plan to separate into two independent publicly traded companies,Uber,relevant
Morgan Stanley store manager faces restraining order filed by former coworker in Seattle,Morgan Stanley,irrelevant
"Home Depot to eliminate 4,000 positions as part of $1.2 billion cost reduction plan",Home Depot,relevant
"Starbucks divestiture seen as competitive threat to Republic Services, analyst says",Republic Services,irrelevant
Analyst says JPMorgan Chase joint venture positions the company ahead of Accenture,Accenture,irrelevant
"Bank of America lifts Salesforce to hold, sees margin recovery underway",Salesforce,irrelevant
Meta settles pregnancy discrimination complaint filed by former employee for undisclosed amount,Meta,irrelevant
Morgan Stanley president says consumer spending will shape business strategy for years to come,Morgan Stanley,irrelevant
AbbVie CEO joins panel discussion at the World Economic Forum in Davos on workforce transformation,AbbVie,irrelevant
ServiceNow CEO says the federal budget cannot be solved by the private sector alone,ServiceNow,irrelevant
Concert at Halliburton Arena draws thousands despite rain,Halliburton,irrelevant
Ralph Lauren raises quarterly dividend 42% to $0.45 per share,Ralph Lauren,relevant
Coca-Cola divests company-owned restaurant portfolio in $5.1 billion deal as part of strategic review,Coca-Cola,relevant
Target acquires supply chain company in $8.3 billion deal expanding into delivery service,Target,relevant
Kimberly-Clark adds a new rewards tracker to its online store,Kimberly-Clark,irrelevant
Republic Services Q4 gross margin narrows to 24.7% on strong volume growth,Republic Services,relevant
Alphabet sued by former manager alleging disability discrimination in scheduling practices,Alphabet,irrelevant
"Deutsche Bank trims Alphabet to hold, lowers price target on earnings miss",Alphabet,irrelevant
Emerson Electric names divisional president as new chief executive following strategic shift,Emerson Electric,relevant
Alphabet in deal to take over developer tools company for $50.0 billion,Alphabet,relevant
Norfolk Southern cuts full-year guidance citing labor cost inflation,Norfolk Southern,relevant
PepsiCo enables a new tips section to its mobile app,PepsiCo,irrelevant
3M faces class-action lawsuit over alleged sexual harassment among branch tellers,3M,irrelevant
Walmart branch teller sued by customer over personal conduct during shift in Denver,Walmart,irrelevant
AbbVie shares trade lower on no company-specific news — no new company news,AbbVie,irrelevant
Allstate introduces a progress tracker to its streaming platform,Allstate,irrelevant
Ralph Lauren said to be evaluating strategic alternatives in early-stage discussions,Ralph Lauren,irrelevant
"Stellantis loses misleading investors case, ordered to pay $180 million in penalties",Stellantis,relevant
"Piper Sandler raises Visa to equal weight, cites market share gains",Visa,irrelevant
Mastercard branch teller cited for personal safety violation in Denver,Mastercard,irrelevant
Tyson Foods loses beverage unit contract to rival in blow to revenue outlook,Tyson Foods,relevant
Target credit rating placed on negative watch by Fitch citing deteriorating free cash flow,Target,relevant
Ralph Lauren retail associate arrested after incident caught on security camera in Boston,Ralph Lauren,irrelevant
Barclays flags Apple as a company that may need to respond competitively in note on JPMorgan Chase restructuring,Apple,irrelevant
DuPont district manager charged with harassment following complaint by coworker in Philadelphia,DuPont,irrelevant
Tourist spots near Caterpillar campus rank among best in the area,Caterpillar,irrelevant
ExxonMobil adds an updated help center to its customer app,ExxonMobil,irrelevant
Sources: Eli Lilly close to finalising acquisition of biotech startup for $22.0 billion,Eli Lilly,relevant
Target co-founder says cryptocurrency regulation will have long-lasting effects on the broader economy,Target,irrelevant
Charles Schwab settles racial harassment complaint filed by group of warehouse workers for undisclosed amount,Charles Schwab,irrelevant
BlackRock to merge with insurance company in $3.4 billion combination,BlackRock,relevant
"Lockheed Martin reports Q3 revenue of $11.2 billion, beats analyst estimates on strong government defense spending",Lockheed Martin,relevant
Walmart introduces enhanced map view to its website,Walmart,irrelevant
Waste Management workers circulate petition calling for greater transparency in pay practices,Waste Management,irrelevant
"Under Armour reports Q2 revenue of $2.5 billion, comes in below consensus on pricing power offsetting volume declines",Under Armour,relevant
Honeywell board approves new $1.2 billion share repurchase authorization,Honeywell,relevant
Berkshire Hathaway CFO says interest rates presents both risks and opportunities for the private sector,Berkshire Hathaway,irrelevant
Tesla sales representative faces criminal charges unrelated to employment in Philadelphia,Tesla,irrelevant
BlackRock acquires fintech startup for $750 million to bolster asset management firm,BlackRock,relevant
Pfizer sued by group of warehouse workers alleging religious discrimination in scheduling practices,Pfizer,irrelevant
Amazon Field hosts record crowd for playoff game,Amazon,irrelevant
Wells Fargo denies wrongdoing in disability discrimination complaint filed by former manager,Wells Fargo,irrelevant
"Bank of America cuts Allstate to outperform, flags rising competitive pressure",Allstate,irrelevant
Chevron ordered by DOJ to pay $250 million over environmental violations,Chevron,relevant
Netflix chief executive says supply chain resilience requires urgent attention from elected officials,Netflix,irrelevant
Norfolk Southern in deal to take over last-mile delivery company for $3.4 billion,Norfolk Southern,relevant
Tesla named to Fast Company's most innovative companies for the first time,Tesla,irrelevant
Booking Holdings agrees to $12 million penalty over a minor consumer notification requirement,Booking Holdings,irrelevant
Travelers workers in Charlotte rally to demand end to mandatory arbitration,Travelers,irrelevant
"JPMorgan trims CSX to hold, says valuation stretched after recent rally",CSX,irrelevant
Waste Management faces new racial harassment lawsuit from former sales representative in Michigan court,Waste Management,irrelevant
Charles Schwab chief executive says the labor market is a concern shared by businesses of all sizes,Charles Schwab,irrelevant
Walt Disney customer service representative sued by customer over personal conduct during shift in Detroit,Walt Disney,irrelevant
S&P Global Market Intelligence ranks Home Depot as the leading provider in search advertising,Home Depot,irrelevant
Chipotle CEO says data privacy law will shape business strategy for years to come,Chipotle,irrelevant
Norfolk Southern adds in-app chat support to its retail website,Norfolk Southern,irrelevant
Tesla faces $2.1 billion fine from EU regulators over price-fixing conspiracy,Tesla,relevant
"Morgan Stanley announces 7,000 job cuts in global operations amid automation initiative",Morgan Stanley,relevant
Analyst says Nike divestiture positions the company ahead of AT&T,AT&T,irrelevant
Ford adds spending insights tab to its customer portal,Ford,irrelevant
ExxonMobil delivery driver arrested after incident caught on security camera in Boston,ExxonMobil,irrelevant
Procter & Gamble hit with $180 million penalty by DOJ over data privacy violations,Procter & Gamble,relevant
Oracle workers vote to reject company contract offer at main production plant,Oracle,relevant
Aflac vs competitors: which headphones is right for you,Aflac,irrelevant
American Express employees protest employee monitoring rollout at headquarters,American Express,irrelevant
ServiceNow CFO says energy policy is creating uncertainty for long-term investment decisions,ServiceNow,irrelevant
Walmart former CFO joins a rival startup as its new chief executive,Walmart,irrelevant
Nvidia Q2 earnings of $2.56 per share tops expectations,Nvidia,relevant
City council debates naming rights deal for stadium near Morgan Stanley offices,Morgan Stanley,irrelevant
"Sources: JPMorgan Chase evaluating strategic alternatives — no deal imminent, sources say",JPMorgan Chase,irrelevant
"TD Cowen lowers Travelers to buy, flags margin pressure ahead",Travelers,irrelevant
Bank of America credit rating placed on negative watch by Moody's citing deteriorating free cash flow,Bank of America,relevant
ServiceNow names former rival executive as new chief executive following activist pressure,ServiceNow,relevant
Costco employees stage walkout over mandatory drug testing policy,Costco,irrelevant
Waste Management customer service representative charged with embezzling from customer accounts in Seattle,Waste Management,irrelevant
UPS snaps up logistics startup for $180 million in bolt-on acquisition,UPS,relevant
"Charles Schwab reports Q4 revenue of $14.0 billion, comes in below consensus on strong trading revenue",Charles Schwab,relevant
Alphabet former general counsel departs to become partner at a government advisory role,Alphabet,irrelevant
Netflix loses film studio contract to rival in blow to revenue outlook,Netflix,relevant
Dollar General raises full-year comparable sales guidance on stronger consumer demand,Dollar General,relevant
ConocoPhillips in deal to take over upstream oil producer for $3.4 billion,ConocoPhillips,relevant
Mastercard CEO says AI regulation is more complex than most policymakers appreciate,Mastercard,irrelevant
Morgan Stanley Research ranks ServiceNow as the leading provider in e-commerce,ServiceNow,irrelevant
Tyson Foods logistics coordinator arrested in connection with unrelated drug charges in Los Angeles,Tyson Foods,irrelevant
Apple loses streaming unit contract to rival in blow to revenue outlook,Apple,relevant
Charles Schwab names longtime board member as new chief executive following strategic shift,Charles Schwab,relevant
Northrop Grumman former chief marketing officer departs to become partner at a healthcare company,Northrop Grumman,irrelevant
Honeywell to acquire precision tools company for $5.1 billion in all-stock deal,Honeywell,relevant
Chevron board approves new $14.0 billion share repurchase authorization,Chevron,relevant
Lockheed Martin to acquire unmanned systems company for $2.5 billion in all-cash deal,Lockheed Martin,relevant
Stellantis rolls out dark mode to its mobile app,Stellantis,irrelevant
Report: Visa holds 27% market share in semiconductor manufacturing per Morgan Stanley Research,Visa,irrelevant
Home Depot software engineer faces personal lawsuit unrelated to company activities in Denver,Home Depot,irrelevant
Uber chief executive says global trade is something all companies need to take seriously,Uber,irrelevant
Republic Services names longtime board member as new chief executive following CEO transition,Republic Services,relevant
Chipotle faces consumer boycott over data privacy practices,Chipotle,irrelevant
American Express logistics coordinator arrested for alleged theft from delivery route in Boston,American Express,irrelevant
"Barclays trims Tesla to overweight, warns of elevated inventory",Tesla,irrelevant
Alphabet reports 42% jump in advertising revenue as digital ad market recovers,Alphabet,relevant
Paramount Global sales representative arrested for alleged theft from delivery route in Chicago,Paramount Global,irrelevant
Morgan Stanley issues $8.3 billion in senior notes to fund capital expenditures,Morgan Stanley,relevant
"T-Mobile CEO steps down after 8 years, board promotes division head to top role",T-Mobile,relevant
Mastercard workers in New York rally to demand end to mandatory arbitration,Mastercard,irrelevant
"Northrop Grumman reports Q4 revenue of $5.1 billion, beats analyst estimates on record defense contract backlog",Northrop Grumman,relevant
"UPS CEO departs following board review, board appoints industry veteran",UPS,relevant
Chevron drops sponsorship of college football sponsorship following social media backlash,Chevron,irrelevant
"Stifel downgrades BlackRock to neutral, lowers estimates on weak guidance",BlackRock,irrelevant
Colgate-Palmolive confirms receipt of state attorneys general civil investigative demand over data privacy violations,Colgate-Palmolive,relevant
"Starbucks global same-store sales rise 42% in Q2, falls short of expectations",Starbucks,relevant
Verizon broadband net adds accelerate in Q4 on fiber expansion,Verizon,relevant
"Lowe's loses price-fixing conspiracy case, ordered to pay $180 million in penalties",Lowe's,relevant
Accenture divests consumer hardware division in $50.0 billion deal as part of strategic review,Accenture,relevant
S&P Global Market Intelligence ranks Visa as the leading provider in electric vehicles,Visa,irrelevant
Halliburton board approves new $5.1 billion share repurchase authorization,Halliburton,relevant
"Morgan Stanley lifts American Express to overweight, says near-term headwinds are priced in",American Express,irrelevant
Morgan Stanley denies wrongdoing in religious discrimination complaint filed by group of warehouse workers,Morgan Stanley,irrelevant
Caterpillar divests safety products division in $3.4 billion deal as part of strategic review,Caterpillar,relevant
T-Mobile Q1 miss: revenue and earnings both fall short as rising network infrastructure costs,T-Mobile,relevant
Dollar General sets aside $5.1 billion to cover costs of delivery service product recall,Dollar General,relevant
Eli Lilly ends partnership with sports personality after content moderation controversy,Eli Lilly,irrelevant
Goldman Sachs Research estimates Eli Lilly controls 31% of the smartphone sales market,Eli Lilly,irrelevant
Colgate-Palmolive faces $5.1 billion fine from DOJ over market manipulation,Colgate-Palmolive,relevant
Ralph Lauren recognized on Barron's most sustainable companies for workplace culture,Ralph Lauren,irrelevant
CVS Health board approves new $14.0 billion share repurchase authorization,CVS Health,relevant
Lockheed Martin faces social media campaign targeting environmental claims on packaging,Lockheed Martin,irrelevant
S&P Global Market Intelligence ranks Capital One as the leading provider in online payments,Capital One,irrelevant
Comcast employees protest healthcare benefit reductions at headquarters,Comcast,irrelevant
Paramount Global faces new pregnancy discrimination lawsuit from former executive in New Jersey court,Paramount Global,irrelevant
BlackRock co-founder says the federal budget will have long-lasting effects on the broader economy,BlackRock,irrelevant
Caterpillar pays $18 million to settle a product labeling issue complaint with EEOC,Caterpillar,irrelevant
Kimberly-Clark settles racial harassment complaint filed by former executive for undisclosed amount,Kimberly-Clark,irrelevant
"Bank of America posts Q2 net income of $1.8 billion, beats analyst estimates",Bank of America,relevant
Best Mondelez deals this Prime Day: our top picks,Mondelez,irrelevant
Tesla marketing manager charged with harassment following complaint by coworker in Charlotte,Tesla,irrelevant
"Starbucks reaches tentative contract deal with union representing 3,000 workers",Starbucks,relevant
Coca-Cola cuts full-year guidance citing slowing international sales,Coca-Cola,relevant
"Bank of America issues profit warning, slashes guidance citing elevated credit card delinquencies",Bank of America,relevant
Comcast delivery driver suspended following investigation into personal conduct in Charlotte,Comcast,irrelevant
Goldman Sachs faces $14.0 billion fine from EPA over market manipulation,Goldman Sachs,relevant
Kraft Heinz fined $40 million by SEC over an outdated record-keeping practice,Kraft Heinz,irrelevant
"Johnson & Johnson CFO announces departure, company names former divisional CFO as replacement",Johnson & Johnson,relevant
Warner Bros. Discovery customer service representative charged with harassment following complaint by coworker in Boston,Warner Bros. Discovery,irrelevant
Ralph Lauren to merge with household products brand in $1.8 billion combination,Ralph Lauren,relevant
IBM updates an updated help center to its customer portal,IBM,irrelevant
Ralph Lauren to spin off its feminine care brands as a standalone publicly traded company,Ralph Lauren,relevant
EEOC opens investigation into Chipotle over alleged sexual harassment in scheduling practices,Chipotle,irrelevant
Uber Q3 gross margin narrows to 23.8% on strong international travel volumes,Uber,relevant
McDonald's marketing manager faces criminal charges unrelated to employment in Boston,McDonald's,irrelevant
"Comedian references PepsiCo in viral stand-up set, clip goes viral",PepsiCo,irrelevant
How Amazon's merger could reshape the competitive landscape for Comcast,Comcast,irrelevant
"Oppenheimer boosts IBM to outperform, points to improving competitive position",IBM,irrelevant
"Norfolk Southern to eliminate 2,500 positions as part of $0.8 billion cost reduction plan",Norfolk Southern,relevant
"Ford Q2: revenue in line, margins disappoint, guidance cut",Ford,relevant
"Walt Disney Q4: revenue in line, margins disappoint, guidance cut",Walt Disney,relevant
"Jefferies trims Salesforce to overweight, flags execution risks",Salesforce,irrelevant
Concert at AT&T Arena draws thousands despite rain,AT&T,irrelevant
UnitedHealth said to be mulling a share buyback in early-stage discussions,UnitedHealth,irrelevant
Berkshire Hathaway workers circulate petition calling for end to mandatory arbitration,Berkshire Hathaway,irrelevant
"BlackRock reports 14% drop in quarterly revenue, cuts annual guidance",BlackRock,relevant
ConocoPhillips faces social media campaign targeting executive compensation disclosures,ConocoPhillips,irrelevant
Republic Services activist investor discloses $5.1 billion stake pushes for margin improvement,Republic Services,relevant
Verizon Q3 earnings of $0.43 per share tops expectations,Verizon,relevant
"Waste Management to eliminate 2,000 positions as part of $8.3 billion cost reduction plan",Waste Management,relevant
"Charles Schwab to eliminate 1,600 positions as part of $14.0 billion cost reduction plan",Charles Schwab,relevant
"Deutsche Bank lifts PepsiCo to outperform, points to improving competitive position",PepsiCo,irrelevant
"Northrop Grumman Q2: revenue in line, margins disappoint, guidance cut",Northrop Grumman,relevant
Salesforce stock pulls back from record highs as the S&P 500 drops,Salesforce,irrelevant
Coca-Cola chief operating officer says deficit spending will shape business strategy for years to come,Coca-Cola,irrelevant
Consumer guide: Citigroup televisions ranked and reviewed,Citigroup,irrelevant
Berkshire Hathaway activist investor discloses $2.5 billion stake pushes for margin improvement,Berkshire Hathaway,relevant
Uber faces social media campaign targeting environmental claims on packaging,Uber,irrelevant
Johnson & Johnson workers circulate petition calling for remote work flexibility,Johnson & Johnson,irrelevant
Norfolk Southern CFO says data privacy law cannot be solved by the private sector alone,Norfolk Southern,irrelevant
UPS recognized on Fortune's most admired companies list for workplace culture,UPS,irrelevant
Ford chief executive says banking regulation is moving in the right direction but more work remains,Ford,irrelevant
Former McDonald's former general counsel named to lead a venture capital fund,McDonald's,irrelevant
Morgan Stanley Research estimates Meta controls 52% of the e-commerce market,Meta,irrelevant
"Costco merger seen as competitive threat to Deere & Company, analyst says",Deere & Company,irrelevant
Former Caterpillar former chief operating officer appointed to advisory board of a hedge fund,Caterpillar,irrelevant
Johnson & Johnson workers vote to authorize strike at flagship warehouse,Johnson & Johnson,relevant
"Comedian references Mondelez in viral stand-up set, clip goes viral",Mondelez,irrelevant
Judge orders Bank of America to pay $145 million in damages over data privacy violations,Bank of America,relevant
BlackRock ends partnership with sports personality after controversial comments online,BlackRock,irrelevant
Emerson Electric district manager sued by customer over personal conduct during shift in Phoenix,Emerson Electric,irrelevant
Ralph Lauren enables a new tips section to its customer portal,Ralph Lauren,irrelevant
"T-Mobile turns in a Q3 quarter investors had feared, stock drops",T-Mobile,relevant
Bank of America faces pay discrimination lawsuit filed by former engineer,Bank of America,irrelevant
"Google's acquisition deal raises questions about Kraft Heinz's position, per Evercore ISI",Kraft Heinz,irrelevant
FedEx executive to speak at the Allen & Company Sun Valley conference on innovation and growth,FedEx,irrelevant
Report: American Express holds 34% market share in electric vehicles per Forrester,American Express,irrelevant
Caterpillar delivery driver faces restraining order filed by former coworker in Dallas,Caterpillar,irrelevant
Walmart sued by former sales representative alleging gender discrimination in hiring practices,Walmart,irrelevant
"Mizuho trims General Electric to buy, says valuation stretched after recent rally",General Electric,irrelevant
Target enables two-factor authentication prompts to its loyalty app,Target,irrelevant
Norfolk Southern Q1 operating income surges 31% on strong e-commerce-driven volume,Norfolk Southern,relevant
FedEx faces new sexual harassment lawsuit from former financial advisor in New Jersey court,FedEx,irrelevant
McDonald's fined $35 million by FTC over a minor consumer notification requirement,McDonald's,irrelevant
"Raytheon CFO announces retirement, company names former divisional CFO as replacement",Raytheon,relevant
"Evercore ISI downgrades Paramount Global to neutral, flags rising competitive pressure",Paramount Global,irrelevant
AbbVie CFO says deficit spending is moving in the right direction but more work remains,AbbVie,irrelevant
Capital One enables new onboarding tutorial to its retail website,Capital One,irrelevant
"Wells Fargo reports Q3 revenue of $2.5 billion, misses analyst estimates on strong card spending volumes",Wells Fargo,relevant
"Raytheon announces 800 corporate layoffs, shares fall on restructuring news",Raytheon,relevant
"Stifel boosts ExxonMobil to buy, sees accelerating revenue growth",ExxonMobil,irrelevant
Microsoft shares outperforms the broader market amid broader market selloff,Microsoft,irrelevant
"Bernstein downgrades Aflac to equal weight, flags margin pressure ahead",Aflac,irrelevant
Tesla issues $3.0 billion in senior notes to refinance maturing debt,Tesla,relevant
Kimberly-Clark organic sales growth of 12% in Q2 tops expectations on pricing and volume,Kimberly-Clark,relevant
Under Armour faces criticism from advocacy groups over price increase practices,Under Armour,irrelevant
Report: Bank of America considering selling its media division — company declines to comment,Bank of America,irrelevant
Wells Fargo raises quarterly dividend 6% to $0.94 per share,Wells Fargo,relevant
New Bernstein Research data shows Walt Disney gaining share in semiconductor manufacturing,Walt Disney,irrelevant
Uber stock pulls back from record highs on no company-specific news,Uber,irrelevant
Progressive board approves new $1.8 billion share repurchase authorization,Progressive,relevant
Prime Day: the best CSX laptops deals you can get right now,CSX,irrelevant
"Comedian references Tesla in viral stand-up set, clip goes viral",Tesla,irrelevant
"Deutsche Bank boosts General Electric to outperform, sees accelerating revenue growth",General Electric,irrelevant
Kimberly-Clark human resources manager arrested in connection with unrelated drug charges in Houston,Kimberly-Clark,irrelevant
Tourist spots near Tesla campus rank among best in the area,Tesla,irrelevant
Chipotle former general counsel departs to become partner at a hedge fund,Chipotle,irrelevant
AT&T software engineer cited for personal safety violation in Minneapolis,AT&T,irrelevant
Accenture agrees to sell enterprise software arm for $22.0 billion to consortium of investors,Accenture,relevant
Chevron launches an updated help center to its cloud console,Chevron,irrelevant
UnitedHealth factory worker faces personal lawsuit unrelated to company activities in Minneapolis,UnitedHealth,irrelevant
"Deutsche Bank cuts Raytheon to overweight, lowers estimates on weak guidance",Raytheon,irrelevant
Procter & Gamble confirms receipt of EPA civil investigative demand over antitrust violations,Procter & Gamble,relevant
Dollar General CEO says data privacy law is something all companies need to take seriously,Dollar General,irrelevant
Target warns Q2 results will miss estimates due to weakening consumer spending,Target,relevant
T-Mobile ranks among Barron's most sustainable companies for the third consecutive year,T-Mobile,irrelevant
"Bloomberg: Travelers mulling a share buyback, though talks are preliminary",Travelers,irrelevant
New documentary examines working conditions at BlackRock suppliers overseas,BlackRock,irrelevant
Capital One retail associate faces restraining order filed by former coworker in Charlotte,Capital One,irrelevant
Former Tesla former chief operating officer appointed to advisory board of a rival startup,Tesla,irrelevant
FedEx faces $3.4 billion fine from SEC over consumer protection violations,FedEx,relevant
"Piper Sandler lifts Wells Fargo to overweight, cites strong earnings visibility",Wells Fargo,irrelevant
Amazon adds a progress tracker to its streaming platform,Amazon,irrelevant
"Microsoft CFO announces retirement, company names internal finance executive as replacement",Microsoft,relevant
Save big on Home Depot airline miles cards this the holiday season — here is how,Home Depot,irrelevant
Procter & Gamble shares trade lower following broader macro concerns — no new company news,Procter & Gamble,irrelevant
"Goldman Sachs lowers Nvidia to sell, flags execution risks",Nvidia,irrelevant
Wells Fargo settles national origin discrimination complaint filed by former financial advisor for undisclosed amount,Wells Fargo,irrelevant
"Needham cuts Lowe's to buy, flags execution risks",Lowe's,irrelevant
Johnson & Johnson raises quarterly dividend 9% to $0.85 per share,Johnson & Johnson,relevant
"Baird lifts Visa to hold, points to improving competitive position",Visa,irrelevant
New documentary examines working conditions at Netflix suppliers overseas,Netflix,irrelevant
"Amazon delivers Q4 beat, guides higher for the year",Amazon,relevant
"Piper Sandler boosts Pfizer to outperform, cites market share gains",Pfizer,irrelevant
"JPMorgan raises IBM to sell, raises estimates on guidance beat",IBM,irrelevant
Comcast president says interest rates requires urgent attention from elected officials,Comcast,irrelevant
Honeywell raises quarterly dividend 24% to $0.62 per share,Honeywell,relevant
Nike customer service representative sued by customer over personal conduct during shift in Seattle,Nike,irrelevant
3M launches in-app chat support to its checkout flow,3M,irrelevant
Raytheon activist investor discloses $2.5 billion stake pushes for margin improvement,Raytheon,relevant
Northrop Grumman co-founder says tax policy will have long-lasting effects on the broader economy,Northrop Grumman,irrelevant
Warner Bros. Discovery refreshes improved load times to its banking app,Warner Bros. Discovery,irrelevant
"Goldman Sachs lowers Comcast to sell, flags margin pressure ahead",Comcast,irrelevant
Aflac names former rival executive as new chief executive following strategic shift,Aflac,relevant
Stellantis human resources manager charged with running fraud scheme at local branch in Denver,Stellantis,irrelevant
Report: Norfolk Southern holds 22% market share in online payments per Forrester,Norfolk Southern,irrelevant
"Jefferies lowers Pfizer to outperform, flags margin pressure ahead",Pfizer,irrelevant
Goldman Sachs former chief marketing officer leaves to join a healthcare company in senior role,Goldman Sachs,irrelevant
Valentine's Day: the best General Electric sneakers deals you can get right now,General Electric,irrelevant
ServiceNow raises full-year guidance after Q3 beat on strong subscription growth,ServiceNow,relevant
Uber chairman says inflation will shape business strategy for years to come,Uber,irrelevant
"Needham cuts Mastercard to overweight, lowers estimates on weak guidance",Mastercard,irrelevant
Merck CFO says the housing market is more complex than most policymakers appreciate,Merck,irrelevant
BlackRock Q3 operating income surges 6% on record investment banking fees,BlackRock,relevant
Aflac confirms receipt of EPA civil investigative demand over misleading investors,Aflac,relevant
Nike releases a progress tracker to its mobile app,Nike,irrelevant
Johnson & Johnson discloses EU regulators subpoena related to environmental violations,Johnson & Johnson,relevant
ExxonMobil sued by former employee alleging racial harassment in performance reviews,ExxonMobil,irrelevant
"Goldman Sachs reports 6% drop in quarterly revenue, cuts annual guidance",Goldman Sachs,relevant
EEOC opens investigation into Colgate-Palmolive over alleged racial discrimination in hiring practices,Colgate-Palmolive,irrelevant
"Republic Services to eliminate 10,000 positions as part of $2.5 billion cost reduction plan",Republic Services,relevant
Save big on Walt Disney headphones this Mother's Day — here is how,Walt Disney,irrelevant
Allstate chief executive says global trade presents both risks and opportunities for the private sector,Allstate,irrelevant
Chevron enables improved search filters to its website,Chevron,irrelevant
"RBC Capital Markets cuts Citigroup to underperform, flags deteriorating pricing power",Citigroup,irrelevant
Accenture adds enhanced map view to its website,Accenture,irrelevant
Northrop Grumman posts better-than-expected Q3 results as record defense contract backlog,Northrop Grumman,relevant
Visa CEO says data privacy law demands a thoughtful policy response from legislators,Visa,irrelevant
"RBC Capital Markets cuts Allstate to underperform, cites slowing demand environment",Allstate,irrelevant
Halliburton CEO named to Fast Company's most innovative companies,Halliburton,irrelevant
Sources: Procter & Gamble close to finalising acquisition of personal care brand for $3.4 billion,Procter & Gamble,relevant
"Travelers CFO announces departure, company names former divisional CFO as replacement",Travelers,relevant
Nvidia employees stage walkout over changes to remote work flexibility,Nvidia,irrelevant
"Bernstein raises Raytheon to underperform, raises estimates on guidance beat",Raytheon,irrelevant
Goldman Sachs rolls out a new password manager to its enterprise dashboard,Goldman Sachs,irrelevant
Amazon sets aside $5.1 billion to cover costs of data analytics firm product recall,Amazon,relevant
Accenture denies wrongdoing in disability discrimination complaint filed by former financial advisor,Accenture,irrelevant
American Express rolls out a new password manager to its banking app,American Express,irrelevant
Paramount Global employees stage walkout over new attendance tracking system,Paramount Global,irrelevant
Merck faces $8.3 billion fine from EPA over data privacy violations,Merck,relevant
Best Pfizer deals this Black Friday: our top picks,Pfizer,irrelevant
Halliburton former CFO joins a government advisory role as its new chief executive,Halliburton,irrelevant
Booking Holdings ordered by CFTC to pay $500 million over mortgage servicing failures,Booking Holdings,relevant
General Electric denies wrongdoing in pregnancy discrimination complaint filed by former manager,General Electric,irrelevant
Ralph Lauren acquires personal care brand for $110 million to bolster personal care brand,Ralph Lauren,relevant
"Raytheon posts Q4 net income of $14.0 billion, misses analyst estimates",Raytheon,relevant
3M faces consumer boycott over executive compensation disclosures,3M,irrelevant
Morgan Stanley CEO named to Forbes' list of best employers,Morgan Stanley,irrelevant
Kimberly-Clark sued by former executive alleging age discrimination in promotion decisions,Kimberly-Clark,irrelevant
"Stifel raises Bank of America to neutral, says near-term headwinds are priced in",Bank of America,irrelevant
T-Mobile employees stage walkout over healthcare benefit reductions,T-Mobile,irrelevant
Tesla Field hosts record crowd for playoff game,Tesla,irrelevant
ExxonMobil Q1 operating income surges 27% on record upstream production,ExxonMobil,relevant
Uber launches new onboarding tutorial to its cloud console,Uber,irrelevant
"Oppenheimer raises Northrop Grumman to equal weight, cites market share gains",Northrop Grumman,irrelevant
Why is Chevron stock pares earlier losses today? Here is what we know,Chevron,irrelevant
Amazon rolls out fingerprint login to its online store,Amazon,irrelevant
"Allstate recalls 2,500 thousand units over safety defect, faces $250 million repair bill",Allstate,relevant
Alphabet raises quarterly dividend 27% to $0.78 per share,Alphabet,relevant
Former Berkshire Hathaway former CEO named to lead a rival startup,Berkshire Hathaway,irrelevant
"JPMorgan upgrades Capital One to hold, sees margin recovery underway",Capital One,irrelevant
PepsiCo CFO scheduled to appear at the MIT Sloan Management Conference investor day,PepsiCo,irrelevant
Group of former Home Depot store managers alleges racial harassment in federal class-action,Home Depot,irrelevant
Stellantis cuts full-year guidance citing slowing EV demand,Stellantis,relevant
Amazon co-founder says inflation cannot be solved by the private sector alone,Amazon,irrelevant
Mondelez co-founder says geopolitical tensions demands a thoughtful policy response from legislators,Mondelez,irrelevant
Kimberly-Clark shares trade lower following broader macro concerns — no new company news,Kimberly-Clark,irrelevant
"Amazon partnership seen as competitive threat to Oracle, analyst says",Oracle,irrelevant
"Travelers CFO announces retirement, company names internal finance executive as replacement",Travelers,relevant
Berkshire Hathaway denies wrongdoing in racial discrimination complaint filed by group of former employees,Berkshire Hathaway,irrelevant
Microsoft ends partnership with podcast host after offensive social media post,Microsoft,irrelevant
Johnson & Johnson human resources manager arrested in connection with unrelated drug charges in Miami,Johnson & Johnson,irrelevant
Uber acquires travel technology company for $380 million to bolster ride-sharing operator,Uber,relevant
"Chipotle CFO announces resignation, company names internal finance executive as replacement",Chipotle,relevant
How Walmart's joint venture could reshape the competitive landscape for Comcast,Comcast,irrelevant
Wells Fargo raises loan loss provisions to $2.5 billion citing rising consumer delinquencies,Wells Fargo,relevant
Mastercard co-founder says the housing market requires coordinated global action to address effectively,Mastercard,irrelevant
CSX rolls out two-factor authentication prompts to its employee portal,CSX,irrelevant
T-Mobile employees sign open letter opposing termination of diversity programs,T-Mobile,irrelevant
City council debates naming rights deal for stadium near Oracle offices,Oracle,irrelevant
Yum Brands faces racial discrimination lawsuit filed by former sales representative,Yum Brands,irrelevant
Nvidia factory worker arrested after incident caught on security camera in Minneapolis,Nvidia,irrelevant
FedEx acquires logistics startup in $5.1 billion deal expanding into logistics startup,FedEx,relevant
Amazon pulls advertising from video sharing platform following employee pressure,Amazon,irrelevant
General Electric faces new national origin discrimination lawsuit from former sales representative in Georgia court,General Electric,irrelevant
EEOC opens investigation into Yum Brands over alleged disability discrimination in workplace culture,Yum Brands,irrelevant
Waste Management CEO joins panel discussion at a Senate Commerce Committee hearing on innovation and growth,Waste Management,irrelevant
"Honeywell to eliminate 2,000 positions as part of $1.2 billion cost reduction plan",Honeywell,relevant
Dollar General president says geopolitical tensions requires coordinated global action to address effectively,Dollar General,irrelevant
UPS divests supply chain services unit in $0.8 billion deal as part of strategic review,UPS,relevant
"Barclays boosts American Express to overweight, calls recent dip a buying opportunity",American Express,irrelevant
Charles Schwab former president departs to become partner at a healthcare company,Charles Schwab,irrelevant
Tesla co-founder says healthcare costs cannot be solved by the private sector alone,Tesla,irrelevant
"Comcast CEO departs following board review, board names internal successor",Comcast,relevant
Microsoft divests enterprise software arm in $14.0 billion deal as part of strategic review,Microsoft,relevant
Halliburton raises quarterly dividend 8% to $1.38 per share,Halliburton,relevant
3M named to LinkedIn's top companies to work for for the first time,3M,irrelevant
American Express adds simplified navigation menu to its banking app,American Express,irrelevant
JPMorgan Chase net interest income falls 17% as rate environment pressures margins,JPMorgan Chase,relevant
Verizon chairman says deficit spending presents both risks and opportunities for the private sector,Verizon,irrelevant
Wells Fargo CFO says inflation is top of mind for executives across every industry,Wells Fargo,irrelevant
Emerson Electric to acquire precision tools company for $5.1 billion in all-stock deal,Emerson Electric,relevant
CSX activist investor discloses $0.8 billion stake pushes for margin improvement,CSX,relevant
Amazon branch teller cited for personal safety violation in Boston,Amazon,irrelevant
Deere & Company faces class-action lawsuit over alleged gender discrimination among customer service representatives,Deere & Company,irrelevant
Protests outside Pfizer headquarters over unrelated political issue,Pfizer,irrelevant
Report: Ralph Lauren holds 34% market share in enterprise software per Forrester,Ralph Lauren,irrelevant
Travelers vs competitors: which airline miles cards is right for you,Travelers,irrelevant
Visa Q1 gross margin narrows to 28.4% on wealth management growth,Visa,relevant
"Goldman Sachs raises Dow to underperform, calls recent dip a buying opportunity",Dow,irrelevant
"Bank of America downgrades Goldman Sachs to buy, lowers estimates on weak guidance",Goldman Sachs,irrelevant
Rumour: Could UPS be considering a headquarters relocation? Analysts are watching,UPS,irrelevant
"Accenture announces 7,000 job cuts in retail operations amid automation initiative",Accenture,relevant
McDonald's chief operating officer says banking regulation presents both risks and opportunities for the private sector,McDonald's,irrelevant
Pfizer activist investor discloses $22.0 billion stake pushes for margin improvement,Pfizer,relevant
"TD Cowen boosts Tyson Foods to overweight, sees multiple expansion ahead",Tyson Foods,irrelevant
General Motors factory worker faces personal lawsuit unrelated to company activities in Phoenix,General Motors,irrelevant
"Bloomberg: Republic Services considering going private, though talks are preliminary",Republic Services,irrelevant
Coca-Cola confirms receipt of DOJ civil investigative demand over mortgage servicing failures,Coca-Cola,relevant
McDonald's rolls out push notification settings to its mobile app,McDonald's,irrelevant
"Booking Holdings announces 1,600 job cuts in investment banking amid cost reduction program",Booking Holdings,relevant
Airbnb executive to speak at the Goldman Sachs Communacopia conference on financial regulation,Airbnb,irrelevant
T-Mobile enables a new tips section to its customer app,T-Mobile,irrelevant
Dollar General ranks among Barron's most sustainable companies for the fifth year running,Dollar General,irrelevant
Bank of America financial advisor charged with assault following workplace altercation in Atlanta,Bank of America,irrelevant
General Electric employees stage walkout over employee monitoring rollout,General Electric,irrelevant
Walt Disney board approves new $3.0 billion share repurchase authorization,Walt Disney,relevant
Judge orders Berkshire Hathaway to pay $750 million in damages over misleading investors,Berkshire Hathaway,relevant
CVS Health vs competitors: which home appliances is right for you,CVS Health,irrelevant
Netflix denies wrongdoing in disability discrimination complaint filed by former manager,Netflix,irrelevant
"Walt Disney announces 5,500 corporate layoffs, shares fall on restructuring news",Walt Disney,relevant
New Morgan Stanley Research data shows Bank of America gaining share in semiconductor manufacturing,Bank of America,irrelevant
Visa CEO joins panel discussion at the World Economic Forum in Davos on energy transition,Visa,irrelevant
Starbucks chairman says geopolitical tensions is the biggest challenge facing businesses today,Starbucks,irrelevant
BlackRock shares trade lower following weaker-than-expected jobs data — no new company news,BlackRock,irrelevant
Walt Disney raises quarterly dividend 47% to $0.62 per share,Walt Disney,relevant
Netflix credit rating affirmed with stable outlook by S&P citing diversified revenue mix,Netflix,relevant
Kraft Heinz announces $3.0 billion share buyback program,Kraft Heinz,relevant
Capital One agrees to $25 million penalty over an advertising standards complaint,Capital One,irrelevant
Northrop Grumman enables in-app chat support to its banking app,Northrop Grumman,irrelevant
Deere & Company cuts full-year guidance citing supply chain disruptions,Deere & Company,relevant
Citigroup loses wealth management division contract to rival in blow to revenue outlook,Citigroup,relevant
Wells Fargo to present at the Milken Institute Global Conference next month,Wells Fargo,irrelevant
"Capital One posts Q3 net income of $3.4 billion, misses analyst estimates",Capital One,relevant
Target ranks among Barron's most sustainable companies for the fifth year running,Target,irrelevant
"Goldman Sachs's merger deal raises questions about Caterpillar's position, per Deutsche Bank",Caterpillar,irrelevant
UnitedHealth says full-year revenue will fall short of prior guidance by 6%,UnitedHealth,relevant
Target raises full-year guidance after Q4 beat on improving inventory management,Target,relevant
Wells Fargo CEO says cryptocurrency regulation will shape business strategy for years to come,Wells Fargo,irrelevant
Airbnb warehouse worker charged with embezzling from customer accounts in Phoenix,Airbnb,irrelevant
"TD Cowen lowers General Electric to sell, lowers price target on earnings miss",General Electric,irrelevant
Pfizer fined $25 million by state attorneys general over an environmental reporting error,Pfizer,irrelevant
How Goldman Sachs's joint venture could reshape the competitive landscape for ConocoPhillips,ConocoPhillips,irrelevant
AT&T outlines five-year strategy to double revenue in regional broadband provider segment,AT&T,relevant
American Express human resources manager arrested for alleged theft from delivery route in Philadelphia,American Express,irrelevant
Starbucks introduces a progress tracker to its developer portal,Starbucks,irrelevant
Charles Schwab chairman says cryptocurrency regulation is moving in the right direction but more work remains,Charles Schwab,irrelevant
Valentine's Day: the best IBM home appliances deals you can get right now,IBM,irrelevant
"Walt Disney announces 2,000 job cuts in investment banking amid automation initiative",Walt Disney,relevant
Lockheed Martin agrees to sell rotary and mission systems division for $1.8 billion to private equity firm,Lockheed Martin,relevant
"Lockheed Martin delivers Q1 beat, guides higher for the year",Lockheed Martin,relevant
EEOC opens investigation into Progressive over alleged racial harassment in termination policies,Progressive,irrelevant
Johnson & Johnson chief executive says trade tariffs is a concern shared by businesses of all sizes,Johnson & Johnson,irrelevant
FedEx rolls out a new password manager to its retail website,FedEx,irrelevant
Rumour: Could American Express be considering a headquarters relocation? Analysts are watching,American Express,irrelevant
"Travelers reports 27% drop in quarterly revenue, cuts annual guidance",Travelers,relevant
UPS unveils three-year plan to cut costs by $0.8 billion,UPS,relevant
Ford to spin off its commercial vehicle division as a standalone publicly traded company,Ford,relevant
"Eli Lilly and specialty pharma company confirm merger talks, deal could be worth $2.5 billion",Eli Lilly,relevant
Yum Brands credit rating downgraded by S&P citing elevated debt levels,Yum Brands,relevant
Report: Apple holds 41% market share in cloud infrastructure per Gartner,Apple,irrelevant
Allstate warns Q2 results will miss estimates due to weaker-than-expected premium retention,Allstate,relevant
Merck adds an updated help center to its mobile app,Merck,irrelevant
"Kimberly-Clark reaches new four-year labor agreement with union representing 5,500 workers",Kimberly-Clark,relevant
Northrop Grumman board approves new $5.1 billion share repurchase authorization,Northrop Grumman,relevant
"Kimberly-Clark loses price-fixing conspiracy case, ordered to pay $250 million in penalties",Kimberly-Clark,relevant
"Bloomberg: ExxonMobil considering a headquarters relocation, though talks are preliminary",ExxonMobil,irrelevant
Procter & Gamble drops sponsorship of college football sponsorship following social media backlash,Procter & Gamble,irrelevant
Walmart former general counsel joins a private equity firm as its new chief executive,Walmart,irrelevant
Alphabet district manager cited for personal safety violation in Detroit,Alphabet,irrelevant
Yum Brands customer service representative arrested in connection with unrelated drug charges in Seattle,Yum Brands,irrelevant
Kraft Heinz sued by group of warehouse workers alleging disability discrimination in pay practices,Kraft Heinz,irrelevant
Tesla delivery driver faces restraining order filed by former coworker in Philadelphia,Tesla,irrelevant
Uber cuts full-year guidance citing regulatory headwinds in key markets,Uber,relevant
"Deutsche Bank upgrades Target to underperform, cites strong earnings visibility",Target,irrelevant
Kimberly-Clark chairman says data privacy law is top of mind for executives across every industry,Kimberly-Clark,irrelevant
UPS workers vote to reject company contract offer at main production plant,UPS,relevant
Charles Schwab faces consumer boycott over data privacy practices,Charles Schwab,irrelevant
Dollar General logistics coordinator charged with embezzling from customer accounts in Philadelphia,Dollar General,irrelevant
Honeywell launches enhanced map view to its website,Honeywell,irrelevant
Eli Lilly board approves new $1.2 billion share repurchase authorization,Eli Lilly,relevant
Starbucks said to be considering selling its media division in early-stage discussions,Starbucks,irrelevant
Accenture workers circulate petition calling for better pay and benefits,Accenture,irrelevant
Starbucks launches push notification settings to its employee portal,Starbucks,irrelevant
Colgate-Palmolive workers circulate petition calling for end to mandatory arbitration,Colgate-Palmolive,irrelevant
Kraft Heinz president says consumer spending is creating uncertainty for long-term investment decisions,Kraft Heinz,irrelevant
How Costco's restructuring could reshape the competitive landscape for Paramount Global,Paramount Global,irrelevant
JPMorgan Chase logistics coordinator arrested for allegedly cashing fraudulent checks in Boston,JPMorgan Chase,irrelevant
Warner Bros. Discovery stock edges higher as investors rotate into defensives,Warner Bros. Discovery,irrelevant
ExxonMobil to spin off its midstream operations as a standalone publicly traded company,ExxonMobil,relevant
Nike president says the federal budget demands a thoughtful policy response from legislators,Nike,irrelevant
"Morgan Stanley CFO announces retirement, company names Wall Street veteran as replacement",Morgan Stanley,relevant
Morgan Stanley settles sexual harassment complaint filed by former manager for undisclosed amount,Morgan Stanley,irrelevant
Deere & Company updates location-based alerts to its mobile app,Deere & Company,irrelevant
"Mizuho lifts Ford to hold, calls valuation compelling after selloff",Ford,irrelevant
CSX faces criticism from advocacy groups over marketing to minors allegations,CSX,irrelevant
Raytheon chief executive says interest rates is the biggest challenge facing businesses today,Raytheon,irrelevant
Raytheon raises full-year guidance after Q4 beat on record defense contract backlog,Raytheon,relevant
EEOC opens investigation into Wells Fargo over alleged gender discrimination in pay practices,Wells Fargo,irrelevant
McDonald's board approves new $2.1 billion share repurchase authorization,McDonald's,relevant
Deere & Company CEO to deliver keynote at a Senate Commerce Committee hearing,Deere & Company,irrelevant
Halliburton releases a new rewards tracker to its cloud console,Halliburton,irrelevant
Johnson & Johnson raises full-year earnings guidance following stronger-than-expected drug sales,Johnson & Johnson,relevant
Judge orders AT&T to pay $180 million in damages over data privacy violations,AT&T,relevant
"3M CFO announces retirement, company names former divisional CFO as replacement",3M,relevant
"Walmart announces 12,000 corporate layoffs, shares fall on restructuring news",Walmart,relevant
"Mastercard delivers Q1 beat, guides higher for the year",Mastercard,relevant
Goldman Sachs faces new age discrimination lawsuit from group of retail workers in Ohio court,Goldman Sachs,irrelevant
General Motors CEO says immigration policy is something all companies need to take seriously,General Motors,irrelevant
AT&T Field hosts record crowd for playoff game,AT&T,irrelevant
Citigroup shares pulls back from record highs as the S&P 500 drops,Citigroup,irrelevant
Emerson Electric executive to speak at the Goldman Sachs Communacopia conference on the future of AI,Emerson Electric,irrelevant
"Amazon restructuring seen as competitive threat to Ford, analyst says",Ford,irrelevant
Lowe's board approves new $1.8 billion share repurchase authorization,Lowe's,relevant
"Stellantis delivers record number of vehicles in Q3, falls short of expectations",Stellantis,relevant
Walmart faces new gender discrimination lawsuit from group of loan officers in Pennsylvania court,Walmart,irrelevant
Citigroup shares underperforms the sector as investors take profits across sectors,Citigroup,irrelevant
Nvidia executive to speak at the Goldman Sachs Communacopia conference on the digital economy,Nvidia,irrelevant
Cyber Monday: the best Uber smartphones deals you can get right now,Uber,irrelevant
Judge orders JPMorgan Chase to pay $250 million in damages over antitrust violations,JPMorgan Chase,relevant
"Northrop Grumman Q3: revenue in line, margins disappoint, guidance cut",Northrop Grumman,relevant
Wells Fargo former CEO departs to become partner at a healthcare company,Wells Fargo,irrelevant
Walmart drops sponsorship of annual awards show following social media backlash,Walmart,irrelevant
Verizon acquires cable operator in $1.8 billion deal expanding into cable operator,Verizon,relevant
Boeing outlines five-year strategy to double revenue in missile defense startup segment,Boeing,relevant
Visa issues $1.2 billion in senior notes to refinance maturing debt,Visa,relevant
Chipotle named to Fortune's most admired companies list for the first time,Chipotle,irrelevant
UPS CEO says supply chain resilience demands a thoughtful policy response from legislators,UPS,irrelevant
Consumer guide: Northrop Grumman credit cards ranked and reviewed,Northrop Grumman,irrelevant
Mastercard warns Q1 results will miss estimates due to net interest margin compression,Mastercard,relevant
Netflix CEO says consumer spending is creating uncertainty for long-term investment decisions,Netflix,irrelevant
ExxonMobil boosts quarterly dividend 31% as higher oil prices fuel record free cash flow,ExxonMobil,relevant
"Republic Services reports Q1 revenue of $1.2 billion, tops expectations on record revenue",Republic Services,relevant
"AbbVie reaches landmark new agreement with union representing 2,500 workers",AbbVie,relevant
Waste Management faces social media campaign targeting environmental claims on packaging,Waste Management,irrelevant
How JPMorgan Chase's acquisition could reshape the competitive landscape for Pfizer,Pfizer,irrelevant
McDonald's issues $2.1 billion in senior notes to finance share buyback program,McDonald's,relevant
Capital One board approves new $5.1 billion share repurchase authorization,Capital One,relevant
back-to-school season: the best Emerson Electric credit cards deals you can get right now,Emerson Electric,irrelevant
CVS Health Q1 gross margin contracts to 18.4% on new drug approvals driving revenue,CVS Health,relevant
Citigroup faces disability discrimination lawsuit filed by group of retail workers,Citigroup,irrelevant
Group of former General Motors sales representatives alleges gender discrimination in federal class-action,General Motors,irrelevant
Apple workers in Charlotte rally to demand improved workplace safety standards,Apple,irrelevant
Pfizer reaches $10 million agreement with EEOC to resolve a minor data handling violation,Pfizer,irrelevant
FedEx human resources manager sued by customer over personal conduct during shift in Dallas,FedEx,irrelevant
Apple CFO scheduled to appear at the Goldman Sachs Communacopia conference investor day,Apple,irrelevant
Colgate-Palmolive CEO to deliver keynote at the Milken Institute Global Conference,Colgate-Palmolive,irrelevant
"Pfizer announces 7,000 corporate layoffs, shares fall on restructuring news",Pfizer,relevant
Why is Republic Services stock pares earlier losses today? Here is what we know,Republic Services,irrelevant
"Bloomberg: FedEx exploring a buyout of a rival, though talks are preliminary",FedEx,irrelevant
Mastercard issues voluntary recall of payments company product over potential safety concern,Mastercard,relevant
"Boeing turns in a Q1 quarter investors had feared, stock drops",Boeing,relevant
Verizon workers vote to reject company contract offer at its largest facility,Verizon,relevant
Walt Disney faces class-action lawsuit over alleged racial harassment among customer service representatives,Walt Disney,irrelevant
"Lowe's announces 10,000 corporate layoffs, shares fall on restructuring news",Lowe's,relevant
"Northrop Grumman and defense electronics company confirm merger talks, deal could be worth $1.8 billion",Northrop Grumman,relevant
"BlackRock delivers Q3 beat, guides higher for the year",BlackRock,relevant
Home Depot faces pay discrimination lawsuit filed by group of warehouse workers,Home Depot,irrelevant
EEOC opens investigation into ExxonMobil over alleged gender discrimination in workplace culture,ExxonMobil,irrelevant
Merck updates new onboarding tutorial to its customer app,Merck,irrelevant
"Morgan Stanley to eliminate 5,500 positions as part of $2.5 billion cost reduction plan",Morgan Stanley,relevant
ExxonMobil launches accessibility improvements to its loyalty app,ExxonMobil,irrelevant
Allstate warehouse worker charged with embezzling from customer accounts in Phoenix,Allstate,irrelevant
Raytheon financial advisor faces restraining order filed by former coworker in Denver,Raytheon,irrelevant
ServiceNow Q3 earnings of $0.87 per share misses analyst estimates,ServiceNow,relevant
Merck pays $40 million to settle a product labeling issue complaint with CFPB,Merck,irrelevant
General Motors acquires auto software company for $180 million to bolster EV battery maker,General Motors,relevant
"UBS downgrades Morgan Stanley to overweight, lowers price target on earnings miss",Morgan Stanley,irrelevant
Johnson & Johnson updates accessibility improvements to its mobile app,Johnson & Johnson,irrelevant
ConocoPhillips drops sponsorship of professional golf tournament following social media backlash,ConocoPhillips,irrelevant
Oracle faces new racial harassment lawsuit from group of former employees in Michigan court,Oracle,irrelevant
FedEx vs competitors: which televisions is right for you,FedEx,irrelevant
Booking Holdings faces consumer boycott over ingredient sourcing policies,Booking Holdings,irrelevant
Starbucks releases a progress tracker to its enterprise dashboard,Starbucks,irrelevant
3M CFO says data privacy law is the biggest challenge facing businesses today,3M,irrelevant
Dow acquires service company for $250 million to bolster technology startup,Dow,relevant
Dollar General adds push notification settings to its banking app,Dollar General,irrelevant
Chipotle raises quarterly dividend 27% to $1.10 per share,Chipotle,relevant
Visa chief executive says geopolitical tensions will have long-lasting effects on the broader economy,Visa,irrelevant
UnitedHealth issues $1.8 billion in senior notes to fund strategic acquisitions,UnitedHealth,relevant
CSX faces social media campaign targeting executive compensation disclosures,CSX,irrelevant
Waste Management CEO joins panel discussion at the Allen & Company Sun Valley conference on climate change and business,Waste Management,irrelevant
Gartner ranks 3M as the leading provider in enterprise software,3M,irrelevant
General Electric district manager arrested in connection with unrelated drug charges in Boston,General Electric,irrelevant
"ExxonMobil announces 10,000 job cuts in retail operations amid strategic review",ExxonMobil,relevant
General Electric updates a new password manager to its loyalty app,General Electric,irrelevant
Citigroup faces $1.8 billion fine from CFPB over consumer protection violations,Citigroup,relevant
How Starbucks's joint venture could reshape the competitive landscape for Uber,Uber,irrelevant
Visa net interest income falls 14% as rate environment pressures margins,Visa,relevant
3M acquires automation startup for $110 million to bolster precision tools company,3M,relevant
"Halliburton announces 10,000 corporate layoffs, shares fall on restructuring news",Halliburton,relevant
Pfizer acquires medical device company for $380 million to bolster medical device company,Pfizer,relevant
"DuPont reports Q1 revenue of $1.8 billion, beats analyst estimates on strong volume growth",DuPont,relevant
Berkshire Hathaway pays $35 million to settle a minor data handling violation complaint with EPA,Berkshire Hathaway,irrelevant
General Electric shares underperforms the sector following weaker-than-expected jobs data,General Electric,irrelevant
Analyst says McDonald's divestiture positions the company ahead of Meta,Meta,irrelevant
UnitedHealth stock outperforms the broader market as tech sector sees profit-taking,UnitedHealth,irrelevant
Goldman Sachs launches location-based alerts to its employee portal,Goldman Sachs,irrelevant
"Wells Fargo Q3: revenue in line, margins disappoint, guidance cut",Wells Fargo,relevant
Progressive chief operating officer says the federal budget requires urgent attention from elected officials,Progressive,irrelevant
"AbbVie posts Q4 net income of $2.5 billion, comes in below consensus",AbbVie,relevant
Kraft Heinz introduces fingerprint login to its enterprise dashboard,Kraft Heinz,irrelevant
Accenture financial advisor charged with harassment following complaint by coworker in Philadelphia,Accenture,irrelevant
"Alphabet reports Q2 revenue of $5.1 billion, beats analyst estimates on strong advertising revenue",Alphabet,relevant
"JPMorgan boosts Warner Bros. Discovery to neutral, sees accelerating revenue growth",Warner Bros. Discovery,irrelevant
Amazon activist investor discloses $2.5 billion stake pushes for margin improvement,Amazon,relevant
"Northrop Grumman CFO announces departure, company names former divisional CFO as replacement",Northrop Grumman,relevant
AT&T acquires fiber network company in $1.8 billion deal expanding into regional broadband provider,AT&T,relevant
AT&T CFO scheduled to appear at the MIT Sloan Management Conference investor day,AT&T,irrelevant
FedEx pays $40 million to settle an environmental reporting error complaint with SEC,FedEx,irrelevant
Yum Brands cuts full-year guidance citing weaker-than-expected menu pricing,Yum Brands,relevant
"Ford posts Q2 net income of $5.1 billion, comes in below consensus",Ford,relevant
Walmart launches a new tips section to its customer portal,Walmart,irrelevant
"Morgan Stanley downgrades Ralph Lauren to equal weight, cites slowing demand environment",Ralph Lauren,irrelevant
"Wells Fargo lowers Warner Bros. Discovery to sell, flags rising competitive pressure",Warner Bros. Discovery,irrelevant
Pfizer fined $10 million by CFPB over an outdated record-keeping practice,Pfizer,irrelevant
Target faces class-action lawsuit over alleged gender discrimination among district managers,Target,irrelevant
New S&P Global Market Intelligence data shows Wells Fargo gaining share in digital advertising,Wells Fargo,irrelevant
"Deere & Company loses misleading investors case, ordered to pay $180 million in penalties",Deere & Company,relevant
Former Wells Fargo former chief marketing officer named to lead a consulting firm,Wells Fargo,irrelevant
Judge orders Halliburton to pay $500 million in damages over market manipulation,Halliburton,relevant
Verizon acquires fiber network company in $1.8 billion deal expanding into wireless spectrum holder,Verizon,relevant
Netflix co-founder says interest rates is creating uncertainty for long-term investment decisions,Netflix,irrelevant
Boeing workers vote to unionize at main production plant,Boeing,relevant
Oracle to pay $15 million in connection with a minor consumer notification requirement investigation,Oracle,irrelevant
JPMorgan Chase confirms receipt of state attorneys general civil investigative demand over price-fixing conspiracy,JPMorgan Chase,relevant
Capital One updates dark mode to its mobile app,Capital One,irrelevant
Meta pays $2 million to settle a minor data handling violation complaint with CFPB,Meta,irrelevant
ServiceNow chairman says deficit spending will have long-lasting effects on the broader economy,ServiceNow,irrelevant
IBM agrees to $45 million penalty over an outdated record-keeping practice,IBM,irrelevant
"Bank of America recalls 1,600 thousand units over safety defect, faces $500 million repair bill",Bank of America,relevant
Starbucks store manager faces criminal charges unrelated to employment in Minneapolis,Starbucks,irrelevant
"Baird lifts Procter & Gamble to hold, sees accelerating revenue growth",Procter & Gamble,irrelevant
FedEx reaches $2 million agreement with local labor board to resolve an environmental reporting error,FedEx,irrelevant
Lowe's district manager arrested for alleged theft from delivery route in Philadelphia,Lowe's,irrelevant
Nike refreshes improved search filters to its loyalty app,Nike,irrelevant
ConocoPhillips said to be weighing a potential spinoff in early-stage discussions,ConocoPhillips,irrelevant
Visa releases dark mode to its enterprise dashboard,Visa,irrelevant
"Sources: Procter & Gamble mulling a share buyback — no deal imminent, sources say",Procter & Gamble,irrelevant
Coca-Cola refreshes fingerprint login to its retail website,Coca-Cola,irrelevant
Boeing district manager arrested for alleged theft from delivery route in Detroit,Boeing,irrelevant
Citigroup president says inflation will shape business strategy for years to come,Citigroup,irrelevant
Bernstein Research estimates Mastercard controls 18% of the ride-sharing market,Mastercard,irrelevant
Republic Services discloses SEC subpoena related to misleading investors,Republic Services,relevant
Warner Bros. Discovery pulls advertising from streaming service following offensive social media post,Warner Bros. Discovery,irrelevant
Chevron executive to speak at the Allen & Company Sun Valley conference on the future of AI,Chevron,irrelevant
Citigroup warns Q4 results will miss estimates due to rising loan loss provisions,Citigroup,relevant
"Chevron lowers Q3 outlook, sends shares sharply lower in after-hours trading",Chevron,relevant
"Wells Fargo raises BlackRock to neutral, sees margin recovery underway",BlackRock,irrelevant
Waste Management reaches $40 million agreement with EPA to resolve a customer privacy complaint,Waste Management,irrelevant
Tyson Foods employees stage walkout over return-to-office mandate,Tyson Foods,irrelevant
Charles Schwab updates new color themes to its developer portal,Charles Schwab,irrelevant
UnitedHealth divests consumer health division in $8.3 billion deal as part of strategic review,UnitedHealth,relevant
Nike releases location-based alerts to its cloud console,Nike,irrelevant
Mondelez shares trade lower as tech sector sees profit-taking — no new company news,Mondelez,irrelevant
Airbnb CEO says immigration policy cannot be solved by the private sector alone,Airbnb,irrelevant
DuPont introduces an updated help center to its banking app,DuPont,irrelevant
Nike acquires personal care brand for $110 million to bolster specialty skincare company,Nike,relevant
JPMorgan Chase agrees to $250 million settlement with SEC over market manipulation,JPMorgan Chase,relevant
Netflix employees stage walkout over changes to remote work flexibility,Netflix,irrelevant
Report: Apple in early discussions about a joint venture — company declines to comment,Apple,irrelevant
Pfizer Q4 earnings of $0.87 per share tops expectations,Pfizer,relevant
Report: JPMorgan Chase holds 44% market share in cloud infrastructure per Bernstein Research,JPMorgan Chase,irrelevant
Emerson Electric cited as top player in electric vehicles by Nielsen industry survey,Emerson Electric,irrelevant
Verizon CEO says healthcare costs will have long-lasting effects on the broader economy,Verizon,irrelevant
Nvidia CEO to deliver keynote at the Allen & Company Sun Valley conference,Nvidia,irrelevant
Nike launches location-based alerts to its cloud console,Nike,irrelevant
Tyson Foods shares trade lower following weaker-than-expected jobs data — no new company news,Tyson Foods,irrelevant
CVS Health warns Q1 results will miss estimates due to patent cliff exposure,CVS Health,relevant
Raytheon chief operating officer says global trade is top of mind for executives across every industry,Raytheon,irrelevant
"Goldman Sachs upgrades Stellantis to overweight, raises estimates on guidance beat",Stellantis,irrelevant
Costco branch teller faces personal lawsuit unrelated to company activities in Phoenix,Costco,irrelevant
Former UnitedHealth former general counsel appointed to advisory board of a fintech startup,UnitedHealth,irrelevant
Mastercard to acquire regional bank for $3.4 billion in all-stock deal,Mastercard,relevant
"Stellantis issues profit warning, slashes guidance citing slowing EV demand",Stellantis,relevant
Kimberly-Clark acquires personal care brand in $1.2 billion deal expanding into apparel brand,Kimberly-Clark,relevant
Procter & Gamble acquires apparel brand in $0.8 billion deal expanding into apparel brand,Procter & Gamble,relevant
Comcast named to Forbes' list of best employers for the third consecutive year,Comcast,irrelevant
"Oppenheimer boosts Nvidia to overweight, flags improving demand trends",Nvidia,irrelevant
Aflac cited as top player in smartphone sales by Gartner industry survey,Aflac,irrelevant
"Needham cuts Accenture to outperform, flags deteriorating pricing power",Accenture,irrelevant
Paramount Global updates a new rewards tracker to its website,Paramount Global,irrelevant
"Goldman Sachs announces 7,000 corporate layoffs, shares fall on restructuring news",Goldman Sachs,relevant
AbbVie to pay $18 million in connection with an environmental reporting error investigation,AbbVie,irrelevant
Microsoft reports 8% jump in advertising revenue as digital ad market recovers,Microsoft,relevant
Travelers ends partnership with podcast host after content moderation controversy,Travelers,irrelevant
the holiday season: the best Pfizer software subscriptions deals you can get right now,Pfizer,irrelevant
Kraft Heinz refreshes enhanced map view to its online store,Kraft Heinz,irrelevant
"Baird raises ServiceNow to sell, calls valuation compelling after selloff",ServiceNow,irrelevant
New Goldman Sachs Research data shows Under Armour gaining share in semiconductor manufacturing,Under Armour,irrelevant
UnitedHealth agrees to sell consumer health division for $1.8 billion to consortium of investors,UnitedHealth,relevant
McDonald's divests snack foods division in $2.1 billion deal as part of strategic review,McDonald's,relevant
Home Depot denies wrongdoing in religious discrimination complaint filed by former executive,Home Depot,irrelevant
Oracle marketing manager arrested for allegedly cashing fraudulent checks in Denver,Oracle,irrelevant
Home Depot releases a new password manager to its customer portal,Home Depot,irrelevant
Bank of America workers in Philadelphia rally to demand reversal of return-to-office policy,Bank of America,irrelevant
Dollar General chief operating officer says energy policy demands a thoughtful policy response from legislators,Dollar General,irrelevant
PepsiCo to acquire restaurant chain for $3.0 billion in stock-and-cash transaction,PepsiCo,relevant
"Microsoft Q4: revenue in line, margins disappoint, guidance cut",Microsoft,relevant
Ford announces plan to separate into two independent publicly traded companies,Ford,relevant
ExxonMobil to merge with natural gas company in $1.8 billion combination,ExxonMobil,relevant
Emerson Electric faces consumer boycott over ingredient sourcing policies,Emerson Electric,irrelevant
Republic Services executive to speak at a Senate Commerce Committee hearing on the digital economy,Republic Services,irrelevant
"Goldman Sachs raises Tesla to buy, says near-term headwinds are priced in",Tesla,irrelevant
"Stifel lowers Aflac to equal weight, lowers price target on earnings miss",Aflac,irrelevant
"Home Depot reports 8% drop in quarterly revenue, cuts annual guidance",Home Depot,relevant
Progressive faces class-action lawsuit over alleged pay discrimination among retail associates,Progressive,irrelevant
"Evercore ISI lifts Ford to outperform, sees accelerating revenue growth",Ford,irrelevant
BlackRock wealth management division surpasses $2.5 trillion in client assets,BlackRock,relevant
Waste Management blows past Q4 estimates on pricing power,Waste Management,relevant
Pfizer announces plan to separate into two independent publicly traded companies,Pfizer,relevant
"JPMorgan lifts 3M to buy, points to improving competitive position",3M,irrelevant
Procter & Gamble to merge with apparel brand in $1.2 billion combination,Procter & Gamble,relevant
Stellantis introduces a progress tracker to its cloud console,Stellantis,irrelevant
Report: ConocoPhillips holds 34% market share in semiconductor manufacturing per Forrester,ConocoPhillips,irrelevant
Tyson Foods announces $1.8 billion share buyback program,Tyson Foods,relevant
Ford faces $3.0 billion fine from DOJ over market manipulation,Ford,relevant
Judge orders Kimberly-Clark to pay $380 million in damages over misleading investors,Kimberly-Clark,relevant
Tyson Foods discloses FTC subpoena related to antitrust violations,Tyson Foods,relevant
Pfizer delivery driver charged with assault following workplace altercation in Los Angeles,Pfizer,irrelevant
Tourist spots near Salesforce campus rank among best in the area,Salesforce,irrelevant
3M to acquire specialty materials maker for $2.5 billion in all-stock deal,3M,relevant
Republic Services CEO joins panel discussion at a Senate Commerce Committee hearing on the global supply chain,Republic Services,irrelevant
Aflac catastrophe losses reach $2.5 billion from severe weather events,Aflac,relevant
"Pfizer reaches tentative contract deal with union representing 2,500 workers",Pfizer,relevant
EEOC opens investigation into Verizon over alleged sexual harassment in promotion decisions,Verizon,irrelevant
"Oppenheimer lifts Starbucks to hold, calls recent dip a buying opportunity",Starbucks,irrelevant
PepsiCo in deal to take over beverage company for $3.0 billion,PepsiCo,relevant
Mastercard chief operating officer says data privacy law will have long-lasting effects on the broader economy,Mastercard,irrelevant
Colgate-Palmolive chief executive says the housing market demands a thoughtful policy response from legislators,Colgate-Palmolive,irrelevant
Merck workers in Minneapolis rally to demand improved workplace safety standards,Merck,irrelevant
Procter & Gamble CFO says immigration policy is a concern shared by businesses of all sizes,Procter & Gamble,irrelevant
Coca-Cola financial advisor faces personal lawsuit unrelated to company activities in Boston,Coca-Cola,irrelevant
Colgate-Palmolive executive to speak at the World Economic Forum in Davos on financial regulation,Colgate-Palmolive,irrelevant
"Dollar General reports 7% drop in quarterly revenue, cuts annual guidance",Dollar General,relevant
T-Mobile human resources manager sued by customer over personal conduct during shift in New York,T-Mobile,irrelevant
"Morgan Stanley lowers Kimberly-Clark to hold, flags deteriorating pricing power",Kimberly-Clark,irrelevant
Capital One faces new gender discrimination lawsuit from group of retail workers in Florida court,Capital One,irrelevant
Analyst says McDonald's joint venture positions the company ahead of Caterpillar,Caterpillar,irrelevant
"Deutsche Bank lowers Visa to outperform, flags rising competitive pressure",Visa,irrelevant
AT&T pulls advertising from news outlet following community backlash,AT&T,irrelevant
"UnitedHealth loses misleading investors case, ordered to pay $110 million in penalties",UnitedHealth,relevant
EEOC opens investigation into Booking Holdings over alleged gender discrimination in performance reviews,Booking Holdings,irrelevant
Warner Bros. Discovery enables a redesigned home screen to its customer portal,Warner Bros. Discovery,irrelevant
JPMorgan Chase divests retail brokerage unit in $5.1 billion deal as part of strategic review,JPMorgan Chase,relevant
Deere & Company adds a new tips section to its online store,Deere & Company,irrelevant
Caterpillar warehouse worker cited for personal safety violation in Seattle,Caterpillar,irrelevant
"Honeywell reports Q2 revenue of $3.4 billion, falls short of expectations on strong aerospace aftermarket demand",Honeywell,relevant
Dollar General named to LinkedIn's top companies to work for for the first time,Dollar General,irrelevant
Apple tops the Street on both revenue and earnings in Q1,Apple,relevant
Yum Brands introduces fingerprint login to its online store,Yum Brands,irrelevant
Colgate-Palmolive Q1 earnings of $2.14 per share misses analyst estimates,Colgate-Palmolive,relevant
Procter & Gamble employees sign open letter opposing healthcare benefit reductions,Procter & Gamble,irrelevant
Concert at Target Arena draws thousands despite rain,Target,irrelevant
CSX acquires logistics startup for $180 million to bolster warehouse operator,CSX,relevant
Eli Lilly reports positive Phase 3 trial results for key pipeline drug,Eli Lilly,relevant
"Home Depot Q4: revenue in line, margins disappoint, guidance cut",Home Depot,relevant
Wells Fargo issues $1.8 billion in senior notes to refinance maturing debt,Wells Fargo,relevant
Ford Q3 earnings of $3.10 per share comes in below consensus,Ford,relevant
Kraft Heinz Q2 operating income surges 24% on menu price increases driving revenue,Kraft Heinz,relevant
Report: Microsoft exploring a merger — company declines to comment,Microsoft,irrelevant
Amazon names former rival executive as new chief executive following CEO transition,Amazon,relevant
"FedEx reports 17% drop in quarterly revenue, cuts annual guidance",FedEx,relevant
Warner Bros. Discovery launches location-based alerts to its cloud console,Warner Bros. Discovery,irrelevant
Raytheon introduces in-app chat support to its customer app,Raytheon,irrelevant
Coca-Cola posts better-than-expected Q3 results as strong organic volume growth,Coca-Cola,relevant
"Procter & Gamble posts Q3 net income of $8.3 billion, misses analyst estimates",Procter & Gamble,relevant
Amazon blows past Q1 estimates on AI-driven demand acceleration,Amazon,relevant
Citi flags Microsoft as a company that could benefit from the deal in note on Goldman Sachs joint venture,Microsoft,irrelevant
Johnson & Johnson agrees to sell consumer health division for $22.0 billion to private equity firm,Johnson & Johnson,relevant
"Deutsche Bank trims Mondelez to hold, flags margin pressure ahead",Mondelez,irrelevant
CVS Health faces new racial harassment lawsuit from former engineer in New Jersey court,CVS Health,irrelevant
Republic Services confirms receipt of CFTC civil investigative demand over consumer protection violations,Republic Services,relevant
Lockheed Martin delivery driver arrested in connection with unrelated drug charges in Houston,Lockheed Martin,irrelevant
Waste Management factory worker cited for personal safety violation in Philadelphia,Waste Management,irrelevant
Progressive settles pay discrimination complaint filed by former manager for undisclosed amount,Progressive,irrelevant
Salesforce agrees to $8 million penalty over a minor fair lending violation,Salesforce,irrelevant
"Apple's restructuring deal raises questions about Nike's position, per UBS",Nike,irrelevant
Ralph Lauren Q3 earnings of $0.43 per share tops expectations,Ralph Lauren,relevant
Best Oracle deals this Cyber Monday: our top picks,Oracle,irrelevant
"Norfolk Southern issues profit warning, slashes guidance citing slowing freight demand",Norfolk Southern,relevant
General Motors human resources manager charged with embezzling from customer accounts in Charlotte,General Motors,irrelevant
DuPont co-founder says supply chain resilience requires coordinated global action to address effectively,DuPont,irrelevant
Bank of America chief executive says inflation cannot be solved by the private sector alone,Bank of America,irrelevant
General Electric rolls out fingerprint login to its online store,General Electric,irrelevant
ConocoPhillips faces criticism from advocacy groups over price increase practices,ConocoPhillips,irrelevant
"Verizon Q3: revenue in line, margins disappoint, guidance cut",Verizon,relevant
Nvidia enables a redesigned home screen to its online store,Nvidia,irrelevant
Chipotle ordered by FTC to pay $180 million over data privacy violations,Chipotle,relevant
Rumour: Could Morgan Stanley be considering selling its media division? Analysts are watching,Morgan Stanley,irrelevant
Kraft Heinz board approves new $1.8 billion share repurchase authorization,Kraft Heinz,relevant
"Amazon lowers Q2 outlook, sends shares sharply lower in after-hours trading",Amazon,relevant
"General Motors posts Q3 net income of $0.8 billion, tops expectations",General Motors,relevant
Protests outside Costco headquarters over unrelated political issue,Costco,irrelevant
Waste Management factory worker charged with running fraud scheme at local branch in Detroit,Waste Management,irrelevant
American Express workers vote to authorize strike at key distribution center,American Express,relevant
"Walt Disney delivers Q4 beat, guides higher for the year",Walt Disney,relevant
Allstate settles national origin discrimination complaint filed by former sales representative for undisclosed amount,Allstate,irrelevant
Chipotle former chief technology officer departs to become partner at a healthcare company,Chipotle,irrelevant
Johnson & Johnson releases improved search filters to its streaming platform,Johnson & Johnson,irrelevant
AbbVie said to be considering going private in early-stage discussions,AbbVie,irrelevant
Former Chevron former chief revenue officer appointed to advisory board of a venture capital fund,Chevron,irrelevant
Mother's Day: the best General Motors televisions deals you can get right now,General Motors,irrelevant
Warner Bros. Discovery recognized on Fast Company's most innovative companies for workplace culture,Warner Bros. Discovery,irrelevant
"ConocoPhillips posts Q2 net income of $5.1 billion, comes in below consensus",ConocoPhillips,relevant
3M former chief marketing officer joins a healthcare company as its new chief executive,3M,irrelevant
Honeywell faces national origin discrimination lawsuit filed by group of former employees,Honeywell,irrelevant
"McDonald's restructuring seen as competitive threat to Salesforce, analyst says",Salesforce,irrelevant
Accenture hit with $900 million penalty by EU regulators over price-fixing conspiracy,Accenture,relevant
"General Motors delivers Q4 beat, guides higher for the year",General Motors,relevant
Honeywell faces social media campaign targeting ingredient sourcing policies,Honeywell,irrelevant
"Ford recalls vehicles over potential safety defect, faces repair costs",Ford,relevant
Former Mondelez former president named to lead a hedge fund,Mondelez,irrelevant
Emerson Electric workers circulate petition calling for greater transparency in pay practices,Emerson Electric,irrelevant
"Bank of America raises Republic Services to hold, sees accelerating revenue growth",Republic Services,irrelevant
Uber CFO scheduled to appear at the Aspen Ideas Festival investor day,Uber,irrelevant
BlackRock employees sign open letter opposing changes to remote work flexibility,BlackRock,irrelevant
Paramount Global fined $30 million by state attorneys general over a minor labor board finding,Paramount Global,irrelevant
Tyson Foods store manager charged with harassment following complaint by coworker in Houston,Tyson Foods,irrelevant
Alphabet raises quarterly dividend 17% to $1.25 per share,Alphabet,relevant
Microsoft agrees to $20 million penalty over a product labeling issue,Microsoft,irrelevant
Stellantis sales representative faces restraining order filed by former coworker in Denver,Stellantis,irrelevant
Meta updates two-factor authentication prompts to its mobile app,Meta,irrelevant
Lockheed Martin ranks among Glassdoor's top-rated employers for the second straight year,Lockheed Martin,irrelevant
"Oppenheimer lifts ServiceNow to overweight, says near-term headwinds are priced in",ServiceNow,irrelevant
Waste Management CEO to deliver keynote at the Aspen Ideas Festival,Waste Management,irrelevant
Former Aflac delivery driver files racial harassment complaint with EEOC,Aflac,irrelevant
Allstate divests personal lines division in $1.8 billion deal as part of strategic review,Allstate,relevant
Kimberly-Clark divests feminine care brands in $0.8 billion deal as part of strategic review,Kimberly-Clark,relevant
Costco faces criticism from advocacy groups over price increase practices,Costco,irrelevant
"Amazon's partnership deal raises questions about Goldman Sachs's position, per JPMorgan",Goldman Sachs,irrelevant
"IBM reports 7% drop in quarterly revenue, cuts annual guidance",IBM,relevant
PepsiCo cuts full-year guidance citing same-store sales decline,PepsiCo,relevant
Aflac in deal to take over specialty insurer for $0.5 billion,Aflac,relevant
Home Depot executive to speak at the Goldman Sachs Communacopia conference on climate change and business,Home Depot,irrelevant
"DuPont issues profit warning, slashes guidance citing higher operating costs",DuPont,relevant
3M to present at the Milken Institute Global Conference next month,3M,irrelevant
IBM executive to speak at the World Economic Forum in Davos on energy transition,IBM,irrelevant
Nvidia launches simplified navigation menu to its digital wallet,Nvidia,irrelevant
3M Q3 earnings of $2.14 per share surpasses consensus,3M,relevant
"Mastercard issues profit warning, slashes guidance citing slower deal activity",Mastercard,relevant
BlackRock employees protest mandatory drug testing policy at headquarters,BlackRock,irrelevant
Tyson Foods co-founder says cryptocurrency regulation presents both risks and opportunities for the private sector,Tyson Foods,irrelevant
Waste Management introduces improved search filters to its mobile app,Waste Management,irrelevant
Caterpillar agrees to sell safety products division for $0.8 billion to private equity firm,Caterpillar,relevant
How Walmart's joint venture could reshape the competitive landscape for Ford,Ford,irrelevant
Citigroup shares pares earlier losses as the S&P 500 drops,Citigroup,irrelevant
Boeing sued by former manager alleging racial discrimination in promotion decisions,Boeing,irrelevant
Microsoft human resources manager charged with embezzling from customer accounts in Detroit,Microsoft,irrelevant
T-Mobile shares trade lower amid risk-off sentiment — no new company news,T-Mobile,irrelevant
Starbucks announces $2.1 billion share buyback program,Starbucks,relevant
DuPont co-founder says interest rates presents both risks and opportunities for the private sector,DuPont,irrelevant
Mastercard chief executive says climate policy demands a thoughtful policy response from legislators,Mastercard,irrelevant
Alphabet branch teller charged with running fraud scheme at local branch in Denver,Alphabet,irrelevant
Nike software engineer arrested after incident caught on security camera in Minneapolis,Nike,irrelevant
Warner Bros. Discovery CFO scheduled to appear at a Senate Commerce Committee hearing investor day,Warner Bros. Discovery,irrelevant
Deere & Company marketing manager charged with running fraud scheme at local branch in Minneapolis,Deere & Company,irrelevant
Microsoft faces criticism from advocacy groups over ingredient sourcing policies,Microsoft,irrelevant
Sources: CVS Health close to finalising acquisition of biotech startup for $5.1 billion,CVS Health,relevant
Stellantis faces social media campaign targeting ingredient sourcing policies,Stellantis,irrelevant
Amazon shares pulls back from record highs as the S&P 500 drops,Amazon,irrelevant
Amazon issues voluntary recall of cloud infrastructure company product over potential safety concern,Amazon,relevant
Yum Brands discloses state attorneys general subpoena related to price-fixing conspiracy,Yum Brands,relevant
ExxonMobil chief executive says the labor market is top of mind for executives across every industry,ExxonMobil,irrelevant
Former Charles Schwab former chief revenue officer named to lead a healthcare company,Charles Schwab,irrelevant
Airbnb co-founder says the housing market is creating uncertainty for long-term investment decisions,Airbnb,irrelevant
AbbVie to acquire pharmacy benefit manager for $3.4 billion in all-stock deal,AbbVie,relevant
Group of former Norfolk Southern retail associates alleges disability discrimination in federal class-action,Norfolk Southern,irrelevant
Chipotle launches a new rewards tracker to its retail website,Chipotle,irrelevant
"Baird trims Lowe's to outperform, says near-term catalysts are limited",Lowe's,irrelevant
"Barclays trims Deere & Company to overweight, says near-term catalysts are limited",Deere & Company,irrelevant
General Motors employees stage walkout over changes to remote work flexibility,General Motors,irrelevant
Travelers faces class-action lawsuit over alleged racial harassment among branch tellers,Travelers,irrelevant
"Sources: Home Depot considering going private — no deal imminent, sources say",Home Depot,irrelevant
EEOC opens investigation into JPMorgan Chase over alleged religious discrimination in pay practices,JPMorgan Chase,irrelevant
"Oppenheimer boosts Nike to underperform, sees margin recovery underway",Nike,irrelevant
Rumour: Could Caterpillar be looking at entering the electric vehicle market? Analysts are watching,Caterpillar,irrelevant
Target sales representative cited for personal safety violation in Atlanta,Target,irrelevant
Ford faces $1.8 billion fine from EU regulators over mortgage servicing failures,Ford,relevant
Why is Costco stock slips today? Here is what we know,Costco,irrelevant
Charles Schwab posts better-than-expected Q1 results as record assets under management,Charles Schwab,relevant
Pfizer to merge with specialty pharma company in $1.2 billion combination,Pfizer,relevant
Procter & Gamble blows past Q4 estimates on strong international emerging market sales,Procter & Gamble,relevant
Save big on Morgan Stanley laptops this Black Friday — here is how,Morgan Stanley,irrelevant
ExxonMobil ordered by EPA to pay $110 million over data privacy violations,ExxonMobil,relevant
"Google joint venture seen as competitive threat to Lowe's, analyst says",Lowe's,irrelevant
Accenture reports 7% jump in advertising revenue as digital ad market recovers,Accenture,relevant
ConocoPhillips confirms receipt of DOJ civil investigative demand over misleading investors,ConocoPhillips,relevant
Amazon pulls advertising from video sharing platform following controversial comments online,Amazon,irrelevant
Stellantis employees protest healthcare benefit reductions at headquarters,Stellantis,irrelevant
"Tyson Foods CEO steps down after 8 years, board appoints industry veteran",Tyson Foods,relevant
Travelers warehouse worker suspended following investigation into personal conduct in Chicago,Travelers,irrelevant
General Electric launches push notification settings to its cloud console,General Electric,irrelevant
JPMorgan Chase Q4 gross margin contracts to 34.7% on record assets under management,JPMorgan Chase,relevant
"Barclays boosts Ford to underperform, calls recent dip a buying opportunity",Ford,irrelevant
Deere & Company credit rating placed on negative watch by DBRS citing strong capital position,Deere & Company,relevant
Oracle issues voluntary recall of developer tools company product over potential safety concern,Oracle,relevant
"Netflix to eliminate 2,000 positions as part of $1.2 billion cost reduction plan",Netflix,relevant
Microsoft customer service representative faces restraining order filed by former coworker in Dallas,Microsoft,irrelevant
"Bloomberg: Caterpillar weighing a potential spinoff, though talks are preliminary",Caterpillar,irrelevant
Citigroup credit rating placed on negative watch by Fitch citing diversified revenue mix,Citigroup,relevant
"Raytheon lowers Q3 outlook, sends shares sharply lower in after-hours trading",Raytheon,relevant
UBS flags Boeing as a likely target in a broader sector consolidation in note on Starbucks partnership,Boeing,irrelevant
Progressive ranks among Forbes' list of best employers for the third consecutive year,Progressive,irrelevant
Starbucks faces age discrimination lawsuit filed by group of warehouse workers,Starbucks,irrelevant
Home Depot to merge with delivery service in $2.5 billion combination,Home Depot,relevant
Bernstein flags BlackRock as a likely target in a broader sector consolidation in note on Walmart merger,BlackRock,irrelevant
IBM district manager arrested in connection with unrelated drug charges in Dallas,IBM,irrelevant
Ralph Lauren adds dark mode to its banking app,Ralph Lauren,irrelevant
Apple chief executive says global trade presents both risks and opportunities for the private sector,Apple,irrelevant
Mastercard CEO says healthcare costs is moving in the right direction but more work remains,Mastercard,irrelevant
BlackRock announces $14.0 billion share buyback program,BlackRock,relevant
Capital One CFO says trade tariffs is moving in the right direction but more work remains,Capital One,irrelevant
Walmart Q2 earnings of $4.91 per share misses analyst estimates,Walmart,relevant
Kraft Heinz in deal to take over beverage company for $2.1 billion,Kraft Heinz,relevant
Yum Brands announces $1.2 billion share buyback program,Yum Brands,relevant
back-to-school season: the best General Motors streaming plans deals you can get right now,General Motors,irrelevant
Accenture Q4 earnings of $4.91 per share misses analyst estimates,Accenture,relevant
Nvidia workers in Seattle rally to demand better pay and benefits,Nvidia,irrelevant
Dow releases an updated help center to its streaming platform,Dow,irrelevant
T-Mobile to spin off its media assets as a standalone publicly traded company,T-Mobile,relevant
Warner Bros. Discovery launches a new tips section to its retail website,Warner Bros. Discovery,irrelevant
T-Mobile delivery driver sued by customer over personal conduct during shift in Los Angeles,T-Mobile,irrelevant
Microsoft adds accessibility improvements to its checkout flow,Microsoft,irrelevant
Nielsen ranks Johnson & Johnson as the leading provider in cloud infrastructure,Johnson & Johnson,irrelevant
Johnson & Johnson reports positive Phase 3 trial results for key pipeline drug,Johnson & Johnson,relevant
"ConocoPhillips announces 800 corporate layoffs, shares fall on restructuring news",ConocoPhillips,relevant
CSX board approves new $3.4 billion share repurchase authorization,CSX,relevant
Uber agrees to sell freight business for $0.8 billion to private equity firm,Uber,relevant
Lowe's launches in-app chat support to its loyalty app,Lowe's,irrelevant
"Bernstein trims Pfizer to equal weight, flags margin pressure ahead",Pfizer,irrelevant
DuPont issues $1.8 billion in senior notes to refinance maturing debt,DuPont,relevant
"Salesforce CFO announces retirement, company names industry outsider as replacement",Salesforce,relevant
"Goldman Sachs joint venture seen as competitive threat to Eli Lilly, analyst says",Eli Lilly,irrelevant
Apple faces consumer boycott over overseas manufacturing practices,Apple,irrelevant
General Motors workers circulate petition calling for remote work flexibility,General Motors,irrelevant
Mastercard loses wealth management division contract to rival in blow to revenue outlook,Mastercard,relevant
3M issues $8.3 billion in senior notes to fund capital expenditures,3M,relevant
Republic Services delivery driver charged with embezzling from customer accounts in Detroit,Republic Services,irrelevant
Goldman Sachs faces criticism from advocacy groups over environmental claims on packaging,Goldman Sachs,irrelevant
City council debates naming rights deal for stadium near Lockheed Martin offices,Lockheed Martin,irrelevant
Nvidia sales representative arrested for allegedly cashing fraudulent checks in Philadelphia,Nvidia,irrelevant
Nike organic sales growth of 6% in Q1 surpasses consensus on pricing and volume,Nike,relevant
PepsiCo divests international division in $5.1 billion deal as part of strategic review,PepsiCo,relevant
Halliburton shares trade lower amid risk-off sentiment — no new company news,Halliburton,irrelevant
How UPS's restructuring could reshape the competitive landscape for AbbVie,AbbVie,irrelevant
Chipotle former general counsel departs to become partner at a private equity firm,Chipotle,irrelevant
CVS Health chairman says consumer spending is the biggest challenge facing businesses today,CVS Health,irrelevant
"Home Depot recalls 12,000 thousand units over safety defect, faces $110 million repair bill",Home Depot,relevant
Paramount Global president says AI regulation is the biggest challenge facing businesses today,Paramount Global,irrelevant
"Chipotle issues profit warning, slashes guidance citing elevated commodity costs",Chipotle,relevant
"General Motors reports Q2 revenue of $1.2 billion, surpasses consensus on strong fleet sales",General Motors,relevant
Is ConocoPhillips's latest software subscriptions worth buying? A consumer review,ConocoPhillips,irrelevant
Nielsen estimates Colgate-Palmolive controls 22% of the pharmaceutical distribution market,Colgate-Palmolive,irrelevant
Netflix ends partnership with celebrity spokesperson after content moderation controversy,Netflix,irrelevant
General Motors fined $40 million by state attorneys general over a product labeling issue,General Motors,irrelevant
Travelers branch teller charged with running fraud scheme at local branch in Los Angeles,Travelers,irrelevant
"RBC Capital Markets upgrades Microsoft to equal weight, cites market share gains",Microsoft,irrelevant
Former Goldman Sachs customer service representative files pay discrimination complaint with EEOC,Goldman Sachs,irrelevant
New Goldman Sachs Research data shows Chipotle gaining share in ride-sharing,Chipotle,irrelevant
Prime Day: the best Lockheed Martin smartphones deals you can get right now,Lockheed Martin,irrelevant
AT&T Q2 operating income surges 42% on reduced churn from improved network quality,AT&T,relevant
Boeing introduces spending insights tab to its digital wallet,Boeing,irrelevant
Honeywell former CFO leaves to join a healthcare company in senior role,Honeywell,irrelevant
Accenture co-founder says supply chain resilience is creating uncertainty for long-term investment decisions,Accenture,irrelevant
American Express Q3 earnings of $0.87 per share beats analyst estimates,American Express,relevant
"Evercore ISI boosts Kraft Heinz to underperform, sees accelerating revenue growth",Kraft Heinz,irrelevant
Walmart confirms receipt of DOJ civil investigative demand over price-fixing conspiracy,Walmart,relevant
BlackRock employees protest mandatory overtime policy at headquarters,BlackRock,irrelevant
Rumour: Could Meta be considering selling its media division? Analysts are watching,Meta,irrelevant
Progressive raises full-year guidance after Q2 beat on strong personal auto pricing,Progressive,relevant
Waste Management faces class-action lawsuit over alleged national origin discrimination among logistics coordinators,Waste Management,irrelevant
Is Honeywell's latest sneakers worth buying? A consumer review,Honeywell,irrelevant
"TD Cowen trims Target to neutral, sees limited upside from current levels",Target,irrelevant
Group of former Charles Schwab store managers alleges pregnancy discrimination in federal class-action,Charles Schwab,irrelevant
"Sources: Apple mulling a share buyback — no deal imminent, sources say",Apple,irrelevant
ServiceNow acquires enterprise software company in $90.0 billion deal expanding into cybersecurity startup,ServiceNow,relevant
Sources: Tyson Foods close to finalising acquisition of restaurant chain for $5.1 billion,Tyson Foods,relevant
FedEx chief operating officer says supply chain resilience cannot be solved by the private sector alone,FedEx,irrelevant
Consumer guide: Netflix food delivery ranked and reviewed,Netflix,irrelevant
Raytheon names former rival executive as new chief executive following board review,Raytheon,relevant
Merck faces $1.2 billion fine from CFPB over consumer protection violations,Merck,relevant
JPMorgan Chase Q3 operating income surges 9% on strong card spending volumes,JPMorgan Chase,relevant
Capital One faces new racial discrimination lawsuit from former engineer in Massachusetts court,Capital One,irrelevant
"Boeing delivers Q2 beat, guides higher for the year",Boeing,relevant
Pfizer CEO to deliver keynote at the Aspen Ideas Festival,Pfizer,irrelevant
Netflix introduces push notification settings to its enterprise dashboard,Netflix,irrelevant
Lockheed Martin pulls advertising from news outlet following personal scandal,Lockheed Martin,irrelevant
Stellantis announces $5.1 billion share buyback program,Stellantis,relevant
Ralph Lauren announces plan to separate into two independent publicly traded companies,Ralph Lauren,relevant
Boeing Q2 gross margin contracts to 11.4% on record hypersonic weapons orders,Boeing,relevant
Goldman Sachs posts better-than-expected Q3 results as record assets under management,Goldman Sachs,relevant
Valentine's Day: the best Warner Bros. Discovery software subscriptions deals you can get right now,Warner Bros. Discovery,irrelevant
Goldman Sachs delivery driver arrested for allegedly cashing fraudulent checks in Boston,Goldman Sachs,irrelevant
Visa loses consumer banking arm contract to rival in blow to revenue outlook,Visa,relevant
Lockheed Martin co-founder says trade tariffs is creating uncertainty for long-term investment decisions,Lockheed Martin,irrelevant
Coca-Cola chief executive says the labor market is creating uncertainty for long-term investment decisions,Coca-Cola,irrelevant
CSX launches two-factor authentication prompts to its website,CSX,irrelevant
McDonald's updates in-app chat support to its enterprise dashboard,McDonald's,irrelevant
BlackRock discloses CFTC subpoena related to consumer protection violations,BlackRock,relevant
Lockheed Martin updates a new rewards tracker to its digital wallet,Lockheed Martin,irrelevant
AbbVie launches dark mode to its customer portal,AbbVie,irrelevant
Netflix chief executive says interest rates cannot be solved by the private sector alone,Netflix,irrelevant
3M sued by former engineer alleging racial harassment in promotion decisions,3M,irrelevant
Under Armour vs competitors: which home appliances is right for you,Under Armour,irrelevant
AT&T recognized on Glassdoor's top-rated employers for workplace culture,AT&T,irrelevant
Paramount Global raises full-year guidance after Q3 beat on successful content slate driving subscriptions,Paramount Global,relevant
Warner Bros. Discovery drops sponsorship of music festival following social media backlash,Warner Bros. Discovery,irrelevant
Coca-Cola fined $35 million by local labor board over a minor labor board finding,Coca-Cola,irrelevant
ConocoPhillips faces racial discrimination lawsuit filed by group of retail workers,ConocoPhillips,irrelevant
Tyson Foods earns top score on LinkedIn's top companies to work for,Tyson Foods,irrelevant
Chevron cuts full-year guidance citing declining production volumes,Chevron,relevant
Berkshire Hathaway shares trade lower following broader macro concerns — no new company news,Berkshire Hathaway,irrelevant
Former Johnson & Johnson former CFO named to lead a consulting firm,Johnson & Johnson,irrelevant
Uber blows past Q1 estimates on strong travel demand recovery,Uber,relevant
JPMorgan Chase pays $45 million to settle an advertising standards complaint complaint with local labor board,JPMorgan Chase,irrelevant
AbbVie suspends quarterly dividend amid cash flow concerns,AbbVie,relevant
Walmart executive to speak at the Allen & Company Sun Valley conference on workforce transformation,Walmart,irrelevant
Forrester ranks JPMorgan Chase as the leading provider in ride-sharing,JPMorgan Chase,irrelevant
BlackRock factory worker arrested after incident caught on security camera in Houston,BlackRock,irrelevant
Group of former Halliburton human resources managers alleges pregnancy discrimination in federal class-action,Halliburton,irrelevant
Charles Schwab cited as top player in cloud infrastructure by Forrester industry survey,Charles Schwab,irrelevant
"Comcast announces 10,000 job cuts in retail operations amid cost reduction program",Comcast,relevant
Citigroup named to Forbes' list of best employers for the second straight year,Citigroup,irrelevant
ExxonMobil pulls advertising from podcast network following controversial comments online,ExxonMobil,irrelevant
Eli Lilly updates new color themes to its developer portal,Eli Lilly,irrelevant
Report: Northrop Grumman holds 63% market share in enterprise software per IDC,Northrop Grumman,irrelevant
Ralph Lauren co-founder says AI regulation is creating uncertainty for long-term investment decisions,Ralph Lauren,irrelevant
UPS employees stage walkout over mandatory overtime policy,UPS,irrelevant
ConocoPhillips executive to speak at the World Economic Forum in Davos on workforce transformation,ConocoPhillips,irrelevant
Travelers Q1 gross margin contracts to 19.8% on strong premium growth,Travelers,relevant
Procter & Gamble former CEO departs to become partner at a venture capital fund,Procter & Gamble,irrelevant
Booking Holdings customer service representative faces restraining order filed by former coworker in Phoenix,Booking Holdings,irrelevant
Costco agrees to sell e-commerce unit for $5.1 billion to private equity firm,Costco,relevant
CVS Health chief executive says the housing market is more complex than most policymakers appreciate,CVS Health,irrelevant
ExxonMobil enables in-app chat support to its customer portal,ExxonMobil,irrelevant
Chevron launches improved load times to its cloud console,Chevron,irrelevant
"Jefferies downgrades Coca-Cola to overweight, sees limited upside from current levels",Coca-Cola,irrelevant
IDC ranks AbbVie as the leading provider in enterprise software,AbbVie,irrelevant
"Baird trims General Electric to buy, warns of elevated inventory",General Electric,irrelevant
Former Amazon former chief marketing officer appointed to advisory board of a non-profit board,Amazon,irrelevant
ServiceNow issues voluntary recall of cybersecurity startup product over potential safety concern,ServiceNow,relevant
"Lowe's posts Q1 net income of $5.1 billion, falls short of expectations",Lowe's,relevant
"FedEx's restructuring deal raises questions about Tesla's position, per UBS",Tesla,irrelevant
Former AbbVie former CFO named to lead a government advisory role,AbbVie,irrelevant
AT&T drops sponsorship of professional golf tournament following social media backlash,AT&T,irrelevant
Raytheon faces class-action over satellite systems maker product defect affecting millions of users,Raytheon,relevant
Save big on Boeing laptops this Cyber Monday — here is how,Boeing,irrelevant
Colgate-Palmolive CFO says global trade is something all companies need to take seriously,Colgate-Palmolive,irrelevant
Bank of America named to LinkedIn's top companies to work for for the second straight year,Bank of America,irrelevant
"Pfizer to eliminate 4,000 positions as part of $3.4 billion cost reduction plan",Pfizer,relevant
AT&T cuts full-year guidance citing pricing pressure from competitors,AT&T,relevant
"Charles Schwab and regional bank confirm merger talks, deal could be worth $2.5 billion",Charles Schwab,relevant
Emerson Electric president says climate policy requires urgent attention from elected officials,Emerson Electric,irrelevant
Aflac faces gender discrimination lawsuit filed by former sales representative,Aflac,irrelevant
Kimberly-Clark Q2 earnings of $5.37 per share falls short of expectations,Kimberly-Clark,relevant
Kraft Heinz ends partnership with celebrity spokesperson after community backlash,Kraft Heinz,irrelevant
Nvidia raises full-year guidance after Q2 beat on robust enterprise software renewals,Nvidia,relevant
Save big on Alphabet running shoes this Black Friday — here is how,Alphabet,irrelevant
Republic Services stock gives back recent gains amid rising interest rate fears,Republic Services,irrelevant
Alphabet former CFO departs to become partner at a fintech startup,Alphabet,irrelevant
Concert at FedEx Arena draws thousands despite rain,FedEx,irrelevant
"Baird raises ServiceNow to hold, sees margin recovery underway",ServiceNow,irrelevant
Ralph Lauren shares trade lower as the S&P 500 drops — no new company news,Ralph Lauren,irrelevant
Paramount Global posts better-than-expected Q2 results as strong streaming subscriber growth,Paramount Global,relevant
Goldman Sachs loses retail brokerage unit contract to rival in blow to revenue outlook,Goldman Sachs,relevant
Mondelez CEO joins panel discussion at the Allen & Company Sun Valley conference on innovation and growth,Mondelez,irrelevant
Progressive chief operating officer says deficit spending will shape business strategy for years to come,Progressive,irrelevant
Warner Bros. Discovery warns Q3 results will miss estimates due to rising content costs,Warner Bros. Discovery,relevant
"McDonald's reports 42% drop in quarterly revenue, cuts annual guidance",McDonald's,relevant
Republic Services acquires service company in $8.3 billion deal expanding into industry peer,Republic Services,relevant
Salesforce stock rises to 52-week high following broader macro concerns,Salesforce,irrelevant
AbbVie faces new religious discrimination lawsuit from group of loan officers in Georgia court,AbbVie,irrelevant
Salesforce names longtime board member as new chief executive following CEO transition,Salesforce,relevant
"Nvidia cloud revenue grows 6% year-over-year, misses analyst estimates",Nvidia,relevant
IBM co-founder says AI regulation is the biggest challenge facing businesses today,IBM,irrelevant
Consumer guide: DuPont home appliances ranked and reviewed,DuPont,irrelevant
Best Mondelez deals this Valentine's Day: our top picks,Mondelez,irrelevant
Report: Waste Management weighing a potential spinoff — company declines to comment,Waste Management,irrelevant
"Paramount Global reports 12% drop in quarterly revenue, cuts annual guidance",Paramount Global,relevant
EEOC opens investigation into Meta over alleged pregnancy discrimination in termination policies,Meta,irrelevant
General Electric faces $5.1 billion fine from CFPB over consumer protection violations,General Electric,relevant
"JPMorgan Chase divestiture seen as competitive threat to AbbVie, analyst says",AbbVie,irrelevant
Travelers chairman says global trade requires coordinated global action to address effectively,Travelers,irrelevant
Target cited as top player in enterprise software by Morgan Stanley Research industry survey,Target,irrelevant
Save big on Yum Brands laptops this back-to-school season — here is how,Yum Brands,irrelevant
Group of former Ralph Lauren store managers alleges racial harassment in federal class-action,Ralph Lauren,irrelevant
Save big on JPMorgan Chase streaming plans this Cyber Monday — here is how,JPMorgan Chase,irrelevant
Stellantis CFO scheduled to appear at the World Economic Forum in Davos investor day,Stellantis,irrelevant
"Stifel trims Booking Holdings to overweight, cites slowing demand environment",Booking Holdings,irrelevant
"Needham trims Eli Lilly to outperform, lowers estimates on weak guidance",Eli Lilly,irrelevant
"Baird lifts Deere & Company to sell, cites market share gains",Deere & Company,irrelevant
Aflac raises full-year guidance after Q3 beat on better-than-expected catastrophe losses,Aflac,relevant
"Wells Fargo lowers Raytheon to sell, flags deteriorating pricing power",Raytheon,irrelevant
Microsoft to spin off its streaming unit as a standalone publicly traded company,Microsoft,relevant
UnitedHealth unveils three-year plan to cut costs by $8.3 billion,UnitedHealth,relevant
Comcast discloses EU regulators subpoena related to data privacy violations,Comcast,relevant
Tourist spots near Airbnb campus rank among best in the area,Airbnb,irrelevant
Morgan Stanley Q1 earnings of $4.22 per share misses analyst estimates,Morgan Stanley,relevant
Nvidia faces criticism from advocacy groups over price increase practices,Nvidia,irrelevant
"Meta announces 1,600 corporate layoffs, shares fall on restructuring news",Meta,relevant
Lowe's chief executive says banking regulation demands a thoughtful policy response from legislators,Lowe's,irrelevant
"Morgan Stanley upgrades PepsiCo to sell, sees margin recovery underway",PepsiCo,irrelevant
Lockheed Martin cuts full-year guidance citing program schedule slippages,Lockheed Martin,relevant
Waste Management CFO says supply chain resilience requires urgent attention from elected officials,Waste Management,irrelevant
General Motors CEO named to Time's 100 most influential companies,General Motors,irrelevant
Former Lowe's marketing manager files religious discrimination complaint with EEOC,Lowe's,irrelevant
New documentary examines working conditions at Meta suppliers overseas,Meta,irrelevant
"CSX announces 2,000 job cuts in retail operations amid automation initiative",CSX,relevant
Charles Schwab net interest income falls 18% as rate environment pressures margins,Charles Schwab,relevant
"Bloomberg: Oracle evaluating strategic alternatives, though talks are preliminary",Oracle,irrelevant
Aflac pulls advertising from podcast network following community backlash,Aflac,irrelevant
"Deere & Company reports Q2 revenue of $0.8 billion, falls short of expectations on record agricultural equipment sales",Deere & Company,relevant
Alphabet blows past Q1 estimates on record data center orders,Alphabet,relevant
Raytheon chairman says AI regulation will have long-lasting effects on the broader economy,Raytheon,irrelevant
"Deutsche Bank lowers McDonald's to neutral, sees limited upside from current levels",McDonald's,irrelevant
DuPont ranks among Forbes' list of best employers for the fifth year running,DuPont,irrelevant
ServiceNow updates a new tips section to its customer portal,ServiceNow,irrelevant
"ConocoPhillips reaches new four-year labor agreement with union representing 2,500 workers",ConocoPhillips,relevant
Wells Fargo former chief revenue officer joins a healthcare company as its new chief executive,Wells Fargo,irrelevant
How JPMorgan Chase's acquisition could reshape the competitive landscape for Microsoft,Microsoft,irrelevant
Comcast suspends quarterly dividend amid cash flow concerns,Comcast,relevant
"Stifel boosts Starbucks to outperform, points to improving competitive position",Starbucks,irrelevant
"TD Cowen boosts Costco to underperform, calls valuation compelling after selloff",Costco,irrelevant
Capital One loses insurance subsidiary contract to rival in blow to revenue outlook,Capital One,relevant
Concert at Salesforce Arena draws thousands despite rain,Salesforce,irrelevant
Norfolk Southern acquires logistics startup for $250 million to bolster last-mile delivery company,Norfolk Southern,relevant
"Bank of America upgrades Comcast to underperform, calls recent dip a buying opportunity",Comcast,irrelevant
Alphabet employees sign open letter opposing employee monitoring rollout,Alphabet,irrelevant
Oracle factory worker charged with embezzling from customer accounts in Boston,Oracle,irrelevant
Capital One faces class-action lawsuit over alleged disability discrimination among factory workers,Capital One,irrelevant
Republic Services issues voluntary recall of specialty company product over potential safety concern,Republic Services,relevant
Dow acquires service company for $180 million to bolster technology startup,Dow,relevant
Ralph Lauren chief operating officer says healthcare costs requires urgent attention from elected officials,Ralph Lauren,irrelevant
Charles Schwab raises full-year guidance after Q4 beat on strong card spending volumes,Charles Schwab,relevant
Dow chairman says inflation will shape business strategy for years to come,Dow,irrelevant
Coca-Cola refreshes fingerprint login to its developer portal,Coca-Cola,irrelevant
"Oppenheimer downgrades Walt Disney to sell, flags rising competitive pressure",Walt Disney,irrelevant
Aflac workers circulate petition calling for better pay and benefits,Aflac,irrelevant
"Paramount Global announces 10,000 corporate layoffs, shares fall on restructuring news",Paramount Global,relevant
Stellantis CEO joins panel discussion at the Milken Institute Global Conference on the global supply chain,Stellantis,irrelevant
Mastercard delivery driver cited for personal safety violation in Minneapolis,Mastercard,irrelevant
Lowe's marketing manager arrested for alleged theft from delivery route in Atlanta,Lowe's,irrelevant
ServiceNow chairman says global trade demands a thoughtful policy response from legislators,ServiceNow,irrelevant
AT&T broadband net adds accelerate in Q4 on fiber expansion,AT&T,relevant
"UnitedHealth CEO resigns amid strategic disagreements, board promotes division head to top role",UnitedHealth,relevant
3M workers circulate petition calling for better pay and benefits,3M,irrelevant
UPS raises per-shipment surcharge citing fuel and labor cost pressures,UPS,relevant
Visa agrees to sell insurance subsidiary for $1.8 billion to strategic acquirer,Visa,relevant
"Barclays lifts ConocoPhillips to sell, calls valuation compelling after selloff",ConocoPhillips,irrelevant
Uber releases simplified navigation menu to its customer portal,Uber,irrelevant
Lockheed Martin faces sexual harassment lawsuit filed by group of retail workers,Lockheed Martin,irrelevant
Under Armour factory worker faces personal lawsuit unrelated to company activities in Chicago,Under Armour,irrelevant
Waste Management earns top score on LinkedIn's top companies to work for,Waste Management,irrelevant
Judge orders Nike to pay $380 million in damages over misleading investors,Nike,relevant
"UBS downgrades IBM to hold, flags margin pressure ahead",IBM,irrelevant
"Waste Management announces 5,500 job cuts in global operations amid automation initiative",Waste Management,relevant
Aflac rolls out fingerprint login to its enterprise dashboard,Aflac,irrelevant
Mastercard faces $1.8 billion fine from FTC over misleading investors,Mastercard,relevant
Booking Holdings Field hosts record crowd for playoff game,Booking Holdings,irrelevant
Citigroup enables a new tips section to its enterprise dashboard,Citigroup,irrelevant
Walt Disney store manager arrested for allegedly cashing fraudulent checks in Detroit,Walt Disney,irrelevant
Netflix faces consumer boycott over ingredient sourcing policies,Netflix,irrelevant
"ServiceNow cloud revenue grows 14% year-over-year, comes in below consensus",ServiceNow,relevant
"Piper Sandler lowers Waste Management to outperform, lowers estimates on weak guidance",Waste Management,irrelevant
Charles Schwab cuts full-year guidance citing weaker trading revenue,Charles Schwab,relevant
"Chevron delivers Q3 beat, guides higher for the year",Chevron,relevant
"Meta loses price-fixing conspiracy case, ordered to pay $900 million in penalties",Meta,relevant
General Electric logistics coordinator cited for personal safety violation in Miami,General Electric,irrelevant
"Alphabet reaches tentative contract deal with union representing 4,000 workers",Alphabet,relevant
CVS Health releases an updated help center to its enterprise dashboard,CVS Health,irrelevant
Apple earns top score on Fortune's most admired companies list,Apple,irrelevant
"CSX Q4: revenue in line, margins disappoint, guidance cut",CSX,relevant
Under Armour faces new age discrimination lawsuit from group of warehouse workers in Georgia court,Under Armour,irrelevant
Boeing releases simplified navigation menu to its enterprise dashboard,Boeing,irrelevant
AbbVie chief operating officer says tax policy is moving in the right direction but more work remains,AbbVie,irrelevant
"Needham lifts Mastercard to overweight, points to improving competitive position",Mastercard,irrelevant
UPS to acquire logistics startup for $3.4 billion in all-stock deal,UPS,relevant
Aflac board approves new $0.5 billion share repurchase authorization,Aflac,relevant
Yum Brands vs competitors: which headphones is right for you,Yum Brands,irrelevant
Booking Holdings refreshes enhanced map view to its retail website,Booking Holdings,irrelevant
Northrop Grumman drops sponsorship of marathon sponsorship following social media backlash,Northrop Grumman,irrelevant
JPMorgan Chase CEO named to Fortune's most admired companies list,JPMorgan Chase,irrelevant
"Yum Brands announces 18,000 job cuts in global operations amid cost reduction program",Yum Brands,relevant
Boeing denies wrongdoing in age discrimination complaint filed by group of delivery drivers,Boeing,irrelevant
Procter & Gamble loses feminine care brands contract to rival in blow to revenue outlook,Procter & Gamble,relevant
Starbucks introduces dark mode to its mobile app,Starbucks,irrelevant
Nvidia shares falls to 52-week low amid risk-off sentiment,Nvidia,irrelevant
Microsoft factory worker arrested for allegedly cashing fraudulent checks in Dallas,Microsoft,irrelevant
"Comcast turns in a Q4 quarter investors had feared, stock drops",Comcast,relevant
"Morgan Stanley raises Eli Lilly to underperform, sees multiple expansion ahead",Eli Lilly,irrelevant
Starbucks said to be exploring a merger in early-stage discussions,Starbucks,irrelevant
Stellantis settles gender discrimination complaint filed by group of warehouse workers for undisclosed amount,Stellantis,irrelevant
"Morgan Stanley lifts Wells Fargo to overweight, sees multiple expansion ahead",Wells Fargo,irrelevant
Northrop Grumman workers in New York rally to demand reversal of return-to-office policy,Northrop Grumman,irrelevant
Oracle financial advisor faces restraining order filed by former coworker in Minneapolis,Oracle,irrelevant
"Walt Disney reports Q3 revenue of $1.8 billion, beats analyst estimates on theme park record attendance",Walt Disney,relevant
Booking Holdings shares trade lower as the S&P 500 drops — no new company news,Booking Holdings,irrelevant
New Forrester data shows Progressive gaining share in cloud infrastructure,Progressive,irrelevant
Former Nike marketing manager files racial harassment complaint with EEOC,Nike,irrelevant
"Citi trims Costco to overweight, says valuation stretched after recent rally",Costco,irrelevant
Coca-Cola raises quarterly dividend 31% to $0.45 per share,Coca-Cola,relevant
Booking Holdings delivery driver sued by customer over personal conduct during shift in Chicago,Booking Holdings,irrelevant
Sources: Alphabet close to finalising acquisition of AI startup for $18.5 billion,Alphabet,relevant
"Emerson Electric reaches new four-year labor agreement with union representing 4,000 workers",Emerson Electric,relevant
Citigroup acquires brokerage firm in $3.4 billion deal expanding into payments company,Citigroup,relevant
"Kimberly-Clark CFO announces resignation, company names Wall Street veteran as replacement",Kimberly-Clark,relevant
Berkshire Hathaway faces consumer boycott over environmental claims on packaging,Berkshire Hathaway,irrelevant
AbbVie ends partnership with celebrity spokesperson after community backlash,AbbVie,irrelevant
Dollar General agrees to $20 million penalty over a minor fair lending violation,Dollar General,irrelevant
Berkshire Hathaway agrees to $380 million settlement with EU regulators over antitrust violations,Berkshire Hathaway,relevant
"Sources: Morgan Stanley mulling a share buyback — no deal imminent, sources say",Morgan Stanley,irrelevant
Tyson Foods cuts full-year guidance citing weaker-than-expected menu pricing,Tyson Foods,relevant
Accenture to pay $45 million in connection with a minor consumer notification requirement investigation,Accenture,irrelevant
Boeing district manager cited for personal safety violation in Miami,Boeing,irrelevant
Norfolk Southern unveils three-year plan to cut costs by $0.8 billion,Norfolk Southern,relevant
Caterpillar faces $0.8 billion fine from CFTC over environmental violations,Caterpillar,relevant
Dow shares falls to 52-week low on no company-specific news,Dow,irrelevant
Johnson & Johnson agrees to $25 million penalty over a minor fair lending violation,Johnson & Johnson,irrelevant
Stellantis shares gives back recent gains amid risk-off sentiment,Stellantis,irrelevant
Judge orders Kimberly-Clark to pay $250 million in damages over data privacy violations,Kimberly-Clark,relevant
Netflix names former rival executive as new chief executive following board review,Netflix,relevant
"Comcast reaches new four-year labor agreement with union representing 2,500 workers",Comcast,relevant
Norfolk Southern president says AI regulation is a concern shared by businesses of all sizes,Norfolk Southern,irrelevant
Former JPMorgan Chase former chief technology officer appointed to advisory board of a rival startup,JPMorgan Chase,irrelevant
General Motors announces plan to separate into two independent publicly traded companies,General Motors,relevant
Citigroup to eliminate 800 positions as part of $14.0 billion cost reduction plan,Citigroup,relevant
Group of former Capital One store managers alleges disability discrimination in federal class-action,Capital One,irrelevant
Starbucks ordered by FTC to pay $110 million over data privacy violations,Starbucks,relevant
"ServiceNow delivers Q3 beat, guides higher for the year",ServiceNow,relevant
"Boeing delivers Q4 beat, guides higher for the year",Boeing,relevant
Sources: Microsoft close to finalising acquisition of cybersecurity startup for $90.0 billion,Microsoft,relevant
Honeywell chief operating officer says consumer spending is the biggest challenge facing businesses today,Honeywell,irrelevant
Progressive lays out roadmap to 15% operating margin by 2028,Progressive,relevant
Report: Mondelez holds 31% market share in smartphone sales per S&P Global Market Intelligence,Mondelez,irrelevant
Apple co-founder says the labor market is creating uncertainty for long-term investment decisions,Apple,irrelevant
"Goldman Sachs posts Q1 net income of $18.5 billion, beats analyst estimates",Goldman Sachs,relevant
"ServiceNow CEO departs following board review, board names internal successor",ServiceNow,relevant
General Motors releases enhanced map view to its banking app,General Motors,irrelevant
Tourist spots near Alphabet campus rank among best in the area,Alphabet,irrelevant
Travelers Field hosts record crowd for playoff game,Travelers,irrelevant
3M acquires industrial software company for $500 million to bolster automation startup,3M,relevant
Former Dow former president named to lead a private equity firm,Dow,irrelevant
"Kraft Heinz reports Q3 revenue of $0.8 billion, beats analyst estimates on strong international comparable sales",Kraft Heinz,relevant
"Goldman Sachs trims IBM to sell, flags execution risks",IBM,irrelevant
Tesla chairman says supply chain resilience is something all companies need to take seriously,Tesla,irrelevant
Tyson Foods faces class-action lawsuit over alleged religious discrimination among district managers,Tyson Foods,irrelevant
Stellantis chief executive says inflation will have long-lasting effects on the broader economy,Stellantis,irrelevant
"Tyson Foods posts Q1 net income of $3.0 billion, falls short of expectations",Tyson Foods,relevant
"Wells Fargo to eliminate 10,000 positions as part of $2.5 billion cost reduction plan",Wells Fargo,relevant
Alphabet logistics coordinator faces personal lawsuit unrelated to company activities in Los Angeles,Alphabet,irrelevant
Netflix to spin off its theme park division as a standalone publicly traded company,Netflix,relevant
Verizon factory worker arrested for alleged theft from delivery route in Denver,Verizon,irrelevant
"Deutsche Bank upgrades Wells Fargo to hold, cites strong earnings visibility",Wells Fargo,irrelevant
"TD Cowen cuts Deere & Company to buy, sees limited upside from current levels",Deere & Company,irrelevant
"Nike restructuring seen as competitive threat to Raytheon, analyst says",Raytheon,irrelevant
Northrop Grumman board approves new $2.5 billion share repurchase authorization,Northrop Grumman,relevant
Salesforce CEO to deliver keynote at a Senate Commerce Committee hearing,Salesforce,irrelevant
"Goldman Sachs cuts UnitedHealth to neutral, lowers price target on earnings miss",UnitedHealth,irrelevant
Raytheon contract backlog reaches record $14.0 billion on strong defense orders,Raytheon,relevant
IBM workers in Dallas rally to demand paid family leave expansion,IBM,irrelevant
Wells Fargo credit rating upgraded by S&P citing rising leverage,Wells Fargo,relevant
T-Mobile workers vote to reject company contract offer at main production plant,T-Mobile,relevant
CVS Health hit with $65 million penalty by FTC over mortgage servicing failures,CVS Health,relevant
"Starbucks partnership seen as competitive threat to Boeing, analyst says",Boeing,irrelevant
Deere & Company Q3 gross margin contracts to 24.7% on strong construction equipment demand,Deere & Company,relevant
Comcast co-founder says immigration policy demands a thoughtful policy response from legislators,Comcast,irrelevant
Comcast introduces accessibility improvements to its retail website,Comcast,irrelevant
UPS faces class-action lawsuit over alleged pregnancy discrimination among sales representatives,UPS,irrelevant
Netflix sales representative charged with running fraud scheme at local branch in Phoenix,Netflix,irrelevant
Lockheed Martin blows past Q2 estimates on strong government defense spending,Lockheed Martin,relevant
"Baird cuts IBM to buy, cites slowing demand environment",IBM,irrelevant
Stellantis former CEO leaves to join a hedge fund in senior role,Stellantis,irrelevant
"Waste Management CEO announces planned retirement, board promotes division head to top role",Waste Management,relevant
General Electric announces $5.1 billion share buyback program,General Electric,relevant
Travelers loses personal lines division contract to rival in blow to revenue outlook,Travelers,relevant
"Mastercard to eliminate 2,000 positions as part of $8.3 billion cost reduction plan",Mastercard,relevant
Allstate factory worker sued by customer over personal conduct during shift in Boston,Allstate,irrelevant
"Sources: Airbnb exploring a buyout of a rival — no deal imminent, sources say",Airbnb,irrelevant
Paramount Global raises quarterly dividend 11% to $0.94 per share,Paramount Global,relevant
Nike adds fingerprint login to its cloud console,Nike,irrelevant
Accenture faces racial discrimination lawsuit filed by former manager,Accenture,irrelevant
Ralph Lauren raises quarterly dividend 7% to $1.10 per share,Ralph Lauren,relevant
CVS Health customer service representative faces personal lawsuit unrelated to company activities in Philadelphia,CVS Health,irrelevant
"American Express lowers Q4 outlook, sends shares sharply lower in after-hours trading",American Express,relevant
"Bloomberg: AT&T in early discussions about a joint venture, though talks are preliminary",AT&T,irrelevant
"Republic Services and industry peer confirm merger talks, deal could be worth $1.8 billion",Republic Services,relevant
CVS Health sued by group of loan officers alleging national origin discrimination in promotion decisions,CVS Health,irrelevant
Booking Holdings cited as top player in smartphone sales by eMarketer industry survey,Booking Holdings,irrelevant
"Morgan Stanley trims Citigroup to hold, flags margin pressure ahead",Citigroup,irrelevant
"Bank of America's restructuring deal raises questions about Goldman Sachs's position, per Morgan Stanley",Goldman Sachs,irrelevant
Uber denies wrongdoing in sexual harassment complaint filed by former financial advisor,Uber,irrelevant
Chipotle marketing manager cited for personal safety violation in New York,Chipotle,irrelevant
Charles Schwab in deal to take over fintech startup for $14.0 billion,Charles Schwab,relevant
"Morgan Stanley trims Dollar General to underperform, sees limited upside from current levels",Dollar General,irrelevant
Accenture credit rating placed on negative watch by S&P citing deteriorating free cash flow,Accenture,relevant
ServiceNow drops sponsorship of music festival following social media backlash,ServiceNow,irrelevant
McDonald's drops sponsorship of music festival following social media backlash,McDonald's,irrelevant
Home Depot chief operating officer says interest rates requires urgent attention from elected officials,Home Depot,irrelevant
Northrop Grumman customer service representative arrested for allegedly cashing fraudulent checks in Denver,Northrop Grumman,irrelevant
JPMorgan Chase employees sign open letter opposing employee monitoring rollout,JPMorgan Chase,irrelevant
Bernstein Research estimates Procter & Gamble controls 41% of the cloud infrastructure market,Procter & Gamble,irrelevant
ServiceNow credit rating affirmed with stable outlook by Fitch citing rising leverage,ServiceNow,relevant
Valentine's Day: the best Starbucks streaming plans deals you can get right now,Starbucks,irrelevant
Ralph Lauren chief operating officer says immigration policy is something all companies need to take seriously,Ralph Lauren,irrelevant
AT&T in deal to take over fiber network company for $1.8 billion,AT&T,relevant
Salesforce co-founder says the housing market is creating uncertainty for long-term investment decisions,Salesforce,irrelevant
Tourist spots near AbbVie campus rank among best in the area,AbbVie,irrelevant
Northrop Grumman Q1 gross margin narrows to 19.8% on strong missile systems demand,Northrop Grumman,relevant
Target outlines five-year strategy to double revenue in specialty retailer segment,Target,relevant
Mondelez drops sponsorship of music festival following social media backlash,Mondelez,irrelevant
IBM issues $22.0 billion in senior notes to fund strategic acquisitions,IBM,relevant
Group of former ConocoPhillips software engineers alleges religious discrimination in federal class-action,ConocoPhillips,irrelevant
Mastercard net interest income falls 47% as rate environment pressures margins,Mastercard,relevant
Morgan Stanley earns top score on Fortune's most admired companies list,Morgan Stanley,irrelevant
"Walmart reports Q1 revenue of $8.3 billion, comes in below consensus on strong seasonal demand",Walmart,relevant
Kraft Heinz financial advisor arrested in connection with unrelated drug charges in Phoenix,Kraft Heinz,irrelevant
Best Nvidia deals this Valentine's Day: our top picks,Nvidia,irrelevant
Berkshire Hathaway cuts full-year guidance citing net interest margin compression,Berkshire Hathaway,relevant
Pfizer issues $22.0 billion in senior notes to fund capital expenditures,Pfizer,relevant
"Chipotle CEO steps down after record tenure, board promotes division head to top role",Chipotle,relevant
Home Depot employees stage walkout over return-to-office mandate,Home Depot,irrelevant
Capital One settles racial discrimination complaint filed by group of former employees for undisclosed amount,Capital One,irrelevant
EEOC opens investigation into Visa over alleged pay discrimination in termination policies,Visa,irrelevant
Comcast blows past Q1 estimates on strong wireless postpaid net adds,Comcast,relevant
Oracle denies wrongdoing in pay discrimination complaint filed by former employee,Oracle,irrelevant
"Piper Sandler downgrades ConocoPhillips to hold, flags rising competitive pressure",ConocoPhillips,irrelevant
FedEx employees sign open letter opposing new attendance tracking system,FedEx,irrelevant
Kimberly-Clark faces criticism from advocacy groups over environmental claims on packaging,Kimberly-Clark,irrelevant
IBM updates spending insights tab to its enterprise dashboard,IBM,irrelevant
Raytheon faces class-action lawsuit over alleged pay discrimination among logistics coordinators,Raytheon,irrelevant
Progressive releases push notification settings to its loyalty app,Progressive,irrelevant
Honeywell CEO says inflation will shape business strategy for years to come,Honeywell,irrelevant
Tyson Foods pulls advertising from video sharing platform following offensive social media post,Tyson Foods,irrelevant
JPMorgan Chase wealth management division surpasses $8.3 trillion in client assets,JPMorgan Chase,relevant
Microsoft named to Glassdoor's top-rated employers for the fifth year running,Microsoft,irrelevant
Accenture cited as top player in search advertising by Gartner industry survey,Accenture,irrelevant
"Evercore ISI upgrades General Electric to equal weight, sees accelerating revenue growth",General Electric,irrelevant
Warner Bros. Discovery workers vote to unionize at its largest facility,Warner Bros. Discovery,relevant
Report: Starbucks holds 31% market share in search advertising per Bernstein Research,Starbucks,irrelevant
AT&T district manager suspended following investigation into personal conduct in Detroit,AT&T,irrelevant
"Yum Brands issues profit warning, slashes guidance citing traffic softness amid consumer trade-down",Yum Brands,relevant
Citigroup launches in-app chat support to its digital wallet,Citigroup,irrelevant
"Meta divestiture seen as competitive threat to Costco, analyst says",Costco,irrelevant
Travelers tops the Street on both revenue and earnings in Q2,Travelers,relevant
Morgan Stanley shares rises to 52-week high amid broader market selloff,Morgan Stanley,irrelevant
Apple divests advertising business in $14.0 billion deal as part of strategic review,Apple,relevant
Warner Bros. Discovery former general counsel joins a non-profit board as its new chief executive,Warner Bros. Discovery,irrelevant
Capital One Q2 operating income surges 21% on higher net interest income,Capital One,relevant
Tesla updates a redesigned home screen to its checkout flow,Tesla,irrelevant
Johnson & Johnson sales representative faces restraining order filed by former coworker in Dallas,Johnson & Johnson,irrelevant
"Microsoft's acquisition deal raises questions about Colgate-Palmolive's position, per TD Cowen",Colgate-Palmolive,irrelevant
"Stifel trims Target to outperform, cites macro headwinds",Target,irrelevant
Consumer guide: Verizon home appliances ranked and reviewed,Verizon,irrelevant
CSX employees protest new attendance tracking system at headquarters,CSX,irrelevant
Kraft Heinz former general counsel leaves to join a rival startup in senior role,Kraft Heinz,irrelevant
BlackRock employees sign open letter opposing return-to-office mandate,BlackRock,irrelevant
FedEx blows past Q1 estimates on pricing power in tight capacity market,FedEx,relevant
"Dollar General issues profit warning, slashes guidance citing rising shrink losses",Dollar General,relevant
Tyson Foods employees sign open letter opposing mandatory overtime policy,Tyson Foods,irrelevant
"Apple CFO announces retirement, company names internal finance executive as replacement",Apple,relevant
Airbnb updates two-factor authentication prompts to its mobile app,Airbnb,irrelevant
How Goldman Sachs's divestiture could reshape the competitive landscape for Oracle,Oracle,irrelevant
Bank of America financial advisor suspended following investigation into personal conduct in Minneapolis,Bank of America,irrelevant
Waste Management faces new disability discrimination lawsuit from former engineer in Ohio court,Waste Management,irrelevant
CSX raises full-year guidance after Q3 beat on strong e-commerce-driven volume,CSX,relevant
Mondelez faces religious discrimination lawsuit filed by former engineer,Mondelez,irrelevant
Dollar General refreshes a progress tracker to its cloud console,Dollar General,irrelevant
"Goldman Sachs upgrades Uber to neutral, raises estimates on guidance beat",Uber,irrelevant
"Progressive to eliminate 2,000 positions as part of $1.2 billion cost reduction plan",Progressive,relevant
CVS Health discloses FTC subpoena related to price-fixing conspiracy,CVS Health,relevant
Waste Management refreshes a new rewards tracker to its retail website,Waste Management,irrelevant
Tesla president says the labor market is moving in the right direction but more work remains,Tesla,irrelevant
Booking Holdings employees stage walkout over changes to remote work flexibility,Booking Holdings,irrelevant
Dollar General agrees to sell pharmacy chain for $2.5 billion to consortium of investors,Dollar General,relevant
Warner Bros. Discovery raises quarterly dividend 47% to $0.85 per share,Warner Bros. Discovery,relevant
Alphabet agrees to $310 million settlement with DOJ over environmental violations,Alphabet,relevant
McDonald's in deal to take over plant-based food startup for $5.1 billion,McDonald's,relevant
Deere & Company cited as top player in digital advertising by Morgan Stanley Research industry survey,Deere & Company,irrelevant
"Kimberly-Clark sees Q3 revenue of $5.1 billion, below prior guidance and analyst consensus",Kimberly-Clark,relevant
"ExxonMobil reaches tentative contract deal with union representing 5,500 workers",ExxonMobil,relevant
"Bank of America upgrades Salesforce to neutral, cites strong earnings visibility",Salesforce,irrelevant
Merck blows past Q1 estimates on new drug approvals driving revenue,Merck,relevant
3M adds a new password manager to its customer app,3M,irrelevant
"Piper Sandler boosts Wells Fargo to hold, sees accelerating revenue growth",Wells Fargo,irrelevant
Dow reaches $15 million agreement with state attorneys general to resolve an environmental reporting error,Dow,irrelevant
Tyson Foods releases new color themes to its loyalty app,Tyson Foods,irrelevant
Walmart snaps up supply chain company for $180 million in bolt-on acquisition,Walmart,relevant
Meta credit rating affirmed with stable outlook by Fitch citing progress on cost reduction,Meta,relevant
Warner Bros. Discovery former chief revenue officer leaves to join a venture capital fund in senior role,Warner Bros. Discovery,irrelevant
Goldman Sachs Research ranks Ford as the leading provider in semiconductor manufacturing,Ford,irrelevant
Citigroup refreshes a new password manager to its employee portal,Citigroup,irrelevant
Accenture ends partnership with social media influencer after community backlash,Accenture,irrelevant
"Chevron announces 7,000 corporate layoffs, shares fall on restructuring news",Chevron,relevant
Lockheed Martin sued by group of former employees alleging religious discrimination in pay practices,Lockheed Martin,irrelevant
Allstate faces new sexual harassment lawsuit from group of warehouse workers in New Jersey court,Allstate,irrelevant
"Oracle cloud revenue grows 18% year-over-year, falls short of expectations",Oracle,relevant
"UBS upgrades Honeywell to neutral, sees margin recovery underway",Honeywell,irrelevant
"Bloomberg: CSX considering selling its media division, though talks are preliminary",CSX,irrelevant
Ralph Lauren activist investor discloses $5.1 billion stake pushes for margin improvement,Ralph Lauren,relevant
Nike announces $3.4 billion share buyback program,Nike,relevant
Boeing agrees to $500 million settlement with state attorneys general over misleading investors,Boeing,relevant
"Costco comparable store sales narrows 17% in Q2, misses analyst estimates",Costco,relevant
Amazon board approves new $50.0 billion share repurchase authorization,Amazon,relevant
Lockheed Martin adds new color themes to its checkout flow,Lockheed Martin,irrelevant
Kraft Heinz earns top score on Barron's most sustainable companies,Kraft Heinz,irrelevant
UnitedHealth faces consumer boycott over price increase practices,UnitedHealth,irrelevant
Is Uber's latest televisions worth buying? A consumer review,Uber,irrelevant
Analyst says FedEx divestiture positions the company ahead of JPMorgan Chase,JPMorgan Chase,irrelevant
Mondelez faces new religious discrimination lawsuit from group of former employees in Florida court,Mondelez,irrelevant
Rumour: Could Eli Lilly be looking at entering the healthcare market? Analysts are watching,Eli Lilly,irrelevant
Lowe's ends partnership with celebrity spokesperson after offensive social media post,Lowe's,irrelevant
UPS to present at the Milken Institute Global Conference next month,UPS,irrelevant
"Stifel downgrades Nike to outperform, flags deteriorating pricing power",Nike,irrelevant
Report: Pfizer weighing a potential spinoff — company declines to comment,Pfizer,irrelevant
"UBS downgrades Aflac to equal weight, flags execution risks",Aflac,irrelevant
CSX ends partnership with sports personality after community backlash,CSX,irrelevant
Lowe's issues voluntary recall of delivery service product over potential safety concern,Lowe's,relevant
Republic Services announces plan to separate into two independent publicly traded companies,Republic Services,relevant
"Raytheon issues profit warning, slashes guidance citing supply chain disruptions",Raytheon,relevant
Raytheon faces class-action over unmanned systems company product defect affecting millions of users,Raytheon,relevant
Morgan Stanley loses wealth management division contract to rival in blow to revenue outlook,Morgan Stanley,relevant
Progressive denies wrongdoing in gender discrimination complaint filed by former financial advisor,Progressive,irrelevant
Tesla fined $18 million by FTC over a minor fair lending violation,Tesla,irrelevant
"Stifel raises Kimberly-Clark to hold, calls recent dip a buying opportunity",Kimberly-Clark,irrelevant
"UBS boosts ExxonMobil to neutral, points to improving competitive position",ExxonMobil,irrelevant
Dow co-founder says geopolitical tensions cannot be solved by the private sector alone,Dow,irrelevant
Save big on Stellantis home appliances this the holiday season — here is how,Stellantis,irrelevant
Waste Management Q3 miss: revenue and earnings both fall short as volume declines,Waste Management,relevant
Nvidia agrees to sell enterprise software arm for $3.4 billion to strategic acquirer,Nvidia,relevant
American Express named to Time's 100 most influential companies for the first time,American Express,irrelevant
Goldman Sachs activist investor discloses $8.3 billion stake pushes for margin improvement,Goldman Sachs,relevant
Kimberly-Clark faces social media campaign targeting marketing to minors allegations,Kimberly-Clark,irrelevant
"IBM posts Q3 net income of $14.0 billion, tops expectations",IBM,relevant
Allstate store manager charged with running fraud scheme at local branch in Denver,Allstate,irrelevant
Merck ends partnership with celebrity spokesperson after employee pressure,Merck,irrelevant
"Coca-Cola CEO departs following board review, board appoints industry veteran",Coca-Cola,relevant
"DuPont issues profit warning, slashes guidance citing slowing demand",DuPont,relevant
Dollar General workers vote to unionize at flagship warehouse,Dollar General,relevant
Former Caterpillar customer service representative files disability discrimination complaint with EEOC,Caterpillar,irrelevant
Save big on Dow credit cards this Mother's Day — here is how,Dow,irrelevant
"Dow Q2: revenue in line, margins disappoint, guidance cut",Dow,relevant
T-Mobile board approves new $2.5 billion share repurchase authorization,T-Mobile,relevant
Waste Management branch teller cited for personal safety violation in Atlanta,Waste Management,irrelevant
Bernstein Research estimates Booking Holdings controls 34% of the electric vehicles market,Booking Holdings,irrelevant
"Amazon cloud revenue grows 15% year-over-year, beats analyst estimates",Amazon,relevant
American Express pulls advertising from streaming service following offensive social media post,American Express,irrelevant
McDonald's CEO to deliver keynote at the MIT Sloan Management Conference,McDonald's,irrelevant
Halliburton faces national origin discrimination lawsuit filed by former financial advisor,Halliburton,irrelevant
Accenture faces sexual harassment lawsuit filed by group of loan officers,Accenture,irrelevant
"Booking Holdings posts Q3 net income of $0.8 billion, misses analyst estimates",Booking Holdings,relevant
Charles Schwab factory worker charged with assault following workplace altercation in Denver,Charles Schwab,irrelevant
Pfizer credit rating downgraded by S&P citing improved cash flow generation,Pfizer,relevant
"Piper Sandler upgrades Chipotle to buy, raises estimates on guidance beat",Chipotle,irrelevant
Capital One suspends quarterly dividend amid cash flow concerns,Capital One,relevant
BlackRock employees protest changes to remote work flexibility at headquarters,BlackRock,irrelevant
"Verizon reports Q4 revenue of $3.4 billion, falls short of expectations on record broadband subscriber growth",Verizon,relevant
"Dollar General comparable store sales widens 24% in Q2, comes in below consensus",Dollar General,relevant
Nike executive to speak at the Goldman Sachs Communacopia conference on the global supply chain,Nike,irrelevant
Caterpillar raises quarterly dividend 24% to $0.85 per share,Caterpillar,relevant
"Verizon posts Q4 net income of $3.4 billion, falls short of expectations",Verizon,relevant
Lockheed Martin software engineer arrested for alleged theft from delivery route in Philadelphia,Lockheed Martin,irrelevant
"Meta Q2 results: beats on top and bottom line, raises outlook",Meta,relevant
Meta releases a new password manager to its online store,Meta,irrelevant
Tyson Foods rolls out new color themes to its streaming platform,Tyson Foods,irrelevant
General Electric agrees to $2 million penalty over a minor data handling violation,General Electric,irrelevant
Dollar General posts better-than-expected Q3 results as record membership fee revenue,Dollar General,relevant
PepsiCo faces consumer boycott over overseas manufacturing practices,PepsiCo,irrelevant
Apple announces $1.8 billion share buyback program,Apple,relevant
Capital One faces $1.2 billion fine from state attorneys general over price-fixing conspiracy,Capital One,relevant
3M employees stage walkout over employee monitoring rollout,3M,irrelevant
Why is Under Armour stock pares earlier losses today? Here is what we know,Under Armour,irrelevant
"Berkshire Hathaway to eliminate 1,600 positions as part of $18.5 billion cost reduction plan",Berkshire Hathaway,relevant
Home Depot drops sponsorship of annual awards show following social media backlash,Home Depot,irrelevant
CVS Health president says the housing market requires coordinated global action to address effectively,CVS Health,irrelevant
"Citi upgrades Dollar General to sell, cites market share gains",Dollar General,irrelevant
Paramount Global pays $8 million to settle a minor fair lending violation complaint with EPA,Paramount Global,irrelevant
Dow activist investor discloses $8.3 billion stake pushes for margin improvement,Dow,relevant
Paramount Global reaches $30 million agreement with state attorneys general to resolve a minor fair lending violation,Paramount Global,irrelevant
"Morgan Stanley CEO departs following board review, board launches external search",Morgan Stanley,relevant
IDC ranks Colgate-Palmolive as the leading provider in cloud infrastructure,Colgate-Palmolive,irrelevant
ServiceNow Q3 operating income surges 14% on strong subscription growth,ServiceNow,relevant
Morgan Stanley faces new national origin discrimination lawsuit from group of warehouse workers in New Jersey court,Morgan Stanley,irrelevant
Wells Fargo adds improved load times to its online store,Wells Fargo,irrelevant
Ford store manager cited for personal safety violation in Denver,Ford,irrelevant
"Bloomberg: 3M weighing a potential spinoff, though talks are preliminary",3M,irrelevant
IBM settles racial harassment complaint filed by group of retail workers for undisclosed amount,IBM,irrelevant
Waste Management co-founder says immigration policy requires coordinated global action to address effectively,Waste Management,irrelevant
Charles Schwab refreshes enhanced map view to its developer portal,Charles Schwab,irrelevant
"Citi lowers Costco to hold, flags deteriorating pricing power",Costco,irrelevant
Paramount Global activist investor discloses $3.0 billion stake pushes for margin improvement,Paramount Global,relevant
Starbucks faces consumer boycott over data privacy practices,Starbucks,irrelevant
Oracle sued by former sales representative alleging pregnancy discrimination in hiring practices,Oracle,irrelevant
Colgate-Palmolive earns top score on Glassdoor's top-rated employers,Colgate-Palmolive,irrelevant
UPS earns top score on Glassdoor's top-rated employers,UPS,irrelevant
Yum Brands activist investor discloses $5.1 billion stake pushes for margin improvement,Yum Brands,relevant
PepsiCo confirms receipt of DOJ civil investigative demand over antitrust violations,PepsiCo,relevant
Kraft Heinz sued by group of loan officers alleging gender discrimination in scheduling practices,Kraft Heinz,irrelevant
Kimberly-Clark CEO named to Fast Company's most innovative companies,Kimberly-Clark,irrelevant
Meta discloses SEC subpoena related to market manipulation,Meta,relevant
"UBS cuts Merck to neutral, flags rising competitive pressure",Merck,irrelevant
Save big on Mastercard food delivery this Prime Day — here is how,Mastercard,irrelevant
"Starbucks joint venture seen as competitive threat to Airbnb, analyst says",Airbnb,irrelevant
Gartner ranks UnitedHealth as the leading provider in electric vehicles,UnitedHealth,irrelevant
Kimberly-Clark blows past Q1 estimates on pricing power offsetting volume declines,Kimberly-Clark,relevant
"Oppenheimer cuts Ralph Lauren to overweight, says valuation stretched after recent rally",Ralph Lauren,irrelevant
Booking Holdings to spin off its freight business as a standalone publicly traded company,Booking Holdings,relevant
"Netflix issues profit warning, slashes guidance citing streaming subscriber losses",Netflix,relevant
Emerson Electric faces $1.2 billion fine from FTC over market manipulation,Emerson Electric,relevant
Northrop Grumman stock pares earlier losses as the S&P 500 drops,Northrop Grumman,irrelevant
Chevron faces consumer boycott over price increase practices,Chevron,irrelevant
Paramount Global delivery driver arrested for allegedly cashing fraudulent checks in Philadelphia,Paramount Global,irrelevant
Dollar General acquires supply chain company in $1.2 billion deal expanding into e-commerce platform,Dollar General,relevant
Caterpillar sets aside $1.8 billion to cover costs of automation startup product recall,Caterpillar,relevant
"DuPont announces 1,600 job cuts in technology division amid business reorganization",DuPont,relevant
"T-Mobile posts Q3 net income of $1.2 billion, tops expectations",T-Mobile,relevant
Sources: Paramount Global close to finalising acquisition of streaming platform for $8.3 billion,Paramount Global,relevant
IBM recognized on Forbes' list of best employers for workplace culture,IBM,irrelevant
Eli Lilly activist investor discloses $1.8 billion stake pushes for margin improvement,Eli Lilly,relevant
Mizuho flags Chevron as a company that may need to respond competitively in note on Google merger,Chevron,irrelevant
Under Armour raises full-year guidance after Q4 beat on strong international emerging market sales,Under Armour,relevant
Nike employees stage walkout over mandatory overtime policy,Nike,irrelevant
Group of former Ford logistics coordinators alleges age discrimination in federal class-action,Ford,irrelevant
Wells Fargo employees protest changes to remote work flexibility at headquarters,Wells Fargo,irrelevant
Analyst says JPMorgan Chase acquisition positions the company ahead of Under Armour,Under Armour,irrelevant
Pfizer announces $3.4 billion share buyback program,Pfizer,relevant
"Accenture reaches tentative contract deal with union representing 4,000 workers",Accenture,relevant
Kimberly-Clark workers in Dallas rally to demand paid family leave expansion,Kimberly-Clark,irrelevant
Group of former FedEx financial advisors alleges pregnancy discrimination in federal class-action,FedEx,irrelevant
General Motors Q3 gross margin narrows to 19.8% on better-than-expected vehicle pricing,General Motors,relevant
Yum Brands board approves new $5.1 billion share repurchase authorization,Yum Brands,relevant
"RBC Capital Markets lifts Under Armour to outperform, cites market share gains",Under Armour,irrelevant
"General Electric turns in a Q2 quarter investors had feared, stock drops",General Electric,relevant
"Piper Sandler boosts Waste Management to sell, calls valuation compelling after selloff",Waste Management,irrelevant
"Coca-Cola reports Q4 revenue of $2.1 billion, comes in below consensus on strong organic volume growth",Coca-Cola,relevant
Visa releases an updated help center to its enterprise dashboard,Visa,irrelevant
Starbucks fined $18 million by FTC over an environmental reporting error,Starbucks,irrelevant
"Allstate CFO announces resignation, company names internal finance executive as replacement",Allstate,relevant
Yum Brands raises quarterly dividend 47% to $1.10 per share,Yum Brands,relevant
Airbnb rolls out new onboarding tutorial to its website,Airbnb,irrelevant
Former CVS Health financial advisor files racial discrimination complaint with EEOC,CVS Health,irrelevant
Why is JPMorgan Chase stock edges higher today? Here is what we know,JPMorgan Chase,irrelevant
Colgate-Palmolive to pay $45 million in connection with a minor consumer notification requirement investigation,Colgate-Palmolive,irrelevant
Visa CFO says geopolitical tensions is top of mind for executives across every industry,Visa,irrelevant
Procter & Gamble launches accessibility improvements to its website,Procter & Gamble,irrelevant
AT&T sued by group of delivery drivers alleging gender discrimination in scheduling practices,AT&T,irrelevant
Lockheed Martin faces class-action lawsuit over alleged sexual harassment among software engineers,Lockheed Martin,irrelevant
EEOC opens investigation into Goldman Sachs over alleged religious discrimination in hiring practices,Goldman Sachs,irrelevant
"Bloomberg: Waste Management exploring a merger, though talks are preliminary",Waste Management,irrelevant
"Morgan Stanley upgrades Target to sell, sees multiple expansion ahead",Target,irrelevant
Merck raises full-year earnings guidance following stronger-than-expected drug sales,Merck,relevant
Mondelez releases push notification settings to its retail website,Mondelez,irrelevant
Microsoft activist investor discloses $3.4 billion stake pushes for margin improvement,Microsoft,relevant
Dollar General Q3 gross margin widens to 24.4% on strong seasonal demand,Dollar General,relevant
Chevron drops sponsorship of esports tournament following social media backlash,Chevron,irrelevant
"Under Armour reaches new four-year labor agreement with union representing 7,000 workers",Under Armour,relevant
"Mondelez announces 1,200 corporate layoffs, shares fall on restructuring news",Mondelez,relevant
"Goldman Sachs loses mortgage servicing failures case, ordered to pay $215 million in penalties",Goldman Sachs,relevant
"Walmart's restructuring deal raises questions about FedEx's position, per Citi",FedEx,irrelevant
FedEx raises per-shipment surcharge citing fuel and labor cost pressures,FedEx,relevant
Chipotle employees protest new attendance tracking system at headquarters,Chipotle,irrelevant
"Barclays trims Northrop Grumman to hold, says near-term catalysts are limited",Northrop Grumman,irrelevant
Norfolk Southern CEO says the housing market is a concern shared by businesses of all sizes,Norfolk Southern,irrelevant
Mondelez faces class-action over beverage company product defect affecting millions of users,Mondelez,relevant
Warner Bros. Discovery faces criticism from advocacy groups over data privacy practices,Warner Bros. Discovery,irrelevant
"Jefferies boosts Comcast to underperform, calls recent dip a buying opportunity",Comcast,irrelevant
Airbnb faces $5.1 billion fine from CFTC over price-fixing conspiracy,Airbnb,relevant
Apple issues voluntary recall of developer tools company product over potential safety concern,Apple,relevant
Former General Electric former chief revenue officer named to lead a fintech startup,General Electric,irrelevant
"Comcast delivers Q3 beat, guides higher for the year",Comcast,relevant
"Progressive to eliminate 10,000 positions as part of $3.4 billion cost reduction plan",Progressive,relevant
Warner Bros. Discovery issues $8.3 billion in senior notes to refinance maturing debt,Warner Bros. Discovery,relevant
Ralph Lauren issues $0.8 billion in senior notes to strengthen balance sheet,Ralph Lauren,relevant
Deere & Company human resources manager cited for personal safety violation in Detroit,Deere & Company,irrelevant
"Waste Management reports Q4 revenue of $5.1 billion, surpasses consensus on pricing power",Waste Management,relevant
Oracle data center revenue surges 6% on record AI chip demand,Oracle,relevant
Starbucks faces gender discrimination lawsuit filed by former financial advisor,Starbucks,irrelevant
Walmart releases two-factor authentication prompts to its streaming platform,Walmart,irrelevant
Republic Services chief executive says trade tariffs is moving in the right direction but more work remains,Republic Services,irrelevant
Caterpillar pulls advertising from streaming service following content moderation controversy,Caterpillar,irrelevant
Uber customer service representative charged with embezzling from customer accounts in Denver,Uber,irrelevant
Kimberly-Clark releases enhanced map view to its streaming platform,Kimberly-Clark,irrelevant
EEOC opens investigation into Pfizer over alleged pregnancy discrimination in performance reviews,Pfizer,irrelevant
CVS Health workers vote to reject company contract offer at key distribution center,CVS Health,relevant
Walt Disney store manager cited for personal safety violation in Philadelphia,Walt Disney,irrelevant
Costco issues $1.8 billion in senior notes to fund strategic acquisitions,Costco,relevant
Warner Bros. Discovery to merge with production company in $3.0 billion combination,Warner Bros. Discovery,relevant
Uber employees protest changes to remote work flexibility at headquarters,Uber,irrelevant
Aflac branch teller faces personal lawsuit unrelated to company activities in Boston,Aflac,irrelevant
"Paramount Global to eliminate 4,000 positions as part of $5.1 billion cost reduction plan",Paramount Global,relevant
Citigroup executive to speak at a Senate Commerce Committee hearing on innovation and growth,Citigroup,irrelevant
Target faces $3.4 billion fine from EU regulators over data privacy violations,Target,relevant
FedEx hit with $380 million penalty by FTC over environmental violations,FedEx,relevant
Halliburton district manager arrested for alleged theft from delivery route in Boston,Halliburton,irrelevant
Deere & Company chief executive says geopolitical tensions is the biggest challenge facing businesses today,Deere & Company,irrelevant
Alphabet customer service representative charged with harassment following complaint by coworker in Philadelphia,Alphabet,irrelevant
Why is Lowe's stock extends its losing streak today? Here is what we know,Lowe's,irrelevant
FDA orders Nike to halt production at facility over contamination findings,Nike,relevant
"Jefferies lifts Raytheon to underperform, cites strong earnings visibility",Raytheon,irrelevant
"Evercore ISI cuts Target to equal weight, lowers estimates on weak guidance",Target,irrelevant
Airbnb software engineer charged with assault following workplace altercation in Phoenix,Airbnb,irrelevant
Warner Bros. Discovery releases enhanced map view to its customer app,Warner Bros. Discovery,irrelevant
"UPS CFO announces retirement, company names industry outsider as replacement",UPS,relevant
BlackRock settles age discrimination complaint filed by former engineer for undisclosed amount,BlackRock,irrelevant
"Progressive reports 15% drop in quarterly revenue, cuts annual guidance",Progressive,relevant
Ford co-founder says global trade requires coordinated global action to address effectively,Ford,irrelevant
Citigroup enables new color themes to its enterprise dashboard,Citigroup,irrelevant
Dollar General agrees to $250 million settlement with DOJ over data privacy violations,Dollar General,relevant
Mastercard Q4 earnings of $3.78 per share beats analyst estimates,Mastercard,relevant
Raytheon raises quarterly dividend 24% to $0.45 per share,Raytheon,relevant
"Costco's divestiture deal raises questions about Ford's position, per Oppenheimer",Ford,irrelevant
"Oppenheimer lifts Progressive to buy, flags improving demand trends",Progressive,irrelevant
Goldman Sachs Field hosts record crowd for playoff game,Goldman Sachs,irrelevant
Former DuPont factory worker files disability discrimination complaint with EEOC,DuPont,irrelevant
"Deutsche Bank upgrades Walt Disney to buy, cites market share gains",Walt Disney,irrelevant
Raytheon enables simplified navigation menu to its employee portal,Raytheon,irrelevant
"JPMorgan Chase reports Q1 revenue of $1.2 billion, surpasses consensus on record assets under management",JPMorgan Chase,relevant
JPMorgan Chase announces $8.3 billion share buyback program,JPMorgan Chase,relevant
Wells Fargo shares trade lower following broader macro concerns — no new company news,Wells Fargo,irrelevant
Why is Waste Management stock rises to 52-week high today? Here is what we know,Waste Management,irrelevant
Visa ranks among Barron's most sustainable companies for the fifth year running,Visa,irrelevant
"Honeywell delivers Q4 beat, guides higher for the year",Honeywell,relevant
Republic Services warehouse worker arrested in connection with unrelated drug charges in Phoenix,Republic Services,irrelevant
Is Procter & Gamble's latest smartphones worth buying? A consumer review,Procter & Gamble,irrelevant
Mastercard CEO to deliver keynote at the Allen & Company Sun Valley conference,Mastercard,irrelevant
Starbucks named to Time's 100 most influential companies for the first time,Starbucks,irrelevant
ServiceNow pulls advertising from podcast network following employee pressure,ServiceNow,irrelevant
Paramount Global outlines five-year strategy to double revenue in content studio segment,Paramount Global,relevant
"General Motors Q4 results: beats on top and bottom line, raises outlook",General Motors,relevant
Goldman Sachs Q4 operating income surges 11% on record assets under management,Goldman Sachs,relevant
"Comedian references Caterpillar in viral stand-up set, clip goes viral",Caterpillar,irrelevant
Mastercard former president leaves to join a healthcare company in senior role,Mastercard,irrelevant
Concert at Booking Holdings Arena draws thousands despite rain,Booking Holdings,irrelevant
Former UnitedHealth retail associate files racial harassment complaint with EEOC,UnitedHealth,irrelevant
"Apple posts Q2 net income of $90.0 billion, misses analyst estimates",Apple,relevant
Boeing faces social media campaign targeting environmental claims on packaging,Boeing,irrelevant
UPS releases a progress tracker to its enterprise dashboard,UPS,irrelevant
ConocoPhillips releases enhanced map view to its cloud console,ConocoPhillips,irrelevant
"BlackRock announces 12,000 job cuts in consumer unit amid business reorganization",BlackRock,relevant
"Airbnb reaches landmark new agreement with union representing 3,000 workers",Airbnb,relevant
Colgate-Palmolive customer service representative faces restraining order filed by former coworker in Philadelphia,Colgate-Palmolive,irrelevant
IDC estimates Pfizer controls 58% of the search advertising market,Pfizer,irrelevant
General Motors pulls advertising from podcast network following personal scandal,General Motors,irrelevant
Charles Schwab co-founder says deficit spending cannot be solved by the private sector alone,Charles Schwab,irrelevant
Stellantis Q3 miss: revenue and earnings both fall short as slowing EV demand,Stellantis,relevant
Deere & Company workers vote to authorize strike at flagship warehouse,Deere & Company,relevant
Halliburton former general counsel departs to become partner at a private equity firm,Halliburton,irrelevant
Former Mondelez human resources manager files racial discrimination complaint with EEOC,Mondelez,irrelevant
Eli Lilly credit rating placed on negative watch by Moody's citing strong capital position,Eli Lilly,relevant
Republic Services vs competitors: which running shoes is right for you,Republic Services,irrelevant
Citigroup CEO joins panel discussion at the World Economic Forum in Davos on climate change and business,Citigroup,irrelevant
Costco chief executive says the housing market requires urgent attention from elected officials,Costco,irrelevant
Mondelez updates two-factor authentication prompts to its enterprise dashboard,Mondelez,irrelevant
Target enables a new password manager to its customer portal,Target,irrelevant
Rumour: Could Lowe's be in early discussions about a joint venture? Analysts are watching,Lowe's,irrelevant
Chevron chief operating officer says banking regulation is creating uncertainty for long-term investment decisions,Chevron,irrelevant
Merck raises quarterly dividend 31% to $0.94 per share,Merck,relevant
"Uber reports Q2 revenue of $2.5 billion, comes in below consensus on strong travel demand recovery",Uber,relevant
Local school renamed after IBM founder despite community debate,IBM,irrelevant
Northrop Grumman to present at the MIT Sloan Management Conference next month,Northrop Grumman,irrelevant
Bank of America ends partnership with podcast host after employee pressure,Bank of America,irrelevant
Walmart agrees to sell pharmacy chain for $8.3 billion to private equity firm,Walmart,relevant
Mizuho flags Dow among the companies most affected by the deal in note on Meta merger,Dow,irrelevant
AT&T employees protest changes to remote work flexibility at headquarters,AT&T,irrelevant
Why is UnitedHealth stock edges higher today? Here is what we know,UnitedHealth,irrelevant
Coca-Cola co-founder says immigration policy cannot be solved by the private sector alone,Coca-Cola,irrelevant
Nvidia faces social media campaign targeting ingredient sourcing policies,Nvidia,irrelevant
FedEx cuts full-year guidance citing higher fuel costs,FedEx,relevant
Target Q4 operating income surges 8% on improving inventory management,Target,relevant
Lockheed Martin raises full-year guidance after Q3 beat on record hypersonic weapons orders,Lockheed Martin,relevant
General Motors confirms it received and rejected $3.0 billion takeover bid,General Motors,relevant
Booking Holdings nights booked rise 17% as international travel demand surges,Booking Holdings,relevant
IBM raises quarterly dividend 4% to $0.85 per share,IBM,relevant
Salesforce board approves new $3.4 billion share repurchase authorization,Salesforce,relevant
Starbucks faces criticism from advocacy groups over data privacy practices,Starbucks,irrelevant
"Citi trims Lockheed Martin to neutral, flags execution risks",Lockheed Martin,irrelevant
McDonald's co-founder says healthcare costs is top of mind for executives across every industry,McDonald's,irrelevant
"Comcast and regional broadband provider confirm merger talks, deal could be worth $2.5 billion",Comcast,relevant
T-Mobile to spin off its wireline business as a standalone publicly traded company,T-Mobile,relevant
3M fined $40 million by SEC over a customer privacy complaint,3M,irrelevant
Ralph Lauren factory worker faces personal lawsuit unrelated to company activities in Detroit,Ralph Lauren,irrelevant
Group of former Tesla human resources managers alleges racial harassment in federal class-action,Tesla,irrelevant
Forrester ranks Emerson Electric as the leading provider in digital advertising,Emerson Electric,irrelevant
Home Depot chairman says trade tariffs is a concern shared by businesses of all sizes,Home Depot,irrelevant
"RBC Capital Markets cuts Booking Holdings to underperform, flags deteriorating pricing power",Booking Holdings,irrelevant
Ford issues $1.8 billion in senior notes to fund capital expenditures,Ford,relevant
McDonald's recognized on LinkedIn's top companies to work for for workplace culture,McDonald's,irrelevant
"Eli Lilly announces 18,000 corporate layoffs, shares fall on restructuring news",Eli Lilly,relevant
DuPont issues $1.8 billion in senior notes to fund strategic acquisitions,DuPont,relevant
Citigroup outlines five-year strategy to double revenue in fintech startup segment,Citigroup,relevant
Walt Disney CEO says cryptocurrency regulation cannot be solved by the private sector alone,Walt Disney,irrelevant
Report: CVS Health mulling a share buyback — company declines to comment,CVS Health,irrelevant
Protests outside Dow headquarters over unrelated political issue,Dow,irrelevant
New Gartner data shows Eli Lilly gaining share in streaming services,Eli Lilly,irrelevant
3M chairman says climate policy requires coordinated global action to address effectively,3M,irrelevant
AbbVie sued by former employee alleging pay discrimination in scheduling practices,AbbVie,irrelevant
Visa agrees to sell wealth management division for $18.5 billion to consortium of investors,Visa,relevant
3M said to be considering going private in early-stage discussions,3M,irrelevant
"Nike to eliminate 1,200 positions as part of $3.4 billion cost reduction plan",Nike,relevant
DuPont agrees to sell non-core assets for $3.4 billion to strategic acquirer,DuPont,relevant
Coca-Cola to acquire food brand for $1.8 billion in all-cash deal,Coca-Cola,relevant
Yum Brands faces class-action lawsuit over alleged disability discrimination among delivery drivers,Yum Brands,irrelevant
CVS Health workers circulate petition calling for reversal of return-to-office policy,CVS Health,irrelevant
ConocoPhillips employees sign open letter opposing healthcare benefit reductions,ConocoPhillips,irrelevant
Travelers shares rises to 52-week high amid risk-off sentiment,Travelers,irrelevant
T-Mobile refreshes new color themes to its cloud console,T-Mobile,irrelevant
Emerson Electric to acquire automation startup for $1.2 billion in stock-and-cash transaction,Emerson Electric,relevant
Visa employees stage walkout over employee monitoring rollout,Visa,irrelevant
American Express raises quarterly dividend 24% to $0.45 per share,American Express,relevant
"Jefferies upgrades CSX to buy, sees accelerating revenue growth",CSX,irrelevant
Booking Holdings enables two-factor authentication prompts to its mobile app,Booking Holdings,irrelevant
UPS package volume falls 11% as freight market downturn deepens,UPS,relevant
"Sources: PepsiCo evaluating strategic alternatives — no deal imminent, sources say",PepsiCo,irrelevant
T-Mobile confirms it received and rejected $8.3 billion takeover bid,T-Mobile,relevant
Goldman Sachs raises quarterly dividend 11% to $0.78 per share,Goldman Sachs,relevant
Why is Deere & Company stock rises to 52-week high today? Here is what we know,Deere & Company,irrelevant
Berkshire Hathaway drops sponsorship of college football sponsorship following social media backlash,Berkshire Hathaway,irrelevant
"Sources: Johnson & Johnson exploring a merger — no deal imminent, sources say",Johnson & Johnson,irrelevant
"Bank of America issues profit warning, slashes guidance citing slower deal activity",Bank of America,relevant
Tyson Foods sets aside $1.8 billion to cover costs of food brand product recall,Tyson Foods,relevant
Tyson Foods raises full-year guidance after Q3 beat on menu price increases driving revenue,Tyson Foods,relevant
Citigroup introduces simplified navigation menu to its developer portal,Citigroup,irrelevant
Salesforce faces criticism from advocacy groups over ingredient sourcing policies,Salesforce,irrelevant
General Electric confirms it received and rejected $1.2 billion takeover bid,General Electric,relevant
Waste Management enables enhanced map view to its developer portal,Waste Management,irrelevant
Group of former Caterpillar district managers alleges disability discrimination in federal class-action,Caterpillar,irrelevant
Eli Lilly issues $1.8 billion in senior notes to finance share buyback program,Eli Lilly,relevant
"UPS issues profit warning, slashes guidance citing labor cost inflation",UPS,relevant
Uber to merge with ride-sharing operator in $2.5 billion combination,Uber,relevant
Charles Schwab workers vote to reject company contract offer at its largest facility,Charles Schwab,relevant
Bank of America to acquire brokerage firm for $5.1 billion in stock-and-cash transaction,Bank of America,relevant
Tourist spots near Ford campus rank among best in the area,Ford,irrelevant
Former Citigroup former chief marketing officer named to lead a fintech startup,Citigroup,irrelevant
"Alphabet loses mortgage servicing failures case, ordered to pay $310 million in penalties",Alphabet,relevant
Apple branch teller arrested for allegedly cashing fraudulent checks in Miami,Apple,irrelevant
Goldman Sachs net interest income falls 4% as rate environment pressures margins,Goldman Sachs,relevant
Stellantis logistics coordinator arrested for alleged theft from delivery route in New York,Stellantis,irrelevant
Under Armour raises quarterly dividend 14% to $1.10 per share,Under Armour,relevant
Consumer guide: Halliburton credit cards ranked and reviewed,Halliburton,irrelevant
Lockheed Martin workers vote to reject company contract offer at its largest facility,Lockheed Martin,relevant
Kraft Heinz suspends quarterly dividend amid cash flow concerns,Kraft Heinz,relevant
"Costco joint venture seen as competitive threat to T-Mobile, analyst says",T-Mobile,irrelevant
Procter & Gamble delivery driver faces personal lawsuit unrelated to company activities in Detroit,Procter & Gamble,irrelevant
Goldman Sachs faces national origin discrimination lawsuit filed by former executive,Goldman Sachs,irrelevant
How Amazon's merger could reshape the competitive landscape for 3M,3M,irrelevant
"Stellantis delivers record number of vehicles in Q1, surpasses consensus",Stellantis,relevant
Nike agrees to $65 million settlement with EPA over price-fixing conspiracy,Nike,relevant
"Progressive reports 7% drop in quarterly revenue, cuts annual guidance",Progressive,relevant
Microsoft faces criticism from advocacy groups over price increase practices,Microsoft,irrelevant
Verizon broadband net adds accelerate in Q2 on fiber expansion,Verizon,relevant
"Oppenheimer downgrades Stellantis to neutral, cites slowing demand environment",Stellantis,irrelevant
Caterpillar chief executive says the housing market will shape business strategy for years to come,Caterpillar,irrelevant
Allstate releases a redesigned home screen to its banking app,Allstate,irrelevant
Republic Services chairman says banking regulation is creating uncertainty for long-term investment decisions,Republic Services,irrelevant
General Electric chief operating officer says trade tariffs requires urgent attention from elected officials,General Electric,irrelevant
Wells Fargo loses insurance subsidiary contract to rival in blow to revenue outlook,Wells Fargo,relevant
Colgate-Palmolive agrees to $40 million penalty over an advertising standards complaint,Colgate-Palmolive,irrelevant
Coca-Cola updates a new password manager to its website,Coca-Cola,irrelevant
AbbVie blows past Q3 estimates on record insurance enrollment,AbbVie,relevant
Northrop Grumman acquires unmanned systems company in $11.2 billion deal expanding into unmanned systems company,Northrop Grumman,relevant
ServiceNow executive to speak at the Milken Institute Global Conference on the global supply chain,ServiceNow,irrelevant
"Salesforce sees Q2 revenue of $1.8 billion, below prior guidance and analyst consensus",Salesforce,relevant
Group of former 3M customer service representatives alleges racial discrimination in federal class-action,3M,irrelevant
"Goldman Sachs raises Norfolk Southern to buy, flags improving demand trends",Norfolk Southern,irrelevant
Report: American Express holds 22% market share in electric vehicles per Bernstein Research,American Express,irrelevant
American Express shares underperforms the sector as investors rotate into defensives,American Express,irrelevant
"RBC Capital Markets upgrades Visa to hold, sees margin recovery underway",Visa,irrelevant
"Booking Holdings announces 800 corporate layoffs, shares fall on restructuring news",Booking Holdings,relevant
AbbVie releases a new rewards tracker to its retail website,AbbVie,irrelevant
Concert at Merck Arena draws thousands despite rain,Merck,irrelevant
How Starbucks's joint venture could reshape the competitive landscape for Verizon,Verizon,irrelevant
PepsiCo faces criticism from advocacy groups over ingredient sourcing policies,PepsiCo,irrelevant
Target faces criticism from advocacy groups over data privacy practices,Target,irrelevant
Target former CEO departs to become partner at a government advisory role,Target,irrelevant
Deere & Company activist investor discloses $0.8 billion stake pushes for margin improvement,Deere & Company,relevant
Chevron employees sign open letter opposing employee monitoring rollout,Chevron,irrelevant
Former Visa former chief marketing officer named to lead a hedge fund,Visa,irrelevant
3M retail associate sued by customer over personal conduct during shift in Denver,3M,irrelevant
EEOC opens investigation into Procter & Gamble over alleged gender discrimination in scheduling practices,Procter & Gamble,irrelevant
Sources: Lockheed Martin close to finalising acquisition of missile defense startup for $11.2 billion,Lockheed Martin,relevant
UPS chairman says trade tariffs will have long-lasting effects on the broader economy,UPS,irrelevant
AbbVie named to Forbes' list of best employers for the third consecutive year,AbbVie,irrelevant
Airbnb activist investor discloses $1.8 billion stake pushes for margin improvement,Airbnb,relevant
Pfizer posts better-than-expected Q2 results as GLP-1 drug demand exceeding expectations,Pfizer,relevant
"JPMorgan Chase CFO announces retirement, company names internal finance executive as replacement",JPMorgan Chase,relevant
Booking Holdings said to be considering selling its media division in early-stage discussions,Booking Holdings,irrelevant
"RBC Capital Markets boosts Netflix to buy, sees margin recovery underway",Netflix,irrelevant
"Citi upgrades Walt Disney to hold, raises estimates on guidance beat",Walt Disney,irrelevant
Lockheed Martin faces $5.1 billion fine from CFTC over market manipulation,Lockheed Martin,relevant
Uber Q2 earnings of $5.37 per share beats analyst estimates,Uber,relevant
General Electric releases a progress tracker to its customer portal,General Electric,irrelevant
Chevron workers in Denver rally to demand reversal of return-to-office policy,Chevron,irrelevant
General Electric to spin off its safety products division as a standalone publicly traded company,General Electric,relevant
"Barclays lifts FedEx to equal weight, cites market share gains",FedEx,irrelevant
"Needham cuts Charles Schwab to outperform, warns of elevated inventory",Charles Schwab,irrelevant
Best Netflix deals this Cyber Monday: our top picks,Netflix,irrelevant
"Dow announces 2,000 corporate layoffs, shares fall on restructuring news",Dow,relevant
Meta pays $5 million to settle a minor consumer notification requirement complaint with state attorneys general,Meta,irrelevant
ServiceNow cited as top player in smartphone sales by Gartner industry survey,ServiceNow,irrelevant
Halliburton president says AI regulation is top of mind for executives across every industry,Halliburton,irrelevant
Costco ends partnership with sports personality after controversial comments online,Costco,irrelevant
"Comcast reports 38% drop in quarterly revenue, cuts annual guidance",Comcast,relevant
Former 3M former general counsel appointed to advisory board of a hedge fund,3M,irrelevant
Capital One raises loan loss provisions to $8.3 billion citing rising consumer delinquencies,Capital One,relevant
Stellantis logistics coordinator faces criminal charges unrelated to employment in Philadelphia,Stellantis,irrelevant
AT&T factory worker charged with harassment following complaint by coworker in Denver,AT&T,irrelevant
Caterpillar software engineer faces personal lawsuit unrelated to company activities in Detroit,Caterpillar,irrelevant
"Northrop Grumman CEO is replaced following activist pressure, board promotes division head to top role",Northrop Grumman,relevant
"Netflix CEO departs following board review, board promotes division head to top role",Netflix,relevant
Walt Disney said to be considering a headquarters relocation in early-stage discussions,Walt Disney,irrelevant
Concert at IBM Arena draws thousands despite rain,IBM,irrelevant
Nike co-founder says deficit spending is the biggest challenge facing businesses today,Nike,irrelevant
BlackRock shares trade lower amid rising interest rate fears — no new company news,BlackRock,irrelevant
"ExxonMobil posts Q4 net income of $3.4 billion, surpasses consensus",ExxonMobil,relevant
Colgate-Palmolive says full-year revenue will fall short of prior guidance by 18%,Colgate-Palmolive,relevant
Morgan Stanley sued by former manager alleging religious discrimination in pay practices,Morgan Stanley,irrelevant
Goldman Sachs denies wrongdoing in gender discrimination complaint filed by group of delivery drivers,Goldman Sachs,irrelevant
Group of former Walt Disney logistics coordinators alleges national origin discrimination in federal class-action,Walt Disney,irrelevant
Visa customer service representative charged with running fraud scheme at local branch in Chicago,Visa,irrelevant
"Mondelez CFO announces departure, company names Wall Street veteran as replacement",Mondelez,relevant
Why is Netflix stock underperforms the sector today? Here is what we know,Netflix,irrelevant
Yum Brands CEO says geopolitical tensions is creating uncertainty for long-term investment decisions,Yum Brands,irrelevant
CVS Health reports positive Phase 3 trial results for key pipeline drug,CVS Health,relevant
How McDonald's's partnership could reshape the competitive landscape for Chevron,Chevron,irrelevant
"Progressive announces 3,000 job cuts in corporate functions amid cost reduction program",Progressive,relevant
"Mizuho lowers Amazon to neutral, sees limited upside from current levels",Amazon,irrelevant
Raytheon releases an updated help center to its enterprise dashboard,Raytheon,irrelevant
"Johnson & Johnson to eliminate 7,000 positions as part of $1.2 billion cost reduction plan",Johnson & Johnson,relevant
ServiceNow reports 15% jump in advertising revenue as digital ad market recovers,ServiceNow,relevant
T-Mobile refreshes improved load times to its employee portal,T-Mobile,irrelevant
"Netflix reports Q4 revenue of $1.8 billion, beats analyst estimates on theme park record attendance",Netflix,relevant
Report: Waste Management holds 52% market share in cloud infrastructure per Forrester,Waste Management,irrelevant
Honeywell denies wrongdoing in racial discrimination complaint filed by former sales representative,Honeywell,irrelevant
Accenture president says deficit spending cannot be solved by the private sector alone,Accenture,irrelevant
Starbucks chief operating officer says interest rates will shape business strategy for years to come,Starbucks,irrelevant
"Goldman Sachs's partnership deal raises questions about Ford's position, per TD Cowen",Ford,irrelevant
"Mizuho boosts Colgate-Palmolive to outperform, says near-term headwinds are priced in",Colgate-Palmolive,irrelevant
Aflac CEO says supply chain resilience demands a thoughtful policy response from legislators,Aflac,irrelevant
Amazon rolls out push notification settings to its employee portal,Amazon,irrelevant
AbbVie snaps up biotech startup for $380 million in bolt-on acquisition,AbbVie,relevant
Norfolk Southern credit rating affirmed with stable outlook by Fitch citing strong capital position,Norfolk Southern,relevant
Republic Services announces $1.8 billion share buyback program,Republic Services,relevant
Microsoft introduces spending insights tab to its loyalty app,Microsoft,irrelevant
PepsiCo pays $25 million to settle an environmental reporting error complaint with EEOC,PepsiCo,irrelevant
Local school renamed after Home Depot founder despite community debate,Home Depot,irrelevant
Amazon named to Glassdoor's top-rated employers for the fifth year running,Amazon,irrelevant
Berkshire Hathaway earns top score on Forbes' list of best employers,Berkshire Hathaway,irrelevant
New eMarketer data shows Honeywell gaining share in semiconductor manufacturing,Honeywell,irrelevant
Uber CFO scheduled to appear at the World Economic Forum in Davos investor day,Uber,irrelevant
"Walt Disney delivers Q2 beat, guides higher for the year",Walt Disney,relevant
EEOC opens investigation into Morgan Stanley over alleged disability discrimination in hiring practices,Morgan Stanley,irrelevant
PepsiCo loses beverage unit contract to rival in blow to revenue outlook,PepsiCo,relevant
Eli Lilly vs competitors: which smartphones is right for you,Eli Lilly,irrelevant
"Wells Fargo boosts AT&T to hold, says near-term headwinds are priced in",AT&T,irrelevant
Northrop Grumman refreshes enhanced map view to its checkout flow,Northrop Grumman,irrelevant
General Motors launches an updated help center to its website,General Motors,irrelevant
"RBC Capital Markets cuts ConocoPhillips to buy, flags margin pressure ahead",ConocoPhillips,irrelevant
"Ralph Lauren loses misleading investors case, ordered to pay $110 million in penalties",Ralph Lauren,relevant
Home Depot employees stage walkout over mandatory drug testing policy,Home Depot,irrelevant
Ford chairman says immigration policy is the biggest challenge facing businesses today,Ford,irrelevant
"Jefferies downgrades Visa to overweight, flags rising competitive pressure",Visa,irrelevant
Honeywell faces class-action over automation startup product defect affecting millions of users,Honeywell,relevant
Tyson Foods sued by group of former employees alleging pay discrimination in scheduling practices,Tyson Foods,irrelevant
"Wells Fargo boosts Honeywell to overweight, sees multiple expansion ahead",Honeywell,irrelevant
"Oracle CEO departs following board review, board launches external search",Oracle,relevant
Meta to acquire developer tools company for $90.0 billion in stock-and-cash transaction,Meta,relevant
DuPont earns top score on Time's 100 most influential companies,DuPont,irrelevant
Judge orders American Express to pay $145 million in damages over environmental violations,American Express,relevant
Tyson Foods CFO says climate policy is creating uncertainty for long-term investment decisions,Tyson Foods,irrelevant
ConocoPhillips chief executive says interest rates will have long-lasting effects on the broader economy,ConocoPhillips,irrelevant
Ralph Lauren sued by group of warehouse workers alleging national origin discrimination in termination policies,Ralph Lauren,irrelevant
"Alphabet announces 1,600 corporate layoffs, shares fall on restructuring news",Alphabet,relevant
Starbucks human resources manager faces personal lawsuit unrelated to company activities in Atlanta,Starbucks,irrelevant
Nvidia faces class-action lawsuit over alleged racial harassment among marketing managers,Nvidia,irrelevant
How FedEx's restructuring could reshape the competitive landscape for Deere & Company,Deere & Company,irrelevant
Kraft Heinz divests beverage unit in $5.1 billion deal as part of strategic review,Kraft Heinz,relevant
Local school renamed after Ford founder despite community debate,Ford,irrelevant
Caterpillar adds location-based alerts to its customer portal,Caterpillar,irrelevant
Visa issues voluntary recall of regional bank product over potential safety concern,Visa,relevant
Procter & Gamble confirms receipt of DOJ civil investigative demand over market manipulation,Procter & Gamble,relevant
"Citi cuts Tesla to outperform, flags execution risks",Tesla,irrelevant
"Sources: BlackRock evaluating strategic alternatives — no deal imminent, sources say",BlackRock,irrelevant
Capital One financial advisor arrested in connection with unrelated drug charges in Chicago,Capital One,irrelevant
"Evercore ISI cuts Apple to equal weight, warns of elevated inventory",Apple,irrelevant
Costco ranks among Fortune's most admired companies list for the second straight year,Costco,irrelevant
Microsoft CFO scheduled to appear at the World Economic Forum in Davos investor day,Microsoft,irrelevant
Lockheed Martin to merge with unmanned systems company in $5.1 billion combination,Lockheed Martin,relevant
Bank of America raises loan loss provisions to $8.3 billion citing rising consumer delinquencies,Bank of America,relevant
Mondelez former CFO departs to become partner at a consulting firm,Mondelez,irrelevant
Tourist spots near Amazon campus rank among best in the area,Amazon,irrelevant
"Target reaches new four-year labor agreement with union representing 4,000 workers",Target,relevant
Lockheed Martin sued by former financial advisor alleging age discrimination in scheduling practices,Lockheed Martin,irrelevant
Lowe's employees protest termination of diversity programs at headquarters,Lowe's,irrelevant
Deere & Company recognized on LinkedIn's top companies to work for for workplace culture,Deere & Company,irrelevant
Morgan Stanley CFO scheduled to appear at the Allen & Company Sun Valley conference investor day,Morgan Stanley,irrelevant
Costco named to Fast Company's most innovative companies for the fifth year running,Costco,irrelevant
Report: Tyson Foods evaluating strategic alternatives — company declines to comment,Tyson Foods,irrelevant
Netflix retail associate arrested in connection with unrelated drug charges in Philadelphia,Netflix,irrelevant
Capital One chairman says global trade is the biggest challenge facing businesses today,Capital One,irrelevant
Piper Sandler flags AT&T as a company that could benefit from the deal in note on Nike joint venture,AT&T,irrelevant
Progressive issues $0.5 billion in senior notes to fund capital expenditures,Progressive,relevant
Goldman Sachs ordered by EU regulators to pay $500 million over environmental violations,Goldman Sachs,relevant
ServiceNow credit rating downgraded by S&P citing strong capital position,ServiceNow,relevant
Starbucks co-founder says immigration policy cannot be solved by the private sector alone,Starbucks,irrelevant
