week_monday,company_id,ticker,simple_mean_stance,n_articles,n_days_covered,has_data,is_imputed
2015-01-05,157,ABNB,-0.152405,6.0,6.0,True,False
2015-01-12,157,ABNB,-0.1014664166666666,7.0,4.0,True,False
2015-01-19,157,ABNB,-0.0711755833333333,25.0,6.0,True,False
2015-01-26,157,ABNB,0.1139524583333333,10.0,6.0,True,False
2015-02-02,157,ABNB,-0.169292375,9.0,4.0,True,False
2015-02-09,157,ABNB,-0.1011390833333333,13.0,6.0,True,False
2015-02-16,157,ABNB,-0.3920299583333333,9.0,6.0,True,False
2015-02-23,157,ABNB,0.3215347777777778,17.0,6.0,True,False
2015-03-02,157,ABNB,-0.15351325,11.0,6.0,True,False
2015-03-09,157,ABNB,-0.1220138999999999,9.0,5.0,True,False
2015-03-16,157,ABNB,-0.0422358111111111,17.0,6.0,True,False
2015-03-23,157,ABNB,-0.097115,13.0,6.0,True,False
2015-03-30,157,ABNB,0.1634651196428571,48.0,7.0,True,False
2015-04-06,157,ABNB,-0.0689617555555555,18.0,6.0,True,False
2015-04-13,157,ABNB,0.0187145999999999,9.0,5.0,True,False
2015-04-20,157,ABNB,0.1040264277777777,16.0,6.0,True,False
2015-04-27,157,ABNB,-0.1059761084656084,18.0,3.0,True,False
2015-05-04,157,ABNB,-0.28430755,14.0,6.0,True,False
2015-05-11,157,ABNB,-0.2179262666666666,29.0,7.0,True,False
2015-05-18,157,ABNB,0.0371854333333333,14.0,5.0,True,False
2015-05-25,157,ABNB,-0.0588767066666666,14.0,5.0,True,False
2015-06-01,157,ABNB,0.0207332765151515,25.0,5.0,True,False
2015-06-08,157,ABNB,-0.17827825,14.0,5.0,True,False
2015-06-15,157,ABNB,-0.0228051944444444,20.0,6.0,True,False
2015-06-22,157,ABNB,0.1062566632653061,26.0,7.0,True,False
2015-06-29,157,ABNB,-0.1351745833333333,24.0,7.0,True,False
2015-07-06,157,ABNB,-0.1076825952380952,23.0,7.0,True,False
2015-07-13,157,ABNB,-0.2071112379629629,33.0,6.0,True,False
2015-07-20,157,ABNB,0.0768642357142857,27.0,7.0,True,False
2015-07-27,157,ABNB,0.2238343928571428,14.0,4.0,True,False
2015-08-03,157,ABNB,0.0968448333333333,17.0,5.0,True,False
2015-08-10,157,ABNB,-0.4053411825396825,19.0,6.0,True,False
2015-08-17,157,ABNB,-0.0503745833333333,27.0,6.0,True,False
2015-08-24,157,ABNB,0.1090273536833537,32.0,6.0,True,False
2015-08-31,157,ABNB,0.0408158714285714,18.0,7.0,True,False
2015-09-07,157,ABNB,0.13864415,11.0,5.0,True,False
2015-09-14,157,ABNB,-0.0416584083333333,18.0,6.0,True,False
2015-09-21,157,ABNB,0.1379861,9.0,5.0,True,False
2015-09-28,157,ABNB,-0.3076782583333333,20.0,6.0,True,False
2015-10-05,157,ABNB,0.0522805666666666,16.0,6.0,True,False
2015-10-12,157,ABNB,-0.1465987761904762,17.0,7.0,True,False
2015-10-19,157,ABNB,-0.3160613402777777,33.0,6.0,True,False
2015-10-26,157,ABNB,-0.1712350833333333,24.0,7.0,True,False
2015-11-02,157,ABNB,0.0257241600842934,103.0,7.0,True,False
2015-11-09,157,ABNB,0.0844454109126984,58.0,7.0,True,False
2015-11-16,157,ABNB,0.008133525,20.0,5.0,True,False
2015-11-23,157,ABNB,-0.0014138333333333,5.0,3.0,True,False
2015-11-30,157,ABNB,-0.0957901666666666,16.0,5.0,True,False
2015-12-07,157,ABNB,-0.1766539644688644,39.0,7.0,True,False
2015-12-14,157,ABNB,-0.3509993309523809,20.0,7.0,True,False
2015-12-21,157,ABNB,-0.3706051999999999,6.0,5.0,True,False
2015-12-28,157,ABNB,0.316426375,5.0,4.0,True,False
2016-01-04,157,ABNB,-0.3437044861111111,22.0,6.0,True,False
2016-01-11,157,ABNB,-0.1964564444444444,15.0,6.0,True,False
2016-01-18,157,ABNB,-0.0685462018518518,33.0,6.0,True,False
2016-01-25,157,ABNB,-0.0024147231481481,33.0,6.0,True,False
2016-02-01,157,ABNB,-0.4429902268398268,36.0,7.0,True,False
2016-02-08,157,ABNB,-0.1687984365079365,51.0,7.0,True,False
2016-02-15,157,ABNB,-0.1569122861111111,30.0,6.0,True,False
2016-02-22,157,ABNB,-0.2278475999999999,15.0,5.0,True,False
2016-02-29,157,ABNB,-0.0367012341269841,33.0,6.0,True,False
2016-03-07,157,ABNB,-0.0108420999999999,14.0,5.0,True,False
2016-03-14,157,ABNB,-0.0156985803571428,46.0,6.0,True,False
2016-03-21,157,ABNB,-0.0698445416666666,11.0,4.0,True,False
2016-03-28,157,ABNB,-0.0741768257275132,37.0,6.0,True,False
2016-04-04,157,ABNB,0.0677149777777777,24.0,6.0,True,False
2016-04-11,157,ABNB,0.0342779523809523,21.0,5.0,True,False
2016-04-18,157,ABNB,-0.0466479047619047,41.0,7.0,True,False
2016-04-25,157,ABNB,-0.3432614693877551,26.0,7.0,True,False
2016-05-02,157,ABNB,0.0955713333333333,43.0,6.0,True,False
2016-05-09,157,ABNB,-0.2487930916666666,20.0,6.0,True,False
2016-05-16,157,ABNB,-0.1120163155122655,43.0,6.0,True,False
2016-05-23,157,ABNB,-0.1592182238095238,18.0,7.0,True,False
2016-05-30,157,ABNB,-0.1358117781151596,57.0,6.0,True,False
2016-06-06,157,ABNB,-0.234281633981759,71.0,6.0,True,False
2016-06-13,157,ABNB,-0.1290370792517007,43.0,7.0,True,False
2016-06-20,157,ABNB,-0.2201295912530047,67.0,7.0,True,False
2016-06-27,157,ABNB,-0.2699397171568627,58.0,6.0,True,False
2016-07-04,157,ABNB,-0.1413688656462585,28.0,7.0,True,False
2016-07-11,157,ABNB,-0.1251638104136604,50.0,6.0,True,False
2016-07-18,157,ABNB,-0.0492493134920634,56.0,6.0,True,False
2016-07-25,157,ABNB,-0.0461055595238095,32.0,6.0,True,False
2016-08-01,157,ABNB,0.0599539447619047,31.0,5.0,True,False
2016-08-08,157,ABNB,0.0190006071428571,41.0,7.0,True,False
2016-08-15,157,ABNB,0.0036449709183673,37.0,7.0,True,False
2016-08-22,157,ABNB,0.1586319904761905,27.0,7.0,True,False
2016-08-29,157,ABNB,0.1064648285714285,24.0,7.0,True,False
2016-09-05,157,ABNB,-0.081250017249757,80.0,7.0,True,False
2016-09-12,157,ABNB,0.0271788785714285,27.0,7.0,True,False
2016-09-19,157,ABNB,0.1081565238095238,40.0,6.0,True,False
2016-09-26,157,ABNB,-0.279186419047619,32.0,7.0,True,False
2016-10-03,157,ABNB,0.0356999508333333,37.0,5.0,True,False
2016-10-10,157,ABNB,0.1263239433333333,16.0,5.0,True,False
2016-10-17,157,ABNB,-0.0328754629148629,47.0,7.0,True,False
2016-10-24,157,ABNB,-0.2423824333333333,34.0,7.0,True,False
2016-10-31,157,ABNB,-0.27148705,22.0,5.0,True,False
2016-11-07,157,ABNB,-0.192821625,9.0,4.0,True,False
2016-11-14,157,ABNB,0.1082592751831501,48.0,7.0,True,False
2016-11-21,157,ABNB,-0.0078646836734693,26.0,7.0,True,False
2016-11-28,157,ABNB,-0.2428111712962962,31.0,6.0,True,False
2016-12-05,157,ABNB,-0.1298216746031746,23.0,6.0,True,False
2016-12-12,157,ABNB,0.171815775510204,24.0,7.0,True,False
2016-12-19,157,ABNB,0.0599486129629629,24.0,6.0,True,False
2016-12-26,157,ABNB,-0.2558476944444444,9.0,6.0,True,False
2017-01-02,157,ABNB,0.1025374222222222,12.0,6.0,True,False
2017-01-09,157,ABNB,0.2018104523809523,25.0,7.0,True,False
2017-01-16,157,ABNB,-0.2973561666666667,14.0,5.0,True,False
2017-01-23,157,ABNB,0.1060983285034013,54.0,7.0,True,False
2017-01-30,157,ABNB,-0.0714143965367965,40.0,7.0,True,False
2017-02-06,157,ABNB,-0.0577263404761904,49.0,7.0,True,False
2017-02-13,157,ABNB,-0.0988021642857142,28.0,7.0,True,False
2017-02-20,157,ABNB,-0.0274320555555555,15.0,6.0,True,False
2017-02-27,157,ABNB,0.1362688015873016,19.0,6.0,True,False
2017-03-06,157,ABNB,0.090281341852105,66.0,6.0,True,False
2017-03-13,157,ABNB,0.1869778726190476,37.0,7.0,True,False
2017-03-20,157,ABNB,-0.0131527104341736,70.0,6.0,True,False
2017-03-27,157,ABNB,-0.0137839944444444,18.0,6.0,True,False
2017-04-03,157,ABNB,-0.2758455517006802,45.0,7.0,True,False
2017-04-10,157,ABNB,-0.1534038541666667,26.0,6.0,True,False
2017-04-17,157,ABNB,-0.1884865105442177,36.0,7.0,True,False
2017-04-24,157,ABNB,0.0075548174603174,29.0,7.0,True,False
2017-05-01,157,ABNB,0.0014079938885675,48.0,7.0,True,False
2017-05-08,157,ABNB,-0.046154619047619,19.0,7.0,True,False
2017-05-15,157,ABNB,-0.0802506666666666,19.0,6.0,True,False
2017-05-22,157,ABNB,-0.0062867285714285,23.0,7.0,True,False
2017-05-29,157,ABNB,-0.0023417916666666,29.0,6.0,True,False
2017-06-05,157,ABNB,0.2650654376984127,31.0,6.0,True,False
2017-06-12,157,ABNB,0.2916450771164021,34.0,6.0,True,False
2017-06-19,157,ABNB,0.0657450095238095,37.0,7.0,True,False
2017-06-26,157,ABNB,0.1215741833333333,24.0,6.0,True,False
2017-07-03,157,ABNB,-0.2160982476190476,17.0,5.0,True,False
2017-07-10,157,ABNB,-0.4931913570899471,65.0,6.0,True,False
2017-07-17,157,ABNB,0.0608192244897959,23.0,7.0,True,False
2017-07-24,157,ABNB,0.1708778231292516,39.0,7.0,True,False
2017-07-31,157,ABNB,-0.1856969904761904,26.0,6.0,True,False
2017-08-07,157,ABNB,-0.110688169217687,106.0,7.0,True,False
2017-08-14,157,ABNB,0.2406209325396825,40.0,7.0,True,False
2017-08-21,157,ABNB,0.3292012138888889,25.0,6.0,True,False
2017-08-28,157,ABNB,0.2271176,7.0,5.0,True,False
2017-09-04,157,ABNB,0.2759039766666666,15.0,5.0,True,False
2017-09-11,157,ABNB,0.1579503888888888,13.0,6.0,True,False
2017-09-18,157,ABNB,0.0027796658163265,36.0,7.0,True,False
2017-09-25,157,ABNB,-0.2828245694444444,27.0,6.0,True,False
2017-10-02,157,ABNB,0.26419925,14.0,6.0,True,False
2017-10-09,157,ABNB,0.0697501031746031,44.0,7.0,True,False
2017-10-16,157,ABNB,0.1762930638888889,17.0,6.0,True,False
2017-10-23,157,ABNB,-0.2198754388888888,36.0,7.0,True,False
2017-10-30,157,ABNB,-0.2236357025974026,33.0,7.0,True,False
2017-11-06,157,ABNB,0.0066530433333333,16.0,5.0,True,False
2017-11-13,157,ABNB,-0.0533612491300366,41.0,7.0,True,False
2017-11-20,157,ABNB,0.0065525416666666,9.0,6.0,True,False
2017-11-27,157,ABNB,-0.0229389749999999,27.0,6.0,True,False
2017-12-04,157,ABNB,-0.0498638916666666,20.0,6.0,True,False
2017-12-11,157,ABNB,0.117055505050505,35.0,6.0,True,False
2017-12-18,157,ABNB,0.2806466066666667,15.0,5.0,True,False
2017-12-25,157,ABNB,0.0439944999999999,10.0,4.0,True,False
2018-01-01,157,ABNB,-0.2325907666666666,25.0,5.0,True,False
2018-01-08,157,ABNB,0.1267600510204081,27.0,7.0,True,False
2018-01-15,157,ABNB,-0.185728242063492,22.0,6.0,True,False
2018-01-22,157,ABNB,0.091584610989011,33.0,7.0,True,False
2018-01-29,157,ABNB,-0.2944194644927536,43.0,6.0,True,False
2018-02-05,157,ABNB,-0.2541107666666666,29.0,6.0,True,False
2018-02-12,157,ABNB,0.0177982866666666,18.0,5.0,True,False
2018-02-19,157,ABNB,0.1079526629629629,60.0,6.0,True,False
2018-02-26,157,ABNB,0.0019115428571428,26.0,7.0,True,False
2018-03-05,157,ABNB,-0.1185293985714285,26.0,5.0,True,False
2018-03-12,157,ABNB,0.0162773055555555,26.0,6.0,True,False
2018-03-19,157,ABNB,-0.0583432314814814,30.0,6.0,True,False
2018-03-26,157,ABNB,-0.0601191591836734,30.0,7.0,True,False
2018-04-02,157,ABNB,-0.0462950333333333,25.0,6.0,True,False
2018-04-09,157,ABNB,0.0474214166666666,14.0,5.0,True,False
2018-04-16,157,ABNB,0.3942179799999999,10.0,5.0,True,False
2018-04-23,157,ABNB,-0.1226721333333333,10.0,5.0,True,False
2018-04-30,157,ABNB,-0.2236288309523809,26.0,7.0,True,False
2018-05-07,157,ABNB,-0.1908047863636363,66.0,6.0,True,False
2018-05-14,157,ABNB,-0.0960700666666666,23.0,7.0,True,False
2018-05-21,157,ABNB,0.1876911607142856,19.0,7.0,True,False
2018-05-28,157,ABNB,-0.2439948714285714,16.0,5.0,True,False
2018-06-04,157,ABNB,-0.0116553497732425,42.0,7.0,True,False
2018-06-11,157,ABNB,-0.2329890158730158,29.0,7.0,True,False
2018-06-18,157,ABNB,-0.2700993,12.0,5.0,True,False
2018-06-25,157,ABNB,-0.0084319461538461,26.0,5.0,True,False
2018-07-02,157,ABNB,0.1533869523809523,21.0,7.0,True,False
2018-07-09,157,ABNB,-0.1589069285714286,21.0,7.0,True,False
2018-07-16,157,ABNB,-0.3937061058201058,37.0,6.0,True,False
2018-07-23,157,ABNB,-0.1182103860544217,20.0,7.0,True,False
2018-07-30,157,ABNB,-0.2155904341269841,28.0,7.0,True,False
2018-08-06,157,ABNB,-0.165991784733124,50.0,7.0,True,False
2018-08-13,157,ABNB,0.1494025357142857,23.0,7.0,True,False
2018-08-20,157,ABNB,-0.1743821653439153,26.0,6.0,True,False
2018-08-27,157,ABNB,-0.1649024166666666,12.0,6.0,True,False
2018-09-03,157,ABNB,0.07549375,8.0,3.0,True,False
2018-09-10,157,ABNB,-0.0530673,7.0,5.0,True,False
2018-09-17,157,ABNB,0.2111907916666666,7.0,4.0,True,False
2018-09-24,157,ABNB,-0.2015756944444444,9.0,6.0,True,False
2018-10-01,157,ABNB,-0.01106325,20.0,7.0,True,False
2018-10-08,157,ABNB,-0.3924587333333333,18.0,6.0,True,False
2018-10-15,157,ABNB,-0.0997199722222222,17.0,6.0,True,False
2018-10-22,157,ABNB,-0.0790973333333333,17.0,6.0,True,False
2018-10-29,157,ABNB,-0.0038847499999999,13.0,6.0,True,False
2018-11-05,157,ABNB,-0.5976786666666666,4.0,3.0,True,False
2018-11-12,157,ABNB,0.0202035166666666,10.0,5.0,True,False
2018-11-19,157,ABNB,-0.5105662638095239,25.0,5.0,True,False
2018-11-26,157,ABNB,-0.1072958333333333,14.0,6.0,True,False
2018-12-03,157,ABNB,-0.059448744047619,30.0,5.0,True,False
2018-12-10,157,ABNB,0.0420131277777777,26.0,6.0,True,False
2018-12-17,157,ABNB,-0.3201626663265306,30.0,7.0,True,False
2018-12-24,157,ABNB,-0.2231791083333333,15.0,5.0,True,False
2018-12-31,157,ABNB,-0.2658330032467532,28.0,7.0,True,False
2019-01-07,157,ABNB,0.1790705,8.0,6.0,True,False
2019-01-14,157,ABNB,-0.1999324210884353,39.0,7.0,True,False
2019-01-21,157,ABNB,0.2049631619047618,17.0,7.0,True,False
2019-01-28,157,ABNB,-0.1048564455782312,23.0,7.0,True,False
2019-02-04,157,ABNB,-0.133007905982906,29.0,6.0,True,False
2019-02-11,157,ABNB,-0.5150494166666667,11.0,3.0,True,False
2019-02-18,157,ABNB,-0.1724458142857143,19.0,7.0,True,False
2019-02-25,157,ABNB,-0.2312973958333333,18.0,6.0,True,False
2019-03-04,157,ABNB,-0.0419259348639455,61.0,7.0,True,False
2019-03-11,157,ABNB,-0.1785740972222222,16.0,4.0,True,False
2019-03-18,157,ABNB,-0.2234883999999999,18.0,5.0,True,False
2019-03-25,157,ABNB,0.0259259642857142,16.0,7.0,True,False
2019-04-01,157,ABNB,0.0925531542016806,43.0,7.0,True,False
2019-04-08,157,ABNB,-0.2069618583333333,45.0,6.0,True,False
2019-04-15,157,ABNB,0.1958306805555555,22.0,6.0,True,False
2019-04-22,157,ABNB,0.1123191833333333,33.0,7.0,True,False
2019-04-29,157,ABNB,-0.0617317829931972,62.0,7.0,True,False
2019-05-06,157,ABNB,0.066993069047619,18.0,7.0,True,False
2019-05-13,157,ABNB,-0.2280238333333333,27.0,7.0,True,False
2019-05-20,157,ABNB,-0.0250265727272727,30.0,7.0,True,False
2019-05-27,157,ABNB,-0.0490440688888888,22.0,5.0,True,False
2019-06-03,157,ABNB,-0.1419353452380952,28.0,7.0,True,False
2019-06-10,157,ABNB,0.1650681719387755,39.0,7.0,True,False
2019-06-17,157,ABNB,-0.0391776329365079,26.0,7.0,True,False
2019-06-24,157,ABNB,-0.0416689085034013,35.0,7.0,True,False
2019-07-01,157,ABNB,-0.0290999555555555,14.0,6.0,True,False
2019-07-08,157,ABNB,0.0977242282312925,27.0,7.0,True,False
2019-07-15,157,ABNB,-0.0706778333333333,28.0,6.0,True,False
2019-07-22,157,ABNB,0.1071409,17.0,7.0,True,False
2019-07-29,157,ABNB,-0.1528877916666667,16.0,6.0,True,False
2019-08-05,157,ABNB,0.1378406666666666,22.0,6.0,True,False
2019-08-12,157,ABNB,0.2762181999999999,15.0,4.0,True,False
2019-08-19,157,ABNB,-0.0232991666666666,16.0,5.0,True,False
2019-08-26,157,ABNB,0.0002762568027211,22.0,7.0,True,False
2019-09-02,157,ABNB,0.2707163595238095,20.0,7.0,True,False
2019-09-09,157,ABNB,0.1021260833333333,12.0,6.0,True,False
2019-09-16,157,ABNB,0.0907797849206349,51.0,6.0,True,False
2019-09-23,157,ABNB,0.1071775194444444,25.0,6.0,True,False
2019-09-30,157,ABNB,0.0130285882173382,32.0,6.0,True,False
2019-10-07,157,ABNB,-0.0226225,27.0,7.0,True,False
2019-10-14,157,ABNB,0.0191039428571428,43.0,7.0,True,False
2019-10-21,157,ABNB,0.1215011047619047,26.0,7.0,True,False
2019-10-28,157,ABNB,-0.172891225,84.0,7.0,True,False
2019-11-04,157,ABNB,-0.1962060518667993,112.0,6.0,True,False
2019-11-11,157,ABNB,-0.0490247945578231,51.0,7.0,True,False
2019-11-18,157,ABNB,-0.0646917994047618,52.0,7.0,True,False
2019-11-25,157,ABNB,0.25746735,12.0,6.0,True,False
2019-12-02,157,ABNB,-0.0650997063492063,35.0,7.0,True,False
2019-12-09,157,ABNB,0.158110619047619,20.0,7.0,True,False
2019-12-16,157,ABNB,-0.0708073964285714,33.0,6.0,True,False
2019-12-23,157,ABNB,-0.3210241138888888,16.0,6.0,True,False
2019-12-30,157,ABNB,0.0811220972222222,15.0,6.0,True,False
2020-01-06,157,ABNB,0.0449542,21.0,7.0,True,False
2020-01-13,157,ABNB,0.131321744047619,15.0,4.0,True,False
2020-01-20,157,ABNB,-0.0160320555555555,20.0,6.0,True,False
2020-01-27,157,ABNB,-0.0038549493197278,39.0,7.0,True,False
2020-02-03,157,ABNB,-0.0573628444444444,17.0,6.0,True,False
2020-02-10,157,ABNB,-0.1511487311147186,37.0,6.0,True,False
2020-02-17,157,ABNB,-0.3541286071428571,32.0,7.0,True,False
2020-02-24,157,ABNB,0.0657535,23.0,6.0,True,False
2020-03-02,157,ABNB,-0.0399636944444444,24.0,6.0,True,False
2020-03-09,157,ABNB,-0.050648487414966,44.0,7.0,True,False
2020-03-16,157,ABNB,-0.13843895,19.0,5.0,True,False
2020-03-23,157,ABNB,-0.0127887678230266,40.0,6.0,True,False
2020-03-30,157,ABNB,-0.2856850781926406,47.0,7.0,True,False
2020-04-06,157,ABNB,0.0216688093369593,50.0,6.0,True,False
2020-04-13,157,ABNB,-0.3191495740740741,23.0,6.0,True,False
2020-04-20,157,ABNB,-0.1411604047619047,18.0,7.0,True,False
2020-04-27,157,ABNB,0.0905066797129186,38.0,5.0,True,False
2020-05-04,157,ABNB,-0.3440991166326531,87.0,7.0,True,False
2020-05-11,157,ABNB,-0.1962471285714285,26.0,7.0,True,False
2020-05-18,157,ABNB,0.1000414659863945,29.0,7.0,True,False
2020-05-25,157,ABNB,-0.0006717053571428,16.0,4.0,True,False
2020-06-01,157,ABNB,0.0162996041666666,11.0,4.0,True,False
2020-06-08,157,ABNB,0.14085818001443,36.0,7.0,True,False
2020-06-15,157,ABNB,0.3318629928571429,15.0,5.0,True,False
2020-06-22,157,ABNB,-0.07916425,15.0,6.0,True,False
2020-06-29,157,ABNB,-0.0723096083333333,21.0,4.0,True,False
2020-07-06,157,ABNB,0.1898197499999999,6.0,4.0,True,False
2020-07-13,157,ABNB,-0.1822410727513227,28.0,6.0,True,False
2020-07-20,157,ABNB,0.24073425,7.0,4.0,True,False
2020-07-27,157,ABNB,-0.1974665,3.0,2.0,True,False
2020-08-03,157,ABNB,0.0005669999999999,1.0,1.0,True,False
2020-08-10,157,ABNB,-0.2999486944444444,20.0,4.0,True,False
2020-08-17,157,ABNB,0.1195945532407407,42.0,4.0,True,False
2020-08-24,157,ABNB,0.0996210039682539,26.0,6.0,True,False
2020-08-31,157,ABNB,-0.0316896523809523,29.0,5.0,True,False
2020-09-07,157,ABNB,-0.1014091533333333,14.0,5.0,True,False
2020-09-14,157,ABNB,0.1759003111111111,29.0,5.0,True,False
2020-09-21,157,ABNB,-0.0743964206349206,22.0,7.0,True,False
2020-09-28,157,ABNB,-0.0696253282967033,30.0,6.0,True,False
2020-10-05,157,ABNB,0.0930616527777777,21.0,6.0,True,False
2020-10-12,157,ABNB,-0.081087625,11.0,4.0,True,False
2020-10-19,157,ABNB,-0.0776585079365079,26.0,7.0,True,False
2020-10-26,157,ABNB,-0.0223830476190476,21.0,7.0,True,False
2020-11-02,157,ABNB,0.0737341249999999,14.0,4.0,True,False
2020-11-09,157,ABNB,-0.0338832861111111,40.0,6.0,True,False
2020-11-16,157,ABNB,-0.0785345960743173,80.0,6.0,True,False
2020-11-23,157,ABNB,-0.0262366666666666,10.0,6.0,True,False
2020-11-30,157,ABNB,0.188644677494331,66.0,7.0,True,False
2020-12-07,157,ABNB,0.0892519147748403,200.0,7.0,True,False
2020-12-14,157,ABNB,-0.1320474435374149,32.0,7.0,True,False
2020-12-21,157,ABNB,-0.1175043666666666,13.0,5.0,True,False
2020-12-28,157,ABNB,0.1510357777777777,6.0,3.0,True,False
2021-01-04,157,ABNB,0.0730988333333333,20.0,5.0,True,False
2021-01-11,157,ABNB,-0.2811506160203524,90.0,7.0,True,False
2021-01-18,157,ABNB,0.0826013333333333,6.0,4.0,True,False
2021-01-25,157,ABNB,-0.2223024722222222,13.0,6.0,True,False
2021-02-01,157,ABNB,0.09343396,11.0,5.0,True,False
2021-02-08,157,ABNB,-0.2118938222222222,18.0,6.0,True,False
2021-02-15,157,ABNB,0.1297783611111111,11.0,6.0,True,False
2021-02-22,157,ABNB,0.2334915829131652,46.0,7.0,True,False
2021-03-01,157,ABNB,0.0127795277777777,12.0,6.0,True,False
2021-03-08,157,ABNB,0.2547607,7.0,5.0,True,False
2021-03-15,157,ABNB,0.1276848166666666,15.0,5.0,True,False
2021-03-22,157,ABNB,0.0383886857142857,19.0,5.0,True,False
2021-03-29,157,ABNB,0.2421874583333333,14.0,6.0,True,False
2021-04-05,157,ABNB,0.0487424444444444,11.0,3.0,True,False
2021-04-12,157,ABNB,0.2618060416666666,14.0,4.0,True,False
2021-04-19,157,ABNB,0.133152,10.0,5.0,True,False
2021-04-26,157,ABNB,0.2262368333333333,10.0,4.0,True,False
2021-05-03,157,ABNB,0.3762171055555556,14.0,6.0,True,False
2021-05-10,157,ABNB,0.0942094768065268,39.0,6.0,True,False
2021-05-17,157,ABNB,-0.1443766111111111,18.0,6.0,True,False
2021-05-24,157,ABNB,0.069497912037037,38.0,6.0,True,False
2021-05-31,157,ABNB,0.0424620899999999,13.0,5.0,True,False
2021-06-07,157,ABNB,0.1538017281746031,23.0,6.0,True,False
2021-06-14,157,ABNB,-0.4366086805555556,29.0,6.0,True,False
2021-06-21,157,ABNB,-0.2239511333333333,12.0,5.0,True,False
2021-06-28,157,ABNB,-0.0314687999999999,14.0,6.0,True,False
2021-07-05,157,ABNB,-0.19413525,16.0,5.0,True,False
2021-07-12,157,ABNB,-0.0793190944444444,16.0,6.0,True,False
2021-07-19,157,ABNB,-0.0979910595238095,26.0,7.0,True,False
2021-07-26,157,ABNB,0.0577914,9.0,5.0,True,False
2021-08-02,157,ABNB,0.0221849333333333,10.0,5.0,True,False
2021-08-09,157,ABNB,-0.1989866628787878,40.0,6.0,True,False
2021-08-16,157,ABNB,-0.1082821785714285,15.0,5.0,True,False
2021-08-23,157,ABNB,0.2938440099206349,48.0,6.0,True,False
2021-08-30,157,ABNB,-0.12693975,9.0,6.0,True,False
2021-09-06,157,ABNB,0.3840575833333333,6.0,4.0,True,False
2021-09-13,157,ABNB,-0.1492279166666666,10.0,4.0,True,False
2021-09-20,157,ABNB,0.1653762976190476,22.0,7.0,True,False
2021-09-27,157,ABNB,-0.053638261111111,21.0,6.0,True,False
2021-10-04,157,ABNB,0.102636375,6.0,4.0,True,False
2021-10-11,157,ABNB,-0.20848275,11.0,4.0,True,False
2021-10-18,157,ABNB,-0.2526166666666666,7.0,3.0,True,False
2021-10-25,157,ABNB,0.15949,7.0,5.0,True,False
2021-11-01,157,ABNB,0.3367942457264957,38.0,6.0,True,False
2021-11-08,157,ABNB,0.1595394177350427,28.0,6.0,True,False
2021-11-15,157,ABNB,0.0148359166666666,7.0,4.0,True,False
2021-11-22,157,ABNB,0.0158363333333333,3.0,3.0,True,False
2021-11-29,157,ABNB,0.0937366158730158,26.0,6.0,True,False
2021-12-06,157,ABNB,0.14823104,12.0,5.0,True,False
2021-12-13,157,ABNB,0.0857236071428571,14.0,7.0,True,False
2021-12-20,157,ABNB,-0.4038810535714285,13.0,4.0,True,False
2021-12-27,157,ABNB,-0.2343957333333333,9.0,5.0,True,False
2022-01-03,157,ABNB,-0.1800530452380952,24.0,6.0,True,False
2022-01-10,157,ABNB,0.0660988333333333,8.0,4.0,True,False
2022-01-17,157,ABNB,0.3041837333333334,15.0,5.0,True,False
2022-01-24,157,ABNB,-0.2272521666666667,7.0,6.0,True,False
2022-01-31,157,ABNB,-0.2099984999999999,7.0,4.0,True,False
2022-02-07,157,ABNB,-0.078527625,15.0,6.0,True,False
2022-02-14,157,ABNB,0.1939482319466248,28.0,7.0,True,False
2022-02-21,157,ABNB,-0.3206881238095238,13.0,7.0,True,False
2022-02-28,157,ABNB,0.2901539349206349,62.0,7.0,True,False
2022-03-07,157,ABNB,0.029801496371882,30.0,7.0,True,False
2022-03-14,157,ABNB,-0.0689566111111111,13.0,6.0,True,False
2022-03-21,157,ABNB,-0.2681096666666667,19.0,6.0,True,False
2022-03-28,157,ABNB,-0.137632,7.0,4.0,True,False
2022-04-04,157,ABNB,-0.1635646587301587,22.0,7.0,True,False
2022-04-11,157,ABNB,0.0761764642857142,14.0,6.0,True,False
2022-04-18,157,ABNB,-0.1199002722222222,19.0,6.0,True,False
2022-04-25,157,ABNB,0.2653973333333333,9.0,6.0,True,False
2022-05-02,157,ABNB,0.00148324,21.0,5.0,True,False
2022-05-09,157,ABNB,0.0362255333333333,28.0,6.0,True,False
2022-05-16,157,ABNB,0.1332757333333333,24.0,6.0,True,False
2022-05-23,157,ABNB,-0.1025198888888889,44.0,6.0,True,False
2022-05-30,157,ABNB,-0.3926529999999999,4.0,3.0,True,False
2022-06-06,157,ABNB,-0.25246725,13.0,5.0,True,False
2022-06-13,157,ABNB,-0.2470821805555556,26.0,6.0,True,False
2022-06-20,157,ABNB,0.0126997833333333,27.0,7.0,True,False
2022-06-27,157,ABNB,-0.3073037876515151,52.0,5.0,True,False
2022-07-04,157,ABNB,-0.2439308,10.0,5.0,True,False
2022-07-11,157,ABNB,-0.3570828888888889,13.0,3.0,True,False
2022-07-18,157,ABNB,-0.032675519047619,38.0,7.0,True,False
2022-07-25,157,ABNB,-0.420737876984127,25.0,7.0,True,False
2022-08-01,157,ABNB,-0.2101105853432281,48.0,7.0,True,False
2022-08-08,157,ABNB,-0.4463954,9.0,5.0,True,False
2022-08-15,157,ABNB,0.0106095742753623,35.0,6.0,True,False
2022-08-22,157,ABNB,-0.0192676833333333,17.0,5.0,True,False
2022-08-29,157,ABNB,-0.07143535,10.0,5.0,True,False
2022-09-05,157,ABNB,-0.084105785,23.0,5.0,True,False
2022-09-12,157,ABNB,-0.2150212380952381,19.0,7.0,True,False
2022-09-19,157,ABNB,-0.2082778041666666,22.0,6.0,True,False
2022-09-26,157,ABNB,-0.284496305882353,29.0,5.0,True,False
2022-10-03,157,ABNB,-0.2579095222222222,17.0,6.0,True,False
2022-10-10,157,ABNB,-0.3144629722222222,16.0,6.0,True,False
2022-10-17,157,ABNB,-0.2324956802721089,22.0,7.0,True,False
2022-10-24,157,ABNB,-0.2786881785714286,22.0,7.0,True,False
2022-10-31,157,ABNB,0.0670123066666666,35.0,5.0,True,False
2022-11-07,157,ABNB,0.0007748639455782,56.0,7.0,True,False
2022-11-14,157,ABNB,0.2104570975295381,46.0,7.0,True,False
2022-11-21,157,ABNB,-0.0709271374999999,21.0,4.0,True,False
2022-11-28,157,ABNB,0.0966406015873015,31.0,6.0,True,False
2022-12-05,157,ABNB,-0.2765916309523809,30.0,7.0,True,False
2022-12-12,157,ABNB,-0.2967518583333333,31.0,6.0,True,False
2022-12-19,157,ABNB,-0.2352498233333333,20.0,5.0,True,False
2022-12-26,157,ABNB,-0.4373302,10.0,5.0,True,False
2023-01-02,157,ABNB,-0.1762466785714286,14.0,7.0,True,False
2023-01-09,157,ABNB,-0.0854552083333333,20.0,6.0,True,False
2023-01-16,157,ABNB,-0.2853120624999999,11.0,4.0,True,False
2023-01-23,157,ABNB,0.0087156785714285,17.0,7.0,True,False
2023-01-30,157,ABNB,0.0913035,16.0,6.0,True,False
2023-02-06,157,ABNB,-0.28073872,17.0,5.0,True,False
2023-02-13,157,ABNB,0.1949812363095238,44.0,7.0,True,False
2023-02-20,157,ABNB,-0.2760446904761905,17.0,7.0,True,False
2023-02-27,157,ABNB,-0.449188256292517,38.0,7.0,True,False
2023-03-06,157,ABNB,-0.3961855416666666,25.0,6.0,True,False
2023-03-13,157,ABNB,-0.2536855,7.0,4.0,True,False
2023-03-20,157,ABNB,0.02251105,14.0,4.0,True,False
2023-03-27,157,ABNB,-0.3115974,11.0,5.0,True,False
2023-04-03,157,ABNB,-0.2713873333333333,12.0,6.0,True,False
2023-04-10,157,ABNB,-0.0170819444444444,10.0,6.0,True,False
2023-04-17,157,ABNB,-0.1898655238095238,19.0,7.0,True,False
2023-04-24,157,ABNB,-0.3379326,19.0,5.0,True,False
2023-05-01,157,ABNB,0.2836410892857143,39.0,7.0,True,False
2023-05-08,157,ABNB,0.0912419022222222,45.0,6.0,True,False
2023-05-15,157,ABNB,0.2317070486111111,25.0,6.0,True,False
2023-05-22,157,ABNB,0.2766629396825396,20.0,6.0,True,False
2023-05-29,157,ABNB,-0.3018652849206349,24.0,5.0,True,False
2023-06-05,157,ABNB,0.0076969523809523,18.0,7.0,True,False
2023-06-12,157,ABNB,0.1966812714285714,21.0,6.0,True,False
2023-06-19,157,ABNB,0.1521266083333333,27.0,6.0,True,False
2023-06-26,157,ABNB,-0.1977721875283446,65.0,7.0,True,False
2023-07-03,157,ABNB,-0.1297939166666666,18.0,6.0,True,False
2023-07-10,157,ABNB,0.0321990960884353,24.0,7.0,True,False
2023-07-17,157,ABNB,-0.2220292261904762,24.0,7.0,True,False
2023-07-24,157,ABNB,-0.154441219047619,22.0,7.0,True,False
2023-07-31,157,ABNB,0.0125834027116402,36.0,6.0,True,False
2023-08-07,157,ABNB,-0.3559695,17.0,6.0,True,False
2023-08-14,157,ABNB,-0.044982619047619,18.0,7.0,True,False
2023-08-21,157,ABNB,-0.0254741047619047,15.0,7.0,True,False
2023-08-28,157,ABNB,-0.3428392309523809,27.0,7.0,True,False
2023-09-04,157,ABNB,-0.3809024444444444,41.0,7.0,True,False
2023-09-11,157,ABNB,-0.1217887809523809,23.0,7.0,True,False
2023-09-18,157,ABNB,-0.2182447756410256,29.0,6.0,True,False
2023-09-25,157,ABNB,-0.3289710297619048,27.0,6.0,True,False
2023-10-02,157,ABNB,-0.5251358925170069,40.0,7.0,True,False
2023-10-09,157,ABNB,-0.24270455,24.0,6.0,True,False
2023-10-16,157,ABNB,-0.4764115178571429,24.0,7.0,True,False
2023-10-23,157,ABNB,-0.4153742547619047,22.0,7.0,True,False
2023-10-30,157,ABNB,-0.2493003165266106,33.0,7.0,True,False
2023-11-06,157,ABNB,-0.2379524490740741,39.0,6.0,True,False
2023-11-13,157,ABNB,-0.0874680316944959,30.0,7.0,True,False
2023-11-20,157,ABNB,-0.0593696458333333,22.0,6.0,True,False
2023-11-27,157,ABNB,-0.1468851388888889,14.0,6.0,True,False
2023-12-04,157,ABNB,-0.3497590694444444,17.0,6.0,True,False
2023-12-11,157,ABNB,-0.4047502305555555,19.0,6.0,True,False
2023-12-18,157,ABNB,-0.4875286767676767,26.0,5.0,True,False
2023-12-25,157,ABNB,-0.1301298333333333,10.0,6.0,True,False
2024-01-01,157,ABNB,-0.2393568095238095,12.0,7.0,True,False
2024-01-08,157,ABNB,0.0214714666666666,9.0,5.0,True,False
2024-01-15,157,ABNB,-0.4972914333333332,9.0,5.0,True,False
2024-01-22,157,ABNB,0.2748347916666667,7.0,4.0,True,False
2024-01-29,157,ABNB,-0.0022858333333333,8.0,4.0,True,False
2024-02-05,157,ABNB,-0.0542240833333333,10.0,6.0,True,False
2024-02-12,157,ABNB,0.0338603981481481,23.0,6.0,True,False
2024-02-19,157,ABNB,-0.0401094583333333,10.0,6.0,True,False
2024-02-26,157,ABNB,-0.06507225,8.0,4.0,True,False
2024-03-04,157,ABNB,-0.080415,12.0,6.0,True,False
2024-03-11,157,ABNB,-0.181514723356009,47.0,7.0,True,False
2024-03-18,157,ABNB,-0.1532826799999999,9.0,5.0,True,False
2024-03-25,157,ABNB,-0.03582725,6.0,4.0,True,False
2024-04-01,157,ABNB,-0.0523040099999999,13.0,5.0,True,False
2024-04-08,157,ABNB,-0.1269956388888889,11.0,6.0,True,False
2024-04-15,157,ABNB,-0.2103243,10.0,5.0,True,False
2024-04-22,157,ABNB,-0.1491803253968253,14.0,6.0,True,False
2024-04-29,157,ABNB,-0.0136327571428571,47.0,7.0,True,False
2024-05-06,157,ABNB,-0.1087315031746031,24.0,6.0,True,False
2024-05-13,157,ABNB,-0.0895998888888889,18.0,6.0,True,False
2024-05-20,157,ABNB,-0.4059051428571428,17.0,7.0,True,False
2024-05-27,157,ABNB,0.0680136944444444,16.0,6.0,True,False
2024-06-03,157,ABNB,-0.3377983928571429,15.0,7.0,True,False
2024-06-10,157,ABNB,0.0125820933333333,14.0,5.0,True,False
2024-06-17,157,ABNB,-0.04330175,14.0,6.0,True,False
2024-06-24,157,ABNB,-0.3449698194444444,15.0,6.0,True,False
2024-07-01,157,ABNB,-0.3082389,8.0,5.0,True,False
2024-07-08,157,ABNB,-0.206158625,16.0,6.0,True,False
2024-07-15,157,ABNB,-0.2224107222222222,11.0,6.0,True,False
2024-07-22,157,ABNB,-0.2258991619047619,13.0,5.0,True,False
2024-07-29,157,ABNB,0.09601278,11.0,5.0,True,False
2024-08-05,157,ABNB,-0.3502708455912508,48.0,7.0,True,False
2024-08-12,157,ABNB,-0.1856435555555555,13.0,5.0,True,False
2024-08-19,157,ABNB,-0.0546870833333333,11.0,6.0,True,False
2024-08-26,157,ABNB,-0.11473075,13.0,6.0,True,False
2024-09-02,157,ABNB,0.0965142499999999,16.0,6.0,True,False
2024-09-09,157,ABNB,0.1581420666666666,10.0,5.0,True,False
2024-09-16,157,ABNB,-0.0313896825396825,12.0,3.0,True,False
2024-09-23,157,ABNB,0.0145664533333333,13.0,5.0,True,False
2024-09-30,157,ABNB,-0.1420716097222222,24.0,6.0,True,False
2024-10-07,157,ABNB,-0.2621612888888889,13.0,6.0,True,False
2024-10-14,157,ABNB,0.1483783444444444,23.0,6.0,True,False
2024-10-21,157,ABNB,0.0369328125,12.0,4.0,True,False
2024-10-28,157,ABNB,-0.1552382361111111,16.0,6.0,True,False
2024-11-04,157,ABNB,-0.0100295555555555,12.0,6.0,True,False
2024-11-11,157,ABNB,-0.2450711037414966,29.0,7.0,True,False
2024-11-18,157,ABNB,-0.2406717888888888,18.0,6.0,True,False
2024-11-25,157,ABNB,-0.0592550833333333,7.0,4.0,True,False
2024-12-02,157,ABNB,-0.0849823888888889,11.0,6.0,True,False
2024-12-09,157,ABNB,-0.2817728266666667,19.0,5.0,True,False
2024-12-16,157,ABNB,-0.3191158,17.0,5.0,True,False
2024-12-23,157,ABNB,0.0914239999999999,5.0,5.0,True,False
2024-12-30,157,ABNB,-0.5491701023809523,30.0,6.0,True,False
2025-01-06,157,ABNB,-0.0476161285714285,34.0,7.0,True,False
2025-01-13,157,ABNB,-0.0284777142857142,13.0,7.0,True,False
2025-01-20,157,ABNB,-0.1759154305555555,12.0,6.0,True,False
2025-01-27,157,ABNB,-0.2019131499999999,11.0,5.0,True,False
2025-02-03,157,ABNB,-0.38685725,10.0,6.0,True,False
2025-02-10,157,ABNB,0.362751697979798,34.0,5.0,True,False
2025-02-17,157,ABNB,-0.23442085,10.0,5.0,True,False
2025-02-24,157,ABNB,0.1556426,12.0,5.0,True,False
2025-03-03,157,ABNB,-0.11271575,10.0,6.0,True,False
2025-03-10,157,ABNB,-0.2008015404761904,20.0,7.0,True,False
2025-03-17,157,ABNB,-0.2339845333333333,12.0,5.0,True,False
2025-03-24,157,ABNB,0.1376368,9.0,5.0,True,False
2025-03-31,157,ABNB,-0.1331683333333333,10.0,5.0,True,False
2025-04-07,157,ABNB,-0.2377349523809524,14.0,7.0,True,False
2025-04-14,157,ABNB,0.1956391999999999,7.0,5.0,True,False
2025-04-21,157,ABNB,0.0028976785714285,13.0,4.0,True,False
2025-04-28,157,ABNB,0.0897672958333333,26.0,6.0,True,False
2025-05-05,157,ABNB,-0.3009486666666667,7.0,5.0,True,False
2025-05-12,157,ABNB,0.2386025405442176,60.0,7.0,True,False
2025-05-19,157,ABNB,-0.0746664209956709,38.0,7.0,True,False
2025-05-26,157,ABNB,0.0503572,13.0,5.0,True,False
2025-06-02,157,ABNB,-0.2027808452380952,17.0,7.0,True,False
2025-06-09,157,ABNB,-0.0757996428571428,14.0,7.0,True,False
2025-06-16,157,ABNB,-0.1193718611111111,13.0,6.0,True,False
2025-06-23,157,ABNB,-0.4360217499999999,12.0,6.0,True,False
2025-06-30,157,ABNB,-0.0312972027777777,17.0,6.0,True,False
2025-07-07,157,ABNB,-0.1886265416666666,16.0,6.0,True,False
2025-07-14,157,ABNB,-0.2184399722222222,15.0,4.0,True,False
2025-07-21,157,ABNB,-0.0278655,6.0,3.0,True,False
2025-07-28,157,ABNB,0.0508293833333333,11.0,6.0,True,False
2025-08-04,157,ABNB,-0.1041481095238095,42.0,7.0,True,False
2025-08-11,157,ABNB,-0.0731861666666666,18.0,6.0,True,False
2025-08-18,157,ABNB,0.3136885277777778,16.0,6.0,True,False
2025-08-25,157,ABNB,0.20806275,8.0,4.0,True,False
2025-09-01,157,ABNB,-0.1632123999999999,8.0,5.0,True,False
2025-09-08,157,ABNB,0.2157289365079365,17.0,7.0,True,False
2025-09-15,157,ABNB,-0.1665419,12.0,5.0,True,False
2025-09-22,157,ABNB,-0.2778055714285714,11.0,7.0,True,False
2025-09-29,157,ABNB,-0.28208236,13.0,5.0,True,False
2025-10-06,157,ABNB,-0.3942971249999999,7.0,4.0,True,False
2025-10-13,157,ABNB,-0.2451583333333333,5.0,3.0,True,False
2025-10-20,157,ABNB,0.4398900261904762,20.0,5.0,True,False
2025-10-27,157,ABNB,0.0827511083333333,21.0,6.0,True,False
2025-11-03,157,ABNB,-0.0640044734432234,36.0,7.0,True,False
2025-11-10,157,ABNB,0.0707482777777777,14.0,4.0,True,False
2025-11-17,157,ABNB,-0.169517,1.0,1.0,True,False
2025-11-24,157,ABNB,-0.169517,0.0,,False,True
2025-12-01,157,ABNB,-0.169517,0.0,,False,True
2025-12-08,157,ABNB,-0.331065,2.0,2.0,True,False
2025-12-15,157,ABNB,-0.8738311666666667,4.0,2.0,True,False
2025-12-22,157,ABNB,0.00899,1.0,1.0,True,False
2025-12-29,157,ABNB,0.02225,1.0,1.0,True,False
2015-01-05,4,AMZN,0.0178436999999999,8.0,5.0,True,False
2015-01-12,4,AMZN,-0.0489032547619047,29.0,6.0,True,False
2015-01-19,4,AMZN,0.29208575,24.0,6.0,True,False
2015-01-26,4,AMZN,0.2324456527777777,20.0,6.0,True,False
2015-02-02,4,AMZN,0.0286475,15.0,4.0,True,False
2015-02-09,4,AMZN,0.0766352666666666,14.0,5.0,True,False
2015-02-16,4,AMZN,0.0978425833333333,12.0,5.0,True,False
2015-02-23,4,AMZN,0.0774754,11.0,5.0,True,False
2015-03-02,4,AMZN,0.2185935333333333,13.0,5.0,True,False
2015-03-09,4,AMZN,0.2251722222222222,6.0,3.0,True,False
2015-03-16,4,AMZN,0.16104025,11.0,4.0,True,False
2015-03-23,4,AMZN,0.1265686944444444,30.0,6.0,True,False
2015-03-30,4,AMZN,0.1923105816326531,22.0,7.0,True,False
2015-04-06,4,AMZN,0.1163724623582766,37.0,7.0,True,False
2015-04-13,4,AMZN,-0.1275699166666666,9.0,3.0,True,False
2015-04-20,4,AMZN,0.4218026666666667,19.0,7.0,True,False
2015-04-27,4,AMZN,0.2218745,6.0,4.0,True,False
2015-05-04,4,AMZN,0.2075223888888889,12.0,6.0,True,False
2015-05-11,4,AMZN,0.1656165833333333,15.0,6.0,True,False
2015-05-18,4,AMZN,0.1871860575757575,20.0,5.0,True,False
2015-05-25,4,AMZN,0.16408488,22.0,5.0,True,False
2015-06-01,4,AMZN,0.2916576527777778,14.0,6.0,True,False
2015-06-08,4,AMZN,-0.1199155592592592,29.0,6.0,True,False
2015-06-15,4,AMZN,0.2627606944444444,24.0,6.0,True,False
2015-06-22,4,AMZN,0.2317009541666666,18.0,6.0,True,False
2015-06-29,4,AMZN,0.295896626111111,30.0,5.0,True,False
2015-07-06,4,AMZN,0.0609419444444444,18.0,6.0,True,False
2015-07-13,4,AMZN,-0.0361905208333333,31.0,6.0,True,False
2015-07-20,4,AMZN,-0.0162518299319727,34.0,7.0,True,False
2015-07-27,4,AMZN,0.3291107305555555,32.0,6.0,True,False
2015-08-03,4,AMZN,0.0148563611111111,19.0,6.0,True,False
2015-08-10,4,AMZN,0.35077825,12.0,4.0,True,False
2015-08-17,4,AMZN,-0.0224024999999999,23.0,6.0,True,False
2015-08-24,4,AMZN,0.08014842,14.0,5.0,True,False
2015-08-31,4,AMZN,-0.0092929632653061,34.0,7.0,True,False
2015-09-07,4,AMZN,0.2377422210884354,23.0,7.0,True,False
2015-09-14,4,AMZN,0.2963691249999999,20.0,6.0,True,False
2015-09-21,4,AMZN,-0.2735760333333333,14.0,5.0,True,False
2015-09-28,4,AMZN,-0.1053628833333333,13.0,6.0,True,False
2015-10-05,4,AMZN,0.1350396653061224,40.0,7.0,True,False
2015-10-12,4,AMZN,0.134188870593692,45.0,7.0,True,False
2015-10-19,4,AMZN,0.21102893792517,47.0,7.0,True,False
2015-10-26,4,AMZN,0.01542813,20.0,5.0,True,False
2015-11-02,4,AMZN,0.1253304428571428,28.0,7.0,True,False
2015-11-09,4,AMZN,0.4643346111111111,12.0,6.0,True,False
2015-11-16,4,AMZN,-0.0087928214285714,16.0,7.0,True,False
2015-11-23,4,AMZN,0.0308953825396825,25.0,6.0,True,False
2015-11-30,4,AMZN,0.14905162,13.0,5.0,True,False
2015-12-07,4,AMZN,0.0339643611111111,9.0,6.0,True,False
2015-12-14,4,AMZN,0.252402,21.0,7.0,True,False
2015-12-21,4,AMZN,0.4469623027777777,21.0,6.0,True,False
2015-12-28,4,AMZN,0.1631411666666666,18.0,5.0,True,False
2016-01-04,4,AMZN,0.013786375,6.0,4.0,True,False
2016-01-11,4,AMZN,-0.0286326216450216,40.0,7.0,True,False
2016-01-18,4,AMZN,0.3464696857142857,32.0,7.0,True,False
2016-01-25,4,AMZN,-0.1346711011904761,26.0,7.0,True,False
2016-02-01,4,AMZN,0.1445200138888888,33.0,6.0,True,False
2016-02-08,4,AMZN,0.3023305859022556,53.0,6.0,True,False
2016-02-15,4,AMZN,0.3238861726190476,39.0,6.0,True,False
2016-02-22,4,AMZN,0.2582388428571429,22.0,6.0,True,False
2016-02-29,4,AMZN,0.1449949428571428,42.0,7.0,True,False
2016-03-07,4,AMZN,0.175239,23.0,6.0,True,False
2016-03-14,4,AMZN,-0.008935311379097,52.0,7.0,True,False
2016-03-21,4,AMZN,0.1964655714285714,25.0,7.0,True,False
2016-03-28,4,AMZN,0.1696162649969078,35.0,7.0,True,False
2016-04-04,4,AMZN,0.1966323321428571,35.0,5.0,True,False
2016-04-11,4,AMZN,0.2894665777777778,17.0,6.0,True,False
2016-04-18,4,AMZN,0.1407072333333333,24.0,6.0,True,False
2016-04-25,4,AMZN,0.1978510481150793,48.0,6.0,True,False
2016-05-02,4,AMZN,0.2882544999999999,24.0,7.0,True,False
2016-05-09,4,AMZN,0.1352422797619047,53.0,7.0,True,False
2016-05-16,4,AMZN,0.0277620652777777,63.0,7.0,True,False
2016-05-23,4,AMZN,0.1994597095238095,36.0,7.0,True,False
2016-05-30,4,AMZN,-0.0224936317460317,47.0,7.0,True,False
2016-06-06,4,AMZN,0.2161612912965186,79.0,7.0,True,False
2016-06-13,4,AMZN,-0.0779964,50.0,6.0,True,False
2016-06-20,4,AMZN,0.1639438427777777,35.0,5.0,True,False
2016-06-27,4,AMZN,0.2028834928649237,47.0,6.0,True,False
2016-07-04,4,AMZN,-0.0098552033813525,41.0,7.0,True,False
2016-07-11,4,AMZN,0.1488617890022676,42.0,7.0,True,False
2016-07-18,4,AMZN,0.2787813952380952,43.0,7.0,True,False
2016-07-25,4,AMZN,0.3027755941129441,103.0,7.0,True,False
2016-08-01,4,AMZN,0.245833474496337,56.0,7.0,True,False
2016-08-08,4,AMZN,0.1408125436230436,56.0,6.0,True,False
2016-08-15,4,AMZN,0.1121944404761905,30.0,7.0,True,False
2016-08-22,4,AMZN,0.1083758537414966,34.0,7.0,True,False
2016-08-29,4,AMZN,0.1446942458333333,35.0,6.0,True,False
2016-09-05,4,AMZN,0.2987814761904762,26.0,7.0,True,False
2016-09-12,4,AMZN,0.358958135502989,51.0,7.0,True,False
2016-09-19,4,AMZN,0.1609531863945578,59.0,7.0,True,False
2016-09-26,4,AMZN,0.2110756088054187,139.0,7.0,True,False
2016-10-03,4,AMZN,-0.0700351968656279,101.0,7.0,True,False
2016-10-10,4,AMZN,0.125743135515873,61.0,7.0,True,False
2016-10-17,4,AMZN,-0.0639642648409561,77.0,7.0,True,False
2016-10-24,4,AMZN,-0.0177660428571428,53.0,6.0,True,False
2016-10-31,4,AMZN,0.0352247607142857,26.0,6.0,True,False
2016-11-07,4,AMZN,-0.0121629147186147,33.0,7.0,True,False
2016-11-14,4,AMZN,0.3001410285714285,16.0,4.0,True,False
2016-11-21,4,AMZN,0.0813027437641723,34.0,7.0,True,False
2016-11-28,4,AMZN,0.3315288555555555,27.0,6.0,True,False
2016-12-05,4,AMZN,0.1753333904761904,56.0,5.0,True,False
2016-12-12,4,AMZN,0.0023948302721088,85.0,7.0,True,False
2016-12-19,4,AMZN,0.1617006228741496,56.0,7.0,True,False
2016-12-26,4,AMZN,0.1043291387755102,57.0,7.0,True,False
2017-01-02,4,AMZN,0.1842847111642743,59.0,7.0,True,False
2017-01-09,4,AMZN,-0.1580086712014146,231.0,7.0,True,False
2017-01-16,4,AMZN,0.0375165070197044,106.0,7.0,True,False
2017-01-23,4,AMZN,-0.1550639166666667,26.0,7.0,True,False
2017-01-30,4,AMZN,0.0966044441553544,63.0,6.0,True,False
2017-02-06,4,AMZN,-0.0367909275613275,36.0,7.0,True,False
2017-02-13,4,AMZN,0.2209979894179894,28.0,6.0,True,False
2017-02-20,4,AMZN,0.1127354074074074,28.0,6.0,True,False
2017-02-27,4,AMZN,0.0903972868480725,53.0,7.0,True,False
2017-03-06,4,AMZN,0.1846347797619048,24.0,7.0,True,False
2017-03-13,4,AMZN,0.2349312102040816,68.0,7.0,True,False
2017-03-20,4,AMZN,0.1541594618429189,78.0,7.0,True,False
2017-03-27,4,AMZN,-0.019773596031746,77.0,7.0,True,False
2017-04-03,4,AMZN,0.2208136342592592,84.0,7.0,True,False
2017-04-10,4,AMZN,0.1007859532459137,83.0,7.0,True,False
2017-04-17,4,AMZN,0.118527216086691,72.0,7.0,True,False
2017-04-24,4,AMZN,0.1110923952981192,87.0,7.0,True,False
2017-05-01,4,AMZN,0.3321107162865146,62.0,7.0,True,False
2017-05-08,4,AMZN,0.1442267349055564,109.0,7.0,True,False
2017-05-15,4,AMZN,0.2482635622448979,44.0,7.0,True,False
2017-05-22,4,AMZN,0.1419901734006734,40.0,6.0,True,False
2017-05-29,4,AMZN,0.1445366597222222,43.0,6.0,True,False
2017-06-05,4,AMZN,0.1189855693434343,112.0,6.0,True,False
2017-06-12,4,AMZN,0.1073954567099567,134.0,7.0,True,False
2017-06-19,4,AMZN,0.0776265672384895,83.0,7.0,True,False
2017-06-26,4,AMZN,0.0290872361111111,104.0,6.0,True,False
2017-07-03,4,AMZN,0.0865766233766233,68.0,7.0,True,False
2017-07-10,4,AMZN,0.2902529716261999,149.0,7.0,True,False
2017-07-17,4,AMZN,0.0408827231583231,58.0,6.0,True,False
2017-07-24,4,AMZN,0.1583811795634162,152.0,7.0,True,False
2017-07-31,4,AMZN,0.0539043358515336,76.0,7.0,True,False
2017-08-07,4,AMZN,0.1327683909128792,165.0,7.0,True,False
2017-08-14,4,AMZN,-0.0445498796052059,87.0,7.0,True,False
2017-08-21,4,AMZN,0.0975812101476954,76.0,7.0,True,False
2017-08-28,4,AMZN,0.1367058246198246,61.0,7.0,True,False
2017-09-04,4,AMZN,0.0766391258503401,55.0,7.0,True,False
2017-09-11,4,AMZN,0.2536367237484737,70.0,7.0,True,False
2017-09-18,4,AMZN,0.1710794658661212,162.0,7.0,True,False
2017-09-25,4,AMZN,0.234975994047619,91.0,7.0,True,False
2017-10-02,4,AMZN,0.0373002509208857,123.0,7.0,True,False
2017-10-09,4,AMZN,-0.0876265200176465,113.0,7.0,True,False
2017-10-16,4,AMZN,-0.1260278848595848,52.0,7.0,True,False
2017-10-23,4,AMZN,0.2236605382519964,97.0,7.0,True,False
2017-10-30,4,AMZN,0.0673109126984126,77.0,7.0,True,False
2017-11-06,4,AMZN,0.0889605647959183,49.0,7.0,True,False
2017-11-13,4,AMZN,0.074032619047619,65.0,7.0,True,False
2017-11-20,4,AMZN,0.1737361199443413,56.0,7.0,True,False
2017-11-27,4,AMZN,0.1141096657210792,102.0,7.0,True,False
2017-12-04,4,AMZN,0.1234279633116883,76.0,7.0,True,False
2017-12-11,4,AMZN,0.1395760073412698,63.0,7.0,True,False
2017-12-18,4,AMZN,0.1761641223797211,67.0,7.0,True,False
2017-12-25,4,AMZN,-0.0864836116169544,66.0,7.0,True,False
2018-01-01,4,AMZN,0.167035935320795,57.0,7.0,True,False
2018-01-08,4,AMZN,0.1972057632631257,88.0,7.0,True,False
2018-01-15,4,AMZN,0.2143396168811002,91.0,7.0,True,False
2018-01-22,4,AMZN,0.1009178256944444,95.0,6.0,True,False
2018-01-29,4,AMZN,0.1746576886243386,73.0,6.0,True,False
2018-02-05,4,AMZN,0.0093534869713619,59.0,7.0,True,False
2018-02-12,4,AMZN,0.0496816279411764,81.0,7.0,True,False
2018-02-19,4,AMZN,-0.1391505181623931,43.0,6.0,True,False
2018-02-26,4,AMZN,0.1095633999690785,60.0,7.0,True,False
2018-03-05,4,AMZN,0.1153182413592359,107.0,7.0,True,False
2018-03-12,4,AMZN,0.099562019566774,101.0,7.0,True,False
2018-03-19,4,AMZN,0.1730775479591837,77.0,7.0,True,False
2018-03-26,4,AMZN,-0.3178113441776711,85.0,7.0,True,False
2018-04-02,4,AMZN,-0.0846409149842967,134.0,7.0,True,False
2018-04-09,4,AMZN,0.0166914128205128,72.0,7.0,True,False
2018-04-16,4,AMZN,0.0031693700340135,89.0,7.0,True,False
2018-04-23,4,AMZN,0.2527539084500467,111.0,7.0,True,False
2018-04-30,4,AMZN,-0.0558604079347153,76.0,7.0,True,False
2018-05-07,4,AMZN,0.0231570516885014,110.0,7.0,True,False
2018-05-14,4,AMZN,0.1475909220565149,106.0,7.0,True,False
2018-05-21,4,AMZN,-0.0901789878772021,71.0,7.0,True,False
2018-05-28,4,AMZN,0.1210847569727891,57.0,7.0,True,False
2018-06-04,4,AMZN,0.1860572520511234,72.0,7.0,True,False
2018-06-11,4,AMZN,-0.1084834139406889,60.0,6.0,True,False
2018-06-18,4,AMZN,0.1934307526444788,97.0,6.0,True,False
2018-06-25,4,AMZN,0.1558717517109874,90.0,7.0,True,False
2018-07-02,4,AMZN,0.1419340237762238,80.0,7.0,True,False
2018-07-09,4,AMZN,0.1817827211180124,93.0,7.0,True,False
2018-07-16,4,AMZN,0.0229449158601497,203.0,7.0,True,False
2018-07-23,4,AMZN,0.0746326531664121,113.0,7.0,True,False
2018-07-30,4,AMZN,0.0065578572069853,88.0,7.0,True,False
2018-08-06,4,AMZN,0.1055865456773618,103.0,7.0,True,False
2018-08-13,4,AMZN,0.2197233674803893,82.0,7.0,True,False
2018-08-20,4,AMZN,0.0068163961038961,58.0,7.0,True,False
2018-08-27,4,AMZN,0.1860062159875838,102.0,7.0,True,False
2018-09-03,4,AMZN,0.092543598594642,95.0,6.0,True,False
2018-09-10,4,AMZN,0.1213742119047619,29.0,7.0,True,False
2018-09-17,4,AMZN,0.1670715924036281,107.0,7.0,True,False
2018-09-24,4,AMZN,0.3298871317460317,44.0,7.0,True,False
2018-10-01,4,AMZN,0.1792738455782312,73.0,7.0,True,False
2018-10-08,4,AMZN,0.1409101009865647,159.0,7.0,True,False
2018-10-15,4,AMZN,0.0607234067445159,68.0,7.0,True,False
2018-10-22,4,AMZN,0.1045503319933616,88.0,7.0,True,False
2018-10-29,4,AMZN,-0.0988863702947845,73.0,7.0,True,False
2018-11-05,4,AMZN,0.1416964861111111,28.0,6.0,True,False
2018-11-12,4,AMZN,-0.0054200447994987,71.0,7.0,True,False
2018-11-19,4,AMZN,-0.0394324700680272,40.0,7.0,True,False
2018-11-26,4,AMZN,0.3293607271062271,60.0,7.0,True,False
2018-12-03,4,AMZN,0.2786356741780045,70.0,7.0,True,False
2018-12-10,4,AMZN,0.0810934214285714,64.0,7.0,True,False
2018-12-17,4,AMZN,-0.1641430774044796,80.0,7.0,True,False
2018-12-24,4,AMZN,-0.1078465018607777,63.0,6.0,True,False
2018-12-31,4,AMZN,0.1598465825396825,43.0,7.0,True,False
2019-01-07,4,AMZN,0.0036381376202655,68.0,7.0,True,False
2019-01-14,4,AMZN,0.0077968812638213,119.0,7.0,True,False
2019-01-21,4,AMZN,-0.1061858467032967,79.0,7.0,True,False
2019-01-28,4,AMZN,-0.2937861507368518,106.0,7.0,True,False
2019-02-04,4,AMZN,-0.1343607583126093,141.0,7.0,True,False
2019-02-11,4,AMZN,-0.0461693489499389,104.0,7.0,True,False
2019-02-18,4,AMZN,-0.0696887937847866,56.0,7.0,True,False
2019-02-25,4,AMZN,0.1718691467120181,68.0,7.0,True,False
2019-03-04,4,AMZN,-0.0182968253032152,100.0,7.0,True,False
2019-03-11,4,AMZN,-0.088503173015873,49.0,7.0,True,False
2019-03-18,4,AMZN,-0.0064600925780568,58.0,7.0,True,False
2019-03-25,4,AMZN,0.1297689279761905,56.0,7.0,True,False
2019-04-01,4,AMZN,0.0159707531083531,95.0,6.0,True,False
2019-04-08,4,AMZN,-0.010605094017094,95.0,7.0,True,False
2019-04-15,4,AMZN,0.0313259106759414,96.0,7.0,True,False
2019-04-22,4,AMZN,0.0920344931277056,70.0,7.0,True,False
2019-04-29,4,AMZN,0.2130370889416765,109.0,7.0,True,False
2019-05-06,4,AMZN,-0.0075317371243042,81.0,7.0,True,False
2019-05-13,4,AMZN,0.007873212481266,132.0,7.0,True,False
2019-05-20,4,AMZN,0.1427415482598837,69.0,7.0,True,False
2019-05-27,4,AMZN,0.0968492445887446,84.0,7.0,True,False
2019-06-03,4,AMZN,-0.0195880164399093,111.0,7.0,True,False
2019-06-10,4,AMZN,0.1586291821789322,74.0,7.0,True,False
2019-06-17,4,AMZN,0.2369700272283272,82.0,7.0,True,False
2019-06-24,4,AMZN,0.0258565571428571,73.0,7.0,True,False
2019-07-01,4,AMZN,-0.0088896982886161,83.0,7.0,True,False
2019-07-08,4,AMZN,0.0816507239022882,162.0,7.0,True,False
2019-07-15,4,AMZN,0.0030726678623467,143.0,7.0,True,False
2019-07-22,4,AMZN,-0.0551450951282051,79.0,7.0,True,False
2019-07-29,4,AMZN,0.1343844727060364,125.0,7.0,True,False
2019-08-05,4,AMZN,0.1722063754896594,124.0,7.0,True,False
2019-08-12,4,AMZN,-0.0388045724448084,81.0,7.0,True,False
2019-08-19,4,AMZN,-0.099702582952581,384.0,7.0,True,False
2019-08-26,4,AMZN,-0.1819886701662057,362.0,7.0,True,False
2019-09-02,4,AMZN,-0.0799925132297777,146.0,7.0,True,False
2019-09-09,4,AMZN,-0.0457294526330811,124.0,7.0,True,False
2019-09-16,4,AMZN,0.2387407904259556,166.0,7.0,True,False
2019-09-23,4,AMZN,0.2021828564120007,189.0,7.0,True,False
2019-09-30,4,AMZN,0.0804483484544695,147.0,7.0,True,False
2019-10-07,4,AMZN,0.127468523936913,115.0,7.0,True,False
2019-10-14,4,AMZN,-0.1235112388522588,104.0,7.0,True,False
2019-10-21,4,AMZN,-0.1129792753968254,151.0,7.0,True,False
2019-10-28,4,AMZN,0.013181748015873,90.0,7.0,True,False
2019-11-04,4,AMZN,-0.1373061599685328,90.0,7.0,True,False
2019-11-11,4,AMZN,-0.0034634255992029,89.0,7.0,True,False
2019-11-18,4,AMZN,0.0257773404147429,112.0,7.0,True,False
2019-11-25,4,AMZN,-0.1071243623433319,139.0,7.0,True,False
2019-12-02,4,AMZN,-0.0535495729750641,84.0,7.0,True,False
2019-12-09,4,AMZN,0.079256089091777,104.0,7.0,True,False
2019-12-16,4,AMZN,0.0640380300762729,74.0,7.0,True,False
2019-12-23,4,AMZN,-0.0061988113945578,55.0,7.0,True,False
2019-12-30,4,AMZN,0.0359485683673469,51.0,7.0,True,False
2020-01-06,4,AMZN,-0.0003045548245613,99.0,7.0,True,False
2020-01-13,4,AMZN,-0.0580598046760965,360.0,7.0,True,False
2020-01-20,4,AMZN,-0.0016781294317727,142.0,7.0,True,False
2020-01-27,4,AMZN,0.0662204805192227,99.0,7.0,True,False
2020-02-03,4,AMZN,0.0479164386724386,70.0,7.0,True,False
2020-02-10,4,AMZN,-0.1144471150133618,201.0,7.0,True,False
2020-02-17,4,AMZN,-0.0110897617375378,80.0,7.0,True,False
2020-02-24,4,AMZN,0.1129495781591424,61.0,7.0,True,False
2020-03-02,4,AMZN,0.0907627435502406,70.0,7.0,True,False
2020-03-09,4,AMZN,0.0061272268707482,47.0,7.0,True,False
2020-03-16,4,AMZN,0.0510260090237348,89.0,7.0,True,False
2020-03-23,4,AMZN,0.0039891856343656,106.0,7.0,True,False
2020-03-30,4,AMZN,0.0017485628968254,76.0,7.0,True,False
2020-04-06,4,AMZN,-0.0329447399227234,66.0,7.0,True,False
2020-04-13,4,AMZN,-0.0307486463100391,90.0,7.0,True,False
2020-04-20,4,AMZN,0.0665605185631828,104.0,7.0,True,False
2020-04-27,4,AMZN,-0.0058503603977074,118.0,7.0,True,False
2020-05-04,4,AMZN,0.0801239469213326,70.0,7.0,True,False
2020-05-11,4,AMZN,0.0316533859972394,117.0,7.0,True,False
2020-05-18,4,AMZN,0.1464746519274376,110.0,7.0,True,False
2020-05-25,4,AMZN,0.135682056477591,65.0,7.0,True,False
2020-06-01,4,AMZN,0.0654285674792571,126.0,7.0,True,False
2020-06-08,4,AMZN,-0.07678142542517,98.0,7.0,True,False
2020-06-15,4,AMZN,0.1460003616431187,88.0,7.0,True,False
2020-06-22,4,AMZN,0.1430295522283272,101.0,7.0,True,False
2020-06-29,4,AMZN,0.1034603137222565,101.0,7.0,True,False
2020-07-06,4,AMZN,0.0434573094424372,107.0,7.0,True,False
2020-07-13,4,AMZN,0.0740304642386598,75.0,7.0,True,False
2020-07-20,4,AMZN,0.2398611218761933,114.0,7.0,True,False
2020-07-27,4,AMZN,0.146071969613911,101.0,7.0,True,False
2020-08-03,4,AMZN,0.184482668289313,91.0,7.0,True,False
2020-08-10,4,AMZN,0.0153743403988868,91.0,7.0,True,False
2020-08-17,4,AMZN,0.0028280998168498,159.0,7.0,True,False
2020-08-24,4,AMZN,0.0745781549421137,124.0,7.0,True,False
2020-08-31,4,AMZN,0.069750654916078,142.0,7.0,True,False
2020-09-07,4,AMZN,-0.0460901638296623,112.0,7.0,True,False
2020-09-14,4,AMZN,0.1147294261970537,114.0,7.0,True,False
2020-09-21,4,AMZN,0.2084734965728715,107.0,7.0,True,False
2020-09-28,4,AMZN,0.1662642443148886,141.0,7.0,True,False
2020-10-05,4,AMZN,0.1394041015385515,151.0,7.0,True,False
2020-10-12,4,AMZN,0.1190592424063982,178.0,7.0,True,False
2020-10-19,4,AMZN,0.0459853083111647,161.0,7.0,True,False
2020-10-26,4,AMZN,-0.026329713610418,169.0,7.0,True,False
2020-11-02,4,AMZN,-0.1165065821428571,102.0,7.0,True,False
2020-11-09,4,AMZN,0.0451335173409628,152.0,6.0,True,False
2020-11-16,4,AMZN,0.1060409795739348,126.0,7.0,True,False
2020-11-23,4,AMZN,-0.127588019827998,96.0,7.0,True,False
2020-11-30,4,AMZN,0.0193455099192474,101.0,7.0,True,False
2020-12-07,4,AMZN,-0.0235393704612054,102.0,7.0,True,False
2020-12-14,4,AMZN,0.1172319716045392,107.0,7.0,True,False
2020-12-21,4,AMZN,-0.1935916216787389,105.0,7.0,True,False
2020-12-28,4,AMZN,-0.0091974214824391,77.0,7.0,True,False
2021-01-04,4,AMZN,-0.1676687729304029,73.0,7.0,True,False
2021-01-11,4,AMZN,-0.0991563188198443,166.0,7.0,True,False
2021-01-18,4,AMZN,-0.0753683310054166,163.0,7.0,True,False
2021-01-25,4,AMZN,-0.1091312354288103,119.0,7.0,True,False
2021-02-01,4,AMZN,0.0154251222939907,172.0,7.0,True,False
2021-02-08,4,AMZN,0.0614614810403412,121.0,7.0,True,False
2021-02-15,4,AMZN,-0.1421282908633428,139.0,7.0,True,False
2021-02-22,4,AMZN,0.0303378314696629,179.0,7.0,True,False
2021-03-01,4,AMZN,-0.0910502454787452,159.0,7.0,True,False
2021-03-08,4,AMZN,0.0384947725623582,116.0,7.0,True,False
2021-03-15,4,AMZN,0.0549060568800247,90.0,7.0,True,False
2021-03-22,4,AMZN,0.016248489717605,109.0,7.0,True,False
2021-03-29,4,AMZN,-0.042464639769754,96.0,7.0,True,False
2021-04-05,4,AMZN,-0.0482459713239141,84.0,7.0,True,False
2021-04-12,4,AMZN,0.2649515586391843,145.0,7.0,True,False
2021-04-19,4,AMZN,0.2245560643323996,75.0,7.0,True,False
2021-04-26,4,AMZN,0.3335523827930632,89.0,7.0,True,False
2021-05-03,4,AMZN,0.1594881795918367,68.0,7.0,True,False
2021-05-10,4,AMZN,0.1669908679373571,106.0,7.0,True,False
2021-05-17,4,AMZN,-0.0009675138332255,75.0,6.0,True,False
2021-05-24,4,AMZN,0.000428136793338,112.0,7.0,True,False
2021-05-31,4,AMZN,-0.1728738149659864,81.0,7.0,True,False
2021-06-07,4,AMZN,-0.1227273534546427,135.0,7.0,True,False
2021-06-14,4,AMZN,-0.0896446477413772,117.0,7.0,True,False
2021-06-21,4,AMZN,-0.004288171813073,108.0,7.0,True,False
2021-06-28,4,AMZN,0.1165496418149344,154.0,7.0,True,False
2021-07-05,4,AMZN,0.1407676489196893,144.0,7.0,True,False
2021-07-12,4,AMZN,0.0808320404695833,138.0,7.0,True,False
2021-07-19,4,AMZN,0.0416392348449348,188.0,7.0,True,False
2021-07-26,4,AMZN,-0.2295152896585933,157.0,7.0,True,False
2021-08-02,4,AMZN,0.1365356186972097,171.0,7.0,True,False
2021-08-09,4,AMZN,-0.2283901090920055,132.0,7.0,True,False
2021-08-16,4,AMZN,0.1269797173469387,69.0,7.0,True,False
2021-08-23,4,AMZN,0.0052061071428571,61.0,7.0,True,False
2021-08-30,4,AMZN,0.14585442921354,126.0,7.0,True,False
2021-09-06,4,AMZN,0.139324001776266,133.0,7.0,True,False
2021-09-13,4,AMZN,0.1707773804374242,106.0,7.0,True,False
2021-09-20,4,AMZN,0.0514838468892503,230.0,7.0,True,False
2021-09-27,4,AMZN,0.1259406847459278,202.0,7.0,True,False
2021-10-04,4,AMZN,0.2126534805402716,173.0,7.0,True,False
2021-10-11,4,AMZN,-0.1100486586084276,132.0,7.0,True,False
2021-10-18,4,AMZN,0.0858787533566057,117.0,7.0,True,False
2021-10-25,4,AMZN,0.0807601528346338,117.0,7.0,True,False
2021-11-01,4,AMZN,0.0626804513923147,84.0,7.0,True,False
2021-11-08,4,AMZN,-0.0099115400560224,110.0,7.0,True,False
2021-11-15,4,AMZN,-0.3369081699263358,163.0,7.0,True,False
2021-11-22,4,AMZN,-0.2750134798920738,163.0,7.0,True,False
2021-11-29,4,AMZN,-0.022471014599686,72.0,7.0,True,False
2021-12-06,4,AMZN,-0.2175346279023843,107.0,7.0,True,False
2021-12-13,4,AMZN,-0.2318097218671679,105.0,7.0,True,False
2021-12-20,4,AMZN,-0.0041212306122448,133.0,7.0,True,False
2021-12-27,4,AMZN,-0.044762292063492,49.0,7.0,True,False
2022-01-03,4,AMZN,-0.1167342604755884,160.0,7.0,True,False
2022-01-10,4,AMZN,-0.0541510639289048,107.0,7.0,True,False
2022-01-17,4,AMZN,0.1583701592303588,86.0,7.0,True,False
2022-01-24,4,AMZN,-0.0702873395743146,90.0,7.0,True,False
2022-01-31,4,AMZN,0.0684144241096438,100.0,7.0,True,False
2022-02-07,4,AMZN,0.0684184823129251,96.0,7.0,True,False
2022-02-14,4,AMZN,0.05820073356676,45.0,7.0,True,False
2022-02-21,4,AMZN,0.05014885,79.0,7.0,True,False
2022-02-28,4,AMZN,0.0074699137288248,87.0,7.0,True,False
2022-03-07,4,AMZN,0.0771164561224489,118.0,7.0,True,False
2022-03-14,4,AMZN,0.0096443194061735,117.0,7.0,True,False
2022-03-21,4,AMZN,-0.0022183081918081,49.0,7.0,True,False
2022-03-28,4,AMZN,0.1424648519641189,76.0,7.0,True,False
2022-04-04,4,AMZN,0.042664519178764,109.0,7.0,True,False
2022-04-11,4,AMZN,-0.0342583595238095,38.0,7.0,True,False
2022-04-18,4,AMZN,0.1581739117063492,35.0,6.0,True,False
2022-04-25,4,AMZN,-0.1459412203925048,87.0,7.0,True,False
2022-05-02,4,AMZN,0.1967066557014414,49.0,7.0,True,False
2022-05-09,4,AMZN,0.1384239664965986,57.0,7.0,True,False
2022-05-16,4,AMZN,0.1080499778911564,63.0,7.0,True,False
2022-05-23,4,AMZN,-0.1002112249063728,78.0,7.0,True,False
2022-05-30,4,AMZN,0.0349738228210849,93.0,7.0,True,False
2022-06-06,4,AMZN,-0.0306869227801438,119.0,7.0,True,False
2022-06-13,4,AMZN,-0.0561318183728993,92.0,7.0,True,False
2022-06-20,4,AMZN,0.1989410265873016,69.0,7.0,True,False
2022-06-27,4,AMZN,-0.012977154916512,61.0,7.0,True,False
2022-07-04,4,AMZN,0.0763086547353612,70.0,6.0,True,False
2022-07-11,4,AMZN,0.1910236664944704,86.0,7.0,True,False
2022-07-18,4,AMZN,0.0925058372326408,174.0,7.0,True,False
2022-07-25,4,AMZN,0.0673146389406487,72.0,7.0,True,False
2022-08-01,4,AMZN,0.1751885322488677,129.0,7.0,True,False
2022-08-08,4,AMZN,0.184727856735808,92.0,7.0,True,False
2022-08-15,4,AMZN,-0.1268705714285714,65.0,7.0,True,False
2022-08-22,4,AMZN,0.0386841116780045,75.0,7.0,True,False
2022-08-29,4,AMZN,0.001495371984563,67.0,7.0,True,False
2022-09-05,4,AMZN,0.1376789068181818,101.0,7.0,True,False
2022-09-12,4,AMZN,0.1130722091836734,130.0,7.0,True,False
2022-09-19,4,AMZN,0.1953828264140661,232.0,7.0,True,False
2022-09-26,4,AMZN,0.208123838549024,127.0,7.0,True,False
2022-10-03,4,AMZN,0.160153796282913,126.0,7.0,True,False
2022-10-10,4,AMZN,0.1848654219238572,108.0,7.0,True,False
2022-10-17,4,AMZN,0.1250376687423687,133.0,7.0,True,False
2022-10-24,4,AMZN,-0.0665806545739348,48.0,7.0,True,False
2022-10-31,4,AMZN,0.0171536799856784,89.0,7.0,True,False
2022-11-07,4,AMZN,0.1279671165124634,117.0,7.0,True,False
2022-11-14,4,AMZN,-0.1764063203618138,184.0,7.0,True,False
2022-11-21,4,AMZN,-0.1168683466839447,162.0,7.0,True,False
2022-11-28,4,AMZN,-0.0613838605132962,115.0,7.0,True,False
2022-12-05,4,AMZN,0.0302441561892214,95.0,7.0,True,False
2022-12-12,4,AMZN,-0.0713386077335363,87.0,7.0,True,False
2022-12-19,4,AMZN,0.1662780586477015,70.0,7.0,True,False
2022-12-26,4,AMZN,0.1413260188707729,59.0,6.0,True,False
2023-01-02,4,AMZN,-0.03780847,95.0,6.0,True,False
2023-01-09,4,AMZN,-0.0152001081238292,110.0,7.0,True,False
2023-01-16,4,AMZN,0.0464897108142778,153.0,7.0,True,False
2023-01-23,4,AMZN,-0.0079649054988661,76.0,7.0,True,False
2023-01-30,4,AMZN,-0.1338435328676925,69.0,7.0,True,False
2023-02-06,4,AMZN,-0.0427004888801674,39.0,7.0,True,False
2023-02-13,4,AMZN,0.1229344788128538,60.0,7.0,True,False
2023-02-20,4,AMZN,0.1837832950080032,80.0,7.0,True,False
2023-02-27,4,AMZN,0.0194391358843537,73.0,7.0,True,False
2023-03-06,4,AMZN,0.1941619518422753,80.0,7.0,True,False
2023-03-13,4,AMZN,-0.0820777595238095,27.0,7.0,True,False
2023-03-20,4,AMZN,0.024886359018759,68.0,6.0,True,False
2023-03-27,4,AMZN,0.0677549189814815,35.0,6.0,True,False
2023-04-03,4,AMZN,0.0454898188072688,93.0,7.0,True,False
2023-04-10,4,AMZN,0.0974314765512265,62.0,7.0,True,False
2023-04-17,4,AMZN,0.0775968837606837,55.0,7.0,True,False
2023-04-24,4,AMZN,0.0361268073103367,76.0,7.0,True,False
2023-05-01,4,AMZN,0.1353024332994736,103.0,7.0,True,False
2023-05-08,4,AMZN,-0.0883560136146766,65.0,7.0,True,False
2023-05-15,4,AMZN,0.0474014360790838,123.0,7.0,True,False
2023-05-22,4,AMZN,0.0979405402514152,59.0,7.0,True,False
2023-05-29,4,AMZN,-0.0388054468253968,99.0,7.0,True,False
2023-06-05,4,AMZN,0.0592091886446886,76.0,7.0,True,False
2023-06-12,4,AMZN,0.1654533229591836,80.0,7.0,True,False
2023-06-19,4,AMZN,0.187019296439193,104.0,7.0,True,False
2023-06-26,4,AMZN,0.2314656425170068,65.0,7.0,True,False
2023-07-03,4,AMZN,0.1244256057872424,101.0,7.0,True,False
2023-07-10,4,AMZN,0.1261280978060678,154.0,7.0,True,False
2023-07-17,4,AMZN,0.0896053373626373,59.0,7.0,True,False
2023-07-24,4,AMZN,0.0094782097769877,78.0,7.0,True,False
2023-07-31,4,AMZN,0.291077044575266,133.0,7.0,True,False
2023-08-07,4,AMZN,0.1954911602813852,99.0,6.0,True,False
2023-08-14,4,AMZN,-0.0427542261904762,49.0,7.0,True,False
2023-08-21,4,AMZN,-0.0866996634259259,37.0,6.0,True,False
2023-08-28,4,AMZN,-0.1417537363973119,104.0,7.0,True,False
2023-09-04,4,AMZN,-0.0676784903525046,51.0,7.0,True,False
2023-09-11,4,AMZN,0.0996110374542124,47.0,7.0,True,False
2023-09-18,4,AMZN,0.1417270007326007,68.0,7.0,True,False
2023-09-25,4,AMZN,0.0671669227842333,98.0,7.0,True,False
2023-10-02,4,AMZN,0.1493732293815708,156.0,7.0,True,False
2023-10-09,4,AMZN,0.2810869415895655,171.0,7.0,True,False
2023-10-16,4,AMZN,0.2111434651081844,149.0,7.0,True,False
2023-10-23,4,AMZN,0.2621491432764398,158.0,7.0,True,False
2023-10-30,4,AMZN,0.1640535312420268,165.0,7.0,True,False
2023-11-06,4,AMZN,0.1749873838940373,119.0,7.0,True,False
2023-11-13,4,AMZN,0.0655232881669909,155.0,7.0,True,False
2023-11-20,4,AMZN,0.1651270417239899,170.0,7.0,True,False
2023-11-27,4,AMZN,0.2772270955600097,170.0,7.0,True,False
2023-12-04,4,AMZN,0.0521622542696186,162.0,7.0,True,False
2023-12-11,4,AMZN,-0.0357627102564102,48.0,6.0,True,False
2023-12-18,4,AMZN,0.1734225777777777,37.0,6.0,True,False
2023-12-25,4,AMZN,0.0492397083333333,27.0,7.0,True,False
2024-01-01,4,AMZN,0.02766884,11.0,5.0,True,False
2024-01-08,4,AMZN,0.0696088882539682,122.0,7.0,True,False
2024-01-15,4,AMZN,0.0868624665221543,165.0,7.0,True,False
2024-01-22,4,AMZN,-0.2540549226190476,47.0,7.0,True,False
2024-01-29,4,AMZN,0.0369875349206349,52.0,7.0,True,False
2024-02-05,4,AMZN,0.0054777291486291,68.0,7.0,True,False
2024-02-12,4,AMZN,-0.0033350786891679,54.0,7.0,True,False
2024-02-19,4,AMZN,-0.100793975,53.0,7.0,True,False
2024-02-26,4,AMZN,0.0444716904761904,33.0,7.0,True,False
2024-03-04,4,AMZN,0.0899205166666666,28.0,6.0,True,False
2024-03-11,4,AMZN,0.202416070580808,42.0,6.0,True,False
2024-03-18,4,AMZN,0.0677340383903133,48.0,6.0,True,False
2024-03-25,4,AMZN,-0.022343500041771,64.0,6.0,True,False
2024-04-01,4,AMZN,0.0569309566597653,63.0,7.0,True,False
2024-04-08,4,AMZN,0.0332301903370439,46.0,7.0,True,False
2024-04-15,4,AMZN,0.1826236878787878,54.0,7.0,True,False
2024-04-22,4,AMZN,0.0502563294217687,54.0,7.0,True,False
2024-04-29,4,AMZN,0.2910400438108577,162.0,7.0,True,False
2024-05-06,4,AMZN,0.097332243777511,54.0,7.0,True,False
2024-05-13,4,AMZN,0.1797433891335481,67.0,7.0,True,False
2024-05-20,4,AMZN,0.2339649841269841,75.0,7.0,True,False
2024-05-27,4,AMZN,0.1205656418759811,70.0,7.0,True,False
2024-06-03,4,AMZN,0.1936947105209605,71.0,7.0,True,False
2024-06-10,4,AMZN,0.127187826827141,93.0,7.0,True,False
2024-06-17,4,AMZN,0.0858927623951182,99.0,7.0,True,False
2024-06-24,4,AMZN,0.1482434914607948,77.0,7.0,True,False
2024-07-01,4,AMZN,0.2742727033163265,82.0,7.0,True,False
2024-07-08,4,AMZN,0.1887214215164326,86.0,7.0,True,False
2024-07-15,4,AMZN,0.2159250650019542,195.0,7.0,True,False
2024-07-22,4,AMZN,0.1204775050298907,80.0,7.0,True,False
2024-07-29,4,AMZN,0.1030683692046049,81.0,7.0,True,False
2024-08-05,4,AMZN,0.3099410941389598,271.0,7.0,True,False
2024-08-12,4,AMZN,0.0068005557539682,60.0,6.0,True,False
2024-08-19,4,AMZN,0.0105934903889091,86.0,7.0,True,False
2024-08-26,4,AMZN,0.1479222062576312,81.0,7.0,True,False
2024-09-02,4,AMZN,0.3391112844434743,73.0,7.0,True,False
2024-09-09,4,AMZN,0.1025091970109256,75.0,7.0,True,False
2024-09-16,4,AMZN,0.0450701321992707,160.0,7.0,True,False
2024-09-23,4,AMZN,0.3063964528146478,285.0,7.0,True,False
2024-09-30,4,AMZN,0.25359875341019,222.0,7.0,True,False
2024-10-07,4,AMZN,0.2661079833860456,189.0,7.0,True,False
2024-10-14,4,AMZN,0.2776268835153605,185.0,7.0,True,False
2024-10-21,4,AMZN,0.2721688865555453,190.0,7.0,True,False
2024-10-28,4,AMZN,0.1164715172230943,94.0,7.0,True,False
2024-11-04,4,AMZN,0.049177003030303,90.0,7.0,True,False
2024-11-11,4,AMZN,0.101892752271387,92.0,7.0,True,False
2024-11-18,4,AMZN,0.06225118669889,103.0,7.0,True,False
2024-11-25,4,AMZN,-0.0084061811677044,80.0,7.0,True,False
2024-12-02,4,AMZN,-0.0205068352607709,59.0,7.0,True,False
2024-12-09,4,AMZN,0.194419866179059,84.0,7.0,True,False
2024-12-16,4,AMZN,-0.064834171521942,88.0,7.0,True,False
2024-12-23,4,AMZN,-0.018653985941043,50.0,7.0,True,False
2024-12-30,4,AMZN,0.0642828333333333,31.0,7.0,True,False
2025-01-06,4,AMZN,0.1693168409400123,87.0,7.0,True,False
2025-01-13,4,AMZN,0.2902044576501447,169.0,7.0,True,False
2025-01-20,4,AMZN,0.2111327345238095,45.0,7.0,True,False
2025-01-27,4,AMZN,-0.0074030557823129,61.0,7.0,True,False
2025-02-03,4,AMZN,0.0612285242350786,82.0,7.0,True,False
2025-02-10,4,AMZN,0.0628613772418058,51.0,7.0,True,False
2025-02-17,4,AMZN,0.0509591907956704,80.0,7.0,True,False
2025-02-24,4,AMZN,0.1250336232927786,103.0,7.0,True,False
2025-03-03,4,AMZN,0.1673472203934205,81.0,7.0,True,False
2025-03-10,4,AMZN,-0.0571160782462107,83.0,7.0,True,False
2025-03-17,4,AMZN,-0.1181964228855104,101.0,7.0,True,False
2025-03-24,4,AMZN,0.0258310302921168,88.0,7.0,True,False
2025-03-31,4,AMZN,0.0317737902761104,99.0,7.0,True,False
2025-04-07,4,AMZN,0.0374406311507936,94.0,7.0,True,False
2025-04-14,4,AMZN,0.1583917166666666,48.0,6.0,True,False
2025-04-21,4,AMZN,0.1810842976190476,67.0,7.0,True,False
2025-04-28,4,AMZN,0.0883173374814071,227.0,7.0,True,False
2025-05-05,4,AMZN,0.0538337469847981,148.0,7.0,True,False
2025-05-12,4,AMZN,-0.0370126637039026,76.0,7.0,True,False
2025-05-19,4,AMZN,-0.0719338948051948,62.0,7.0,True,False
2025-05-26,4,AMZN,0.1141886399659864,59.0,7.0,True,False
2025-06-02,4,AMZN,0.0908682157184085,83.0,7.0,True,False
2025-06-09,4,AMZN,0.1310652665145005,75.0,7.0,True,False
2025-06-16,4,AMZN,0.1219382357658214,119.0,7.0,True,False
2025-06-23,4,AMZN,0.0472927121979096,143.0,7.0,True,False
2025-06-30,4,AMZN,0.1207881888119601,104.0,7.0,True,False
2025-07-07,4,AMZN,0.1093456532372518,159.0,7.0,True,False
2025-07-14,4,AMZN,-0.1515265956507777,77.0,7.0,True,False
2025-07-21,4,AMZN,-0.1059644685013399,62.0,7.0,True,False
2025-07-28,4,AMZN,0.1023079561438561,146.0,7.0,True,False
2025-08-04,4,AMZN,0.07266926782158,148.0,7.0,True,False
2025-08-11,4,AMZN,0.036675502196712,94.0,7.0,True,False
2025-08-18,4,AMZN,0.1621227105015285,79.0,7.0,True,False
2025-08-25,4,AMZN,0.1270301187538652,104.0,7.0,True,False
2025-09-01,4,AMZN,0.0994980685487757,113.0,7.0,True,False
2025-09-08,4,AMZN,0.1333912952322998,122.0,7.0,True,False
2025-09-15,4,AMZN,0.1894184407338771,200.0,7.0,True,False
2025-09-22,4,AMZN,0.0858025969205655,286.0,7.0,True,False
2025-09-29,4,AMZN,0.2312731488358372,173.0,7.0,True,False
2025-10-06,4,AMZN,0.043781873138766,127.0,7.0,True,False
2025-10-13,4,AMZN,0.0684047566563467,137.0,7.0,True,False
2025-10-20,4,AMZN,-0.0772945386516739,152.0,7.0,True,False
2025-10-27,4,AMZN,-0.0550391090037938,202.0,7.0,True,False
2025-11-03,4,AMZN,-0.0366251795273664,126.0,7.0,True,False
2025-11-10,4,AMZN,0.0795849361781076,55.0,7.0,True,False
2025-11-17,4,AMZN,0.0302199062066692,90.0,7.0,True,False
2025-11-24,4,AMZN,0.0594562863145258,132.0,7.0,True,False
2025-12-01,4,AMZN,0.1754445469387755,64.0,7.0,True,False
2025-12-08,4,AMZN,0.3231776565771699,127.0,7.0,True,False
2025-12-15,4,AMZN,-0.0004996057668521,93.0,7.0,True,False
2025-12-22,4,AMZN,0.0219425977106227,70.0,7.0,True,False
2025-12-29,4,AMZN,0.1389904087301587,37.0,3.0,True,False
2015-01-05,55,T,0.0612281583087092,399.0,7.0,True,False
2015-01-12,55,T,0.0708331769017553,377.0,7.0,True,False
2015-01-19,55,T,0.079306559240838,179.0,7.0,True,False
2015-01-26,55,T,0.0934783209763026,235.0,7.0,True,False
2015-02-02,55,T,0.0232889708738549,255.0,7.0,True,False
2015-02-09,55,T,0.0715475243500154,247.0,7.0,True,False
2015-02-16,55,T,0.0265915773415712,221.0,7.0,True,False
2015-02-23,55,T,0.0509455932870199,335.0,7.0,True,False
2015-03-02,55,T,0.0799457688885303,230.0,7.0,True,False
2015-03-09,55,T,0.0062478948112578,214.0,7.0,True,False
2015-03-16,55,T,0.0308971476870748,200.0,7.0,True,False
2015-03-23,55,T,-0.0190396954434525,210.0,7.0,True,False
2015-03-30,55,T,0.0601316120846039,182.0,7.0,True,False
2015-04-06,55,T,0.00037136963355,181.0,7.0,True,False
2015-04-13,55,T,0.0640429853989482,284.0,7.0,True,False
2015-04-20,55,T,0.0114417915430246,369.0,7.0,True,False
2015-04-27,55,T,-0.0594548990643129,233.0,7.0,True,False
2015-05-04,55,T,0.0001768022713732,236.0,7.0,True,False
2015-05-11,55,T,0.0352009040325107,207.0,7.0,True,False
2015-05-18,55,T,0.0440744899402481,191.0,7.0,True,False
2015-05-25,55,T,0.0513612529818938,280.0,7.0,True,False
2015-06-01,55,T,0.0378986274920816,251.0,7.0,True,False
2015-06-08,55,T,0.0313522329262559,203.0,7.0,True,False
2015-06-15,55,T,-0.1274511448891584,274.0,7.0,True,False
2015-06-22,55,T,0.1177255811362756,166.0,7.0,True,False
2015-06-29,55,T,-0.0045431467343716,126.0,7.0,True,False
2015-07-06,55,T,0.0777707564370875,151.0,7.0,True,False
2015-07-13,55,T,0.0161085287688919,163.0,7.0,True,False
2015-07-20,55,T,0.0607470104747014,268.0,7.0,True,False
2015-07-27,55,T,0.0316558601446047,203.0,7.0,True,False
2015-08-03,55,T,0.0303488809079121,232.0,7.0,True,False
2015-08-10,55,T,0.0439490796535738,278.0,7.0,True,False
2015-08-17,55,T,-0.0311849119713619,175.0,7.0,True,False
2015-08-24,55,T,0.0205906754666618,264.0,7.0,True,False
2015-08-31,55,T,0.0900607893037518,211.0,7.0,True,False
2015-09-07,55,T,0.0972284927952719,278.0,7.0,True,False
2015-09-14,55,T,0.0405514387332305,309.0,7.0,True,False
2015-09-21,55,T,-0.0231307819990886,313.0,7.0,True,False
2015-09-28,55,T,0.053884075006076,329.0,7.0,True,False
2015-10-05,55,T,0.0385175845896853,276.0,7.0,True,False
2015-10-12,55,T,0.0200507967991429,213.0,7.0,True,False
2015-10-19,55,T,0.0589434755355165,193.0,7.0,True,False
2015-10-26,55,T,0.0493685778488636,224.0,7.0,True,False
2015-11-02,55,T,0.0624087432896624,264.0,7.0,True,False
2015-11-09,55,T,0.020605286153648,242.0,7.0,True,False
2015-11-16,55,T,0.0551949065840621,210.0,7.0,True,False
2015-11-23,55,T,0.0406299524879569,201.0,7.0,True,False
2015-11-30,55,T,0.0021881454118092,254.0,7.0,True,False
2015-12-07,55,T,0.0457344111770905,250.0,7.0,True,False
2015-12-14,55,T,0.0195611351267554,270.0,7.0,True,False
2015-12-21,55,T,0.0173754241886718,194.0,7.0,True,False
2015-12-28,55,T,0.0596422643492487,342.0,7.0,True,False
2016-01-04,55,T,0.005327580132184,239.0,7.0,True,False
2016-01-11,55,T,0.0474023378423164,294.0,7.0,True,False
2016-01-18,55,T,0.0543016858742706,155.0,7.0,True,False
2016-01-25,55,T,0.0582274593225378,191.0,7.0,True,False
2016-02-01,55,T,0.0184306426989979,292.0,7.0,True,False
2016-02-08,55,T,0.0934541743336091,334.0,7.0,True,False
2016-02-15,55,T,0.0794341357950389,253.0,7.0,True,False
2016-02-22,55,T,0.0701223652595053,231.0,7.0,True,False
2016-02-29,55,T,0.0617060818103183,253.0,7.0,True,False
2016-03-07,55,T,0.0216228368451328,246.0,7.0,True,False
2016-03-14,55,T,0.0405973388001638,218.0,7.0,True,False
2016-03-21,55,T,0.0276302916063317,261.0,7.0,True,False
2016-03-28,55,T,0.0458198642282634,363.0,7.0,True,False
2016-04-04,55,T,0.0407831771891809,307.0,7.0,True,False
2016-04-11,55,T,0.0219025378679732,217.0,7.0,True,False
2016-04-18,55,T,0.0805955886658106,249.0,7.0,True,False
2016-04-25,55,T,0.0025896104347486,260.0,7.0,True,False
2016-05-02,55,T,0.0109620497316622,316.0,7.0,True,False
2016-05-09,55,T,0.0081909655374059,327.0,7.0,True,False
2016-05-16,55,T,0.0369658864407376,304.0,7.0,True,False
2016-05-23,55,T,0.0591178197400002,254.0,7.0,True,False
2016-05-30,55,T,0.0145914006364667,172.0,7.0,True,False
2016-06-06,55,T,0.037817633146012,260.0,7.0,True,False
2016-06-13,55,T,0.0969770537839082,288.0,7.0,True,False
2016-06-20,55,T,0.0599370087836773,198.0,7.0,True,False
2016-06-27,55,T,0.0592988430501887,180.0,7.0,True,False
2016-07-04,55,T,0.0089629412710538,234.0,7.0,True,False
2016-07-11,55,T,0.0998667532152672,257.0,7.0,True,False
2016-07-18,55,T,0.0076431954098522,257.0,7.0,True,False
2016-07-25,55,T,0.0480455285306217,272.0,7.0,True,False
2016-08-01,55,T,0.0698920382549938,211.0,7.0,True,False
2016-08-08,55,T,-0.0333040729244615,248.0,7.0,True,False
2016-08-15,55,T,0.0348007735790178,358.0,7.0,True,False
2016-08-22,55,T,0.0574740634867991,237.0,7.0,True,False
2016-08-29,55,T,-0.0049296165509655,342.0,7.0,True,False
2016-09-05,55,T,0.0086271441162254,294.0,7.0,True,False
2016-09-12,55,T,0.0512541179150851,392.0,7.0,True,False
2016-09-19,55,T,0.0669663520988624,358.0,7.0,True,False
2016-09-26,55,T,0.0623411450968621,271.0,7.0,True,False
2016-10-03,55,T,0.0018859472594831,371.0,7.0,True,False
2016-10-10,55,T,0.0442932840636746,308.0,7.0,True,False
2016-10-17,55,T,-0.0118283209177177,409.0,7.0,True,False
2016-10-24,55,T,0.0071901774642064,534.0,7.0,True,False
2016-10-31,55,T,0.0145947073365257,278.0,7.0,True,False
2016-11-07,55,T,-0.0072110147494545,211.0,7.0,True,False
2016-11-14,55,T,0.0598712753845982,226.0,7.0,True,False
2016-11-21,55,T,0.068923102283301,190.0,7.0,True,False
2016-11-28,55,T,0.0216383985638948,207.0,7.0,True,False
2016-12-05,55,T,0.0175906081193851,428.0,7.0,True,False
2016-12-12,55,T,-0.0127378305879645,226.0,7.0,True,False
2016-12-19,55,T,0.0198992688289545,188.0,7.0,True,False
2016-12-26,55,T,0.0486255658513929,266.0,7.0,True,False
2017-01-02,55,T,0.0797467193589674,335.0,7.0,True,False
2017-01-09,55,T,0.0166208717788376,504.0,7.0,True,False
2017-01-16,55,T,0.0826377408119538,349.0,7.0,True,False
2017-01-23,55,T,0.0728586553646343,298.0,7.0,True,False
2017-01-30,55,T,0.039411653123798,247.0,7.0,True,False
2017-02-06,55,T,0.0737414678249018,392.0,7.0,True,False
2017-02-13,55,T,0.0405178676062089,357.0,7.0,True,False
2017-02-20,55,T,0.0340757738331333,238.0,7.0,True,False
2017-02-27,55,T,0.0514843060997059,345.0,7.0,True,False
2017-03-06,55,T,-0.0033386999559224,341.0,7.0,True,False
2017-03-13,55,T,0.0146163577217368,238.0,7.0,True,False
2017-03-20,55,T,-0.082531204714291,413.0,7.0,True,False
2017-03-27,55,T,-0.0058309770102544,475.0,7.0,True,False
2017-04-03,55,T,0.0041914606276333,398.0,7.0,True,False
2017-04-10,55,T,0.0641149284130523,421.0,7.0,True,False
2017-04-17,55,T,0.0052276933383381,316.0,7.0,True,False
2017-04-24,55,T,0.0513964072444595,405.0,7.0,True,False
2017-05-01,55,T,0.0314140886736912,313.0,7.0,True,False
2017-05-08,55,T,0.0619993816697976,339.0,7.0,True,False
2017-05-15,55,T,0.0461500471646581,425.0,7.0,True,False
2017-05-22,55,T,0.0029424335026068,315.0,7.0,True,False
2017-05-29,55,T,-0.0314840326960849,266.0,7.0,True,False
2017-06-05,55,T,0.0253566461332461,190.0,7.0,True,False
2017-06-12,55,T,0.0876634153911425,225.0,7.0,True,False
2017-06-19,55,T,0.0662933884278186,292.0,7.0,True,False
2017-06-26,55,T,0.0395645559489073,241.0,7.0,True,False
2017-07-03,55,T,-0.0138913112544475,245.0,7.0,True,False
2017-07-10,55,T,0.0236586522238645,394.0,7.0,True,False
2017-07-17,55,T,0.0308595500277412,384.0,7.0,True,False
2017-07-24,55,T,0.0441482491131255,309.0,7.0,True,False
2017-07-31,55,T,0.0465712285195045,321.0,7.0,True,False
2017-08-07,55,T,0.0472472542521534,312.0,7.0,True,False
2017-08-14,55,T,0.0499467524578501,288.0,7.0,True,False
2017-08-21,55,T,0.0248391896464288,433.0,7.0,True,False
2017-08-28,55,T,0.0950782338077603,343.0,7.0,True,False
2017-09-04,55,T,0.0852001676776176,201.0,7.0,True,False
2017-09-11,55,T,0.0282880916841888,274.0,7.0,True,False
2017-09-18,55,T,-0.0031885009364784,278.0,7.0,True,False
2017-09-25,55,T,0.0226512899538521,226.0,7.0,True,False
2017-10-02,55,T,0.050666703899628,263.0,7.0,True,False
2017-10-09,55,T,0.0306772808218125,196.0,7.0,True,False
2017-10-16,55,T,0.0608686820216975,156.0,7.0,True,False
2017-10-23,55,T,0.0133605470287212,281.0,7.0,True,False
2017-10-30,55,T,0.0101676879546407,245.0,7.0,True,False
2017-11-06,55,T,-0.0366408969711841,562.0,7.0,True,False
2017-11-13,55,T,-0.0078309147928847,397.0,7.0,True,False
2017-11-20,55,T,-0.056559154831003,1543.0,7.0,True,False
2017-11-27,55,T,-0.0214782930621175,456.0,7.0,True,False
2017-12-04,55,T,0.0110835261154879,317.0,7.0,True,False
2017-12-11,55,T,-0.0311051423161504,640.0,7.0,True,False
2017-12-18,55,T,0.0004692967582172,1091.0,7.0,True,False
2017-12-25,55,T,0.0367832138188453,426.0,7.0,True,False
2018-01-01,55,T,0.0429845144287722,279.0,7.0,True,False
2018-01-08,55,T,-0.0070041545184447,337.0,7.0,True,False
2018-01-15,55,T,0.0359463799909977,295.0,7.0,True,False
2018-01-22,55,T,0.0411792043349889,360.0,7.0,True,False
2018-01-29,55,T,0.0324726131430804,409.0,7.0,True,False
2018-02-05,55,T,0.0454964688682275,330.0,7.0,True,False
2018-02-12,55,T,0.0394613554454683,295.0,7.0,True,False
2018-02-19,55,T,0.0235638397553715,398.0,7.0,True,False
2018-02-26,55,T,0.0370014499311184,426.0,7.0,True,False
2018-03-05,55,T,0.0580778978850278,311.0,7.0,True,False
2018-03-12,55,T,0.0185323094327792,396.0,7.0,True,False
2018-03-19,55,T,-0.010636697623643,491.0,7.0,True,False
2018-03-26,55,T,0.0074376370960611,280.0,7.0,True,False
2018-04-02,55,T,-0.0072848491996302,353.0,7.0,True,False
2018-04-09,55,T,-0.0267622829116448,183.0,7.0,True,False
2018-04-16,55,T,0.0145325728456457,285.0,7.0,True,False
2018-04-23,55,T,0.0147481766636808,454.0,7.0,True,False
2018-04-30,55,T,0.0240068224220491,314.0,7.0,True,False
2018-05-07,55,T,-0.1238343790359767,886.0,7.0,True,False
2018-05-14,55,T,-0.0130081101936833,657.0,7.0,True,False
2018-05-21,55,T,-0.008782939885553,283.0,7.0,True,False
2018-05-28,55,T,0.0360840364458326,197.0,7.0,True,False
2018-06-04,55,T,0.0414270534627184,388.0,7.0,True,False
2018-06-11,55,T,-0.0265918950959538,951.0,7.0,True,False
2018-06-18,55,T,0.014757420477121,473.0,7.0,True,False
2018-06-25,55,T,-0.0380740433547998,363.0,7.0,True,False
2018-07-02,55,T,0.0407246587397386,258.0,7.0,True,False
2018-07-09,55,T,0.0751432626967439,456.0,7.0,True,False
2018-07-16,55,T,0.0167356591563875,311.0,7.0,True,False
2018-07-23,55,T,0.0322838071429367,286.0,7.0,True,False
2018-07-30,55,T,0.0308429916091514,255.0,7.0,True,False
2018-08-06,55,T,0.0342051108185958,324.0,7.0,True,False
2018-08-13,55,T,0.0254158725951618,216.0,7.0,True,False
2018-08-20,55,T,-0.0284910388752895,296.0,7.0,True,False
2018-08-27,55,T,0.0096336511911327,411.0,7.0,True,False
2018-09-03,55,T,0.1006280194449753,216.0,7.0,True,False
2018-09-10,55,T,0.0303242732283255,177.0,7.0,True,False
2018-09-17,55,T,0.0097753121835031,113.0,7.0,True,False
2018-09-24,55,T,0.0863938639656561,161.0,7.0,True,False
2018-10-01,55,T,0.0059345853193398,333.0,7.0,True,False
2018-10-08,55,T,0.0288888132674045,306.0,7.0,True,False
2018-10-15,55,T,-0.01107638428424,271.0,7.0,True,False
2018-10-22,55,T,-0.0231973564514189,254.0,7.0,True,False
2018-10-29,55,T,-0.0159080325600175,235.0,7.0,True,False
2018-11-05,55,T,-0.0133932700730292,128.0,7.0,True,False
2018-11-12,55,T,-0.0004147776787482,114.0,7.0,True,False
2018-11-19,55,T,0.039901497060427,106.0,7.0,True,False
2018-11-26,55,T,0.0161421626342227,217.0,7.0,True,False
2018-12-03,55,T,0.0155650577464752,418.0,7.0,True,False
2018-12-10,55,T,0.0040539736774185,299.0,7.0,True,False
2018-12-17,55,T,0.0520097481936085,305.0,7.0,True,False
2018-12-24,55,T,0.0477088452398589,271.0,7.0,True,False
2018-12-31,55,T,0.0335620648970518,369.0,7.0,True,False
2019-01-07,55,T,-0.0597761100280198,312.0,7.0,True,False
2019-01-14,55,T,0.0336389650653086,264.0,7.0,True,False
2019-01-21,55,T,0.0586370768817027,215.0,7.0,True,False
2019-01-28,55,T,-0.0021264139304122,239.0,7.0,True,False
2019-02-04,55,T,-0.0271471897338147,344.0,7.0,True,False
2019-02-11,55,T,0.0475096988274369,268.0,7.0,True,False
2019-02-18,55,T,-0.0185692863238796,288.0,7.0,True,False
2019-02-25,55,T,-0.0002070107578629,472.0,7.0,True,False
2019-03-04,55,T,-0.0264310915770213,431.0,7.0,True,False
2019-03-11,55,T,0.0517346097268682,367.0,7.0,True,False
2019-03-18,55,T,0.000700612176004,345.0,7.0,True,False
2019-03-25,55,T,0.0602904562115137,308.0,7.0,True,False
2019-04-01,55,T,0.0463245557044966,227.0,7.0,True,False
2019-04-08,55,T,0.0759673255944739,336.0,7.0,True,False
2019-04-15,55,T,0.0753917474313724,359.0,7.0,True,False
2019-04-22,55,T,0.0441216459674033,296.0,7.0,True,False
2019-04-29,55,T,0.0437225038923327,284.0,7.0,True,False
2019-05-06,55,T,0.0412168468135378,308.0,7.0,True,False
2019-05-13,55,T,0.0784482124817529,291.0,7.0,True,False
2019-05-20,55,T,0.0184331281474964,219.0,7.0,True,False
2019-05-27,55,T,0.017937692547293,197.0,7.0,True,False
2019-06-03,55,T,-0.0789091209918476,323.0,7.0,True,False
2019-06-10,55,T,0.0439243067255695,304.0,7.0,True,False
2019-06-17,55,T,-0.0060098788057764,200.0,7.0,True,False
2019-06-24,55,T,0.0967784799592272,163.0,7.0,True,False
2019-07-01,55,T,0.0557340134626074,227.0,7.0,True,False
2019-07-08,55,T,-0.0115820686707222,244.0,7.0,True,False
2019-07-15,55,T,-0.0093838098852957,436.0,7.0,True,False
2019-07-22,55,T,0.0585339055302422,289.0,7.0,True,False
2019-07-29,55,T,0.0181009611191573,204.0,7.0,True,False
2019-08-05,55,T,0.0089310606214725,284.0,7.0,True,False
2019-08-12,55,T,-0.0428516290888538,220.0,7.0,True,False
2019-08-19,55,T,-0.0006551523767054,253.0,7.0,True,False
2019-08-26,55,T,0.0095656195677411,328.0,7.0,True,False
2019-09-02,55,T,0.0403745518246264,205.0,7.0,True,False
2019-09-09,55,T,0.0125416604746347,355.0,7.0,True,False
2019-09-16,55,T,-0.0192597989402241,309.0,7.0,True,False
2019-09-23,55,T,0.0511320369665057,247.0,7.0,True,False
2019-09-30,55,T,0.0197628443842921,282.0,7.0,True,False
2019-10-07,55,T,0.0243051434846877,193.0,7.0,True,False
2019-10-14,55,T,0.0629190282062427,174.0,7.0,True,False
2019-10-21,55,T,0.0340507626748601,230.0,7.0,True,False
2019-10-28,55,T,0.0397804464029722,332.0,7.0,True,False
2019-11-04,55,T,-0.0765897338103841,303.0,7.0,True,False
2019-11-11,55,T,0.0503367620590454,235.0,7.0,True,False
2019-11-18,55,T,0.0054696231660496,230.0,7.0,True,False
2019-11-25,55,T,0.0104362608171839,205.0,7.0,True,False
2019-12-02,55,T,0.0085928759992803,345.0,7.0,True,False
2019-12-09,55,T,0.0136228512932534,432.0,7.0,True,False
2019-12-16,55,T,0.0431822847207892,243.0,7.0,True,False
2019-12-23,55,T,0.0520264471993338,167.0,7.0,True,False
2019-12-30,55,T,0.0029284634372834,198.0,7.0,True,False
2020-01-06,55,T,0.0493992567250559,214.0,7.0,True,False
2020-01-13,55,T,0.0523058476713167,371.0,7.0,True,False
2020-01-20,55,T,0.0590247168952678,173.0,7.0,True,False
2020-01-27,55,T,0.0060166665376968,246.0,7.0,True,False
2020-02-03,55,T,0.0108652293263154,288.0,7.0,True,False
2020-02-10,55,T,0.055097035159242,311.0,7.0,True,False
2020-02-17,55,T,0.048326376122885,182.0,7.0,True,False
2020-02-24,55,T,-0.0456767592091382,217.0,7.0,True,False
2020-03-02,55,T,0.049209590053473,351.0,7.0,True,False
2020-03-09,55,T,0.0289210599330158,335.0,7.0,True,False
2020-03-16,55,T,0.0712179575696945,194.0,7.0,True,False
2020-03-23,55,T,0.062970554134117,169.0,7.0,True,False
2020-03-30,55,T,0.1022404474598421,200.0,7.0,True,False
2020-04-06,55,T,0.0184006469696969,28.0,7.0,True,False
2020-04-13,55,T,-0.0199469513888888,25.0,6.0,True,False
2020-04-20,55,T,-0.043921334093397,235.0,7.0,True,False
2020-04-27,55,T,0.0388770325602104,167.0,7.0,True,False
2020-05-04,55,T,0.0932138700605873,163.0,7.0,True,False
2020-05-11,55,T,0.0605066036193691,152.0,7.0,True,False
2020-05-18,55,T,0.1013288221555288,212.0,7.0,True,False
2020-05-25,55,T,0.0073826118367346,212.0,7.0,True,False
2020-06-01,55,T,-0.01512902126623,183.0,7.0,True,False
2020-06-08,55,T,-0.0024061065936444,152.0,7.0,True,False
2020-06-15,55,T,0.0308896642471651,189.0,7.0,True,False
2020-06-22,55,T,0.0370016663217532,155.0,7.0,True,False
2020-06-29,55,T,-0.0221177805468557,168.0,7.0,True,False
2020-07-06,55,T,0.01730835842925,167.0,7.0,True,False
2020-07-13,55,T,0.0247081868259932,144.0,7.0,True,False
2020-07-20,55,T,-0.0080718423773374,239.0,7.0,True,False
2020-07-27,55,T,0.0245203946839147,157.0,7.0,True,False
2020-08-03,55,T,0.0340025863942158,135.0,7.0,True,False
2020-08-10,55,T,0.06688496313556,245.0,7.0,True,False
2020-08-17,55,T,0.0710993152094592,243.0,7.0,True,False
2020-08-24,55,T,0.0610553543787429,160.0,7.0,True,False
2020-08-31,55,T,0.066182683497955,176.0,7.0,True,False
2020-09-07,55,T,0.0600115060741226,209.0,7.0,True,False
2020-09-14,55,T,0.0585604291051006,253.0,7.0,True,False
2020-09-21,55,T,0.0401202379710191,159.0,7.0,True,False
2020-09-28,55,T,0.0065852422163177,174.0,7.0,True,False
2020-10-05,55,T,0.0112472081225652,204.0,7.0,True,False
2020-10-12,55,T,0.0628729273067856,259.0,7.0,True,False
2020-10-19,55,T,0.0566223194119012,311.0,7.0,True,False
2020-10-26,55,T,0.0913810609698368,174.0,7.0,True,False
2020-11-02,55,T,0.0525566035741463,138.0,7.0,True,False
2020-11-09,55,T,0.0325014519983589,160.0,7.0,True,False
2020-11-16,55,T,0.0617802571190598,169.0,7.0,True,False
2020-11-23,55,T,0.0482250864227471,143.0,7.0,True,False
2020-11-30,55,T,0.0498600680306535,239.0,7.0,True,False
2020-12-07,55,T,-0.0182849742469838,208.0,7.0,True,False
2020-12-14,55,T,0.0439599837144544,274.0,7.0,True,False
2020-12-21,55,T,0.0186020195796267,311.0,7.0,True,False
2020-12-28,55,T,-0.0512921478907918,352.0,7.0,True,False
2021-01-04,55,T,0.0494194842551803,150.0,7.0,True,False
2021-01-11,55,T,0.0321015357041332,116.0,6.0,True,False
2021-01-18,55,T,0.0119467499999999,12.0,4.0,True,False
2021-01-25,55,T,-0.0507119489795918,17.0,7.0,True,False
2021-02-01,55,T,0.0260397380710342,152.0,7.0,True,False
2021-02-08,55,T,0.0511360742137538,210.0,7.0,True,False
2021-02-15,55,T,-0.0328195533179525,118.0,7.0,True,False
2021-02-22,55,T,0.0202252025366458,267.0,7.0,True,False
2021-03-01,55,T,0.0411851090097728,238.0,7.0,True,False
2021-03-08,55,T,0.0584457035675695,233.0,7.0,True,False
2021-03-15,55,T,0.0083895518346732,217.0,7.0,True,False
2021-03-22,55,T,0.0740734487508678,191.0,7.0,True,False
2021-03-29,55,T,0.0138102823561046,206.0,7.0,True,False
2021-04-05,55,T,0.0916767584680625,171.0,7.0,True,False
2021-04-12,55,T,-0.0028746701020408,152.0,7.0,True,False
2021-04-19,55,T,0.0609938263283939,271.0,7.0,True,False
2021-04-26,55,T,0.0325912040308208,211.0,7.0,True,False
2021-05-03,55,T,0.0233576368318976,253.0,7.0,True,False
2021-05-10,55,T,0.0929223516991873,342.0,7.0,True,False
2021-05-17,55,T,0.0144774141413177,510.0,7.0,True,False
2021-05-24,55,T,0.0838192784245061,315.0,7.0,True,False
2021-05-31,55,T,0.0655335117624008,181.0,7.0,True,False
2021-06-07,55,T,0.0502684483386871,231.0,7.0,True,False
2021-06-14,55,T,0.0576613781680854,219.0,7.0,True,False
2021-06-21,55,T,0.0558740845592845,206.0,7.0,True,False
2021-06-28,55,T,0.0123493613993856,244.0,7.0,True,False
2021-07-05,55,T,0.0233040655348263,372.0,7.0,True,False
2021-07-12,55,T,0.0216392338890639,235.0,7.0,True,False
2021-07-19,55,T,0.047796106414193,252.0,7.0,True,False
2021-07-26,55,T,0.046098067558076,178.0,7.0,True,False
2021-08-02,55,T,0.0751444633382838,212.0,7.0,True,False
2021-08-09,55,T,0.0481987401365809,209.0,7.0,True,False
2021-08-16,55,T,-0.007530812593505,197.0,7.0,True,False
2021-08-23,55,T,-0.0368410964738949,153.0,7.0,True,False
2021-08-30,55,T,-0.0352785252170499,263.0,7.0,True,False
2021-09-06,55,T,0.0466325411602128,165.0,7.0,True,False
2021-09-13,55,T,-0.0105787181598125,220.0,7.0,True,False
2021-09-20,55,T,0.0272576962637441,322.0,7.0,True,False
2021-09-27,55,T,0.0558949644738817,279.0,7.0,True,False
2021-10-04,55,T,-0.0324553290399732,323.0,7.0,True,False
2021-10-11,55,T,-0.0009387617986735,222.0,7.0,True,False
2021-10-18,55,T,0.0586727055713731,240.0,7.0,True,False
2021-10-25,55,T,0.0325005037205747,172.0,7.0,True,False
2021-11-01,55,T,0.0138378913467874,216.0,7.0,True,False
2021-11-08,55,T,0.0273472825530211,152.0,7.0,True,False
2021-11-15,55,T,0.01983758419777,156.0,7.0,True,False
2021-11-22,55,T,0.0817249561957883,155.0,7.0,True,False
2021-11-29,55,T,0.004352629160112,215.0,7.0,True,False
2021-12-06,55,T,0.0290591131302838,294.0,7.0,True,False
2021-12-13,55,T,-0.0126057272210593,163.0,7.0,True,False
2021-12-20,55,T,-0.015160241440371,183.0,7.0,True,False
2021-12-27,55,T,0.0538515566116932,260.0,7.0,True,False
2022-01-03,55,T,0.0165742812498204,349.0,7.0,True,False
2022-01-10,55,T,-0.0478363397723869,293.0,7.0,True,False
2022-01-17,55,T,-0.0256522403296068,369.0,7.0,True,False
2022-01-24,55,T,0.0109558032042476,209.0,7.0,True,False
2022-01-31,55,T,-0.0243741709214078,322.0,7.0,True,False
2022-02-07,55,T,0.0240063317905025,192.0,7.0,True,False
2022-02-14,55,T,-0.0402716834850105,198.0,7.0,True,False
2022-02-21,55,T,-0.020906365512593,157.0,7.0,True,False
2022-02-28,55,T,0.0130344273843865,280.0,7.0,True,False
2022-03-07,55,T,0.0537810371226994,217.0,7.0,True,False
2022-03-14,55,T,-0.0163043928232381,194.0,7.0,True,False
2022-03-21,55,T,0.0310440038332835,240.0,7.0,True,False
2022-03-28,55,T,-0.0126105033627896,285.0,7.0,True,False
2022-04-04,55,T,0.0346324176055303,230.0,7.0,True,False
2022-04-11,55,T,0.0537274974959311,161.0,7.0,True,False
2022-04-18,55,T,-0.0536969533133533,179.0,7.0,True,False
2022-04-25,55,T,0.0075608245407706,99.0,4.0,True,False
2022-05-02,55,T,0.0524817159082023,91.0,7.0,True,False
2022-05-09,55,T,0.0861925233412861,284.0,7.0,True,False
2022-05-16,55,T,0.0546909800930898,164.0,7.0,True,False
2022-05-23,55,T,0.0452193656857319,186.0,7.0,True,False
2022-05-30,55,T,0.0620654332898284,122.0,7.0,True,False
2022-06-06,55,T,0.0805400717774776,145.0,7.0,True,False
2022-06-13,55,T,0.0289504331385941,218.0,7.0,True,False
2022-06-20,55,T,0.0875739868104605,132.0,7.0,True,False
2022-06-27,55,T,0.0552018835943299,234.0,7.0,True,False
2022-07-04,55,T,0.0688094593125128,136.0,7.0,True,False
2022-07-11,55,T,0.0926509315910808,135.0,7.0,True,False
2022-07-18,55,T,-0.0511682413522985,171.0,7.0,True,False
2022-07-25,55,T,0.0366619326744287,139.0,7.0,True,False
2022-08-01,55,T,0.0771010697654061,173.0,7.0,True,False
2022-08-08,55,T,0.0968862301436381,173.0,7.0,True,False
2022-08-15,55,T,0.0510004329979027,117.0,7.0,True,False
2022-08-22,55,T,0.099366322687582,180.0,7.0,True,False
2022-08-29,55,T,0.0624508620329277,158.0,7.0,True,False
2022-09-05,55,T,0.0716120181547318,348.0,7.0,True,False
2022-09-12,55,T,0.0665723746458335,265.0,7.0,True,False
2022-09-19,55,T,0.0420584311544011,213.0,7.0,True,False
2022-09-26,55,T,0.0610315677160573,245.0,7.0,True,False
2022-10-03,55,T,0.1189438242768263,226.0,7.0,True,False
2022-10-10,55,T,-0.0069128033003162,194.0,7.0,True,False
2022-10-17,55,T,0.0597065908171204,204.0,7.0,True,False
2022-10-24,55,T,0.055304512570604,183.0,7.0,True,False
2022-10-31,55,T,0.0274863241439069,193.0,7.0,True,False
2022-11-07,55,T,0.1337457215870491,144.0,7.0,True,False
2022-11-14,55,T,0.0835180457027255,147.0,7.0,True,False
2022-11-21,55,T,0.0710217491411564,208.0,7.0,True,False
2022-11-28,55,T,0.0411388091467672,193.0,7.0,True,False
2022-12-05,55,T,0.0524440510429786,182.0,7.0,True,False
2022-12-12,55,T,0.0446317257079889,171.0,7.0,True,False
2022-12-19,55,T,0.0693902153128993,127.0,7.0,True,False
2022-12-26,55,T,0.0306049828102453,111.0,7.0,True,False
2023-01-02,55,T,0.0753114371851304,152.0,7.0,True,False
2023-01-09,55,T,0.0639641544239307,175.0,7.0,True,False
2023-01-16,55,T,0.0166297784780578,128.0,7.0,True,False
2023-01-23,55,T,-0.0105433720918386,190.0,7.0,True,False
2023-01-30,55,T,0.0523712201578862,235.0,7.0,True,False
2023-02-06,55,T,0.0638952771768707,136.0,7.0,True,False
2023-02-13,55,T,0.0272066937404727,119.0,7.0,True,False
2023-02-20,55,T,0.1501535759745817,121.0,7.0,True,False
2023-02-27,55,T,0.0820022450445699,266.0,7.0,True,False
2023-03-06,55,T,0.0440332304102139,326.0,7.0,True,False
2023-03-13,55,T,0.0384546860860106,246.0,7.0,True,False
2023-03-20,55,T,0.0583750602510262,283.0,7.0,True,False
2023-03-27,55,T,0.0998637028946309,183.0,7.0,True,False
2023-04-03,55,T,0.0641650281846391,147.0,7.0,True,False
2023-04-10,55,T,0.0481704488956052,204.0,7.0,True,False
2023-04-17,55,T,0.0824311636736834,230.0,7.0,True,False
2023-04-24,55,T,0.057952119745793,129.0,7.0,True,False
2023-05-01,55,T,0.0471776109890109,162.0,7.0,True,False
2023-05-08,55,T,0.0316129966201196,217.0,7.0,True,False
2023-05-15,55,T,0.0825154622231544,171.0,7.0,True,False
2023-05-22,55,T,0.0568129525510204,131.0,7.0,True,False
2023-05-29,55,T,0.0695239601815429,197.0,7.0,True,False
2023-06-05,55,T,0.0613365386719055,147.0,7.0,True,False
2023-06-12,55,T,0.058424375013089,211.0,7.0,True,False
2023-06-19,55,T,0.0569947056478511,146.0,7.0,True,False
2023-06-26,55,T,0.0578625568697713,187.0,7.0,True,False
2023-07-03,55,T,0.061628677010756,353.0,7.0,True,False
2023-07-10,55,T,0.0999163707423652,366.0,7.0,True,False
2023-07-17,55,T,0.0575211217869432,190.0,7.0,True,False
2023-07-24,55,T,0.0432258580748965,203.0,7.0,True,False
2023-07-31,55,T,0.0571508402181925,134.0,7.0,True,False
2023-08-07,55,T,0.0664558700846944,174.0,7.0,True,False
2023-08-14,55,T,0.0647979656328382,154.0,7.0,True,False
2023-08-21,55,T,0.0258215002124842,141.0,7.0,True,False
2023-08-28,55,T,0.0101880046948665,132.0,7.0,True,False
2023-09-04,55,T,0.0089628268015181,158.0,7.0,True,False
2023-09-11,55,T,0.0442395675120038,274.0,7.0,True,False
2023-09-18,55,T,0.05599405889322,191.0,7.0,True,False
2023-09-25,55,T,0.04955382240452,259.0,7.0,True,False
2023-10-02,55,T,0.108972307321198,213.0,7.0,True,False
2023-10-09,55,T,0.0917793366651933,144.0,7.0,True,False
2023-10-16,55,T,0.1053962381308123,124.0,7.0,True,False
2023-10-23,55,T,0.0674384682479052,154.0,7.0,True,False
2023-10-30,55,T,0.028906690822683,144.0,7.0,True,False
2023-11-06,55,T,0.1044650748662961,151.0,7.0,True,False
2023-11-13,55,T,0.0616878708059958,187.0,7.0,True,False
2023-11-20,55,T,0.0661385607976523,194.0,7.0,True,False
2023-11-27,55,T,0.061087064972616,246.0,7.0,True,False
2023-12-04,55,T,0.0477991357417336,258.0,7.0,True,False
2023-12-11,55,T,0.0596613290694883,217.0,7.0,True,False
2023-12-18,55,T,0.0528114824818816,121.0,7.0,True,False
2023-12-25,55,T,0.0662373563394277,189.0,7.0,True,False
2024-01-01,55,T,0.0250017617063492,135.0,7.0,True,False
2024-01-08,55,T,0.070809141427863,205.0,7.0,True,False
2024-01-15,55,T,0.062222504167955,168.0,7.0,True,False
2024-01-22,55,T,0.0421583419996068,104.0,7.0,True,False
2024-01-29,55,T,0.0543385827691849,202.0,7.0,True,False
2024-02-05,55,T,0.0381788594445859,145.0,7.0,True,False
2024-02-12,55,T,0.1195858174906326,137.0,7.0,True,False
2024-02-19,55,T,0.0009495582087044,328.0,7.0,True,False
2024-02-26,55,T,0.0063626055972732,269.0,7.0,True,False
2024-03-04,55,T,0.052025240477908,204.0,7.0,True,False
2024-03-11,55,T,0.061759214785754,199.0,7.0,True,False
2024-03-18,55,T,0.0544547613887248,242.0,7.0,True,False
2024-03-25,55,T,-0.0199116456427842,192.0,7.0,True,False
2024-04-01,55,T,-0.0186725113554909,175.0,7.0,True,False
2024-04-08,55,T,0.0652794953628025,250.0,7.0,True,False
2024-04-15,55,T,0.0566010405546834,147.0,7.0,True,False
2024-04-22,55,T,0.1244056811750949,165.0,7.0,True,False
2024-04-29,55,T,-0.0285529852528815,217.0,7.0,True,False
2024-05-06,55,T,0.0456727590473284,164.0,7.0,True,False
2024-05-13,55,T,0.0050949903978036,156.0,7.0,True,False
2024-05-20,55,T,0.0489768388004324,130.0,7.0,True,False
2024-05-27,55,T,0.0065832514733124,168.0,7.0,True,False
2024-06-03,55,T,0.00411414911365,168.0,7.0,True,False
2024-06-10,55,T,0.0700118900562534,145.0,7.0,True,False
2024-06-17,55,T,0.0518221163197225,246.0,7.0,True,False
2024-06-24,55,T,0.0518798577538834,260.0,7.0,True,False
2024-07-01,55,T,0.0240809273687935,162.0,7.0,True,False
2024-07-08,55,T,-0.0267306964058677,271.0,7.0,True,False
2024-07-15,55,T,-0.0249248351686071,180.0,7.0,True,False
2024-07-22,55,T,0.0103406026764241,142.0,7.0,True,False
2024-07-29,55,T,0.0423902652243954,98.0,7.0,True,False
2024-08-05,55,T,-0.0318886271929824,107.0,7.0,True,False
2024-08-12,55,T,0.0010129348484848,46.0,5.0,True,False
2024-08-19,55,T,0.0080601841539753,139.0,7.0,True,False
2024-08-26,55,T,-0.0262993223064983,148.0,7.0,True,False
2024-09-02,55,T,0.0422459032649625,166.0,7.0,True,False
2024-09-09,55,T,0.0556673517324379,299.0,7.0,True,False
2024-09-16,55,T,0.0456566718566118,287.0,7.0,True,False
2024-09-23,55,T,0.0230208031091997,195.0,7.0,True,False
2024-09-30,55,T,0.0235003558855558,250.0,7.0,True,False
2024-10-07,55,T,0.0440170574399211,302.0,7.0,True,False
2024-10-14,55,T,-0.021244210051271,231.0,7.0,True,False
2024-10-21,55,T,0.0268913791124636,189.0,7.0,True,False
2024-10-28,55,T,0.0235041647562213,181.0,7.0,True,False
2024-11-04,55,T,0.02028548635597,260.0,7.0,True,False
2024-11-11,55,T,-0.0031307527689234,794.0,7.0,True,False
2024-11-18,55,T,0.0182411504254245,217.0,7.0,True,False
2024-11-25,55,T,0.0379911260846122,331.0,7.0,True,False
2024-12-02,55,T,0.0205819869300203,435.0,7.0,True,False
2024-12-09,55,T,0.0144230603441626,288.0,7.0,True,False
2024-12-16,55,T,0.0752021867483479,250.0,7.0,True,False
2024-12-23,55,T,0.0267419027778898,127.0,7.0,True,False
2024-12-30,55,T,-0.0176608984454335,222.0,7.0,True,False
2025-01-06,55,T,0.0514284701182986,368.0,7.0,True,False
2025-01-13,55,T,-0.0107739111973657,167.0,7.0,True,False
2025-01-20,55,T,0.0548216901921792,143.0,7.0,True,False
2025-01-27,55,T,0.1000524658602178,270.0,7.0,True,False
2025-02-03,55,T,0.0549269343072313,145.0,7.0,True,False
2025-02-10,55,T,0.0402192048571226,208.0,7.0,True,False
2025-02-17,55,T,0.0303488848841634,128.0,7.0,True,False
2025-02-24,55,T,0.015745183553393,184.0,7.0,True,False
2025-03-03,55,T,0.0687478588072496,244.0,7.0,True,False
2025-03-10,55,T,0.0456186011908726,193.0,7.0,True,False
2025-03-17,55,T,0.0717435065300476,195.0,7.0,True,False
2025-03-24,55,T,0.06104989873649,147.0,7.0,True,False
2025-03-31,55,T,0.0624057683437011,176.0,7.0,True,False
2025-04-07,55,T,0.0910498187845013,165.0,7.0,True,False
2025-04-14,55,T,0.1111235023638746,146.0,7.0,True,False
2025-04-21,55,T,0.0388962625833773,233.0,7.0,True,False
2025-04-28,55,T,0.0289744121358799,172.0,7.0,True,False
2025-05-05,55,T,0.0151039407122083,152.0,7.0,True,False
2025-05-12,55,T,0.0873528027320051,229.0,7.0,True,False
2025-05-19,55,T,0.0586794234161121,141.0,7.0,True,False
2025-05-26,55,T,0.0506294474609141,120.0,7.0,True,False
2025-06-02,55,T,0.0338302638761798,123.0,7.0,True,False
2025-06-09,55,T,0.0744167383856128,192.0,7.0,True,False
2025-06-16,55,T,0.0397497228187364,213.0,7.0,True,False
2025-06-23,55,T,0.0478401549409486,256.0,7.0,True,False
2025-06-30,55,T,0.0277091619047619,138.0,7.0,True,False
2025-07-07,55,T,-0.0083531563117622,110.0,7.0,True,False
2025-07-14,55,T,0.070202969704805,149.0,7.0,True,False
2025-07-21,55,T,0.1027513264555822,151.0,7.0,True,False
2025-07-28,55,T,0.0636888415584415,88.0,7.0,True,False
2025-08-04,55,T,0.1056347642650999,88.0,7.0,True,False
2025-08-11,55,T,0.0492821184351013,115.0,7.0,True,False
2025-08-18,55,T,0.0094743610425461,123.0,7.0,True,False
2025-08-25,55,T,0.0906373693121693,156.0,7.0,True,False
2025-09-01,55,T,0.0553826371723514,94.0,7.0,True,False
2025-09-08,55,T,0.0273184678654417,256.0,7.0,True,False
2025-09-15,55,T,0.1047114791663363,128.0,7.0,True,False
2025-09-22,55,T,0.0761679515196066,339.0,7.0,True,False
2025-09-29,55,T,0.0506129643225826,310.0,7.0,True,False
2025-10-06,55,T,0.0417280018321404,218.0,7.0,True,False
2025-10-13,55,T,0.0595751286494604,298.0,7.0,True,False
2025-10-20,55,T,0.0212686875411034,128.0,7.0,True,False
2025-10-27,55,T,0.0133071330939175,125.0,7.0,True,False
2025-11-03,55,T,-0.0219953843700327,253.0,7.0,True,False
2025-11-10,55,T,0.0145925372315592,62.0,3.0,True,False
2025-11-17,55,T,0.0145925372315592,0.0,,False,True
2025-11-24,55,T,0.0145925372315592,0.0,,False,True
2025-12-01,55,T,0.0145925372315592,0.0,,False,True
2025-12-08,55,T,0.0145925372315592,0.0,,False,True
2025-12-15,55,T,0.0145925372315592,0.0,,False,True
2025-12-22,55,T,0.0145925372315592,0.0,,False,True
2025-12-29,55,T,0.0145925372315592,0.0,,False,True
2015-01-05,80,BA,0.13622099,13.0,5.0,True,False
2015-01-12,80,BA,-0.0145165555555555,7.0,3.0,True,False
2015-01-19,80,BA,0.0514565086080586,33.0,6.0,True,False
2015-01-26,80,BA,0.1544939036363636,37.0,5.0,True,False
2015-02-02,80,BA,0.2043881071428571,14.0,4.0,True,False
2015-02-09,80,BA,0.03528757,13.0,5.0,True,False
2015-02-16,80,BA,0.1742258945578231,37.0,7.0,True,False
2015-02-23,80,BA,0.173339,7.0,3.0,True,False
2015-03-02,80,BA,-0.1345326369047619,13.0,4.0,True,False
2015-03-09,80,BA,0.1122465238095238,21.0,7.0,True,False
2015-03-16,80,BA,-0.1287189999999999,10.0,5.0,True,False
2015-03-23,80,BA,0.0940469583333333,13.0,6.0,True,False
2015-03-30,80,BA,-0.1378042833333333,31.0,7.0,True,False
2015-04-06,80,BA,0.0412114861111111,18.0,6.0,True,False
2015-04-13,80,BA,-0.24562795,23.0,6.0,True,False
2015-04-20,80,BA,-0.0578046458333333,15.0,6.0,True,False
2015-04-27,80,BA,-0.1813223333333333,8.0,5.0,True,False
2015-05-04,80,BA,-0.1910649714285714,20.0,5.0,True,False
2015-05-11,80,BA,-0.111282,16.0,5.0,True,False
2015-05-18,80,BA,-0.2416924428571428,23.0,7.0,True,False
2015-05-25,80,BA,0.11072304,11.0,5.0,True,False
2015-06-01,80,BA,-0.0359358666666666,21.0,6.0,True,False
2015-06-08,80,BA,0.0454715833333333,23.0,7.0,True,False
2015-06-15,80,BA,0.1476599452380952,31.0,7.0,True,False
2015-06-22,80,BA,-0.0018469222222222,16.0,6.0,True,False
2015-06-29,80,BA,0.0412937,11.0,5.0,True,False
2015-07-06,80,BA,-0.0401840833333333,8.0,4.0,True,False
2015-07-13,80,BA,0.1196542884353741,38.0,7.0,True,False
2015-07-20,80,BA,0.0755126944444444,23.0,6.0,True,False
2015-07-27,80,BA,-0.0383961530612245,51.0,7.0,True,False
2015-08-03,80,BA,0.00074085,13.0,5.0,True,False
2015-08-10,80,BA,0.1214506666666666,19.0,6.0,True,False
2015-08-17,80,BA,-0.091797619047619,20.0,6.0,True,False
2015-08-24,80,BA,0.0851696821428571,24.0,6.0,True,False
2015-08-31,80,BA,0.0377872694444444,24.0,6.0,True,False
2015-09-07,80,BA,0.1868545833333333,20.0,5.0,True,False
2015-09-14,80,BA,0.0122203333333333,16.0,5.0,True,False
2015-09-21,80,BA,0.0591558499999999,40.0,6.0,True,False
2015-09-28,80,BA,0.1125439395604395,33.0,7.0,True,False
2015-10-05,80,BA,0.1019959409523809,18.0,5.0,True,False
2015-10-12,80,BA,0.0757255944444444,22.0,6.0,True,False
2015-10-19,80,BA,0.0872326222222221,18.0,6.0,True,False
2015-10-26,80,BA,-0.03539585,18.0,7.0,True,False
2015-11-02,80,BA,0.085731075,25.0,6.0,True,False
2015-11-09,80,BA,0.0857887757936508,48.0,7.0,True,False
2015-11-16,80,BA,0.0308887777777777,9.0,3.0,True,False
2015-11-23,80,BA,0.2198417214285714,17.0,7.0,True,False
2015-11-30,80,BA,-0.0408058055555555,24.0,6.0,True,False
2015-12-07,80,BA,0.0995737999999999,13.0,5.0,True,False
2015-12-14,80,BA,0.0804831928571428,20.0,7.0,True,False
2015-12-21,80,BA,-0.1795029589285714,17.0,4.0,True,False
2015-12-28,80,BA,-0.0326340555555555,6.0,3.0,True,False
2016-01-04,80,BA,0.0501325714285714,19.0,7.0,True,False
2016-01-11,80,BA,-0.0607456294217687,75.0,7.0,True,False
2016-01-18,80,BA,0.0359649768707482,34.0,7.0,True,False
2016-01-25,80,BA,-0.1128540535714285,27.0,7.0,True,False
2016-02-01,80,BA,0.0757583383838383,25.0,6.0,True,False
2016-02-08,80,BA,0.0720017857142856,27.0,7.0,True,False
2016-02-15,80,BA,0.1260550734487734,79.0,6.0,True,False
2016-02-22,80,BA,0.0990526749999999,25.0,6.0,True,False
2016-02-29,80,BA,-0.1953150646258503,31.0,7.0,True,False
2016-03-07,80,BA,-0.0368373596371882,32.0,7.0,True,False
2016-03-14,80,BA,0.0504962151917916,126.0,7.0,True,False
2016-03-21,80,BA,-0.007323231292517,44.0,7.0,True,False
2016-03-28,80,BA,0.0987776706349206,30.0,6.0,True,False
2016-04-04,80,BA,-0.1446772361111111,23.0,6.0,True,False
2016-04-11,80,BA,-0.0731076161172161,35.0,7.0,True,False
2016-04-18,80,BA,-0.0445044465811965,26.0,6.0,True,False
2016-04-25,80,BA,-0.0929581927318295,437.0,7.0,True,False
2016-05-02,80,BA,-0.0389729199134199,47.0,7.0,True,False
2016-05-09,80,BA,-0.1086556516697587,60.0,7.0,True,False
2016-05-16,80,BA,-0.089485525,25.0,6.0,True,False
2016-05-23,80,BA,-0.0086107182539682,26.0,7.0,True,False
2016-05-30,80,BA,0.1088992595238095,37.0,7.0,True,False
2016-06-06,80,BA,0.0770982976190476,20.0,7.0,True,False
2016-06-13,80,BA,0.1309167389346764,50.0,7.0,True,False
2016-06-20,80,BA,-0.0075648571428571,38.0,7.0,True,False
2016-06-27,80,BA,-0.0419684122655122,38.0,7.0,True,False
2016-07-04,80,BA,-0.192311363095238,38.0,7.0,True,False
2016-07-11,80,BA,0.0530848265306122,50.0,7.0,True,False
2016-07-18,80,BA,0.0312111791305916,69.0,7.0,True,False
2016-07-25,80,BA,-0.130652119530932,70.0,6.0,True,False
2016-08-01,80,BA,-0.0419360758281251,117.0,7.0,True,False
2016-08-08,80,BA,-0.0530043511904761,27.0,6.0,True,False
2016-08-15,80,BA,-0.0147365096153846,35.0,6.0,True,False
2016-08-22,80,BA,-0.0551841742630385,53.0,7.0,True,False
2016-08-29,80,BA,-0.0727157046568627,48.0,6.0,True,False
2016-09-05,80,BA,-0.1110370109751359,44.0,6.0,True,False
2016-09-12,80,BA,0.1610326402494331,34.0,7.0,True,False
2016-09-19,80,BA,0.153166519047619,31.0,6.0,True,False
2016-09-26,80,BA,0.006768644217687,23.0,7.0,True,False
2016-10-03,80,BA,-0.0828909682539682,28.0,7.0,True,False
2016-10-10,80,BA,-0.0467763722222222,17.0,6.0,True,False
2016-10-17,80,BA,-0.1079521666666666,19.0,6.0,True,False
2016-10-24,80,BA,0.233768137585034,41.0,7.0,True,False
2016-10-31,80,BA,-0.1424941583333333,16.0,6.0,True,False
2016-11-07,80,BA,-0.0442365761904762,18.0,7.0,True,False
2016-11-14,80,BA,0.1392732095238094,26.0,7.0,True,False
2016-11-21,80,BA,-0.0382949761904761,21.0,7.0,True,False
2016-11-28,80,BA,-0.0309856326530612,18.0,7.0,True,False
2016-12-05,80,BA,-0.1625079978174603,69.0,6.0,True,False
2016-12-12,80,BA,0.13357205,19.0,6.0,True,False
2016-12-19,80,BA,-0.0616659484126984,29.0,7.0,True,False
2016-12-26,80,BA,-0.0488514083333333,26.0,6.0,True,False
2017-01-02,80,BA,0.1034383594104308,44.0,7.0,True,False
2017-01-09,80,BA,0.0609325040136054,91.0,7.0,True,False
2017-01-16,80,BA,0.082322944047619,23.0,6.0,True,False
2017-01-23,80,BA,0.1725033341836734,42.0,7.0,True,False
2017-01-30,80,BA,0.0068814557109557,46.0,7.0,True,False
2017-02-06,80,BA,0.1817566676870748,44.0,7.0,True,False
2017-02-13,80,BA,-0.0602194433150183,65.0,7.0,True,False
2017-02-20,80,BA,0.037388944047619,43.0,7.0,True,False
2017-02-27,80,BA,-0.0293426857142857,43.0,7.0,True,False
2017-03-06,80,BA,0.055474,30.0,7.0,True,False
2017-03-13,80,BA,0.0992137407407407,34.0,6.0,True,False
2017-03-20,80,BA,-0.1889274666666666,27.0,6.0,True,False
2017-03-27,80,BA,-0.0240066080395794,44.0,7.0,True,False
2017-04-03,80,BA,0.2408502142857143,37.0,7.0,True,False
2017-04-10,80,BA,0.002259175510204,41.0,7.0,True,False
2017-04-17,80,BA,0.0034962103174603,28.0,6.0,True,False
2017-04-24,80,BA,-0.2460646666666666,24.0,6.0,True,False
2017-05-01,80,BA,0.0281366262626262,30.0,6.0,True,False
2017-05-08,80,BA,0.0529356404761904,31.0,7.0,True,False
2017-05-15,80,BA,0.0319159523809523,19.0,7.0,True,False
2017-05-22,80,BA,-0.1607896360544218,74.0,7.0,True,False
2017-05-29,80,BA,-0.1232601753555967,65.0,7.0,True,False
2017-06-05,80,BA,-0.0835786351851852,39.0,6.0,True,False
2017-06-12,80,BA,0.0679660714285714,37.0,7.0,True,False
2017-06-19,80,BA,0.1396247572816072,102.0,6.0,True,False
2017-06-26,80,BA,0.0382328642857142,39.0,7.0,True,False
2017-07-03,80,BA,0.1063047071428571,23.0,7.0,True,False
2017-07-10,80,BA,-0.0578058523809523,40.0,7.0,True,False
2017-07-17,80,BA,0.0483009833333333,37.0,7.0,True,False
2017-07-24,80,BA,0.0606803106060606,60.0,7.0,True,False
2017-07-31,80,BA,-0.0809960001536098,68.0,7.0,True,False
2017-08-07,80,BA,0.0204202492673992,48.0,7.0,True,False
2017-08-14,80,BA,-0.2471850637820513,40.0,6.0,True,False
2017-08-21,80,BA,0.0764057644660894,32.0,6.0,True,False
2017-08-28,80,BA,0.1301620694444444,21.0,6.0,True,False
2017-09-04,80,BA,0.0340748047619047,25.0,7.0,True,False
2017-09-11,80,BA,-0.1229477158730158,27.0,7.0,True,False
2017-09-18,80,BA,-0.058040942078785,111.0,7.0,True,False
2017-09-25,80,BA,-0.0833901769230769,39.0,7.0,True,False
2017-10-02,80,BA,0.0129750340277777,41.0,4.0,True,False
2017-10-09,80,BA,-0.1344567427437641,31.0,7.0,True,False
2017-10-16,80,BA,0.2260305965384615,29.0,5.0,True,False
2017-10-23,80,BA,0.14713805,33.0,7.0,True,False
2017-10-30,80,BA,-0.1012919827838828,45.0,7.0,True,False
2017-11-06,80,BA,0.0374395771221531,47.0,7.0,True,False
2017-11-13,80,BA,-0.0678763376623376,50.0,7.0,True,False
2017-11-20,80,BA,-0.1648469306943057,42.0,7.0,True,False
2017-11-27,80,BA,0.1909058182539682,34.0,6.0,True,False
2017-12-04,80,BA,0.0428863373015873,36.0,7.0,True,False
2017-12-11,80,BA,-0.0011549055585392,46.0,7.0,True,False
2017-12-18,80,BA,0.0961968123015873,37.0,6.0,True,False
2017-12-25,80,BA,0.1706583,11.0,5.0,True,False
2018-01-01,80,BA,0.2197115138321995,55.0,7.0,True,False
2018-01-08,80,BA,0.1973486570810142,32.0,7.0,True,False
2018-01-15,80,BA,-0.0588074684523809,51.0,7.0,True,False
2018-01-22,80,BA,0.0239256598639455,55.0,7.0,True,False
2018-01-29,80,BA,-0.0372015824074073,33.0,6.0,True,False
2018-02-05,80,BA,0.117219317616959,80.0,7.0,True,False
2018-02-12,80,BA,-0.0479786880821559,38.0,7.0,True,False
2018-02-19,80,BA,0.2646771944444444,18.0,6.0,True,False
2018-02-26,80,BA,0.0362505232452596,87.0,6.0,True,False
2018-03-05,80,BA,0.1840753295482295,48.0,7.0,True,False
2018-03-12,80,BA,0.0777230505238489,69.0,7.0,True,False
2018-03-19,80,BA,-0.0881527208333333,37.0,7.0,True,False
2018-03-26,80,BA,-0.0172028244047619,34.0,6.0,True,False
2018-04-02,80,BA,-0.056056071035687,80.0,7.0,True,False
2018-04-09,80,BA,-0.0184369511599511,44.0,7.0,True,False
2018-04-16,80,BA,-0.0001984404761904,25.0,7.0,True,False
2018-04-23,80,BA,-0.1357072071428571,20.0,7.0,True,False
2018-04-30,80,BA,-0.1212061666666666,18.0,6.0,True,False
2018-05-07,80,BA,0.0807290008771929,44.0,7.0,True,False
2018-05-14,80,BA,-0.0582905118425419,113.0,7.0,True,False
2018-05-21,80,BA,-0.0565884305555555,49.0,6.0,True,False
2018-05-28,80,BA,-0.0359628714285714,34.0,7.0,True,False
2018-06-04,80,BA,-0.0752988494897959,50.0,7.0,True,False
2018-06-11,80,BA,0.2512794226190476,36.0,7.0,True,False
2018-06-18,80,BA,0.0744198596038415,56.0,7.0,True,False
2018-06-25,80,BA,0.1509156630952381,46.0,7.0,True,False
2018-07-02,80,BA,0.0233640096938775,38.0,7.0,True,False
2018-07-09,80,BA,0.0821798842946269,168.0,7.0,True,False
2018-07-16,80,BA,0.1378843880773362,180.0,7.0,True,False
2018-07-23,80,BA,0.000575856138921,153.0,7.0,True,False
2018-07-30,80,BA,-0.0692722148148148,65.0,6.0,True,False
2018-08-06,80,BA,-0.3170629988662132,41.0,7.0,True,False
2018-08-13,80,BA,0.1394619166666666,42.0,5.0,True,False
2018-08-20,80,BA,0.0773066989795918,23.0,7.0,True,False
2018-08-27,80,BA,0.218058133068783,33.0,6.0,True,False
2018-09-03,80,BA,-0.1600306547619047,17.0,7.0,True,False
2018-09-10,80,BA,0.328601675,14.0,6.0,True,False
2018-09-17,80,BA,-0.1153862888888888,17.0,5.0,True,False
2018-09-24,80,BA,-0.0222480666666666,11.0,5.0,True,False
2018-10-01,80,BA,0.0308514974567099,57.0,7.0,True,False
2018-10-08,80,BA,-0.0013831845083488,60.0,7.0,True,False
2018-10-15,80,BA,0.1211419612244898,30.0,7.0,True,False
2018-10-22,80,BA,0.1289522952380952,27.0,7.0,True,False
2018-10-29,80,BA,-0.0305632526525761,71.0,6.0,True,False
2018-11-05,80,BA,-0.4280883571428571,14.0,6.0,True,False
2018-11-12,80,BA,0.0040009682539682,27.0,6.0,True,False
2018-11-19,80,BA,-0.134987275,18.0,4.0,True,False
2018-11-26,80,BA,0.0635588571428571,17.0,7.0,True,False
2018-12-03,80,BA,-0.1273119546485261,38.0,7.0,True,False
2018-12-10,80,BA,0.1012470013605442,27.0,7.0,True,False
2018-12-17,80,BA,0.0535715854978354,65.0,7.0,True,False
2018-12-24,80,BA,-0.1548899722222222,16.0,6.0,True,False
2018-12-31,80,BA,-0.0906938861111111,23.0,6.0,True,False
2019-01-07,80,BA,-0.0416692495361781,31.0,7.0,True,False
2019-01-14,80,BA,0.1009860428571428,28.0,6.0,True,False
2019-01-21,80,BA,0.1154884063492063,45.0,7.0,True,False
2019-01-28,80,BA,0.2874750938775509,45.0,7.0,True,False
2019-02-04,80,BA,0.0665670620181405,76.0,7.0,True,False
2019-02-11,80,BA,0.0060675747217068,84.0,7.0,True,False
2019-02-18,80,BA,-0.0652096195054945,74.0,7.0,True,False
2019-02-25,80,BA,-0.0030660548469387,48.0,7.0,True,False
2019-03-04,80,BA,-0.0212197348273717,136.0,7.0,True,False
2019-03-11,80,BA,-0.2775492985225644,774.0,7.0,True,False
2019-03-18,80,BA,-0.1241492810161708,172.0,7.0,True,False
2019-03-25,80,BA,-0.0511080381252609,136.0,7.0,True,False
2019-04-01,80,BA,-0.1595812629991126,129.0,7.0,True,False
2019-04-08,80,BA,-0.1418080615010231,103.0,7.0,True,False
2019-04-15,80,BA,-0.0409505619388258,145.0,7.0,True,False
2019-04-22,80,BA,-0.0643103636293316,115.0,7.0,True,False
2019-04-29,80,BA,-0.1079149194907977,129.0,7.0,True,False
2019-05-06,80,BA,-0.1379060364628757,119.0,7.0,True,False
2019-05-13,80,BA,-0.0333114881425162,216.0,7.0,True,False
2019-05-20,80,BA,0.02515184533946,233.0,7.0,True,False
2019-05-27,80,BA,-0.0018782508766505,199.0,7.0,True,False
2019-06-03,80,BA,-0.0071012787367016,206.0,7.0,True,False
2019-06-10,80,BA,0.0466059772967772,189.0,7.0,True,False
2019-06-17,80,BA,0.0267224596397725,251.0,7.0,True,False
2019-06-24,80,BA,0.02758342531173,289.0,7.0,True,False
2019-07-01,80,BA,-0.0212816913102351,251.0,7.0,True,False
2019-07-08,80,BA,0.0082637443148354,197.0,7.0,True,False
2019-07-15,80,BA,0.0163409551770499,236.0,7.0,True,False
2019-07-22,80,BA,-0.0034153501774325,268.0,7.0,True,False
2019-07-29,80,BA,0.0485153729631142,212.0,7.0,True,False
2019-08-05,80,BA,0.0244382223309093,184.0,7.0,True,False
2019-08-12,80,BA,0.1116031332942555,247.0,7.0,True,False
2019-08-19,80,BA,0.0627518830395794,300.0,7.0,True,False
2019-08-26,80,BA,0.0513699287953916,190.0,7.0,True,False
2019-09-02,80,BA,0.1028981701988487,62.0,7.0,True,False
2019-09-09,80,BA,-0.1751994227994228,46.0,7.0,True,False
2019-09-16,80,BA,0.013339927943485,42.0,7.0,True,False
2019-09-23,80,BA,-0.1758735689909296,78.0,7.0,True,False
2019-09-30,80,BA,-0.0983681865929705,70.0,7.0,True,False
2019-10-07,80,BA,-0.0787287974755403,65.0,7.0,True,False
2019-10-14,80,BA,-0.0912220551642801,65.0,7.0,True,False
2019-10-21,80,BA,-0.2548067371721877,78.0,7.0,True,False
2019-10-28,80,BA,-0.1747991428649237,89.0,6.0,True,False
2019-11-04,80,BA,0.0497871452380952,68.0,7.0,True,False
2019-11-11,80,BA,-0.0868382872315592,85.0,7.0,True,False
2019-11-18,80,BA,0.0926230244987468,120.0,7.0,True,False
2019-11-25,80,BA,-0.0462871045530492,37.0,6.0,True,False
2019-12-02,80,BA,-0.0517943785714285,33.0,7.0,True,False
2019-12-09,80,BA,-0.0591363535714285,75.0,7.0,True,False
2019-12-16,80,BA,-0.1186213435321608,176.0,7.0,True,False
2019-12-23,80,BA,-0.0964880911973985,127.0,7.0,True,False
2019-12-30,80,BA,0.0412939189393939,55.0,6.0,True,False
2020-01-06,80,BA,-0.2303095279337106,196.0,7.0,True,False
2020-01-13,80,BA,-0.0860331883540768,104.0,7.0,True,False
2020-01-20,80,BA,-0.038985992651271,102.0,7.0,True,False
2020-01-27,80,BA,-0.0230035047309833,90.0,7.0,True,False
2020-02-03,80,BA,-0.0734184363095238,61.0,7.0,True,False
2020-02-10,80,BA,-0.0297731804018998,97.0,7.0,True,False
2020-02-17,80,BA,-0.0023005757608506,92.0,7.0,True,False
2020-02-24,80,BA,0.0653392917151825,84.0,7.0,True,False
2020-03-02,80,BA,-0.0354246078952793,103.0,7.0,True,False
2020-03-09,80,BA,-0.0506350827900857,98.0,7.0,True,False
2020-03-16,80,BA,-0.05142946504884,82.0,7.0,True,False
2020-03-23,80,BA,0.0919040488404452,60.0,7.0,True,False
2020-03-30,80,BA,0.0941202342403628,61.0,7.0,True,False
2020-04-06,80,BA,0.1366638731931,69.0,7.0,True,False
2020-04-13,80,BA,0.0988160995215311,64.0,7.0,True,False
2020-04-20,80,BA,0.0960944627420198,85.0,7.0,True,False
2020-04-27,80,BA,-0.0066929092393367,95.0,7.0,True,False
2020-05-04,80,BA,0.0616434041116446,89.0,7.0,True,False
2020-05-11,80,BA,0.0808420076078916,99.0,7.0,True,False
2020-05-18,80,BA,0.0694908334415584,66.0,7.0,True,False
2020-05-25,80,BA,-0.0323994772592544,123.0,7.0,True,False
2020-06-01,80,BA,0.0208504032618175,67.0,7.0,True,False
2020-06-08,80,BA,0.0308985523088023,58.0,7.0,True,False
2020-06-15,80,BA,0.0351695163471449,63.0,7.0,True,False
2020-06-22,80,BA,0.0724971700680272,50.0,7.0,True,False
2020-06-29,80,BA,-0.0113669261904761,101.0,7.0,True,False
2020-07-06,80,BA,0.0516108250992063,110.0,7.0,True,False
2020-07-13,80,BA,0.0652566675720895,88.0,7.0,True,False
2020-07-20,80,BA,0.0036444281850459,86.0,6.0,True,False
2020-07-27,80,BA,0.0348355655716832,79.0,7.0,True,False
2020-08-03,80,BA,-0.0590399583568605,88.0,7.0,True,False
2020-08-10,80,BA,0.0497399966747538,106.0,7.0,True,False
2020-08-17,80,BA,0.0687559184485627,98.0,7.0,True,False
2020-08-24,80,BA,0.1072406854117245,102.0,7.0,True,False
2020-08-31,80,BA,0.041653415494906,96.0,7.0,True,False
2020-09-07,80,BA,0.0093886637040323,127.0,7.0,True,False
2020-09-14,80,BA,-0.0627929598234247,110.0,7.0,True,False
2020-09-21,80,BA,0.002046856869864,127.0,7.0,True,False
2020-09-28,80,BA,0.0327360039720513,92.0,7.0,True,False
2020-10-05,80,BA,-0.0020080955927242,103.0,7.0,True,False
2020-10-12,80,BA,-0.030487493627768,110.0,7.0,True,False
2020-10-19,80,BA,0.1169366461397608,138.0,7.0,True,False
2020-10-26,80,BA,0.0133314079506802,251.0,7.0,True,False
2020-11-02,80,BA,0.0490659386348418,250.0,7.0,True,False
2020-11-09,80,BA,0.0812075953587232,241.0,7.0,True,False
2020-11-16,80,BA,0.0429353975621677,296.0,7.0,True,False
2020-11-23,80,BA,0.0716797898459578,266.0,7.0,True,False
2020-11-30,80,BA,0.0633840563780548,241.0,7.0,True,False
2020-12-07,80,BA,-0.0076948213266623,250.0,7.0,True,False
2020-12-14,80,BA,0.086964749242582,247.0,7.0,True,False
2020-12-21,80,BA,0.0633487075626211,256.0,7.0,True,False
2020-12-28,80,BA,0.090060149535696,200.0,7.0,True,False
2021-01-04,80,BA,-0.0214402123926056,207.0,7.0,True,False
2021-01-11,80,BA,0.0429877671146616,216.0,7.0,True,False
2021-01-18,80,BA,0.1267636107985084,234.0,7.0,True,False
2021-01-25,80,BA,0.1570630391820645,193.0,6.0,True,False
2021-02-01,80,BA,0.0981232924199166,187.0,7.0,True,False
2021-02-08,80,BA,0.0876703956774219,168.0,7.0,True,False
2021-02-15,80,BA,0.0811257697462329,214.0,7.0,True,False
2021-02-22,80,BA,-0.0118638446271405,294.0,7.0,True,False
2021-03-01,80,BA,0.0452444205934042,228.0,7.0,True,False
2021-03-08,80,BA,0.1178036242334765,233.0,7.0,True,False
2021-03-15,80,BA,0.0746635244284506,206.0,7.0,True,False
2021-03-22,80,BA,0.081716196867635,205.0,7.0,True,False
2021-03-29,80,BA,0.1213090957963026,180.0,7.0,True,False
2021-04-05,80,BA,0.0172440520593869,134.0,6.0,True,False
2021-04-12,80,BA,0.0962407517628205,125.0,6.0,True,False
2021-04-19,80,BA,-0.0332476357753357,115.0,7.0,True,False
2021-04-26,80,BA,0.1009612912765533,126.0,7.0,True,False
2021-05-03,80,BA,0.0973371027345148,121.0,7.0,True,False
2021-05-10,80,BA,0.0925261641055698,181.0,7.0,True,False
2021-05-17,80,BA,0.0671000483766233,177.0,7.0,True,False
2021-05-24,80,BA,-0.0022604879847738,141.0,7.0,True,False
2021-05-31,80,BA,0.0845604131993183,213.0,7.0,True,False
2021-06-07,80,BA,0.0527936084639916,241.0,7.0,True,False
2021-06-14,80,BA,0.0319021034765234,242.0,7.0,True,False
2021-06-21,80,BA,0.0145628330132784,192.0,7.0,True,False
2021-06-28,80,BA,0.0164340822765469,56.0,7.0,True,False
2021-07-05,80,BA,0.1204370902777777,16.0,6.0,True,False
2021-07-12,80,BA,0.0174340220238095,37.0,7.0,True,False
2021-07-19,80,BA,-0.0103732768253968,59.0,7.0,True,False
2021-07-26,80,BA,0.1301530201814059,38.0,7.0,True,False
2021-08-02,80,BA,0.0038263052503052,38.0,6.0,True,False
2021-08-09,80,BA,0.0939735154761904,45.0,7.0,True,False
2021-08-16,80,BA,0.0080603769841269,26.0,7.0,True,False
2021-08-23,80,BA,-0.108197962835249,59.0,6.0,True,False
2021-08-30,80,BA,0.0284845789115646,33.0,7.0,True,False
2021-09-06,80,BA,-0.1275023270463741,80.0,7.0,True,False
2021-09-13,80,BA,0.0727917883116883,84.0,7.0,True,False
2021-09-20,80,BA,0.2005307534013605,31.0,7.0,True,False
2021-09-27,80,BA,0.0404767067099567,29.0,7.0,True,False
2021-10-04,80,BA,0.0790760948773448,41.0,6.0,True,False
2021-10-11,80,BA,-0.0597130358451072,89.0,7.0,True,False
2021-10-18,80,BA,0.1189239,28.0,7.0,True,False
2021-10-25,80,BA,0.0772297976190476,22.0,6.0,True,False
2021-11-01,80,BA,0.0705651827272727,62.0,5.0,True,False
2021-11-08,80,BA,0.1480961840986394,61.0,7.0,True,False
2021-11-15,80,BA,0.0845888139846743,91.0,6.0,True,False
2021-11-22,80,BA,0.1792569861111111,21.0,6.0,True,False
2021-11-29,80,BA,0.1221544800824175,37.0,7.0,True,False
2021-12-06,80,BA,-0.0056855981818181,24.0,5.0,True,False
2021-12-13,80,BA,0.43485725,15.0,5.0,True,False
2021-12-20,80,BA,-0.0071811849999999,21.0,5.0,True,False
2021-12-27,80,BA,0.1167501055555555,22.0,6.0,True,False
2022-01-03,80,BA,0.0605595952380952,19.0,7.0,True,False
2022-01-10,80,BA,-0.0400778869047619,31.0,7.0,True,False
2022-01-17,80,BA,0.0401765717687074,50.0,7.0,True,False
2022-01-24,80,BA,-0.0418262474489795,59.0,7.0,True,False
2022-01-31,80,BA,0.0323652285757892,47.0,7.0,True,False
2022-02-07,80,BA,0.1021912996031745,33.0,6.0,True,False
2022-02-14,80,BA,-0.0036270158730158,46.0,6.0,True,False
2022-02-21,80,BA,-0.0097248748840445,87.0,7.0,True,False
2022-02-28,80,BA,-0.047422425,44.0,7.0,True,False
2022-03-07,80,BA,-0.0038701950113378,28.0,7.0,True,False
2022-03-14,80,BA,0.1217225126373626,63.0,7.0,True,False
2022-03-21,80,BA,-0.0498431240275597,163.0,7.0,True,False
2022-03-28,80,BA,0.0222544452380952,44.0,7.0,True,False
2022-04-04,80,BA,-0.0202449070578231,93.0,7.0,True,False
2022-04-11,80,BA,-0.0735548701298701,41.0,7.0,True,False
2022-04-18,80,BA,0.0615311378571428,30.0,5.0,True,False
2022-04-25,80,BA,-0.1168993944444444,32.0,6.0,True,False
2022-05-02,80,BA,-0.0866438333333333,18.0,6.0,True,False
2022-05-09,80,BA,0.0537608466295609,35.0,7.0,True,False
2022-05-16,80,BA,0.0257834935127674,141.0,7.0,True,False
2022-05-23,80,BA,0.0130999646090089,94.0,7.0,True,False
2022-05-30,80,BA,0.0897970984126984,52.0,7.0,True,False
2022-06-06,80,BA,0.0544344877265591,74.0,7.0,True,False
2022-06-13,80,BA,0.0110906492784992,95.0,7.0,True,False
2022-06-20,80,BA,0.0916656408521303,68.0,7.0,True,False
2022-06-27,80,BA,0.0498809857761286,53.0,7.0,True,False
2022-07-04,80,BA,-0.0192129091224213,121.0,7.0,True,False
2022-07-11,80,BA,-0.0465451013867085,84.0,7.0,True,False
2022-07-18,80,BA,0.0042111363949938,204.0,7.0,True,False
2022-07-25,80,BA,0.0515871337276708,224.0,7.0,True,False
2022-08-01,80,BA,0.0541443683089826,250.0,7.0,True,False
2022-08-08,80,BA,-0.0134489239196848,251.0,7.0,True,False
2022-08-15,80,BA,0.0803017536045187,179.0,7.0,True,False
2022-08-22,80,BA,0.0478512761990972,210.0,7.0,True,False
2022-08-29,80,BA,0.0437373712234022,245.0,7.0,True,False
2022-09-05,80,BA,0.0459564669891289,222.0,7.0,True,False
2022-09-12,80,BA,0.0398726008057362,258.0,7.0,True,False
2022-09-19,80,BA,0.0352145623079596,197.0,7.0,True,False
2022-09-26,80,BA,0.0508371995174057,218.0,7.0,True,False
2022-10-03,80,BA,0.0402894126575692,190.0,7.0,True,False
2022-10-10,80,BA,0.0116000028380676,227.0,7.0,True,False
2022-10-17,80,BA,0.0384669905078661,234.0,7.0,True,False
2022-10-24,80,BA,0.0102611169962331,168.0,7.0,True,False
2022-10-31,80,BA,0.0527668179080468,191.0,7.0,True,False
2022-11-07,80,BA,0.0475678009820717,226.0,7.0,True,False
2022-11-14,80,BA,0.030198838038677,175.0,7.0,True,False
2022-11-21,80,BA,0.042997986142272,173.0,7.0,True,False
2022-11-28,80,BA,0.012230053924738,187.0,7.0,True,False
2022-12-05,80,BA,0.033751604793928,248.0,7.0,True,False
2022-12-12,80,BA,0.0435675296588424,185.0,7.0,True,False
2022-12-19,80,BA,-0.0138519507509725,226.0,7.0,True,False
2022-12-26,80,BA,0.0304781795677867,168.0,7.0,True,False
2023-01-02,80,BA,-0.0491306321435533,177.0,7.0,True,False
2023-01-09,80,BA,0.050714060420861,173.0,7.0,True,False
2023-01-16,80,BA,0.0216499190436952,175.0,7.0,True,False
2023-01-23,80,BA,0.0246204510027909,157.0,7.0,True,False
2023-01-30,80,BA,0.1289080769009216,191.0,7.0,True,False
2023-02-06,80,BA,0.0536609653590026,195.0,7.0,True,False
2023-02-13,80,BA,0.1394899769976043,319.0,7.0,True,False
2023-02-20,80,BA,0.0363179676206094,167.0,7.0,True,False
2023-02-27,80,BA,-0.0415135846153846,32.0,7.0,True,False
2023-03-06,80,BA,0.0388774252380952,55.0,7.0,True,False
2023-03-13,80,BA,0.093486663095238,40.0,7.0,True,False
2023-03-20,80,BA,0.1619099858730158,55.0,7.0,True,False
2023-03-27,80,BA,0.0822030288042342,74.0,7.0,True,False
2023-04-03,80,BA,-0.1553851463464696,48.0,7.0,True,False
2023-04-10,80,BA,0.0768586215070643,51.0,7.0,True,False
2023-04-17,80,BA,-0.0674628650793651,20.0,7.0,True,False
2023-04-24,80,BA,0.0184561996495568,47.0,7.0,True,False
2023-05-01,80,BA,-0.0041725025974026,41.0,7.0,True,False
2023-05-08,80,BA,0.0920971002721088,53.0,7.0,True,False
2023-05-15,80,BA,-0.0427566982156732,111.0,7.0,True,False
2023-05-22,80,BA,0.0634873448773448,63.0,7.0,True,False
2023-05-29,80,BA,0.0073375383116883,33.0,7.0,True,False
2023-06-05,80,BA,-0.0273112176754759,77.0,7.0,True,False
2023-06-12,80,BA,-0.1094782289377289,55.0,7.0,True,False
2023-06-19,80,BA,0.2180685441938178,91.0,7.0,True,False
2023-06-26,80,BA,-0.1058571047619047,44.0,7.0,True,False
2023-07-03,80,BA,-0.2099033227513227,29.0,6.0,True,False
2023-07-10,80,BA,-0.0447160388888888,25.0,6.0,True,False
2023-07-17,80,BA,0.0725463333333333,14.0,7.0,True,False
2023-07-24,80,BA,-0.0586097928571428,18.0,5.0,True,False
2023-07-31,80,BA,0.2460908357142857,21.0,7.0,True,False
2023-08-07,80,BA,0.1127340476190476,37.0,7.0,True,False
2023-08-14,80,BA,0.0712042461038961,56.0,7.0,True,False
2023-08-21,80,BA,0.0491913322613894,46.0,7.0,True,False
2023-08-28,80,BA,0.1052667222222222,27.0,6.0,True,False
2023-09-04,80,BA,0.0404956555555555,26.0,6.0,True,False
2023-09-11,80,BA,0.2343228066045066,43.0,6.0,True,False
2023-09-18,80,BA,0.1391579765873015,31.0,6.0,True,False
2023-09-25,80,BA,0.0322926217687074,41.0,7.0,True,False
2023-10-02,80,BA,-0.0300333428571428,20.0,7.0,True,False
2023-10-09,80,BA,0.1246045615079364,36.0,6.0,True,False
2023-10-16,80,BA,0.2205322499999999,25.0,7.0,True,False
2023-10-23,80,BA,0.0787186955782312,23.0,7.0,True,False
2023-10-30,80,BA,0.1021011597222222,25.0,6.0,True,False
2023-11-06,80,BA,0.0708995851010101,33.0,5.0,True,False
2023-11-13,80,BA,0.0763715663865546,58.0,7.0,True,False
2023-11-20,80,BA,0.1043316945578231,26.0,7.0,True,False
2023-11-27,80,BA,0.0293552406926406,34.0,7.0,True,False
2023-12-04,80,BA,-0.0015576874295253,134.0,7.0,True,False
2023-12-11,80,BA,0.1081866679198724,167.0,7.0,True,False
2023-12-18,80,BA,0.0693103974152446,113.0,7.0,True,False
2023-12-25,80,BA,0.018113032776747,37.0,7.0,True,False
2024-01-01,80,BA,0.0900624714392253,81.0,6.0,True,False
2024-01-08,80,BA,-0.1812210224167137,160.0,7.0,True,False
2024-01-15,80,BA,0.0468788881508497,132.0,7.0,True,False
2024-01-22,80,BA,-0.0995858496390864,61.0,7.0,True,False
2024-01-29,80,BA,0.1208357387755102,33.0,7.0,True,False
2024-02-05,80,BA,-0.1761401865079365,33.0,7.0,True,False
2024-02-12,80,BA,0.0905675309523809,23.0,7.0,True,False
2024-02-19,80,BA,-0.0129046805555555,23.0,6.0,True,False
2024-02-26,80,BA,-0.03448781292517,78.0,7.0,True,False
2024-03-04,80,BA,-0.147436953432282,38.0,7.0,True,False
2024-03-11,80,BA,-0.2909494613803381,75.0,7.0,True,False
2024-03-18,80,BA,-0.1338335873015873,31.0,7.0,True,False
2024-03-25,80,BA,-0.1360853021912611,67.0,7.0,True,False
2024-04-01,80,BA,-0.2914787622448979,34.0,7.0,True,False
2024-04-08,80,BA,-0.2214512047619047,43.0,7.0,True,False
2024-04-15,80,BA,-0.2229305476190475,21.0,7.0,True,False
2024-04-22,80,BA,-0.0667432839826839,58.0,7.0,True,False
2024-04-29,80,BA,0.0862554835600907,49.0,7.0,True,False
2024-05-06,80,BA,-0.2188368988241937,88.0,7.0,True,False
2024-05-13,80,BA,-0.1571224560185185,54.0,6.0,True,False
2024-05-20,80,BA,-0.0433390476190476,52.0,6.0,True,False
2024-05-27,80,BA,0.0982181305555555,43.0,6.0,True,False
2024-06-03,80,BA,-0.0518760008403361,68.0,7.0,True,False
2024-06-10,80,BA,0.005380113095238,36.0,7.0,True,False
2024-06-17,80,BA,-0.2925305044372294,62.0,7.0,True,False
2024-06-24,80,BA,-0.2845141063372717,71.0,7.0,True,False
2024-07-01,80,BA,-0.1118047999084248,50.0,7.0,True,False
2024-07-08,80,BA,-0.078339749768089,68.0,7.0,True,False
2024-07-15,80,BA,0.0515275768433179,68.0,7.0,True,False
2024-07-22,80,BA,-0.2000795982993197,30.0,7.0,True,False
2024-07-29,80,BA,-0.0113602890383426,41.0,7.0,True,False
2024-08-05,80,BA,-0.0061543214285714,40.0,7.0,True,False
2024-08-12,80,BA,0.1036543439153439,35.0,6.0,True,False
2024-08-19,80,BA,-0.0840890964017185,61.0,7.0,True,False
2024-08-26,80,BA,-0.2283516402777777,44.0,7.0,True,False
2024-09-02,80,BA,-0.1545527536178108,91.0,7.0,True,False
2024-09-09,80,BA,-0.1058311445238095,78.0,7.0,True,False
2024-09-16,80,BA,-0.1073094629608486,68.0,7.0,True,False
2024-09-23,80,BA,-0.0779252216450216,73.0,7.0,True,False
2024-09-30,80,BA,0.0130802714547357,51.0,7.0,True,False
2024-10-07,80,BA,-0.2683818460111317,79.0,7.0,True,False
2024-10-14,80,BA,-0.0515457027077497,76.0,7.0,True,False
2024-10-21,80,BA,-0.3158526310832025,41.0,7.0,True,False
2024-10-28,80,BA,-0.2208681321428571,24.0,5.0,True,False
2024-11-04,80,BA,-0.082141,25.0,7.0,True,False
2024-11-11,80,BA,-0.2885233947124304,36.0,7.0,True,False
2024-11-18,80,BA,0.04903785,16.0,5.0,True,False
2024-11-25,80,BA,-0.0480058476190476,25.0,7.0,True,False
2024-12-02,80,BA,0.228674669047619,29.0,7.0,True,False
2024-12-09,80,BA,0.030473940188383,42.0,7.0,True,False
2024-12-16,80,BA,-0.0521653046296296,27.0,6.0,True,False
2024-12-23,80,BA,-0.2218024581632653,37.0,7.0,True,False
2024-12-30,80,BA,-0.1793099619047619,74.0,7.0,True,False
2025-01-06,80,BA,0.0701062583333333,32.0,6.0,True,False
2025-01-13,80,BA,0.2059272708333333,13.0,4.0,True,False
2025-01-20,80,BA,-0.2009275608843537,36.0,7.0,True,False
2025-01-27,80,BA,-0.1333213107448107,40.0,7.0,True,False
2025-02-03,80,BA,0.1069867458430113,127.0,7.0,True,False
2025-02-10,80,BA,0.2527329152777777,35.0,6.0,True,False
2025-02-17,80,BA,-0.0343215728174603,33.0,6.0,True,False
2025-02-24,80,BA,0.0095530738095238,32.0,7.0,True,False
2025-03-03,80,BA,0.0399530119047619,19.0,7.0,True,False
2025-03-10,80,BA,-0.0508078366071428,65.0,7.0,True,False
2025-03-17,80,BA,0.0456213020092247,130.0,7.0,True,False
2025-03-24,80,BA,-0.0514054226190476,32.0,7.0,True,False
2025-03-31,80,BA,-0.0841513126984126,55.0,7.0,True,False
2025-04-07,80,BA,0.0820305952380952,22.0,7.0,True,False
2025-04-14,80,BA,-0.1133422588709677,68.0,6.0,True,False
2025-04-21,80,BA,-0.0927519845368917,72.0,7.0,True,False
2025-04-28,80,BA,-0.0809354450902099,54.0,7.0,True,False
2025-05-05,80,BA,0.0015677208791208,70.0,7.0,True,False
2025-05-12,80,BA,-0.1447606742794486,86.0,7.0,True,False
2025-05-19,80,BA,0.0492018340136054,45.0,7.0,True,False
2025-05-26,80,BA,0.0968233510204081,65.0,7.0,True,False
2025-06-02,80,BA,0.1217129583333333,40.0,7.0,True,False
2025-06-09,80,BA,-0.1536331599055706,992.0,7.0,True,False
2025-06-16,80,BA,-0.2047327454619084,432.0,7.0,True,False
2025-06-23,80,BA,-0.1884482984791524,125.0,7.0,True,False
2025-06-30,80,BA,-0.1129488598645583,164.0,7.0,True,False
2025-07-07,80,BA,-0.1236169624537534,131.0,7.0,True,False
2025-07-14,80,BA,-0.2332524118290043,201.0,7.0,True,False
2025-07-21,80,BA,-0.1579599268277425,97.0,7.0,True,False
2025-07-28,80,BA,-0.1599002653741496,73.0,7.0,True,False
2025-08-04,80,BA,-0.0128542431277056,76.0,7.0,True,False
2025-08-11,80,BA,0.0230630635629251,96.0,7.0,True,False
2025-08-18,80,BA,0.1276988802068161,195.0,7.0,True,False
2025-08-25,80,BA,0.0558814531048117,72.0,7.0,True,False
2025-09-01,80,BA,-0.0083601947278911,44.0,7.0,True,False
2025-09-08,80,BA,0.0166471869323487,89.0,7.0,True,False
2025-09-15,80,BA,0.0538275794104369,379.0,7.0,True,False
2025-09-22,80,BA,-0.0468939740128446,311.0,7.0,True,False
2025-09-29,80,BA,0.0744719099575756,124.0,7.0,True,False
2025-10-06,80,BA,-0.105181467123464,163.0,7.0,True,False
2025-10-13,80,BA,0.1101010234362976,111.0,7.0,True,False
2025-10-20,80,BA,-0.0081890770828844,59.0,7.0,True,False
2025-10-27,80,BA,-0.0271036380879271,129.0,7.0,True,False
2025-11-03,80,BA,-0.0394759435574229,68.0,7.0,True,False
2025-11-10,80,BA,0.0171876202725845,59.0,7.0,True,False
2025-11-17,80,BA,0.0525860426587301,40.0,6.0,True,False
2025-11-24,80,BA,0.0284751941030957,64.0,7.0,True,False
2025-12-01,80,BA,0.0098746883162355,72.0,7.0,True,False
2025-12-08,80,BA,-0.0943741056605975,70.0,7.0,True,False
2025-12-15,80,BA,-0.0705942613804496,69.0,7.0,True,False
2025-12-22,80,BA,-0.0300170289393939,87.0,7.0,True,False
2025-12-29,80,BA,0.1642199761904762,26.0,3.0,True,False
2015-01-05,23,BAC,-0.1563412222222222,12.0,6.0,True,False
2015-01-12,23,BAC,-0.1013786166666666,33.0,5.0,True,False
2015-01-19,23,BAC,0.0047581916666666,11.0,4.0,True,False
2015-01-26,23,BAC,0.16051925,4.0,4.0,True,False
2015-02-02,23,BAC,0.0053250666666666,19.0,6.0,True,False
2015-02-09,23,BAC,-0.0064987999999999,12.0,5.0,True,False
2015-02-16,23,BAC,0.2100295555555555,7.0,3.0,True,False
2015-02-23,23,BAC,-0.07126098,26.0,5.0,True,False
2015-03-02,23,BAC,-0.0098126249999999,18.0,4.0,True,False
2015-03-09,23,BAC,0.1942105133333333,25.0,5.0,True,False
2015-03-16,23,BAC,0.04552404,21.0,5.0,True,False
2015-03-23,23,BAC,0.0506872333333333,15.0,5.0,True,False
2015-03-30,23,BAC,-0.0345519166666666,14.0,5.0,True,False
2015-04-06,23,BAC,0.1533722380952381,17.0,7.0,True,False
2015-04-13,23,BAC,-0.2004458433333333,25.0,5.0,True,False
2015-04-20,23,BAC,0.1404155,15.0,7.0,True,False
2015-04-27,23,BAC,-0.2418625241558441,25.0,5.0,True,False
2015-05-04,23,BAC,-0.0484476019230769,41.0,5.0,True,False
2015-05-11,23,BAC,0.0860956,12.0,4.0,True,False
2015-05-18,23,BAC,-0.1064333599999999,17.0,5.0,True,False
2015-05-25,23,BAC,-0.1887908071428571,21.0,5.0,True,False
2015-06-01,23,BAC,-0.2806007916666667,19.0,6.0,True,False
2015-06-08,23,BAC,0.20524125,10.0,4.0,True,False
2015-06-15,23,BAC,0.0974492333333333,9.0,5.0,True,False
2015-06-22,23,BAC,-0.0067195999999999,15.0,5.0,True,False
2015-06-29,23,BAC,-0.158856,8.0,4.0,True,False
2015-07-06,23,BAC,0.1647775,4.0,2.0,True,False
2015-07-13,23,BAC,0.1856729047619047,35.0,5.0,True,False
2015-07-20,23,BAC,0.0661716167277167,35.0,5.0,True,False
2015-07-27,23,BAC,0.1043008055555555,11.0,6.0,True,False
2015-08-03,23,BAC,-0.0837338333333333,11.0,4.0,True,False
2015-08-10,23,BAC,-0.0029851666666666,8.0,6.0,True,False
2015-08-17,23,BAC,-0.0548292083333333,8.0,4.0,True,False
2015-08-24,23,BAC,0.1808277499999999,13.0,7.0,True,False
2015-08-31,23,BAC,-0.0574750833333333,16.0,3.0,True,False
2015-09-07,23,BAC,0.3273762166666666,12.0,5.0,True,False
2015-09-14,23,BAC,0.0090852448979591,20.0,7.0,True,False
2015-09-21,23,BAC,0.1408673377192982,31.0,6.0,True,False
2015-09-28,23,BAC,-0.121115375,7.0,4.0,True,False
2015-10-05,23,BAC,-0.07893435,46.0,7.0,True,False
2015-10-12,23,BAC,0.2593545458333333,23.0,4.0,True,False
2015-10-19,23,BAC,0.0742149,7.0,5.0,True,False
2015-10-26,23,BAC,0.2253603749999999,5.0,4.0,True,False
2015-11-02,23,BAC,0.0276934999999999,20.0,6.0,True,False
2015-11-09,23,BAC,0.0306887333333333,19.0,7.0,True,False
2015-11-16,23,BAC,0.1886620799999999,16.0,5.0,True,False
2015-11-23,23,BAC,0.3220311666666666,9.0,4.0,True,False
2015-11-30,23,BAC,0.3031575,6.0,5.0,True,False
2015-12-07,23,BAC,0.1719701851851851,17.0,6.0,True,False
2015-12-14,23,BAC,0.0162393194444444,14.0,6.0,True,False
2015-12-21,23,BAC,-0.0899404333333333,10.0,5.0,True,False
2015-12-28,23,BAC,-0.801194,1.0,1.0,True,False
2016-01-04,23,BAC,0.1246115,11.0,5.0,True,False
2016-01-11,23,BAC,-0.0862256305555555,18.0,6.0,True,False
2016-01-18,23,BAC,0.0290364666666666,22.0,5.0,True,False
2016-01-25,23,BAC,0.0133832777777777,13.0,6.0,True,False
2016-02-01,23,BAC,-0.2408681111111111,10.0,6.0,True,False
2016-02-08,23,BAC,0.0396420694444444,14.0,6.0,True,False
2016-02-15,23,BAC,-0.10034175,3.0,2.0,True,False
2016-02-22,23,BAC,0.0212528611111111,8.0,3.0,True,False
2016-02-29,23,BAC,0.2188987666666667,12.0,5.0,True,False
2016-03-07,23,BAC,-0.0385614666666666,11.0,5.0,True,False
2016-03-14,23,BAC,0.24088005,16.0,4.0,True,False
2016-03-21,23,BAC,0.0488696666666666,4.0,3.0,True,False
2016-03-28,23,BAC,0.0754842333333333,22.0,6.0,True,False
2016-04-04,23,BAC,-0.1238900625,7.0,4.0,True,False
2016-04-11,23,BAC,-0.0150079899999999,33.0,5.0,True,False
2016-04-18,23,BAC,-0.1875803333333333,6.0,3.0,True,False
2016-04-25,23,BAC,0.2097904166666666,7.0,4.0,True,False
2016-05-02,23,BAC,-0.0341341249999999,5.0,4.0,True,False
2016-05-09,23,BAC,0.0424381333333333,8.0,5.0,True,False
2016-05-16,23,BAC,-0.2429941472222222,20.0,6.0,True,False
2016-05-23,23,BAC,-0.3140754133333333,30.0,5.0,True,False
2016-05-30,23,BAC,-0.4982201458333334,14.0,4.0,True,False
2016-06-06,23,BAC,-0.0144229833333333,11.0,4.0,True,False
2016-06-13,23,BAC,-0.156859053030303,21.0,6.0,True,False
2016-06-20,23,BAC,0.1531218214285714,11.0,4.0,True,False
2016-06-27,23,BAC,0.03110775,18.0,5.0,True,False
2016-07-04,23,BAC,0.0655688666666666,8.0,5.0,True,False
2016-07-11,23,BAC,0.0310207333333333,14.0,5.0,True,False
2016-07-18,23,BAC,-0.0361994027777777,30.0,5.0,True,False
2016-07-25,23,BAC,0.2182937777777777,5.0,3.0,True,False
2016-08-01,23,BAC,-0.217985525,9.0,4.0,True,False
2016-08-08,23,BAC,0.0780208749999999,6.0,4.0,True,False
2016-08-15,23,BAC,0.1540683125,9.0,4.0,True,False
2016-08-22,23,BAC,-0.08629339,20.0,5.0,True,False
2016-08-29,23,BAC,0.02151168,10.0,5.0,True,False
2016-09-05,23,BAC,0.1039443749999999,9.0,2.0,True,False
2016-09-12,23,BAC,-0.1876188666666666,7.0,5.0,True,False
2016-09-19,23,BAC,0.0342012083333333,21.0,6.0,True,False
2016-09-26,23,BAC,0.0914842142857142,23.0,7.0,True,False
2016-10-03,23,BAC,-0.0169873163265306,27.0,7.0,True,False
2016-10-10,23,BAC,0.176014725,11.0,4.0,True,False
2016-10-17,23,BAC,0.4374884388888889,24.0,6.0,True,False
2016-10-24,23,BAC,0.0912418055555555,15.0,6.0,True,False
2016-10-31,23,BAC,-0.0947213,8.0,5.0,True,False
2016-11-07,23,BAC,-0.247058,8.0,5.0,True,False
2016-11-14,23,BAC,-0.0793760833333333,12.0,4.0,True,False
2016-11-21,23,BAC,-0.0627645666666666,8.0,5.0,True,False
2016-11-28,23,BAC,0.1350443333333333,12.0,6.0,True,False
2016-12-05,23,BAC,0.1598351111111111,6.0,3.0,True,False
2016-12-12,23,BAC,0.1884960625,10.0,4.0,True,False
2016-12-19,23,BAC,0.0778811666666666,8.0,4.0,True,False
2016-12-26,23,BAC,0.0717355,4.0,3.0,True,False
2017-01-02,23,BAC,0.1000367222222222,8.0,3.0,True,False
2017-01-09,23,BAC,-0.0726247368421052,30.0,4.0,True,False
2017-01-16,23,BAC,0.0693154285714285,22.0,7.0,True,False
2017-01-23,23,BAC,0.130044,4.0,2.0,True,False
2017-01-30,23,BAC,0.1798083333333333,8.0,3.0,True,False
2017-02-06,23,BAC,0.1561270733333333,15.0,5.0,True,False
2017-02-13,23,BAC,-0.0213609,9.0,3.0,True,False
2017-02-20,23,BAC,0.1074587666666666,11.0,5.0,True,False
2017-02-27,23,BAC,0.1627591666666666,6.0,4.0,True,False
2017-03-06,23,BAC,0.1334242514285714,26.0,5.0,True,False
2017-03-13,23,BAC,0.1145385,9.0,4.0,True,False
2017-03-20,23,BAC,-0.1397743444444444,14.0,6.0,True,False
2017-03-27,23,BAC,-0.2519389375,11.0,4.0,True,False
2017-04-03,23,BAC,-0.1569969,8.0,3.0,True,False
2017-04-10,23,BAC,0.1886763,7.0,5.0,True,False
2017-04-17,23,BAC,0.2160557708333333,30.0,6.0,True,False
2017-04-24,23,BAC,0.0253314375,8.0,4.0,True,False
2017-05-01,23,BAC,0.0153664583333333,10.0,4.0,True,False
2017-05-08,23,BAC,0.0679278,11.0,4.0,True,False
2017-05-15,23,BAC,0.0318365,11.0,5.0,True,False
2017-05-22,23,BAC,-0.2176867333333333,7.0,5.0,True,False
2017-05-29,23,BAC,-0.0931179666666666,12.0,5.0,True,False
2017-06-05,23,BAC,-0.2012085,6.0,3.0,True,False
2017-06-12,23,BAC,-0.0481260740740741,38.0,6.0,True,False
2017-06-19,23,BAC,0.2854375416666667,10.0,4.0,True,False
2017-06-26,23,BAC,0.1767750637169847,45.0,7.0,True,False
2017-07-03,23,BAC,-0.1556244,9.0,5.0,True,False
2017-07-10,23,BAC,0.024514125,13.0,6.0,True,False
2017-07-17,23,BAC,0.0805765129629629,59.0,6.0,True,False
2017-07-24,23,BAC,0.15534325,6.0,4.0,True,False
2017-07-31,23,BAC,-0.2248165,3.0,2.0,True,False
2017-08-07,23,BAC,0.2840408333333333,8.0,3.0,True,False
2017-08-14,23,BAC,-0.2448964166666666,11.0,6.0,True,False
2017-08-21,23,BAC,0.0115339999999999,2.0,2.0,True,False
2017-08-28,23,BAC,0.2452009166666666,10.0,4.0,True,False
2017-09-04,23,BAC,0.0722810666666666,9.0,5.0,True,False
2017-09-11,23,BAC,0.144859,1.0,1.0,True,False
2017-09-18,23,BAC,-0.1007948333333333,14.0,5.0,True,False
2017-09-25,23,BAC,0.0578229444444444,8.0,3.0,True,False
2017-10-02,23,BAC,-0.0273199888888888,34.0,7.0,True,False
2017-10-09,23,BAC,0.186560273076923,20.0,4.0,True,False
2017-10-16,23,BAC,0.070713875,6.0,4.0,True,False
2017-10-23,23,BAC,0.00385454,14.0,5.0,True,False
2017-10-30,23,BAC,-0.1046695,6.0,3.0,True,False
2017-11-06,23,BAC,0.1322633333333333,10.0,5.0,True,False
2017-11-13,23,BAC,0.160208025,9.0,4.0,True,False
2017-11-20,23,BAC,-0.2541922222222222,5.0,3.0,True,False
2017-11-27,23,BAC,-0.1044245083333333,12.0,4.0,True,False
2017-12-04,23,BAC,-0.0176111130952381,28.0,7.0,True,False
2017-12-11,23,BAC,0.1008054666666666,13.0,5.0,True,False
2017-12-18,23,BAC,0.015211045,27.0,5.0,True,False
2017-12-25,23,BAC,0.0363939999999999,9.0,5.0,True,False
2018-01-01,23,BAC,0.1905546666666666,7.0,3.0,True,False
2018-01-08,23,BAC,0.0768115,12.0,5.0,True,False
2018-01-15,23,BAC,-0.3551725674603174,39.0,6.0,True,False
2018-01-22,23,BAC,-0.1429527063492063,45.0,6.0,True,False
2018-01-29,23,BAC,-0.0146314285714285,24.0,7.0,True,False
2018-02-05,23,BAC,0.05902861,20.0,5.0,True,False
2018-02-12,23,BAC,0.1361275833333333,15.0,6.0,True,False
2018-02-19,23,BAC,0.1421625694444444,16.0,6.0,True,False
2018-02-26,23,BAC,-0.0027831805555555,22.0,6.0,True,False
2018-03-05,23,BAC,0.1807919999999999,16.0,6.0,True,False
2018-03-12,23,BAC,-0.0268569444444444,11.0,6.0,True,False
2018-03-19,23,BAC,-0.2082298883116883,30.0,7.0,True,False
2018-03-26,23,BAC,0.16239741,23.0,5.0,True,False
2018-04-02,23,BAC,0.1425330555555555,14.0,6.0,True,False
2018-04-09,23,BAC,-0.1418412916666666,15.0,4.0,True,False
2018-04-16,23,BAC,0.2266984666666667,22.0,5.0,True,False
2018-04-23,23,BAC,-0.0992245,10.0,5.0,True,False
2018-04-30,23,BAC,-0.1989691666666666,13.0,6.0,True,False
2018-05-07,23,BAC,-0.0534376771062271,36.0,6.0,True,False
2018-05-14,23,BAC,0.1344580766666666,16.0,5.0,True,False
2018-05-21,23,BAC,0.0267627499999999,8.0,4.0,True,False
2018-05-28,23,BAC,0.1776013333333333,6.0,3.0,True,False
2018-06-04,23,BAC,-0.1726456944444444,10.0,6.0,True,False
2018-06-11,23,BAC,0.0469733333333333,10.0,3.0,True,False
2018-06-18,23,BAC,0.0681907,8.0,5.0,True,False
2018-06-25,23,BAC,0.0277370396825396,25.0,6.0,True,False
2018-07-02,23,BAC,-0.08683275,9.0,4.0,True,False
2018-07-09,23,BAC,0.1425845625,10.0,4.0,True,False
2018-07-16,23,BAC,-0.0698407761904762,22.0,5.0,True,False
2018-07-23,23,BAC,0.2133056666666666,8.0,4.0,True,False
2018-07-30,23,BAC,0.08123285,13.0,4.0,True,False
2018-08-06,23,BAC,0.4288148125,11.0,4.0,True,False
2018-08-13,23,BAC,-0.0454001999999999,11.0,5.0,True,False
2018-08-20,23,BAC,-0.3304803333333333,13.0,6.0,True,False
2018-08-27,23,BAC,-0.1403306166666666,19.0,3.0,True,False
2018-09-03,23,BAC,0.1816697666666666,11.0,5.0,True,False
2018-09-10,23,BAC,0.0447445,5.0,4.0,True,False
2018-09-17,23,BAC,0.1455030892857143,11.0,4.0,True,False
2018-09-24,23,BAC,0.1433981999999999,10.0,5.0,True,False
2018-10-01,23,BAC,0.1540633,6.0,5.0,True,False
2018-10-08,23,BAC,-0.0859777,6.0,5.0,True,False
2018-10-15,23,BAC,0.000830625,18.0,4.0,True,False
2018-10-22,23,BAC,0.3918738,5.0,5.0,True,False
2018-10-29,23,BAC,-0.1210009166666666,8.0,4.0,True,False
2018-11-05,23,BAC,-0.1210009166666666,0.0,,False,True
2018-11-12,23,BAC,0.296304,2.0,1.0,True,False
2018-11-19,23,BAC,0.336823125,6.0,4.0,True,False
2018-11-26,23,BAC,-0.1696496666666666,5.0,3.0,True,False
2018-12-03,23,BAC,0.0985998571428571,12.0,7.0,True,False
2018-12-10,23,BAC,0.0328353333333333,10.0,5.0,True,False
2018-12-17,23,BAC,-0.332805275,10.0,4.0,True,False
2018-12-24,23,BAC,-0.03869675,4.0,2.0,True,False
2018-12-31,23,BAC,0.2571628333333333,10.0,5.0,True,False
2019-01-07,23,BAC,0.1690554444444444,10.0,6.0,True,False
2019-01-14,23,BAC,0.0318675916666666,20.0,6.0,True,False
2019-01-21,23,BAC,0.2691385416666666,8.0,4.0,True,False
2019-01-28,23,BAC,-0.0894105047619047,15.0,7.0,True,False
2019-02-04,23,BAC,0.1569133124999999,11.0,4.0,True,False
2019-02-11,23,BAC,-0.0053081666666666,8.0,4.0,True,False
2019-02-18,23,BAC,-0.073341825,9.0,4.0,True,False
2019-02-25,23,BAC,0.0178559047619047,15.0,5.0,True,False
2019-03-04,23,BAC,0.2774543625,11.0,4.0,True,False
2019-03-11,23,BAC,0.181722025,20.0,5.0,True,False
2019-03-18,23,BAC,-0.1336236976190476,22.0,6.0,True,False
2019-03-25,23,BAC,0.0120769976190476,26.0,5.0,True,False
2019-04-01,23,BAC,0.2838365555555555,9.0,3.0,True,False
2019-04-08,23,BAC,0.1756994629629629,36.0,6.0,True,False
2019-04-15,23,BAC,-0.1149659485294117,23.0,4.0,True,False
2019-04-22,23,BAC,-0.1921656,10.0,5.0,True,False
2019-04-29,23,BAC,0.0878584142857142,17.0,7.0,True,False
2019-05-06,23,BAC,0.0988336666666666,14.0,6.0,True,False
2019-05-13,23,BAC,0.11376775,10.0,6.0,True,False
2019-05-20,23,BAC,0.0945484444444444,19.0,6.0,True,False
2019-05-27,23,BAC,-0.1250888194444444,15.0,4.0,True,False
2019-06-03,23,BAC,0.1526060833333333,7.0,4.0,True,False
2019-06-10,23,BAC,0.0014533333333333,4.0,3.0,True,False
2019-06-17,23,BAC,0.146367225,12.0,4.0,True,False
2019-06-24,23,BAC,0.19224035,18.0,4.0,True,False
2019-07-01,23,BAC,0.112199375,6.0,4.0,True,False
2019-07-08,23,BAC,0.1122509999999999,10.0,6.0,True,False
2019-07-15,23,BAC,-0.0508447222222222,34.0,6.0,True,False
2019-07-22,23,BAC,-0.1602853916666666,17.0,5.0,True,False
2019-07-29,23,BAC,-0.2494506388888888,11.0,6.0,True,False
2019-08-05,23,BAC,0.0869459444444444,15.0,6.0,True,False
2019-08-12,23,BAC,0.1421992111111111,18.0,6.0,True,False
2019-08-19,23,BAC,-0.1113373095238095,20.0,7.0,True,False
2019-08-26,23,BAC,0.1118333333333333,6.0,3.0,True,False
2019-09-02,23,BAC,-0.0955409305555555,12.0,6.0,True,False
2019-09-09,23,BAC,-0.1038642499999999,17.0,6.0,True,False
2019-09-16,23,BAC,0.0461403333333333,13.0,6.0,True,False
2019-09-23,23,BAC,0.2254949166666666,14.0,5.0,True,False
2019-09-30,23,BAC,0.2475593333333333,8.0,3.0,True,False
2019-10-07,23,BAC,0.0602679583333333,7.0,4.0,True,False
2019-10-14,23,BAC,0.1170689450980392,31.0,5.0,True,False
2019-10-21,23,BAC,0.1637821388888889,12.0,6.0,True,False
2019-10-28,23,BAC,0.1525850666666666,9.0,5.0,True,False
2019-11-04,23,BAC,-0.0039860539682539,21.0,5.0,True,False
2019-11-11,23,BAC,0.1520969662698413,18.0,6.0,True,False
2019-11-18,23,BAC,0.1215326333333333,10.0,5.0,True,False
2019-11-25,23,BAC,0.4231218333333333,4.0,2.0,True,False
2019-12-02,23,BAC,0.1391302083333333,15.0,6.0,True,False
2019-12-09,23,BAC,0.217979,10.0,4.0,True,False
2019-12-16,23,BAC,-0.0089305324074074,21.0,6.0,True,False
2019-12-23,23,BAC,0.0605622499999999,4.0,4.0,True,False
2019-12-30,23,BAC,0.0605622499999999,0.0,,False,True
2020-01-06,23,BAC,0.5562923333333333,3.0,3.0,True,False
2020-01-13,23,BAC,0.611053,2.0,2.0,True,False
2020-01-20,23,BAC,0.1184466666666666,4.0,3.0,True,False
2020-01-27,23,BAC,0.1090469999999999,3.0,2.0,True,False
2020-02-03,23,BAC,-0.4123906666666666,3.0,3.0,True,False
2020-02-10,23,BAC,0.0861417499999999,7.0,4.0,True,False
2020-02-17,23,BAC,0.1158450625,9.0,4.0,True,False
2020-02-24,23,BAC,0.0029810999999999,18.0,5.0,True,False
2020-03-02,23,BAC,0.3080429999999999,16.0,5.0,True,False
2020-03-09,23,BAC,-0.0549674444444444,20.0,6.0,True,False
2020-03-16,23,BAC,0.1662356174242424,31.0,6.0,True,False
2020-03-23,23,BAC,-0.2137332222222222,18.0,5.0,True,False
2020-03-30,23,BAC,-0.0894811357142857,37.0,7.0,True,False
2020-04-06,23,BAC,-0.1483350363095238,26.0,6.0,True,False
2020-04-13,23,BAC,0.0351224119047618,28.0,5.0,True,False
2020-04-20,23,BAC,-0.0110284523809523,27.0,7.0,True,False
2020-04-27,23,BAC,0.0110360163265306,20.0,7.0,True,False
2020-05-04,23,BAC,0.14130773,19.0,5.0,True,False
2020-05-11,23,BAC,0.0865447083333333,22.0,6.0,True,False
2020-05-18,23,BAC,-0.0142617033333333,19.0,5.0,True,False
2020-05-25,23,BAC,0.0423874375,16.0,4.0,True,False
2020-06-01,23,BAC,0.1806602785714285,35.0,5.0,True,False
2020-06-08,23,BAC,0.2641728166666666,14.0,5.0,True,False
2020-06-15,23,BAC,-0.1288314166666667,10.0,4.0,True,False
2020-06-22,23,BAC,-0.0003397999999999,16.0,5.0,True,False
2020-06-29,23,BAC,0.3143591,10.0,5.0,True,False
2020-07-06,23,BAC,-0.0019320999999999,15.0,6.0,True,False
2020-07-13,23,BAC,-0.0006409359567901,45.0,6.0,True,False
2020-07-20,23,BAC,0.1044505416666666,15.0,6.0,True,False
2020-07-27,23,BAC,0.1231771066666666,17.0,5.0,True,False
2020-08-03,23,BAC,0.2729987619047619,18.0,7.0,True,False
2020-08-10,23,BAC,0.2730122333333333,9.0,5.0,True,False
2020-08-17,23,BAC,0.3253030095238095,19.0,7.0,True,False
2020-08-24,23,BAC,0.2822516041666666,9.0,4.0,True,False
2020-08-31,23,BAC,0.2579289166666667,12.0,4.0,True,False
2020-09-07,23,BAC,0.1227414722222222,24.0,6.0,True,False
2020-09-14,23,BAC,0.1874711874999999,12.0,4.0,True,False
2020-09-21,23,BAC,0.0869891,15.0,5.0,True,False
2020-09-28,23,BAC,0.2073238666666666,15.0,5.0,True,False
2020-10-05,23,BAC,0.1733738888888889,11.0,6.0,True,False
2020-10-12,23,BAC,0.0498086605128205,29.0,5.0,True,False
2020-10-19,23,BAC,0.0406512333333333,12.0,5.0,True,False
2020-10-26,23,BAC,0.2680884583333333,11.0,4.0,True,False
2020-11-02,23,BAC,-0.0776806,7.0,5.0,True,False
2020-11-09,23,BAC,0.0002828333333333,10.0,6.0,True,False
2020-11-16,23,BAC,0.07610395,10.0,5.0,True,False
2020-11-23,23,BAC,0.0853122,19.0,6.0,True,False
2020-11-30,23,BAC,0.103648,9.0,5.0,True,False
2020-12-07,23,BAC,-0.1602245,15.0,7.0,True,False
2020-12-14,23,BAC,0.2356151944444444,18.0,6.0,True,False
2020-12-21,23,BAC,-0.094312,7.0,4.0,True,False
2020-12-28,23,BAC,0.1391156666666666,3.0,3.0,True,False
2021-01-04,23,BAC,0.2888505833333333,10.0,6.0,True,False
2021-01-11,23,BAC,0.0665859888888889,16.0,6.0,True,False
2021-01-18,23,BAC,0.0989769176470588,26.0,4.0,True,False
2021-01-25,23,BAC,0.1367713571428571,16.0,4.0,True,False
2021-02-01,23,BAC,-0.2012873333333333,22.0,6.0,True,False
2021-02-08,23,BAC,0.0655570694444444,15.0,6.0,True,False
2021-02-15,23,BAC,0.2255730972222222,14.0,6.0,True,False
2021-02-22,23,BAC,0.0587283199999999,14.0,5.0,True,False
2021-03-01,23,BAC,0.1245736,11.0,5.0,True,False
2021-03-08,23,BAC,0.1614530133333333,13.0,5.0,True,False
2021-03-15,23,BAC,-0.1267413611111111,24.0,6.0,True,False
2021-03-22,23,BAC,0.1188264476190476,21.0,7.0,True,False
2021-03-29,23,BAC,0.1811271785714286,23.0,7.0,True,False
2021-04-05,23,BAC,0.2376645,4.0,4.0,True,False
2021-04-12,23,BAC,0.236186,25.0,4.0,True,False
2021-04-19,23,BAC,0.4357350555555555,15.0,6.0,True,False
2021-04-26,23,BAC,0.0045977142857142,16.0,7.0,True,False
2021-05-03,23,BAC,0.1345186805555555,20.0,6.0,True,False
2021-05-10,23,BAC,0.1671714166666666,13.0,5.0,True,False
2021-05-17,23,BAC,0.3020178,25.0,5.0,True,False
2021-05-24,23,BAC,0.238771875,10.0,4.0,True,False
2021-05-31,23,BAC,0.2286402380952381,22.0,7.0,True,False
2021-06-07,23,BAC,0.1994351138888888,19.0,6.0,True,False
2021-06-14,23,BAC,0.2034319674242424,26.0,6.0,True,False
2021-06-21,23,BAC,0.3165566309523809,21.0,7.0,True,False
2021-06-28,23,BAC,0.3647527499999999,14.0,6.0,True,False
2021-07-05,23,BAC,-0.01285844,11.0,5.0,True,False
2021-07-12,23,BAC,0.0881022916666667,18.0,4.0,True,False
2021-07-19,23,BAC,0.1595571907407407,25.0,6.0,True,False
2021-07-26,23,BAC,0.2414883333333333,12.0,4.0,True,False
2021-08-02,23,BAC,0.0813817,12.0,5.0,True,False
2021-08-09,23,BAC,0.068238025,17.0,6.0,True,False
2021-08-16,23,BAC,-0.0306882916666666,11.0,4.0,True,False
2021-08-23,23,BAC,0.19047715625,16.0,4.0,True,False
2021-08-30,23,BAC,-0.029445,6.0,4.0,True,False
2021-09-06,23,BAC,0.2311904111111111,21.0,5.0,True,False
2021-09-13,23,BAC,0.1384522771428571,19.0,5.0,True,False
2021-09-20,23,BAC,0.2274511944444444,14.0,6.0,True,False
2021-09-27,23,BAC,0.0387875333333333,13.0,5.0,True,False
2021-10-04,23,BAC,0.1720504142857142,23.0,7.0,True,False
2021-10-11,23,BAC,0.2345323156565656,21.0,6.0,True,False
2021-10-18,23,BAC,-0.0166607499999999,12.0,5.0,True,False
2021-10-25,23,BAC,-0.04895005,13.0,6.0,True,False
2021-11-01,23,BAC,-0.1365259375,9.0,4.0,True,False
2021-11-08,23,BAC,-0.0141475277777777,11.0,6.0,True,False
2021-11-15,23,BAC,0.2944601111111111,6.0,3.0,True,False
2021-11-22,23,BAC,0.0215747499999999,3.0,2.0,True,False
2021-11-29,23,BAC,0.0786365,14.0,6.0,True,False
2021-12-06,23,BAC,0.3384379305555555,13.0,6.0,True,False
2021-12-13,23,BAC,0.2701504,17.0,5.0,True,False
2021-12-20,23,BAC,0.1385413333333333,7.0,3.0,True,False
2021-12-27,23,BAC,0.02113,5.0,3.0,True,False
2022-01-03,23,BAC,0.0034254166666666,8.0,4.0,True,False
2022-01-10,23,BAC,0.2397963027777777,29.0,6.0,True,False
2022-01-17,23,BAC,0.2421693666666666,23.0,3.0,True,False
2022-01-24,23,BAC,0.2252807333333333,10.0,5.0,True,False
2022-01-31,23,BAC,-0.019642,4.0,3.0,True,False
2022-02-07,23,BAC,-0.0395121666666666,15.0,5.0,True,False
2022-02-14,23,BAC,0.3307063,7.0,5.0,True,False
2022-02-21,23,BAC,-0.1110481333333333,9.0,5.0,True,False
2022-02-28,23,BAC,0.1073541111111111,6.0,3.0,True,False
2022-03-07,23,BAC,-0.2516805722222222,16.0,6.0,True,False
2022-03-14,23,BAC,0.09401495,7.0,2.0,True,False
2022-03-21,23,BAC,0.188905238095238,12.0,7.0,True,False
2022-03-28,23,BAC,-0.0609626,8.0,3.0,True,False
2022-04-04,23,BAC,0.4204545833333333,10.0,6.0,True,False
2022-04-11,23,BAC,0.3552966666666666,10.0,3.0,True,False
2022-04-18,23,BAC,0.3484248083333333,16.0,5.0,True,False
2022-04-25,23,BAC,-0.2448469999999999,3.0,2.0,True,False
2022-05-02,23,BAC,-0.142039125,6.0,2.0,True,False
2022-05-09,23,BAC,-0.0180941,11.0,5.0,True,False
2022-05-16,23,BAC,-0.0281148999999999,10.0,5.0,True,False
2022-05-23,23,BAC,0.1429533,13.0,5.0,True,False
2022-05-30,23,BAC,-0.0297766944444444,14.0,6.0,True,False
2022-06-06,23,BAC,-0.0232207738095237,16.0,7.0,True,False
2022-06-13,23,BAC,-0.2140652,12.0,4.0,True,False
2022-06-20,23,BAC,0.0324445999999999,12.0,5.0,True,False
2022-06-27,23,BAC,-0.0657161071428571,10.0,7.0,True,False
2022-07-04,23,BAC,0.17832251,15.0,5.0,True,False
2022-07-11,23,BAC,-0.17411588,40.0,5.0,True,False
2022-07-18,23,BAC,-0.0312492291666666,25.0,4.0,True,False
2022-07-25,23,BAC,-0.0188113571428571,8.0,2.0,True,False
2022-08-01,23,BAC,0.0031607916666666,21.0,6.0,True,False
2022-08-08,23,BAC,0.1096337999999999,16.0,6.0,True,False
2022-08-15,23,BAC,0.0875979047619047,17.0,5.0,True,False
2022-08-22,23,BAC,0.0924528749999999,10.0,4.0,True,False
2022-08-29,23,BAC,0.0832811546218487,31.0,7.0,True,False
2022-09-05,23,BAC,-0.1587024,17.0,5.0,True,False
2022-09-12,23,BAC,0.0916805555555555,18.0,6.0,True,False
2022-09-19,23,BAC,0.0196842895238095,19.0,5.0,True,False
2022-09-26,23,BAC,-0.125862325,17.0,6.0,True,False
2022-10-03,23,BAC,-0.0244527547619047,28.0,7.0,True,False
2022-10-10,23,BAC,0.1536465023809523,20.0,5.0,True,False
2022-10-17,23,BAC,-0.0589616591304347,35.0,5.0,True,False
2022-10-24,23,BAC,0.0845383666666666,13.0,5.0,True,False
2022-10-31,23,BAC,-0.0432076227272727,22.0,5.0,True,False
2022-11-07,23,BAC,0.2508153888888889,13.0,6.0,True,False
2022-11-14,23,BAC,0.03773065,17.0,6.0,True,False
2022-11-21,23,BAC,-0.0177618333333333,11.0,6.0,True,False
2022-11-28,23,BAC,-0.0524678357142857,25.0,6.0,True,False
2022-12-05,23,BAC,0.0622292777777777,25.0,6.0,True,False
2022-12-12,23,BAC,0.08363438,10.0,5.0,True,False
2022-12-19,23,BAC,0.0926850333333333,9.0,5.0,True,False
2022-12-26,23,BAC,0.0330459333333333,9.0,5.0,True,False
2023-01-02,23,BAC,0.1341897222222222,11.0,6.0,True,False
2023-01-09,23,BAC,0.1582571741452991,28.0,6.0,True,False
2023-01-16,23,BAC,0.0465637199999999,25.0,5.0,True,False
2023-01-23,23,BAC,0.191757125,7.0,4.0,True,False
2023-01-30,23,BAC,0.1284048666666666,8.0,5.0,True,False
2023-02-06,23,BAC,0.0091700928571428,20.0,5.0,True,False
2023-02-13,23,BAC,-0.05908342,11.0,5.0,True,False
2023-02-20,23,BAC,-0.12672095,11.0,5.0,True,False
2023-02-27,23,BAC,0.1213764374999999,10.0,4.0,True,False
2023-03-06,23,BAC,-0.0809530428571428,13.0,5.0,True,False
2023-03-13,23,BAC,-0.1931094533333333,25.0,5.0,True,False
2023-03-20,23,BAC,-0.0179640222222222,13.0,3.0,True,False
2023-03-27,23,BAC,0.2483981999999999,11.0,5.0,True,False
2023-04-03,23,BAC,0.071072125,7.0,4.0,True,False
2023-04-10,23,BAC,0.0100472333333333,9.0,5.0,True,False
2023-04-17,23,BAC,0.2005441675070028,29.0,5.0,True,False
2023-04-24,23,BAC,0.0633272666666666,20.0,6.0,True,False
2023-05-01,23,BAC,0.1769937266666666,18.0,5.0,True,False
2023-05-08,23,BAC,-0.1322621666666666,10.0,6.0,True,False
2023-05-15,23,BAC,-0.30068024,10.0,5.0,True,False
2023-05-22,23,BAC,-0.2086585416666666,17.0,6.0,True,False
2023-05-29,23,BAC,0.04673905,9.0,4.0,True,False
2023-06-05,23,BAC,-0.1284196875,9.0,4.0,True,False
2023-06-12,23,BAC,0.1041431999999999,9.0,5.0,True,False
2023-06-19,23,BAC,0.0477045,2.0,1.0,True,False
2023-06-26,23,BAC,0.2241149,16.0,5.0,True,False
2023-07-03,23,BAC,0.0987723333333333,9.0,5.0,True,False
2023-07-10,23,BAC,-0.2520926027210884,48.0,7.0,True,False
2023-07-17,23,BAC,0.0098907407407407,21.0,6.0,True,False
2023-07-24,23,BAC,-0.0639420833333333,12.0,6.0,True,False
2023-07-31,23,BAC,-0.1590767,8.0,5.0,True,False
2023-08-07,23,BAC,-0.3022163,7.0,5.0,True,False
2023-08-14,23,BAC,-0.2118575833333333,10.0,6.0,True,False
2023-08-21,23,BAC,0.3424483333333333,3.0,3.0,True,False
2023-08-28,23,BAC,0.051596375,6.0,4.0,True,False
2023-09-04,23,BAC,-0.0262255999999999,9.0,5.0,True,False
2023-09-11,23,BAC,0.0044445333333333,11.0,5.0,True,False
2023-09-18,23,BAC,0.0363640999999999,13.0,5.0,True,False
2023-09-25,23,BAC,-0.1349995833333333,6.0,3.0,True,False
2023-10-02,23,BAC,0.0718608666666666,13.0,5.0,True,False
2023-10-09,23,BAC,0.0824580333333333,13.0,5.0,True,False
2023-10-16,23,BAC,-0.0652607428571428,18.0,7.0,True,False
2023-10-23,23,BAC,-0.263783375,10.0,4.0,True,False
2023-10-30,23,BAC,0.2500763,9.0,5.0,True,False
2023-11-06,23,BAC,0.2466932222222222,6.0,3.0,True,False
2023-11-13,23,BAC,-0.188541175,9.0,4.0,True,False
2023-11-20,23,BAC,-0.3183488214285714,11.0,4.0,True,False
2023-11-27,23,BAC,-0.1559528285714286,27.0,7.0,True,False
2023-12-04,23,BAC,-0.1551944,7.0,5.0,True,False
2023-12-11,23,BAC,0.0293341799999999,11.0,5.0,True,False
2023-12-18,23,BAC,-0.0369654999999999,7.0,4.0,True,False
2023-12-25,23,BAC,-0.8041146666666666,5.0,3.0,True,False
2024-01-01,23,BAC,0.1509447,6.0,5.0,True,False
2024-01-08,23,BAC,-0.3519005833333333,17.0,5.0,True,False
2024-01-15,23,BAC,-0.0076513333333333,9.0,4.0,True,False
2024-01-22,23,BAC,-0.0619143333333333,5.0,3.0,True,False
2024-01-29,23,BAC,-0.1195995,8.0,4.0,True,False
2024-02-05,23,BAC,-0.08446965,15.0,5.0,True,False
2024-02-12,23,BAC,-0.0575747,12.0,5.0,True,False
2024-02-19,23,BAC,0.3368736666666667,7.0,6.0,True,False
2024-02-26,23,BAC,-0.0309735,6.0,5.0,True,False
2024-03-04,23,BAC,0.0483601666666666,11.0,5.0,True,False
2024-03-11,23,BAC,-0.3019104999999999,2.0,2.0,True,False
2024-03-18,23,BAC,0.176946625,7.0,4.0,True,False
2024-03-25,23,BAC,0.158371,4.0,3.0,True,False
2024-04-01,23,BAC,0.2994605,4.0,4.0,True,False
2024-04-08,23,BAC,0.0450874444444444,7.0,3.0,True,False
2024-04-15,23,BAC,-0.2961625055555555,18.0,6.0,True,False
2024-04-22,23,BAC,-0.2970696666666666,3.0,3.0,True,False
2024-04-29,23,BAC,-0.25546144,15.0,5.0,True,False
2024-05-06,23,BAC,-0.0535751523809523,13.0,5.0,True,False
2024-05-13,23,BAC,0.1012687999999999,11.0,5.0,True,False
2024-05-20,23,BAC,-0.194718875,8.0,4.0,True,False
2024-05-27,23,BAC,0.1760366111111111,6.0,3.0,True,False
2024-06-03,23,BAC,0.1489403,10.0,3.0,True,False
2024-06-10,23,BAC,-0.0020164444444444,9.0,6.0,True,False
2024-06-17,23,BAC,0.0771794166666666,7.0,6.0,True,False
2024-06-24,23,BAC,0.0318098888888888,7.0,3.0,True,False
2024-07-01,23,BAC,0.157207,4.0,3.0,True,False
2024-07-08,23,BAC,0.2918620625,9.0,4.0,True,False
2024-07-15,23,BAC,0.0738749136363636,24.0,5.0,True,False
2024-07-22,23,BAC,0.3466601111111111,6.0,3.0,True,False
2024-07-29,23,BAC,-0.135469375,10.0,4.0,True,False
2024-08-05,23,BAC,0.1230912916666666,13.0,6.0,True,False
2024-08-12,23,BAC,0.0323017222222222,15.0,6.0,True,False
2024-08-19,23,BAC,0.08021,7.0,3.0,True,False
2024-08-26,23,BAC,0.0686310833333333,12.0,5.0,True,False
2024-09-02,23,BAC,-0.2438404,16.0,5.0,True,False
2024-09-09,23,BAC,0.1915950825396825,31.0,7.0,True,False
2024-09-16,23,BAC,0.0963874126984127,18.0,6.0,True,False
2024-09-23,23,BAC,0.1459390599999999,13.0,5.0,True,False
2024-09-30,23,BAC,0.1093465365967366,40.0,5.0,True,False
2024-10-07,23,BAC,0.0826856398809523,24.0,6.0,True,False
2024-10-14,23,BAC,0.0713853888888889,19.0,6.0,True,False
2024-10-21,23,BAC,-0.3065417333333333,7.0,5.0,True,False
2024-10-28,23,BAC,0.0439259999999999,3.0,3.0,True,False
2024-11-04,23,BAC,0.0755033749999999,8.0,4.0,True,False
2024-11-11,23,BAC,0.0295231666666666,6.0,4.0,True,False
2024-11-18,23,BAC,0.1316614444444444,6.0,3.0,True,False
2024-11-25,23,BAC,0.1504039999999999,3.0,2.0,True,False
2024-12-02,23,BAC,0.439377,2.0,2.0,True,False
2024-12-09,23,BAC,0.0709099583333333,9.0,4.0,True,False
2024-12-16,23,BAC,-0.07228765,13.0,5.0,True,False
2024-12-23,23,BAC,0.1576470666666666,8.0,5.0,True,False
2024-12-30,23,BAC,-0.190941,1.0,1.0,True,False
2025-01-06,23,BAC,-0.0005676999999999,13.0,5.0,True,False
2025-01-13,23,BAC,0.3331069166666666,21.0,6.0,True,False
2025-01-20,23,BAC,-0.2240915880952381,20.0,5.0,True,False
2025-01-27,23,BAC,-0.0119206249999999,5.0,4.0,True,False
2025-02-03,23,BAC,0.103991875,7.0,4.0,True,False
2025-02-10,23,BAC,0.0553578,8.0,5.0,True,False
2025-02-17,23,BAC,-0.074024375,5.0,4.0,True,False
2025-02-24,23,BAC,0.0097302416666666,15.0,4.0,True,False
2025-03-03,23,BAC,-0.1956687999999999,13.0,5.0,True,False
2025-03-10,23,BAC,-0.0028031111111111,11.0,6.0,True,False
2025-03-17,23,BAC,0.1099910277777777,12.0,6.0,True,False
2025-03-24,23,BAC,-0.0055931761904761,23.0,6.0,True,False
2025-03-31,23,BAC,-0.0504878999999999,8.0,5.0,True,False
2025-04-07,23,BAC,-0.1067187666666666,8.0,5.0,True,False
2025-04-14,23,BAC,0.1215060893939393,34.0,5.0,True,False
2025-04-21,23,BAC,0.0543272916666666,12.0,4.0,True,False
2025-04-28,23,BAC,0.2385305555555555,19.0,6.0,True,False
2025-05-05,23,BAC,0.0564939249999999,16.0,5.0,True,False
2025-05-12,23,BAC,0.2067556722222222,20.0,6.0,True,False
2025-05-19,23,BAC,-0.0108166999999999,10.0,6.0,True,False
2025-05-26,23,BAC,0.18711365,10.0,5.0,True,False
2025-06-02,23,BAC,0.1244774166666666,12.0,4.0,True,False
2025-06-09,23,BAC,0.22910415,9.0,5.0,True,False
2025-06-16,23,BAC,0.006605875,5.0,4.0,True,False
2025-06-23,23,BAC,0.2252399644444444,19.0,5.0,True,False
2025-06-30,23,BAC,0.1174133333333333,6.0,3.0,True,False
2025-07-07,23,BAC,0.15359921875,14.0,4.0,True,False
2025-07-14,23,BAC,0.2190295722222222,24.0,6.0,True,False
2025-07-21,23,BAC,0.1459973666666666,15.0,5.0,True,False
2025-07-28,23,BAC,0.0362659722222222,14.0,6.0,True,False
2025-08-04,23,BAC,-0.3930058273809523,19.0,6.0,True,False
2025-08-11,23,BAC,0.4786103333333333,4.0,3.0,True,False
2025-08-18,23,BAC,-0.04158325,7.0,3.0,True,False
2025-08-25,23,BAC,-0.0814185,6.0,4.0,True,False
2025-09-01,23,BAC,0.1674797333333333,11.0,5.0,True,False
2025-09-08,23,BAC,0.2004693944444444,16.0,6.0,True,False
2025-09-15,23,BAC,0.0746192833333333,19.0,6.0,True,False
2025-09-22,23,BAC,0.03467726,10.0,5.0,True,False
2025-09-29,23,BAC,0.0437896142857142,12.0,7.0,True,False
2025-10-06,23,BAC,-0.0623967999999999,15.0,5.0,True,False
2025-10-13,23,BAC,-0.0168515523809523,31.0,6.0,True,False
2025-10-20,23,BAC,-0.0547557499999999,10.0,6.0,True,False
2025-10-27,23,BAC,-0.0452552857142857,11.0,7.0,True,False
2025-11-03,23,BAC,0.0732796759259259,19.0,6.0,True,False
2025-11-10,23,BAC,0.19398625,6.0,3.0,True,False
2025-11-17,23,BAC,0.008253,1.0,1.0,True,False
2025-11-24,23,BAC,0.0560434999999999,5.0,3.0,True,False
2025-12-01,23,BAC,-0.1931463333333333,5.0,3.0,True,False
2025-12-08,23,BAC,0.0566371666666666,4.0,3.0,True,False
2025-12-15,23,BAC,-0.0212284999999999,2.0,1.0,True,False
2025-12-22,23,BAC,0.25765425,3.0,2.0,True,False
2025-12-29,23,BAC,0.015661,1.0,1.0,True,False
2015-01-05,160,GM,0.2373019778911564,40.0,7.0,True,False
2015-01-12,160,GM,-0.0588071081871344,48.0,7.0,True,False
2015-01-19,160,GM,0.0476103238095238,19.0,5.0,True,False
2015-01-26,160,GM,0.0526630119047619,34.0,7.0,True,False
2015-02-02,160,GM,0.1472736613032581,58.0,5.0,True,False
2015-02-09,160,GM,-0.0145257669806384,49.0,7.0,True,False
2015-02-16,160,GM,-0.0921215430272108,38.0,7.0,True,False
2015-02-23,160,GM,-0.2473157968253968,22.0,6.0,True,False
2015-03-02,160,GM,0.1889538904761904,25.0,5.0,True,False
2015-03-09,160,GM,-0.1058196035826243,63.0,5.0,True,False
2015-03-16,160,GM,-0.1855289616573902,57.0,7.0,True,False
2015-03-23,160,GM,-0.0355573293650793,21.0,6.0,True,False
2015-03-30,160,GM,0.2551246893939394,33.0,7.0,True,False
2015-04-06,160,GM,-0.0475674933333333,26.0,5.0,True,False
2015-04-13,160,GM,-0.0493915406371406,38.0,6.0,True,False
2015-04-20,160,GM,-0.1468538466161616,50.0,6.0,True,False
2015-04-27,160,GM,0.2312668523809523,39.0,7.0,True,False
2015-05-04,160,GM,0.2376174861111111,23.0,6.0,True,False
2015-05-11,160,GM,-0.0126341516221873,39.0,7.0,True,False
2015-05-18,160,GM,-0.2746240612244898,48.0,7.0,True,False
2015-05-25,160,GM,-0.1275325428571428,38.0,5.0,True,False
2015-06-01,160,GM,-0.0796595836940837,35.0,6.0,True,False
2015-06-08,160,GM,-0.1788895626436781,45.0,5.0,True,False
2015-06-15,160,GM,0.1149764356060606,36.0,6.0,True,False
2015-06-22,160,GM,0.0820423157768157,34.0,6.0,True,False
2015-06-29,160,GM,-0.01855246875,23.0,4.0,True,False
2015-07-06,160,GM,-0.0786927896825396,37.0,6.0,True,False
2015-07-13,160,GM,-0.0548069082577475,67.0,7.0,True,False
2015-07-20,160,GM,0.2327981706349206,40.0,6.0,True,False
2015-07-27,160,GM,0.0327179496031746,44.0,7.0,True,False
2015-08-03,160,GM,0.1633286607142857,23.0,7.0,True,False
2015-08-10,160,GM,0.1871220785714286,18.0,6.0,True,False
2015-08-17,160,GM,0.0464151999999999,23.0,5.0,True,False
2015-08-24,160,GM,-0.33915961,17.0,5.0,True,False
2015-08-31,160,GM,-0.0299494984126984,35.0,6.0,True,False
2015-09-07,160,GM,0.0882207666666666,10.0,5.0,True,False
2015-09-14,160,GM,-0.1885529006734006,114.0,6.0,True,False
2015-09-21,160,GM,-0.2116381666666666,10.0,5.0,True,False
2015-09-28,160,GM,0.1440763132653061,38.0,7.0,True,False
2015-10-05,160,GM,-0.0759940416666666,20.0,6.0,True,False
2015-10-12,160,GM,-0.0276150619047619,35.0,7.0,True,False
2015-10-19,160,GM,-0.0079870415834165,82.0,7.0,True,False
2015-10-26,160,GM,0.0182433411576078,71.0,6.0,True,False
2015-11-02,160,GM,0.0089684569444444,46.0,6.0,True,False
2015-11-09,160,GM,-0.0651040952380952,28.0,6.0,True,False
2015-11-16,160,GM,0.1716019866666666,21.0,5.0,True,False
2015-11-23,160,GM,0.0423464611111111,13.0,6.0,True,False
2015-11-30,160,GM,0.0387991333333333,15.0,5.0,True,False
2015-12-07,160,GM,0.1925660329004329,35.0,7.0,True,False
2015-12-14,160,GM,-0.0345524444444444,30.0,6.0,True,False
2015-12-21,160,GM,0.3223594444444445,10.0,6.0,True,False
2015-12-28,160,GM,0.0024745277777777,15.0,6.0,True,False
2016-01-04,160,GM,0.2522628529388354,114.0,7.0,True,False
2016-01-11,160,GM,-0.0402806914682539,85.0,7.0,True,False
2016-01-18,160,GM,0.1036424832167832,85.0,7.0,True,False
2016-01-25,160,GM,0.1761239999999999,32.0,6.0,True,False
2016-02-01,160,GM,0.0880551835741132,101.0,6.0,True,False
2016-02-08,160,GM,-0.1652844556878306,37.0,6.0,True,False
2016-02-15,160,GM,-0.2317336365914786,39.0,7.0,True,False
2016-02-22,160,GM,-0.003081996031746,40.0,6.0,True,False
2016-02-29,160,GM,0.0998399081632653,24.0,7.0,True,False
2016-03-07,160,GM,0.095479414984472,56.0,7.0,True,False
2016-03-14,160,GM,0.1496904293040293,54.0,7.0,True,False
2016-03-21,160,GM,0.2082897261904762,16.0,7.0,True,False
2016-03-28,160,GM,0.0700233467893217,51.0,6.0,True,False
2016-04-04,160,GM,0.0817144337912088,45.0,7.0,True,False
2016-04-11,160,GM,-0.0298459285714285,41.0,7.0,True,False
2016-04-18,160,GM,0.3783656574074074,27.0,6.0,True,False
2016-04-25,160,GM,-0.0967234351851851,24.0,6.0,True,False
2016-05-02,160,GM,0.0411362471001221,35.0,6.0,True,False
2016-05-09,160,GM,-0.1482539993180229,291.0,7.0,True,False
2016-05-16,160,GM,-0.1004354988095238,56.0,7.0,True,False
2016-05-23,160,GM,-0.0125168532347282,44.0,6.0,True,False
2016-05-30,160,GM,0.0981566924242424,36.0,6.0,True,False
2016-06-06,160,GM,0.0503625732323232,46.0,6.0,True,False
2016-06-13,160,GM,0.2889133047619047,27.0,5.0,True,False
2016-06-20,160,GM,0.1078877492063492,35.0,6.0,True,False
2016-06-27,160,GM,-0.0896876488095238,23.0,5.0,True,False
2016-07-04,160,GM,0.1911897363945578,20.0,7.0,True,False
2016-07-11,160,GM,-0.2214610198670377,72.0,7.0,True,False
2016-07-18,160,GM,0.0903644547619047,63.0,7.0,True,False
2016-07-25,160,GM,0.0478702638888888,17.0,6.0,True,False
2016-08-01,160,GM,0.0602544,18.0,5.0,True,False
2016-08-08,160,GM,0.0830814693877551,31.0,7.0,True,False
2016-08-15,160,GM,-0.1300563095238095,35.0,7.0,True,False
2016-08-22,160,GM,-0.118264097041847,75.0,7.0,True,False
2016-08-29,160,GM,0.0897799365079365,33.0,7.0,True,False
2016-09-05,160,GM,0.0591050850638332,87.0,7.0,True,False
2016-09-12,160,GM,-0.0556852714285714,47.0,7.0,True,False
2016-09-19,160,GM,0.1331073596320346,77.0,7.0,True,False
2016-09-26,160,GM,-0.0308925761904761,35.0,7.0,True,False
2016-10-03,160,GM,0.0115328180672268,80.0,7.0,True,False
2016-10-10,160,GM,0.40089405,23.0,6.0,True,False
2016-10-17,160,GM,-0.0211691976190476,30.0,7.0,True,False
2016-10-24,160,GM,0.0122788120279146,64.0,7.0,True,False
2016-10-31,160,GM,-0.0477805011904762,40.0,7.0,True,False
2016-11-07,160,GM,-0.1697409027777777,25.0,6.0,True,False
2016-11-14,160,GM,0.139561875,5.0,2.0,True,False
2016-11-21,160,GM,-0.071942225,16.0,5.0,True,False
2016-11-28,160,GM,-0.0407116746031746,17.0,7.0,True,False
2016-12-05,160,GM,0.002039619047619,15.0,7.0,True,False
2016-12-12,160,GM,0.0697842095238095,39.0,7.0,True,False
2016-12-19,160,GM,-0.4280431532467532,37.0,7.0,True,False
2016-12-26,160,GM,-0.2436309866666667,11.0,5.0,True,False
2017-01-02,160,GM,-0.0451792660714285,116.0,7.0,True,False
2017-01-09,160,GM,0.1159815558213716,59.0,7.0,True,False
2017-01-16,160,GM,0.1165378605820105,107.0,7.0,True,False
2017-01-23,160,GM,0.1430062518518518,34.0,6.0,True,False
2017-01-30,160,GM,0.1355758366013071,47.0,7.0,True,False
2017-02-06,160,GM,0.1103566020737327,56.0,7.0,True,False
2017-02-13,160,GM,-0.0198856566893424,90.0,7.0,True,False
2017-02-20,160,GM,0.0395429324175824,39.0,7.0,True,False
2017-02-27,160,GM,0.1692018656462584,52.0,7.0,True,False
2017-03-06,160,GM,-0.1653395601503759,119.0,7.0,True,False
2017-03-13,160,GM,0.0070734093406593,32.0,7.0,True,False
2017-03-20,160,GM,0.0233923928571428,23.0,7.0,True,False
2017-03-27,160,GM,-0.1435968637566137,39.0,6.0,True,False
2017-04-03,160,GM,0.1435743888888888,47.0,6.0,True,False
2017-04-10,160,GM,0.3888005216862502,74.0,7.0,True,False
2017-04-17,160,GM,-0.1846965880143159,75.0,7.0,True,False
2017-04-24,160,GM,-0.065325326035076,78.0,7.0,True,False
2017-05-01,160,GM,0.0445210337301587,55.0,6.0,True,False
2017-05-08,160,GM,-0.0412115615530303,63.0,6.0,True,False
2017-05-15,160,GM,-0.1989192205445153,146.0,7.0,True,False
2017-05-22,160,GM,-0.3488394821545285,85.0,6.0,True,False
2017-05-29,160,GM,-0.0933648049886621,48.0,7.0,True,False
2017-06-05,160,GM,0.0149152269681376,83.0,7.0,True,False
2017-06-12,160,GM,0.0613378733766233,39.0,7.0,True,False
2017-06-19,160,GM,0.0387399979591836,29.0,7.0,True,False
2017-06-26,160,GM,-0.0026771878854332,67.0,6.0,True,False
2017-07-03,160,GM,-0.0183225218253968,32.0,7.0,True,False
2017-07-10,160,GM,0.0322362412698412,22.0,6.0,True,False
2017-07-17,160,GM,-0.2328406041666666,46.0,6.0,True,False
2017-07-24,160,GM,0.0507769299319727,62.0,7.0,True,False
2017-07-31,160,GM,-0.2230755177736006,56.0,7.0,True,False
2017-08-07,160,GM,0.2057424717171717,37.0,6.0,True,False
2017-08-14,160,GM,0.1549609362637362,29.0,7.0,True,False
2017-08-21,160,GM,0.1863085238095238,15.0,7.0,True,False
2017-08-28,160,GM,0.1375057666666666,11.0,5.0,True,False
2017-09-04,160,GM,-0.0813348125,11.0,4.0,True,False
2017-09-11,160,GM,0.2648873748299319,20.0,7.0,True,False
2017-09-18,160,GM,0.0707143571428571,34.0,7.0,True,False
2017-09-25,160,GM,0.1471876805555555,16.0,6.0,True,False
2017-10-02,160,GM,0.1719871598446196,74.0,7.0,True,False
2017-10-09,160,GM,0.2926776932539683,46.0,6.0,True,False
2017-10-16,160,GM,0.0581364583333333,26.0,6.0,True,False
2017-10-23,160,GM,-0.0873233291666666,69.0,6.0,True,False
2017-10-30,160,GM,-0.3048996477272727,21.0,4.0,True,False
2017-11-06,160,GM,-0.2938755771428571,15.0,5.0,True,False
2017-11-13,160,GM,0.3192777908163265,31.0,7.0,True,False
2017-11-20,160,GM,-0.016225619047619,11.0,7.0,True,False
2017-11-27,160,GM,0.1547564421768707,52.0,7.0,True,False
2017-12-04,160,GM,0.0370430633333333,20.0,5.0,True,False
2017-12-11,160,GM,0.385936357142857,10.0,7.0,True,False
2017-12-18,160,GM,0.0809907638888888,20.0,6.0,True,False
2017-12-25,160,GM,-0.251643325,13.0,5.0,True,False
2018-01-01,160,GM,-0.0805241666666666,16.0,4.0,True,False
2018-01-08,160,GM,0.1240908346000469,54.0,7.0,True,False
2018-01-15,160,GM,0.0743569490929705,38.0,7.0,True,False
2018-01-22,160,GM,-0.1514834285714285,14.0,7.0,True,False
2018-01-29,160,GM,0.31766305,12.0,5.0,True,False
2018-02-05,160,GM,0.0467527424242424,38.0,6.0,True,False
2018-02-12,160,GM,-0.3517605506021756,37.0,6.0,True,False
2018-02-19,160,GM,0.1183917275910364,65.0,6.0,True,False
2018-02-26,160,GM,0.1446275256410256,37.0,6.0,True,False
2018-03-05,160,GM,-0.2520034918367347,44.0,7.0,True,False
2018-03-12,160,GM,0.0308401347222222,45.0,7.0,True,False
2018-03-19,160,GM,0.0342232777777778,18.0,6.0,True,False
2018-03-26,160,GM,0.2118798333333333,13.0,5.0,True,False
2018-04-02,160,GM,0.0878583413365346,39.0,7.0,True,False
2018-04-09,160,GM,-0.0698890138888888,24.0,6.0,True,False
2018-04-16,160,GM,-0.1066017430555555,26.0,6.0,True,False
2018-04-23,160,GM,-0.183071537037037,38.0,6.0,True,False
2018-04-30,160,GM,0.1718321166666666,23.0,5.0,True,False
2018-05-07,160,GM,0.0396752035353535,38.0,6.0,True,False
2018-05-14,160,GM,0.0578967176870748,22.0,7.0,True,False
2018-05-21,160,GM,0.0720171865079365,15.0,6.0,True,False
2018-05-28,160,GM,0.0613821205357142,53.0,7.0,True,False
2018-06-04,160,GM,-0.0144762458333333,50.0,6.0,True,False
2018-06-11,160,GM,0.2361076335470085,67.0,6.0,True,False
2018-06-18,160,GM,0.159878106122449,31.0,7.0,True,False
2018-06-25,160,GM,-0.0498456958041958,51.0,7.0,True,False
2018-07-02,160,GM,0.0389805833333333,24.0,7.0,True,False
2018-07-09,160,GM,-0.0535004333333333,10.0,5.0,True,False
2018-07-16,160,GM,0.1820826333333333,11.0,5.0,True,False
2018-07-23,160,GM,-0.0110966909915481,62.0,7.0,True,False
2018-07-30,160,GM,0.1634321777777777,26.0,6.0,True,False
2018-08-06,160,GM,-0.0454642638888888,20.0,6.0,True,False
2018-08-13,160,GM,0.0722497499999999,7.0,4.0,True,False
2018-08-20,160,GM,0.1068125357142857,14.0,7.0,True,False
2018-08-27,160,GM,0.1876716666666666,12.0,6.0,True,False
2018-09-03,160,GM,-0.109786625,6.0,4.0,True,False
2018-09-10,160,GM,-0.0392667666666666,8.0,5.0,True,False
2018-09-17,160,GM,0.0184058333333333,4.0,3.0,True,False
2018-09-24,160,GM,0.0803064444444444,10.0,3.0,True,False
2018-10-01,160,GM,0.0611143128205128,41.0,5.0,True,False
2018-10-08,160,GM,-0.0528295476190476,14.0,7.0,True,False
2018-10-15,160,GM,0.0087372333333333,13.0,5.0,True,False
2018-10-22,160,GM,-0.0081678107843137,26.0,5.0,True,False
2018-10-29,160,GM,0.3126373419753086,46.0,6.0,True,False
2018-11-05,160,GM,0.2463355,2.0,2.0,True,False
2018-11-12,160,GM,0.782595,1.0,1.0,True,False
2018-11-19,160,GM,-0.3272884444444444,5.0,3.0,True,False
2018-11-26,160,GM,-0.2765247541245464,283.0,7.0,True,False
2018-12-03,160,GM,-0.0816896678271308,85.0,7.0,True,False
2018-12-10,160,GM,0.1331299164705882,72.0,7.0,True,False
2018-12-17,160,GM,-0.0823828418650793,31.0,6.0,True,False
2018-12-24,160,GM,-0.1992000138888888,14.0,6.0,True,False
2018-12-31,160,GM,0.2221559933333333,48.0,7.0,True,False
2019-01-07,160,GM,0.3748342769841269,44.0,7.0,True,False
2019-01-14,160,GM,-0.0381833939393939,39.0,6.0,True,False
2019-01-21,160,GM,-0.0936182428571428,34.0,7.0,True,False
2019-01-28,160,GM,0.0247790699110413,48.0,7.0,True,False
2019-02-04,160,GM,0.0530347048951048,68.0,7.0,True,False
2019-02-11,160,GM,0.3100255986111111,36.0,5.0,True,False
2019-02-18,160,GM,-0.0894145844444444,20.0,5.0,True,False
2019-02-25,160,GM,0.0156587222222222,23.0,7.0,True,False
2019-03-04,160,GM,-0.1381196886446886,53.0,7.0,True,False
2019-03-11,160,GM,-0.0317696053113552,31.0,7.0,True,False
2019-03-18,160,GM,0.1053763067778393,99.0,7.0,True,False
2019-03-25,160,GM,-0.0307836984126984,17.0,7.0,True,False
2019-04-01,160,GM,0.0116228888888888,16.0,6.0,True,False
2019-04-08,160,GM,0.2018415138888889,23.0,6.0,True,False
2019-04-15,160,GM,-0.2082794777777777,19.0,6.0,True,False
2019-04-22,160,GM,0.2860344222222222,16.0,6.0,True,False
2019-04-29,160,GM,0.0221627469696969,33.0,7.0,True,False
2019-05-06,160,GM,-0.1776309000691333,79.0,7.0,True,False
2019-05-13,160,GM,-0.2524065055555555,29.0,6.0,True,False
2019-05-20,160,GM,0.0511371458333333,21.0,4.0,True,False
2019-05-27,160,GM,-0.1238467952380952,38.0,7.0,True,False
2019-06-03,160,GM,-0.0610243614845938,41.0,6.0,True,False
2019-06-10,160,GM,-0.1309903269841269,43.0,7.0,True,False
2019-06-17,160,GM,-0.2764551583333333,18.0,6.0,True,False
2019-06-24,160,GM,-0.1540019388888888,25.0,6.0,True,False
2019-07-01,160,GM,-0.0697396619047619,26.0,6.0,True,False
2019-07-08,160,GM,-0.17519414,12.0,5.0,True,False
2019-07-15,160,GM,0.0838098055555555,23.0,6.0,True,False
2019-07-22,160,GM,0.1504254113095238,27.0,4.0,True,False
2019-07-29,160,GM,0.1192216944444444,37.0,7.0,True,False
2019-08-05,160,GM,-0.2415159899999999,19.0,5.0,True,False
2019-08-12,160,GM,-0.0613298333333333,19.0,7.0,True,False
2019-08-19,160,GM,-0.2490681666666666,8.0,6.0,True,False
2019-08-26,160,GM,0.0588769095238094,27.0,5.0,True,False
2019-09-02,160,GM,-0.0964314848205949,53.0,7.0,True,False
2019-09-09,160,GM,-0.3058874372805248,123.0,7.0,True,False
2019-09-16,160,GM,-0.245829421159885,293.0,7.0,True,False
2019-09-23,160,GM,-0.0986471740987083,117.0,7.0,True,False
2019-09-30,160,GM,-0.1721936141483307,93.0,7.0,True,False
2019-10-07,160,GM,-0.2071398101479357,121.0,7.0,True,False
2019-10-14,160,GM,0.0326544156278579,162.0,7.0,True,False
2019-10-21,160,GM,-0.154540990530303,101.0,7.0,True,False
2019-10-28,160,GM,-0.2604422644669469,86.0,7.0,True,False
2019-11-04,160,GM,-0.1064853363636363,31.0,7.0,True,False
2019-11-11,160,GM,-0.3000019111111111,17.0,5.0,True,False
2019-11-18,160,GM,-0.2218875898101898,93.0,7.0,True,False
2019-11-25,160,GM,0.15750221,13.0,5.0,True,False
2019-12-02,160,GM,-0.0022892692165898,51.0,5.0,True,False
2019-12-09,160,GM,0.2152635357142857,41.0,7.0,True,False
2019-12-16,160,GM,-0.0412041870748299,35.0,7.0,True,False
2019-12-23,160,GM,-0.2661514666666666,7.0,5.0,True,False
2019-12-30,160,GM,-0.0852586388888889,11.0,6.0,True,False
2020-01-06,160,GM,0.0763184141929499,67.0,7.0,True,False
2020-01-13,160,GM,0.0801566345238095,47.0,7.0,True,False
2020-01-20,160,GM,0.0076765189342403,44.0,7.0,True,False
2020-01-27,160,GM,0.3777441714285715,51.0,7.0,True,False
2020-02-03,160,GM,-0.082077511352657,37.0,6.0,True,False
2020-02-10,160,GM,-0.0733126991025641,34.0,5.0,True,False
2020-02-17,160,GM,0.049441299047619,50.0,6.0,True,False
2020-02-24,160,GM,0.3886434771825397,24.0,6.0,True,False
2020-03-02,160,GM,0.2870928380952381,54.0,7.0,True,False
2020-03-09,160,GM,-0.0404224714285714,24.0,7.0,True,False
2020-03-16,160,GM,0.1647080002976191,71.0,7.0,True,False
2020-03-23,160,GM,0.0144900279828785,135.0,7.0,True,False
2020-03-30,160,GM,0.0441516247165532,69.0,7.0,True,False
2020-04-06,160,GM,0.1713259333333333,42.0,6.0,True,False
2020-04-13,160,GM,0.1320826706349206,37.0,7.0,True,False
2020-04-20,160,GM,0.1011639141723356,37.0,7.0,True,False
2020-04-27,160,GM,-0.0898278506493506,52.0,7.0,True,False
2020-05-04,160,GM,0.0626116634835752,44.0,7.0,True,False
2020-05-11,160,GM,0.0738624222222222,32.0,7.0,True,False
2020-05-18,160,GM,0.3527596661616162,38.0,5.0,True,False
2020-05-25,160,GM,0.2578514,11.0,5.0,True,False
2020-06-01,160,GM,0.3273886541666667,30.0,6.0,True,False
2020-06-08,160,GM,0.083869025,33.0,6.0,True,False
2020-06-15,160,GM,0.1349441333333333,23.0,5.0,True,False
2020-06-22,160,GM,0.1848733267676767,54.0,6.0,True,False
2020-06-29,160,GM,0.1195585137600494,48.0,7.0,True,False
2020-07-06,160,GM,-0.2200345708333333,35.0,6.0,True,False
2020-07-13,160,GM,0.1086947537414966,30.0,7.0,True,False
2020-07-20,160,GM,0.1073722999999999,21.0,6.0,True,False
2020-07-27,160,GM,0.2652453216450216,55.0,7.0,True,False
2020-08-03,160,GM,0.0193572162698412,27.0,7.0,True,False
2020-08-10,160,GM,-0.3245172371031746,40.0,6.0,True,False
2020-08-17,160,GM,0.224615002494331,28.0,7.0,True,False
2020-08-24,160,GM,0.0416348095238095,21.0,7.0,True,False
2020-08-31,160,GM,0.1548474141156462,53.0,7.0,True,False
2020-09-07,160,GM,0.1225116221040189,71.0,6.0,True,False
2020-09-14,160,GM,0.1066898848290598,51.0,6.0,True,False
2020-09-21,160,GM,-0.0829911636363636,26.0,5.0,True,False
2020-09-28,160,GM,-0.0150337090277777,48.0,6.0,True,False
2020-10-05,160,GM,0.0086146015873015,20.0,6.0,True,False
2020-10-12,160,GM,0.1146324756410256,23.0,6.0,True,False
2020-10-19,160,GM,0.2668673859770115,81.0,5.0,True,False
2020-10-26,160,GM,0.160816587755102,35.0,7.0,True,False
2020-11-02,160,GM,0.1232393783333333,49.0,5.0,True,False
2020-11-09,160,GM,0.1242486971088435,69.0,7.0,True,False
2020-11-16,160,GM,0.2971491545050125,62.0,6.0,True,False
2020-11-23,160,GM,-0.1297120893357342,72.0,7.0,True,False
2020-11-30,160,GM,-0.0781556649470899,61.0,6.0,True,False
2020-12-07,160,GM,0.0682738809523809,27.0,7.0,True,False
2020-12-14,160,GM,0.3097755221088435,33.0,7.0,True,False
2020-12-21,160,GM,-0.0066700803571428,34.0,6.0,True,False
2020-12-28,160,GM,0.2011079166666666,8.0,4.0,True,False
2021-01-04,160,GM,0.303532858576764,51.0,7.0,True,False
2021-01-11,160,GM,0.3889308459983994,79.0,7.0,True,False
2021-01-18,160,GM,0.165163128066378,57.0,6.0,True,False
2021-01-25,160,GM,0.2488755689886314,76.0,6.0,True,False
2021-02-01,160,GM,-0.077724469217687,39.0,7.0,True,False
2021-02-08,160,GM,0.09008658008658,64.0,7.0,True,False
2021-02-15,160,GM,0.0168123238095238,29.0,7.0,True,False
2021-02-22,160,GM,-0.0672751428571428,23.0,7.0,True,False
2021-03-01,160,GM,0.173069431632653,35.0,7.0,True,False
2021-03-08,160,GM,0.1643223186507936,27.0,6.0,True,False
2021-03-15,160,GM,-0.1943584305337519,72.0,7.0,True,False
2021-03-22,160,GM,-0.0456345976190476,60.0,7.0,True,False
2021-03-29,160,GM,-0.089931162087912,40.0,7.0,True,False
2021-04-05,160,GM,0.1568754555555555,44.0,5.0,True,False
2021-04-12,160,GM,0.1271118445887445,42.0,6.0,True,False
2021-04-19,160,GM,0.3038119765873016,28.0,5.0,True,False
2021-04-26,160,GM,0.3908622205555555,37.0,5.0,True,False
2021-05-03,160,GM,0.1844677499999999,34.0,6.0,True,False
2021-05-10,160,GM,0.1399469238095238,18.0,7.0,True,False
2021-05-17,160,GM,0.554698125,5.0,4.0,True,False
2021-05-24,160,GM,0.2092321238095238,17.0,7.0,True,False
2021-05-31,160,GM,0.2683516964285714,24.0,4.0,True,False
2021-06-07,160,GM,0.2362340748299319,27.0,7.0,True,False
2021-06-14,160,GM,0.2964266106549365,62.0,6.0,True,False
2021-06-21,160,GM,0.0996999285714285,29.0,7.0,True,False
2021-06-28,160,GM,0.3103064990862573,61.0,6.0,True,False
2021-07-05,160,GM,0.0601055231507622,46.0,7.0,True,False
2021-07-12,160,GM,0.1176504199915824,39.0,6.0,True,False
2021-07-19,160,GM,-0.0911133493197279,59.0,7.0,True,False
2021-07-26,160,GM,0.2180406309523809,22.0,7.0,True,False
2021-08-02,160,GM,0.056773454026772,57.0,7.0,True,False
2021-08-09,160,GM,-0.0210212095238095,27.0,7.0,True,False
2021-08-16,160,GM,-0.0213994370748299,47.0,7.0,True,False
2021-08-23,160,GM,0.0738170285714285,40.0,7.0,True,False
2021-08-30,160,GM,0.0134701821485532,45.0,7.0,True,False
2021-09-06,160,GM,-0.0596787954545454,28.0,7.0,True,False
2021-09-13,160,GM,0.1340227953514739,41.0,7.0,True,False
2021-09-20,160,GM,0.3227753190836941,46.0,6.0,True,False
2021-09-27,160,GM,0.2114009992630385,68.0,7.0,True,False
2021-10-04,160,GM,0.3170673024592732,84.0,6.0,True,False
2021-10-11,160,GM,-0.015393574074074,36.0,6.0,True,False
2021-10-18,160,GM,-0.1143980797619047,28.0,7.0,True,False
2021-10-25,160,GM,0.096724785576923,70.0,6.0,True,False
2021-11-01,160,GM,0.2118928749999999,7.0,4.0,True,False
2021-11-08,160,GM,0.2208139944444444,33.0,6.0,True,False
2021-11-15,160,GM,0.0967515833333333,29.0,5.0,True,False
2021-11-22,160,GM,0.277480780952381,18.0,7.0,True,False
2021-11-29,160,GM,0.0961792055555555,36.0,6.0,True,False
2021-12-06,160,GM,0.1506279888888888,32.0,6.0,True,False
2021-12-13,160,GM,-0.0811446119047619,31.0,6.0,True,False
2021-12-20,160,GM,0.3020716285714285,20.0,7.0,True,False
2021-12-27,160,GM,0.4032179166666667,20.0,6.0,True,False
2022-01-03,160,GM,0.2160414730687623,97.0,7.0,True,False
2022-01-10,160,GM,0.1757731652777777,44.0,6.0,True,False
2022-01-17,160,GM,0.3099009265306122,50.0,7.0,True,False
2022-01-24,160,GM,0.2670303130102041,53.0,7.0,True,False
2022-01-31,160,GM,0.2010726472273758,56.0,7.0,True,False
2022-02-07,160,GM,-0.0597504027508439,47.0,6.0,True,False
2022-02-14,160,GM,-0.146516731292517,22.0,7.0,True,False
2022-02-21,160,GM,0.2113275019841269,31.0,7.0,True,False
2022-02-28,160,GM,-0.0866252386621315,39.0,7.0,True,False
2022-03-07,160,GM,0.4697823243589743,23.0,6.0,True,False
2022-03-14,160,GM,0.1708111071428571,25.0,7.0,True,False
2022-03-21,160,GM,0.0228459404761904,37.0,7.0,True,False
2022-03-28,160,GM,0.1097110663265306,46.0,7.0,True,False
2022-04-04,160,GM,0.2748824720557221,53.0,7.0,True,False
2022-04-11,160,GM,-0.0028744,14.0,5.0,True,False
2022-04-18,160,GM,0.1150973944444444,14.0,6.0,True,False
2022-04-25,160,GM,0.0232718734487734,55.0,6.0,True,False
2022-05-02,160,GM,0.1863568055555555,11.0,6.0,True,False
2022-05-09,160,GM,0.0556887749287749,33.0,6.0,True,False
2022-05-16,160,GM,0.0732950541666666,25.0,6.0,True,False
2022-05-23,160,GM,0.1064694880952381,29.0,6.0,True,False
2022-05-30,160,GM,0.0206186893939393,39.0,7.0,True,False
2022-06-06,160,GM,-0.0539044489795918,19.0,7.0,True,False
2022-06-13,160,GM,0.0685678666666666,34.0,6.0,True,False
2022-06-20,160,GM,0.2665307444444444,23.0,6.0,True,False
2022-06-27,160,GM,-0.0768317083333333,56.0,7.0,True,False
2022-07-04,160,GM,-0.1201022295238094,23.0,5.0,True,False
2022-07-11,160,GM,0.1128733047619047,45.0,7.0,True,False
2022-07-18,160,GM,0.0767200306122449,38.0,7.0,True,False
2022-07-25,160,GM,-0.0455284168330773,71.0,6.0,True,False
2022-08-01,160,GM,0.1399148071428571,20.0,7.0,True,False
2022-08-08,160,GM,-0.0428474202380952,31.0,6.0,True,False
2022-08-15,160,GM,0.0641084007309941,45.0,6.0,True,False
2022-08-22,160,GM,0.0773020238095238,20.0,7.0,True,False
2022-08-29,160,GM,0.149535375,19.0,4.0,True,False
2022-09-05,160,GM,0.1864232777777778,24.0,7.0,True,False
2022-09-12,160,GM,0.1986547900837258,38.0,7.0,True,False
2022-09-19,160,GM,0.2741640151515152,52.0,6.0,True,False
2022-09-26,160,GM,-0.0323216944444444,25.0,6.0,True,False
2022-10-03,160,GM,0.2052251388888889,33.0,6.0,True,False
2022-10-10,160,GM,-0.0556576663961039,44.0,7.0,True,False
2022-10-17,160,GM,-0.1028765734126984,39.0,7.0,True,False
2022-10-24,160,GM,0.0664148840404552,116.0,6.0,True,False
2022-10-31,160,GM,0.0054976274376417,55.0,7.0,True,False
2022-11-07,160,GM,0.0453746827838827,46.0,7.0,True,False
2022-11-14,160,GM,0.0676977667800453,51.0,7.0,True,False
2022-11-21,160,GM,-0.1707322999999999,16.0,5.0,True,False
2022-11-28,160,GM,-0.016402256802721,44.0,7.0,True,False
2022-12-05,160,GM,-0.0632346038419913,61.0,7.0,True,False
2022-12-12,160,GM,-0.1344296929102643,48.0,7.0,True,False
2022-12-19,160,GM,-0.0092092050925926,39.0,6.0,True,False
2022-12-26,160,GM,-0.0130027142857142,16.0,7.0,True,False
2023-01-02,160,GM,-0.0748793928571428,54.0,7.0,True,False
2023-01-09,160,GM,-0.0099723166666666,16.0,6.0,True,False
2023-01-16,160,GM,-0.0958800499999999,49.0,7.0,True,False
2023-01-23,160,GM,0.0251425839002267,30.0,7.0,True,False
2023-01-30,160,GM,0.1850556794309121,76.0,7.0,True,False
2023-02-06,160,GM,0.0601576680272108,31.0,7.0,True,False
2023-02-13,160,GM,-0.1556841054421769,27.0,7.0,True,False
2023-02-20,160,GM,0.1927534761904762,21.0,7.0,True,False
2023-02-27,160,GM,-0.1139408414965986,32.0,7.0,True,False
2023-03-06,160,GM,0.0459180001790189,47.0,7.0,True,False
2023-03-13,160,GM,-0.1067899047619047,49.0,7.0,True,False
2023-03-20,160,GM,-0.0531997694444444,36.0,6.0,True,False
2023-03-27,160,GM,0.1757195194444444,34.0,7.0,True,False
2023-04-03,160,GM,0.0104526140066074,67.0,7.0,True,False
2023-04-10,160,GM,0.0148572040816326,24.0,7.0,True,False
2023-04-17,160,GM,-0.225225085600907,30.0,7.0,True,False
2023-04-24,160,GM,-0.0733302769626769,91.0,7.0,True,False
2023-05-01,160,GM,-0.0861986976190476,23.0,6.0,True,False
2023-05-08,160,GM,-0.0902607996031746,29.0,6.0,True,False
2023-05-15,160,GM,-0.1772550999999999,22.0,6.0,True,False
2023-05-22,160,GM,-0.1240018333333333,23.0,6.0,True,False
2023-05-29,160,GM,0.2703510233333334,14.0,5.0,True,False
2023-06-05,160,GM,0.2138687925495557,102.0,7.0,True,False
2023-06-12,160,GM,0.144344375510204,36.0,7.0,True,False
2023-06-19,160,GM,-0.1699844761904762,31.0,7.0,True,False
2023-06-26,160,GM,0.1054112023809523,36.0,7.0,True,False
2023-07-03,160,GM,-0.0091234102040816,21.0,7.0,True,False
2023-07-10,160,GM,0.0375247833333333,26.0,6.0,True,False
2023-07-17,160,GM,0.0467260333333333,31.0,6.0,True,False
2023-07-24,160,GM,-0.0074153939613526,45.0,6.0,True,False
2023-07-31,160,GM,-0.2136117821428571,35.0,7.0,True,False
2023-08-07,160,GM,0.0729778277777777,26.0,6.0,True,False
2023-08-14,160,GM,-0.0162454488435374,53.0,7.0,True,False
2023-08-21,160,GM,-0.1186445801948051,40.0,7.0,True,False
2023-08-28,160,GM,-0.1990813662131519,40.0,7.0,True,False
2023-09-04,160,GM,-0.2196609933333333,46.0,7.0,True,False
2023-09-11,160,GM,-0.1238546946119356,76.0,7.0,True,False
2023-09-18,160,GM,-0.3486551424584888,62.0,7.0,True,False
2023-09-25,160,GM,-0.2713292206349206,50.0,7.0,True,False
2023-10-02,160,GM,-0.1047393854041616,71.0,7.0,True,False
2023-10-09,160,GM,-0.0300754677489177,50.0,7.0,True,False
2023-10-16,160,GM,0.048227888053467,43.0,7.0,True,False
2023-10-23,160,GM,-0.1858862668529746,122.0,7.0,True,False
2023-10-30,160,GM,0.0339782342857142,68.0,7.0,True,False
2023-11-06,160,GM,0.0059852183723196,42.0,6.0,True,False
2023-11-13,160,GM,-0.020922243999131,77.0,6.0,True,False
2023-11-20,160,GM,-0.4605977892857143,32.0,7.0,True,False
2023-11-27,160,GM,0.1397941621100164,55.0,6.0,True,False
2023-12-04,160,GM,-0.0366155119047619,32.0,6.0,True,False
2023-12-11,160,GM,-0.2057587195154985,54.0,7.0,True,False
2023-12-18,160,GM,-0.127371069047619,22.0,7.0,True,False
2023-12-25,160,GM,-0.2387164571428571,23.0,7.0,True,False
2024-01-01,160,GM,0.0165924040816326,23.0,7.0,True,False
2024-01-08,160,GM,-0.0691605337301587,20.0,6.0,True,False
2024-01-15,160,GM,-0.0162736149267399,33.0,7.0,True,False
2024-01-22,160,GM,0.0502984404761904,32.0,7.0,True,False
2024-01-29,160,GM,0.1614910333333333,54.0,6.0,True,False
2024-02-05,160,GM,-0.0142411683673469,24.0,7.0,True,False
2024-02-12,160,GM,0.1054298111111111,18.0,6.0,True,False
2024-02-19,160,GM,-0.2708037976190476,19.0,7.0,True,False
2024-02-26,160,GM,-0.2187486785714285,14.0,7.0,True,False
2024-03-04,160,GM,-0.1228012638888889,25.0,6.0,True,False
2024-03-11,160,GM,-0.337935225,19.0,6.0,True,False
2024-03-18,160,GM,-0.3281548833333333,12.0,5.0,True,False
2024-03-25,160,GM,-0.031664,17.0,7.0,True,False
2024-04-01,160,GM,0.096476975,19.0,6.0,True,False
2024-04-08,160,GM,0.0454955952380952,20.0,7.0,True,False
2024-04-15,160,GM,0.0345128666666666,17.0,5.0,True,False
2024-04-22,160,GM,0.0507684733333333,24.0,5.0,True,False
2024-04-29,160,GM,0.1139024722222222,14.0,6.0,True,False
2024-05-06,160,GM,0.1142513805555555,24.0,6.0,True,False
2024-05-13,160,GM,0.0383770277777777,33.0,5.0,True,False
2024-05-20,160,GM,0.2453675178571428,21.0,7.0,True,False
2024-05-27,160,GM,0.1135347833333333,16.0,6.0,True,False
2024-06-03,160,GM,0.009064738095238,14.0,7.0,True,False
2024-06-10,160,GM,0.2790839126984127,27.0,6.0,True,False
2024-06-17,160,GM,0.07770735,10.0,5.0,True,False
2024-06-24,160,GM,-0.1244767285714285,15.0,7.0,True,False
2024-07-01,160,GM,-0.1118892777777778,32.0,6.0,True,False
2024-07-08,160,GM,0.0187743888888888,12.0,6.0,True,False
2024-07-15,160,GM,-0.02472445,16.0,5.0,True,False
2024-07-22,160,GM,0.0026691394777265,64.0,7.0,True,False
2024-07-29,160,GM,-0.08804855,13.0,5.0,True,False
2024-08-05,160,GM,0.0892243388888889,20.0,6.0,True,False
2024-08-12,160,GM,8.131587301587566e-05,28.0,6.0,True,False
2024-08-19,160,GM,0.0221019199546485,45.0,7.0,True,False
2024-08-26,160,GM,0.1157440272108843,25.0,7.0,True,False
2024-09-02,160,GM,0.0415787499999999,19.0,6.0,True,False
2024-09-09,160,GM,0.1597138758169934,27.0,6.0,True,False
2024-09-16,160,GM,0.1204108959737741,51.0,7.0,True,False
2024-09-23,160,GM,0.0749519694444444,29.0,6.0,True,False
2024-09-30,160,GM,-0.0734989380952381,43.0,7.0,True,False
2024-10-07,160,GM,0.0563502863945578,36.0,7.0,True,False
2024-10-14,160,GM,0.1410286714285714,25.0,7.0,True,False
2024-10-21,160,GM,0.0840374561965811,48.0,6.0,True,False
2024-10-28,160,GM,-0.1313195176190476,21.0,5.0,True,False
2024-11-04,160,GM,0.111028361111111,14.0,6.0,True,False
2024-11-11,160,GM,0.0127355429347826,52.0,7.0,True,False
2024-11-18,160,GM,-0.1560821994047619,24.0,6.0,True,False
2024-11-25,160,GM,0.1104015856994971,53.0,7.0,True,False
2024-12-02,160,GM,0.0489675555040198,55.0,7.0,True,False
2024-12-09,160,GM,-0.0862447297619047,63.0,7.0,True,False
2024-12-16,160,GM,-0.24085396,9.0,5.0,True,False
2024-12-23,160,GM,0.121863875,12.0,6.0,True,False
2024-12-30,160,GM,-0.03264775,22.0,6.0,True,False
2025-01-06,160,GM,-0.0576784285714285,28.0,7.0,True,False
2025-01-13,160,GM,0.0174871695011337,45.0,7.0,True,False
2025-01-20,160,GM,-0.05984303,23.0,5.0,True,False
2025-01-27,160,GM,-0.1373589682539682,62.0,7.0,True,False
2025-02-03,160,GM,-0.1479308958333333,25.0,6.0,True,False
2025-02-10,160,GM,-0.277051469047619,32.0,6.0,True,False
2025-02-17,160,GM,-0.3256460388888889,18.0,6.0,True,False
2025-02-24,160,GM,0.0647246981481481,27.0,6.0,True,False
2025-03-03,160,GM,-0.0192797738095238,33.0,7.0,True,False
2025-03-10,160,GM,-0.0062189523809523,19.0,7.0,True,False
2025-03-17,160,GM,-0.2295189666666666,38.0,7.0,True,False
2025-03-24,160,GM,-0.1371230238095238,38.0,7.0,True,False
2025-03-31,160,GM,-0.0648700061224489,34.0,7.0,True,False
2025-04-07,160,GM,-0.3024516186507937,43.0,7.0,True,False
2025-04-14,160,GM,-0.1089285047619047,27.0,7.0,True,False
2025-04-21,160,GM,0.0645841417929292,43.0,6.0,True,False
2025-04-28,160,GM,-0.107748496031746,83.0,7.0,True,False
2025-05-05,160,GM,-0.146700987755102,32.0,7.0,True,False
2025-05-12,160,GM,0.1409489372294372,29.0,7.0,True,False
2025-05-19,160,GM,0.090047442063492,31.0,7.0,True,False
2025-05-26,160,GM,0.3563157936507936,24.0,6.0,True,False
2025-06-02,160,GM,0.2112499,21.0,7.0,True,False
2025-06-09,160,GM,0.357697146031746,48.0,7.0,True,False
2025-06-16,160,GM,0.2253686809523809,20.0,7.0,True,False
2025-06-23,160,GM,-0.2103877244897959,26.0,7.0,True,False
2025-06-30,160,GM,0.0108609694444444,30.0,6.0,True,False
2025-07-07,160,GM,-0.0581031055555555,17.0,6.0,True,False
2025-07-14,160,GM,-0.058326467099567,41.0,7.0,True,False
2025-07-21,160,GM,0.0345206176154672,61.0,7.0,True,False
2025-07-28,160,GM,0.2607415573870573,37.0,6.0,True,False
2025-08-04,160,GM,0.0877488927025355,37.0,7.0,True,False
2025-08-11,160,GM,0.1633481952380952,22.0,7.0,True,False
2025-08-18,160,GM,0.2717079999999999,14.0,7.0,True,False
2025-08-25,160,GM,0.0855094666666666,20.0,7.0,True,False
2025-09-01,160,GM,-0.0330434023809523,35.0,7.0,True,False
2025-09-08,160,GM,-0.1836177761904762,18.0,7.0,True,False
2025-09-15,160,GM,0.1323701142857142,19.0,7.0,True,False
2025-09-22,160,GM,0.0189142484126984,28.0,6.0,True,False
2025-09-29,160,GM,0.1805639768089053,32.0,7.0,True,False
2025-10-06,160,GM,0.0081082523809523,27.0,7.0,True,False
2025-10-13,160,GM,-0.0138953144841269,42.0,6.0,True,False
2025-10-20,160,GM,-0.0636886400283624,93.0,7.0,True,False
2025-10-27,160,GM,-0.3242857992063492,55.0,6.0,True,False
2025-11-03,160,GM,0.0724943571428571,26.0,7.0,True,False
2025-11-10,160,GM,-0.1587052,18.0,5.0,True,False
2025-11-17,160,GM,-0.1836241333333333,13.0,5.0,True,False
2025-11-24,160,GM,-0.2480983194444443,12.0,6.0,True,False
2025-12-01,160,GM,0.0664633,6.0,5.0,True,False
2025-12-08,160,GM,0.0372091,8.0,5.0,True,False
2025-12-15,160,GM,-0.1070766666666667,13.0,6.0,True,False
2025-12-22,160,GM,-0.197045125,6.0,4.0,True,False
2025-12-29,160,GM,0.064117,2.0,2.0,True,False
2015-01-05,39,GS,-0.1038800295918367,29.0,7.0,True,False
2015-01-12,39,GS,-0.2264474202741702,48.0,6.0,True,False
2015-01-19,39,GS,0.0083131944444444,17.0,6.0,True,False
2015-01-26,39,GS,0.1915164999999999,4.0,4.0,True,False
2015-02-02,39,GS,0.0287439455782312,37.0,7.0,True,False
2015-02-09,39,GS,0.148933725,14.0,4.0,True,False
2015-02-16,39,GS,0.0056669333333333,16.0,5.0,True,False
2015-02-23,39,GS,0.0438243928571428,18.0,7.0,True,False
2015-03-02,39,GS,0.0428448476190476,19.0,5.0,True,False
2015-03-09,39,GS,-0.2486622222222222,17.0,6.0,True,False
2015-03-16,39,GS,-0.03382345,17.0,5.0,True,False
2015-03-23,39,GS,-0.1317779066666667,19.0,5.0,True,False
2015-03-30,39,GS,-0.2766423333333333,10.0,6.0,True,False
2015-04-06,39,GS,0.02802212,16.0,5.0,True,False
2015-04-13,39,GS,0.0697673257575757,33.0,6.0,True,False
2015-04-20,39,GS,-0.12476065,19.0,5.0,True,False
2015-04-27,39,GS,-0.0392810601473922,37.0,7.0,True,False
2015-05-04,39,GS,-0.1303172037037037,30.0,6.0,True,False
2015-05-11,39,GS,0.117403683076923,27.0,5.0,True,False
2015-05-18,39,GS,0.0991246333333333,25.0,7.0,True,False
2015-05-25,39,GS,0.1753716222222222,33.0,6.0,True,False
2015-06-01,39,GS,-0.0961538277777777,25.0,6.0,True,False
2015-06-08,39,GS,-0.2219115833333333,6.0,4.0,True,False
2015-06-15,39,GS,-0.0674488759259259,25.0,6.0,True,False
2015-06-22,39,GS,-0.0654749047619047,22.0,7.0,True,False
2015-06-29,39,GS,-0.1854485742857143,22.0,5.0,True,False
2015-07-06,39,GS,-0.3056710333333333,27.0,6.0,True,False
2015-07-13,39,GS,0.0546293194444444,45.0,6.0,True,False
2015-07-20,39,GS,-0.0587816638888889,19.0,6.0,True,False
2015-07-27,39,GS,0.046626225,18.0,5.0,True,False
2015-08-03,39,GS,-0.1167463404761904,24.0,7.0,True,False
2015-08-10,39,GS,-0.0797083555555555,31.0,6.0,True,False
2015-08-17,39,GS,-0.0913184166666666,31.0,5.0,True,False
2015-08-24,39,GS,-0.2757519583333333,13.0,4.0,True,False
2015-08-31,39,GS,-0.0124395,8.0,7.0,True,False
2015-09-07,39,GS,-0.008301237605042,40.0,7.0,True,False
2015-09-14,39,GS,0.0535012421150278,37.0,7.0,True,False
2015-09-21,39,GS,0.0300425173333333,36.0,5.0,True,False
2015-09-28,39,GS,-0.1393784833333333,17.0,6.0,True,False
2015-10-05,39,GS,0.1581079285714285,16.0,7.0,True,False
2015-10-12,39,GS,-0.217654394017094,58.0,7.0,True,False
2015-10-19,39,GS,0.1331958678571428,22.0,5.0,True,False
2015-10-26,39,GS,-0.4005565607142857,23.0,4.0,True,False
2015-11-02,39,GS,-0.1930603476190476,25.0,7.0,True,False
2015-11-09,39,GS,-0.2103127638888889,32.0,6.0,True,False
2015-11-16,39,GS,-0.1212453238095238,29.0,6.0,True,False
2015-11-23,39,GS,0.0195611666666666,10.0,5.0,True,False
2015-11-30,39,GS,-0.0188008952380952,24.0,7.0,True,False
2015-12-07,39,GS,0.0776135,18.0,4.0,True,False
2015-12-14,39,GS,0.0090563899999999,18.0,5.0,True,False
2015-12-21,39,GS,0.0340465555555555,5.0,3.0,True,False
2015-12-28,39,GS,-0.2218563,6.0,5.0,True,False
2016-01-04,39,GS,0.1068814476190476,28.0,6.0,True,False
2016-01-11,39,GS,-0.123379119773084,104.0,7.0,True,False
2016-01-18,39,GS,0.0015999177721088,60.0,7.0,True,False
2016-01-25,39,GS,-0.1719555890909091,29.0,5.0,True,False
2016-02-01,39,GS,-0.2972964341283716,66.0,7.0,True,False
2016-02-08,39,GS,-0.2546456655982905,51.0,6.0,True,False
2016-02-15,39,GS,-0.0420346805555555,21.0,6.0,True,False
2016-02-22,39,GS,-0.1654751166666666,21.0,6.0,True,False
2016-02-29,39,GS,-0.0950215848484848,37.0,7.0,True,False
2016-03-07,39,GS,-0.2100964555555555,30.0,6.0,True,False
2016-03-14,39,GS,-0.0382012108843537,26.0,7.0,True,False
2016-03-21,39,GS,-0.1728474196428571,21.0,4.0,True,False
2016-03-28,39,GS,-0.2127439444444444,8.0,3.0,True,False
2016-04-04,39,GS,-0.3152087833333333,20.0,6.0,True,False
2016-04-11,39,GS,-0.2884276558622492,69.0,7.0,True,False
2016-04-18,39,GS,-0.2334901422222222,42.0,6.0,True,False
2016-04-25,39,GS,-0.013268005050505,31.0,6.0,True,False
2016-05-02,39,GS,0.0029521314102564,46.0,6.0,True,False
2016-05-09,39,GS,0.0224821996031746,36.0,6.0,True,False
2016-05-16,39,GS,0.0756355009990662,52.0,5.0,True,False
2016-05-23,39,GS,-0.0648524,36.0,6.0,True,False
2016-05-30,39,GS,0.2125837479591837,30.0,7.0,True,False
2016-06-06,39,GS,-0.0508102605555555,34.0,5.0,True,False
2016-06-13,39,GS,-0.3742022297619047,43.0,6.0,True,False
2016-06-20,39,GS,-0.1547358904761904,25.0,7.0,True,False
2016-06-27,39,GS,-0.3604193148148147,26.0,6.0,True,False
2016-07-04,39,GS,-0.1237525122448979,26.0,7.0,True,False
2016-07-11,39,GS,-0.1499681083333333,28.0,5.0,True,False
2016-07-18,39,GS,-0.0220534023809523,45.0,5.0,True,False
2016-07-25,39,GS,-0.440515253432282,41.0,7.0,True,False
2016-08-01,39,GS,-0.1993554782828282,45.0,6.0,True,False
2016-08-08,39,GS,0.2063259,18.0,5.0,True,False
2016-08-15,39,GS,-0.1412830785714285,25.0,6.0,True,False
2016-08-22,39,GS,0.0829261083333333,29.0,6.0,True,False
2016-08-29,39,GS,0.0974423888888889,15.0,6.0,True,False
2016-09-05,39,GS,-0.3313369448529412,31.0,4.0,True,False
2016-09-12,39,GS,-0.3613038166666666,14.0,5.0,True,False
2016-09-19,39,GS,-0.2684479096320346,51.0,7.0,True,False
2016-09-26,39,GS,-0.1408950452380952,36.0,7.0,True,False
2016-10-03,39,GS,-0.0792627662037037,28.0,6.0,True,False
2016-10-10,39,GS,-0.1208209666299853,73.0,7.0,True,False
2016-10-17,39,GS,-0.0143363019480519,65.0,7.0,True,False
2016-10-24,39,GS,-0.1148499362859363,36.0,5.0,True,False
2016-10-31,39,GS,-0.1230415317460317,19.0,6.0,True,False
2016-11-07,39,GS,0.1446946722222222,46.0,6.0,True,False
2016-11-14,39,GS,-0.0005536809523809,34.0,5.0,True,False
2016-11-21,39,GS,0.2940949305555555,20.0,6.0,True,False
2016-11-28,39,GS,-0.0145605254855565,60.0,7.0,True,False
2016-12-05,39,GS,0.199132071603128,49.0,6.0,True,False
2016-12-12,39,GS,-0.1127178120300751,68.0,7.0,True,False
2016-12-19,39,GS,-0.3600290539682539,41.0,6.0,True,False
2016-12-26,39,GS,-0.1501333,8.0,5.0,True,False
2017-01-02,39,GS,0.2864840587301587,21.0,6.0,True,False
2017-01-09,39,GS,-0.0008415216727716,51.0,6.0,True,False
2017-01-16,39,GS,0.0826852870748299,68.0,7.0,True,False
2017-01-23,39,GS,0.1306471087301587,47.0,7.0,True,False
2017-01-30,39,GS,-0.2049306906565656,53.0,6.0,True,False
2017-02-06,39,GS,-0.1293364821036106,39.0,7.0,True,False
2017-02-13,39,GS,-0.0300913254398827,58.0,6.0,True,False
2017-02-20,39,GS,-0.0360469261904761,24.0,6.0,True,False
2017-02-27,39,GS,0.0890856666666666,25.0,6.0,True,False
2017-03-06,39,GS,0.1776371944444444,16.0,6.0,True,False
2017-03-13,39,GS,0.0169009501262626,43.0,6.0,True,False
2017-03-20,39,GS,-0.0660247601010101,31.0,6.0,True,False
2017-03-27,39,GS,0.0853757963804713,44.0,6.0,True,False
2017-04-03,39,GS,0.0536648928571428,29.0,7.0,True,False
2017-04-10,39,GS,0.1828463993464052,30.0,6.0,True,False
2017-04-17,39,GS,-0.0604584461784713,65.0,7.0,True,False
2017-04-24,39,GS,0.13540309,22.0,5.0,True,False
2017-05-01,39,GS,-0.2184913505892256,28.0,6.0,True,False
2017-05-08,39,GS,0.1294755458333333,32.0,6.0,True,False
2017-05-15,39,GS,-0.1550836033333333,18.0,5.0,True,False
2017-05-22,39,GS,-0.0732991241025641,31.0,5.0,True,False
2017-05-29,39,GS,-0.3839052631313131,49.0,6.0,True,False
2017-06-05,39,GS,-0.0211661666666666,32.0,7.0,True,False
2017-06-12,39,GS,0.0622687301587301,29.0,6.0,True,False
2017-06-19,39,GS,0.2872176987433862,36.0,6.0,True,False
2017-06-26,39,GS,-0.2328775126984127,22.0,6.0,True,False
2017-07-03,39,GS,0.0868230928571428,26.0,7.0,True,False
2017-07-10,39,GS,0.1205732502041609,50.0,7.0,True,False
2017-07-17,39,GS,-0.0012311935425685,68.0,6.0,True,False
2017-07-24,39,GS,0.043238695027195,45.0,6.0,True,False
2017-07-31,39,GS,-0.0399020944444444,28.0,6.0,True,False
2017-08-07,39,GS,-0.1067233357142856,22.0,5.0,True,False
2017-08-14,39,GS,-0.1100552522675736,55.0,7.0,True,False
2017-08-21,39,GS,-0.0588757261904761,17.0,6.0,True,False
2017-08-28,39,GS,0.1751924305555555,13.0,6.0,True,False
2017-09-04,39,GS,0.0525089619047619,23.0,7.0,True,False
2017-09-11,39,GS,0.14481049,24.0,5.0,True,False
2017-09-18,39,GS,-0.1265782471428571,22.0,5.0,True,False
2017-09-25,39,GS,-0.2498626875,10.0,4.0,True,False
2017-10-02,39,GS,-0.0363617976190476,34.0,7.0,True,False
2017-10-09,39,GS,0.1254350277777778,28.0,6.0,True,False
2017-10-16,39,GS,0.0182379114035087,39.0,6.0,True,False
2017-10-23,39,GS,0.0394620805555555,28.0,6.0,True,False
2017-10-30,39,GS,0.156170044217687,20.0,7.0,True,False
2017-11-06,39,GS,-0.0041030805555555,45.0,6.0,True,False
2017-11-13,39,GS,-0.023349038095238,31.0,7.0,True,False
2017-11-20,39,GS,0.1924179833333333,16.0,4.0,True,False
2017-11-27,39,GS,0.1268829835085549,39.0,7.0,True,False
2017-12-04,39,GS,0.1207986553287981,32.0,7.0,True,False
2017-12-11,39,GS,0.1433096597222222,20.0,6.0,True,False
2017-12-18,39,GS,0.0343991437074829,31.0,7.0,True,False
2017-12-25,39,GS,-0.2414000380434782,28.0,4.0,True,False
2018-01-01,39,GS,0.1578717108843537,18.0,7.0,True,False
2018-01-08,39,GS,0.116394273015873,44.0,6.0,True,False
2018-01-15,39,GS,-0.0490556327270038,52.0,7.0,True,False
2018-01-22,39,GS,-0.0169566955782312,29.0,7.0,True,False
2018-01-29,39,GS,-0.0654924299319727,27.0,7.0,True,False
2018-02-05,39,GS,0.0059375950448361,45.0,7.0,True,False
2018-02-12,39,GS,0.0850441666666666,18.0,5.0,True,False
2018-02-19,39,GS,0.1203887555555555,27.0,6.0,True,False
2018-02-26,39,GS,-0.1994168432539682,35.0,6.0,True,False
2018-03-05,39,GS,-0.2712226243386244,41.0,6.0,True,False
2018-03-12,39,GS,-0.0949061621118012,58.0,7.0,True,False
2018-03-19,39,GS,-0.0655919115079364,41.0,6.0,True,False
2018-03-26,39,GS,-0.21811685,21.0,6.0,True,False
2018-04-02,39,GS,-0.0968202837301587,20.0,6.0,True,False
2018-04-09,39,GS,0.0132739761904762,18.0,7.0,True,False
2018-04-16,39,GS,0.1936371324786324,36.0,6.0,True,False
2018-04-23,39,GS,-0.0790545204081632,27.0,7.0,True,False
2018-04-30,39,GS,-0.1170391874999999,32.0,6.0,True,False
2018-05-07,39,GS,0.1354949183006536,43.0,7.0,True,False
2018-05-14,39,GS,0.0862069949494949,38.0,6.0,True,False
2018-05-21,39,GS,0.0504641198412698,23.0,6.0,True,False
2018-05-28,39,GS,-0.1946095055555555,24.0,5.0,True,False
2018-06-04,39,GS,-0.1845400899470899,33.0,6.0,True,False
2018-06-11,39,GS,0.0451770357142857,15.0,7.0,True,False
2018-06-18,39,GS,0.1430024571428571,31.0,5.0,True,False
2018-06-25,39,GS,0.1912429727891156,18.0,7.0,True,False
2018-07-02,39,GS,0.0063602047619047,20.0,7.0,True,False
2018-07-09,39,GS,-0.3013066547619048,32.0,7.0,True,False
2018-07-16,39,GS,0.0592074379587803,86.0,7.0,True,False
2018-07-23,39,GS,0.007043625,24.0,7.0,True,False
2018-07-30,39,GS,-0.038309994047619,23.0,7.0,True,False
2018-08-06,39,GS,-0.1890498266666666,21.0,5.0,True,False
2018-08-13,39,GS,-0.0040171785714285,20.0,7.0,True,False
2018-08-20,39,GS,0.2074227777777777,23.0,6.0,True,False
2018-08-27,39,GS,0.0673148944444444,21.0,6.0,True,False
2018-09-03,39,GS,-0.2120001142857142,20.0,5.0,True,False
2018-09-10,39,GS,-0.1759157142857143,8.0,7.0,True,False
2018-09-17,39,GS,0.1309649066666666,18.0,5.0,True,False
2018-09-24,39,GS,-0.1124260833333333,8.0,6.0,True,False
2018-10-01,39,GS,-0.0041172142857142,16.0,7.0,True,False
2018-10-08,39,GS,-0.071470054563492,29.0,6.0,True,False
2018-10-15,39,GS,-0.039489765079365,43.0,6.0,True,False
2018-10-22,39,GS,0.1090516199999999,22.0,5.0,True,False
2018-10-29,39,GS,-0.0756898611111111,23.0,5.0,True,False
2018-11-05,39,GS,-0.3631612857142857,10.0,4.0,True,False
2018-11-12,39,GS,-0.4249946142857142,19.0,7.0,True,False
2018-11-19,39,GS,-0.0751309933333333,16.0,5.0,True,False
2018-11-26,39,GS,0.1149850611111111,13.0,6.0,True,False
2018-12-03,39,GS,0.1033322857142857,18.0,7.0,True,False
2018-12-10,39,GS,0.0549229047619047,21.0,7.0,True,False
2018-12-17,39,GS,-0.6538172699430199,69.0,6.0,True,False
2018-12-24,39,GS,-0.0034802277777777,13.0,6.0,True,False
2018-12-31,39,GS,-0.1248656,8.0,5.0,True,False
2019-01-07,39,GS,-0.2467332523809524,24.0,7.0,True,False
2019-01-14,39,GS,-0.0382403664983165,43.0,6.0,True,False
2019-01-21,39,GS,-0.0603292388888888,13.0,6.0,True,False
2019-01-28,39,GS,-0.1674741151753009,39.0,7.0,True,False
2019-02-04,39,GS,0.0561444737786023,39.0,7.0,True,False
2019-02-11,39,GS,0.0586016166666666,30.0,6.0,True,False
2019-02-18,39,GS,-0.0902657057142857,29.0,5.0,True,False
2019-02-25,39,GS,-0.0602844708994709,22.0,6.0,True,False
2019-03-04,39,GS,0.0278994615384615,38.0,6.0,True,False
2019-03-11,39,GS,-0.1889154261904762,30.0,4.0,True,False
2019-03-18,39,GS,0.2275124271708684,30.0,5.0,True,False
2019-03-25,39,GS,0.0740909236111111,44.0,6.0,True,False
2019-04-01,39,GS,0.0325211333333333,19.0,5.0,True,False
2019-04-08,39,GS,-0.0985336249999999,28.0,6.0,True,False
2019-04-15,39,GS,0.0023665328407225,54.0,6.0,True,False
2019-04-22,39,GS,-0.2374112363636363,36.0,5.0,True,False
2019-04-29,39,GS,0.0064415555555555,24.0,6.0,True,False
2019-05-06,39,GS,-0.0726881388888888,26.0,6.0,True,False
2019-05-13,39,GS,0.1499854570175438,44.0,6.0,True,False
2019-05-20,39,GS,-0.1220351111111111,27.0,6.0,True,False
2019-05-27,39,GS,0.1349556095238095,16.0,7.0,True,False
2019-06-03,39,GS,-0.0117252095238095,32.0,6.0,True,False
2019-06-10,39,GS,0.1038864749999999,25.0,7.0,True,False
2019-06-17,39,GS,-0.0503930266666666,21.0,5.0,True,False
2019-06-24,39,GS,0.052301494047619,21.0,6.0,True,False
2019-07-01,39,GS,0.250781,6.0,4.0,True,False
2019-07-08,39,GS,-0.0228498333333333,23.0,6.0,True,False
2019-07-15,39,GS,0.0395235928571428,23.0,6.0,True,False
2019-07-22,39,GS,0.0532296277777777,28.0,6.0,True,False
2019-07-29,39,GS,0.055549,15.0,6.0,True,False
2019-08-05,39,GS,-0.1817249314935065,54.0,7.0,True,False
2019-08-12,39,GS,-0.0182151931818181,22.0,4.0,True,False
2019-08-19,39,GS,0.2322885571428571,18.0,5.0,True,False
2019-08-26,39,GS,-0.0673086111111111,20.0,6.0,True,False
2019-09-02,39,GS,-0.0722362579365079,32.0,7.0,True,False
2019-09-09,39,GS,-0.1977400748196248,65.0,7.0,True,False
2019-09-16,39,GS,0.1337758933333333,22.0,5.0,True,False
2019-09-23,39,GS,-0.0554558888888888,16.0,6.0,True,False
2019-09-30,39,GS,-0.0399435509259259,23.0,6.0,True,False
2019-10-07,39,GS,0.1103428214285714,28.0,7.0,True,False
2019-10-14,39,GS,0.0044489148809523,38.0,6.0,True,False
2019-10-21,39,GS,-0.0958188571428571,27.0,5.0,True,False
2019-10-28,39,GS,0.0431327476190476,20.0,7.0,True,False
2019-11-04,39,GS,0.1691083333333333,22.0,7.0,True,False
2019-11-11,39,GS,-0.3778041272727273,35.0,6.0,True,False
2019-11-18,39,GS,0.1619694657142857,16.0,5.0,True,False
2019-11-25,39,GS,0.1079762866666666,22.0,5.0,True,False
2019-12-02,39,GS,0.2816608643990929,42.0,7.0,True,False
2019-12-09,39,GS,0.0109559791666666,31.0,6.0,True,False
2019-12-16,39,GS,-0.0803245721088435,48.0,7.0,True,False
2019-12-23,39,GS,-0.3455225,10.0,3.0,True,False
2019-12-30,39,GS,0.2330332333333333,13.0,5.0,True,False
2020-01-06,39,GS,-0.0491601071428571,29.0,6.0,True,False
2020-01-13,39,GS,0.0717508071428571,41.0,7.0,True,False
2020-01-20,39,GS,-0.1586597514739229,29.0,7.0,True,False
2020-01-27,39,GS,0.1530431388888889,23.0,6.0,True,False
2020-02-03,39,GS,-0.1348671177849928,32.0,6.0,True,False
2020-02-10,39,GS,0.1406267521929824,39.0,6.0,True,False
2020-02-17,39,GS,0.0291044687499999,17.0,4.0,True,False
2020-02-24,39,GS,-0.1781218518518518,32.0,6.0,True,False
2020-03-02,39,GS,-0.0907210683760683,27.0,6.0,True,False
2020-03-09,39,GS,0.0710918726190476,32.0,6.0,True,False
2020-03-16,39,GS,-0.0644013534313725,45.0,7.0,True,False
2020-03-23,39,GS,0.1043939305555555,32.0,6.0,True,False
2020-03-30,39,GS,-0.0515390028344671,44.0,7.0,True,False
2020-04-06,39,GS,0.0389797324999999,44.0,5.0,True,False
2020-04-13,39,GS,-0.0738762812950938,63.0,6.0,True,False
2020-04-20,39,GS,-0.0430444962962962,22.0,6.0,True,False
2020-04-27,39,GS,0.2203442476190476,29.0,7.0,True,False
2020-05-04,39,GS,0.0429379533333333,39.0,5.0,True,False
2020-05-11,39,GS,-0.0344595555555555,46.0,7.0,True,False
2020-05-18,39,GS,0.1073013306547619,53.0,6.0,True,False
2020-05-25,39,GS,-0.0351466180555555,25.0,6.0,True,False
2020-06-01,39,GS,-0.1285878081632653,34.0,7.0,True,False
2020-06-08,39,GS,-0.0167971179894179,28.0,6.0,True,False
2020-06-15,39,GS,-0.0403591666666666,21.0,6.0,True,False
2020-06-22,39,GS,-0.0554689174603174,20.0,6.0,True,False
2020-06-29,39,GS,0.0731291071428571,24.0,7.0,True,False
2020-07-06,39,GS,0.09307235,12.0,5.0,True,False
2020-07-13,39,GS,0.2274404745421245,42.0,5.0,True,False
2020-07-20,39,GS,-0.1150311333333333,19.0,5.0,True,False
2020-07-27,39,GS,0.18245544,11.0,5.0,True,False
2020-08-03,39,GS,0.0559119309523809,22.0,7.0,True,False
2020-08-10,39,GS,0.0869916947089947,30.0,6.0,True,False
2020-08-17,39,GS,0.1668756071428571,21.0,7.0,True,False
2020-08-24,39,GS,0.2211163214285714,25.0,7.0,True,False
2020-08-31,39,GS,0.0225155039682539,34.0,7.0,True,False
2020-09-07,39,GS,0.1516174795918367,48.0,7.0,True,False
2020-09-14,39,GS,0.1925043857142857,22.0,7.0,True,False
2020-09-21,39,GS,0.1371879047619048,32.0,5.0,True,False
2020-09-28,39,GS,0.1247578452380952,38.0,7.0,True,False
2020-10-05,39,GS,0.1904626322222222,48.0,5.0,True,False
2020-10-12,39,GS,0.0868582252525252,56.0,7.0,True,False
2020-10-19,39,GS,-0.4174662787698412,78.0,7.0,True,False
2020-10-26,39,GS,0.0829940027777777,28.0,6.0,True,False
2020-11-02,39,GS,0.0357111768707483,27.0,7.0,True,False
2020-11-09,39,GS,0.4003186898148148,26.0,6.0,True,False
2020-11-16,39,GS,0.0442876087962963,28.0,6.0,True,False
2020-11-23,39,GS,0.1415873833333333,13.0,5.0,True,False
2020-11-30,39,GS,0.0129355277777777,34.0,6.0,True,False
2020-12-07,39,GS,0.1060877397047396,37.0,6.0,True,False
2020-12-14,39,GS,-0.0106921083333333,16.0,6.0,True,False
2020-12-21,39,GS,-0.0941350555555555,6.0,3.0,True,False
2020-12-28,39,GS,0.2599151444444444,16.0,4.0,True,False
2021-01-04,39,GS,0.1357669428571428,23.0,6.0,True,False
2021-01-11,39,GS,0.2485152333333333,17.0,7.0,True,False
2021-01-18,39,GS,0.171510369090909,37.0,5.0,True,False
2021-01-25,39,GS,-0.3087288976190476,25.0,5.0,True,False
2021-02-01,39,GS,0.1321343547619047,28.0,6.0,True,False
2021-02-08,39,GS,0.2075285624999999,21.0,6.0,True,False
2021-02-15,39,GS,0.0992299659090909,19.0,4.0,True,False
2021-02-22,39,GS,0.0671835999999999,22.0,5.0,True,False
2021-03-01,39,GS,-0.0155067995014245,33.0,6.0,True,False
2021-03-08,39,GS,0.2698369138888888,31.0,6.0,True,False
2021-03-15,39,GS,0.038397564520202,33.0,6.0,True,False
2021-03-22,39,GS,-0.0599804583333333,28.0,7.0,True,False
2021-03-29,39,GS,-0.1308484693877551,24.0,7.0,True,False
2021-04-05,39,GS,0.17593925,13.0,4.0,True,False
2021-04-12,39,GS,-0.0007647442424242,47.0,5.0,True,False
2021-04-19,39,GS,0.0690552999999999,20.0,4.0,True,False
2021-04-26,39,GS,0.0233431695156695,32.0,6.0,True,False
2021-05-03,39,GS,0.0154310111111111,37.0,5.0,True,False
2021-05-10,39,GS,-0.0880075682539682,24.0,6.0,True,False
2021-05-17,39,GS,0.1146642133333333,23.0,5.0,True,False
2021-05-24,39,GS,0.1321647988095238,23.0,6.0,True,False
2021-05-31,39,GS,0.0978617175925926,30.0,6.0,True,False
2021-06-07,39,GS,0.3217648541666666,32.0,6.0,True,False
2021-06-14,39,GS,0.142362,19.0,5.0,True,False
2021-06-21,39,GS,0.1403018459706959,30.0,7.0,True,False
2021-06-28,39,GS,0.3548387166666666,16.0,5.0,True,False
2021-07-05,39,GS,0.1076135698979591,29.0,7.0,True,False
2021-07-12,39,GS,0.3383098082417582,47.0,7.0,True,False
2021-07-19,39,GS,0.0381368785714285,30.0,7.0,True,False
2021-07-26,39,GS,0.1004684999999999,18.0,7.0,True,False
2021-08-02,39,GS,-0.0107555597222222,23.0,6.0,True,False
2021-08-09,39,GS,0.3097712666666666,13.0,5.0,True,False
2021-08-16,39,GS,-0.0932692,11.0,5.0,True,False
2021-08-23,39,GS,0.1979388571428571,15.0,7.0,True,False
2021-08-30,39,GS,0.0156374583333333,18.0,6.0,True,False
2021-09-06,39,GS,0.1348886847222222,27.0,6.0,True,False
2021-09-13,39,GS,0.1433068029100529,44.0,6.0,True,False
2021-09-20,39,GS,0.141466738095238,23.0,7.0,True,False
2021-09-27,39,GS,0.0427493833333333,27.0,5.0,True,False
2021-10-04,39,GS,-0.1734384365079365,20.0,7.0,True,False
2021-10-11,39,GS,0.2606843378787879,46.0,6.0,True,False
2021-10-18,39,GS,0.2228916825396825,28.0,7.0,True,False
2021-10-25,39,GS,0.0723098825396825,22.0,5.0,True,False
2021-11-01,39,GS,0.3057616833333333,14.0,6.0,True,False
2021-11-08,39,GS,-8.583333333334978e-06,24.0,6.0,True,False
2021-11-15,39,GS,0.0114917916666666,21.0,4.0,True,False
2021-11-22,39,GS,0.2663141095238095,18.0,5.0,True,False
2021-11-29,39,GS,0.0768846510204081,37.0,7.0,True,False
2021-12-06,39,GS,0.1667781964285714,24.0,7.0,True,False
2021-12-13,39,GS,-0.2356993333333333,16.0,5.0,True,False
2021-12-20,39,GS,-0.2640314761904762,21.0,3.0,True,False
2021-12-27,39,GS,0.1098981166666666,14.0,5.0,True,False
2022-01-03,39,GS,0.0551671319444444,25.0,6.0,True,False
2022-01-10,39,GS,-0.0317312109788359,27.0,6.0,True,False
2022-01-17,39,GS,0.1289811833333333,23.0,5.0,True,False
2022-01-24,39,GS,-0.0666116507936507,23.0,6.0,True,False
2022-01-31,39,GS,0.0187047222222222,16.0,6.0,True,False
2022-02-07,39,GS,0.2414105666666666,19.0,5.0,True,False
2022-02-14,39,GS,-0.0330837694444444,22.0,6.0,True,False
2022-02-21,39,GS,-0.0217219,18.0,5.0,True,False
2022-02-28,39,GS,0.001069,11.0,6.0,True,False
2022-03-07,39,GS,0.0095114119047619,42.0,7.0,True,False
2022-03-14,39,GS,0.1367927777777778,13.0,6.0,True,False
2022-03-21,39,GS,0.1856805119047619,38.0,6.0,True,False
2022-03-28,39,GS,-0.2549789532467532,23.0,5.0,True,False
2022-04-04,39,GS,-0.4155782583333334,24.0,5.0,True,False
2022-04-11,39,GS,0.1231289,12.0,5.0,True,False
2022-04-18,39,GS,0.0359546399999999,13.0,5.0,True,False
2022-04-25,39,GS,0.257661,5.0,5.0,True,False
2022-05-02,39,GS,0.257661,0.0,,False,True
2022-05-09,39,GS,-0.0138689282407407,30.0,6.0,True,False
2022-05-16,39,GS,0.0052231517647058,46.0,5.0,True,False
2022-05-23,39,GS,-0.055145,22.0,5.0,True,False
2022-05-30,39,GS,0.0416268049886621,34.0,7.0,True,False
2022-06-06,39,GS,-0.0485595595238095,37.0,7.0,True,False
2022-06-13,39,GS,0.0066796333333333,20.0,5.0,True,False
2022-06-20,39,GS,-0.1343848809523809,16.0,6.0,True,False
2022-06-27,39,GS,0.0042543428571428,19.0,5.0,True,False
2022-07-04,39,GS,-0.0194149333333333,11.0,5.0,True,False
2022-07-11,39,GS,-0.0567323944444444,18.0,6.0,True,False
2022-07-18,39,GS,0.0989246324404761,38.0,6.0,True,False
2022-07-25,39,GS,-0.1180264285714285,13.0,7.0,True,False
2022-08-01,39,GS,-0.0627708583333333,18.0,4.0,True,False
2022-08-08,39,GS,-0.008420219047619,27.0,7.0,True,False
2022-08-15,39,GS,-0.1568590428571428,19.0,7.0,True,False
2022-08-22,39,GS,-0.0794740408163265,26.0,7.0,True,False
2022-08-29,39,GS,0.0232785672619047,29.0,6.0,True,False
2022-09-05,39,GS,0.0215639375,38.0,6.0,True,False
2022-09-12,39,GS,-0.2534801706349207,42.0,7.0,True,False
2022-09-19,39,GS,-0.1691858472789116,36.0,7.0,True,False
2022-09-26,39,GS,0.1229415571428571,16.0,7.0,True,False
2022-10-03,39,GS,0.1095129464285714,13.0,4.0,True,False
2022-10-10,39,GS,0.0797682619047619,26.0,6.0,True,False
2022-10-17,39,GS,0.1292881232298474,46.0,6.0,True,False
2022-10-24,39,GS,0.1083244666666666,26.0,7.0,True,False
2022-10-31,39,GS,-0.0769790166666666,18.0,5.0,True,False
2022-11-07,39,GS,0.175539119047619,26.0,7.0,True,False
2022-11-14,39,GS,0.0769371874999999,26.0,6.0,True,False
2022-11-21,39,GS,-0.0163070134680134,35.0,6.0,True,False
2022-11-28,39,GS,-0.2109894982993197,27.0,7.0,True,False
2022-12-05,39,GS,-0.0865818972727272,28.0,5.0,True,False
2022-12-12,39,GS,-0.1183081339285714,36.0,7.0,True,False
2022-12-19,39,GS,-0.0203639404761904,15.0,7.0,True,False
2022-12-26,39,GS,-0.1399241998168498,30.0,5.0,True,False
2023-01-02,39,GS,-0.2628917,10.0,5.0,True,False
2023-01-09,39,GS,-0.2770554849206349,61.0,7.0,True,False
2023-01-16,39,GS,-0.4071858313956575,55.0,6.0,True,False
2023-01-23,39,GS,-0.3397068331632653,29.0,7.0,True,False
2023-01-30,39,GS,0.1090602222222222,17.0,6.0,True,False
2023-02-06,39,GS,0.0839999841269841,32.0,7.0,True,False
2023-02-13,39,GS,0.0302638481818181,31.0,5.0,True,False
2023-02-20,39,GS,-0.0750146999999999,21.0,6.0,True,False
2023-02-27,39,GS,0.1071211272486772,29.0,6.0,True,False
2023-03-06,39,GS,-0.1759585,38.0,6.0,True,False
2023-03-13,39,GS,-0.2411446904761904,37.0,7.0,True,False
2023-03-20,39,GS,-0.0499076666666666,23.0,7.0,True,False
2023-03-27,39,GS,0.1526025300925926,27.0,6.0,True,False
2023-04-03,39,GS,-0.030032665079365,27.0,6.0,True,False
2023-04-10,39,GS,-0.0471160462962963,25.0,6.0,True,False
2023-04-17,39,GS,-0.1009929845543345,72.0,6.0,True,False
2023-04-24,39,GS,0.0636131488095238,18.0,6.0,True,False
2023-05-01,39,GS,0.0279206599999999,34.0,5.0,True,False
2023-05-08,39,GS,-0.1053243732487922,43.0,6.0,True,False
2023-05-15,39,GS,-0.16349885,31.0,7.0,True,False
2023-05-22,39,GS,0.0485736472222222,20.0,6.0,True,False
2023-05-29,39,GS,-0.0103650976190476,28.0,7.0,True,False
2023-06-05,39,GS,0.0758894018518518,34.0,6.0,True,False
2023-06-12,39,GS,-0.0599111313852813,45.0,7.0,True,False
2023-06-19,39,GS,-0.3148081,15.0,5.0,True,False
2023-06-26,39,GS,-0.1663361944444444,53.0,6.0,True,False
2023-07-03,39,GS,0.0620467569444444,29.0,6.0,True,False
2023-07-10,39,GS,0.2366795333333333,33.0,5.0,True,False
2023-07-17,39,GS,-0.1858818109523809,40.0,5.0,True,False
2023-07-24,39,GS,-0.1597705535714285,19.0,6.0,True,False
2023-07-31,39,GS,-0.1312991812169312,45.0,6.0,True,False
2023-08-07,39,GS,-0.1526341115646258,29.0,7.0,True,False
2023-08-14,39,GS,-0.163886488095238,20.0,7.0,True,False
2023-08-21,39,GS,0.0600161522727272,37.0,6.0,True,False
2023-08-28,39,GS,-0.0687607126068376,57.0,6.0,True,False
2023-09-04,39,GS,-0.0886718381818181,42.0,5.0,True,False
2023-09-11,39,GS,-0.0030773037414966,39.0,7.0,True,False
2023-09-18,39,GS,-0.0150798138528138,27.0,7.0,True,False
2023-09-25,39,GS,0.0463723833333333,22.0,5.0,True,False
2023-10-02,39,GS,-0.0451279657142857,22.0,5.0,True,False
2023-10-09,39,GS,0.0547166638888888,26.0,6.0,True,False
2023-10-16,39,GS,0.0291276484593837,39.0,7.0,True,False
2023-10-23,39,GS,0.1325084722222222,16.0,6.0,True,False
2023-10-30,39,GS,0.0440437817460317,25.0,7.0,True,False
2023-11-06,39,GS,0.015778419047619,23.0,7.0,True,False
2023-11-13,39,GS,0.1495151033333333,25.0,5.0,True,False
2023-11-20,39,GS,0.1786065843915344,26.0,6.0,True,False
2023-11-27,39,GS,-0.0685431265873015,44.0,7.0,True,False
2023-12-04,39,GS,-0.0321733888888889,18.0,5.0,True,False
2023-12-11,39,GS,0.046895275,20.0,5.0,True,False
2023-12-18,39,GS,0.12272073,26.0,5.0,True,False
2023-12-25,39,GS,0.1196088333333333,7.0,4.0,True,False
2024-01-01,39,GS,0.1798554603174603,17.0,6.0,True,False
2024-01-08,39,GS,0.0961809237012987,42.0,7.0,True,False
2024-01-15,39,GS,0.0436613817857142,40.0,5.0,True,False
2024-01-22,39,GS,0.3125668766666666,15.0,5.0,True,False
2024-01-29,39,GS,-0.056770738095238,22.0,7.0,True,False
2024-02-05,39,GS,-0.0155584619047619,25.0,7.0,True,False
2024-02-12,39,GS,0.1329806714285714,19.0,7.0,True,False
2024-02-19,39,GS,0.0125330499999999,40.0,5.0,True,False
2024-02-26,39,GS,0.1618509933333333,33.0,5.0,True,False
2024-03-04,39,GS,-0.0262276428571428,22.0,7.0,True,False
2024-03-11,39,GS,0.0574243888888888,25.0,6.0,True,False
2024-03-18,39,GS,0.0747437224489796,24.0,7.0,True,False
2024-03-25,39,GS,0.2921170059523809,17.0,6.0,True,False
2024-04-01,39,GS,0.0473561783333333,23.0,5.0,True,False
2024-04-08,39,GS,0.0852713806122449,25.0,7.0,True,False
2024-04-15,39,GS,0.1423950155555555,41.0,5.0,True,False
2024-04-22,39,GS,0.0793581984126984,30.0,6.0,True,False
2024-04-29,39,GS,0.1306898452380952,33.0,7.0,True,False
2024-05-06,39,GS,0.0708661666666666,28.0,5.0,True,False
2024-05-13,39,GS,-0.1198069242424242,21.0,6.0,True,False
2024-05-20,39,GS,-0.0423757293650793,20.0,6.0,True,False
2024-05-27,39,GS,0.0169514259259259,29.0,6.0,True,False
2024-06-03,39,GS,0.1171260628571428,29.0,5.0,True,False
2024-06-10,39,GS,0.150467873015873,26.0,6.0,True,False
2024-06-17,39,GS,0.1400133547619047,21.0,5.0,True,False
2024-06-24,39,GS,0.0364570472222222,20.0,6.0,True,False
2024-07-01,39,GS,-0.0714386666666666,14.0,6.0,True,False
2024-07-08,39,GS,-0.0003627708333333,32.0,6.0,True,False
2024-07-15,39,GS,0.2738936076923077,24.0,5.0,True,False
2024-07-22,39,GS,0.0998369766666666,17.0,5.0,True,False
2024-07-29,39,GS,0.0999794357142856,26.0,7.0,True,False
2024-08-05,39,GS,-0.0976228564814815,24.0,6.0,True,False
2024-08-12,39,GS,0.1124295142857142,26.0,7.0,True,False
2024-08-19,39,GS,-0.002596861111111,31.0,6.0,True,False
2024-08-26,39,GS,-0.036315,34.0,7.0,True,False
2024-09-02,39,GS,0.0394205017006802,51.0,7.0,True,False
2024-09-09,39,GS,0.0190654641548927,40.0,7.0,True,False
2024-09-16,39,GS,0.1884542166666666,17.0,5.0,True,False
2024-09-23,39,GS,0.1880964476190476,39.0,6.0,True,False
2024-09-30,39,GS,0.1065910555555555,14.0,6.0,True,False
2024-10-07,39,GS,-0.0179834557823129,27.0,7.0,True,False
2024-10-14,39,GS,0.3617966268518518,25.0,6.0,True,False
2024-10-21,39,GS,-0.1629037380952381,50.0,6.0,True,False
2024-10-28,39,GS,0.1681596428571428,26.0,7.0,True,False
2024-11-04,39,GS,0.0700495797202797,38.0,6.0,True,False
2024-11-11,39,GS,0.1201921428571428,36.0,7.0,True,False
2024-11-18,39,GS,0.2120405646258503,36.0,7.0,True,False
2024-11-25,39,GS,-0.0366917,28.0,5.0,True,False
2024-12-02,39,GS,0.0932611599999999,28.0,5.0,True,False
2024-12-09,39,GS,-0.0066477638461538,28.0,5.0,True,False
2024-12-16,39,GS,0.1339982971428571,21.0,5.0,True,False
2024-12-23,39,GS,-0.15454475,7.0,4.0,True,False
2024-12-30,39,GS,0.261824125,13.0,4.0,True,False
2025-01-06,39,GS,-0.0449736619047619,28.0,7.0,True,False
2025-01-13,39,GS,0.090744978680361,57.0,6.0,True,False
2025-01-20,39,GS,0.4341448907142857,25.0,5.0,True,False
2025-01-27,39,GS,-0.1583873030612244,25.0,7.0,True,False
2025-02-03,39,GS,0.2967464733333333,25.0,5.0,True,False
2025-02-10,39,GS,0.0459817799999999,32.0,5.0,True,False
2025-02-17,39,GS,0.1482965366161616,33.0,6.0,True,False
2025-02-24,39,GS,-0.0375660023809523,28.0,6.0,True,False
2025-03-03,39,GS,0.0009315309523809,38.0,6.0,True,False
2025-03-10,39,GS,0.1179410575614861,31.0,7.0,True,False
2025-03-17,39,GS,0.0752110777777777,24.0,5.0,True,False
2025-03-24,39,GS,0.1244314194677871,43.0,7.0,True,False
2025-03-31,39,GS,0.1636861901360544,51.0,7.0,True,False
2025-04-07,39,GS,0.0309960805555555,55.0,6.0,True,False
2025-04-14,39,GS,0.1875273295454545,41.0,6.0,True,False
2025-04-21,39,GS,-0.1078734896825396,28.0,6.0,True,False
2025-04-28,39,GS,0.0510831333333333,34.0,5.0,True,False
2025-05-05,39,GS,0.055067,24.0,5.0,True,False
2025-05-12,39,GS,-0.0261021222222222,23.0,6.0,True,False
2025-05-19,39,GS,0.05342205,28.0,7.0,True,False
2025-05-26,39,GS,-0.1527033472222222,48.0,6.0,True,False
2025-06-02,39,GS,0.1740526296296296,36.0,6.0,True,False
2025-06-09,39,GS,0.1390297569444444,24.0,6.0,True,False
2025-06-16,39,GS,0.1304323366666666,20.0,5.0,True,False
2025-06-23,39,GS,0.077605505,24.0,5.0,True,False
2025-06-30,39,GS,0.0217973270975056,36.0,7.0,True,False
2025-07-07,39,GS,0.0748503404761904,53.0,7.0,True,False
2025-07-14,39,GS,0.1702935939285714,45.0,5.0,True,False
2025-07-21,39,GS,0.1408043273809524,19.0,6.0,True,False
2025-07-28,39,GS,0.1008676380952381,25.0,5.0,True,False
2025-08-04,39,GS,-0.011617363095238,44.0,7.0,True,False
2025-08-11,39,GS,-0.107455189010989,33.0,5.0,True,False
2025-08-18,39,GS,0.1263453333333333,21.0,7.0,True,False
2025-08-25,39,GS,-0.0361092722222222,25.0,6.0,True,False
2025-09-01,39,GS,0.1438140759637188,27.0,7.0,True,False
2025-09-08,39,GS,0.0364214761904761,24.0,7.0,True,False
2025-09-15,39,GS,-0.0342493888888889,16.0,6.0,True,False
2025-09-22,39,GS,0.3125828761904762,23.0,5.0,True,False
2025-09-29,39,GS,0.1976307,23.0,7.0,True,False
2025-10-06,39,GS,0.1433285593795094,41.0,7.0,True,False
2025-10-13,39,GS,0.1800726456698063,92.0,7.0,True,False
2025-10-20,39,GS,0.1454163246031745,61.0,7.0,True,False
2025-10-27,39,GS,0.0687796494408369,52.0,6.0,True,False
2025-11-03,39,GS,0.0959695242340992,68.0,7.0,True,False
2025-11-10,39,GS,0.1381350666666666,57.0,7.0,True,False
2025-11-17,39,GS,0.2516411,11.0,5.0,True,False
2025-11-24,39,GS,0.3100625666666667,10.0,4.0,True,False
2025-12-01,39,GS,0.06014325,7.0,4.0,True,False
2025-12-08,39,GS,0.0981809666666666,16.0,5.0,True,False
2025-12-15,39,GS,0.0790234476190476,15.0,7.0,True,False
2025-12-22,39,GS,-0.0249934,7.0,5.0,True,False
2025-12-29,39,GS,0.17038275,3.0,2.0,True,False
2015-01-05,60,INTC,0.384284735907336,111.0,7.0,True,False
2015-01-12,60,INTC,0.0454936975308641,71.0,6.0,True,False
2015-01-19,60,INTC,0.1286806285714285,26.0,5.0,True,False
2015-01-26,60,INTC,0.1443914333333333,16.0,5.0,True,False
2015-02-02,60,INTC,0.0111652193939393,31.0,5.0,True,False
2015-02-09,60,INTC,0.1958963222222222,16.0,6.0,True,False
2015-02-16,60,INTC,0.1998913,8.0,5.0,True,False
2015-02-23,60,INTC,0.0838699333333333,11.0,5.0,True,False
2015-03-02,60,INTC,0.1313504984126984,32.0,7.0,True,False
2015-03-09,60,INTC,0.003230238095238,54.0,6.0,True,False
2015-03-16,60,INTC,0.0005763959899749,67.0,3.0,True,False
2015-03-23,60,INTC,0.0215689416666666,40.0,6.0,True,False
2015-03-30,60,INTC,0.0345803972222222,19.0,6.0,True,False
2015-04-06,60,INTC,-0.0908597994987468,36.0,7.0,True,False
2015-04-13,60,INTC,0.1719962357142857,49.0,5.0,True,False
2015-04-20,60,INTC,0.0240836533333333,17.0,5.0,True,False
2015-04-27,60,INTC,-0.0107733833333333,16.0,5.0,True,False
2015-05-04,60,INTC,-0.0362208333333333,17.0,5.0,True,False
2015-05-11,60,INTC,0.0596551822222222,23.0,5.0,True,False
2015-05-18,60,INTC,0.2230024516666666,28.0,5.0,True,False
2015-05-25,60,INTC,0.2644190476190476,44.0,7.0,True,False
2015-06-01,60,INTC,0.1499100082642089,97.0,5.0,True,False
2015-06-08,60,INTC,0.1761483181818181,46.0,7.0,True,False
2015-06-15,60,INTC,0.0542221679292929,23.0,6.0,True,False
2015-06-22,60,INTC,0.0698222055555555,17.0,6.0,True,False
2015-06-29,60,INTC,0.1428247088888889,28.0,5.0,True,False
2015-07-06,60,INTC,0.0748798083333333,21.0,6.0,True,False
2015-07-13,60,INTC,-0.0974792098997493,56.0,7.0,True,False
2015-07-20,60,INTC,-0.04489475,15.0,6.0,True,False
2015-07-27,60,INTC,0.2125722969696969,32.0,5.0,True,False
2015-08-03,60,INTC,0.3077712874236873,41.0,7.0,True,False
2015-08-10,60,INTC,0.2313059019841269,30.0,6.0,True,False
2015-08-17,60,INTC,0.230937572368421,58.0,5.0,True,False
2015-08-24,60,INTC,0.275927111111111,33.0,6.0,True,False
2015-08-31,60,INTC,0.3120802083333333,36.0,6.0,True,False
2015-09-07,60,INTC,-0.2149712416666666,28.0,5.0,True,False
2015-09-14,60,INTC,-0.0263134271428571,29.0,5.0,True,False
2015-09-21,60,INTC,0.0538090277777777,10.0,6.0,True,False
2015-09-28,60,INTC,0.1206738611111111,21.0,6.0,True,False
2015-10-05,60,INTC,0.00061812,16.0,5.0,True,False
2015-10-12,60,INTC,0.0825844155092592,35.0,6.0,True,False
2015-10-19,60,INTC,0.3982359722222222,21.0,6.0,True,False
2015-10-26,60,INTC,0.1554789666666666,12.0,5.0,True,False
2015-11-02,60,INTC,0.0800785952380952,20.0,6.0,True,False
2015-11-09,60,INTC,0.0553583095238095,15.0,7.0,True,False
2015-11-16,60,INTC,0.1350709629629629,43.0,6.0,True,False
2015-11-23,60,INTC,-0.2811053138888889,24.0,5.0,True,False
2015-11-30,60,INTC,-0.3396885833333334,10.0,6.0,True,False
2015-12-07,60,INTC,0.0950807916666666,8.0,4.0,True,False
2015-12-14,60,INTC,-0.1687157333333333,7.0,3.0,True,False
2015-12-21,60,INTC,0.0044833124999999,9.0,4.0,True,False
2015-12-28,60,INTC,-0.0099507166666666,17.0,5.0,True,False
2016-01-04,60,INTC,0.3453145294447752,87.0,7.0,True,False
2016-01-11,60,INTC,0.0290503648545625,66.0,7.0,True,False
2016-01-18,60,INTC,-0.1291447896825397,36.0,7.0,True,False
2016-01-25,60,INTC,0.148480886111111,16.0,6.0,True,False
2016-02-01,60,INTC,-0.0802352833333333,22.0,5.0,True,False
2016-02-08,60,INTC,0.1845471583333333,21.0,6.0,True,False
2016-02-15,60,INTC,-0.1695991833333333,22.0,6.0,True,False
2016-02-22,60,INTC,-0.17052625,26.0,7.0,True,False
2016-02-29,60,INTC,0.2734194333333333,26.0,5.0,True,False
2016-03-07,60,INTC,0.1672012805555555,29.0,6.0,True,False
2016-03-14,60,INTC,0.0657730972222222,17.0,6.0,True,False
2016-03-21,60,INTC,-0.0372921690486993,60.0,6.0,True,False
2016-03-28,60,INTC,0.205058775,13.0,5.0,True,False
2016-04-04,60,INTC,0.1036970828282828,31.0,5.0,True,False
2016-04-11,60,INTC,0.2145614107142857,23.0,7.0,True,False
2016-04-18,60,INTC,-0.2613904099002849,92.0,6.0,True,False
2016-04-25,60,INTC,0.1381000888888889,33.0,6.0,True,False
2016-05-02,60,INTC,-0.0127976944444444,21.0,6.0,True,False
2016-05-09,60,INTC,-0.143274775,17.0,6.0,True,False
2016-05-16,60,INTC,-0.0295652012987012,26.0,4.0,True,False
2016-05-23,60,INTC,0.2693099722222222,41.0,6.0,True,False
2016-05-30,60,INTC,-0.3145339454365079,40.0,6.0,True,False
2016-06-06,60,INTC,0.0649090357142857,28.0,7.0,True,False
2016-06-13,60,INTC,0.3180788916666666,17.0,6.0,True,False
2016-06-20,60,INTC,0.1751559722222222,16.0,6.0,True,False
2016-06-27,60,INTC,0.0468574563492063,38.0,7.0,True,False
2016-07-04,60,INTC,0.0225705694444444,19.0,6.0,True,False
2016-07-11,60,INTC,0.1012149611111111,34.0,6.0,True,False
2016-07-18,60,INTC,-0.1008716662349555,57.0,7.0,True,False
2016-07-25,60,INTC,-0.1233411722222222,18.0,6.0,True,False
2016-08-01,60,INTC,0.0528327142857142,31.0,7.0,True,False
2016-08-08,60,INTC,-0.118387358625731,57.0,6.0,True,False
2016-08-15,60,INTC,0.2809596941628264,101.0,7.0,True,False
2016-08-22,60,INTC,0.077566,12.0,7.0,True,False
2016-08-29,60,INTC,0.0282525357142857,42.0,7.0,True,False
2016-09-05,60,INTC,-0.0690569376136419,70.0,7.0,True,False
2016-09-12,60,INTC,0.1978363777777777,42.0,6.0,True,False
2016-09-19,60,INTC,-0.0231951733333333,33.0,5.0,True,False
2016-09-26,60,INTC,0.0799415083333333,16.0,6.0,True,False
2016-10-03,60,INTC,0.0943718472222222,18.0,6.0,True,False
2016-10-10,60,INTC,0.1079139166666666,20.0,7.0,True,False
2016-10-17,60,INTC,-0.1692480183625731,43.0,5.0,True,False
2016-10-24,60,INTC,0.0871187,28.0,7.0,True,False
2016-10-31,60,INTC,0.0529462933673469,34.0,7.0,True,False
2016-11-07,60,INTC,0.0201783,16.0,5.0,True,False
2016-11-14,60,INTC,0.1301236531746031,26.0,7.0,True,False
2016-11-21,60,INTC,0.1801173333333333,17.0,5.0,True,False
2016-11-28,60,INTC,0.2269905136054422,24.0,7.0,True,False
2016-12-05,60,INTC,-0.1387817747252747,27.0,7.0,True,False
2016-12-12,60,INTC,-0.2372060410482375,54.0,7.0,True,False
2016-12-19,60,INTC,-0.271535125,10.0,4.0,True,False
2016-12-26,60,INTC,-0.2148842222222222,11.0,6.0,True,False
2017-01-02,60,INTC,-0.03371138518773,195.0,7.0,True,False
2017-01-09,60,INTC,-0.1933313892817548,126.0,7.0,True,False
2017-01-16,60,INTC,-0.0410731321995464,29.0,7.0,True,False
2017-01-23,60,INTC,0.0863315408163265,36.0,7.0,True,False
2017-01-30,60,INTC,0.0633153916666666,25.0,6.0,True,False
2017-02-06,60,INTC,0.0222349473044397,89.0,7.0,True,False
2017-02-13,60,INTC,-0.2336814450628736,87.0,7.0,True,False
2017-02-20,60,INTC,-0.141533947845805,51.0,7.0,True,False
2017-02-27,60,INTC,-0.1300882257263433,69.0,6.0,True,False
2017-03-06,60,INTC,-0.1496694238095238,51.0,7.0,True,False
2017-03-13,60,INTC,-0.0003421711544536,144.0,7.0,True,False
2017-03-20,60,INTC,-0.135959473396635,113.0,6.0,True,False
2017-03-27,60,INTC,-0.1267434112915977,150.0,7.0,True,False
2017-04-03,60,INTC,-0.1859907964285714,70.0,7.0,True,False
2017-04-10,60,INTC,-0.1184378685185185,27.0,6.0,True,False
2017-04-17,60,INTC,-0.1007024027777777,23.0,6.0,True,False
2017-04-24,60,INTC,-0.1607526621693121,43.0,6.0,True,False
2017-05-01,60,INTC,-0.1964371833333333,42.0,7.0,True,False
2017-05-08,60,INTC,-0.0401875882653061,69.0,7.0,True,False
2017-05-15,60,INTC,-0.2739702533393476,242.0,6.0,True,False
2017-05-22,60,INTC,-0.1767945576788291,119.0,7.0,True,False
2017-05-29,60,INTC,-0.0493376658484446,122.0,7.0,True,False
2017-06-05,60,INTC,-0.0341984248366013,81.0,7.0,True,False
2017-06-12,60,INTC,0.2272142601981352,83.0,6.0,True,False
2017-06-19,60,INTC,0.0055186194331065,60.0,7.0,True,False
2017-06-26,60,INTC,-0.0212724115384615,45.0,7.0,True,False
2017-07-03,60,INTC,-0.04432075,37.0,5.0,True,False
2017-07-10,60,INTC,-0.0980880028911564,62.0,7.0,True,False
2017-07-17,60,INTC,-0.1268618087301587,30.0,7.0,True,False
2017-07-24,60,INTC,0.0704281410790598,54.0,6.0,True,False
2017-07-31,60,INTC,-0.2130499918367347,24.0,7.0,True,False
2017-08-07,60,INTC,0.0702438241883116,54.0,7.0,True,False
2017-08-14,60,INTC,0.0868982571428571,73.0,5.0,True,False
2017-08-21,60,INTC,0.0745474069444444,36.0,6.0,True,False
2017-08-28,60,INTC,0.3922926266666666,15.0,5.0,True,False
2017-09-04,60,INTC,-0.0812629329670329,24.0,5.0,True,False
2017-09-11,60,INTC,-0.0228031499999999,16.0,6.0,True,False
2017-09-18,60,INTC,-0.0063086363636363,40.0,7.0,True,False
2017-09-25,60,INTC,0.1265598353741496,30.0,7.0,True,False
2017-10-02,60,INTC,0.1222976085344393,64.0,6.0,True,False
2017-10-09,60,INTC,-0.0192285461538461,31.0,5.0,True,False
2017-10-16,60,INTC,0.1918380104166666,26.0,4.0,True,False
2017-10-23,60,INTC,0.1842217205782312,43.0,7.0,True,False
2017-10-30,60,INTC,0.1249184821428571,39.0,7.0,True,False
2017-11-06,60,INTC,-0.0716448677669552,59.0,7.0,True,False
2017-11-13,60,INTC,0.0152791047619047,24.0,6.0,True,False
2017-11-20,60,INTC,-0.0219136571428571,25.0,5.0,True,False
2017-11-27,60,INTC,-0.0440267444444444,36.0,6.0,True,False
2017-12-04,60,INTC,-0.0549293433333333,22.0,5.0,True,False
2017-12-11,60,INTC,-0.0704514809829059,46.0,6.0,True,False
2017-12-18,60,INTC,-0.0304690857142857,22.0,5.0,True,False
2017-12-25,60,INTC,-0.0494635933333333,21.0,5.0,True,False
2018-01-01,60,INTC,-0.2573152619747977,125.0,7.0,True,False
2018-01-08,60,INTC,-0.0519112376395534,132.0,7.0,True,False
2018-01-15,60,INTC,-0.0246383851685753,71.0,6.0,True,False
2018-01-22,60,INTC,0.0098088052824159,94.0,7.0,True,False
2018-01-29,60,INTC,-0.1215728307256235,105.0,7.0,True,False
2018-02-05,60,INTC,-0.0230212577356853,95.0,7.0,True,False
2018-02-12,60,INTC,-0.0417083436569779,80.0,7.0,True,False
2018-02-19,60,INTC,-0.0382805382910739,47.0,7.0,True,False
2018-02-26,60,INTC,-0.0261557377087198,40.0,7.0,True,False
2018-03-05,60,INTC,-0.0054799200680272,39.0,7.0,True,False
2018-03-12,60,INTC,-0.0577204980132186,75.0,7.0,True,False
2018-03-19,60,INTC,0.0173030672619047,38.0,6.0,True,False
2018-03-26,60,INTC,0.1093258357142857,27.0,7.0,True,False
2018-04-02,60,INTC,-0.1496370011316169,101.0,7.0,True,False
2018-04-09,60,INTC,0.0343379722222222,11.0,6.0,True,False
2018-04-16,60,INTC,-0.1288478666666666,16.0,5.0,True,False
2018-04-23,60,INTC,-0.0321053999999999,17.0,5.0,True,False
2018-04-30,60,INTC,0.0751767666666666,12.0,5.0,True,False
2018-05-07,60,INTC,0.0682979821428571,40.0,7.0,True,False
2018-05-14,60,INTC,0.0365267958333333,47.0,6.0,True,False
2018-05-21,60,INTC,-0.089927731632653,30.0,7.0,True,False
2018-05-28,60,INTC,0.029475225,12.0,4.0,True,False
2018-06-04,60,INTC,-0.0314178124999999,18.0,6.0,True,False
2018-06-11,60,INTC,-0.15502535,11.0,5.0,True,False
2018-06-18,60,INTC,-0.2683086384210526,76.0,6.0,True,False
2018-06-25,60,INTC,-0.0796429444444444,27.0,6.0,True,False
2018-07-02,60,INTC,0.0559769611111111,35.0,5.0,True,False
2018-07-09,60,INTC,-0.0171347712962962,40.0,6.0,True,False
2018-07-16,60,INTC,-0.0449040032312925,108.0,7.0,True,False
2018-07-23,60,INTC,-0.1293184817460317,53.0,7.0,True,False
2018-07-30,60,INTC,-0.0221864319727891,32.0,7.0,True,False
2018-08-06,60,INTC,0.127469479540301,41.0,7.0,True,False
2018-08-13,60,INTC,-0.0181309962121212,53.0,7.0,True,False
2018-08-20,60,INTC,-0.1278997999999999,24.0,5.0,True,False
2018-08-27,60,INTC,0.023530119047619,32.0,7.0,True,False
2018-09-03,60,INTC,0.0966621366666666,14.0,5.0,True,False
2018-09-10,60,INTC,-0.1101775999999999,13.0,5.0,True,False
2018-09-17,60,INTC,0.0658816562499999,13.0,4.0,True,False
2018-09-24,60,INTC,-0.0239453809523809,17.0,7.0,True,False
2018-10-01,60,INTC,-0.1224100857142857,19.0,5.0,True,False
2018-10-08,60,INTC,-0.0072353972222222,38.0,6.0,True,False
2018-10-15,60,INTC,-0.1250372023809523,28.0,7.0,True,False
2018-10-22,60,INTC,0.1358855825396825,26.0,6.0,True,False
2018-10-29,60,INTC,-0.0112955347222222,29.0,6.0,True,False
2018-11-05,60,INTC,0.13876845,10.0,5.0,True,False
2018-11-12,60,INTC,0.1952824722222222,19.0,6.0,True,False
2018-11-19,60,INTC,-0.1323044,7.0,5.0,True,False
2018-11-26,60,INTC,-0.0171655642857142,19.0,5.0,True,False
2018-12-03,60,INTC,0.1125905416666666,21.0,6.0,True,False
2018-12-10,60,INTC,0.1330071716553287,37.0,7.0,True,False
2018-12-17,60,INTC,-0.0417003843537414,24.0,7.0,True,False
2018-12-24,60,INTC,0.09818925,10.0,6.0,True,False
2018-12-31,60,INTC,0.2490684714285714,18.0,5.0,True,False
2019-01-07,60,INTC,-0.0767561869047619,52.0,6.0,True,False
2019-01-14,60,INTC,0.0271436452020202,27.0,6.0,True,False
2019-01-21,60,INTC,-0.0667660833333333,55.0,6.0,True,False
2019-01-28,60,INTC,-0.1074433678126798,159.0,7.0,True,False
2019-02-04,60,INTC,-0.1365149509803921,50.0,6.0,True,False
2019-02-11,60,INTC,-0.3403849065934066,43.0,7.0,True,False
2019-02-18,60,INTC,-0.1679075902494331,54.0,7.0,True,False
2019-02-25,60,INTC,0.037964846031746,38.0,7.0,True,False
2019-03-04,60,INTC,0.0296386369047619,28.0,7.0,True,False
2019-03-11,60,INTC,-0.1124570909090909,17.0,5.0,True,False
2019-03-18,60,INTC,0.0753964224489795,33.0,7.0,True,False
2019-03-25,60,INTC,-0.1665906497906855,53.0,7.0,True,False
2019-04-01,60,INTC,-0.0044909969696969,25.0,5.0,True,False
2019-04-08,60,INTC,-0.1804230833333333,25.0,7.0,True,False
2019-04-15,60,INTC,-0.0435150535714285,26.0,7.0,True,False
2019-04-22,60,INTC,-0.1625767830455258,62.0,7.0,True,False
2019-04-29,60,INTC,-0.0161458707482993,32.0,7.0,True,False
2019-05-06,60,INTC,-0.0964862532467532,71.0,7.0,True,False
2019-05-13,60,INTC,-0.1675587131519274,60.0,7.0,True,False
2019-05-20,60,INTC,-0.1952105218087235,67.0,7.0,True,False
2019-05-27,60,INTC,0.0828450844444444,51.0,5.0,True,False
2019-06-03,60,INTC,-0.2498604444444444,19.0,6.0,True,False
2019-06-10,60,INTC,-0.1722045189760114,63.0,7.0,True,False
2019-06-17,60,INTC,-0.1788069981818181,37.0,5.0,True,False
2019-06-24,60,INTC,-0.0056515902777777,25.0,6.0,True,False
2019-07-01,60,INTC,0.2934588333333333,10.0,4.0,True,False
2019-07-08,60,INTC,-0.0372357103174603,20.0,6.0,True,False
2019-07-15,60,INTC,0.2518295866666666,14.0,5.0,True,False
2019-07-22,60,INTC,-0.0377714671093317,105.0,7.0,True,False
2019-07-29,60,INTC,-0.0451641889919604,88.0,7.0,True,False
2019-08-05,60,INTC,0.0635142702380952,44.0,7.0,True,False
2019-08-12,60,INTC,0.3742541666666666,11.0,6.0,True,False
2019-08-19,60,INTC,-0.0279157970588235,47.0,6.0,True,False
2019-08-26,60,INTC,-0.036585044117647,29.0,6.0,True,False
2019-09-02,60,INTC,0.17380298,18.0,5.0,True,False
2019-09-09,60,INTC,-0.2041144725829726,38.0,7.0,True,False
2019-09-16,60,INTC,-0.2590215002093145,47.0,7.0,True,False
2019-09-23,60,INTC,-0.0355272596023024,74.0,7.0,True,False
2019-09-30,60,INTC,-0.0594701521645021,63.0,7.0,True,False
2019-10-07,60,INTC,-0.0095725478251906,48.0,7.0,True,False
2019-10-14,60,INTC,0.0601991630952381,25.0,5.0,True,False
2019-10-21,60,INTC,0.0501430058956916,53.0,7.0,True,False
2019-10-28,60,INTC,0.0102135183673469,23.0,7.0,True,False
2019-11-04,60,INTC,-0.0704837674394319,38.0,6.0,True,False
2019-11-11,60,INTC,0.0483478179487179,37.0,7.0,True,False
2019-11-18,60,INTC,-0.0870708979591836,42.0,7.0,True,False
2019-11-25,60,INTC,0.1313555087301587,25.0,6.0,True,False
2019-12-02,60,INTC,-0.2115562194444444,48.0,6.0,True,False
2019-12-09,60,INTC,-0.1025140616883116,45.0,7.0,True,False
2019-12-16,60,INTC,0.0314158591836734,28.0,7.0,True,False
2019-12-23,60,INTC,0.1124632666666666,12.0,5.0,True,False
2019-12-30,60,INTC,0.0073367529761904,24.0,6.0,True,False
2020-01-06,60,INTC,-0.0770250818867547,95.0,7.0,True,False
2020-01-13,60,INTC,0.0055741763888888,26.0,6.0,True,False
2020-01-20,60,INTC,0.1217801079365079,49.0,6.0,True,False
2020-01-27,60,INTC,0.0342059433333333,16.0,5.0,True,False
2020-02-03,60,INTC,-0.1090749142857143,23.0,7.0,True,False
2020-02-10,60,INTC,-0.1710959,35.0,6.0,True,False
2020-02-17,60,INTC,-0.225982360166794,102.0,7.0,True,False
2020-02-24,60,INTC,0.0213215833333333,18.0,7.0,True,False
2020-03-02,60,INTC,-0.2495527742935636,40.0,7.0,True,False
2020-03-09,60,INTC,-0.1427516481481481,32.0,6.0,True,False
2020-03-16,60,INTC,-0.22847375,24.0,6.0,True,False
2020-03-23,60,INTC,-0.0398018622448979,24.0,7.0,True,False
2020-03-30,60,INTC,-0.0175018634259259,38.0,6.0,True,False
2020-04-06,60,INTC,-0.0190388766614338,58.0,7.0,True,False
2020-04-13,60,INTC,-0.1305532666666667,15.0,5.0,True,False
2020-04-20,60,INTC,-0.0871474628600157,50.0,7.0,True,False
2020-04-27,60,INTC,-0.0831100281512605,50.0,7.0,True,False
2020-05-04,60,INTC,0.1166741930659983,64.0,7.0,True,False
2020-05-11,60,INTC,-0.0587269908853051,64.0,7.0,True,False
2020-05-18,60,INTC,-0.0494812083333333,36.0,6.0,True,False
2020-05-25,60,INTC,-0.0676218055555555,17.0,6.0,True,False
2020-06-01,60,INTC,-0.0204471694444444,20.0,6.0,True,False
2020-06-08,60,INTC,0.015251402579365,33.0,6.0,True,False
2020-06-15,60,INTC,-0.0047510583333333,26.0,6.0,True,False
2020-06-22,60,INTC,-0.1052000222222222,25.0,7.0,True,False
2020-06-29,60,INTC,-0.1412360253966957,138.0,6.0,True,False
2020-07-06,60,INTC,-0.1293977571428571,41.0,7.0,True,False
2020-07-13,60,INTC,-0.1110651166666666,26.0,6.0,True,False
2020-07-20,60,INTC,-0.2058223928571428,43.0,7.0,True,False
2020-07-27,60,INTC,-0.1393891595238095,30.0,7.0,True,False
2020-08-03,60,INTC,-0.0812797806122449,50.0,7.0,True,False
2020-08-10,60,INTC,-0.01900770861678,50.0,7.0,True,False
2020-08-17,60,INTC,-0.2015427654761905,41.0,7.0,True,False
2020-08-24,60,INTC,-0.1580645833333333,25.0,7.0,True,False
2020-08-31,60,INTC,-0.0297857927350427,65.0,6.0,True,False
2020-09-07,60,INTC,-0.2257435428571428,28.0,7.0,True,False
2020-09-14,60,INTC,-0.0657705873015872,30.0,6.0,True,False
2020-09-21,60,INTC,0.1028918734848485,35.0,6.0,True,False
2020-09-28,60,INTC,-0.0435978387445887,36.0,7.0,True,False
2020-10-05,60,INTC,0.0459299634353741,31.0,7.0,True,False
2020-10-12,60,INTC,-0.0572861338383838,41.0,6.0,True,False
2020-10-19,60,INTC,-0.1046566659423909,74.0,7.0,True,False
2020-10-26,60,INTC,-0.0505293452380952,27.0,7.0,True,False
2020-11-02,60,INTC,-0.105655659090909,31.0,6.0,True,False
2020-11-09,60,INTC,-0.1849375891156462,59.0,7.0,True,False
2020-11-16,60,INTC,-0.0342201092592592,33.0,6.0,True,False
2020-11-23,60,INTC,-0.0434757138888888,27.0,6.0,True,False
2020-11-30,60,INTC,-0.0451183799319727,26.0,7.0,True,False
2020-12-07,60,INTC,-0.1197393476190476,33.0,7.0,True,False
2020-12-14,60,INTC,-0.0845745739847454,54.0,7.0,True,False
2020-12-21,60,INTC,-0.0011606166666666,19.0,5.0,True,False
2020-12-28,60,INTC,-0.0998423324074074,31.0,6.0,True,False
2021-01-04,60,INTC,0.0549112407407407,41.0,6.0,True,False
2021-01-11,60,INTC,0.1247940833689057,107.0,7.0,True,False
2021-01-18,60,INTC,-0.0732742547619047,75.0,7.0,True,False
2021-01-25,60,INTC,0.09661327,21.0,5.0,True,False
2021-02-01,60,INTC,-0.0737838958333333,26.0,6.0,True,False
2021-02-08,60,INTC,-0.2238920763888889,34.0,6.0,True,False
2021-02-15,60,INTC,-0.0558004259259259,24.0,6.0,True,False
2021-02-22,60,INTC,-0.0448873516919588,39.0,7.0,True,False
2021-03-01,60,INTC,-0.2125589727891156,36.0,7.0,True,False
2021-03-08,60,INTC,0.0447924761904761,31.0,6.0,True,False
2021-03-15,60,INTC,-0.0638674829931972,74.0,7.0,True,False
2021-03-22,60,INTC,0.1114137233766233,63.0,7.0,True,False
2021-03-29,60,INTC,-0.1657582083333333,16.0,6.0,True,False
2021-04-05,60,INTC,0.0388122916666666,32.0,4.0,True,False
2021-04-12,60,INTC,-0.2605140496101364,44.0,6.0,True,False
2021-04-19,60,INTC,-0.0643421111111111,40.0,7.0,True,False
2021-04-26,60,INTC,-0.0629221244733377,108.0,7.0,True,False
2021-05-03,60,INTC,0.1176373672161172,26.0,7.0,True,False
2021-05-10,60,INTC,-0.018128829866562,45.0,7.0,True,False
2021-05-17,60,INTC,0.1166768166666666,23.0,5.0,True,False
2021-05-24,60,INTC,0.0833946401360544,37.0,7.0,True,False
2021-05-31,60,INTC,0.0744537260504201,47.0,7.0,True,False
2021-06-07,60,INTC,-0.0239922166666666,24.0,5.0,True,False
2021-06-14,60,INTC,0.0042879666666666,14.0,5.0,True,False
2021-06-21,60,INTC,0.1979693452380952,21.0,7.0,True,False
2021-06-28,60,INTC,0.0465425833333333,28.0,6.0,True,False
2021-07-05,60,INTC,0.0511943333333333,9.0,5.0,True,False
2021-07-12,60,INTC,0.1369150773809524,32.0,7.0,True,False
2021-07-19,60,INTC,0.0173922974025974,55.0,7.0,True,False
2021-07-26,60,INTC,0.1999516928571428,53.0,7.0,True,False
2021-08-02,60,INTC,0.1276250166666666,21.0,5.0,True,False
2021-08-09,60,INTC,-0.0327710571428571,27.0,7.0,True,False
2021-08-16,60,INTC,0.0568073071428571,58.0,7.0,True,False
2021-08-23,60,INTC,0.0332579047619047,30.0,7.0,True,False
2021-08-30,60,INTC,0.24165178,18.0,5.0,True,False
2021-09-06,60,INTC,0.1387609702380952,24.0,6.0,True,False
2021-09-13,60,INTC,0.126888775,22.0,5.0,True,False
2021-09-20,60,INTC,0.0520411666666666,15.0,6.0,True,False
2021-09-27,60,INTC,0.2016421092171717,32.0,6.0,True,False
2021-10-04,60,INTC,-0.1767736547619047,18.0,7.0,True,False
2021-10-11,60,INTC,-0.1492593333333333,10.0,5.0,True,False
2021-10-18,60,INTC,-0.1218986398148148,54.0,6.0,True,False
2021-10-25,60,INTC,-0.0114548981613624,47.0,7.0,True,False
2021-11-01,60,INTC,-0.0070919226190476,27.0,7.0,True,False
2021-11-08,60,INTC,-0.0404245833333333,20.0,6.0,True,False
2021-11-15,60,INTC,0.2121093611111111,24.0,6.0,True,False
2021-11-22,60,INTC,-0.0523652916666666,7.0,4.0,True,False
2021-11-29,60,INTC,-0.1653748587662337,30.0,7.0,True,False
2021-12-06,60,INTC,0.0479516682773109,36.0,5.0,True,False
2021-12-13,60,INTC,0.3025774305555556,32.0,6.0,True,False
2021-12-20,60,INTC,-0.3033027958307209,60.0,5.0,True,False
2021-12-27,60,INTC,0.1776100219607843,33.0,5.0,True,False
2022-01-03,60,INTC,0.16265269786695,60.0,7.0,True,False
2022-01-10,60,INTC,0.1569598664285714,28.0,5.0,True,False
2022-01-17,60,INTC,0.2864075893759019,70.0,7.0,True,False
2022-01-24,60,INTC,0.0650211601909994,45.0,7.0,True,False
2022-01-31,60,INTC,-0.0890954333333333,15.0,6.0,True,False
2022-02-07,60,INTC,0.2103213261904762,22.0,7.0,True,False
2022-02-14,60,INTC,0.1551512068688586,68.0,7.0,True,False
2022-02-21,60,INTC,-0.0096174821428571,32.0,7.0,True,False
2022-02-28,60,INTC,-0.0832524722222222,35.0,7.0,True,False
2022-03-07,60,INTC,-0.0083335180555555,37.0,6.0,True,False
2022-03-14,60,INTC,-0.0453004267857142,55.0,7.0,True,False
2022-03-21,60,INTC,0.0404022119047619,28.0,7.0,True,False
2022-03-28,60,INTC,0.0510939898809523,51.0,6.0,True,False
2022-04-04,60,INTC,-0.0258690224867724,33.0,6.0,True,False
2022-04-11,60,INTC,-0.1290187833333333,12.0,5.0,True,False
2022-04-18,60,INTC,-0.0546039666666666,12.0,5.0,True,False
2022-04-25,60,INTC,-0.1190003333333333,9.0,4.0,True,False
2022-05-02,60,INTC,-0.2100127410714286,17.0,4.0,True,False
2022-05-09,60,INTC,0.0353632551020408,54.0,7.0,True,False
2022-05-16,60,INTC,-0.0100273488095238,25.0,6.0,True,False
2022-05-23,60,INTC,0.0427101499999999,14.0,5.0,True,False
2022-05-30,60,INTC,-0.0588442902777777,20.0,6.0,True,False
2022-06-06,60,INTC,-0.0706516178571428,24.0,7.0,True,False
2022-06-13,60,INTC,0.1116638888888889,22.0,6.0,True,False
2022-06-20,60,INTC,-0.1088756462585034,33.0,7.0,True,False
2022-06-27,60,INTC,0.1193921914682539,33.0,6.0,True,False
2022-07-04,60,INTC,0.075858469047619,19.0,5.0,True,False
2022-07-11,60,INTC,-0.0826601309523809,32.0,7.0,True,False
2022-07-18,60,INTC,0.0393946904761904,18.0,7.0,True,False
2022-07-25,60,INTC,-0.0654545834183673,47.0,7.0,True,False
2022-08-01,60,INTC,-0.1142287261904761,27.0,7.0,True,False
2022-08-08,60,INTC,-0.1092474142857143,23.0,7.0,True,False
2022-08-15,60,INTC,0.0276232091836734,27.0,7.0,True,False
2022-08-22,60,INTC,-0.0425871261904761,53.0,7.0,True,False
2022-08-29,60,INTC,-0.1203233333333333,25.0,6.0,True,False
2022-09-05,60,INTC,0.0987925130325814,45.0,7.0,True,False
2022-09-12,60,INTC,0.1852227333333333,31.0,7.0,True,False
2022-09-19,60,INTC,0.0075026666666666,19.0,7.0,True,False
2022-09-26,60,INTC,0.161730487840136,54.0,7.0,True,False
2022-10-03,60,INTC,0.0178354666666666,16.0,5.0,True,False
2022-10-10,60,INTC,0.0277373961538461,52.0,7.0,True,False
2022-10-17,60,INTC,0.0169766372448979,37.0,7.0,True,False
2022-10-24,60,INTC,-0.027825231617647,42.0,6.0,True,False
2022-10-31,60,INTC,-0.1497922777777778,18.0,6.0,True,False
2022-11-07,60,INTC,-0.0415734404761904,20.0,7.0,True,False
2022-11-14,60,INTC,-0.0731422738095238,27.0,6.0,True,False
2022-11-21,60,INTC,-0.1546095999999999,15.0,5.0,True,False
2022-11-28,60,INTC,0.0851795952380952,21.0,7.0,True,False
2022-12-05,60,INTC,-0.1516202695578231,36.0,7.0,True,False
2022-12-12,60,INTC,-0.0632550611111111,23.0,6.0,True,False
2022-12-19,60,INTC,0.10233967,24.0,5.0,True,False
2022-12-26,60,INTC,0.0247595333333333,10.0,5.0,True,False
2023-01-02,60,INTC,0.2042333353174603,43.0,7.0,True,False
2023-01-09,60,INTC,0.0091106556122449,37.0,7.0,True,False
2023-01-16,60,INTC,-0.1582535833333333,32.0,6.0,True,False
2023-01-23,60,INTC,-0.3058887571581196,88.0,6.0,True,False
2023-01-30,60,INTC,-0.1937582868480725,51.0,7.0,True,False
2023-02-06,60,INTC,-0.0459350138888888,26.0,6.0,True,False
2023-02-13,60,INTC,0.024033862585034,29.0,7.0,True,False
2023-02-20,60,INTC,-0.1154883965277777,38.0,6.0,True,False
2023-02-27,60,INTC,0.0098244965522572,43.0,7.0,True,False
2023-03-06,60,INTC,-0.0473699049036281,53.0,7.0,True,False
2023-03-13,60,INTC,-0.0553129608843537,26.0,7.0,True,False
2023-03-20,60,INTC,0.053042334808049,79.0,7.0,True,False
2023-03-27,60,INTC,0.0827403095238095,21.0,7.0,True,False
2023-04-03,60,INTC,-0.0952420888888889,28.0,7.0,True,False
2023-04-10,60,INTC,-0.2826150140786749,81.0,7.0,True,False
2023-04-17,60,INTC,-0.2911266290885041,48.0,6.0,True,False
2023-04-24,60,INTC,-0.1836249545454545,39.0,6.0,True,False
2023-05-01,60,INTC,-0.0539880404761904,29.0,7.0,True,False
2023-05-08,60,INTC,-0.0525084709523809,32.0,5.0,True,False
2023-05-15,60,INTC,-0.0537839809523809,20.0,7.0,True,False
2023-05-22,60,INTC,-0.0328909027777777,16.0,6.0,True,False
2023-05-29,60,INTC,0.1245156338383838,26.0,6.0,True,False
2023-06-05,60,INTC,-0.0058169095238095,36.0,7.0,True,False
2023-06-12,60,INTC,0.2171187444444444,44.0,6.0,True,False
2023-06-19,60,INTC,0.0446841832070707,62.0,7.0,True,False
2023-06-26,60,INTC,-0.1264827083333333,18.0,6.0,True,False
2023-07-03,60,INTC,0.0182019,10.0,5.0,True,False
2023-07-10,60,INTC,0.0882653666666666,20.0,7.0,True,False
2023-07-17,60,INTC,-0.0935788482142857,24.0,6.0,True,False
2023-07-24,60,INTC,-0.0362543333333333,33.0,5.0,True,False
2023-07-31,60,INTC,-0.1014475333333333,19.0,6.0,True,False
2023-08-07,60,INTC,-0.1500917675925926,24.0,6.0,True,False
2023-08-14,60,INTC,-0.0854756914285714,42.0,7.0,True,False
2023-08-21,60,INTC,0.1317757361111111,17.0,6.0,True,False
2023-08-28,60,INTC,0.148847775,21.0,6.0,True,False
2023-09-04,60,INTC,0.0490957,20.0,6.0,True,False
2023-09-11,60,INTC,0.0469726319444444,21.0,6.0,True,False
2023-09-18,60,INTC,-0.0458936614852348,79.0,7.0,True,False
2023-09-25,60,INTC,0.0541412465986394,35.0,7.0,True,False
2023-10-02,60,INTC,0.0029593043650793,22.0,6.0,True,False
2023-10-09,60,INTC,-0.2015977268518518,26.0,6.0,True,False
2023-10-16,60,INTC,-0.0702496274376417,43.0,7.0,True,False
2023-10-23,60,INTC,0.0009922642857142,42.0,7.0,True,False
2023-10-30,60,INTC,0.2045333922222222,22.0,5.0,True,False
2023-11-06,60,INTC,0.1890923066666666,19.0,5.0,True,False
2023-11-13,60,INTC,0.1127952361111111,16.0,6.0,True,False
2023-11-20,60,INTC,-0.1590068666666666,15.0,6.0,True,False
2023-11-27,60,INTC,-0.0806558,10.0,4.0,True,False
2023-12-04,60,INTC,0.0761681547619047,20.0,7.0,True,False
2023-12-11,60,INTC,0.0244161153628117,49.0,7.0,True,False
2023-12-18,60,INTC,0.0335913066666666,21.0,5.0,True,False
2023-12-25,60,INTC,0.2854267527777777,17.0,4.0,True,False
2024-01-01,60,INTC,0.02813052,17.0,5.0,True,False
2024-01-08,60,INTC,0.23524175,34.0,7.0,True,False
2024-01-15,60,INTC,0.0368101428571428,13.0,7.0,True,False
2024-01-22,60,INTC,-0.1854683703703703,21.0,6.0,True,False
2024-01-29,60,INTC,-0.1605999199999999,21.0,5.0,True,False
2024-02-05,60,INTC,0.0792125833333333,20.0,5.0,True,False
2024-02-12,60,INTC,0.1115124365079365,24.0,7.0,True,False
2024-02-19,60,INTC,0.1214961645299145,38.0,6.0,True,False
2024-02-26,60,INTC,0.058587631292517,58.0,7.0,True,False
2024-03-04,60,INTC,-0.1204762916666666,20.0,6.0,True,False
2024-03-11,60,INTC,-0.0629191523809523,23.0,5.0,True,False
2024-03-18,60,INTC,0.2092946621315193,48.0,7.0,True,False
2024-03-25,60,INTC,-0.24460741723356,24.0,7.0,True,False
2024-04-01,60,INTC,-0.2475302857142856,30.0,7.0,True,False
2024-04-08,60,INTC,0.0100386931216931,42.0,6.0,True,False
2024-04-15,60,INTC,0.0690407988095238,29.0,7.0,True,False
2024-04-22,60,INTC,-0.1741309202380952,31.0,7.0,True,False
2024-04-29,60,INTC,-0.1930962738095238,28.0,7.0,True,False
2024-05-06,60,INTC,-0.2127946461640211,33.0,6.0,True,False
2024-05-13,60,INTC,0.0551951144094001,29.0,7.0,True,False
2024-05-20,60,INTC,0.0157402554421768,26.0,7.0,True,False
2024-05-27,60,INTC,0.0661959999999999,15.0,5.0,True,False
2024-06-03,60,INTC,0.0383716454545454,41.0,6.0,True,False
2024-06-10,60,INTC,-0.1805796230674088,34.0,7.0,True,False
2024-06-17,60,INTC,-0.1342412619047619,23.0,7.0,True,False
2024-06-24,60,INTC,-0.1118432428571428,17.0,7.0,True,False
2024-07-01,60,INTC,-0.0759319333333333,20.0,6.0,True,False
2024-07-08,60,INTC,-0.1113521944444444,17.0,6.0,True,False
2024-07-15,60,INTC,0.030299425,25.0,6.0,True,False
2024-07-22,60,INTC,-0.2772670952380953,16.0,7.0,True,False
2024-07-29,60,INTC,-0.343789078030303,78.0,7.0,True,False
2024-08-05,60,INTC,-0.3034641756029685,44.0,7.0,True,False
2024-08-12,60,INTC,-0.1247769346938775,33.0,7.0,True,False
2024-08-19,60,INTC,-0.1362165,12.0,5.0,True,False
2024-08-26,60,INTC,-0.0842412591575091,32.0,7.0,True,False
2024-09-02,60,INTC,-0.116494693877551,48.0,7.0,True,False
2024-09-09,60,INTC,0.2362979722222221,16.0,6.0,True,False
2024-09-16,60,INTC,0.0385556174450549,69.0,7.0,True,False
2024-09-23,60,INTC,0.0299464672979797,51.0,6.0,True,False
2024-09-30,60,INTC,-0.0838595136054421,20.0,7.0,True,False
2024-10-07,60,INTC,0.1175561666666666,27.0,7.0,True,False
2024-10-14,60,INTC,-0.0520789904761904,51.0,7.0,True,False
2024-10-21,60,INTC,-0.1492325424603174,53.0,6.0,True,False
2024-10-28,60,INTC,-0.1689068333000332,39.0,7.0,True,False
2024-11-04,60,INTC,0.0432748904761904,25.0,7.0,True,False
2024-11-11,60,INTC,-0.0991557129629629,29.0,6.0,True,False
2024-11-18,60,INTC,-0.0817620714285714,25.0,7.0,True,False
2024-11-25,60,INTC,-0.1793062122448979,26.0,7.0,True,False
2024-12-02,60,INTC,-0.1907139993287637,97.0,7.0,True,False
2024-12-09,60,INTC,-0.0738921523809523,32.0,7.0,True,False
2024-12-16,60,INTC,-0.0193600722222222,24.0,6.0,True,False
2024-12-23,60,INTC,-0.46909412,13.0,5.0,True,False
2024-12-30,60,INTC,-0.1284275,18.0,6.0,True,False
2025-01-06,60,INTC,-0.0945306238095238,23.0,7.0,True,False
2025-01-13,60,INTC,-0.0200371626373626,40.0,7.0,True,False
2025-01-20,60,INTC,-0.1416172314814814,19.0,6.0,True,False
2025-01-27,60,INTC,-0.1060043772727272,52.0,6.0,True,False
2025-02-03,60,INTC,-0.14324255,23.0,5.0,True,False
2025-02-10,60,INTC,0.0821710656307977,55.0,7.0,True,False
2025-02-17,60,INTC,-0.0140780897959183,32.0,7.0,True,False
2025-02-24,60,INTC,-0.2924408398351648,43.0,7.0,True,False
2025-03-03,60,INTC,-0.1593086239316239,44.0,7.0,True,False
2025-03-10,60,INTC,0.1064655283251231,76.0,7.0,True,False
2025-03-17,60,INTC,-0.1215204224242424,44.0,5.0,True,False
2025-03-24,60,INTC,0.011608414499925,64.0,6.0,True,False
2025-03-31,60,INTC,0.0330835765306122,24.0,7.0,True,False
2025-04-07,60,INTC,-0.1220215654761904,21.0,7.0,True,False
2025-04-14,60,INTC,-0.0545335019230769,32.0,5.0,True,False
2025-04-21,60,INTC,-0.2420460026862026,119.0,7.0,True,False
2025-04-28,60,INTC,0.0350341115646258,29.0,7.0,True,False
2025-05-05,60,INTC,-0.0447036202380952,34.0,7.0,True,False
2025-05-12,60,INTC,-0.4088703392857142,28.0,7.0,True,False
2025-05-19,60,INTC,-0.0075677987012987,45.0,7.0,True,False
2025-05-26,60,INTC,-0.0462796805555555,19.0,6.0,True,False
2025-06-02,60,INTC,-0.0220764722222222,19.0,6.0,True,False
2025-06-09,60,INTC,-0.2118286944444444,27.0,6.0,True,False
2025-06-16,60,INTC,-0.2503446247732426,61.0,7.0,True,False
2025-06-23,60,INTC,-0.2958739350399984,104.0,7.0,True,False
2025-06-30,60,INTC,-0.2141816527777778,30.0,6.0,True,False
2025-07-07,60,INTC,-0.2353981962585034,39.0,7.0,True,False
2025-07-14,60,INTC,-0.348321731292517,32.0,7.0,True,False
2025-07-21,60,INTC,-0.2309435551020408,51.0,7.0,True,False
2025-07-28,60,INTC,-0.4434398071428572,26.0,7.0,True,False
2025-08-04,60,INTC,-0.4586962056907379,111.0,7.0,True,False
2025-08-11,60,INTC,0.0175037794313727,101.0,7.0,True,False
2025-08-18,60,INTC,-0.0740598901041061,177.0,7.0,True,False
2025-08-25,60,INTC,-0.0482478107535321,102.0,7.0,True,False
2025-09-01,60,INTC,0.0439135887755102,33.0,7.0,True,False
2025-09-08,60,INTC,0.0142670333333333,12.0,5.0,True,False
2025-09-15,60,INTC,0.1123384347701149,59.0,5.0,True,False
2025-09-22,60,INTC,-0.0401645517316017,51.0,7.0,True,False
2025-09-29,60,INTC,-0.0330137083333333,26.0,7.0,True,False
2025-10-06,60,INTC,-0.1201367901515151,38.0,6.0,True,False
2025-10-13,60,INTC,0.0305405555555555,15.0,6.0,True,False
2025-10-20,60,INTC,0.1958302852504638,33.0,7.0,True,False
2025-10-27,60,INTC,-0.1462588261904762,21.0,7.0,True,False
2025-11-03,60,INTC,0.0503583724489795,20.0,7.0,True,False
2025-11-10,60,INTC,-0.2821850426587301,26.0,4.0,True,False
2025-11-17,60,INTC,-0.2136361666666666,8.0,6.0,True,False
2025-11-24,60,INTC,-0.1254195277777777,17.0,6.0,True,False
2025-12-01,60,INTC,0.0990340833333333,8.0,4.0,True,False
2025-12-08,60,INTC,0.0001084897959183,45.0,7.0,True,False
2025-12-15,60,INTC,0.0786694666666666,10.0,5.0,True,False
2025-12-22,60,INTC,-0.1586797222222222,18.0,6.0,True,False
2025-12-29,60,INTC,-0.0596704444444444,10.0,3.0,True,False
2015-01-05,44,MCD,-0.1388845491428571,54.0,5.0,True,False
2015-01-12,44,MCD,-0.0601716772486772,31.0,6.0,True,False
2015-01-19,44,MCD,-0.3872264384797397,69.0,7.0,True,False
2015-01-26,44,MCD,-0.1238387615646258,103.0,7.0,True,False
2015-02-02,44,MCD,-0.1606333341880342,50.0,6.0,True,False
2015-02-09,44,MCD,-0.1438332153439153,46.0,7.0,True,False
2015-02-16,44,MCD,-0.2221559249999999,17.0,5.0,True,False
2015-02-23,44,MCD,-0.3979962857142856,30.0,6.0,True,False
2015-03-02,44,MCD,0.0574117449878449,71.0,6.0,True,False
2015-03-09,44,MCD,-0.2760640591036414,82.0,7.0,True,False
2015-03-16,44,MCD,-0.2480358015873015,38.0,6.0,True,False
2015-03-23,44,MCD,-0.0072157015873015,44.0,7.0,True,False
2015-03-30,44,MCD,0.1309138993282869,135.0,7.0,True,False
2015-04-06,44,MCD,-0.011358112037037,31.0,6.0,True,False
2015-04-13,44,MCD,-0.3413323472222223,39.0,6.0,True,False
2015-04-20,44,MCD,0.002302324040404,55.0,5.0,True,False
2015-04-27,44,MCD,-0.1709432388888889,45.0,7.0,True,False
2015-05-04,44,MCD,-0.1145945879474792,113.0,6.0,True,False
2015-05-11,44,MCD,0.1958122244897959,30.0,7.0,True,False
2015-05-18,44,MCD,-0.2957282837912087,63.0,6.0,True,False
2015-05-25,44,MCD,-0.220633840840532,73.0,7.0,True,False
2015-06-01,44,MCD,-0.3805730047619047,22.0,7.0,True,False
2015-06-08,44,MCD,-0.06160211875,65.0,6.0,True,False
2015-06-15,44,MCD,0.1267975952380952,20.0,5.0,True,False
2015-06-22,44,MCD,-0.0709778611111111,19.0,6.0,True,False
2015-06-29,44,MCD,0.0976942083333333,21.0,6.0,True,False
2015-07-06,44,MCD,-0.2508631136363636,30.0,5.0,True,False
2015-07-13,44,MCD,-0.161882246031746,22.0,6.0,True,False
2015-07-20,44,MCD,-0.0818461551515151,53.0,5.0,True,False
2015-07-27,44,MCD,-0.2195102083333333,7.0,4.0,True,False
2015-08-03,44,MCD,-0.0923731741496598,40.0,7.0,True,False
2015-08-10,44,MCD,-0.1839855317460317,21.0,6.0,True,False
2015-08-17,44,MCD,-0.192930238095238,40.0,7.0,True,False
2015-08-24,44,MCD,-0.2244730956989247,61.0,7.0,True,False
2015-08-31,44,MCD,-0.2510765823184346,73.0,6.0,True,False
2015-09-07,44,MCD,0.1665834739229025,45.0,7.0,True,False
2015-09-14,44,MCD,0.0735923111111111,29.0,6.0,True,False
2015-09-21,44,MCD,0.0944121492063492,38.0,7.0,True,False
2015-09-28,44,MCD,0.0563106476190476,31.0,7.0,True,False
2015-10-05,44,MCD,-0.1539876495798319,44.0,7.0,True,False
2015-10-12,44,MCD,0.1336967579365079,31.0,6.0,True,False
2015-10-19,44,MCD,0.0112619657635468,68.0,7.0,True,False
2015-10-26,44,MCD,-0.0698105428571428,26.0,7.0,True,False
2015-11-02,44,MCD,-0.0584873017006802,29.0,7.0,True,False
2015-11-09,44,MCD,-0.2494161921370887,71.0,7.0,True,False
2015-11-16,44,MCD,-0.2260954583333333,26.0,6.0,True,False
2015-11-23,44,MCD,-0.1360274985714285,65.0,7.0,True,False
2015-11-30,44,MCD,-0.2251267141156462,52.0,7.0,True,False
2015-12-07,44,MCD,-0.0133739400510204,44.0,7.0,True,False
2015-12-14,44,MCD,-0.0923589361904761,21.0,5.0,True,False
2015-12-21,44,MCD,0.1002382333333333,16.0,5.0,True,False
2015-12-28,44,MCD,-0.0837012430555555,23.0,6.0,True,False
2016-01-04,44,MCD,0.1574362083333333,36.0,6.0,True,False
2016-01-11,44,MCD,-0.1230059602453102,53.0,7.0,True,False
2016-01-18,44,MCD,0.0729639696969697,51.0,6.0,True,False
2016-01-25,44,MCD,-0.0145058316815991,144.0,7.0,True,False
2016-02-01,44,MCD,-0.0361290768076461,156.0,7.0,True,False
2016-02-08,44,MCD,-0.2014553153409091,62.0,6.0,True,False
2016-02-15,44,MCD,0.0398896231189445,46.0,7.0,True,False
2016-02-22,44,MCD,-0.0454008499999999,20.0,6.0,True,False
2016-02-29,44,MCD,-0.016222598015873,36.0,6.0,True,False
2016-03-07,44,MCD,-0.1078086156462585,32.0,7.0,True,False
2016-03-14,44,MCD,-0.0557571136363636,37.0,6.0,True,False
2016-03-21,44,MCD,0.1982919722222222,19.0,6.0,True,False
2016-03-28,44,MCD,0.0929930350385247,90.0,7.0,True,False
2016-04-04,44,MCD,0.0073131493506493,28.0,7.0,True,False
2016-04-11,44,MCD,-0.0669452767252355,67.0,7.0,True,False
2016-04-18,44,MCD,0.1037815639850889,52.0,6.0,True,False
2016-04-25,44,MCD,-0.0330729523809523,27.0,7.0,True,False
2016-05-02,44,MCD,-0.0319778769841269,37.0,7.0,True,False
2016-05-09,44,MCD,0.011980559703042,59.0,7.0,True,False
2016-05-16,44,MCD,0.1069421197366125,114.0,7.0,True,False
2016-05-23,44,MCD,-0.0845157113095238,75.0,6.0,True,False
2016-05-30,44,MCD,0.0172947265512265,42.0,6.0,True,False
2016-06-06,44,MCD,-0.1160047246376811,42.0,6.0,True,False
2016-06-13,44,MCD,-0.0203436013605442,47.0,7.0,True,False
2016-06-20,44,MCD,0.0323734925925925,35.0,6.0,True,False
2016-06-27,44,MCD,-0.1525721095238095,23.0,7.0,True,False
2016-07-04,44,MCD,0.1082263333333333,35.0,6.0,True,False
2016-07-11,44,MCD,-0.181229238095238,30.0,7.0,True,False
2016-07-18,44,MCD,0.0212269788961039,39.0,7.0,True,False
2016-07-25,44,MCD,-0.113633426984127,37.0,7.0,True,False
2016-08-01,44,MCD,0.1602500697278911,54.0,7.0,True,False
2016-08-08,44,MCD,0.0714206536796536,26.0,7.0,True,False
2016-08-15,44,MCD,-0.23963375,62.0,6.0,True,False
2016-08-22,44,MCD,-0.0307270126984127,47.0,7.0,True,False
2016-08-29,44,MCD,0.0870479972402597,42.0,7.0,True,False
2016-09-05,44,MCD,-0.1704997666666666,17.0,4.0,True,False
2016-09-12,44,MCD,-0.2664266352694924,37.0,7.0,True,False
2016-09-19,44,MCD,-0.250889461050061,42.0,6.0,True,False
2016-09-26,44,MCD,-0.0137102585034013,23.0,7.0,True,False
2016-10-03,44,MCD,-0.1513626086080585,42.0,7.0,True,False
2016-10-10,44,MCD,-0.2493656952380952,39.0,7.0,True,False
2016-10-17,44,MCD,0.1717369892857143,42.0,7.0,True,False
2016-10-24,44,MCD,-0.1890405833333333,16.0,6.0,True,False
2016-10-31,44,MCD,0.0297321309523809,25.0,7.0,True,False
2016-11-07,44,MCD,-0.0666599722222222,19.0,6.0,True,False
2016-11-14,44,MCD,0.2720501238095238,22.0,7.0,True,False
2016-11-21,44,MCD,-0.0527272166666666,16.0,6.0,True,False
2016-11-28,44,MCD,-0.064125894047619,34.0,6.0,True,False
2016-12-05,44,MCD,-0.0963617619047619,22.0,7.0,True,False
2016-12-12,44,MCD,-0.0311521428571428,13.0,7.0,True,False
2016-12-19,44,MCD,-0.2320241333333333,18.0,6.0,True,False
2016-12-26,44,MCD,-0.2204045277777777,16.0,6.0,True,False
2017-01-02,44,MCD,-0.3771805337606837,33.0,6.0,True,False
2017-01-09,44,MCD,-0.0075588451159951,95.0,7.0,True,False
2017-01-16,44,MCD,-0.0464763141534391,53.0,6.0,True,False
2017-01-23,44,MCD,-0.0599173988095238,86.0,7.0,True,False
2017-01-30,44,MCD,0.0546263453703703,39.0,6.0,True,False
2017-02-06,44,MCD,0.0071339285714285,26.0,6.0,True,False
2017-02-13,44,MCD,0.0187621422619047,40.0,7.0,True,False
2017-02-20,44,MCD,0.0960317904761904,45.0,7.0,True,False
2017-02-27,44,MCD,0.0779263032443746,93.0,7.0,True,False
2017-03-06,44,MCD,0.0048586664050235,68.0,7.0,True,False
2017-03-13,44,MCD,-0.198719703734173,197.0,7.0,True,False
2017-03-20,44,MCD,-0.0567678955610175,166.0,7.0,True,False
2017-03-27,44,MCD,-0.0173696045403101,217.0,7.0,True,False
2017-04-03,44,MCD,-0.0750783371933622,200.0,7.0,True,False
2017-04-10,44,MCD,0.033717525793054,237.0,7.0,True,False
2017-04-17,44,MCD,-0.0281823667532551,603.0,7.0,True,False
2017-04-24,44,MCD,-0.071406460049735,803.0,7.0,True,False
2017-05-01,44,MCD,-0.011439706340617,100.0,7.0,True,False
2017-05-08,44,MCD,0.0032491904761904,21.0,7.0,True,False
2017-05-15,44,MCD,-0.2222911506715506,73.0,7.0,True,False
2017-05-22,44,MCD,-0.1236491527777777,35.0,6.0,True,False
2017-05-29,44,MCD,-0.1638255559523809,40.0,5.0,True,False
2017-06-05,44,MCD,-0.0699561722222222,29.0,6.0,True,False
2017-06-12,44,MCD,-0.0642984238095238,71.0,7.0,True,False
2017-06-19,44,MCD,0.2108131841269841,44.0,7.0,True,False
2017-06-26,44,MCD,-0.2446631529478458,63.0,7.0,True,False
2017-07-03,44,MCD,-0.172593,26.0,6.0,True,False
2017-07-10,44,MCD,-0.0167643876984127,59.0,7.0,True,False
2017-07-17,44,MCD,-0.0550170957575757,37.0,5.0,True,False
2017-07-24,44,MCD,0.1011071043874931,89.0,7.0,True,False
2017-07-31,44,MCD,-0.1508195138888889,31.0,6.0,True,False
2017-08-07,44,MCD,-0.1095673082051282,31.0,5.0,True,False
2017-08-14,44,MCD,-0.1102516822820037,35.0,7.0,True,False
2017-08-21,44,MCD,-0.2549790336149771,96.0,7.0,True,False
2017-08-28,44,MCD,-0.0497412666666666,17.0,6.0,True,False
2017-09-04,44,MCD,-0.2203148712121212,61.0,7.0,True,False
2017-09-11,44,MCD,-0.1820471105442176,28.0,7.0,True,False
2017-09-18,44,MCD,-0.1081670711111111,27.0,5.0,True,False
2017-09-25,44,MCD,-0.0288896166666666,23.0,6.0,True,False
2017-10-02,44,MCD,-0.0644694918367347,28.0,7.0,True,False
2017-10-09,44,MCD,-0.1356457197802198,24.0,7.0,True,False
2017-10-16,44,MCD,0.2638145083333333,17.0,6.0,True,False
2017-10-23,44,MCD,-0.1334149017316017,52.0,5.0,True,False
2017-10-30,44,MCD,-0.4230690347222222,17.0,4.0,True,False
2017-11-06,44,MCD,-0.05782911,17.0,5.0,True,False
2017-11-13,44,MCD,-0.4779469523809523,27.0,6.0,True,False
2017-11-20,44,MCD,-0.5182848035714286,34.0,6.0,True,False
2017-11-27,44,MCD,-0.3387719035714286,31.0,7.0,True,False
2017-12-04,44,MCD,-0.0955770024412542,63.0,6.0,True,False
2017-12-11,44,MCD,0.0284140944444444,31.0,6.0,True,False
2017-12-18,44,MCD,-0.0916906433333333,22.0,5.0,True,False
2017-12-25,44,MCD,-0.1981815297619047,39.0,7.0,True,False
2018-01-01,44,MCD,-0.0974140484693877,33.0,7.0,True,False
2018-01-08,44,MCD,-0.1452361935683364,44.0,7.0,True,False
2018-01-15,44,MCD,-0.1928235245098039,36.0,6.0,True,False
2018-01-22,44,MCD,-0.2029712857142857,29.0,7.0,True,False
2018-01-29,44,MCD,0.0556557452380952,55.0,6.0,True,False
2018-02-05,44,MCD,0.0155811408831908,41.0,6.0,True,False
2018-02-12,44,MCD,-0.0039609540637307,59.0,7.0,True,False
2018-02-19,44,MCD,-0.1364448458049886,44.0,7.0,True,False
2018-02-26,44,MCD,-0.3444428162393162,34.0,6.0,True,False
2018-03-05,44,MCD,-0.0827047424768518,74.0,6.0,True,False
2018-03-12,44,MCD,-0.4645361309523809,13.0,7.0,True,False
2018-03-19,44,MCD,-0.0603728860544217,38.0,7.0,True,False
2018-03-26,44,MCD,0.0299562959595959,52.0,5.0,True,False
2018-04-02,44,MCD,0.0935975061538461,34.0,5.0,True,False
2018-04-09,44,MCD,-0.0527051166666666,24.0,6.0,True,False
2018-04-16,44,MCD,-0.1034235833333333,18.0,4.0,True,False
2018-04-23,44,MCD,-0.1004092361111111,13.0,6.0,True,False
2018-04-30,44,MCD,0.1122819351190476,40.0,6.0,True,False
2018-05-07,44,MCD,0.0679449396825396,25.0,6.0,True,False
2018-05-14,44,MCD,-0.1056639861111111,12.0,6.0,True,False
2018-05-21,44,MCD,-0.2526158290644541,58.0,6.0,True,False
2018-05-28,44,MCD,-0.0019919999999999,9.0,4.0,True,False
2018-06-04,44,MCD,0.0054872329545454,40.0,6.0,True,False
2018-06-11,44,MCD,0.0731297309000523,34.0,7.0,True,False
2018-06-18,44,MCD,0.1096194916666666,22.0,6.0,True,False
2018-06-25,44,MCD,-0.0873002666666666,29.0,7.0,True,False
2018-07-02,44,MCD,-0.1909569523809524,23.0,7.0,True,False
2018-07-09,44,MCD,-0.1666325211930926,54.0,7.0,True,False
2018-07-16,44,MCD,0.033793849537037,35.0,6.0,True,False
2018-07-23,44,MCD,-0.0441534503968254,50.0,7.0,True,False
2018-07-30,44,MCD,-0.1884790208333333,62.0,7.0,True,False
2018-08-06,44,MCD,-0.0734241845238095,29.0,7.0,True,False
2018-08-13,44,MCD,0.1717724829670329,31.0,7.0,True,False
2018-08-20,44,MCD,-0.1034712,18.0,5.0,True,False
2018-08-27,44,MCD,-0.1983183333333333,20.0,6.0,True,False
2018-09-03,44,MCD,-0.0160523571428571,21.0,7.0,True,False
2018-09-10,44,MCD,-0.3107190666666666,13.0,5.0,True,False
2018-09-17,44,MCD,-0.182747996031746,24.0,6.0,True,False
2018-09-24,44,MCD,0.1131217777777777,12.0,6.0,True,False
2018-10-01,44,MCD,-0.2852375777777777,43.0,7.0,True,False
2018-10-08,44,MCD,-0.1427818,23.0,6.0,True,False
2018-10-15,44,MCD,-0.12590225,10.0,4.0,True,False
2018-10-22,44,MCD,0.2677474,37.0,5.0,True,False
2018-10-29,44,MCD,-0.2127818857142857,16.0,7.0,True,False
2018-11-05,44,MCD,0.2138865,2.0,2.0,True,False
2018-11-12,44,MCD,-0.4327307777777777,5.0,3.0,True,False
2018-11-19,44,MCD,-0.3102562499999999,9.0,5.0,True,False
2018-11-26,44,MCD,-0.7379724285714285,11.0,5.0,True,False
2018-12-03,44,MCD,-0.1725141446053946,39.0,6.0,True,False
2018-12-10,44,MCD,0.0664873809523809,20.0,7.0,True,False
2018-12-17,44,MCD,-0.0706896626984127,16.0,6.0,True,False
2018-12-24,44,MCD,-0.0384663999999999,11.0,5.0,True,False
2018-12-31,44,MCD,-0.2011101261904762,42.0,6.0,True,False
2019-01-07,44,MCD,-0.0408951377777777,17.0,5.0,True,False
2019-01-14,44,MCD,-0.4142654412348273,62.0,6.0,True,False
2019-01-21,44,MCD,-0.1756359218559218,46.0,5.0,True,False
2019-01-28,44,MCD,-0.0853293769841269,33.0,6.0,True,False
2019-02-04,44,MCD,-0.3543826277777778,15.0,6.0,True,False
2019-02-11,44,MCD,-0.0424387372912801,28.0,7.0,True,False
2019-02-18,44,MCD,0.0405502633333333,15.0,5.0,True,False
2019-02-25,44,MCD,-0.070163725,13.0,4.0,True,False
2019-03-04,44,MCD,-0.0701070071428571,24.0,7.0,True,False
2019-03-11,44,MCD,0.0255461999999999,7.0,5.0,True,False
2019-03-18,44,MCD,-0.2336002476190476,16.0,7.0,True,False
2019-03-25,44,MCD,0.0230544019091847,49.0,6.0,True,False
2019-04-01,44,MCD,-0.0703615966666666,20.0,5.0,True,False
2019-04-08,44,MCD,-0.20737275,15.0,6.0,True,False
2019-04-15,44,MCD,-0.1211161380952381,21.0,7.0,True,False
2019-04-22,44,MCD,-0.0694714476190476,25.0,7.0,True,False
2019-04-29,44,MCD,-0.1957452244897959,43.0,7.0,True,False
2019-05-06,44,MCD,-0.1413492133292633,46.0,6.0,True,False
2019-05-13,44,MCD,-0.1602507166666666,47.0,7.0,True,False
2019-05-20,44,MCD,-0.3607248977339181,67.0,5.0,True,False
2019-05-27,44,MCD,0.277486125,31.0,6.0,True,False
2019-06-03,44,MCD,-0.0744538979591836,28.0,7.0,True,False
2019-06-10,44,MCD,0.0445739142857142,23.0,7.0,True,False
2019-06-17,44,MCD,-0.2217621285714285,23.0,7.0,True,False
2019-06-24,44,MCD,-0.0589448055555555,25.0,6.0,True,False
2019-07-01,44,MCD,-0.0547334444444444,18.0,6.0,True,False
2019-07-08,44,MCD,-0.0967340251322751,22.0,6.0,True,False
2019-07-15,44,MCD,0.1002171507936507,25.0,6.0,True,False
2019-07-22,44,MCD,0.11007347,26.0,5.0,True,False
2019-07-29,44,MCD,-0.2586089115079364,28.0,6.0,True,False
2019-08-05,44,MCD,-0.20205884,18.0,5.0,True,False
2019-08-12,44,MCD,-0.0365300952380952,19.0,7.0,True,False
2019-08-19,44,MCD,-0.1195297367346938,35.0,7.0,True,False
2019-08-26,44,MCD,-0.1397891571428571,16.0,5.0,True,False
2019-09-02,44,MCD,-0.25588356,15.0,5.0,True,False
2019-09-09,44,MCD,-0.3444900095238095,27.0,7.0,True,False
2019-09-16,44,MCD,-0.0604045666666666,33.0,7.0,True,False
2019-09-23,44,MCD,0.1270343061224489,80.0,7.0,True,False
2019-09-30,44,MCD,-0.0316202619047619,37.0,7.0,True,False
2019-10-07,44,MCD,0.0641696083333333,13.0,4.0,True,False
2019-10-14,44,MCD,-0.072674,12.0,6.0,True,False
2019-10-21,44,MCD,-0.1141847455058099,54.0,7.0,True,False
2019-10-28,44,MCD,-0.3858161350078492,37.0,7.0,True,False
2019-11-04,44,MCD,-0.3763048193206793,133.0,7.0,True,False
2019-11-11,44,MCD,-0.2052707015306122,41.0,7.0,True,False
2019-11-18,44,MCD,-0.311115300340136,35.0,7.0,True,False
2019-11-25,44,MCD,-0.0492972529761904,20.0,6.0,True,False
2019-12-02,44,MCD,-0.1041381957328386,38.0,7.0,True,False
2019-12-09,44,MCD,-0.0717152268518518,40.0,6.0,True,False
2019-12-16,44,MCD,-0.1149335059523809,25.0,7.0,True,False
2019-12-23,44,MCD,-0.0454172295918367,37.0,7.0,True,False
2019-12-30,44,MCD,-0.192852745021645,25.0,7.0,True,False
2020-01-06,44,MCD,-0.2625063928571429,43.0,6.0,True,False
2020-01-13,44,MCD,0.10075525,6.0,2.0,True,False
2020-01-20,44,MCD,-0.3144261875,7.0,4.0,True,False
2020-01-27,44,MCD,0.0150356333333332,9.0,5.0,True,False
2020-02-03,44,MCD,-0.1733756666666666,9.0,3.0,True,False
2020-02-10,44,MCD,0.4166669166666666,6.0,4.0,True,False
2020-02-17,44,MCD,-0.0377093,7.0,5.0,True,False
2020-02-24,44,MCD,-0.1824559166666667,8.0,6.0,True,False
2020-03-02,44,MCD,-0.28058375,4.0,1.0,True,False
2020-03-09,44,MCD,0.24595825,5.0,4.0,True,False
2020-03-16,44,MCD,-0.0003755554545454,34.0,5.0,True,False
2020-03-23,44,MCD,-0.27690837,29.0,5.0,True,False
2020-03-30,44,MCD,0.2346244444444444,14.0,6.0,True,False
2020-04-06,44,MCD,-0.1153582166666666,22.0,5.0,True,False
2020-04-13,44,MCD,-0.6811562446969697,32.0,5.0,True,False
2020-04-20,44,MCD,0.1094851168831168,22.0,7.0,True,False
2020-04-27,44,MCD,-0.1242146011904762,34.0,7.0,True,False
2020-05-04,44,MCD,0.1646749035714285,40.0,7.0,True,False
2020-05-11,44,MCD,-0.0722736504329004,29.0,6.0,True,False
2020-05-18,44,MCD,-0.4314814375,24.0,6.0,True,False
2020-05-25,44,MCD,-0.0674894749999999,13.0,5.0,True,False
2020-06-01,44,MCD,-0.0119016527777777,15.0,6.0,True,False
2020-06-08,44,MCD,-0.0382119936507936,33.0,6.0,True,False
2020-06-15,44,MCD,-0.0552406424242424,36.0,6.0,True,False
2020-06-22,44,MCD,-0.0137651904761904,15.0,4.0,True,False
2020-06-29,44,MCD,-0.0916271333333333,19.0,6.0,True,False
2020-07-06,44,MCD,0.0806529666666666,10.0,5.0,True,False
2020-07-13,44,MCD,-0.08853345,8.0,4.0,True,False
2020-07-20,44,MCD,-0.534300375,5.0,4.0,True,False
2020-07-27,44,MCD,-0.031552065,17.0,5.0,True,False
2020-08-03,44,MCD,-0.077781,6.0,4.0,True,False
2020-08-10,44,MCD,-0.1081456111111111,22.0,5.0,True,False
2020-08-17,44,MCD,-0.17603758,18.0,5.0,True,False
2020-08-24,44,MCD,0.0299833999999999,12.0,5.0,True,False
2020-08-31,44,MCD,-0.3534829201559934,65.0,7.0,True,False
2020-09-07,44,MCD,0.0602115156177156,43.0,7.0,True,False
2020-09-14,44,MCD,-0.0721525820261438,39.0,6.0,True,False
2020-09-21,44,MCD,-0.1531633809523809,20.0,7.0,True,False
2020-09-28,44,MCD,-0.027961057070707,29.0,6.0,True,False
2020-10-05,44,MCD,0.1918962525819088,53.0,6.0,True,False
2020-10-12,44,MCD,-0.0696085204081632,34.0,7.0,True,False
2020-10-19,44,MCD,-0.0605442428571428,47.0,7.0,True,False
2020-10-26,44,MCD,-0.1983332018140589,56.0,7.0,True,False
2020-11-02,44,MCD,-0.0284719087301587,51.0,7.0,True,False
2020-11-09,44,MCD,0.1028714975490196,85.0,6.0,True,False
2020-11-16,44,MCD,0.1287506222222222,15.0,6.0,True,False
2020-11-23,44,MCD,-0.0174231194444444,16.0,6.0,True,False
2020-11-30,44,MCD,-0.101406331632653,38.0,7.0,True,False
2020-12-07,44,MCD,-0.0654898571428571,60.0,7.0,True,False
2020-12-14,44,MCD,-0.0924130523809524,42.0,7.0,True,False
2020-12-21,44,MCD,0.0607177222222222,24.0,5.0,True,False
2020-12-28,44,MCD,-0.337076,9.0,7.0,True,False
2021-01-04,44,MCD,-0.0475365709183673,40.0,7.0,True,False
2021-01-11,44,MCD,-0.2175338803030303,34.0,6.0,True,False
2021-01-18,44,MCD,-0.390474863095238,30.0,7.0,True,False
2021-01-25,44,MCD,-0.13144215,31.0,6.0,True,False
2021-02-01,44,MCD,0.0743742374338624,27.0,6.0,True,False
2021-02-08,44,MCD,0.048910338095238,37.0,6.0,True,False
2021-02-15,44,MCD,-0.0669518252937538,70.0,7.0,True,False
2021-02-22,44,MCD,0.0470268135792778,54.0,7.0,True,False
2021-03-01,44,MCD,-0.2866361587301587,59.0,7.0,True,False
2021-03-08,44,MCD,-0.079542375,9.0,4.0,True,False
2021-03-15,44,MCD,-0.0063173928571428,25.0,7.0,True,False
2021-03-22,44,MCD,-0.1945600833333333,18.0,5.0,True,False
2021-03-29,44,MCD,-0.338786238095238,20.0,7.0,True,False
2021-04-05,44,MCD,-0.0966351547619047,24.0,7.0,True,False
2021-04-12,44,MCD,0.1163962761904762,17.0,7.0,True,False
2021-04-19,44,MCD,0.033971519047619,44.0,7.0,True,False
2021-04-26,44,MCD,-0.0752726023809523,44.0,7.0,True,False
2021-05-03,44,MCD,-0.0056626499999999,12.0,5.0,True,False
2021-05-10,44,MCD,0.3583392820861678,39.0,7.0,True,False
2021-05-17,44,MCD,-0.4195719742063493,23.0,6.0,True,False
2021-05-24,44,MCD,0.083812506060606,28.0,6.0,True,False
2021-05-31,44,MCD,0.0322055295238095,27.0,5.0,True,False
2021-06-07,44,MCD,-0.1705304989795918,42.0,7.0,True,False
2021-06-14,44,MCD,-0.3699631904761906,23.0,7.0,True,False
2021-06-21,44,MCD,0.2892727166666666,14.0,5.0,True,False
2021-06-28,44,MCD,-0.3459262666666666,19.0,7.0,True,False
2021-07-05,44,MCD,-0.2258270444444444,27.0,6.0,True,False
2021-07-12,44,MCD,-0.0812264761904762,24.0,6.0,True,False
2021-07-19,44,MCD,-0.0299102071428571,21.0,7.0,True,False
2021-07-26,44,MCD,0.2583096761904762,36.0,7.0,True,False
2021-08-02,44,MCD,-0.2530745761904762,18.0,7.0,True,False
2021-08-09,44,MCD,0.0309086178004535,36.0,7.0,True,False
2021-08-16,44,MCD,-0.1517766904761905,14.0,7.0,True,False
2021-08-23,44,MCD,-0.1217814174603174,33.0,7.0,True,False
2021-08-30,44,MCD,-0.2464407215522572,42.0,7.0,True,False
2021-09-06,44,MCD,0.0929992983516483,35.0,7.0,True,False
2021-09-13,44,MCD,-0.02469177,17.0,5.0,True,False
2021-09-20,44,MCD,0.0672955680272108,36.0,7.0,True,False
2021-09-27,44,MCD,-0.0548870238095238,18.0,7.0,True,False
2021-10-04,44,MCD,0.1237490873015873,26.0,7.0,True,False
2021-10-11,44,MCD,-0.0745656738095238,33.0,7.0,True,False
2021-10-18,44,MCD,-0.0307297714285714,19.0,7.0,True,False
2021-10-25,44,MCD,0.144001631792717,44.0,7.0,True,False
2021-11-01,44,MCD,-0.3220905476190476,23.0,6.0,True,False
2021-11-08,44,MCD,-0.2205274325396825,35.0,7.0,True,False
2021-11-15,44,MCD,0.1856409444444444,20.0,6.0,True,False
2021-11-22,44,MCD,-0.2803679166666666,17.0,6.0,True,False
2021-11-29,44,MCD,-0.0466088273809523,26.0,6.0,True,False
2021-12-06,44,MCD,0.0609960357142857,19.0,7.0,True,False
2021-12-13,44,MCD,-0.2283364901960784,35.0,6.0,True,False
2021-12-20,44,MCD,-0.0833892638888889,34.0,6.0,True,False
2021-12-27,44,MCD,-0.0780561666666666,14.0,7.0,True,False
2022-01-03,44,MCD,-0.0696986285714285,19.0,7.0,True,False
2022-01-10,44,MCD,-0.1643057916666666,13.0,6.0,True,False
2022-01-17,44,MCD,-0.0811377833333333,22.0,6.0,True,False
2022-01-24,44,MCD,0.0066569628862071,66.0,7.0,True,False
2022-01-31,44,MCD,-0.208625569047619,28.0,7.0,True,False
2022-02-07,44,MCD,-0.1264704,28.0,7.0,True,False
2022-02-14,44,MCD,-0.2517931946712018,33.0,7.0,True,False
2022-02-21,44,MCD,-0.1771822185064935,41.0,7.0,True,False
2022-02-28,44,MCD,-0.426319058080808,33.0,6.0,True,False
2022-03-07,44,MCD,-0.2303115652597402,107.0,7.0,True,False
2022-03-14,44,MCD,-0.1893781632653061,33.0,7.0,True,False
2022-03-21,44,MCD,-0.0811995892453951,83.0,7.0,True,False
2022-03-28,44,MCD,0.0167299526515151,47.0,7.0,True,False
2022-04-04,44,MCD,0.2173559952380952,39.0,7.0,True,False
2022-04-11,44,MCD,0.276766375,12.0,6.0,True,False
2022-04-18,44,MCD,-0.1916809857142857,32.0,7.0,True,False
2022-04-25,44,MCD,-0.1334952122222222,31.0,5.0,True,False
2022-05-02,44,MCD,-0.0265957972222222,18.0,6.0,True,False
2022-05-09,44,MCD,-0.1688508421717171,26.0,6.0,True,False
2022-05-16,44,MCD,-0.1147666118331543,130.0,7.0,True,False
2022-05-23,44,MCD,-0.13121160445486,79.0,7.0,True,False
2022-05-30,44,MCD,-0.0320180813551736,57.0,7.0,True,False
2022-06-06,44,MCD,-0.078809466089466,63.0,7.0,True,False
2022-06-13,44,MCD,-0.1653843458834815,57.0,7.0,True,False
2022-06-20,44,MCD,0.0633049002267573,38.0,7.0,True,False
2022-06-27,44,MCD,0.0537536707482993,45.0,7.0,True,False
2022-07-04,44,MCD,-0.0391815245207173,60.0,7.0,True,False
2022-07-11,44,MCD,-0.0855302734725591,64.0,7.0,True,False
2022-07-18,44,MCD,0.1359106462962963,44.0,6.0,True,False
2022-07-25,44,MCD,0.0700937868480725,87.0,7.0,True,False
2022-08-01,44,MCD,-0.1842853632343846,62.0,7.0,True,False
2022-08-08,44,MCD,-0.0431433420918367,59.0,7.0,True,False
2022-08-15,44,MCD,0.0938187545918367,33.0,7.0,True,False
2022-08-22,44,MCD,0.012924887755102,32.0,7.0,True,False
2022-08-29,44,MCD,-0.0304933490929705,50.0,7.0,True,False
2022-09-05,44,MCD,0.003808404040404,59.0,7.0,True,False
2022-09-12,44,MCD,0.0707532596938775,71.0,7.0,True,False
2022-09-19,44,MCD,-0.2183338779088559,56.0,7.0,True,False
2022-09-26,44,MCD,0.1569872412698412,58.0,7.0,True,False
2022-10-03,44,MCD,0.0164242094155844,63.0,7.0,True,False
2022-10-10,44,MCD,-0.038449477056277,50.0,7.0,True,False
2022-10-17,44,MCD,-0.0733777301561533,91.0,7.0,True,False
2022-10-24,44,MCD,-0.0771157732452071,73.0,7.0,True,False
2022-10-31,44,MCD,0.0202582231292516,86.0,7.0,True,False
2022-11-07,44,MCD,0.0125144085837971,239.0,7.0,True,False
2022-11-14,44,MCD,-0.0539982409255599,211.0,7.0,True,False
2022-11-21,44,MCD,0.001766607781922,229.0,7.0,True,False
2022-11-28,44,MCD,0.079919685954175,477.0,7.0,True,False
2022-12-05,44,MCD,-0.0126149927174136,677.0,7.0,True,False
2022-12-12,44,MCD,0.0993115464730549,94.0,7.0,True,False
2022-12-19,44,MCD,0.0246209641723356,61.0,7.0,True,False
2022-12-26,44,MCD,0.0917570506802721,66.0,7.0,True,False
2023-01-02,44,MCD,-0.1122018844177829,128.0,6.0,True,False
2023-01-09,44,MCD,-0.0410053099816849,66.0,7.0,True,False
2023-01-16,44,MCD,-0.0094296648371469,65.0,7.0,True,False
2023-01-23,44,MCD,-0.1372622941106267,138.0,7.0,True,False
2023-01-30,44,MCD,-0.0469954201352478,72.0,7.0,True,False
2023-02-06,44,MCD,-0.0438271281045751,125.0,7.0,True,False
2023-02-13,44,MCD,0.0102184608080913,82.0,7.0,True,False
2023-02-20,44,MCD,-0.1192750240894026,238.0,7.0,True,False
2023-02-27,44,MCD,-0.1015874448979591,45.0,7.0,True,False
2023-03-06,44,MCD,0.0456211888888888,27.0,6.0,True,False
2023-03-13,44,MCD,-0.0039249523809523,21.0,6.0,True,False
2023-03-20,44,MCD,-0.1282628440607011,48.0,7.0,True,False
2023-03-27,44,MCD,0.0082401269841269,78.0,7.0,True,False
2023-04-03,44,MCD,-0.150274349642421,89.0,7.0,True,False
2023-04-10,44,MCD,0.0987066646258503,42.0,7.0,True,False
2023-04-17,44,MCD,0.0500322342587034,80.0,7.0,True,False
2023-04-24,44,MCD,0.0333218619981325,69.0,7.0,True,False
2023-05-01,44,MCD,-0.0427300785730935,65.0,7.0,True,False
2023-05-08,44,MCD,-0.1693053683982683,32.0,7.0,True,False
2023-05-15,44,MCD,-0.0984174411375661,41.0,6.0,True,False
2023-05-22,44,MCD,0.0381575166666666,32.0,6.0,True,False
2023-05-29,44,MCD,0.0119078928571428,19.0,7.0,True,False
2023-06-05,44,MCD,0.0960325952380952,37.0,7.0,True,False
2023-06-12,44,MCD,0.1721304928571428,38.0,7.0,True,False
2023-06-19,44,MCD,-0.1397605595238095,31.0,6.0,True,False
2023-06-26,44,MCD,0.121385785260771,40.0,7.0,True,False
2023-07-03,44,MCD,-0.04831861144094,71.0,7.0,True,False
2023-07-10,44,MCD,0.058812137755102,48.0,7.0,True,False
2023-07-17,44,MCD,-0.289370865079365,47.0,7.0,True,False
2023-07-24,44,MCD,-0.0781703740641711,40.0,5.0,True,False
2023-07-31,44,MCD,0.1062885858843537,50.0,7.0,True,False
2023-08-07,44,MCD,-0.0977661398744113,60.0,7.0,True,False
2023-08-14,44,MCD,-0.0166077350340136,31.0,7.0,True,False
2023-08-21,44,MCD,0.0253101488095238,42.0,7.0,True,False
2023-08-28,44,MCD,-0.0411420124716553,37.0,7.0,True,False
2023-09-04,44,MCD,-0.0845378904761904,31.0,7.0,True,False
2023-09-11,44,MCD,0.1032063615337043,55.0,7.0,True,False
2023-09-18,44,MCD,-0.1601279847374847,58.0,7.0,True,False
2023-09-25,44,MCD,-0.0466869345238095,32.0,6.0,True,False
2023-10-02,44,MCD,-0.1533285333333333,33.0,7.0,True,False
2023-10-09,44,MCD,-0.1798892156462585,44.0,7.0,True,False
2023-10-16,44,MCD,-0.241859,26.0,7.0,True,False
2023-10-23,44,MCD,0.0732564071428571,35.0,7.0,True,False
2023-10-30,44,MCD,0.0463441916666666,59.0,7.0,True,False
2023-11-06,44,MCD,0.0186819785714285,32.0,7.0,True,False
2023-11-13,44,MCD,0.0178552523809523,27.0,7.0,True,False
2023-11-20,44,MCD,0.1917064454081632,31.0,7.0,True,False
2023-11-27,44,MCD,0.0733913888888889,45.0,6.0,True,False
2023-12-04,44,MCD,0.1862242752366681,68.0,7.0,True,False
2023-12-11,44,MCD,0.0626992523809523,26.0,7.0,True,False
2023-12-18,44,MCD,-0.0854786238095238,29.0,7.0,True,False
2023-12-25,44,MCD,-0.2039229333333333,31.0,7.0,True,False
2024-01-01,44,MCD,-0.0910700809523809,21.0,7.0,True,False
2024-01-08,44,MCD,0.071571715079365,22.0,6.0,True,False
2024-01-15,44,MCD,-0.2543019611111111,24.0,6.0,True,False
2024-01-22,44,MCD,-0.1099919452075702,39.0,6.0,True,False
2024-01-29,44,MCD,-0.090936035600907,39.0,7.0,True,False
2024-02-05,44,MCD,-0.2130986817042606,54.0,7.0,True,False
2024-02-12,44,MCD,-0.0677575694444444,15.0,6.0,True,False
2024-02-19,44,MCD,-0.1253333321428571,29.0,7.0,True,False
2024-02-26,44,MCD,0.0388503821995465,33.0,7.0,True,False
2024-03-04,44,MCD,0.1569866029220779,31.0,7.0,True,False
2024-03-11,44,MCD,-0.0758387678571428,56.0,7.0,True,False
2024-03-18,44,MCD,-0.1854087857142856,18.0,7.0,True,False
2024-03-25,44,MCD,0.063717744636316,41.0,7.0,True,False
2024-04-01,44,MCD,-0.11456853792517,39.0,7.0,True,False
2024-04-08,44,MCD,0.0252307047619047,22.0,7.0,True,False
2024-04-15,44,MCD,0.1536830531746031,32.0,7.0,True,False
2024-04-22,44,MCD,-0.1662107497371676,54.0,7.0,True,False
2024-04-29,44,MCD,-0.1536582907608696,39.0,6.0,True,False
2024-05-06,44,MCD,0.0513238174603174,27.0,7.0,True,False
2024-05-13,44,MCD,-0.0433152142857142,38.0,7.0,True,False
2024-05-20,44,MCD,-0.1525083404761904,31.0,7.0,True,False
2024-05-27,44,MCD,0.1028257244897959,33.0,7.0,True,False
2024-06-03,44,MCD,-0.1375376904761904,30.0,6.0,True,False
2024-06-10,44,MCD,-0.1507079662698412,18.0,6.0,True,False
2024-06-17,44,MCD,-0.1723586509157509,43.0,6.0,True,False
2024-06-24,44,MCD,-0.1935214527777778,36.0,6.0,True,False
2024-07-01,44,MCD,-0.2021602865646258,34.0,7.0,True,False
2024-07-08,44,MCD,0.0774795507936507,21.0,6.0,True,False
2024-07-15,44,MCD,0.1345593194444444,16.0,6.0,True,False
2024-07-22,44,MCD,-0.1362713023809524,40.0,7.0,True,False
2024-07-29,44,MCD,-0.4024787950396929,163.0,7.0,True,False
2024-08-05,44,MCD,-0.150868592142395,69.0,7.0,True,False
2024-08-12,44,MCD,-0.155478036111111,30.0,6.0,True,False
2024-08-19,44,MCD,-0.174388316821274,37.0,7.0,True,False
2024-08-26,44,MCD,-0.1501747238095238,51.0,7.0,True,False
2024-09-02,44,MCD,-0.0244653869047618,54.0,7.0,True,False
2024-09-09,44,MCD,0.0488478547619047,37.0,7.0,True,False
2024-09-16,44,MCD,0.0841455892857142,35.0,7.0,True,False
2024-09-23,44,MCD,-0.1699519888638903,112.0,7.0,True,False
2024-09-30,44,MCD,-0.1144010506802721,61.0,7.0,True,False
2024-10-07,44,MCD,-0.0122040634920634,39.0,7.0,True,False
2024-10-14,44,MCD,0.1468159871160585,70.0,7.0,True,False
2024-10-21,44,MCD,-0.2466778567825434,344.0,7.0,True,False
2024-10-28,44,MCD,0.0146928713635297,110.0,7.0,True,False
2024-11-04,44,MCD,-0.2162672098639455,34.0,7.0,True,False
2024-11-11,44,MCD,0.0018426420995671,65.0,7.0,True,False
2024-11-18,44,MCD,0.158093093877551,55.0,7.0,True,False
2024-11-25,44,MCD,-0.1151336571428571,20.0,7.0,True,False
2024-12-02,44,MCD,-0.1406020882653061,46.0,7.0,True,False
2024-12-09,44,MCD,-0.2814221970238095,78.0,7.0,True,False
2024-12-16,44,MCD,-0.0673255775510204,32.0,7.0,True,False
2024-12-23,44,MCD,0.1475959499999999,11.0,5.0,True,False
2024-12-30,44,MCD,-0.2080457333333333,9.0,5.0,True,False
2025-01-06,44,MCD,-0.0878730086394557,50.0,7.0,True,False
2025-01-13,44,MCD,-0.2179765214285714,23.0,7.0,True,False
2025-01-20,44,MCD,0.2788504814814814,18.0,6.0,True,False
2025-01-27,44,MCD,-0.1368819830732293,38.0,7.0,True,False
2025-02-03,44,MCD,0.0956012714285714,22.0,7.0,True,False
2025-02-10,44,MCD,0.2533406845598845,60.0,7.0,True,False
2025-02-17,44,MCD,-0.0351845749999999,17.0,6.0,True,False
2025-02-24,44,MCD,0.0225618265306122,50.0,7.0,True,False
2025-03-03,44,MCD,-0.0788710534013605,30.0,7.0,True,False
2025-03-10,44,MCD,0.0047874455782312,24.0,7.0,True,False
2025-03-17,44,MCD,0.0607270303391053,58.0,7.0,True,False
2025-03-24,44,MCD,0.1541832291666666,21.0,6.0,True,False
2025-03-31,44,MCD,0.0170213557997558,45.0,7.0,True,False
2025-04-07,44,MCD,-0.2130175841269841,39.0,7.0,True,False
2025-04-14,44,MCD,-0.0144248361678004,36.0,7.0,True,False
2025-04-21,44,MCD,0.0678122867346938,55.0,7.0,True,False
2025-04-28,44,MCD,-0.0168901279461279,35.0,6.0,True,False
2025-05-05,44,MCD,-0.0204094113945578,31.0,7.0,True,False
2025-05-12,44,MCD,0.0900108428571428,53.0,7.0,True,False
2025-05-19,44,MCD,-0.1118152002267573,60.0,7.0,True,False
2025-05-26,44,MCD,-0.0788801511904761,31.0,6.0,True,False
2025-06-02,44,MCD,0.083506804562431,50.0,7.0,True,False
2025-06-09,44,MCD,-0.1398297638888888,38.0,6.0,True,False
2025-06-16,44,MCD,0.0279694404761904,16.0,7.0,True,False
2025-06-23,44,MCD,-0.0327854738035565,58.0,7.0,True,False
2025-06-30,44,MCD,0.1151222119047618,25.0,7.0,True,False
2025-07-07,44,MCD,-0.0368274596719457,70.0,6.0,True,False
2025-07-14,44,MCD,0.025373856462585,41.0,7.0,True,False
2025-07-21,44,MCD,-0.1253333789115646,43.0,7.0,True,False
2025-07-28,44,MCD,0.0671885345804988,35.0,7.0,True,False
2025-08-04,44,MCD,0.0567599613095238,45.0,7.0,True,False
2025-08-11,44,MCD,-0.0419504814393939,45.0,6.0,True,False
2025-08-18,44,MCD,-0.0252870483618233,64.0,6.0,True,False
2025-08-25,44,MCD,-0.0161286207482993,50.0,7.0,True,False
2025-09-01,44,MCD,0.0785776163003662,37.0,7.0,True,False
2025-09-08,44,MCD,0.0290389469387755,31.0,7.0,True,False
2025-09-15,44,MCD,0.0531267173469387,36.0,7.0,True,False
2025-09-22,44,MCD,0.0632513888888888,19.0,6.0,True,False
2025-09-29,44,MCD,0.0600008361162646,41.0,7.0,True,False
2025-10-06,44,MCD,0.0694193727891156,34.0,7.0,True,False
2025-10-13,44,MCD,-0.3052005892857143,20.0,6.0,True,False
2025-10-20,44,MCD,-0.1290942142857142,26.0,7.0,True,False
2025-10-27,44,MCD,-0.0201243767006802,43.0,7.0,True,False
2025-11-03,44,MCD,-0.0574579880952381,73.0,7.0,True,False
2025-11-10,44,MCD,-0.0144539256338899,50.0,7.0,True,False
2025-11-17,44,MCD,-0.199538619047619,35.0,7.0,True,False
2025-11-24,44,MCD,-0.0450681279761904,50.0,7.0,True,False
2025-12-01,44,MCD,0.1895198135076252,57.0,6.0,True,False
2025-12-08,44,MCD,0.11553205,18.0,5.0,True,False
2025-12-15,44,MCD,-0.2650506309523809,17.0,6.0,True,False
2025-12-22,44,MCD,-0.1198005166666666,17.0,6.0,True,False
2025-12-29,44,MCD,0.2787864166666666,5.0,2.0,True,False
2015-01-05,3,MSFT,0.0846121980555555,75.0,6.0,True,False
2015-01-12,3,MSFT,-0.0308801128907324,94.0,7.0,True,False
2015-01-19,3,MSFT,0.1075622873541487,317.0,7.0,True,False
2015-01-26,3,MSFT,-0.0201989413804658,209.0,7.0,True,False
2015-02-02,3,MSFT,0.1616681277777777,104.0,7.0,True,False
2015-02-09,3,MSFT,0.1742446148793249,101.0,7.0,True,False
2015-02-16,3,MSFT,0.1570383466810967,75.0,7.0,True,False
2015-02-23,3,MSFT,0.1496150793367347,87.0,7.0,True,False
2015-03-02,3,MSFT,0.0839993160727414,129.0,7.0,True,False
2015-03-09,3,MSFT,0.1236567835592978,77.0,7.0,True,False
2015-03-16,3,MSFT,-0.1314883068884818,178.0,7.0,True,False
2015-03-23,3,MSFT,0.1272137620522334,116.0,7.0,True,False
2015-03-30,3,MSFT,0.0887026381965782,144.0,7.0,True,False
2015-04-06,3,MSFT,0.2507303416436623,111.0,7.0,True,False
2015-04-13,3,MSFT,0.0640633447845804,102.0,7.0,True,False
2015-04-20,3,MSFT,0.2909286810227539,114.0,7.0,True,False
2015-04-27,3,MSFT,-4.515304442934528e-05,284.0,7.0,True,False
2015-05-04,3,MSFT,0.0940068510520487,117.0,7.0,True,False
2015-05-11,3,MSFT,0.093048126076146,106.0,7.0,True,False
2015-05-18,3,MSFT,0.2186178706473142,85.0,7.0,True,False
2015-05-25,3,MSFT,0.0106526833333333,75.0,7.0,True,False
2015-06-01,3,MSFT,0.064773637610854,128.0,7.0,True,False
2015-06-08,3,MSFT,0.0553764269374416,110.0,7.0,True,False
2015-06-15,3,MSFT,0.019101213095238,194.0,7.0,True,False
2015-06-22,3,MSFT,0.1006098179415665,111.0,7.0,True,False
2015-06-29,3,MSFT,0.193738903750447,138.0,7.0,True,False
2015-07-06,3,MSFT,-0.0442993501462447,220.0,7.0,True,False
2015-07-13,3,MSFT,0.2028494331376159,151.0,7.0,True,False
2015-07-20,3,MSFT,0.0771984602793427,202.0,7.0,True,False
2015-07-27,3,MSFT,0.0771197823384617,207.0,7.0,True,False
2015-08-03,3,MSFT,0.1109440154819799,150.0,7.0,True,False
2015-08-10,3,MSFT,0.1664077298360369,85.0,7.0,True,False
2015-08-17,3,MSFT,0.0124671803571428,99.0,7.0,True,False
2015-08-24,3,MSFT,0.0186347370408163,96.0,7.0,True,False
2015-08-31,3,MSFT,0.0707154049371263,65.0,7.0,True,False
2015-09-07,3,MSFT,0.0671103264406912,116.0,7.0,True,False
2015-09-14,3,MSFT,0.0182666767525302,126.0,7.0,True,False
2015-09-21,3,MSFT,0.0958724843901196,105.0,7.0,True,False
2015-09-28,3,MSFT,0.122085920674457,161.0,7.0,True,False
2015-10-05,3,MSFT,0.1899025199783703,286.0,7.0,True,False
2015-10-12,3,MSFT,0.0471294744674185,85.0,7.0,True,False
2015-10-19,3,MSFT,0.0678537756874745,161.0,7.0,True,False
2015-10-26,3,MSFT,0.202627755173398,88.0,7.0,True,False
2015-11-02,3,MSFT,-0.0680652461060678,110.0,7.0,True,False
2015-11-09,3,MSFT,0.019561872605042,85.0,7.0,True,False
2015-11-16,3,MSFT,0.0948725784238909,102.0,7.0,True,False
2015-11-23,3,MSFT,0.1290050984126984,49.0,7.0,True,False
2015-11-30,3,MSFT,0.2610085824478567,118.0,7.0,True,False
2015-12-07,3,MSFT,0.1323627477045829,80.0,6.0,True,False
2015-12-14,3,MSFT,0.0615499697872531,90.0,7.0,True,False
2015-12-21,3,MSFT,0.0693940666666666,58.0,6.0,True,False
2015-12-28,3,MSFT,-0.029073820570837,104.0,7.0,True,False
2016-01-04,3,MSFT,0.1096613954175509,115.0,7.0,True,False
2016-01-11,3,MSFT,0.0443248988198518,119.0,7.0,True,False
2016-01-18,3,MSFT,0.0413860756662651,120.0,7.0,True,False
2016-01-25,3,MSFT,0.107341104514533,153.0,7.0,True,False
2016-02-01,3,MSFT,0.0315510462337577,175.0,7.0,True,False
2016-02-08,3,MSFT,0.1550962085034013,80.0,7.0,True,False
2016-02-15,3,MSFT,0.1393690160830999,81.0,7.0,True,False
2016-02-22,3,MSFT,0.0625410382216989,72.0,7.0,True,False
2016-02-29,3,MSFT,0.0825584182365253,101.0,7.0,True,False
2016-03-07,3,MSFT,0.092601988965283,87.0,7.0,True,False
2016-03-14,3,MSFT,0.0108275348396243,109.0,7.0,True,False
2016-03-21,3,MSFT,-0.1344530718159149,210.0,7.0,True,False
2016-03-28,3,MSFT,0.1593311319481638,278.0,7.0,True,False
2016-04-04,3,MSFT,0.2137207228937729,87.0,7.0,True,False
2016-04-11,3,MSFT,-0.0144011626592454,140.0,7.0,True,False
2016-04-18,3,MSFT,-0.2205470991545893,120.0,6.0,True,False
2016-04-25,3,MSFT,0.1204622924843014,112.0,7.0,True,False
2016-05-02,3,MSFT,0.0651764102952775,102.0,7.0,True,False
2016-05-09,3,MSFT,-0.0511025357142857,54.0,7.0,True,False
2016-05-16,3,MSFT,0.081506263546176,111.0,7.0,True,False
2016-05-23,3,MSFT,-0.036032993013468,197.0,7.0,True,False
2016-05-30,3,MSFT,0.2204536108241443,221.0,7.0,True,False
2016-06-06,3,MSFT,0.1201654199206349,105.0,7.0,True,False
2016-06-13,3,MSFT,0.144756778227113,447.0,7.0,True,False
2016-06-20,3,MSFT,0.1015263195732838,95.0,7.0,True,False
2016-06-27,3,MSFT,0.0114886746048177,118.0,7.0,True,False
2016-07-04,3,MSFT,-0.126407939117341,118.0,7.0,True,False
2016-07-11,3,MSFT,0.0444061896180086,98.0,7.0,True,False
2016-07-18,3,MSFT,0.1906604814551908,132.0,7.0,True,False
2016-07-25,3,MSFT,0.0229143238295318,94.0,7.0,True,False
2016-08-01,3,MSFT,0.094421748754047,92.0,7.0,True,False
2016-08-08,3,MSFT,0.1819473889990126,87.0,7.0,True,False
2016-08-15,3,MSFT,0.1164627070500927,100.0,7.0,True,False
2016-08-22,3,MSFT,0.1970817295460874,86.0,7.0,True,False
2016-08-29,3,MSFT,0.2227508363345338,79.0,7.0,True,False
2016-09-05,3,MSFT,0.0291786603461897,54.0,7.0,True,False
2016-09-12,3,MSFT,-0.0079363639610389,69.0,7.0,True,False
2016-09-19,3,MSFT,0.1672837740147855,125.0,6.0,True,False
2016-09-26,3,MSFT,0.2390027023429637,143.0,7.0,True,False
2016-10-03,3,MSFT,0.1061655113085744,98.0,7.0,True,False
2016-10-10,3,MSFT,0.076141084981685,47.0,7.0,True,False
2016-10-17,3,MSFT,0.1755780860805861,115.0,7.0,True,False
2016-10-24,3,MSFT,0.0623990164115646,199.0,7.0,True,False
2016-10-31,3,MSFT,-0.0229977033862433,139.0,7.0,True,False
2016-11-07,3,MSFT,0.2183725991496598,59.0,7.0,True,False
2016-11-14,3,MSFT,0.3401190259382222,92.0,7.0,True,False
2016-11-21,3,MSFT,0.3125072177156177,51.0,7.0,True,False
2016-11-28,3,MSFT,0.1989059277777778,42.0,7.0,True,False
2016-12-05,3,MSFT,0.2199559698809523,117.0,7.0,True,False
2016-12-12,3,MSFT,0.2792914151515151,90.0,7.0,True,False
2016-12-19,3,MSFT,0.1158037416666666,38.0,7.0,True,False
2016-12-26,3,MSFT,0.1968630015698587,40.0,7.0,True,False
2017-01-02,3,MSFT,0.1460117943181818,59.0,7.0,True,False
2017-01-09,3,MSFT,0.0417368223057644,106.0,7.0,True,False
2017-01-16,3,MSFT,-0.0422657921635102,121.0,7.0,True,False
2017-01-23,3,MSFT,0.1823056694459406,149.0,7.0,True,False
2017-01-30,3,MSFT,0.061959473853131,108.0,7.0,True,False
2017-02-06,3,MSFT,0.2417361836988304,90.0,7.0,True,False
2017-02-13,3,MSFT,0.2484278004143476,129.0,7.0,True,False
2017-02-20,3,MSFT,0.1974505898142919,187.0,7.0,True,False
2017-02-27,3,MSFT,0.2205300227124182,77.0,6.0,True,False
2017-03-06,3,MSFT,0.0365317654999762,82.0,7.0,True,False
2017-03-13,3,MSFT,0.0726557464052287,67.0,7.0,True,False
2017-03-20,3,MSFT,0.0566028780957138,77.0,7.0,True,False
2017-03-27,3,MSFT,0.148567308492534,83.0,6.0,True,False
2017-04-03,3,MSFT,0.1330232341360996,109.0,7.0,True,False
2017-04-10,3,MSFT,-0.0892687102896129,174.0,7.0,True,False
2017-04-17,3,MSFT,0.1687653212585034,91.0,7.0,True,False
2017-04-24,3,MSFT,0.1147114374433106,105.0,7.0,True,False
2017-05-01,3,MSFT,0.0955512606638517,223.0,7.0,True,False
2017-05-08,3,MSFT,0.1596857697912344,282.0,7.0,True,False
2017-05-15,3,MSFT,0.0838415258128396,150.0,7.0,True,False
2017-05-22,3,MSFT,0.2468777346528471,132.0,7.0,True,False
2017-05-29,3,MSFT,0.1037639377851539,96.0,7.0,True,False
2017-06-05,3,MSFT,0.004216761202307,162.0,7.0,True,False
2017-06-12,3,MSFT,0.1645125196277542,197.0,7.0,True,False
2017-06-19,3,MSFT,-0.2218747674624874,80.0,7.0,True,False
2017-06-26,3,MSFT,-0.0130001078755612,119.0,7.0,True,False
2017-07-03,3,MSFT,-0.1514051945316465,141.0,7.0,True,False
2017-07-10,3,MSFT,0.3644594190959661,163.0,7.0,True,False
2017-07-17,3,MSFT,0.1963165605935128,81.0,7.0,True,False
2017-07-24,3,MSFT,0.1060964424390424,173.0,7.0,True,False
2017-07-31,3,MSFT,0.0782144907407407,93.0,7.0,True,False
2017-08-07,3,MSFT,0.206572974568668,88.0,7.0,True,False
2017-08-14,3,MSFT,0.0993163385908209,95.0,7.0,True,False
2017-08-21,3,MSFT,0.1415865304055593,96.0,7.0,True,False
2017-08-28,3,MSFT,0.1302263914224664,54.0,7.0,True,False
2017-09-04,3,MSFT,0.2859235826388889,48.0,6.0,True,False
2017-09-11,3,MSFT,0.3359025305555556,32.0,6.0,True,False
2017-09-18,3,MSFT,0.2015455273809523,78.0,7.0,True,False
2017-09-25,3,MSFT,0.2540995663407051,144.0,7.0,True,False
2017-10-02,3,MSFT,0.1609382942612942,88.0,7.0,True,False
2017-10-09,3,MSFT,0.0655945706882753,87.0,7.0,True,False
2017-10-16,3,MSFT,0.2494445669608648,108.0,7.0,True,False
2017-10-23,3,MSFT,-0.039622864024864,99.0,7.0,True,False
2017-10-30,3,MSFT,0.175656235595889,84.0,7.0,True,False
2017-11-06,3,MSFT,0.3391179238411643,111.0,7.0,True,False
2017-11-13,3,MSFT,0.3090907278743076,83.0,7.0,True,False
2017-11-20,3,MSFT,0.2275280914285714,32.0,5.0,True,False
2017-11-27,3,MSFT,0.2917817310591037,109.0,7.0,True,False
2017-12-04,3,MSFT,0.175293875410164,69.0,7.0,True,False
2017-12-11,3,MSFT,0.2107747462388801,111.0,7.0,True,False
2017-12-18,3,MSFT,0.2444581818070817,88.0,7.0,True,False
2017-12-25,3,MSFT,-0.0721111023809523,26.0,7.0,True,False
2018-01-01,3,MSFT,0.050213275,53.0,6.0,True,False
2018-01-08,3,MSFT,0.0817410782051281,59.0,6.0,True,False
2018-01-15,3,MSFT,0.395251298076923,76.0,7.0,True,False
2018-01-22,3,MSFT,0.214870100840033,82.0,7.0,True,False
2018-01-29,3,MSFT,0.0211582077119843,119.0,7.0,True,False
2018-02-05,3,MSFT,0.0401353678957946,65.0,7.0,True,False
2018-02-12,3,MSFT,0.0905104262737262,76.0,7.0,True,False
2018-02-19,3,MSFT,0.0976227791012558,90.0,7.0,True,False
2018-02-26,3,MSFT,0.1438085388864009,99.0,7.0,True,False
2018-03-05,3,MSFT,0.165458797413525,130.0,7.0,True,False
2018-03-12,3,MSFT,0.0038701485514818,143.0,6.0,True,False
2018-03-19,3,MSFT,0.269554652154195,64.0,7.0,True,False
2018-03-26,3,MSFT,0.0123747434130173,128.0,7.0,True,False
2018-04-02,3,MSFT,0.2822316363389799,92.0,7.0,True,False
2018-04-09,3,MSFT,0.3107907738095238,46.0,6.0,True,False
2018-04-16,3,MSFT,0.2207438846560846,42.0,6.0,True,False
2018-04-23,3,MSFT,0.0999156570548388,98.0,7.0,True,False
2018-04-30,3,MSFT,0.1144243968984962,75.0,7.0,True,False
2018-05-07,3,MSFT,0.3018129723186323,212.0,7.0,True,False
2018-05-14,3,MSFT,0.2874714880952381,91.0,7.0,True,False
2018-05-21,3,MSFT,0.4606956279867387,94.0,6.0,True,False
2018-05-28,3,MSFT,0.2443464383786848,60.0,7.0,True,False
2018-06-04,3,MSFT,0.1119447326432432,212.0,7.0,True,False
2018-06-11,3,MSFT,0.2463672017348643,108.0,7.0,True,False
2018-06-18,3,MSFT,0.0649613322932071,142.0,7.0,True,False
2018-06-25,3,MSFT,0.0775497552486012,111.0,7.0,True,False
2018-07-02,3,MSFT,0.1488185984126984,59.0,7.0,True,False
2018-07-09,3,MSFT,0.2084304995438788,156.0,7.0,True,False
2018-07-16,3,MSFT,0.328864649168184,150.0,7.0,True,False
2018-07-23,3,MSFT,0.2011134851648351,62.0,7.0,True,False
2018-07-30,3,MSFT,0.0145788660997732,51.0,7.0,True,False
2018-08-06,3,MSFT,0.0365608910714285,86.0,7.0,True,False
2018-08-13,3,MSFT,0.1451096976946966,71.0,7.0,True,False
2018-08-20,3,MSFT,0.1509344399489399,167.0,7.0,True,False
2018-08-27,3,MSFT,0.1508125391156462,83.0,7.0,True,False
2018-09-03,3,MSFT,0.1942213697968698,55.0,7.0,True,False
2018-09-10,3,MSFT,0.4491389583333333,18.0,6.0,True,False
2018-09-17,3,MSFT,-0.1302092,15.0,5.0,True,False
2018-09-24,3,MSFT,0.2058992777777777,54.0,7.0,True,False
2018-10-01,3,MSFT,-0.0566738683570398,155.0,7.0,True,False
2018-10-08,3,MSFT,0.2662427798468517,109.0,6.0,True,False
2018-10-15,3,MSFT,0.081119775284765,125.0,7.0,True,False
2018-10-22,3,MSFT,0.2749039326762523,91.0,7.0,True,False
2018-10-29,3,MSFT,0.2732167344900713,67.0,7.0,True,False
2018-11-05,3,MSFT,0.1132568362811791,33.0,7.0,True,False
2018-11-12,3,MSFT,0.3176582011904762,41.0,7.0,True,False
2018-11-19,3,MSFT,0.1503103722222222,21.0,6.0,True,False
2018-11-26,3,MSFT,0.4112440537032995,85.0,7.0,True,False
2018-12-03,3,MSFT,0.2464376548007733,163.0,7.0,True,False
2018-12-10,3,MSFT,0.0391059793325721,78.0,7.0,True,False
2018-12-17,3,MSFT,0.2132264168831168,69.0,7.0,True,False
2018-12-24,3,MSFT,0.2236822833333333,17.0,6.0,True,False
2018-12-31,3,MSFT,0.2731785661856661,41.0,6.0,True,False
2019-01-07,3,MSFT,0.2356314963595583,60.0,7.0,True,False
2019-01-14,3,MSFT,0.3143134503223512,146.0,7.0,True,False
2019-01-21,3,MSFT,0.0860066714097699,161.0,7.0,True,False
2019-01-28,3,MSFT,0.0904193314285714,111.0,7.0,True,False
2019-02-04,3,MSFT,0.127079747204215,112.0,7.0,True,False
2019-02-11,3,MSFT,0.0756144403344671,63.0,7.0,True,False
2019-02-18,3,MSFT,0.0540626717556588,147.0,7.0,True,False
2019-02-25,3,MSFT,0.276141156475469,103.0,7.0,True,False
2019-03-04,3,MSFT,0.3334684144457783,84.0,7.0,True,False
2019-03-11,3,MSFT,0.105997774222766,117.0,7.0,True,False
2019-03-18,3,MSFT,0.1523420637544528,84.0,7.0,True,False
2019-03-25,3,MSFT,0.0053575521008403,93.0,7.0,True,False
2019-04-01,3,MSFT,0.1098689982825654,92.0,7.0,True,False
2019-04-08,3,MSFT,-0.0881767455627705,99.0,7.0,True,False
2019-04-15,3,MSFT,0.1232950747981409,127.0,7.0,True,False
2019-04-22,3,MSFT,0.0334616879971219,120.0,7.0,True,False
2019-04-29,3,MSFT,0.146564207578929,97.0,7.0,True,False
2019-05-06,3,MSFT,0.2788892581356226,162.0,7.0,True,False
2019-05-13,3,MSFT,0.1782756237167593,106.0,7.0,True,False
2019-05-20,3,MSFT,0.1111174027392896,105.0,7.0,True,False
2019-05-27,3,MSFT,0.1988620733882784,93.0,7.0,True,False
2019-06-03,3,MSFT,0.0692675473276144,142.0,7.0,True,False
2019-06-10,3,MSFT,-0.0849087156363358,134.0,7.0,True,False
2019-06-17,3,MSFT,0.1524452156218385,101.0,7.0,True,False
2019-06-24,3,MSFT,-0.0336912403445249,118.0,7.0,True,False
2019-07-01,3,MSFT,0.0001208868619708,64.0,7.0,True,False
2019-07-08,3,MSFT,0.0202152583219954,106.0,7.0,True,False
2019-07-15,3,MSFT,0.2433809539720513,141.0,7.0,True,False
2019-07-22,3,MSFT,0.0789845920918367,129.0,7.0,True,False
2019-07-29,3,MSFT,0.1428298028638028,77.0,7.0,True,False
2019-08-05,3,MSFT,0.0967813990975422,88.0,7.0,True,False
2019-08-12,3,MSFT,0.0569754087750484,117.0,7.0,True,False
2019-08-19,3,MSFT,0.0874799073979591,106.0,7.0,True,False
2019-08-26,3,MSFT,0.1183085908454171,114.0,7.0,True,False
2019-09-02,3,MSFT,0.1218499541434755,79.0,7.0,True,False
2019-09-09,3,MSFT,0.0202462846402314,141.0,7.0,True,False
2019-09-16,3,MSFT,0.2211312061688311,106.0,7.0,True,False
2019-09-23,3,MSFT,-0.0629214049550449,84.0,7.0,True,False
2019-09-30,3,MSFT,0.046443724108171,327.0,7.0,True,False
2019-10-07,3,MSFT,0.0135333168281347,94.0,7.0,True,False
2019-10-14,3,MSFT,0.200287038074901,93.0,6.0,True,False
2019-10-21,3,MSFT,0.1608453953068869,186.0,7.0,True,False
2019-10-28,3,MSFT,0.2061268326530612,126.0,7.0,True,False
2019-11-04,3,MSFT,0.2309110929591836,193.0,7.0,True,False
2019-11-11,3,MSFT,0.1050433315461625,137.0,7.0,True,False
2019-11-18,3,MSFT,-0.0174912997170462,163.0,7.0,True,False
2019-11-25,3,MSFT,0.1789305702380952,45.0,7.0,True,False
2019-12-02,3,MSFT,0.0376662226481501,78.0,7.0,True,False
2019-12-09,3,MSFT,-0.0076044678547016,117.0,7.0,True,False
2019-12-16,3,MSFT,0.0358184258241758,77.0,7.0,True,False
2019-12-23,3,MSFT,0.003031619047619,19.0,7.0,True,False
2019-12-30,3,MSFT,0.1784804537815126,46.0,7.0,True,False
2020-01-06,3,MSFT,0.2133345531746031,53.0,7.0,True,False
2020-01-13,3,MSFT,0.0691273490736621,262.0,7.0,True,False
2020-01-20,3,MSFT,-0.1051259417241417,119.0,7.0,True,False
2020-01-27,3,MSFT,0.0833811005744174,107.0,7.0,True,False
2020-02-03,3,MSFT,-0.0517955085034013,72.0,7.0,True,False
2020-02-10,3,MSFT,-0.0165530833864934,162.0,7.0,True,False
2020-02-17,3,MSFT,0.2828544594387755,118.0,7.0,True,False
2020-02-24,3,MSFT,0.0233140146853149,171.0,7.0,True,False
2020-03-02,3,MSFT,0.1327949067375337,114.0,7.0,True,False
2020-03-09,3,MSFT,-0.1089402334402926,113.0,6.0,True,False
2020-03-16,3,MSFT,0.1324721041882094,144.0,7.0,True,False
2020-03-23,3,MSFT,0.0744372621428571,112.0,7.0,True,False
2020-03-30,3,MSFT,0.173213625928499,127.0,7.0,True,False
2020-04-06,3,MSFT,0.1785483030612245,48.0,7.0,True,False
2020-04-13,3,MSFT,0.1010949554730983,104.0,7.0,True,False
2020-04-20,3,MSFT,0.1946219627630772,91.0,7.0,True,False
2020-04-27,3,MSFT,0.1681352019844712,139.0,7.0,True,False
2020-05-04,3,MSFT,0.0120416452979742,152.0,7.0,True,False
2020-05-11,3,MSFT,0.1069194298399742,119.0,7.0,True,False
2020-05-18,3,MSFT,0.1790555126960901,192.0,7.0,True,False
2020-05-25,3,MSFT,-0.0351013274522712,110.0,7.0,True,False
2020-06-01,3,MSFT,0.2369183136054421,81.0,7.0,True,False
2020-06-08,3,MSFT,-0.0347135889220303,145.0,7.0,True,False
2020-06-15,3,MSFT,0.1993910436507936,126.0,7.0,True,False
2020-06-22,3,MSFT,0.0715928564158996,78.0,7.0,True,False
2020-06-29,3,MSFT,-0.0186942166666666,120.0,7.0,True,False
2020-07-06,3,MSFT,0.2253388662135483,126.0,7.0,True,False
2020-07-13,3,MSFT,0.0476143616213752,208.0,7.0,True,False
2020-07-20,3,MSFT,0.0631156478320802,198.0,7.0,True,False
2020-07-27,3,MSFT,0.1320447779076981,175.0,7.0,True,False
2020-08-03,3,MSFT,0.1059152904847436,290.0,7.0,True,False
2020-08-10,3,MSFT,0.0849634512992285,141.0,7.0,True,False
2020-08-17,3,MSFT,0.0155936827119079,135.0,7.0,True,False
2020-08-24,3,MSFT,0.166109171294305,180.0,7.0,True,False
2020-08-31,3,MSFT,0.2540366583333333,24.0,6.0,True,False
2020-09-07,3,MSFT,0.1356780333333333,51.0,7.0,True,False
2020-09-14,3,MSFT,0.2366565486111111,54.0,6.0,True,False
2020-09-21,3,MSFT,0.2602125109557109,45.0,6.0,True,False
2020-09-28,3,MSFT,0.2579676971861472,45.0,7.0,True,False
2020-10-05,3,MSFT,0.2855091952380952,44.0,7.0,True,False
2020-10-12,3,MSFT,0.3261772171717171,34.0,6.0,True,False
2020-10-19,3,MSFT,0.0702780083333333,40.0,6.0,True,False
2020-10-26,3,MSFT,0.4076115087301587,39.0,7.0,True,False
2020-11-02,3,MSFT,0.4629124190476191,30.0,7.0,True,False
2020-11-09,3,MSFT,-0.0547385969387755,37.0,7.0,True,False
2020-11-16,3,MSFT,0.3613134307081807,42.0,7.0,True,False
2020-11-23,3,MSFT,0.1381607091836734,26.0,7.0,True,False
2020-11-30,3,MSFT,0.02581935,38.0,7.0,True,False
2020-12-07,3,MSFT,0.0478158693877551,27.0,7.0,True,False
2020-12-14,3,MSFT,0.0697532996289424,43.0,7.0,True,False
2020-12-21,3,MSFT,0.1069533955555555,44.0,5.0,True,False
2020-12-28,3,MSFT,-0.4260238488888889,19.0,5.0,True,False
2021-01-04,3,MSFT,0.2653918333333333,14.0,6.0,True,False
2021-01-11,3,MSFT,0.3368185749999999,20.0,6.0,True,False
2021-01-18,3,MSFT,0.1587778206349206,39.0,7.0,True,False
2021-01-25,3,MSFT,0.3903322006578947,47.0,5.0,True,False
2021-02-01,3,MSFT,0.2854799928571428,36.0,7.0,True,False
2021-02-08,3,MSFT,0.0942485666666666,38.0,6.0,True,False
2021-02-15,3,MSFT,0.3635831761904762,29.0,6.0,True,False
2021-02-22,3,MSFT,0.0676249835858585,36.0,6.0,True,False
2021-03-01,3,MSFT,-0.1125936828601005,58.0,7.0,True,False
2021-03-08,3,MSFT,-0.3441398428571428,58.0,7.0,True,False
2021-03-15,3,MSFT,-0.0593888960973863,40.0,7.0,True,False
2021-03-22,3,MSFT,0.1826074976190476,46.0,7.0,True,False
2021-03-29,3,MSFT,0.1196274519230769,40.0,7.0,True,False
2021-04-05,3,MSFT,-0.0716835999999999,13.0,5.0,True,False
2021-04-12,3,MSFT,0.2394376292517006,38.0,7.0,True,False
2021-04-19,3,MSFT,0.3724691105442176,28.0,7.0,True,False
2021-04-26,3,MSFT,0.3075860587301587,44.0,6.0,True,False
2021-05-03,3,MSFT,0.1156795902777777,23.0,6.0,True,False
2021-05-10,3,MSFT,-0.0581737499999999,9.0,4.0,True,False
2021-05-17,3,MSFT,-0.0105979868068439,84.0,7.0,True,False
2021-05-24,3,MSFT,0.161722259018759,39.0,7.0,True,False
2021-05-31,3,MSFT,0.1000873282312925,38.0,7.0,True,False
2021-06-07,3,MSFT,0.1392342013888889,27.0,6.0,True,False
2021-06-14,3,MSFT,-0.003395581292517,63.0,7.0,True,False
2021-06-21,3,MSFT,0.0346638014346764,89.0,7.0,True,False
2021-06-28,3,MSFT,-0.0867774637909709,61.0,7.0,True,False
2021-07-05,3,MSFT,-0.0694004477118119,42.0,7.0,True,False
2021-07-12,3,MSFT,0.253704745490196,37.0,5.0,True,False
2021-07-19,3,MSFT,-0.1533630060327099,59.0,7.0,True,False
2021-07-26,3,MSFT,0.2296899963585434,48.0,6.0,True,False
2021-08-02,3,MSFT,0.2038519421768707,43.0,7.0,True,False
2021-08-09,3,MSFT,0.4442803452380953,30.0,7.0,True,False
2021-08-16,3,MSFT,-0.0313724001831501,26.0,7.0,True,False
2021-08-23,3,MSFT,0.3242807416666666,37.0,6.0,True,False
2021-08-30,3,MSFT,0.2124447578231292,32.0,7.0,True,False
2021-09-06,3,MSFT,0.3046453989795918,37.0,7.0,True,False
2021-09-13,3,MSFT,0.2923788210884354,42.0,7.0,True,False
2021-09-20,3,MSFT,0.1457339160628019,39.0,6.0,True,False
2021-09-27,3,MSFT,0.2555236785714285,37.0,7.0,True,False
2021-10-04,3,MSFT,0.1009624204081632,33.0,7.0,True,False
2021-10-11,3,MSFT,-0.2351919086580086,36.0,7.0,True,False
2021-10-18,3,MSFT,0.1984859766414141,32.0,6.0,True,False
2021-10-25,3,MSFT,0.2657769652777778,43.0,6.0,True,False
2021-11-01,3,MSFT,0.2579332428571428,43.0,7.0,True,False
2021-11-08,3,MSFT,0.3248091261363636,42.0,6.0,True,False
2021-11-15,3,MSFT,0.0586571501267173,40.0,7.0,True,False
2021-11-22,3,MSFT,-0.2221723888888889,11.0,6.0,True,False
2021-11-29,3,MSFT,0.2782869922222222,31.0,5.0,True,False
2021-12-06,3,MSFT,0.1888932128510378,52.0,7.0,True,False
2021-12-13,3,MSFT,-0.3325730928571428,28.0,6.0,True,False
2021-12-20,3,MSFT,-0.03946965,17.0,6.0,True,False
2021-12-27,3,MSFT,0.2157648333333333,8.0,6.0,True,False
2022-01-03,3,MSFT,0.056482748015873,32.0,7.0,True,False
2022-01-10,3,MSFT,0.0656971959379905,60.0,7.0,True,False
2022-01-17,3,MSFT,0.1634025454053193,168.0,7.0,True,False
2022-01-24,3,MSFT,0.2125592558390023,113.0,7.0,True,False
2022-01-31,3,MSFT,0.1662186827380952,86.0,7.0,True,False
2022-02-07,3,MSFT,0.1409137270147433,119.0,6.0,True,False
2022-02-14,3,MSFT,0.0525189034090909,82.0,7.0,True,False
2022-02-21,3,MSFT,0.1282337272632129,58.0,7.0,True,False
2022-02-28,3,MSFT,-0.0249211895552755,141.0,7.0,True,False
2022-03-07,3,MSFT,-0.0076432247186593,85.0,7.0,True,False
2022-03-14,3,MSFT,0.2078957251023486,74.0,7.0,True,False
2022-03-21,3,MSFT,-0.1230656275946276,76.0,6.0,True,False
2022-03-28,3,MSFT,0.1014751333313384,84.0,7.0,True,False
2022-04-04,3,MSFT,0.0617716463435374,72.0,7.0,True,False
2022-04-11,3,MSFT,0.1290139897546897,57.0,7.0,True,False
2022-04-18,3,MSFT,-0.081501048015873,46.0,7.0,True,False
2022-04-25,3,MSFT,0.2251405063131313,79.0,6.0,True,False
2022-05-02,3,MSFT,0.2972696944444444,8.0,3.0,True,False
2022-05-09,3,MSFT,0.3408497476190476,28.0,7.0,True,False
2022-05-16,3,MSFT,0.2915809880952381,35.0,7.0,True,False
2022-05-23,3,MSFT,0.2947904936507936,27.0,7.0,True,False
2022-05-30,3,MSFT,0.1363447234693877,35.0,7.0,True,False
2022-06-06,3,MSFT,0.0314276214285714,24.0,7.0,True,False
2022-06-13,3,MSFT,0.1571389564659197,54.0,7.0,True,False
2022-06-20,3,MSFT,0.0772083799633699,32.0,5.0,True,False
2022-06-27,3,MSFT,0.3142870944444444,18.0,6.0,True,False
2022-07-04,3,MSFT,0.0591969535714285,25.0,7.0,True,False
2022-07-11,3,MSFT,0.075699999137336,50.0,6.0,True,False
2022-07-18,3,MSFT,0.0083566393518518,49.0,6.0,True,False
2022-07-25,3,MSFT,-0.2324147423558897,36.0,7.0,True,False
2022-08-01,3,MSFT,0.0347443095238095,33.0,6.0,True,False
2022-08-08,3,MSFT,0.1929890507936508,38.0,6.0,True,False
2022-08-15,3,MSFT,0.0649264166666666,18.0,5.0,True,False
2022-08-22,3,MSFT,0.1695202872448979,37.0,7.0,True,False
2022-08-29,3,MSFT,0.0368405903679653,44.0,7.0,True,False
2022-09-05,3,MSFT,0.2215657833333333,20.0,6.0,True,False
2022-09-12,3,MSFT,-0.0847580952380952,34.0,7.0,True,False
2022-09-19,3,MSFT,-0.0728148315018315,50.0,7.0,True,False
2022-09-26,3,MSFT,0.1555289674908424,33.0,7.0,True,False
2022-10-03,3,MSFT,-0.2732262166666666,15.0,6.0,True,False
2022-10-10,3,MSFT,0.1702015876623376,70.0,7.0,True,False
2022-10-17,3,MSFT,0.0069413466533466,58.0,7.0,True,False
2022-10-24,3,MSFT,0.1319673738010355,48.0,7.0,True,False
2022-10-31,3,MSFT,0.2877999070294785,32.0,7.0,True,False
2022-11-07,3,MSFT,0.1839321272108843,31.0,7.0,True,False
2022-11-14,3,MSFT,0.3019045833333333,46.0,7.0,True,False
2022-11-21,3,MSFT,0.2536975277777777,29.0,6.0,True,False
2022-11-28,3,MSFT,0.1642026610544217,38.0,7.0,True,False
2022-12-05,3,MSFT,0.2132612857520786,77.0,7.0,True,False
2022-12-12,3,MSFT,0.2484891485260771,72.0,7.0,True,False
2022-12-19,3,MSFT,-0.2455094912698412,40.0,7.0,True,False
2022-12-26,3,MSFT,0.2944737658730158,23.0,6.0,True,False
2023-01-02,3,MSFT,0.2043000347185271,109.0,7.0,True,False
2023-01-09,3,MSFT,0.1820585183982684,83.0,7.0,True,False
2023-01-16,3,MSFT,-0.1880654045831666,143.0,7.0,True,False
2023-01-23,3,MSFT,-0.1193445672789115,119.0,7.0,True,False
2023-01-30,3,MSFT,0.0926296547619047,46.0,7.0,True,False
2023-02-06,3,MSFT,0.1837403969847893,127.0,7.0,True,False
2023-02-13,3,MSFT,-0.0547086480486931,102.0,7.0,True,False
2023-02-20,3,MSFT,0.0628504485346071,100.0,7.0,True,False
2023-02-27,3,MSFT,0.1611897769107643,57.0,7.0,True,False
2023-03-06,3,MSFT,0.0628972095864661,73.0,7.0,True,False
2023-03-13,3,MSFT,0.2274887475963718,83.0,7.0,True,False
2023-03-20,3,MSFT,0.1658972070578231,60.0,7.0,True,False
2023-03-27,3,MSFT,-0.2231979935064935,66.0,7.0,True,False
2023-04-03,3,MSFT,0.1191865027777777,35.0,6.0,True,False
2023-04-10,3,MSFT,-0.0415942714285714,28.0,7.0,True,False
2023-04-17,3,MSFT,0.0382166095238095,45.0,7.0,True,False
2023-04-24,3,MSFT,0.0786126832718345,98.0,7.0,True,False
2023-05-01,3,MSFT,0.219515818792517,55.0,7.0,True,False
2023-05-08,3,MSFT,0.2384166585443967,65.0,7.0,True,False
2023-05-15,3,MSFT,-0.047564477056277,64.0,7.0,True,False
2023-05-22,3,MSFT,-0.0353757976190476,91.0,6.0,True,False
2023-05-29,3,MSFT,0.2738767397959183,45.0,7.0,True,False
2023-06-05,3,MSFT,0.0862361217346938,67.0,7.0,True,False
2023-06-12,3,MSFT,-0.0700054306019377,78.0,7.0,True,False
2023-06-19,3,MSFT,-0.1121751992063492,50.0,5.0,True,False
2023-06-26,3,MSFT,0.0743443571428571,61.0,6.0,True,False
2023-07-03,3,MSFT,-0.0447072738095237,33.0,7.0,True,False
2023-07-10,3,MSFT,-0.1611347430555555,66.0,6.0,True,False
2023-07-17,3,MSFT,-0.0269957444183415,75.0,7.0,True,False
2023-07-24,3,MSFT,0.0225439510526315,62.0,5.0,True,False
2023-07-31,3,MSFT,-0.0103033999338624,38.0,6.0,True,False
2023-08-07,3,MSFT,-0.0959488469387755,20.0,7.0,True,False
2023-08-14,3,MSFT,-0.0469953194444444,24.0,6.0,True,False
2023-08-21,3,MSFT,0.1654433061224489,46.0,7.0,True,False
2023-08-28,3,MSFT,-0.0660387465986394,26.0,7.0,True,False
2023-09-04,3,MSFT,-0.0831793829365079,49.0,7.0,True,False
2023-09-11,3,MSFT,0.0398639599999999,18.0,5.0,True,False
2023-09-18,3,MSFT,-0.1219636986904761,59.0,5.0,True,False
2023-09-25,3,MSFT,0.1315281911375661,45.0,6.0,True,False
2023-10-02,3,MSFT,0.1316733238095238,32.0,7.0,True,False
2023-10-09,3,MSFT,0.0532305449879227,64.0,6.0,True,False
2023-10-16,3,MSFT,0.1139571051587301,30.0,6.0,True,False
2023-10-23,3,MSFT,0.1873892999999999,33.0,6.0,True,False
2023-10-30,3,MSFT,-0.2160945805555555,20.0,6.0,True,False
2023-11-06,3,MSFT,0.0630183055555555,17.0,6.0,True,False
2023-11-13,3,MSFT,0.0523396435374149,59.0,7.0,True,False
2023-11-20,3,MSFT,-0.0981777107344632,134.0,6.0,True,False
2023-11-27,3,MSFT,-0.0811863619047619,47.0,7.0,True,False
2023-12-04,3,MSFT,-0.0705826816635745,54.0,7.0,True,False
2023-12-11,3,MSFT,0.0615985151515151,31.0,7.0,True,False
2023-12-18,3,MSFT,-0.0415210821428571,44.0,7.0,True,False
2023-12-25,3,MSFT,-0.0760004875,53.0,7.0,True,False
2024-01-01,3,MSFT,0.0861598595238095,36.0,7.0,True,False
2024-01-08,3,MSFT,0.2625892973922902,69.0,7.0,True,False
2024-01-15,3,MSFT,0.000671020054945,54.0,7.0,True,False
2024-01-22,3,MSFT,-0.0579341779866332,69.0,7.0,True,False
2024-01-29,3,MSFT,0.023261175,62.0,7.0,True,False
2024-02-05,3,MSFT,0.3022033952642595,78.0,7.0,True,False
2024-02-12,3,MSFT,0.1143405058441558,41.0,7.0,True,False
2024-02-19,3,MSFT,0.2903331301587301,34.0,7.0,True,False
2024-02-26,3,MSFT,-0.0042627184910327,61.0,7.0,True,False
2024-03-04,3,MSFT,-0.2647664229797979,37.0,6.0,True,False
2024-03-11,3,MSFT,0.0506832646258503,31.0,7.0,True,False
2024-03-18,3,MSFT,0.0305298835470085,53.0,6.0,True,False
2024-03-25,3,MSFT,0.1329690547619047,58.0,7.0,True,False
2024-04-01,3,MSFT,-0.1243815279448621,68.0,7.0,True,False
2024-04-08,3,MSFT,0.0327653787284144,61.0,7.0,True,False
2024-04-15,3,MSFT,-0.0965227321428571,50.0,7.0,True,False
2024-04-22,3,MSFT,0.2111805179106607,55.0,7.0,True,False
2024-04-29,3,MSFT,0.1544025663265305,48.0,7.0,True,False
2024-05-06,3,MSFT,-0.0403168799319727,68.0,7.0,True,False
2024-05-13,3,MSFT,-0.0272883658730158,49.0,7.0,True,False
2024-05-20,3,MSFT,0.0230776057341541,103.0,7.0,True,False
2024-05-27,3,MSFT,0.042134300595238,32.0,6.0,True,False
2024-06-03,3,MSFT,-0.3305448488095238,53.0,7.0,True,False
2024-06-10,3,MSFT,0.0526649795918367,61.0,7.0,True,False
2024-06-17,3,MSFT,-0.0527043845029239,57.0,7.0,True,False
2024-06-24,3,MSFT,-0.2120759387755102,45.0,7.0,True,False
2024-07-01,3,MSFT,-0.2136442292517006,32.0,7.0,True,False
2024-07-08,3,MSFT,-0.1578627898863391,68.0,7.0,True,False
2024-07-15,3,MSFT,-0.3679389320846799,489.0,7.0,True,False
2024-07-22,3,MSFT,-0.1181469651098901,68.0,7.0,True,False
2024-07-29,3,MSFT,-0.2520665882034632,56.0,7.0,True,False
2024-08-05,3,MSFT,-0.3310079850958565,49.0,7.0,True,False
2024-08-12,3,MSFT,-0.3803569178571428,21.0,5.0,True,False
2024-08-19,3,MSFT,-0.1634079904761904,31.0,7.0,True,False
2024-08-26,3,MSFT,-0.0396913124999999,31.0,6.0,True,False
2024-09-02,3,MSFT,0.034888824074074,33.0,6.0,True,False
2024-09-09,3,MSFT,0.0509279791053721,62.0,7.0,True,False
2024-09-16,3,MSFT,0.2509656946910343,64.0,7.0,True,False
2024-09-23,3,MSFT,0.0423604499999999,36.0,7.0,True,False
2024-09-30,3,MSFT,-0.0949453479700854,58.0,6.0,True,False
2024-10-07,3,MSFT,-0.0317959666666666,21.0,6.0,True,False
2024-10-14,3,MSFT,0.0184247367346938,20.0,7.0,True,False
2024-10-21,3,MSFT,0.1265855208384208,46.0,6.0,True,False
2024-10-28,3,MSFT,-0.2220437614409399,47.0,7.0,True,False
2024-11-04,3,MSFT,0.2188142726238673,54.0,7.0,True,False
2024-11-11,3,MSFT,-0.0713572000454727,103.0,7.0,True,False
2024-11-18,3,MSFT,0.0027870977185746,91.0,7.0,True,False
2024-11-25,3,MSFT,-0.2518138390051125,119.0,7.0,True,False
2024-12-02,3,MSFT,-0.1899291389865036,97.0,7.0,True,False
2024-12-09,3,MSFT,-0.1749692379794159,128.0,7.0,True,False
2024-12-16,3,MSFT,0.0743001207482993,58.0,7.0,True,False
2024-12-23,3,MSFT,0.0113689169501133,53.0,7.0,True,False
2024-12-30,3,MSFT,0.2729471396258503,57.0,7.0,True,False
2025-01-06,3,MSFT,0.0445714809978135,167.0,7.0,True,False
2025-01-13,3,MSFT,-0.1955171628745811,114.0,7.0,True,False
2025-01-20,3,MSFT,-0.0533531455217984,90.0,7.0,True,False
2025-01-27,3,MSFT,-0.1086755124125808,226.0,7.0,True,False
2025-02-03,3,MSFT,-0.099461502662406,119.0,7.0,True,False
2025-02-10,3,MSFT,0.0435785242773099,94.0,7.0,True,False
2025-02-17,3,MSFT,0.003390919150884,153.0,7.0,True,False
2025-02-24,3,MSFT,-0.2365974976551634,185.0,7.0,True,False
2025-03-03,3,MSFT,0.0114656122048819,112.0,7.0,True,False
2025-03-10,3,MSFT,-0.0353076069638381,97.0,7.0,True,False
2025-03-17,3,MSFT,0.0066539545018007,91.0,7.0,True,False
2025-03-24,3,MSFT,-0.0368206894736842,85.0,7.0,True,False
2025-03-31,3,MSFT,0.0140350297105747,212.0,7.0,True,False
2025-04-07,3,MSFT,-0.2861345581254962,161.0,7.0,True,False
2025-04-14,3,MSFT,-0.2391624141620285,81.0,7.0,True,False
2025-04-21,3,MSFT,-0.0005015265056022,88.0,7.0,True,False
2025-04-28,3,MSFT,0.0519706458654573,222.0,7.0,True,False
2025-05-05,3,MSFT,-0.1374526722886762,150.0,7.0,True,False
2025-05-12,3,MSFT,-0.2505589068823186,204.0,7.0,True,False
2025-05-19,3,MSFT,-0.1756800272526368,245.0,7.0,True,False
2025-05-26,3,MSFT,-0.1339771224489795,120.0,7.0,True,False
2025-06-02,3,MSFT,-0.0172925113397383,109.0,7.0,True,False
2025-06-09,3,MSFT,-0.0576683150448585,90.0,7.0,True,False
2025-06-16,3,MSFT,-0.2156198247657756,145.0,7.0,True,False
2025-06-23,3,MSFT,-0.0922900098330241,147.0,7.0,True,False
2025-06-30,3,MSFT,-0.3077682107967429,223.0,7.0,True,False
2025-07-07,3,MSFT,-0.1136830647578688,155.0,7.0,True,False
2025-07-14,3,MSFT,-0.2030545477194562,125.0,7.0,True,False
2025-07-21,3,MSFT,-0.3112742608325621,260.0,7.0,True,False
2025-07-28,3,MSFT,-0.1155504772441319,254.0,7.0,True,False
2025-08-04,3,MSFT,-0.1610315928371348,129.0,7.0,True,False
2025-08-11,3,MSFT,-0.0836462697802197,103.0,7.0,True,False
2025-08-18,3,MSFT,-0.1769363772630982,146.0,7.0,True,False
2025-08-25,3,MSFT,-0.1761842423943658,148.0,7.0,True,False
2025-09-01,3,MSFT,-0.037961271236126,98.0,7.0,True,False
2025-09-08,3,MSFT,-0.1213578763905562,129.0,7.0,True,False
2025-09-15,3,MSFT,0.0333282247558642,146.0,7.0,True,False
2025-09-22,3,MSFT,-0.1765730285416985,170.0,7.0,True,False
2025-09-29,3,MSFT,0.0442605242678826,134.0,7.0,True,False
2025-10-06,3,MSFT,-0.0968950286271757,125.0,7.0,True,False
2025-10-13,3,MSFT,-0.0170429969764464,115.0,6.0,True,False
2025-10-20,3,MSFT,-0.064547960171501,161.0,7.0,True,False
2025-10-27,3,MSFT,-0.0874613235624989,250.0,7.0,True,False
2025-11-03,3,MSFT,-0.1071842329709835,121.0,7.0,True,False
2025-11-10,3,MSFT,0.0608074551820728,73.0,7.0,True,False
2025-11-17,3,MSFT,-0.1246828260770975,51.0,7.0,True,False
2025-11-24,3,MSFT,-0.1500411861471861,32.0,7.0,True,False
2025-12-01,3,MSFT,-0.0128501623376623,40.0,7.0,True,False
2025-12-08,3,MSFT,0.2937640347018662,113.0,7.0,True,False
2025-12-15,3,MSFT,0.1763978619047619,33.0,7.0,True,False
2025-12-22,3,MSFT,-0.0775100523809523,30.0,7.0,True,False
2025-12-29,3,MSFT,-0.1868646666666666,13.0,3.0,True,False
2015-01-05,35,MS,-0.1062280924873737,58.0,6.0,True,False
2015-01-12,35,MS,0.0742691428571428,53.0,7.0,True,False
2015-01-19,35,MS,0.0146745547619047,52.0,7.0,True,False
2015-01-26,35,MS,-0.0244486357142857,26.0,7.0,True,False
2015-02-02,35,MS,-0.0308351760204081,35.0,7.0,True,False
2015-02-09,35,MS,0.0289435918367346,35.0,7.0,True,False
2015-02-16,35,MS,-0.0016362202380952,28.0,7.0,True,False
2015-02-23,35,MS,-0.0067512076923076,49.0,7.0,True,False
2015-03-02,35,MS,0.1283982017857143,41.0,7.0,True,False
2015-03-09,35,MS,0.2250530139455782,38.0,7.0,True,False
2015-03-16,35,MS,0.0848171558956916,58.0,7.0,True,False
2015-03-23,35,MS,0.1293039140989729,62.0,7.0,True,False
2015-03-30,35,MS,0.0444885928571428,29.0,7.0,True,False
2015-04-06,35,MS,0.0247748027210884,39.0,7.0,True,False
2015-04-13,35,MS,0.1287149055555555,25.0,6.0,True,False
2015-04-20,35,MS,0.267664753968254,52.0,7.0,True,False
2015-04-27,35,MS,0.0938855761904762,23.0,7.0,True,False
2015-05-04,35,MS,-0.0302824380952381,31.0,7.0,True,False
2015-05-11,35,MS,-0.1547776233164983,29.0,6.0,True,False
2015-05-18,35,MS,-0.0828623202380952,34.0,7.0,True,False
2015-05-25,35,MS,0.1762236273809523,23.0,6.0,True,False
2015-06-01,35,MS,0.1613290952380952,24.0,7.0,True,False
2015-06-08,35,MS,0.1843709543650793,36.0,7.0,True,False
2015-06-15,35,MS,0.0719249647495362,49.0,7.0,True,False
2015-06-22,35,MS,0.1435566960420532,55.0,7.0,True,False
2015-06-29,35,MS,0.1257804168367347,26.0,7.0,True,False
2015-07-06,35,MS,0.2291228964803312,47.0,7.0,True,False
2015-07-13,35,MS,-0.1842790288461538,30.0,6.0,True,False
2015-07-20,35,MS,-0.0674875634920634,45.0,7.0,True,False
2015-07-27,35,MS,0.2375582527777777,23.0,6.0,True,False
2015-08-03,35,MS,0.0376959246031746,24.0,6.0,True,False
2015-08-10,35,MS,0.1695077789115646,32.0,7.0,True,False
2015-08-17,35,MS,0.2124371666666666,38.0,7.0,True,False
2015-08-24,35,MS,-0.0319191428571428,26.0,7.0,True,False
2015-08-31,35,MS,0.1523784324786325,33.0,6.0,True,False
2015-09-07,35,MS,0.1436558607142857,28.0,7.0,True,False
2015-09-14,35,MS,0.0052114583333333,42.0,7.0,True,False
2015-09-21,35,MS,0.0283891349206349,47.0,7.0,True,False
2015-09-28,35,MS,0.0519201990450026,53.0,7.0,True,False
2015-10-05,35,MS,-0.0041504167303284,76.0,7.0,True,False
2015-10-12,35,MS,0.0569571722789115,55.0,7.0,True,False
2015-10-19,35,MS,-0.023256999078341,83.0,7.0,True,False
2015-10-26,35,MS,0.100047088095238,41.0,7.0,True,False
2015-11-02,35,MS,0.0457564547619047,40.0,7.0,True,False
2015-11-09,35,MS,0.0997838428571428,22.0,6.0,True,False
2015-11-16,35,MS,0.0139658805555555,27.0,6.0,True,False
2015-11-23,35,MS,0.1846644319727891,25.0,7.0,True,False
2015-11-30,35,MS,0.199944273015873,36.0,6.0,True,False
2015-12-07,35,MS,-0.062754060064935,75.0,7.0,True,False
2015-12-14,35,MS,-0.0313910957482993,47.0,7.0,True,False
2015-12-21,35,MS,0.0344556802721088,46.0,7.0,True,False
2015-12-28,35,MS,0.222604265079365,30.0,6.0,True,False
2016-01-04,35,MS,0.0644770275200989,49.0,7.0,True,False
2016-01-11,35,MS,0.021323097960537,145.0,7.0,True,False
2016-01-18,35,MS,0.0803398817536105,125.0,7.0,True,False
2016-01-25,35,MS,0.1497563287157287,56.0,7.0,True,False
2016-02-01,35,MS,0.0157279587912087,56.0,7.0,True,False
2016-02-08,35,MS,-0.031016133452262,67.0,7.0,True,False
2016-02-15,35,MS,0.1453232152861144,47.0,7.0,True,False
2016-02-22,35,MS,0.08359264478951,88.0,7.0,True,False
2016-02-29,35,MS,0.0708306324143692,82.0,7.0,True,False
2016-03-07,35,MS,0.1754003748299319,75.0,7.0,True,False
2016-03-14,35,MS,0.1067799434565434,74.0,7.0,True,False
2016-03-21,35,MS,0.0662138862307576,122.0,7.0,True,False
2016-03-28,35,MS,-0.0702743028065927,98.0,7.0,True,False
2016-04-04,35,MS,0.167141143549579,93.0,7.0,True,False
2016-04-11,35,MS,0.0951989658643361,100.0,7.0,True,False
2016-04-18,35,MS,-0.0210926681972789,86.0,7.0,True,False
2016-04-25,35,MS,-0.0395986807874664,63.0,7.0,True,False
2016-05-02,35,MS,0.1347519736961451,68.0,7.0,True,False
2016-05-09,35,MS,-0.0676636151828847,69.0,7.0,True,False
2016-05-16,35,MS,0.1245850059523809,52.0,7.0,True,False
2016-05-23,35,MS,0.1203892710884353,73.0,7.0,True,False
2016-05-30,35,MS,-0.0533224634920634,86.0,7.0,True,False
2016-06-06,35,MS,0.032539577258176,96.0,7.0,True,False
2016-06-13,35,MS,0.1658236990022675,107.0,7.0,True,False
2016-06-20,35,MS,0.0350125292232277,84.0,7.0,True,False
2016-06-27,35,MS,0.0320904099339735,80.0,7.0,True,False
2016-07-04,35,MS,0.0969147440392823,109.0,7.0,True,False
2016-07-11,35,MS,0.0387852739229024,56.0,7.0,True,False
2016-07-18,35,MS,0.1300796240568955,79.0,7.0,True,False
2016-07-25,35,MS,0.1314758190655209,65.0,7.0,True,False
2016-08-01,35,MS,0.00677118001443,51.0,7.0,True,False
2016-08-08,35,MS,0.0523969016202913,119.0,7.0,True,False
2016-08-15,35,MS,0.0709272904555761,73.0,7.0,True,False
2016-08-22,35,MS,0.0316571693089721,121.0,7.0,True,False
2016-08-29,35,MS,-0.0737053304421768,82.0,7.0,True,False
2016-09-05,35,MS,0.0256748383093097,88.0,7.0,True,False
2016-09-12,35,MS,0.0138028308239379,91.0,7.0,True,False
2016-09-19,35,MS,0.1705285221439698,126.0,7.0,True,False
2016-09-26,35,MS,0.1066685605569032,267.0,7.0,True,False
2016-10-03,35,MS,0.0762988601105244,162.0,7.0,True,False
2016-10-10,35,MS,0.0857791989272982,98.0,7.0,True,False
2016-10-17,35,MS,0.2448491371472159,128.0,7.0,True,False
2016-10-24,35,MS,0.2133830047110798,120.0,7.0,True,False
2016-10-31,35,MS,0.1119439986928982,82.0,7.0,True,False
2016-11-07,35,MS,0.1439763250915751,42.0,7.0,True,False
2016-11-14,35,MS,0.0178578748299319,40.0,7.0,True,False
2016-11-21,35,MS,-0.0508483363636363,45.0,6.0,True,False
2016-11-28,35,MS,-0.0608923014461384,62.0,6.0,True,False
2016-12-05,35,MS,0.0744662264652014,70.0,7.0,True,False
2016-12-12,35,MS,0.0688478446712018,39.0,7.0,True,False
2016-12-19,35,MS,0.0029167817099567,70.0,7.0,True,False
2016-12-26,35,MS,0.0232473400226757,50.0,7.0,True,False
2017-01-02,35,MS,0.1278973046219179,285.0,7.0,True,False
2017-01-09,35,MS,0.0808447500156985,249.0,7.0,True,False
2017-01-16,35,MS,0.126038160634746,178.0,7.0,True,False
2017-01-23,35,MS,0.0979159864097968,129.0,7.0,True,False
2017-01-30,35,MS,0.1558695827613758,113.0,7.0,True,False
2017-02-06,35,MS,0.1430972257730365,57.0,7.0,True,False
2017-02-13,35,MS,-0.0001188981243693,115.0,7.0,True,False
2017-02-20,35,MS,0.1013351482173132,124.0,7.0,True,False
2017-02-27,35,MS,-0.0056015393065998,91.0,6.0,True,False
2017-03-06,35,MS,0.088269301037851,63.0,7.0,True,False
2017-03-13,35,MS,-0.0373727884099482,135.0,7.0,True,False
2017-03-20,35,MS,0.0128552359243697,83.0,7.0,True,False
2017-03-27,35,MS,0.0075369809010783,119.0,7.0,True,False
2017-04-03,35,MS,-0.052921101730231,149.0,7.0,True,False
2017-04-10,35,MS,0.1321334519635496,119.0,7.0,True,False
2017-04-17,35,MS,0.0712668997653837,172.0,7.0,True,False
2017-04-24,35,MS,0.1072602605362144,119.0,7.0,True,False
2017-05-01,35,MS,0.0989845822954181,91.0,7.0,True,False
2017-05-08,35,MS,0.0340790535536926,128.0,7.0,True,False
2017-05-15,35,MS,0.0888583353094907,167.0,7.0,True,False
2017-05-22,35,MS,0.0665295951714696,150.0,7.0,True,False
2017-05-29,35,MS,0.0999491907675657,127.0,7.0,True,False
2017-06-05,35,MS,0.0829845669783064,99.0,7.0,True,False
2017-06-12,35,MS,0.1221388741341991,145.0,7.0,True,False
2017-06-19,35,MS,0.1975728976470588,99.0,7.0,True,False
2017-06-26,35,MS,0.0970064158032443,106.0,7.0,True,False
2017-07-03,35,MS,0.1027539627230241,193.0,7.0,True,False
2017-07-10,35,MS,0.0438005362349631,119.0,7.0,True,False
2017-07-17,35,MS,0.1204111269871002,111.0,7.0,True,False
2017-07-24,35,MS,0.1333829977891156,57.0,7.0,True,False
2017-07-31,35,MS,0.2044468315672422,52.0,7.0,True,False
2017-08-07,35,MS,0.2294958902763902,57.0,7.0,True,False
2017-08-14,35,MS,0.0598642540873934,147.0,7.0,True,False
2017-08-21,35,MS,0.1606315692933632,116.0,7.0,True,False
2017-08-28,35,MS,0.2592444955622892,154.0,7.0,True,False
2017-09-04,35,MS,0.0895950607448107,78.0,7.0,True,False
2017-09-11,35,MS,0.2014257674603174,106.0,7.0,True,False
2017-09-18,35,MS,0.2267606737431543,189.0,7.0,True,False
2017-09-25,35,MS,0.1182624126504447,74.0,7.0,True,False
2017-10-02,35,MS,0.1874880594153132,108.0,7.0,True,False
2017-10-09,35,MS,0.0716542642464678,79.0,7.0,True,False
2017-10-16,35,MS,0.1822732976190475,77.0,7.0,True,False
2017-10-23,35,MS,0.0396811849294496,81.0,7.0,True,False
2017-10-30,35,MS,-0.0325858331053866,104.0,7.0,True,False
2017-11-06,35,MS,0.0474514391990753,188.0,7.0,True,False
2017-11-13,35,MS,0.1694745846153846,116.0,7.0,True,False
2017-11-20,35,MS,0.1349072856792717,81.0,7.0,True,False
2017-11-27,35,MS,0.1300819067099567,107.0,7.0,True,False
2017-12-04,35,MS,0.0732122478452919,156.0,7.0,True,False
2017-12-11,35,MS,0.0529795862698412,103.0,7.0,True,False
2017-12-18,35,MS,0.1376619505875077,101.0,7.0,True,False
2017-12-25,35,MS,0.0579701786616161,73.0,6.0,True,False
2018-01-01,35,MS,0.1859801458307007,86.0,7.0,True,False
2018-01-08,35,MS,0.1255809289115646,68.0,7.0,True,False
2018-01-15,35,MS,0.1161004210633412,118.0,7.0,True,False
2018-01-22,35,MS,0.1236199708101422,88.0,7.0,True,False
2018-01-29,35,MS,0.1061886372454926,101.0,7.0,True,False
2018-02-05,35,MS,0.0044872653628118,72.0,7.0,True,False
2018-02-12,35,MS,0.0889839517726062,78.0,7.0,True,False
2018-02-19,35,MS,0.0102787894971695,125.0,7.0,True,False
2018-02-26,35,MS,0.0860001805422837,111.0,7.0,True,False
2018-03-05,35,MS,0.0383005437836673,89.0,7.0,True,False
2018-03-12,35,MS,0.153238387755102,55.0,7.0,True,False
2018-03-19,35,MS,0.1239865466810967,63.0,7.0,True,False
2018-03-26,35,MS,-0.0400996818181818,51.0,6.0,True,False
2018-04-02,35,MS,0.0540941893217893,136.0,7.0,True,False
2018-04-09,35,MS,0.189478861009667,52.0,7.0,True,False
2018-04-16,35,MS,0.1265099961357945,133.0,7.0,True,False
2018-04-23,35,MS,0.0940723232713085,85.0,7.0,True,False
2018-04-30,35,MS,0.0623368866587046,119.0,7.0,True,False
2018-05-07,35,MS,0.1233965289615146,99.0,7.0,True,False
2018-05-14,35,MS,0.0592564712262257,95.0,7.0,True,False
2018-05-21,35,MS,0.0746702680498866,103.0,7.0,True,False
2018-05-28,35,MS,0.1110629674697834,97.0,7.0,True,False
2018-06-04,35,MS,0.0749830130488559,58.0,7.0,True,False
2018-06-11,35,MS,0.1322959198960043,86.0,7.0,True,False
2018-06-18,35,MS,-0.0788986480545248,63.0,7.0,True,False
2018-06-25,35,MS,0.0814622158420944,74.0,7.0,True,False
2018-07-02,35,MS,0.136538390869448,163.0,7.0,True,False
2018-07-09,35,MS,0.1356048147450324,136.0,7.0,True,False
2018-07-16,35,MS,0.0523001393307266,155.0,7.0,True,False
2018-07-23,35,MS,0.0840982542774685,108.0,7.0,True,False
2018-07-30,35,MS,0.0054710779383659,78.0,7.0,True,False
2018-08-06,35,MS,0.1658609599773242,58.0,7.0,True,False
2018-08-13,35,MS,0.0239037719387755,28.0,7.0,True,False
2018-08-20,35,MS,0.1668350275510204,44.0,7.0,True,False
2018-08-27,35,MS,0.1216406857142857,36.0,7.0,True,False
2018-09-03,35,MS,-0.0371553786848072,32.0,7.0,True,False
2018-09-10,35,MS,0.1472066402777777,26.0,6.0,True,False
2018-09-17,35,MS,0.0461642913110698,39.0,7.0,True,False
2018-09-24,35,MS,0.0424266220826792,85.0,7.0,True,False
2018-10-01,35,MS,0.016893135515873,43.0,7.0,True,False
2018-10-08,35,MS,-0.0320591774447774,68.0,7.0,True,False
2018-10-15,35,MS,0.1878114178571428,46.0,7.0,True,False
2018-10-22,35,MS,-0.0070627219387755,105.0,7.0,True,False
2018-10-29,35,MS,-0.0270821326449947,120.0,7.0,True,False
2018-11-05,35,MS,-0.0233171904761904,16.0,4.0,True,False
2018-11-12,35,MS,0.1707048047619047,39.0,7.0,True,False
2018-11-19,35,MS,0.1479538095238095,32.0,7.0,True,False
2018-11-26,35,MS,0.1299007295964269,84.0,7.0,True,False
2018-12-03,35,MS,-0.0220468477669328,75.0,7.0,True,False
2018-12-10,35,MS,0.0766259667979472,61.0,7.0,True,False
2018-12-17,35,MS,0.1607060904761905,61.0,7.0,True,False
2018-12-24,35,MS,0.0569921274955203,73.0,7.0,True,False
2018-12-31,35,MS,0.0550754464285714,40.0,7.0,True,False
2019-01-07,35,MS,0.2127242113906926,79.0,7.0,True,False
2019-01-14,35,MS,0.0940893319226819,211.0,7.0,True,False
2019-01-21,35,MS,0.0279452605975723,73.0,7.0,True,False
2019-01-28,35,MS,0.0753590530972995,95.0,7.0,True,False
2019-02-04,35,MS,0.0496503530906069,112.0,7.0,True,False
2019-02-11,35,MS,0.1585686922284065,89.0,7.0,True,False
2019-02-18,35,MS,0.1447731848484847,46.0,7.0,True,False
2019-02-25,35,MS,0.1965833698733727,120.0,7.0,True,False
2019-03-04,35,MS,0.1174941515088636,177.0,7.0,True,False
2019-03-11,35,MS,0.0859287551508641,132.0,7.0,True,False
2019-03-18,35,MS,0.0921879639366273,107.0,7.0,True,False
2019-03-25,35,MS,0.0298942007561645,89.0,7.0,True,False
2019-04-01,35,MS,0.0782964457908163,121.0,7.0,True,False
2019-04-08,35,MS,-0.0530279354016378,201.0,7.0,True,False
2019-04-15,35,MS,0.0500023190985485,145.0,7.0,True,False
2019-04-22,35,MS,0.0352546180944592,235.0,7.0,True,False
2019-04-29,35,MS,0.0216219922056701,150.0,7.0,True,False
2019-05-06,35,MS,0.0530518841837675,148.0,7.0,True,False
2019-05-13,35,MS,0.0251724223426757,145.0,7.0,True,False
2019-05-20,35,MS,0.0977833524603174,97.0,7.0,True,False
2019-05-27,35,MS,0.1170264247252747,96.0,7.0,True,False
2019-06-03,35,MS,0.0235098051504255,201.0,7.0,True,False
2019-06-10,35,MS,0.1213774395963513,101.0,7.0,True,False
2019-06-17,35,MS,0.0946284100296528,68.0,7.0,True,False
2019-06-24,35,MS,0.040456438967288,121.0,7.0,True,False
2019-07-01,35,MS,0.0235946379221948,206.0,7.0,True,False
2019-07-08,35,MS,0.018595655787229,243.0,7.0,True,False
2019-07-15,35,MS,0.077239764466926,199.0,7.0,True,False
2019-07-22,35,MS,0.1178041053957946,137.0,7.0,True,False
2019-07-29,35,MS,0.0755462104591836,91.0,7.0,True,False
2019-08-05,35,MS,0.0791001265574651,79.0,7.0,True,False
2019-08-12,35,MS,0.0081988721188475,70.0,7.0,True,False
2019-08-19,35,MS,0.1416779060915275,63.0,7.0,True,False
2019-08-26,35,MS,0.1132483970212327,89.0,7.0,True,False
2019-09-02,35,MS,0.0608044392857142,50.0,7.0,True,False
2019-09-09,35,MS,0.0306134709690066,123.0,7.0,True,False
2019-09-16,35,MS,0.036007492063492,83.0,7.0,True,False
2019-09-23,35,MS,0.1070887496341586,127.0,7.0,True,False
2019-09-30,35,MS,0.0566563630952381,39.0,7.0,True,False
2019-10-07,35,MS,0.1166669421768707,73.0,7.0,True,False
2019-10-14,35,MS,0.2116138214285714,81.0,7.0,True,False
2019-10-21,35,MS,0.1029474262729246,158.0,7.0,True,False
2019-10-28,35,MS,0.1646317773036487,44.0,7.0,True,False
2019-11-04,35,MS,0.0314051560329394,101.0,7.0,True,False
2019-11-11,35,MS,0.0482957313311688,74.0,7.0,True,False
2019-11-18,35,MS,0.1841563930272109,79.0,7.0,True,False
2019-11-25,35,MS,0.0144212225306525,130.0,7.0,True,False
2019-12-02,35,MS,0.0980974044656324,86.0,7.0,True,False
2019-12-09,35,MS,0.0479963006168831,124.0,7.0,True,False
2019-12-16,35,MS,-0.0048312904491351,82.0,7.0,True,False
2019-12-23,35,MS,0.0489185000282326,91.0,7.0,True,False
2019-12-30,35,MS,-0.0186034460034013,57.0,7.0,True,False
2020-01-06,35,MS,0.0339584641108891,99.0,7.0,True,False
2020-01-13,35,MS,0.0287013681318681,161.0,7.0,True,False
2020-01-20,35,MS,0.0975174268707482,71.0,7.0,True,False
2020-01-27,35,MS,0.0497730406306112,71.0,7.0,True,False
2020-02-03,35,MS,0.151973680113385,71.0,7.0,True,False
2020-02-10,35,MS,0.1276033206782713,60.0,7.0,True,False
2020-02-17,35,MS,0.0356845002267573,81.0,7.0,True,False
2020-02-24,35,MS,0.0807465099773242,80.0,7.0,True,False
2020-03-02,35,MS,0.1063947255116539,109.0,7.0,True,False
2020-03-09,35,MS,0.0319186264500537,78.0,7.0,True,False
2020-03-16,35,MS,0.1049466947990397,73.0,7.0,True,False
2020-03-23,35,MS,0.0017296800777724,112.0,7.0,True,False
2020-03-30,35,MS,0.1645773482874883,113.0,7.0,True,False
2020-04-06,35,MS,0.1382621592462626,110.0,7.0,True,False
2020-04-13,35,MS,0.1040931712992166,153.0,7.0,True,False
2020-04-20,35,MS,0.1925134346938775,121.0,7.0,True,False
2020-04-27,35,MS,0.1115620897631181,108.0,7.0,True,False
2020-05-04,35,MS,0.0934855593253968,125.0,7.0,True,False
2020-05-11,35,MS,0.0987413054761904,117.0,7.0,True,False
2020-05-18,35,MS,0.2157295766156462,78.0,7.0,True,False
2020-05-25,35,MS,0.170349652483231,106.0,7.0,True,False
2020-06-01,35,MS,0.0761101584883554,129.0,7.0,True,False
2020-06-08,35,MS,0.1960383996858236,137.0,7.0,True,False
2020-06-15,35,MS,0.0381095065453047,194.0,7.0,True,False
2020-06-22,35,MS,0.1027923135636863,121.0,7.0,True,False
2020-06-29,35,MS,0.172476177324263,103.0,7.0,True,False
2020-07-06,35,MS,0.1086488287444337,216.0,7.0,True,False
2020-07-13,35,MS,0.1380034710348475,96.0,7.0,True,False
2020-07-20,35,MS,0.070150618707483,73.0,7.0,True,False
2020-07-27,35,MS,0.0745804967120181,91.0,7.0,True,False
2020-08-03,35,MS,0.1834656423146611,70.0,7.0,True,False
2020-08-10,35,MS,0.2078278619130802,388.0,7.0,True,False
2020-08-17,35,MS,0.1853154388183941,282.0,7.0,True,False
2020-08-24,35,MS,0.1776968237223094,86.0,7.0,True,False
2020-08-31,35,MS,0.0367950145613158,100.0,7.0,True,False
2020-09-07,35,MS,0.0972853965522572,111.0,7.0,True,False
2020-09-14,35,MS,0.1707524553830354,166.0,7.0,True,False
2020-09-21,35,MS,0.0116559956341813,217.0,7.0,True,False
2020-09-28,35,MS,0.0781930456638599,190.0,7.0,True,False
2020-10-05,35,MS,0.0551844602296218,153.0,7.0,True,False
2020-10-12,35,MS,-0.0823801893437135,154.0,7.0,True,False
2020-10-19,35,MS,0.0974393318758397,145.0,7.0,True,False
2020-10-26,35,MS,0.1289310314682595,112.0,7.0,True,False
2020-11-02,35,MS,0.0845530901836258,77.0,7.0,True,False
2020-11-09,35,MS,0.0824816538919413,63.0,6.0,True,False
2020-11-16,35,MS,0.1890670158503401,79.0,7.0,True,False
2020-11-23,35,MS,0.1248020022408963,70.0,7.0,True,False
2020-11-30,35,MS,0.1393611191130298,60.0,7.0,True,False
2020-12-07,35,MS,0.1239110865384615,73.0,7.0,True,False
2020-12-14,35,MS,0.0591421192743764,58.0,7.0,True,False
2020-12-21,35,MS,0.2125264295450163,53.0,6.0,True,False
2020-12-28,35,MS,0.2816811327838828,49.0,7.0,True,False
2021-01-04,35,MS,0.1611935864730507,52.0,7.0,True,False
2021-01-11,35,MS,0.0318181642857142,43.0,7.0,True,False
2021-01-18,35,MS,0.2231422490196078,64.0,6.0,True,False
2021-01-25,35,MS,0.195491425170068,48.0,7.0,True,False
2021-02-01,35,MS,0.1409866459183673,55.0,7.0,True,False
2021-02-08,35,MS,0.1519088857142857,34.0,6.0,True,False
2021-02-15,35,MS,0.0825004509148487,91.0,7.0,True,False
2021-02-22,35,MS,0.096773480293516,80.0,7.0,True,False
2021-03-01,35,MS,0.091059609398702,76.0,7.0,True,False
2021-03-08,35,MS,0.066385490517419,59.0,7.0,True,False
2021-03-15,35,MS,0.1399953163771919,88.0,7.0,True,False
2021-03-22,35,MS,0.1055897479901051,54.0,7.0,True,False
2021-03-29,35,MS,0.0969345004174397,96.0,7.0,True,False
2021-04-05,35,MS,0.1943296343103638,101.0,7.0,True,False
2021-04-12,35,MS,0.1759459420460492,107.0,7.0,True,False
2021-04-19,35,MS,0.1434802989193346,141.0,7.0,True,False
2021-04-26,35,MS,0.1886664471655328,58.0,7.0,True,False
2021-05-03,35,MS,0.162991156462585,47.0,7.0,True,False
2021-05-10,35,MS,0.0395373010204081,43.0,7.0,True,False
2021-05-17,35,MS,0.106711450340136,61.0,7.0,True,False
2021-05-24,35,MS,0.0827394179070929,70.0,7.0,True,False
2021-05-31,35,MS,0.0970339464441497,87.0,7.0,True,False
2021-06-07,35,MS,0.0780229442110177,82.0,7.0,True,False
2021-06-14,35,MS,0.0664127919198448,87.0,7.0,True,False
2021-06-21,35,MS,0.0934508493197279,79.0,7.0,True,False
2021-06-28,35,MS,0.2033210061272061,59.0,7.0,True,False
2021-07-05,35,MS,0.1446966549442044,102.0,7.0,True,False
2021-07-12,35,MS,0.0984042898307807,59.0,7.0,True,False
2021-07-19,35,MS,0.0890825222222222,37.0,7.0,True,False
2021-07-26,35,MS,0.1216103005702281,72.0,7.0,True,False
2021-08-02,35,MS,-0.0008508829545454,50.0,7.0,True,False
2021-08-09,35,MS,-0.0151377603174603,66.0,7.0,True,False
2021-08-16,35,MS,0.1368974923087416,67.0,7.0,True,False
2021-08-23,35,MS,-0.0910265785714285,33.0,7.0,True,False
2021-08-30,35,MS,0.1463860746031746,49.0,7.0,True,False
2021-09-06,35,MS,0.0895169043684793,146.0,7.0,True,False
2021-09-13,35,MS,0.1361249494047619,94.0,7.0,True,False
2021-09-20,35,MS,0.190971499720914,98.0,7.0,True,False
2021-09-27,35,MS,0.1163263148693406,130.0,7.0,True,False
2021-10-04,35,MS,0.1115383996425128,122.0,7.0,True,False
2021-10-11,35,MS,0.1817918508082946,235.0,7.0,True,False
2021-10-18,35,MS,0.1550400612265512,105.0,7.0,True,False
2021-10-25,35,MS,0.0963140657171002,74.0,7.0,True,False
2021-11-01,35,MS,0.0468326804421768,53.0,7.0,True,False
2021-11-08,35,MS,0.0961666683673469,60.0,7.0,True,False
2021-11-15,35,MS,0.187168887963064,77.0,7.0,True,False
2021-11-22,35,MS,0.0296582756648113,44.0,7.0,True,False
2021-11-29,35,MS,-0.0434823698439375,70.0,7.0,True,False
2021-12-06,35,MS,0.1469203142757102,54.0,7.0,True,False
2021-12-13,35,MS,0.0899148103313353,60.0,7.0,True,False
2021-12-20,35,MS,0.2062025773148148,64.0,6.0,True,False
2021-12-27,35,MS,-0.0086108212259962,62.0,7.0,True,False
2022-01-03,35,MS,0.0470249880952381,57.0,7.0,True,False
2022-01-10,35,MS,0.1744336123210123,48.0,7.0,True,False
2022-01-17,35,MS,0.1667980023809523,49.0,7.0,True,False
2022-01-24,35,MS,0.2847291700680272,56.0,7.0,True,False
2022-01-31,35,MS,0.1358231272108843,88.0,7.0,True,False
2022-02-07,35,MS,0.1466577508063365,72.0,7.0,True,False
2022-02-14,35,MS,0.0169929779141493,61.0,7.0,True,False
2022-02-21,35,MS,0.1691840286630036,74.0,7.0,True,False
2022-02-28,35,MS,0.1944825337301587,34.0,6.0,True,False
2022-03-07,35,MS,0.0994879102014651,96.0,7.0,True,False
2022-03-14,35,MS,0.0845172754792826,68.0,7.0,True,False
2022-03-21,35,MS,0.117152087106534,178.0,7.0,True,False
2022-03-28,35,MS,0.1831844281482928,93.0,7.0,True,False
2022-04-04,35,MS,0.0713254792518406,74.0,7.0,True,False
2022-04-11,35,MS,0.2203706449999999,28.0,5.0,True,False
2022-04-18,35,MS,0.1720817926308984,66.0,7.0,True,False
2022-04-25,35,MS,-0.1046550464852607,40.0,7.0,True,False
2022-05-02,35,MS,0.0648935663919414,49.0,7.0,True,False
2022-05-09,35,MS,0.0916581634627277,146.0,7.0,True,False
2022-05-16,35,MS,0.0368134488005728,104.0,7.0,True,False
2022-05-23,35,MS,0.1755363327458256,44.0,7.0,True,False
2022-05-30,35,MS,0.1080214518037517,76.0,7.0,True,False
2022-06-06,35,MS,0.2019270792430609,124.0,7.0,True,False
2022-06-13,35,MS,0.0870891232636644,64.0,7.0,True,False
2022-06-20,35,MS,0.1616061310647336,70.0,7.0,True,False
2022-06-27,35,MS,-0.0609587169774669,102.0,7.0,True,False
2022-07-04,35,MS,0.2365814680045981,136.0,7.0,True,False
2022-07-11,35,MS,0.0465547041975881,90.0,7.0,True,False
2022-07-18,35,MS,0.0964539010916406,89.0,7.0,True,False
2022-07-25,35,MS,0.0684850988095238,62.0,7.0,True,False
2022-08-01,35,MS,0.2498139087816945,51.0,7.0,True,False
2022-08-08,35,MS,0.1032039787878787,65.0,7.0,True,False
2022-08-15,35,MS,0.219071897309833,57.0,7.0,True,False
2022-08-22,35,MS,0.0879110801587301,48.0,7.0,True,False
2022-08-29,35,MS,0.0493429767707082,77.0,7.0,True,False
2022-09-05,35,MS,0.0083997535061973,123.0,7.0,True,False
2022-09-12,35,MS,0.0921883946886446,64.0,7.0,True,False
2022-09-19,35,MS,0.0149046089656375,92.0,7.0,True,False
2022-09-26,35,MS,0.0671269309440559,65.0,7.0,True,False
2022-10-03,35,MS,0.0758560404761904,70.0,7.0,True,False
2022-10-10,35,MS,0.1091721473484848,105.0,7.0,True,False
2022-10-17,35,MS,0.0965223687229437,71.0,7.0,True,False
2022-10-24,35,MS,0.1016807889249639,45.0,7.0,True,False
2022-10-31,35,MS,0.0295927827394827,79.0,7.0,True,False
2022-11-07,35,MS,0.0476812336136035,93.0,7.0,True,False
2022-11-14,35,MS,0.1675983996562261,84.0,7.0,True,False
2022-11-21,35,MS,0.021239852092352,67.0,7.0,True,False
2022-11-28,35,MS,0.0429284469099233,96.0,7.0,True,False
2022-12-05,35,MS,-0.0190371263736263,67.0,7.0,True,False
2022-12-12,35,MS,0.0261300868084296,82.0,7.0,True,False
2022-12-19,35,MS,0.1304286775510204,86.0,7.0,True,False
2022-12-26,35,MS,0.242316016194332,63.0,7.0,True,False
2023-01-02,35,MS,-0.043104288023088,71.0,7.0,True,False
2023-01-09,35,MS,0.1489172524420024,93.0,7.0,True,False
2023-01-16,35,MS,0.0609274090179148,128.0,7.0,True,False
2023-01-23,35,MS,0.0500098625039594,139.0,7.0,True,False
2023-01-30,35,MS,-0.0423795419459011,102.0,7.0,True,False
2023-02-06,35,MS,0.1794411061904761,91.0,7.0,True,False
2023-02-13,35,MS,0.1491086348235098,71.0,7.0,True,False
2023-02-20,35,MS,0.1461510620682888,88.0,7.0,True,False
2023-02-27,35,MS,0.0377189845417654,93.0,7.0,True,False
2023-03-06,35,MS,0.1296925667052246,84.0,7.0,True,False
2023-03-13,35,MS,0.0255766394115365,109.0,7.0,True,False
2023-03-20,35,MS,0.0716655735358524,131.0,7.0,True,False
2023-03-27,35,MS,0.1365823425467347,239.0,7.0,True,False
2023-04-03,35,MS,0.1911702309646974,259.0,7.0,True,False
2023-04-10,35,MS,0.045821323851347,198.0,7.0,True,False
2023-04-17,35,MS,0.0375487079253404,265.0,7.0,True,False
2023-04-24,35,MS,0.0867950832084146,199.0,7.0,True,False
2023-05-01,35,MS,0.0360383469310775,178.0,7.0,True,False
2023-05-08,35,MS,0.1053689862938252,218.0,7.0,True,False
2023-05-15,35,MS,0.0569741206112531,224.0,7.0,True,False
2023-05-22,35,MS,0.0663353904153403,268.0,7.0,True,False
2023-05-29,35,MS,0.1971290319582886,390.0,7.0,True,False
2023-06-05,35,MS,0.0871939819939021,100.0,7.0,True,False
2023-06-12,35,MS,0.0677014207667332,103.0,7.0,True,False
2023-06-19,35,MS,0.0318307491944146,103.0,7.0,True,False
2023-06-26,35,MS,0.070445448877551,87.0,7.0,True,False
2023-07-03,35,MS,0.1223569525468082,207.0,7.0,True,False
2023-07-10,35,MS,0.0982540758459794,90.0,7.0,True,False
2023-07-17,35,MS,0.0990237083722355,132.0,7.0,True,False
2023-07-24,35,MS,0.062424584789083,88.0,7.0,True,False
2023-07-31,35,MS,0.1578726835017083,123.0,7.0,True,False
2023-08-07,35,MS,0.0129032575702075,90.0,7.0,True,False
2023-08-14,35,MS,0.0048660591186464,123.0,7.0,True,False
2023-08-21,35,MS,0.096559184520202,102.0,7.0,True,False
2023-08-28,35,MS,0.1750014736344537,106.0,7.0,True,False
2023-09-04,35,MS,0.1357449396958783,111.0,7.0,True,False
2023-09-11,35,MS,0.2413066862359862,91.0,7.0,True,False
2023-09-18,35,MS,0.0395181671245421,79.0,7.0,True,False
2023-09-25,35,MS,0.2842794838980568,156.0,7.0,True,False
2023-10-02,35,MS,0.2802542291125541,79.0,7.0,True,False
2023-10-09,35,MS,0.0697413560903382,56.0,7.0,True,False
2023-10-16,35,MS,0.0070903359584859,85.0,7.0,True,False
2023-10-23,35,MS,0.0366076547619047,81.0,7.0,True,False
2023-10-30,35,MS,0.1232553897435897,41.0,7.0,True,False
2023-11-06,35,MS,0.0106383070774463,57.0,7.0,True,False
2023-11-13,35,MS,0.0372060882639419,80.0,7.0,True,False
2023-11-20,35,MS,0.0643175308963638,90.0,7.0,True,False
2023-11-27,35,MS,0.1706551847557204,104.0,7.0,True,False
2023-12-04,35,MS,0.1748330857142857,59.0,7.0,True,False
2023-12-11,35,MS,0.0510393493371707,66.0,7.0,True,False
2023-12-18,35,MS,0.0548065575396825,89.0,7.0,True,False
2023-12-25,35,MS,0.0102276242063492,55.0,7.0,True,False
2024-01-01,35,MS,-0.172953306060606,61.0,7.0,True,False
2024-01-08,35,MS,-0.0442048015072403,99.0,7.0,True,False
2024-01-15,35,MS,0.0264860950531089,75.0,7.0,True,False
2024-01-22,35,MS,-0.0364619132653061,45.0,7.0,True,False
2024-01-29,35,MS,0.0750609377917833,67.0,7.0,True,False
2024-02-05,35,MS,0.1590457089432984,152.0,7.0,True,False
2024-02-12,35,MS,0.1005687103641456,90.0,7.0,True,False
2024-02-19,35,MS,0.0523349688797313,81.0,7.0,True,False
2024-02-26,35,MS,0.0019242122789466,138.0,7.0,True,False
2024-03-04,35,MS,0.0361125636420596,84.0,7.0,True,False
2024-03-11,35,MS,0.1280980177820116,114.0,7.0,True,False
2024-03-18,35,MS,0.0915846759008451,258.0,7.0,True,False
2024-03-25,35,MS,0.1216733612244898,141.0,7.0,True,False
2024-04-01,35,MS,-0.0091489640361339,152.0,7.0,True,False
2024-04-08,35,MS,0.0283888744741526,196.0,7.0,True,False
2024-04-15,35,MS,0.126630830927124,237.0,7.0,True,False
2024-04-22,35,MS,0.0603123611767434,123.0,7.0,True,False
2024-04-29,35,MS,0.1236003280146968,118.0,7.0,True,False
2024-05-06,35,MS,-0.0059810142547928,120.0,7.0,True,False
2024-05-13,35,MS,0.0361804391953751,167.0,7.0,True,False
2024-05-20,35,MS,0.0080648590702947,160.0,7.0,True,False
2024-05-27,35,MS,0.0619137196712018,53.0,7.0,True,False
2024-06-03,35,MS,-0.0079730637254901,66.0,7.0,True,False
2024-06-10,35,MS,0.1120558834054834,44.0,7.0,True,False
2024-06-17,35,MS,0.101469393877551,71.0,7.0,True,False
2024-06-24,35,MS,0.139723144217687,76.0,7.0,True,False
2024-07-01,35,MS,0.103369348602589,128.0,7.0,True,False
2024-07-08,35,MS,0.1160903946515473,99.0,7.0,True,False
2024-07-15,35,MS,0.0727880425349087,79.0,7.0,True,False
2024-07-22,35,MS,0.019482919047619,53.0,7.0,True,False
2024-07-29,35,MS,0.132637081850034,98.0,7.0,True,False
2024-08-05,35,MS,0.0933414611420325,57.0,7.0,True,False
2024-08-12,35,MS,-0.0377535047619047,76.0,7.0,True,False
2024-08-19,35,MS,0.0316376378280105,106.0,7.0,True,False
2024-08-26,35,MS,-0.0023103994331065,78.0,7.0,True,False
2024-09-02,35,MS,0.0021344354465501,101.0,7.0,True,False
2024-09-09,35,MS,-0.1462908784425891,66.0,7.0,True,False
2024-09-16,35,MS,0.0812862277722277,85.0,7.0,True,False
2024-09-23,35,MS,0.0247100758756757,128.0,7.0,True,False
2024-09-30,35,MS,-0.0077704968253968,90.0,7.0,True,False
2024-10-07,35,MS,0.0035480986703772,56.0,7.0,True,False
2024-10-14,35,MS,-0.017066681189562,111.0,7.0,True,False
2024-10-21,35,MS,-0.0623447676378523,132.0,7.0,True,False
2024-10-28,35,MS,0.0113714678471988,131.0,7.0,True,False
2024-11-04,35,MS,0.1529315702348246,142.0,7.0,True,False
2024-11-11,35,MS,0.0725300517274484,125.0,7.0,True,False
2024-11-18,35,MS,0.0681796704417014,84.0,7.0,True,False
2024-11-25,35,MS,0.076492763359608,93.0,7.0,True,False
2024-12-02,35,MS,-0.0636548311419429,93.0,7.0,True,False
2024-12-09,35,MS,0.0100037470288115,74.0,7.0,True,False
2024-12-16,35,MS,-0.0704529707498383,82.0,7.0,True,False
2024-12-23,35,MS,0.0432629919276212,76.0,7.0,True,False
2024-12-30,35,MS,0.0264730554529504,88.0,7.0,True,False
2025-01-06,35,MS,-0.0352466578754578,106.0,7.0,True,False
2025-01-13,35,MS,0.0303110174603174,50.0,7.0,True,False
2025-01-20,35,MS,0.1468370348124098,78.0,7.0,True,False
2025-01-27,35,MS,0.1406964376417233,102.0,7.0,True,False
2025-02-03,35,MS,-0.0667540088222235,66.0,7.0,True,False
2025-02-10,35,MS,0.0055101767888973,78.0,7.0,True,False
2025-02-17,35,MS,0.0521779349536737,137.0,7.0,True,False
2025-02-24,35,MS,-0.021569779624918,122.0,7.0,True,False
2025-03-03,35,MS,0.024218427786266,113.0,7.0,True,False
2025-03-10,35,MS,-0.047219875623275,169.0,7.0,True,False
2025-03-17,35,MS,0.0738478072942888,267.0,7.0,True,False
2025-03-24,35,MS,-0.0191038546734717,271.0,7.0,True,False
2025-03-31,35,MS,-0.0615264803446154,272.0,7.0,True,False
2025-04-07,35,MS,-0.0798844244955137,282.0,7.0,True,False
2025-04-14,35,MS,-0.0288346331891816,246.0,7.0,True,False
2025-04-21,35,MS,-0.1095131011627839,183.0,7.0,True,False
2025-04-28,35,MS,-0.0520800813234565,239.0,7.0,True,False
2025-05-05,35,MS,0.0305243295192604,137.0,7.0,True,False
2025-05-12,35,MS,0.0771905430543312,85.0,7.0,True,False
2025-05-19,35,MS,0.0625032440185264,199.0,7.0,True,False
2025-05-26,35,MS,-0.0904838788846419,97.0,7.0,True,False
2025-06-02,35,MS,-0.0700771521645021,68.0,7.0,True,False
2025-06-09,35,MS,0.256208368378319,89.0,7.0,True,False
2025-06-16,35,MS,0.0176625612745097,96.0,7.0,True,False
2025-06-23,35,MS,0.0610743371165482,82.0,7.0,True,False
2025-06-30,35,MS,0.1880526823351648,111.0,7.0,True,False
2025-07-07,35,MS,0.0851427884036899,85.0,7.0,True,False
2025-07-14,35,MS,-0.0065513713911401,76.0,7.0,True,False
2025-07-21,35,MS,0.1376830065380697,84.0,7.0,True,False
2025-07-28,35,MS,0.1017943209183673,75.0,7.0,True,False
2025-08-04,35,MS,0.0848433433862433,97.0,7.0,True,False
2025-08-11,35,MS,0.0481279686791383,94.0,7.0,True,False
2025-08-18,35,MS,0.0392436497448979,56.0,7.0,True,False
2025-08-25,35,MS,-0.0159987561353329,101.0,7.0,True,False
2025-09-01,35,MS,0.0602998255254549,135.0,7.0,True,False
2025-09-08,35,MS,0.0523441539682539,63.0,7.0,True,False
2025-09-15,35,MS,0.049407964521193,50.0,7.0,True,False
2025-09-22,35,MS,0.228829125,68.0,7.0,True,False
2025-09-29,35,MS,0.0310065321645021,78.0,7.0,True,False
2025-10-06,35,MS,0.1291654272121727,96.0,7.0,True,False
2025-10-13,35,MS,0.085201602154195,65.0,7.0,True,False
2025-10-20,35,MS,0.0533096011904761,45.0,7.0,True,False
2025-10-27,35,MS,0.0461739632034631,60.0,7.0,True,False
2025-11-03,35,MS,0.1460473422459893,79.0,7.0,True,False
2025-11-10,35,MS,-0.008263106579621,105.0,7.0,True,False
2025-11-17,35,MS,0.0541306523268398,63.0,7.0,True,False
2025-11-24,35,MS,0.0481915518060334,75.0,7.0,True,False
2025-12-01,35,MS,0.1075128469696969,60.0,7.0,True,False
2025-12-08,35,MS,0.0593579185941043,45.0,7.0,True,False
2025-12-15,35,MS,0.125107656462585,51.0,7.0,True,False
2025-12-22,35,MS,0.1201038124098124,77.0,7.0,True,False
2025-12-29,35,MS,0.1110278111111111,18.0,3.0,True,False
2015-01-05,111,SBUX,-0.2114920412801484,51.0,7.0,True,False
2015-01-12,111,SBUX,-0.0093829333333333,10.0,5.0,True,False
2015-01-19,111,SBUX,0.2305827405753968,56.0,6.0,True,False
2015-01-26,111,SBUX,0.3788750555555555,29.0,5.0,True,False
2015-02-02,111,SBUX,0.2168358438095238,26.0,5.0,True,False
2015-02-09,111,SBUX,0.0312274599999999,17.0,5.0,True,False
2015-02-16,111,SBUX,-0.0754042407509157,38.0,7.0,True,False
2015-02-23,111,SBUX,0.2349707152777778,21.0,6.0,True,False
2015-03-02,111,SBUX,0.0415526626984126,18.0,6.0,True,False
2015-03-09,111,SBUX,0.2333507857142857,23.0,7.0,True,False
2015-03-16,111,SBUX,-0.0516643715561572,295.0,7.0,True,False
2015-03-23,111,SBUX,-0.0902185969752469,76.0,6.0,True,False
2015-03-30,111,SBUX,0.16487984,17.0,5.0,True,False
2015-04-06,111,SBUX,0.4676657875982042,49.0,6.0,True,False
2015-04-13,111,SBUX,-0.0834730619047618,23.0,5.0,True,False
2015-04-20,111,SBUX,0.0092661621489621,85.0,6.0,True,False
2015-04-27,111,SBUX,0.08165208005698,47.0,6.0,True,False
2015-05-04,111,SBUX,-0.2634259737179487,59.0,7.0,True,False
2015-05-11,111,SBUX,-0.4035933389225589,70.0,6.0,True,False
2015-05-18,111,SBUX,-0.0143993263409961,64.0,6.0,True,False
2015-05-25,111,SBUX,0.1148852666666666,10.0,5.0,True,False
2015-06-01,111,SBUX,-0.0229502857142857,24.0,7.0,True,False
2015-06-08,111,SBUX,-0.1844391965277777,42.0,6.0,True,False
2015-06-15,111,SBUX,-0.0926819865079365,69.0,6.0,True,False
2015-06-22,111,SBUX,-0.1642518611111111,15.0,6.0,True,False
2015-06-29,111,SBUX,0.082388625,8.0,4.0,True,False
2015-07-06,111,SBUX,0.041311575091575,65.0,7.0,True,False
2015-07-13,111,SBUX,0.2536668175324675,34.0,5.0,True,False
2015-07-20,111,SBUX,0.1541889848039215,67.0,6.0,True,False
2015-07-27,111,SBUX,-0.1256802875,44.0,6.0,True,False
2015-08-03,111,SBUX,-0.1172844142857142,24.0,7.0,True,False
2015-08-10,111,SBUX,0.0953894583333333,16.0,6.0,True,False
2015-08-17,111,SBUX,-0.0096453683517199,96.0,6.0,True,False
2015-08-24,111,SBUX,0.2353059066666666,16.0,5.0,True,False
2015-08-31,111,SBUX,0.0289927321428571,13.0,4.0,True,False
2015-09-07,111,SBUX,0.0811366428571428,18.0,7.0,True,False
2015-09-14,111,SBUX,-0.0864963398268398,26.0,6.0,True,False
2015-09-21,111,SBUX,0.0138792184459805,63.0,6.0,True,False
2015-09-28,111,SBUX,0.0547433095238095,23.0,7.0,True,False
2015-10-05,111,SBUX,0.0257784809523809,31.0,7.0,True,False
2015-10-12,111,SBUX,-0.1727841717171717,44.0,6.0,True,False
2015-10-19,111,SBUX,-0.208999649656035,70.0,5.0,True,False
2015-10-26,111,SBUX,0.1083909330065359,47.0,6.0,True,False
2015-11-02,111,SBUX,-0.0878448023809523,39.0,7.0,True,False
2015-11-09,111,SBUX,-0.3550234108490708,280.0,7.0,True,False
2015-11-16,111,SBUX,-0.1160316095238095,19.0,7.0,True,False
2015-11-23,111,SBUX,0.0161538833333333,12.0,4.0,True,False
2015-11-30,111,SBUX,0.0111246333333333,29.0,5.0,True,False
2015-12-07,111,SBUX,-0.2659895333333333,16.0,5.0,True,False
2015-12-14,111,SBUX,-0.1547552777777777,18.0,6.0,True,False
2015-12-21,111,SBUX,-0.0064364499999999,13.0,5.0,True,False
2015-12-28,111,SBUX,0.3347228333333333,5.0,2.0,True,False
2016-01-04,111,SBUX,-0.4134235620320855,46.0,5.0,True,False
2016-01-11,111,SBUX,0.0182540492063492,48.0,7.0,True,False
2016-01-18,111,SBUX,-0.0286536495215311,56.0,6.0,True,False
2016-01-25,111,SBUX,0.0144003,7.0,5.0,True,False
2016-02-01,111,SBUX,-0.4141399999999999,13.0,6.0,True,False
2016-02-08,111,SBUX,0.0355531142857142,37.0,5.0,True,False
2016-02-15,111,SBUX,-0.0131989369047619,23.0,6.0,True,False
2016-02-22,111,SBUX,-0.0401590735714285,60.0,5.0,True,False
2016-02-29,111,SBUX,0.0499091809523809,52.0,7.0,True,False
2016-03-07,111,SBUX,0.0626781579365079,28.0,6.0,True,False
2016-03-14,111,SBUX,-0.41150105,32.0,6.0,True,False
2016-03-21,111,SBUX,0.0880687708103592,61.0,5.0,True,False
2016-03-28,111,SBUX,0.12395608,20.0,5.0,True,False
2016-04-04,111,SBUX,-0.1465664376922699,106.0,7.0,True,False
2016-04-11,111,SBUX,-0.0968497851241351,68.0,5.0,True,False
2016-04-18,111,SBUX,0.2318085846153846,19.0,5.0,True,False
2016-04-25,111,SBUX,0.0812805765306122,25.0,7.0,True,False
2016-05-02,111,SBUX,-0.4006544230075188,56.0,5.0,True,False
2016-05-09,111,SBUX,-0.0199888966666666,21.0,5.0,True,False
2016-05-16,111,SBUX,0.0687680777777777,21.0,6.0,True,False
2016-05-23,111,SBUX,-0.1525429212662337,29.0,4.0,True,False
2016-05-30,111,SBUX,-0.002355332037037,64.0,6.0,True,False
2016-06-06,111,SBUX,0.0167577249999999,11.0,4.0,True,False
2016-06-13,111,SBUX,0.0137674345238095,25.0,6.0,True,False
2016-06-20,111,SBUX,-0.3197936556776556,44.0,6.0,True,False
2016-06-27,111,SBUX,-0.1315040912698412,24.0,7.0,True,False
2016-07-04,111,SBUX,-0.1121096875,30.0,6.0,True,False
2016-07-11,111,SBUX,0.2725220480930176,106.0,6.0,True,False
2016-07-18,111,SBUX,-0.2045010301870748,63.0,7.0,True,False
2016-07-25,111,SBUX,-0.0853320809523809,39.0,7.0,True,False
2016-08-01,111,SBUX,-0.1499765539772727,27.0,4.0,True,False
2016-08-08,111,SBUX,0.1903274764957264,28.0,6.0,True,False
2016-08-15,111,SBUX,0.1969340133333333,15.0,5.0,True,False
2016-08-22,111,SBUX,-0.2093831406862745,41.0,6.0,True,False
2016-08-29,111,SBUX,0.126204287037037,31.0,6.0,True,False
2016-09-05,111,SBUX,0.0697065501633987,49.0,6.0,True,False
2016-09-12,111,SBUX,-0.0919683843537414,27.0,7.0,True,False
2016-09-19,111,SBUX,0.0461495095238095,28.0,7.0,True,False
2016-09-26,111,SBUX,0.0290184761904761,33.0,5.0,True,False
2016-10-03,111,SBUX,-0.0138135,14.0,6.0,True,False
2016-10-10,111,SBUX,0.0549915555555555,8.0,3.0,True,False
2016-10-17,111,SBUX,0.0154566353632478,43.0,6.0,True,False
2016-10-24,111,SBUX,-0.0138095666666666,10.0,5.0,True,False
2016-10-31,111,SBUX,-0.0146108414781297,67.0,7.0,True,False
2016-11-07,111,SBUX,0.03850809,37.0,5.0,True,False
2016-11-14,111,SBUX,-0.1818879684523809,33.0,7.0,True,False
2016-11-21,111,SBUX,-0.19613415,17.0,5.0,True,False
2016-11-28,111,SBUX,-0.1555204991203378,53.0,7.0,True,False
2016-12-05,111,SBUX,0.0144394285714285,76.0,7.0,True,False
2016-12-12,111,SBUX,-0.0637796964285714,20.0,7.0,True,False
2016-12-19,111,SBUX,0.2744670111111111,22.0,3.0,True,False
2016-12-26,111,SBUX,-0.2124691,8.0,5.0,True,False
2017-01-02,111,SBUX,0.2272752428571428,41.0,7.0,True,False
2017-01-09,111,SBUX,-0.1525343055555555,16.0,6.0,True,False
2017-01-16,111,SBUX,-0.0827402738095238,23.0,7.0,True,False
2017-01-23,111,SBUX,-0.094017900170068,69.0,7.0,True,False
2017-01-30,111,SBUX,-0.1664963641973523,104.0,6.0,True,False
2017-02-06,111,SBUX,-0.0109050104166666,35.0,6.0,True,False
2017-02-13,111,SBUX,-0.0221355602040816,32.0,7.0,True,False
2017-02-20,111,SBUX,0.086736746031746,22.0,7.0,True,False
2017-02-27,111,SBUX,0.0732599236111111,34.0,6.0,True,False
2017-03-06,111,SBUX,-0.1180775328282828,43.0,6.0,True,False
2017-03-13,111,SBUX,-0.1789948465986394,30.0,7.0,True,False
2017-03-20,111,SBUX,-0.033009850510204,72.0,7.0,True,False
2017-03-27,111,SBUX,0.1395663640873016,28.0,6.0,True,False
2017-04-03,111,SBUX,-0.1243475317460317,27.0,5.0,True,False
2017-04-10,111,SBUX,0.1794285352564102,31.0,6.0,True,False
2017-04-17,111,SBUX,-0.1381841540559863,136.0,7.0,True,False
2017-04-24,111,SBUX,-0.0691114951948052,91.0,7.0,True,False
2017-05-01,111,SBUX,-0.0751284828571428,72.0,7.0,True,False
2017-05-08,111,SBUX,-0.05863506292517,25.0,7.0,True,False
2017-05-15,111,SBUX,-0.0524236416666666,49.0,7.0,True,False
2017-05-22,111,SBUX,-0.0961025333333333,27.0,7.0,True,False
2017-05-29,111,SBUX,0.0543508805555555,20.0,6.0,True,False
2017-06-05,111,SBUX,-0.0868762878787879,29.0,7.0,True,False
2017-06-12,111,SBUX,-0.1678997595238095,42.0,7.0,True,False
2017-06-19,111,SBUX,-0.0444723309654631,41.0,7.0,True,False
2017-06-26,111,SBUX,-0.2548011421768707,69.0,7.0,True,False
2017-07-03,111,SBUX,-0.0754262857142857,36.0,7.0,True,False
2017-07-10,111,SBUX,-0.0550832499999999,25.0,6.0,True,False
2017-07-17,111,SBUX,-0.0975756142857142,21.0,7.0,True,False
2017-07-24,111,SBUX,-0.1446156112851573,90.0,6.0,True,False
2017-07-31,111,SBUX,0.008624857010582,33.0,6.0,True,False
2017-08-07,111,SBUX,-0.1946239639131701,55.0,6.0,True,False
2017-08-14,111,SBUX,0.0240216173469387,24.0,7.0,True,False
2017-08-21,111,SBUX,0.1348822777777777,22.0,5.0,True,False
2017-08-28,111,SBUX,-0.2200710204081632,18.0,7.0,True,False
2017-09-04,111,SBUX,-0.0077050509259259,32.0,6.0,True,False
2017-09-11,111,SBUX,-0.6235047638888889,16.0,6.0,True,False
2017-09-18,111,SBUX,-0.0850123210978835,29.0,6.0,True,False
2017-09-25,111,SBUX,-0.1135109999999999,12.0,6.0,True,False
2017-10-02,111,SBUX,-0.0682031731481481,27.0,6.0,True,False
2017-10-09,111,SBUX,0.1071858194444444,13.0,6.0,True,False
2017-10-16,111,SBUX,-0.3169230833333333,14.0,6.0,True,False
2017-10-23,111,SBUX,-0.0675681547619047,18.0,7.0,True,False
2017-10-30,111,SBUX,-0.0276701677655677,64.0,5.0,True,False
2017-11-06,111,SBUX,0.3968734763888888,53.0,6.0,True,False
2017-11-13,111,SBUX,0.0143345007936508,25.0,7.0,True,False
2017-11-20,111,SBUX,-0.0680992483974358,21.0,4.0,True,False
2017-11-27,111,SBUX,-0.1425985833333333,12.0,4.0,True,False
2017-12-04,111,SBUX,-0.0222791273448773,92.0,7.0,True,False
2017-12-11,111,SBUX,-0.2579756309523809,32.0,7.0,True,False
2017-12-18,111,SBUX,0.2305208799999999,13.0,5.0,True,False
2017-12-25,111,SBUX,0.0187882875,19.0,4.0,True,False
2018-01-01,111,SBUX,0.0293563214285714,17.0,7.0,True,False
2018-01-08,111,SBUX,-0.1842517402243589,57.0,4.0,True,False
2018-01-15,111,SBUX,0.0067038416666666,25.0,6.0,True,False
2018-01-22,111,SBUX,-0.0727964058608058,75.0,7.0,True,False
2018-01-29,111,SBUX,-0.291589523611111,26.0,6.0,True,False
2018-02-05,111,SBUX,0.0379791464285714,34.0,7.0,True,False
2018-02-12,111,SBUX,-0.0462980795454545,15.0,4.0,True,False
2018-02-19,111,SBUX,0.1020503333333333,11.0,6.0,True,False
2018-02-26,111,SBUX,0.1699600138888889,35.0,6.0,True,False
2018-03-05,111,SBUX,-0.0475273047619047,26.0,6.0,True,False
2018-03-12,111,SBUX,0.1948590416666667,21.0,6.0,True,False
2018-03-19,111,SBUX,0.1918346582437275,66.0,6.0,True,False
2018-03-26,111,SBUX,-0.1552785322039072,48.0,6.0,True,False
2018-04-02,111,SBUX,0.0419475833333333,11.0,4.0,True,False
2018-04-09,111,SBUX,-0.2763110297297297,65.0,5.0,True,False
2018-04-16,111,SBUX,-0.4803806569433258,339.0,7.0,True,False
2018-04-23,111,SBUX,-0.3535258387635756,64.0,7.0,True,False
2018-04-30,111,SBUX,-0.3239727907132263,127.0,6.0,True,False
2018-05-07,111,SBUX,0.0852532201695194,68.0,7.0,True,False
2018-05-14,111,SBUX,-0.0429477965986394,38.0,7.0,True,False
2018-05-21,111,SBUX,0.29400245,20.0,6.0,True,False
2018-05-28,111,SBUX,-0.0109920077519379,62.0,7.0,True,False
2018-06-04,111,SBUX,-0.2595572908163265,49.0,7.0,True,False
2018-06-11,111,SBUX,-0.0665286352124183,34.0,6.0,True,False
2018-06-18,111,SBUX,-0.2721299252736727,81.0,6.0,True,False
2018-06-25,111,SBUX,-0.0636566636621315,51.0,7.0,True,False
2018-07-02,111,SBUX,-0.1521082236394558,46.0,7.0,True,False
2018-07-09,111,SBUX,-0.1411438994123931,111.0,6.0,True,False
2018-07-16,111,SBUX,0.2069273945578231,59.0,7.0,True,False
2018-07-23,111,SBUX,-0.1125309375,47.0,6.0,True,False
2018-07-30,111,SBUX,0.1284245985272896,75.0,7.0,True,False
2018-08-06,111,SBUX,0.3007495805555555,38.0,6.0,True,False
2018-08-13,111,SBUX,0.1677029551587301,41.0,6.0,True,False
2018-08-20,111,SBUX,0.1713453333333333,46.0,6.0,True,False
2018-08-27,111,SBUX,-0.0245036911564625,46.0,7.0,True,False
2018-09-03,111,SBUX,0.000619638471093,70.0,6.0,True,False
2018-09-10,111,SBUX,-0.167527125,6.0,4.0,True,False
2018-09-17,111,SBUX,-0.274958,7.0,4.0,True,False
2018-09-24,111,SBUX,0.0234717,9.0,5.0,True,False
2018-10-01,111,SBUX,-0.1041521666666666,10.0,6.0,True,False
2018-10-08,111,SBUX,0.1316447553846154,44.0,5.0,True,False
2018-10-15,111,SBUX,-0.2678369208333333,31.0,6.0,True,False
2018-10-22,111,SBUX,0.1532604348595848,41.0,6.0,True,False
2018-10-29,111,SBUX,0.3598098053981107,40.0,5.0,True,False
2018-11-05,111,SBUX,0.0614595833333333,10.0,6.0,True,False
2018-11-12,111,SBUX,0.07886525,4.0,4.0,True,False
2018-11-19,111,SBUX,0.3673046666666666,3.0,3.0,True,False
2018-11-26,111,SBUX,-0.1012991071428571,30.0,7.0,True,False
2018-12-03,111,SBUX,0.1661469857142856,22.0,7.0,True,False
2018-12-10,111,SBUX,0.1802713935185185,64.0,6.0,True,False
2018-12-17,111,SBUX,0.1815911258503401,18.0,7.0,True,False
2018-12-24,111,SBUX,0.3179450277777778,18.0,6.0,True,False
2018-12-31,111,SBUX,0.1552740416666666,11.0,6.0,True,False
2019-01-07,111,SBUX,0.1303073972222222,35.0,6.0,True,False
2019-01-14,111,SBUX,-0.0698782916666666,16.0,6.0,True,False
2019-01-21,111,SBUX,0.0066168302573203,109.0,7.0,True,False
2019-01-28,111,SBUX,-0.2174294396021108,148.0,7.0,True,False
2019-02-04,111,SBUX,-0.1928545418367347,39.0,7.0,True,False
2019-02-11,111,SBUX,-0.2680573523809524,32.0,6.0,True,False
2019-02-18,111,SBUX,-0.1462966833333333,14.0,6.0,True,False
2019-02-25,111,SBUX,-0.0325788833333333,17.0,5.0,True,False
2019-03-04,111,SBUX,-0.0869505444444444,61.0,7.0,True,False
2019-03-11,111,SBUX,-0.0018896347883597,38.0,6.0,True,False
2019-03-18,111,SBUX,0.083669193817878,49.0,6.0,True,False
2019-03-25,111,SBUX,-0.0048253214285714,16.0,7.0,True,False
2019-04-01,111,SBUX,0.102309588095238,23.0,7.0,True,False
2019-04-08,111,SBUX,-0.0695017166666666,23.0,6.0,True,False
2019-04-15,111,SBUX,0.2825508623737373,28.0,6.0,True,False
2019-04-22,111,SBUX,0.1791518435466494,53.0,5.0,True,False
2019-04-29,111,SBUX,0.0991610825320512,51.0,6.0,True,False
2019-05-06,111,SBUX,-0.2314853775457551,100.0,7.0,True,False
2019-05-13,111,SBUX,-0.0380999714285714,39.0,6.0,True,False
2019-05-20,111,SBUX,-0.3557564253968253,26.0,6.0,True,False
2019-05-27,111,SBUX,-0.180722,4.0,2.0,True,False
2019-06-03,111,SBUX,0.0689168888888889,21.0,6.0,True,False
2019-06-10,111,SBUX,-0.1529995238095237,33.0,7.0,True,False
2019-06-17,111,SBUX,-0.0625803333333333,21.0,5.0,True,False
2019-06-24,111,SBUX,0.0537600972222222,17.0,6.0,True,False
2019-07-01,111,SBUX,-0.2879763494444444,50.0,6.0,True,False
2019-07-08,111,SBUX,-0.0951143361111111,76.0,6.0,True,False
2019-07-15,111,SBUX,-0.1901163599999999,11.0,5.0,True,False
2019-07-22,111,SBUX,0.087736475642005,70.0,7.0,True,False
2019-07-29,111,SBUX,0.141758644217687,22.0,7.0,True,False
2019-08-05,111,SBUX,0.0614320277777777,17.0,6.0,True,False
2019-08-12,111,SBUX,-0.1460710142857143,26.0,6.0,True,False
2019-08-19,111,SBUX,0.044713649074074,27.0,6.0,True,False
2019-08-26,111,SBUX,-0.0437219051282051,65.0,7.0,True,False
2019-09-02,111,SBUX,-0.2551011602303523,75.0,6.0,True,False
2019-09-09,111,SBUX,-0.1398763052380952,37.0,5.0,True,False
2019-09-16,111,SBUX,-0.0060861142857142,21.0,7.0,True,False
2019-09-23,111,SBUX,0.019736363095238,37.0,6.0,True,False
2019-09-30,111,SBUX,-0.0831003611111111,20.0,6.0,True,False
2019-10-07,111,SBUX,0.0308583833333333,22.0,5.0,True,False
2019-10-14,111,SBUX,0.0419519166666666,16.0,6.0,True,False
2019-10-21,111,SBUX,0.0867447857142857,26.0,7.0,True,False
2019-10-28,111,SBUX,-0.0144601541847042,63.0,7.0,True,False
2019-11-04,111,SBUX,0.0795467548611111,68.0,6.0,True,False
2019-11-11,111,SBUX,0.0410413131106988,36.0,7.0,True,False
2019-11-18,111,SBUX,-0.01826626,17.0,5.0,True,False
2019-11-25,111,SBUX,-0.1621428095238095,32.0,6.0,True,False
2019-12-02,111,SBUX,0.1521390766233766,62.0,7.0,True,False
2019-12-09,111,SBUX,-0.1979177027210884,34.0,7.0,True,False
2019-12-16,111,SBUX,-0.2014758768398268,40.0,6.0,True,False
2019-12-23,111,SBUX,0.1627177339285714,24.0,6.0,True,False
2019-12-30,111,SBUX,-0.1685090318181818,26.0,5.0,True,False
2020-01-06,111,SBUX,0.3329868385964912,36.0,5.0,True,False
2020-01-13,111,SBUX,0.1738186360544218,34.0,7.0,True,False
2020-01-20,111,SBUX,0.1060537483082706,40.0,7.0,True,False
2020-01-27,111,SBUX,-0.1171953333333333,53.0,4.0,True,False
2020-02-03,111,SBUX,-0.1892665416666666,7.0,4.0,True,False
2020-02-10,111,SBUX,-0.154052,2.0,2.0,True,False
2020-02-17,111,SBUX,0.20600085,9.0,5.0,True,False
2020-02-24,111,SBUX,-0.1789860949764521,37.0,7.0,True,False
2020-03-02,111,SBUX,-0.1987582638254602,84.0,7.0,True,False
2020-03-09,111,SBUX,-0.1203738723290598,42.0,6.0,True,False
2020-03-16,111,SBUX,-0.112759844551282,58.0,6.0,True,False
2020-03-23,111,SBUX,0.096520111111111,20.0,6.0,True,False
2020-03-30,111,SBUX,-0.4136695428571428,15.0,7.0,True,False
2020-04-06,111,SBUX,-0.08923101,19.0,5.0,True,False
2020-04-13,111,SBUX,0.246148019047619,17.0,5.0,True,False
2020-04-20,111,SBUX,0.3030208825757576,23.0,6.0,True,False
2020-04-27,111,SBUX,-0.0996360324074073,37.0,6.0,True,False
2020-05-04,111,SBUX,0.1109750098484848,29.0,5.0,True,False
2020-05-11,111,SBUX,-0.1687970916666666,19.0,6.0,True,False
2020-05-18,111,SBUX,-0.0232725119047619,30.0,7.0,True,False
2020-05-25,111,SBUX,-0.1352067777777777,12.0,6.0,True,False
2020-06-01,111,SBUX,-0.093415,9.0,5.0,True,False
2020-06-08,111,SBUX,-0.0429214979411764,96.0,5.0,True,False
2020-06-15,111,SBUX,-0.410274875,9.0,4.0,True,False
2020-06-22,111,SBUX,-0.2216420692207792,70.0,7.0,True,False
2020-06-29,111,SBUX,-0.0329655444444444,24.0,5.0,True,False
2020-07-06,111,SBUX,-0.252109549122807,36.0,5.0,True,False
2020-07-13,111,SBUX,-0.6759261666666667,6.0,3.0,True,False
2020-07-20,111,SBUX,-0.0549151111111111,6.0,3.0,True,False
2020-07-27,111,SBUX,-0.0433669444444444,9.0,6.0,True,False
2020-08-03,111,SBUX,-0.05858055,11.0,5.0,True,False
2020-08-10,111,SBUX,-0.0061045499999999,11.0,4.0,True,False
2020-08-17,111,SBUX,0.074789375,14.0,6.0,True,False
2020-08-24,111,SBUX,0.3310756050865801,43.0,6.0,True,False
2020-08-31,111,SBUX,-0.2234469955555555,20.0,5.0,True,False
2020-09-07,111,SBUX,0.3677563469387755,24.0,7.0,True,False
2020-09-14,111,SBUX,0.1280646388888889,14.0,6.0,True,False
2020-09-21,111,SBUX,0.0079189285714285,10.0,7.0,True,False
2020-09-28,111,SBUX,0.1092839587301587,30.0,6.0,True,False
2020-10-05,111,SBUX,0.1091717619047619,16.0,7.0,True,False
2020-10-12,111,SBUX,0.2616580574074074,31.0,6.0,True,False
2020-10-19,111,SBUX,-0.20454786,21.0,5.0,True,False
2020-10-26,111,SBUX,0.1314220277777777,26.0,5.0,True,False
2020-11-02,111,SBUX,0.0036603844444444,29.0,5.0,True,False
2020-11-09,111,SBUX,0.0235124833333333,14.0,5.0,True,False
2020-11-16,111,SBUX,0.0624811488095238,28.0,6.0,True,False
2020-11-23,111,SBUX,-0.2246005595238095,18.0,7.0,True,False
2020-11-30,111,SBUX,0.4871906414141414,24.0,6.0,True,False
2020-12-07,111,SBUX,0.2166103473429952,52.0,6.0,True,False
2020-12-14,111,SBUX,-0.3467474733333333,16.0,5.0,True,False
2020-12-21,111,SBUX,0.0783415,9.0,3.0,True,False
2020-12-28,111,SBUX,0.0511422999999999,8.0,5.0,True,False
2021-01-04,111,SBUX,-0.0412048888888888,18.0,4.0,True,False
2021-01-11,111,SBUX,0.0663809847619047,23.0,5.0,True,False
2021-01-18,111,SBUX,0.2247040662698413,25.0,6.0,True,False
2021-01-25,111,SBUX,-0.0141631076923076,29.0,5.0,True,False
2021-02-01,111,SBUX,-0.02673985,10.0,5.0,True,False
2021-02-08,111,SBUX,0.1895575,4.0,4.0,True,False
2021-02-15,111,SBUX,0.1957356666666666,4.0,3.0,True,False
2021-02-22,111,SBUX,0.0760573571428571,10.0,7.0,True,False
2021-03-01,111,SBUX,0.1273616555555555,20.0,5.0,True,False
2021-03-08,111,SBUX,0.2599802666666667,8.0,5.0,True,False
2021-03-15,111,SBUX,0.2712212738095238,33.0,7.0,True,False
2021-03-22,111,SBUX,-0.110433875,20.0,6.0,True,False
2021-03-29,111,SBUX,0.1138626598639456,27.0,7.0,True,False
2021-04-05,111,SBUX,0.1463919333333333,21.0,5.0,True,False
2021-04-12,111,SBUX,0.1064722833333333,11.0,5.0,True,False
2021-04-19,111,SBUX,-0.1025822916666666,11.0,6.0,True,False
2021-04-26,111,SBUX,0.0928515674603174,39.0,7.0,True,False
2021-05-03,111,SBUX,-0.3508578513605442,26.0,7.0,True,False
2021-05-10,111,SBUX,0.0191359119047619,27.0,7.0,True,False
2021-05-17,111,SBUX,-0.2485529,10.0,5.0,True,False
2021-05-24,111,SBUX,-0.304471,6.0,5.0,True,False
2021-05-31,111,SBUX,-0.0688244305555555,12.0,6.0,True,False
2021-06-07,111,SBUX,-0.3309357961904762,17.0,5.0,True,False
2021-06-14,111,SBUX,-0.0890622933333333,15.0,5.0,True,False
2021-06-21,111,SBUX,-0.1785252333333333,13.0,6.0,True,False
2021-06-28,111,SBUX,-0.0251030833333333,19.0,7.0,True,False
2021-07-05,111,SBUX,-0.188445875,5.0,4.0,True,False
2021-07-12,111,SBUX,-0.180258369047619,15.0,7.0,True,False
2021-07-19,111,SBUX,-0.0675542222222222,17.0,6.0,True,False
2021-07-26,111,SBUX,0.0444384202380952,43.0,7.0,True,False
2021-08-02,111,SBUX,0.1990304583333333,9.0,4.0,True,False
2021-08-09,111,SBUX,-0.33944575,8.0,6.0,True,False
2021-08-16,111,SBUX,-0.1300687444444444,20.0,6.0,True,False
2021-08-23,111,SBUX,-0.1380751800453515,52.0,7.0,True,False
2021-08-30,111,SBUX,-0.1273453333333333,9.0,6.0,True,False
2021-09-06,111,SBUX,-0.15631275,13.0,6.0,True,False
2021-09-13,111,SBUX,0.15421694,10.0,5.0,True,False
2021-09-20,111,SBUX,0.14912648,10.0,5.0,True,False
2021-09-27,111,SBUX,0.0489492944444444,19.0,6.0,True,False
2021-10-04,111,SBUX,-0.0083454444444444,13.0,6.0,True,False
2021-10-11,111,SBUX,0.0728838522727272,30.0,6.0,True,False
2021-10-18,111,SBUX,0.1095757222222222,12.0,6.0,True,False
2021-10-25,111,SBUX,0.0743492482374768,35.0,7.0,True,False
2021-11-01,111,SBUX,0.0465087268170426,37.0,7.0,True,False
2021-11-08,111,SBUX,-0.2304861407407407,45.0,6.0,True,False
2021-11-15,111,SBUX,-0.1802418106227106,50.0,7.0,True,False
2021-11-22,111,SBUX,-0.1231216857142857,20.0,7.0,True,False
2021-11-29,111,SBUX,-0.3503331666666666,14.0,7.0,True,False
2021-12-06,111,SBUX,-0.1480109631652661,90.0,7.0,True,False
2021-12-13,111,SBUX,0.0314636592970521,44.0,7.0,True,False
2021-12-20,111,SBUX,-0.155265246031746,18.0,6.0,True,False
2021-12-27,111,SBUX,-0.0785611388888888,13.0,6.0,True,False
2022-01-03,111,SBUX,-0.1861410059829059,56.0,7.0,True,False
2022-01-10,111,SBUX,-0.0920201452380952,27.0,7.0,True,False
2022-01-17,111,SBUX,-0.036573306292517,37.0,7.0,True,False
2022-01-24,111,SBUX,0.0667603511904762,20.0,4.0,True,False
2022-01-31,111,SBUX,-0.0913675359224109,46.0,6.0,True,False
2022-02-07,111,SBUX,-0.2346143184850863,47.0,7.0,True,False
2022-02-14,111,SBUX,-0.3454019574829932,24.0,7.0,True,False
2022-02-21,111,SBUX,-0.0138484345238095,47.0,7.0,True,False
2022-02-28,111,SBUX,-0.2369764736111111,25.0,6.0,True,False
2022-03-07,111,SBUX,-0.1317213708450046,63.0,7.0,True,False
2022-03-14,111,SBUX,-0.0980939147619047,103.0,7.0,True,False
2022-03-21,111,SBUX,-0.1762405137362637,46.0,7.0,True,False
2022-03-28,111,SBUX,-0.0779542494897959,38.0,7.0,True,False
2022-04-04,111,SBUX,-0.0963326142682714,75.0,7.0,True,False
2022-04-11,111,SBUX,-0.1739012436868686,37.0,6.0,True,False
2022-04-18,111,SBUX,-0.3509264738095238,48.0,7.0,True,False
2022-04-25,111,SBUX,0.1319456166666666,16.0,5.0,True,False
2022-05-02,111,SBUX,-0.2165053718923933,35.0,7.0,True,False
2022-05-09,111,SBUX,-0.1232482571658986,82.0,7.0,True,False
2022-05-16,111,SBUX,0.0601522719298245,47.0,5.0,True,False
2022-05-23,111,SBUX,-0.0404647380952381,58.0,7.0,True,False
2022-05-30,111,SBUX,-0.1218767658730158,32.0,6.0,True,False
2022-06-06,111,SBUX,-0.1968241771529124,62.0,7.0,True,False
2022-06-13,111,SBUX,-0.296192698502886,42.0,6.0,True,False
2022-06-20,111,SBUX,-0.023873582070707,32.0,6.0,True,False
2022-06-27,111,SBUX,-0.0596929214285714,31.0,7.0,True,False
2022-07-04,111,SBUX,-0.3387561666666667,21.0,7.0,True,False
2022-07-11,111,SBUX,-0.3029984641414141,74.0,6.0,True,False
2022-07-18,111,SBUX,-0.3709065793650795,32.0,7.0,True,False
2022-07-25,111,SBUX,-0.2432874880952381,18.0,7.0,True,False
2022-08-01,111,SBUX,-0.041371928450935,55.0,7.0,True,False
2022-08-08,111,SBUX,-0.2225833761904762,30.0,7.0,True,False
2022-08-15,111,SBUX,-0.3065645956890331,84.0,7.0,True,False
2022-08-22,111,SBUX,-0.4359844619674185,46.0,7.0,True,False
2022-08-29,111,SBUX,-0.2309978936853002,92.0,7.0,True,False
2022-09-05,111,SBUX,-0.1699772857142857,38.0,7.0,True,False
2022-09-12,111,SBUX,0.0997014814195466,74.0,7.0,True,False
2022-09-19,111,SBUX,-0.2503752664399093,39.0,7.0,True,False
2022-09-26,111,SBUX,0.0048602876984126,32.0,7.0,True,False
2022-10-03,111,SBUX,-0.2817643619047619,31.0,7.0,True,False
2022-10-10,111,SBUX,-0.1063621798319327,41.0,7.0,True,False
2022-10-17,111,SBUX,-0.2247507453514739,39.0,7.0,True,False
2022-10-24,111,SBUX,-0.1574693210884354,44.0,7.0,True,False
2022-10-31,111,SBUX,-0.1782672387926887,74.0,7.0,True,False
2022-11-07,111,SBUX,-0.0424511619047618,19.0,7.0,True,False
2022-11-14,111,SBUX,-0.1386356861772486,86.0,6.0,True,False
2022-11-21,111,SBUX,-0.1751935333333333,20.0,5.0,True,False
2022-11-28,111,SBUX,-0.3815306714285714,30.0,7.0,True,False
2022-12-05,111,SBUX,0.015039318877551,29.0,7.0,True,False
2022-12-12,111,SBUX,-0.2820037806122449,54.0,7.0,True,False
2022-12-19,111,SBUX,-0.3345419095238094,19.0,7.0,True,False
2022-12-26,111,SBUX,-0.2675115216666667,24.0,5.0,True,False
2023-01-02,111,SBUX,0.0030998611111111,17.0,6.0,True,False
2023-01-09,111,SBUX,-0.0619288333333333,16.0,6.0,True,False
2023-01-16,111,SBUX,-0.4540559285714285,13.0,7.0,True,False
2023-01-23,111,SBUX,0.08919555,13.0,5.0,True,False
2023-01-30,111,SBUX,-0.3082419152777778,29.0,6.0,True,False
2023-02-06,111,SBUX,-0.4547231111111111,31.0,7.0,True,False
2023-02-13,111,SBUX,-0.2904524543650793,28.0,6.0,True,False
2023-02-20,111,SBUX,-0.3440167666666666,45.0,6.0,True,False
2023-02-27,111,SBUX,-0.3227693401360544,54.0,7.0,True,False
2023-03-06,111,SBUX,-0.2854962757936508,41.0,6.0,True,False
2023-03-13,111,SBUX,-0.2618459583333333,12.0,4.0,True,False
2023-03-20,111,SBUX,-0.2008021900896722,55.0,7.0,True,False
2023-03-27,111,SBUX,-0.4861325035714285,87.0,7.0,True,False
2023-04-03,111,SBUX,-0.4117867792207792,30.0,7.0,True,False
2023-04-10,111,SBUX,-0.2722041388888888,25.0,6.0,True,False
2023-04-17,111,SBUX,-0.321437806632653,31.0,7.0,True,False
2023-04-24,111,SBUX,-0.4599581785714286,18.0,7.0,True,False
2023-05-01,111,SBUX,-0.0362246291208791,29.0,7.0,True,False
2023-05-08,111,SBUX,-0.4130702619047618,25.0,6.0,True,False
2023-05-15,111,SBUX,-0.2185049666666667,21.0,7.0,True,False
2023-05-22,111,SBUX,-0.185507475,22.0,6.0,True,False
2023-05-29,111,SBUX,-0.277172861111111,12.0,6.0,True,False
2023-06-05,111,SBUX,-0.274368,16.0,6.0,True,False
2023-06-12,111,SBUX,-0.6291298259259259,66.0,5.0,True,False
2023-06-19,111,SBUX,-0.5590973924731183,46.0,7.0,True,False
2023-06-26,111,SBUX,-0.1008529555844155,29.0,5.0,True,False
2023-07-03,111,SBUX,-0.356168125,18.0,6.0,True,False
2023-07-10,111,SBUX,0.13697525,8.0,3.0,True,False
2023-07-17,111,SBUX,-0.1677449972222222,24.0,6.0,True,False
2023-07-24,111,SBUX,-0.2392927083333333,18.0,6.0,True,False
2023-07-31,111,SBUX,-0.1759630986111111,32.0,6.0,True,False
2023-08-07,111,SBUX,0.0033033186813186,29.0,7.0,True,False
2023-08-14,111,SBUX,-0.3285128892857143,30.0,7.0,True,False
2023-08-21,111,SBUX,-0.0296037018259935,42.0,7.0,True,False
2023-08-28,111,SBUX,-0.3038508920634921,26.0,7.0,True,False
2023-09-04,111,SBUX,-0.1267943809523809,14.0,7.0,True,False
2023-09-11,111,SBUX,-0.0288883023809523,36.0,7.0,True,False
2023-09-18,111,SBUX,-0.1162470575498575,38.0,6.0,True,False
2023-09-25,111,SBUX,-0.2786832,15.0,7.0,True,False
2023-10-02,111,SBUX,-0.2318003148148148,24.0,6.0,True,False
2023-10-09,111,SBUX,-0.1396180166666666,23.0,6.0,True,False
2023-10-16,111,SBUX,-0.5581761994047619,26.0,6.0,True,False
2023-10-23,111,SBUX,-0.0532853611111111,11.0,6.0,True,False
2023-10-30,111,SBUX,-0.0097776541514041,46.0,6.0,True,False
2023-11-06,111,SBUX,-0.1664448203463203,27.0,7.0,True,False
2023-11-13,111,SBUX,-0.1570576213151927,71.0,7.0,True,False
2023-11-20,111,SBUX,-0.25282925,6.0,4.0,True,False
2023-11-27,111,SBUX,-0.3594841388888888,12.0,6.0,True,False
2023-12-04,111,SBUX,-0.0387952399999999,19.0,5.0,True,False
2023-12-11,111,SBUX,-0.0901311565656565,24.0,6.0,True,False
2023-12-18,111,SBUX,-0.0788392708333333,9.0,4.0,True,False
2023-12-25,111,SBUX,-0.2705035555555555,5.0,3.0,True,False
2024-01-01,111,SBUX,-0.19345463003663,26.0,7.0,True,False
2024-01-08,111,SBUX,-0.3547037023809524,28.0,7.0,True,False
2024-01-15,111,SBUX,-0.2165699666666666,10.0,5.0,True,False
2024-01-22,111,SBUX,-0.3827019444444444,18.0,6.0,True,False
2024-01-29,111,SBUX,-0.1163747585858585,26.0,5.0,True,False
2024-02-05,111,SBUX,-0.136219,9.0,5.0,True,False
2024-02-12,111,SBUX,0.1364016666666666,7.0,5.0,True,False
2024-02-19,111,SBUX,-0.2152456611111111,19.0,6.0,True,False
2024-02-26,111,SBUX,0.2452325777777778,20.0,5.0,True,False
2024-03-04,111,SBUX,-0.3063824657142857,19.0,5.0,True,False
2024-03-11,111,SBUX,-0.3580310277777778,14.0,6.0,True,False
2024-03-18,111,SBUX,-0.0789481404761905,25.0,7.0,True,False
2024-03-25,111,SBUX,-0.0654858666666666,14.0,5.0,True,False
2024-04-01,111,SBUX,0.0030284999999999,2.0,2.0,True,False
2024-04-08,111,SBUX,-0.1314748857142857,24.0,5.0,True,False
2024-04-15,111,SBUX,0.1672290777777778,18.0,5.0,True,False
2024-04-22,111,SBUX,-0.0068800249999999,24.0,4.0,True,False
2024-04-29,111,SBUX,-0.2411504206349206,41.0,7.0,True,False
2024-05-06,111,SBUX,-0.0214237045454545,35.0,6.0,True,False
2024-05-13,111,SBUX,-0.2117009666666666,9.0,5.0,True,False
2024-05-20,111,SBUX,-0.2297193333333334,4.0,3.0,True,False
2024-05-27,111,SBUX,-0.0247965102040816,16.0,7.0,True,False
2024-06-03,111,SBUX,0.08704105,9.0,5.0,True,False
2024-06-10,111,SBUX,0.1195645126262626,40.0,6.0,True,False
2024-06-17,111,SBUX,-0.0511762499999999,6.0,4.0,True,False
2024-06-24,111,SBUX,-0.2117127,9.0,5.0,True,False
2024-07-01,111,SBUX,-0.019604125,8.0,4.0,True,False
2024-07-08,111,SBUX,0.68745075,3.0,2.0,True,False
2024-07-15,111,SBUX,-0.1246864318181818,25.0,6.0,True,False
2024-07-22,111,SBUX,-0.0103143333333333,3.0,3.0,True,False
2024-07-29,111,SBUX,-0.3259066166666667,27.0,6.0,True,False
2024-08-05,111,SBUX,-0.22606337,14.0,5.0,True,False
2024-08-12,111,SBUX,-0.0497570333951762,117.0,7.0,True,False
2024-08-19,111,SBUX,-0.0704869880000951,48.0,7.0,True,False
2024-08-26,111,SBUX,-0.1549735904761904,19.0,7.0,True,False
2024-09-02,111,SBUX,-0.2861750238095238,16.0,7.0,True,False
2024-09-09,111,SBUX,-0.0606820472582972,33.0,7.0,True,False
2024-09-16,111,SBUX,-0.0439816617604617,32.0,6.0,True,False
2024-09-23,111,SBUX,-0.0526420277777777,16.0,6.0,True,False
2024-09-30,111,SBUX,-0.0026089565934065,27.0,7.0,True,False
2024-10-07,111,SBUX,-0.0275369999999999,11.0,6.0,True,False
2024-10-14,111,SBUX,-0.1318757214285714,22.0,7.0,True,False
2024-10-21,111,SBUX,-0.175632296031746,42.0,7.0,True,False
2024-10-28,111,SBUX,-0.0168885806053734,89.0,7.0,True,False
2024-11-04,111,SBUX,0.0973336027777777,40.0,6.0,True,False
2024-11-11,111,SBUX,0.0552739678571428,32.0,7.0,True,False
2024-11-18,111,SBUX,-0.0181669571428571,16.0,7.0,True,False
2024-11-25,111,SBUX,-0.1727618066666666,24.0,5.0,True,False
2024-12-02,111,SBUX,-0.1564525962337662,32.0,5.0,True,False
2024-12-09,111,SBUX,-0.2779915714285714,12.0,7.0,True,False
2024-12-16,111,SBUX,-0.067019066017316,89.0,7.0,True,False
2024-12-23,111,SBUX,-0.2401726631351105,72.0,7.0,True,False
2024-12-30,111,SBUX,0.034999,14.0,5.0,True,False
2025-01-06,111,SBUX,-0.0180228809523809,17.0,7.0,True,False
2025-01-13,111,SBUX,-0.081281669064269,76.0,7.0,True,False
2025-01-20,111,SBUX,-0.1615205277777777,17.0,6.0,True,False
2025-01-27,111,SBUX,0.0066803575653731,95.0,7.0,True,False
2025-02-03,111,SBUX,0.0805835207482993,36.0,7.0,True,False
2025-02-10,111,SBUX,-0.3831827465608466,40.0,6.0,True,False
2025-02-17,111,SBUX,-0.2039566,22.0,6.0,True,False
2025-02-24,111,SBUX,-0.1732560804232804,81.0,7.0,True,False
2025-03-03,111,SBUX,-0.00729839,32.0,5.0,True,False
2025-03-10,111,SBUX,-0.1720098826530612,36.0,7.0,True,False
2025-03-17,111,SBUX,-0.5236040937499999,17.0,4.0,True,False
2025-03-24,111,SBUX,0.0035084833333333,20.0,5.0,True,False
2025-03-31,111,SBUX,-0.1617357599999999,15.0,5.0,True,False
2025-04-07,111,SBUX,-0.0203935,9.0,5.0,True,False
2025-04-14,111,SBUX,0.1208689428571428,37.0,7.0,True,False
2025-04-21,111,SBUX,-0.3035836132653061,20.0,7.0,True,False
2025-04-28,111,SBUX,-0.0290320013687899,76.0,7.0,True,False
2025-05-05,111,SBUX,0.1707562666666666,14.0,5.0,True,False
2025-05-12,111,SBUX,-0.0717181523809523,38.0,6.0,True,False
2025-05-19,111,SBUX,-0.1257695476190476,13.0,7.0,True,False
2025-05-26,111,SBUX,0.0843571809523809,31.0,5.0,True,False
2025-06-02,111,SBUX,0.2894173,6.0,2.0,True,False
2025-06-09,111,SBUX,0.3685504952380952,45.0,7.0,True,False
2025-06-16,111,SBUX,0.2657562222222222,16.0,6.0,True,False
2025-06-23,111,SBUX,-0.0245543888888888,26.0,6.0,True,False
2025-06-30,111,SBUX,0.3509452222222222,30.0,6.0,True,False
2025-07-07,111,SBUX,-0.0997813205782312,26.0,7.0,True,False
2025-07-14,111,SBUX,-0.1350069236494598,34.0,7.0,True,False
2025-07-21,111,SBUX,0.0788709333333333,23.0,5.0,True,False
2025-07-28,111,SBUX,-0.0558181801735186,69.0,7.0,True,False
2025-08-04,111,SBUX,0.0375647666666666,18.0,5.0,True,False
2025-08-11,111,SBUX,-0.1105535499999999,20.0,5.0,True,False
2025-08-18,111,SBUX,-0.0613971325757575,30.0,6.0,True,False
2025-08-25,111,SBUX,0.1210000059523809,40.0,6.0,True,False
2025-09-01,111,SBUX,0.0729926406307977,30.0,7.0,True,False
2025-09-08,111,SBUX,0.1889142142857142,18.0,7.0,True,False
2025-09-15,111,SBUX,-0.0293692477324262,50.0,7.0,True,False
2025-09-22,111,SBUX,-0.3389679764625851,110.0,7.0,True,False
2025-09-29,111,SBUX,-0.1429106620614035,45.0,6.0,True,False
2025-10-06,111,SBUX,-0.0190764583333333,21.0,6.0,True,False
2025-10-13,111,SBUX,-0.1534703124999999,13.0,4.0,True,False
2025-10-20,111,SBUX,-0.1123914285714285,26.0,6.0,True,False
2025-10-27,111,SBUX,-0.0871988703902613,42.0,7.0,True,False
2025-11-03,111,SBUX,-0.128642382402659,105.0,6.0,True,False
2025-11-10,111,SBUX,-0.0027892564814814,22.0,3.0,True,False
2025-11-17,111,SBUX,-0.0027892564814814,0.0,,False,True
2025-11-24,111,SBUX,-0.0027892564814814,0.0,,False,True
2025-12-01,111,SBUX,-0.0027892564814814,0.0,,False,True
2025-12-08,111,SBUX,-0.0027892564814814,0.0,,False,True
2025-12-15,111,SBUX,-0.0027892564814814,0.0,,False,True
2025-12-22,111,SBUX,-0.0027892564814814,0.0,,False,True
2025-12-29,111,SBUX,-0.0027892564814814,0.0,,False,True
2015-01-05,57,UBER,-0.1558666437969924,58.0,7.0,True,False
2015-01-12,57,UBER,-0.2390121437118437,81.0,7.0,True,False
2015-01-19,57,UBER,-0.0025445425763125,76.0,7.0,True,False
2015-01-26,57,UBER,-0.1876801077777777,117.0,7.0,True,False
2015-02-02,57,UBER,-0.1598777970725511,97.0,7.0,True,False
2015-02-09,57,UBER,-0.0086306516301159,59.0,7.0,True,False
2015-02-16,57,UBER,0.1099149180451127,64.0,7.0,True,False
2015-02-23,57,UBER,0.0358542880952381,68.0,7.0,True,False
2015-03-02,57,UBER,-0.3163388516955266,68.0,7.0,True,False
2015-03-09,57,UBER,-0.0117867463203463,62.0,7.0,True,False
2015-03-16,57,UBER,-0.2457807985842986,106.0,7.0,True,False
2015-03-23,57,UBER,-0.3025305299525871,66.0,7.0,True,False
2015-03-30,57,UBER,-0.480014174693378,105.0,7.0,True,False
2015-04-06,57,UBER,-0.049083339608011,69.0,7.0,True,False
2015-04-13,57,UBER,0.0758635687229437,54.0,6.0,True,False
2015-04-20,57,UBER,-0.2040407370614035,63.0,6.0,True,False
2015-04-27,57,UBER,-0.1470762344826741,70.0,7.0,True,False
2015-05-04,57,UBER,-0.1522049677901463,67.0,7.0,True,False
2015-05-11,57,UBER,-0.1851064888888889,71.0,7.0,True,False
2015-05-18,57,UBER,-0.2457637920918367,83.0,7.0,True,False
2015-05-25,57,UBER,-0.1993603978712463,72.0,6.0,True,False
2015-06-01,57,UBER,-0.1063721780792307,71.0,7.0,True,False
2015-06-08,57,UBER,0.0317291825757575,85.0,6.0,True,False
2015-06-15,57,UBER,-0.2378892882259073,135.0,7.0,True,False
2015-06-22,57,UBER,-0.2976480102564102,171.0,7.0,True,False
2015-06-29,57,UBER,-0.4360406385353097,146.0,7.0,True,False
2015-07-06,57,UBER,-0.1534025929466065,87.0,6.0,True,False
2015-07-13,57,UBER,-0.3679537584747583,181.0,7.0,True,False
2015-07-20,57,UBER,-0.0436230157809445,195.0,7.0,True,False
2015-07-27,57,UBER,-0.3088287592972503,104.0,7.0,True,False
2015-08-03,57,UBER,-0.4487440202380952,81.0,7.0,True,False
2015-08-10,57,UBER,-0.3663953269299024,82.0,7.0,True,False
2015-08-17,57,UBER,0.0024738928571428,95.0,7.0,True,False
2015-08-24,57,UBER,-0.0819386776556776,91.0,7.0,True,False
2015-08-31,57,UBER,-0.2806166112221112,132.0,7.0,True,False
2015-09-07,57,UBER,-0.1962175364079094,108.0,7.0,True,False
2015-09-14,57,UBER,-0.0711547066171923,84.0,7.0,True,False
2015-09-21,57,UBER,-0.023601624019314,78.0,7.0,True,False
2015-09-28,57,UBER,0.0576648143241167,79.0,7.0,True,False
2015-10-05,57,UBER,-0.2579980718508027,69.0,7.0,True,False
2015-10-12,57,UBER,-0.1212968662131519,116.0,7.0,True,False
2015-10-19,57,UBER,-0.0699689559523809,81.0,7.0,True,False
2015-10-26,57,UBER,-0.1397066152173913,64.0,7.0,True,False
2015-11-02,57,UBER,-0.3606973139025448,136.0,7.0,True,False
2015-11-09,57,UBER,-0.150372215713255,56.0,7.0,True,False
2015-11-16,57,UBER,-0.2126681912972085,78.0,6.0,True,False
2015-11-23,57,UBER,-0.1808642889140271,40.0,6.0,True,False
2015-11-30,57,UBER,0.065355256472332,93.0,6.0,True,False
2015-12-07,57,UBER,-0.1946135833333333,94.0,7.0,True,False
2015-12-14,57,UBER,-0.0051676352580168,125.0,6.0,True,False
2015-12-21,57,UBER,-0.2005233688145188,48.0,7.0,True,False
2015-12-28,57,UBER,-0.216198268707483,57.0,7.0,True,False
2016-01-04,57,UBER,-0.3289203414965986,74.0,7.0,True,False
2016-01-11,57,UBER,-0.1929330155547577,143.0,7.0,True,False
2016-01-18,57,UBER,-0.2191454156462585,138.0,7.0,True,False
2016-01-25,57,UBER,-0.2974220470371481,120.0,7.0,True,False
2016-02-01,57,UBER,-0.1793446653061224,92.0,7.0,True,False
2016-02-08,57,UBER,-0.183774387405107,92.0,7.0,True,False
2016-02-15,57,UBER,-0.4196768634915505,93.0,7.0,True,False
2016-02-22,57,UBER,-0.3643628962794824,214.0,7.0,True,False
2016-02-29,57,UBER,-0.4172782731884057,72.0,7.0,True,False
2016-03-07,57,UBER,-0.3190331897959184,68.0,7.0,True,False
2016-03-14,57,UBER,-0.3575418547565271,187.0,7.0,True,False
2016-03-21,57,UBER,-0.2648505039508111,69.0,7.0,True,False
2016-03-28,57,UBER,-0.1579082946675089,114.0,7.0,True,False
2016-04-04,57,UBER,-0.1355178297789929,121.0,7.0,True,False
2016-04-11,57,UBER,-0.1648591079157979,107.0,7.0,True,False
2016-04-18,57,UBER,-0.1913039211372587,120.0,7.0,True,False
2016-04-25,57,UBER,-0.2684273615787981,112.0,7.0,True,False
2016-05-02,57,UBER,-0.2132764653504599,147.0,7.0,True,False
2016-05-09,57,UBER,-0.3008511961496137,177.0,7.0,True,False
2016-05-16,57,UBER,-0.19258621506105,155.0,7.0,True,False
2016-05-23,57,UBER,-0.2653877381338899,85.0,7.0,True,False
2016-05-30,57,UBER,-0.0216308160409035,125.0,7.0,True,False
2016-06-06,57,UBER,-0.2177680395358143,147.0,7.0,True,False
2016-06-13,57,UBER,0.0013511719155844,135.0,7.0,True,False
2016-06-20,57,UBER,-0.2708645647588523,87.0,7.0,True,False
2016-06-27,57,UBER,-0.1444733059163059,80.0,7.0,True,False
2016-07-04,57,UBER,-0.0212824439393939,51.0,7.0,True,False
2016-07-11,57,UBER,-0.2712865177169113,67.0,7.0,True,False
2016-07-18,57,UBER,-0.160630189033189,68.0,7.0,True,False
2016-07-25,57,UBER,-0.2743028982532873,110.0,7.0,True,False
2016-08-01,57,UBER,-0.1233541943638659,178.0,7.0,True,False
2016-08-08,57,UBER,-0.2550020712430427,59.0,7.0,True,False
2016-08-15,57,UBER,-0.3256352685641978,186.0,7.0,True,False
2016-08-22,57,UBER,-0.3257451974989893,141.0,7.0,True,False
2016-08-29,57,UBER,-0.1920956833594976,126.0,7.0,True,False
2016-09-05,57,UBER,-0.1972281435309052,72.0,7.0,True,False
2016-09-12,57,UBER,-0.1066299114145658,122.0,7.0,True,False
2016-09-19,57,UBER,-0.1204845505668934,89.0,7.0,True,False
2016-09-26,57,UBER,0.1083197178571428,70.0,7.0,True,False
2016-10-03,57,UBER,-0.3009200691086691,65.0,7.0,True,False
2016-10-10,57,UBER,-0.1899228021008403,46.0,6.0,True,False
2016-10-17,57,UBER,-0.0675701298701298,31.0,7.0,True,False
2016-10-24,57,UBER,0.0211734202694235,117.0,7.0,True,False
2016-10-31,57,UBER,-0.1979900534568372,87.0,7.0,True,False
2016-11-07,57,UBER,-0.0346899553571428,45.0,6.0,True,False
2016-11-14,57,UBER,-0.1029600456606885,49.0,7.0,True,False
2016-11-21,57,UBER,-0.026825672008547,37.0,6.0,True,False
2016-11-28,57,UBER,-0.2593931264905962,60.0,7.0,True,False
2016-12-05,57,UBER,-0.1701573636474636,71.0,7.0,True,False
2016-12-12,57,UBER,-0.2846210534661632,151.0,7.0,True,False
2016-12-19,57,UBER,-0.2827730032301032,139.0,7.0,True,False
2016-12-26,57,UBER,-0.2619037058441558,66.0,7.0,True,False
2017-01-02,57,UBER,-0.1317343224856697,85.0,7.0,True,False
2017-01-09,57,UBER,-0.0542005281974969,72.0,6.0,True,False
2017-01-16,57,UBER,-0.3558589737076648,90.0,7.0,True,False
2017-01-23,57,UBER,-0.2224917284780579,103.0,7.0,True,False
2017-01-30,57,UBER,-0.4433693331037384,212.0,7.0,True,False
2017-02-06,57,UBER,-0.1507138298877274,90.0,7.0,True,False
2017-02-13,57,UBER,-0.4666752057884747,126.0,7.0,True,False
2017-02-20,57,UBER,-0.5893416436288332,304.0,7.0,True,False
2017-02-27,57,UBER,-0.5169243652825732,339.0,7.0,True,False
2017-03-06,57,UBER,-0.3642461915513571,197.0,7.0,True,False
2017-03-13,57,UBER,-0.3250875886320822,135.0,7.0,True,False
2017-03-20,57,UBER,-0.3736876703842732,189.0,7.0,True,False
2017-03-27,57,UBER,-0.4318516351726322,220.0,7.0,True,False
2017-04-03,57,UBER,-0.5605837070927777,221.0,7.0,True,False
2017-04-10,57,UBER,-0.3727064864327483,188.0,7.0,True,False
2017-04-17,57,UBER,-0.4191333817571318,147.0,7.0,True,False
2017-04-24,57,UBER,-0.2564481615784633,243.0,7.0,True,False
2017-05-01,57,UBER,-0.5310523524438346,172.0,7.0,True,False
2017-05-08,57,UBER,-0.2532854407142857,158.0,7.0,True,False
2017-05-15,57,UBER,-0.3627602422109618,176.0,7.0,True,False
2017-05-22,57,UBER,-0.3592051892555538,175.0,7.0,True,False
2017-05-29,57,UBER,-0.5523641965220397,166.0,7.0,True,False
2017-06-05,57,UBER,-0.3358172922499088,323.0,7.0,True,False
2017-06-12,57,UBER,-0.4664394265769253,444.0,7.0,True,False
2017-06-19,57,UBER,-0.3591385046869846,435.0,7.0,True,False
2017-06-26,57,UBER,-0.2419858880926471,171.0,7.0,True,False
2017-07-03,57,UBER,-0.2963986083274636,122.0,7.0,True,False
2017-07-10,57,UBER,-0.2505039330668934,110.0,7.0,True,False
2017-07-17,57,UBER,-0.3787254591511245,117.0,7.0,True,False
2017-07-24,57,UBER,-0.174529842007992,131.0,7.0,True,False
2017-07-31,57,UBER,-0.252689537467876,121.0,7.0,True,False
2017-08-07,57,UBER,-0.2818368379433555,182.0,7.0,True,False
2017-08-14,57,UBER,-0.3132107929187296,175.0,7.0,True,False
2017-08-21,57,UBER,-0.2395930252621354,174.0,7.0,True,False
2017-08-28,57,UBER,-0.1796662747119368,197.0,7.0,True,False
2017-09-04,57,UBER,-0.3466121825912183,75.0,7.0,True,False
2017-09-11,57,UBER,-0.4182278560962847,49.0,7.0,True,False
2017-09-18,57,UBER,-0.5369766339613798,236.0,7.0,True,False
2017-09-25,57,UBER,-0.2146013303181389,166.0,7.0,True,False
2017-10-02,57,UBER,-0.2483426095065562,180.0,7.0,True,False
2017-10-09,57,UBER,-0.2015197367037724,90.0,7.0,True,False
2017-10-16,57,UBER,-0.2658972261904762,52.0,6.0,True,False
2017-10-23,57,UBER,-0.1522026488641475,76.0,6.0,True,False
2017-10-30,57,UBER,-0.290255340692046,68.0,7.0,True,False
2017-11-06,57,UBER,0.0064303162616741,187.0,7.0,True,False
2017-11-13,57,UBER,-0.3309443175359967,128.0,7.0,True,False
2017-11-20,57,UBER,-0.3798930817224001,256.0,7.0,True,False
2017-11-27,57,UBER,-0.5967481905229765,231.0,7.0,True,False
2017-12-04,57,UBER,-0.5191850698051947,108.0,7.0,True,False
2017-12-11,57,UBER,-0.4923765186251679,146.0,7.0,True,False
2017-12-18,57,UBER,-0.2074097550927551,132.0,5.0,True,False
2017-12-25,57,UBER,-0.197481386878655,99.0,6.0,True,False
2018-01-01,57,UBER,-0.2744009800115207,78.0,7.0,True,False
2018-01-08,57,UBER,-0.34032467930839,71.0,7.0,True,False
2018-01-15,57,UBER,-0.1615005318681319,56.0,7.0,True,False
2018-01-22,57,UBER,-0.319486082485645,105.0,7.0,True,False
2018-01-29,57,UBER,-0.1442646667855021,87.0,7.0,True,False
2018-02-05,57,UBER,-0.3250171097146186,261.0,7.0,True,False
2018-02-12,57,UBER,-0.2744056139077853,133.0,7.0,True,False
2018-02-19,57,UBER,-0.1601861933023366,135.0,7.0,True,False
2018-02-26,57,UBER,-0.2851921960003764,125.0,7.0,True,False
2018-03-05,57,UBER,-0.203251255588697,125.0,7.0,True,False
2018-03-12,57,UBER,-0.0768568782312925,86.0,7.0,True,False
2018-03-19,57,UBER,-0.5971029611267852,195.0,7.0,True,False
2018-03-26,57,UBER,-0.4438959941813089,169.0,5.0,True,False
2018-04-02,57,UBER,-0.144203,6.0,3.0,True,False
2018-04-09,57,UBER,0.0136000976623376,34.0,5.0,True,False
2018-04-16,57,UBER,-0.0896431851851851,36.0,6.0,True,False
2018-04-23,57,UBER,-0.3408744302459445,36.0,7.0,True,False
2018-04-30,57,UBER,-0.3669059995748299,74.0,7.0,True,False
2018-05-07,57,UBER,0.0684292336202157,136.0,7.0,True,False
2018-05-14,57,UBER,-0.2260280672155731,113.0,5.0,True,False
2018-05-21,57,UBER,-0.4654131128917378,130.0,6.0,True,False
2018-05-28,57,UBER,-0.1692965189717553,62.0,6.0,True,False
2018-06-04,57,UBER,0.0556556222222222,12.0,6.0,True,False
2018-06-11,57,UBER,-0.2340425795454545,53.0,7.0,True,False
2018-06-18,57,UBER,-0.2817506442587618,133.0,7.0,True,False
2018-06-25,57,UBER,-0.0891507919793724,149.0,7.0,True,False
2018-07-02,57,UBER,-0.2362713893325446,70.0,7.0,True,False
2018-07-09,57,UBER,-0.2611683619158619,115.0,7.0,True,False
2018-07-16,57,UBER,-0.2597432854464457,107.0,7.0,True,False
2018-07-23,57,UBER,-0.4528806197320223,124.0,7.0,True,False
2018-07-30,57,UBER,-0.3913089242673994,84.0,7.0,True,False
2018-08-06,57,UBER,-0.2638827727682556,126.0,6.0,True,False
2018-08-13,57,UBER,-0.1165862875040925,85.0,7.0,True,False
2018-08-20,57,UBER,-0.2664893428971588,61.0,7.0,True,False
2018-08-27,57,UBER,-0.0506900581957057,110.0,7.0,True,False
2018-09-03,57,UBER,-0.0014294247126436,63.0,6.0,True,False
2018-09-10,57,UBER,0.00383596,13.0,5.0,True,False
2018-09-17,57,UBER,-0.4276422761904762,28.0,7.0,True,False
2018-09-24,57,UBER,-0.6133357768184197,40.0,7.0,True,False
2018-10-01,57,UBER,0.0227176842883307,49.0,7.0,True,False
2018-10-08,57,UBER,-0.3986883944444444,35.0,6.0,True,False
2018-10-15,57,UBER,-0.0791973746293389,83.0,7.0,True,False
2018-10-22,57,UBER,-0.1612830290873015,67.0,7.0,True,False
2018-10-29,57,UBER,0.1096501556221556,58.0,6.0,True,False
2018-11-05,57,UBER,-0.3376486444444444,20.0,6.0,True,False
2018-11-12,57,UBER,-0.1512130467171716,25.0,6.0,True,False
2018-11-19,57,UBER,0.2152662222222222,17.0,4.0,True,False
2018-11-26,57,UBER,-0.2805244841269841,42.0,6.0,True,False
2018-12-03,57,UBER,0.0651989937065735,94.0,7.0,True,False
2018-12-10,57,UBER,0.1032027795995671,56.0,7.0,True,False
2018-12-17,57,UBER,-0.0716535026818419,72.0,7.0,True,False
2018-12-24,57,UBER,-0.1994420972222222,15.0,6.0,True,False
2018-12-31,57,UBER,-0.2388818023809523,43.0,7.0,True,False
2019-01-07,57,UBER,-0.1776039787342287,48.0,7.0,True,False
2019-01-14,57,UBER,-0.1271038999999999,24.0,6.0,True,False
2019-01-21,57,UBER,-0.1240443505494505,51.0,7.0,True,False
2019-01-28,57,UBER,-0.2436601960123523,66.0,7.0,True,False
2019-02-04,57,UBER,-0.4737411226604278,42.0,6.0,True,False
2019-02-11,57,UBER,-0.2827524365079365,42.0,7.0,True,False
2019-02-18,57,UBER,-0.1410202346011131,64.0,7.0,True,False
2019-02-25,57,UBER,-0.1802534843537415,63.0,7.0,True,False
2019-03-04,57,UBER,-0.3814621218865675,76.0,7.0,True,False
2019-03-11,57,UBER,-0.1316146313294548,62.0,7.0,True,False
2019-03-18,57,UBER,-0.011401923185941,54.0,7.0,True,False
2019-03-25,57,UBER,-0.2191692071328531,113.0,7.0,True,False
2019-04-01,57,UBER,-0.1194035097680097,53.0,7.0,True,False
2019-04-08,57,UBER,-0.2200409631898733,195.0,7.0,True,False
2019-04-15,57,UBER,0.1176108282939491,107.0,7.0,True,False
2019-04-22,57,UBER,-0.1887769378309485,119.0,7.0,True,False
2019-04-29,57,UBER,-0.2171626983385662,134.0,7.0,True,False
2019-05-06,57,UBER,-0.3714287582190804,437.0,7.0,True,False
2019-05-13,57,UBER,-0.2825726071211284,186.0,7.0,True,False
2019-05-20,57,UBER,-0.1719029328703703,80.0,5.0,True,False
2019-05-27,57,UBER,-0.3837499900989618,132.0,7.0,True,False
2019-06-03,57,UBER,-0.2004633973954075,134.0,7.0,True,False
2019-06-10,57,UBER,0.0263204266887524,153.0,6.0,True,False
2019-06-17,57,UBER,-0.293732653968254,45.0,7.0,True,False
2019-06-24,57,UBER,-0.2194031666666666,38.0,6.0,True,False
2019-07-01,57,UBER,-0.0700294388422035,60.0,7.0,True,False
2019-07-08,57,UBER,-0.0369781954403277,100.0,7.0,True,False
2019-07-15,57,UBER,-0.0729756183600713,62.0,7.0,True,False
2019-07-22,57,UBER,-0.2306298797619047,54.0,7.0,True,False
2019-07-29,57,UBER,-0.4402818792517006,57.0,7.0,True,False
2019-08-05,57,UBER,-0.4156563425241426,122.0,7.0,True,False
2019-08-12,57,UBER,-0.3403083656746032,61.0,7.0,True,False
2019-08-19,57,UBER,-0.049750131352541,47.0,7.0,True,False
2019-08-26,57,UBER,-0.3084448122710623,87.0,7.0,True,False
2019-09-02,57,UBER,-0.2329775738337232,62.0,7.0,True,False
2019-09-09,57,UBER,-0.2627695181290632,122.0,7.0,True,False
2019-09-16,57,UBER,-0.044253219744024,66.0,7.0,True,False
2019-09-23,57,UBER,-0.1018490501498501,63.0,7.0,True,False
2019-09-30,57,UBER,-0.1739479330344258,97.0,7.0,True,False
2019-10-07,57,UBER,-0.2395729240487582,85.0,7.0,True,False
2019-10-14,57,UBER,-0.0840673809801036,91.0,7.0,True,False
2019-10-21,57,UBER,-0.2821034743764172,55.0,7.0,True,False
2019-10-28,57,UBER,-0.1949942475840336,92.0,7.0,True,False
2019-11-04,57,UBER,-0.4811864963276367,158.0,7.0,True,False
2019-11-11,57,UBER,-0.4821587446978087,103.0,7.0,True,False
2019-11-18,57,UBER,-0.1494993864087301,91.0,7.0,True,False
2019-11-25,57,UBER,-0.4925961270471151,115.0,7.0,True,False
2019-12-02,57,UBER,-0.2438416285281384,128.0,7.0,True,False
2019-12-09,57,UBER,-0.3784443222789115,48.0,7.0,True,False
2019-12-16,57,UBER,-0.3500004789734075,87.0,7.0,True,False
2019-12-23,57,UBER,-0.0667093602351137,75.0,7.0,True,False
2019-12-30,57,UBER,-0.3070976786131996,56.0,7.0,True,False
2020-01-06,57,UBER,-0.1891313142857143,81.0,7.0,True,False
2020-01-13,57,UBER,-0.2294905142857143,39.0,7.0,True,False
2020-01-20,57,UBER,-0.0043283496598639,77.0,7.0,True,False
2020-01-27,57,UBER,-0.3420429778911565,41.0,7.0,True,False
2020-02-03,57,UBER,-0.1327637966977466,111.0,7.0,True,False
2020-02-10,57,UBER,-0.3199633512767426,68.0,6.0,True,False
2020-02-17,57,UBER,-0.2797458473544974,62.0,6.0,True,False
2020-02-24,57,UBER,-0.2169896028911564,49.0,7.0,True,False
2020-03-02,57,UBER,-0.0620873478109192,57.0,7.0,True,False
2020-03-09,57,UBER,-0.4221612501165501,37.0,6.0,True,False
2020-03-16,57,UBER,-0.3361719203703703,32.0,6.0,True,False
2020-03-23,57,UBER,-0.1030820967841682,44.0,7.0,True,False
2020-03-30,57,UBER,-0.226472407639979,34.0,7.0,True,False
2020-04-06,57,UBER,0.2130946388888888,10.0,6.0,True,False
2020-04-13,57,UBER,-0.1558300976190476,32.0,6.0,True,False
2020-04-20,57,UBER,0.1879544208333333,38.0,6.0,True,False
2020-04-27,57,UBER,-0.322042552014652,38.0,7.0,True,False
2020-05-04,57,UBER,-0.261081761692408,153.0,6.0,True,False
2020-05-11,57,UBER,-0.1683666127981495,111.0,7.0,True,False
2020-05-18,57,UBER,-0.5368649596899225,70.0,7.0,True,False
2020-05-25,57,UBER,-0.281338732034632,56.0,7.0,True,False
2020-06-01,57,UBER,-0.0514383571428571,24.0,7.0,True,False
2020-06-08,57,UBER,-0.2059245064892624,46.0,6.0,True,False
2020-06-15,57,UBER,-0.053519462585034,20.0,7.0,True,False
2020-06-22,57,UBER,-0.1942610928571428,22.0,7.0,True,False
2020-06-29,57,UBER,0.0078816785714285,28.0,7.0,True,False
2020-07-06,57,UBER,0.1024721082565284,55.0,6.0,True,False
2020-07-13,57,UBER,-0.0256498210317459,29.0,6.0,True,False
2020-07-20,57,UBER,-0.0427368866666666,24.0,5.0,True,False
2020-07-27,57,UBER,-0.2314291666666666,4.0,3.0,True,False
2020-08-03,57,UBER,-0.3503350557142857,41.0,5.0,True,False
2020-08-10,57,UBER,-0.3945383341079821,127.0,7.0,True,False
2020-08-17,57,UBER,-0.3705179784230538,153.0,7.0,True,False
2020-08-24,57,UBER,-0.2343724428571428,23.0,6.0,True,False
2020-08-31,57,UBER,0.0314854949999999,42.0,5.0,True,False
2020-09-07,57,UBER,0.0172395309523809,30.0,4.0,True,False
2020-09-14,57,UBER,-0.2694755619588744,62.0,6.0,True,False
2020-09-21,57,UBER,-0.2918507153061224,33.0,7.0,True,False
2020-09-28,57,UBER,-0.0023635189255189,77.0,7.0,True,False
2020-10-05,57,UBER,0.0201520416666666,14.0,6.0,True,False
2020-10-12,57,UBER,-0.3919386694444444,19.0,6.0,True,False
2020-10-19,57,UBER,0.0161984694486341,49.0,6.0,True,False
2020-10-26,57,UBER,-0.4364477907407407,41.0,6.0,True,False
2020-11-02,57,UBER,-0.1797961091269841,60.0,6.0,True,False
2020-11-09,57,UBER,0.14293496,27.0,5.0,True,False
2020-11-16,57,UBER,0.783964,1.0,1.0,True,False
2020-11-23,57,UBER,-0.950176,1.0,1.0,True,False
2020-11-30,57,UBER,0.0263762133333333,19.0,5.0,True,False
2020-12-07,57,UBER,0.1896914385281385,76.0,5.0,True,False
2020-12-14,57,UBER,-0.2318734287157287,44.0,6.0,True,False
2020-12-21,57,UBER,-0.1765331,10.0,5.0,True,False
2020-12-28,57,UBER,-0.14287,7.0,5.0,True,False
2021-01-04,57,UBER,-0.5345207500000001,11.0,5.0,True,False
2021-01-11,57,UBER,-0.1779418966666666,27.0,5.0,True,False
2021-01-18,57,UBER,-0.52501776,10.0,5.0,True,False
2021-01-25,57,UBER,-0.095047825170068,25.0,7.0,True,False
2021-02-01,57,UBER,0.0113562261904762,42.0,4.0,True,False
2021-02-08,57,UBER,0.1899437283446712,37.0,7.0,True,False
2021-02-15,57,UBER,0.1106577059178743,63.0,6.0,True,False
2021-02-22,57,UBER,-0.4145150952380952,17.0,7.0,True,False
2021-03-01,57,UBER,0.1738329555555555,19.0,6.0,True,False
2021-03-08,57,UBER,-0.5078695582125604,65.0,5.0,True,False
2021-03-15,57,UBER,-0.3834570718614718,83.0,7.0,True,False
2021-03-22,57,UBER,-0.4171208350340136,43.0,7.0,True,False
2021-03-29,57,UBER,-0.5829543623757195,45.0,7.0,True,False
2021-04-05,57,UBER,-0.315267424512987,32.0,4.0,True,False
2021-04-12,57,UBER,-0.1067706853174603,39.0,6.0,True,False
2021-04-19,57,UBER,-0.4117712420634921,29.0,7.0,True,False
2021-04-26,57,UBER,-0.1842647115337043,54.0,7.0,True,False
2021-05-03,57,UBER,-0.1650070135642135,52.0,7.0,True,False
2021-05-10,57,UBER,-0.0129007287878787,59.0,7.0,True,False
2021-05-17,57,UBER,0.1246531083333333,23.0,5.0,True,False
2021-05-24,57,UBER,-0.1479039751002965,42.0,7.0,True,False
2021-05-31,57,UBER,-0.5843134444444444,23.0,6.0,True,False
2021-06-07,57,UBER,-0.4420878348124098,41.0,6.0,True,False
2021-06-14,57,UBER,-0.0239432678571428,24.0,7.0,True,False
2021-06-21,57,UBER,-0.3340352367346939,32.0,7.0,True,False
2021-06-28,57,UBER,-0.1680039166666666,31.0,6.0,True,False
2021-07-05,57,UBER,-0.7243042333333333,17.0,5.0,True,False
2021-07-12,57,UBER,-0.2523764472789115,19.0,7.0,True,False
2021-07-19,57,UBER,-0.0864741111111111,54.0,7.0,True,False
2021-07-26,57,UBER,-0.0219540571428571,46.0,7.0,True,False
2021-08-02,57,UBER,-0.0749553418300653,49.0,6.0,True,False
2021-08-09,57,UBER,0.1019062133333333,17.0,5.0,True,False
2021-08-16,57,UBER,-0.4395044115646259,23.0,7.0,True,False
2021-08-23,57,UBER,-0.2874555555555556,12.0,6.0,True,False
2021-08-30,57,UBER,-0.0432955138888888,42.0,6.0,True,False
2021-09-06,57,UBER,-0.3938026791666666,18.0,4.0,True,False
2021-09-13,57,UBER,-0.3812052873015873,26.0,6.0,True,False
2021-09-20,57,UBER,0.0781526083333333,39.0,6.0,True,False
2021-09-27,57,UBER,-0.1731957333333333,13.0,5.0,True,False
2021-10-04,57,UBER,-0.3145632083333333,21.0,6.0,True,False
2021-10-11,57,UBER,-0.1294831166666666,12.0,5.0,True,False
2021-10-18,57,UBER,-0.0735761249999999,8.0,4.0,True,False
2021-10-25,57,UBER,0.2358765659722222,31.0,6.0,True,False
2021-11-01,57,UBER,0.0355657736111111,35.0,6.0,True,False
2021-11-08,57,UBER,-0.0313092647849462,48.0,4.0,True,False
2021-11-15,57,UBER,0.1759681166666666,16.0,6.0,True,False
2021-11-22,57,UBER,-0.2060936809523809,20.0,7.0,True,False
2021-11-29,57,UBER,0.2319475333333333,17.0,5.0,True,False
2021-12-06,57,UBER,0.1097155108225108,27.0,7.0,True,False
2021-12-13,57,UBER,0.0067443015873016,24.0,6.0,True,False
2021-12-20,57,UBER,-0.4119978388888889,17.0,6.0,True,False
2021-12-27,57,UBER,-0.4788601666666667,4.0,3.0,True,False
2022-01-03,57,UBER,0.0013269888888888,19.0,6.0,True,False
2022-01-10,57,UBER,-0.2421451142857143,19.0,5.0,True,False
2022-01-17,57,UBER,-0.4266919166666666,6.0,4.0,True,False
2022-01-24,57,UBER,-0.3667391408730158,22.0,6.0,True,False
2022-01-31,57,UBER,-0.1835159761904762,14.0,5.0,True,False
2022-02-07,57,UBER,0.3139302135416666,29.0,4.0,True,False
2022-02-14,57,UBER,-0.2115642717948718,34.0,7.0,True,False
2022-02-21,57,UBER,-0.3833775101190476,36.0,7.0,True,False
2022-02-28,57,UBER,0.1668525333333333,29.0,7.0,True,False
2022-03-07,57,UBER,-0.0094122217687074,48.0,7.0,True,False
2022-03-14,57,UBER,-0.2860600994505495,33.0,7.0,True,False
2022-03-21,57,UBER,-0.0225020638528138,54.0,7.0,True,False
2022-03-28,57,UBER,0.0283624999999999,18.0,6.0,True,False
2022-04-04,57,UBER,-0.1873524416666666,26.0,6.0,True,False
2022-04-11,57,UBER,-0.7462766249999999,9.0,4.0,True,False
2022-04-18,57,UBER,-0.4362731732804233,29.0,6.0,True,False
2022-04-25,57,UBER,-0.1220511599999999,9.0,5.0,True,False
2022-05-02,57,UBER,-0.1655774,9.0,5.0,True,False
2022-05-09,57,UBER,0.1037605309523809,29.0,5.0,True,False
2022-05-16,57,UBER,0.1245642375,32.0,6.0,True,False
2022-05-23,57,UBER,-0.29322565,15.0,4.0,True,False
2022-05-30,57,UBER,-0.1020465833333333,12.0,6.0,True,False
2022-06-06,57,UBER,-0.4687496619047619,29.0,7.0,True,False
2022-06-13,57,UBER,-0.37996531,13.0,5.0,True,False
2022-06-20,57,UBER,-0.06501506,28.0,5.0,True,False
2022-06-27,57,UBER,-0.1884951,37.0,6.0,True,False
2022-07-04,57,UBER,-0.1127275362903225,36.0,4.0,True,False
2022-07-11,57,UBER,-0.6788636873809525,115.0,7.0,True,False
2022-07-18,57,UBER,-0.2224513095238095,40.0,6.0,True,False
2022-07-25,57,UBER,-0.0875178734848484,30.0,5.0,True,False
2022-08-01,57,UBER,0.0187912153153153,61.0,6.0,True,False
2022-08-08,57,UBER,-0.3329720333333333,19.0,7.0,True,False
2022-08-15,57,UBER,-0.2556136027777778,20.0,6.0,True,False
2022-08-22,57,UBER,-0.3545332607142857,21.0,5.0,True,False
2022-08-29,57,UBER,0.1454044133333333,26.0,5.0,True,False
2022-09-05,57,UBER,-0.067894988095238,28.0,7.0,True,False
2022-09-12,57,UBER,-0.3822342103896103,66.0,6.0,True,False
2022-09-19,57,UBER,-0.3645000069444444,29.0,6.0,True,False
2022-09-26,57,UBER,-0.490131137755102,23.0,7.0,True,False
2022-10-03,57,UBER,-0.3913613571428571,43.0,7.0,True,False
2022-10-10,57,UBER,-0.3297796545454546,20.0,4.0,True,False
2022-10-17,57,UBER,0.3020301805555555,21.0,4.0,True,False
2022-10-24,57,UBER,-0.2605219861111111,21.0,6.0,True,False
2022-10-31,57,UBER,-0.180803774047619,41.0,5.0,True,False
2022-11-07,57,UBER,-0.25813525,7.0,4.0,True,False
2022-11-14,57,UBER,0.0959878866666666,14.0,5.0,True,False
2022-11-21,57,UBER,-0.62666825,10.0,6.0,True,False
2022-11-28,57,UBER,-0.3527326666666667,14.0,5.0,True,False
2022-12-05,57,UBER,-0.2445061393011749,36.0,7.0,True,False
2022-12-12,57,UBER,-0.2402499221088435,39.0,7.0,True,False
2022-12-19,57,UBER,-0.4641168076923077,18.0,4.0,True,False
2022-12-26,57,UBER,-0.012670075,10.0,4.0,True,False
2023-01-02,57,UBER,-0.26597025,17.0,5.0,True,False
2023-01-09,57,UBER,-0.2693301928571429,15.0,5.0,True,False
2023-01-16,57,UBER,-0.0831437857142857,16.0,7.0,True,False
2023-01-23,57,UBER,-0.4262274737373737,30.0,6.0,True,False
2023-01-30,57,UBER,-0.10999605,16.0,4.0,True,False
2023-02-06,57,UBER,-0.2323802203907203,39.0,7.0,True,False
2023-02-13,57,UBER,-0.45347775,12.0,4.0,True,False
2023-02-20,57,UBER,-0.130065262755102,26.0,7.0,True,False
2023-02-27,57,UBER,-0.2680275,11.0,6.0,True,False
2023-03-06,57,UBER,-0.0559366501587301,27.0,5.0,True,False
2023-03-13,57,UBER,-0.0841356428571428,20.0,7.0,True,False
2023-03-20,57,UBER,-0.4225270238095238,21.0,7.0,True,False
2023-03-27,57,UBER,-0.2372058452380952,23.0,6.0,True,False
2023-04-03,57,UBER,-0.24712955,15.0,6.0,True,False
2023-04-10,57,UBER,-0.1383238333333333,22.0,6.0,True,False
2023-04-17,57,UBER,-0.01404088,14.0,5.0,True,False
2023-04-24,57,UBER,-0.4538214766414141,37.0,6.0,True,False
2023-05-01,57,UBER,-0.2621254253968254,50.0,5.0,True,False
2023-05-08,57,UBER,-0.2098874641025641,27.0,5.0,True,False
2023-05-15,57,UBER,0.0552677763975155,41.0,7.0,True,False
2023-05-22,57,UBER,-0.3051008496244652,51.0,7.0,True,False
2023-05-29,57,UBER,0.0448014566666666,21.0,5.0,True,False
2023-06-05,57,UBER,0.2261100005050504,27.0,6.0,True,False
2023-06-12,57,UBER,0.0127562103174603,30.0,6.0,True,False
2023-06-19,57,UBER,-0.3655700370748299,28.0,7.0,True,False
2023-06-26,57,UBER,-0.4841977359307359,26.0,7.0,True,False
2023-07-03,57,UBER,-0.6314414027777778,14.0,6.0,True,False
2023-07-10,57,UBER,-0.3054749797979798,40.0,6.0,True,False
2023-07-17,57,UBER,-0.114197125,18.0,5.0,True,False
2023-07-24,57,UBER,-0.1573363472222222,20.0,6.0,True,False
2023-07-31,57,UBER,-0.347504390542328,51.0,6.0,True,False
2023-08-07,57,UBER,0.0727474062499999,19.0,4.0,True,False
2023-08-14,57,UBER,-0.294595,32.0,7.0,True,False
2023-08-21,57,UBER,-0.4689962687074829,39.0,7.0,True,False
2023-08-28,57,UBER,-0.1780667666666666,15.0,5.0,True,False
2023-09-04,57,UBER,-0.1279558087301587,26.0,6.0,True,False
2023-09-11,57,UBER,-0.0584883061224489,22.0,7.0,True,False
2023-09-18,57,UBER,0.1222980185185185,27.0,6.0,True,False
2023-09-25,57,UBER,-0.0284003083333333,23.0,6.0,True,False
2023-10-02,57,UBER,-0.0826579033333333,32.0,5.0,True,False
2023-10-09,57,UBER,-0.2581376071428571,12.0,4.0,True,False
2023-10-16,57,UBER,-0.0940673333333333,12.0,5.0,True,False
2023-10-23,57,UBER,-0.1392529285714285,19.0,7.0,True,False
2023-10-30,57,UBER,-0.2869310072463767,38.0,5.0,True,False
2023-11-06,57,UBER,-0.1451114198412698,28.0,6.0,True,False
2023-11-13,57,UBER,0.0384065277777777,16.0,6.0,True,False
2023-11-20,57,UBER,-0.2081549888888889,12.0,6.0,True,False
2023-11-27,57,UBER,-0.0720905455782312,24.0,7.0,True,False
2023-12-04,57,UBER,0.0594677738095238,22.0,4.0,True,False
2023-12-11,57,UBER,-0.0596436785714285,20.0,7.0,True,False
2023-12-18,57,UBER,-0.0874453944444444,17.0,6.0,True,False
2023-12-25,57,UBER,-0.17093714,11.0,5.0,True,False
2024-01-01,57,UBER,-0.1450421875,8.0,4.0,True,False
2024-01-08,57,UBER,-0.1348913333333333,13.0,5.0,True,False
2024-01-15,57,UBER,-0.049548909090909,25.0,5.0,True,False
2024-01-22,57,UBER,-0.1418204761904762,13.0,7.0,True,False
2024-01-29,57,UBER,-0.1994053888888888,11.0,6.0,True,False
2024-02-05,57,UBER,-0.2162961029411765,44.0,7.0,True,False
2024-02-12,57,UBER,-0.1452706851190476,36.0,6.0,True,False
2024-02-19,57,UBER,-0.2524511888888889,15.0,6.0,True,False
2024-02-26,57,UBER,-0.2536298041125541,28.0,7.0,True,False
2024-03-04,57,UBER,-0.3074668537414965,23.0,7.0,True,False
2024-03-11,57,UBER,-0.1384866448979591,35.0,7.0,True,False
2024-03-18,57,UBER,-0.2238555507936508,42.0,7.0,True,False
2024-03-25,57,UBER,-0.0725639904761904,18.0,7.0,True,False
2024-04-01,57,UBER,-0.091389125,26.0,6.0,True,False
2024-04-08,57,UBER,-0.2095491241582491,33.0,6.0,True,False
2024-04-15,57,UBER,-0.4293789959183674,37.0,7.0,True,False
2024-04-22,57,UBER,-0.0176214,8.0,5.0,True,False
2024-04-29,57,UBER,-0.3622601428571428,19.0,7.0,True,False
2024-05-06,57,UBER,-0.2728873421356421,43.0,7.0,True,False
2024-05-13,57,UBER,0.1320496258503401,29.0,7.0,True,False
2024-05-20,57,UBER,-0.2362899133333333,20.0,5.0,True,False
2024-05-27,57,UBER,-0.16040625,8.0,4.0,True,False
2024-06-03,57,UBER,-0.1761493333333333,14.0,6.0,True,False
2024-06-10,57,UBER,-0.23969917,17.0,5.0,True,False
2024-06-17,57,UBER,0.0336823999999999,17.0,5.0,True,False
2024-06-24,57,UBER,-0.2603550865079365,27.0,5.0,True,False
2024-07-01,57,UBER,0.0276124,8.0,5.0,True,False
2024-07-08,57,UBER,-0.0860105277777777,19.0,6.0,True,False
2024-07-15,57,UBER,-0.5308495,13.0,5.0,True,False
2024-07-22,57,UBER,0.0368909,12.0,5.0,True,False
2024-07-29,57,UBER,0.0166122633333333,17.0,5.0,True,False
2024-08-05,57,UBER,-0.2887818916666667,21.0,4.0,True,False
2024-08-12,57,UBER,-0.342139875,7.0,4.0,True,False
2024-08-19,57,UBER,-0.1499585083333333,11.0,4.0,True,False
2024-08-26,57,UBER,-0.2235225793650793,30.0,6.0,True,False
2024-09-02,57,UBER,-0.2992776875,8.0,4.0,True,False
2024-09-09,57,UBER,-0.3740862653846154,21.0,5.0,True,False
2024-09-16,57,UBER,0.1662060149999999,27.0,5.0,True,False
2024-09-23,57,UBER,-0.3167338849206349,17.0,6.0,True,False
2024-09-30,57,UBER,-0.3862563843537415,31.0,7.0,True,False
2024-10-07,57,UBER,-0.0923155646258503,36.0,7.0,True,False
2024-10-14,57,UBER,-0.172404101984127,30.0,6.0,True,False
2024-10-21,57,UBER,-0.0549536122448979,18.0,7.0,True,False
2024-10-28,57,UBER,-0.1115499206349206,32.0,6.0,True,False
2024-11-04,57,UBER,0.19277325,20.0,4.0,True,False
2024-11-11,57,UBER,-0.49238925,6.0,3.0,True,False
2024-11-18,57,UBER,0.1176769166666666,15.0,5.0,True,False
2024-11-25,57,UBER,-0.2274812071428571,25.0,5.0,True,False
2024-12-02,57,UBER,0.130657356060606,24.0,7.0,True,False
2024-12-09,57,UBER,-0.2633148333333333,17.0,6.0,True,False
2024-12-16,57,UBER,-0.2978205277777778,19.0,6.0,True,False
2024-12-23,57,UBER,-0.1003153833333333,11.0,5.0,True,False
2024-12-30,57,UBER,-0.2057886166666666,14.0,5.0,True,False
2025-01-06,57,UBER,-0.1509930595238095,19.0,7.0,True,False
2025-01-13,57,UBER,-0.2686474166666667,10.0,4.0,True,False
2025-01-20,57,UBER,-0.2806495,5.0,3.0,True,False
2025-01-27,57,UBER,-0.3448775833333333,21.0,5.0,True,False
2025-02-03,57,UBER,-0.101951031845238,45.0,6.0,True,False
2025-02-10,57,UBER,-0.056401938095238,17.0,7.0,True,False
2025-02-17,57,UBER,-0.3460570416666667,15.0,6.0,True,False
2025-02-24,57,UBER,-0.3288444166666667,10.0,6.0,True,False
2025-03-03,57,UBER,0.0679348446969697,24.0,6.0,True,False
2025-03-10,57,UBER,-0.3398275138888889,16.0,6.0,True,False
2025-03-17,57,UBER,-0.2975452619047619,19.0,7.0,True,False
2025-03-24,57,UBER,-0.2272983833333333,22.0,6.0,True,False
2025-03-31,57,UBER,-0.5211005833333333,11.0,5.0,True,False
2025-04-07,57,UBER,-0.14150875,14.0,5.0,True,False
2025-04-14,57,UBER,-0.3415563246753247,29.0,5.0,True,False
2025-04-21,57,UBER,-0.4787755122150997,48.0,6.0,True,False
2025-04-28,57,UBER,-0.1242406845238095,34.0,7.0,True,False
2025-05-05,57,UBER,-0.1634153555860806,50.0,7.0,True,False
2025-05-12,57,UBER,0.0947116726190476,43.0,7.0,True,False
2025-05-19,57,UBER,-0.0768113033333333,17.0,5.0,True,False
2025-05-26,57,UBER,-0.3697364976190476,19.0,7.0,True,False
2025-06-02,57,UBER,0.2789402916666667,31.0,6.0,True,False
2025-06-09,57,UBER,-0.2925619166666666,23.0,6.0,True,False
2025-06-16,57,UBER,0.0261892857142857,21.0,7.0,True,False
2025-06-23,57,UBER,-0.1185741603174603,38.0,7.0,True,False
2025-06-30,57,UBER,-0.1467417638888889,19.0,6.0,True,False
2025-07-07,57,UBER,-0.0251305,14.0,4.0,True,False
2025-07-14,57,UBER,-0.31987371875,18.0,4.0,True,False
2025-07-21,57,UBER,0.1028185805555555,37.0,5.0,True,False
2025-07-28,57,UBER,-0.2943943,15.0,6.0,True,False
2025-08-04,57,UBER,-0.0629904700854701,32.0,6.0,True,False
2025-08-11,57,UBER,-0.3220763125,13.0,4.0,True,False
2025-08-18,57,UBER,-0.4757413,15.0,5.0,True,False
2025-08-25,57,UBER,-0.2197980166666666,18.0,5.0,True,False
2025-09-01,57,UBER,-0.0528635833333333,10.0,5.0,True,False
2025-09-08,57,UBER,-0.4270367603174603,46.0,7.0,True,False
2025-09-15,57,UBER,-0.2316824319727891,20.0,7.0,True,False
2025-09-22,57,UBER,0.0623932666666665,8.0,3.0,True,False
2025-09-29,57,UBER,-0.1115487499999999,12.0,7.0,True,False
2025-10-06,57,UBER,-0.5929990763888889,16.0,6.0,True,False
2025-10-13,57,UBER,0.100800365079365,15.0,6.0,True,False
2025-10-20,57,UBER,-0.055116074074074,18.0,6.0,True,False
2025-10-27,57,UBER,0.1666411416666666,19.0,4.0,True,False
2025-11-03,57,UBER,-0.5450943472222222,26.0,6.0,True,False
2025-11-10,57,UBER,0.365579,5.0,2.0,True,False
2025-11-17,57,UBER,0.365579,0.0,,False,True
2025-11-24,57,UBER,0.365579,0.0,,False,True
2025-12-01,57,UBER,0.365579,0.0,,False,True
2025-12-08,57,UBER,0.365579,0.0,,False,True
2025-12-15,57,UBER,0.365579,0.0,,False,True
2025-12-22,57,UBER,0.365579,0.0,,False,True
2025-12-29,57,UBER,0.365579,0.0,,False,True
2015-01-05,14,V,-0.1445374547619047,76.0,7.0,True,False
2015-01-12,14,V,0.0318845753260628,106.0,7.0,True,False
2015-01-19,14,V,0.0214953776741465,96.0,7.0,True,False
2015-01-26,14,V,0.0110629538131041,112.0,7.0,True,False
2015-02-02,14,V,-0.1125453709702995,91.0,7.0,True,False
2015-02-09,14,V,0.0291478911575687,98.0,7.0,True,False
2015-02-16,14,V,-0.1334842101437551,111.0,7.0,True,False
2015-02-23,14,V,-0.1219579022086629,116.0,7.0,True,False
2015-03-02,14,V,-0.105066261840048,197.0,7.0,True,False
2015-03-09,14,V,-0.0389017369897959,126.0,7.0,True,False
2015-03-16,14,V,-0.0700164174549353,264.0,7.0,True,False
2015-03-23,14,V,-0.0863069228029423,166.0,7.0,True,False
2015-03-30,14,V,-0.15027046233791,107.0,7.0,True,False
2015-04-06,14,V,0.0073276667084377,84.0,7.0,True,False
2015-04-13,14,V,-0.0580445445287205,86.0,7.0,True,False
2015-04-20,14,V,0.0573033793395544,99.0,7.0,True,False
2015-04-27,14,V,-0.0177478242673992,95.0,7.0,True,False
2015-05-04,14,V,-0.0143838404235697,89.0,7.0,True,False
2015-05-11,14,V,-0.0755329231684981,84.0,7.0,True,False
2015-05-18,14,V,-0.0768438672161172,80.0,7.0,True,False
2015-05-25,14,V,-0.0785516939023659,134.0,7.0,True,False
2015-06-01,14,V,-0.0782103249552452,112.0,7.0,True,False
2015-06-08,14,V,-0.1554199684742158,105.0,7.0,True,False
2015-06-15,14,V,-0.0916368186886037,123.0,7.0,True,False
2015-06-22,14,V,0.0376893873015872,84.0,7.0,True,False
2015-06-29,14,V,-0.0329233771127565,90.0,7.0,True,False
2015-07-06,14,V,-0.0934267666989872,96.0,7.0,True,False
2015-07-13,14,V,-0.0027109140873015,86.0,7.0,True,False
2015-07-20,14,V,0.0393959813071188,159.0,7.0,True,False
2015-07-27,14,V,0.0418086345451707,125.0,7.0,True,False
2015-08-03,14,V,0.0200137710692972,89.0,7.0,True,False
2015-08-10,14,V,-0.1202556088032581,93.0,7.0,True,False
2015-08-17,14,V,-0.0885369450940931,140.0,7.0,True,False
2015-08-24,14,V,-0.181889834743452,101.0,7.0,True,False
2015-08-31,14,V,-0.1150353133451761,138.0,7.0,True,False
2015-09-07,14,V,-0.022534828103697,125.0,7.0,True,False
2015-09-14,14,V,-0.1337245473608172,95.0,7.0,True,False
2015-09-21,14,V,-0.0043658746134817,104.0,7.0,True,False
2015-09-28,14,V,-0.1385738838561201,165.0,7.0,True,False
2015-10-05,14,V,-0.0055631330425631,91.0,7.0,True,False
2015-10-12,14,V,-0.0879667957971852,100.0,7.0,True,False
2015-10-19,14,V,0.0004066240079365,106.0,7.0,True,False
2015-10-26,14,V,-0.0427751770527328,125.0,7.0,True,False
2015-11-02,14,V,0.1344472708593797,158.0,7.0,True,False
2015-11-09,14,V,-0.1035324663590596,187.0,7.0,True,False
2015-11-16,14,V,-0.0834967323835241,248.0,7.0,True,False
2015-11-23,14,V,-0.0529590561421149,161.0,7.0,True,False
2015-11-30,14,V,-0.1318702588100224,488.0,7.0,True,False
2015-12-07,14,V,-0.1480760626102195,378.0,7.0,True,False
2015-12-14,14,V,-0.1047360804537099,422.0,7.0,True,False
2015-12-21,14,V,-0.2528889703338807,141.0,7.0,True,False
2015-12-28,14,V,-0.0882924848595848,97.0,7.0,True,False
2016-01-04,14,V,-0.0958724629267975,125.0,7.0,True,False
2016-01-11,14,V,-0.2137725333646616,103.0,7.0,True,False
2016-01-18,14,V,-0.2154957263619832,175.0,7.0,True,False
2016-01-25,14,V,-0.0106857093726379,113.0,7.0,True,False
2016-02-01,14,V,-0.0874747962651727,113.0,7.0,True,False
2016-02-08,14,V,-0.069464445759819,135.0,7.0,True,False
2016-02-15,14,V,0.0185471972222222,97.0,7.0,True,False
2016-02-22,14,V,-0.018314872715239,140.0,7.0,True,False
2016-02-29,14,V,-0.1000503648246991,142.0,7.0,True,False
2016-03-07,14,V,-0.1344474847468227,192.0,7.0,True,False
2016-03-14,14,V,0.0093545059949246,156.0,7.0,True,False
2016-03-21,14,V,-0.0034791366146458,138.0,7.0,True,False
2016-03-28,14,V,-0.0578451978689619,106.0,7.0,True,False
2016-04-04,14,V,-0.1237683011273405,142.0,7.0,True,False
2016-04-11,14,V,-0.0574308356643356,106.0,7.0,True,False
2016-04-18,14,V,-0.0265099936088376,154.0,7.0,True,False
2016-04-25,14,V,-0.0008179410127883,91.0,7.0,True,False
2016-05-02,14,V,-0.0904383844392864,142.0,7.0,True,False
2016-05-09,14,V,-0.0540826010504201,131.0,7.0,True,False
2016-05-16,14,V,-0.0335965756013999,119.0,7.0,True,False
2016-05-23,14,V,-0.1221438034330886,110.0,7.0,True,False
2016-05-30,14,V,-0.0172648439212574,119.0,7.0,True,False
2016-06-06,14,V,-0.0027943642836229,135.0,7.0,True,False
2016-06-13,14,V,-0.1036016866618314,179.0,7.0,True,False
2016-06-20,14,V,-0.0390204890174185,181.0,7.0,True,False
2016-06-27,14,V,-0.1442825738590436,206.0,7.0,True,False
2016-07-04,14,V,0.001749133028083,79.0,7.0,True,False
2016-07-11,14,V,-0.1588958992021595,129.0,7.0,True,False
2016-07-18,14,V,-0.0214077973389355,127.0,7.0,True,False
2016-07-25,14,V,-0.1078193466081169,97.0,7.0,True,False
2016-08-01,14,V,-0.1346190020846478,146.0,7.0,True,False
2016-08-08,14,V,-0.0593953687910251,104.0,7.0,True,False
2016-08-15,14,V,-0.0525861319817437,124.0,7.0,True,False
2016-08-22,14,V,-0.0546281218981998,142.0,7.0,True,False
2016-08-29,14,V,-0.1578220507449171,161.0,7.0,True,False
2016-09-05,14,V,-0.0165242230121069,98.0,7.0,True,False
2016-09-12,14,V,-0.0375112114016659,148.0,7.0,True,False
2016-09-19,14,V,0.0876496869390957,102.0,7.0,True,False
2016-09-26,14,V,-0.0375710960571835,91.0,6.0,True,False
2016-10-03,14,V,-0.1050307900326797,93.0,7.0,True,False
2016-10-10,14,V,-0.0282448185232426,102.0,7.0,True,False
2016-10-17,14,V,-0.0231415192999687,120.0,7.0,True,False
2016-10-24,14,V,0.0501337120300751,102.0,7.0,True,False
2016-10-31,14,V,-0.156967508566517,101.0,7.0,True,False
2016-11-07,14,V,-0.0487887678987679,126.0,7.0,True,False
2016-11-14,14,V,-0.0729230249149659,86.0,7.0,True,False
2016-11-21,14,V,-0.0290079918612899,131.0,7.0,True,False
2016-11-28,14,V,-0.051967352080226,87.0,7.0,True,False
2016-12-05,14,V,-0.0725499483742214,91.0,7.0,True,False
2016-12-12,14,V,0.0297468664265706,70.0,7.0,True,False
2016-12-19,14,V,-0.0693163234515484,77.0,7.0,True,False
2016-12-26,14,V,-0.0661294998376623,50.0,7.0,True,False
2017-01-02,14,V,-0.0034838245733957,108.0,7.0,True,False
2017-01-09,14,V,-0.0921220279882967,168.0,7.0,True,False
2017-01-16,14,V,0.1694534169991073,112.0,7.0,True,False
2017-01-23,14,V,-0.1676040931710281,678.0,7.0,True,False
2017-01-30,14,V,-0.1794047827374147,1343.0,7.0,True,False
2017-02-06,14,V,-0.1230861118812994,579.0,7.0,True,False
2017-02-13,14,V,-0.0718115638969364,247.0,7.0,True,False
2017-02-20,14,V,-0.1511476366481864,306.0,7.0,True,False
2017-02-27,14,V,-0.1425166831572697,402.0,7.0,True,False
2017-03-06,14,V,-0.1443281312884133,675.0,7.0,True,False
2017-03-13,14,V,-0.1617730644018888,354.0,7.0,True,False
2017-03-20,14,V,-0.089659850257002,183.0,7.0,True,False
2017-03-27,14,V,-0.0843476707926606,242.0,7.0,True,False
2017-04-03,14,V,-0.1292679482613411,288.0,7.0,True,False
2017-04-10,14,V,-0.085803359585503,129.0,7.0,True,False
2017-04-17,14,V,-0.0291536250124146,405.0,7.0,True,False
2017-04-24,14,V,-0.097550242214341,173.0,7.0,True,False
2017-05-01,14,V,-0.0670954581528416,252.0,7.0,True,False
2017-05-08,14,V,-0.1289395622555743,239.0,7.0,True,False
2017-05-15,14,V,-0.0486762745207173,136.0,7.0,True,False
2017-05-22,14,V,-0.2028602936549186,199.0,7.0,True,False
2017-05-29,14,V,-0.0639264206983193,199.0,7.0,True,False
2017-06-05,14,V,-0.0653705138976243,177.0,7.0,True,False
2017-06-12,14,V,-0.0089593474315367,174.0,7.0,True,False
2017-06-19,14,V,-0.0193019572590205,160.0,7.0,True,False
2017-06-26,14,V,-0.1461841829380417,456.0,7.0,True,False
2017-07-03,14,V,-0.1766615488317324,136.0,7.0,True,False
2017-07-10,14,V,-0.1033765688056911,310.0,7.0,True,False
2017-07-17,14,V,-0.0333403060836872,287.0,7.0,True,False
2017-07-24,14,V,-0.0765429409985234,151.0,7.0,True,False
2017-07-31,14,V,-0.0678605942471462,193.0,7.0,True,False
2017-08-07,14,V,-0.049881443938601,129.0,7.0,True,False
2017-08-14,14,V,-0.1827992525379382,84.0,7.0,True,False
2017-08-21,14,V,-0.0450469911027568,133.0,7.0,True,False
2017-08-28,14,V,-0.0816321985910121,89.0,7.0,True,False
2017-09-04,14,V,-0.0531163817164546,106.0,7.0,True,False
2017-09-11,14,V,-0.0166584891252425,102.0,7.0,True,False
2017-09-18,14,V,-0.0941063882783257,154.0,7.0,True,False
2017-09-25,14,V,-0.1232075895555746,147.0,7.0,True,False
2017-10-02,14,V,-0.1718964012820512,121.0,7.0,True,False
2017-10-09,14,V,-0.0383815839271924,148.0,7.0,True,False
2017-10-16,14,V,-0.0977615119803477,110.0,7.0,True,False
2017-10-23,14,V,-0.1099380569067922,248.0,7.0,True,False
2017-10-30,14,V,-0.1130983622105869,521.0,7.0,True,False
2017-11-06,14,V,-0.1182433484335839,138.0,7.0,True,False
2017-11-13,14,V,-0.1453990602157102,110.0,7.0,True,False
2017-11-20,14,V,-0.0281028605631726,71.0,7.0,True,False
2017-11-27,14,V,-0.0749799335034013,114.0,7.0,True,False
2017-12-04,14,V,-0.0882187945238095,143.0,7.0,True,False
2017-12-11,14,V,-0.1091336009129848,169.0,7.0,True,False
2017-12-18,14,V,-0.064871913744414,145.0,7.0,True,False
2017-12-25,14,V,-0.0103774775819418,92.0,7.0,True,False
2018-01-01,14,V,-0.1588504689148386,179.0,7.0,True,False
2018-01-08,14,V,-0.1347780207963815,375.0,7.0,True,False
2018-01-15,14,V,-0.1423179391212433,595.0,7.0,True,False
2018-01-22,14,V,-0.0098308925164727,330.0,7.0,True,False
2018-01-29,14,V,-0.0163797951858646,317.0,7.0,True,False
2018-02-05,14,V,-0.129829406522644,206.0,7.0,True,False
2018-02-12,14,V,-0.1228233019179029,309.0,7.0,True,False
2018-02-19,14,V,-0.1113855540622475,223.0,7.0,True,False
2018-02-26,14,V,-0.1518898116746964,168.0,7.0,True,False
2018-03-05,14,V,-0.090205741403162,115.0,7.0,True,False
2018-03-12,14,V,-0.1281907856345724,136.0,7.0,True,False
2018-03-19,14,V,-0.0117205234693877,129.0,7.0,True,False
2018-03-26,14,V,-0.1218345330623973,137.0,7.0,True,False
2018-04-02,14,V,-0.1564576600927125,153.0,7.0,True,False
2018-04-09,14,V,-0.0563999039205155,71.0,7.0,True,False
2018-04-16,14,V,-0.1826383620466,75.0,7.0,True,False
2018-04-23,14,V,-0.0589615791767056,108.0,7.0,True,False
2018-04-30,14,V,-0.1019579179425129,114.0,7.0,True,False
2018-05-07,14,V,-0.1231974219990535,116.0,7.0,True,False
2018-05-14,14,V,-0.0149060732149034,123.0,7.0,True,False
2018-05-21,14,V,-0.0567718658128418,153.0,7.0,True,False
2018-05-28,14,V,-0.1205909685250911,146.0,7.0,True,False
2018-06-04,14,V,-0.0304515711995368,144.0,7.0,True,False
2018-06-11,14,V,-0.0427998604046076,180.0,7.0,True,False
2018-06-18,14,V,-0.0435044824833489,170.0,7.0,True,False
2018-06-25,14,V,-0.024362026193086,258.0,7.0,True,False
2018-07-02,14,V,-0.059049732570604,126.0,7.0,True,False
2018-07-09,14,V,-0.0130891002265227,141.0,7.0,True,False
2018-07-16,14,V,-0.1415904727123803,174.0,7.0,True,False
2018-07-23,14,V,-0.2021476047475054,183.0,7.0,True,False
2018-07-30,14,V,-0.1226743764365264,165.0,7.0,True,False
2018-08-06,14,V,-0.1132137898364473,97.0,7.0,True,False
2018-08-13,14,V,-0.1572322860360538,139.0,7.0,True,False
2018-08-20,14,V,-0.1419700145711118,121.0,7.0,True,False
2018-08-27,14,V,-0.1053407617395676,113.0,7.0,True,False
2018-09-03,14,V,-0.2270836761695906,75.0,7.0,True,False
2018-09-10,14,V,-0.1029499396103895,44.0,7.0,True,False
2018-09-17,14,V,-0.209654552494331,58.0,7.0,True,False
2018-09-24,14,V,-0.0883522984126984,64.0,7.0,True,False
2018-10-01,14,V,-0.17119043679983,165.0,7.0,True,False
2018-10-08,14,V,-0.1212627990974167,125.0,7.0,True,False
2018-10-15,14,V,-0.0929883411064877,153.0,7.0,True,False
2018-10-22,14,V,-0.100716725170068,139.0,7.0,True,False
2018-10-29,14,V,-0.0436427183776749,92.0,7.0,True,False
2018-11-05,14,V,-0.1863968055555555,42.0,7.0,True,False
2018-11-12,14,V,-0.2854399285714285,39.0,7.0,True,False
2018-11-19,14,V,-0.1233542289682539,40.0,7.0,True,False
2018-11-26,14,V,-0.0333956464285714,79.0,7.0,True,False
2018-12-03,14,V,-0.1013564878916811,134.0,7.0,True,False
2018-12-10,14,V,-0.0709237544858523,102.0,7.0,True,False
2018-12-17,14,V,-0.1019958627060769,155.0,7.0,True,False
2018-12-24,14,V,-0.1600628445435517,107.0,7.0,True,False
2018-12-31,14,V,-0.1553029992991135,90.0,7.0,True,False
2019-01-07,14,V,-0.0560554711775922,139.0,7.0,True,False
2019-01-14,14,V,-0.1147538104917979,170.0,7.0,True,False
2019-01-21,14,V,-0.1558509786667459,177.0,7.0,True,False
2019-01-28,14,V,-0.230228599084249,213.0,7.0,True,False
2019-02-04,14,V,-0.1024457589690792,274.0,7.0,True,False
2019-02-11,14,V,-0.1561328359860654,202.0,7.0,True,False
2019-02-18,14,V,-0.0810595306420632,127.0,7.0,True,False
2019-02-25,14,V,-0.1775500091064992,176.0,7.0,True,False
2019-03-04,14,V,-0.1135393534187588,140.0,7.0,True,False
2019-03-11,14,V,-0.0630756470823736,174.0,7.0,True,False
2019-03-18,14,V,-0.0766712470164577,141.0,7.0,True,False
2019-03-25,14,V,-0.1217601463264962,133.0,7.0,True,False
2019-04-01,14,V,-0.0439991327158933,126.0,7.0,True,False
2019-04-08,14,V,-0.1736831741374616,132.0,7.0,True,False
2019-04-15,14,V,-0.1374923068659566,138.0,7.0,True,False
2019-04-22,14,V,-0.2022282084865178,144.0,7.0,True,False
2019-04-29,14,V,-0.090942645208144,117.0,7.0,True,False
2019-05-06,14,V,-0.1986702791532402,119.0,7.0,True,False
2019-05-13,14,V,-0.0240471167023691,204.0,7.0,True,False
2019-05-20,14,V,0.089716049915861,93.0,7.0,True,False
2019-05-27,14,V,-0.1215650065800866,123.0,7.0,True,False
2019-06-03,14,V,-0.0696265640748398,133.0,7.0,True,False
2019-06-10,14,V,-0.0380426890580683,155.0,7.0,True,False
2019-06-17,14,V,-0.0562230149034873,183.0,7.0,True,False
2019-06-24,14,V,-0.0545245004689754,122.0,7.0,True,False
2019-07-01,14,V,-0.1075410534013605,83.0,7.0,True,False
2019-07-08,14,V,-0.0265374347073039,101.0,7.0,True,False
2019-07-15,14,V,-0.0822198600546459,121.0,7.0,True,False
2019-07-22,14,V,-0.0823564750992063,114.0,7.0,True,False
2019-07-29,14,V,-0.0180113605059415,108.0,7.0,True,False
2019-08-05,14,V,-0.0644703020302433,116.0,7.0,True,False
2019-08-12,14,V,-0.1145227240287568,149.0,7.0,True,False
2019-08-19,14,V,-0.0414992288425859,104.0,7.0,True,False
2019-08-26,14,V,-0.1554044065447348,157.0,7.0,True,False
2019-09-02,14,V,-0.0363052477925605,165.0,7.0,True,False
2019-09-09,14,V,-0.0857548519299269,174.0,7.0,True,False
2019-09-16,14,V,-0.0460285065915505,118.0,7.0,True,False
2019-09-23,14,V,-0.0343366611772486,105.0,7.0,True,False
2019-09-30,14,V,-0.0739415816258321,131.0,7.0,True,False
2019-10-07,14,V,-0.1548760750103344,199.0,7.0,True,False
2019-10-14,14,V,-0.1143210947023785,101.0,7.0,True,False
2019-10-21,14,V,-0.0933856630356658,124.0,7.0,True,False
2019-10-28,14,V,-0.1309672128691293,111.0,7.0,True,False
2019-11-04,14,V,-0.1646100554739137,116.0,7.0,True,False
2019-11-11,14,V,0.024982628146627,111.0,7.0,True,False
2019-11-18,14,V,-0.0403792810755071,90.0,7.0,True,False
2019-11-25,14,V,-0.1982743431368268,102.0,7.0,True,False
2019-12-02,14,V,-0.1953240615079365,101.0,7.0,True,False
2019-12-09,14,V,-0.2307623645007964,111.0,7.0,True,False
2019-12-16,14,V,-0.1837322497697954,133.0,7.0,True,False
2019-12-23,14,V,0.048433558956916,76.0,7.0,True,False
2019-12-30,14,V,0.0061603241496598,67.0,7.0,True,False
2020-01-06,14,V,-0.0830502723231974,122.0,7.0,True,False
2020-01-13,14,V,0.0358494473168707,145.0,7.0,True,False
2020-01-20,14,V,-0.1007836856429174,199.0,7.0,True,False
2020-01-27,14,V,-0.1664826929889487,272.0,7.0,True,False
2020-02-03,14,V,-0.1753425702460405,148.0,7.0,True,False
2020-02-10,14,V,-0.1350101990007887,135.0,7.0,True,False
2020-02-17,14,V,-0.0885963423879691,140.0,7.0,True,False
2020-02-24,14,V,-0.0269756524675324,155.0,7.0,True,False
2020-03-02,14,V,-0.0428505139582639,144.0,7.0,True,False
2020-03-09,14,V,-0.1347780853425985,188.0,7.0,True,False
2020-03-16,14,V,-0.1235214930139883,208.0,7.0,True,False
2020-03-23,14,V,-0.0634448678771103,112.0,7.0,True,False
2020-03-30,14,V,0.0205719525452693,120.0,7.0,True,False
2020-04-06,14,V,-0.0912550913302641,109.0,7.0,True,False
2020-04-13,14,V,-0.1770229325822918,124.0,7.0,True,False
2020-04-20,14,V,-0.1228000798519273,193.0,7.0,True,False
2020-04-27,14,V,-0.0889268682216476,106.0,7.0,True,False
2020-05-04,14,V,-0.0358528218953665,115.0,7.0,True,False
2020-05-11,14,V,0.024190024166791,119.0,7.0,True,False
2020-05-18,14,V,-0.0355547991456114,111.0,7.0,True,False
2020-05-25,14,V,-0.0175664448545375,142.0,7.0,True,False
2020-06-01,14,V,0.01455203792517,102.0,7.0,True,False
2020-06-08,14,V,-0.0733729327861579,110.0,7.0,True,False
2020-06-15,14,V,-0.0711662456994336,117.0,7.0,True,False
2020-06-22,14,V,-0.1966685552345917,221.0,7.0,True,False
2020-06-29,14,V,-0.0511057049137668,135.0,7.0,True,False
2020-07-06,14,V,-0.1317087234724828,226.0,7.0,True,False
2020-07-13,14,V,-0.1125682716950654,185.0,7.0,True,False
2020-07-20,14,V,-0.3221796336996337,46.0,7.0,True,False
2020-07-27,14,V,0.1182365523809523,17.0,7.0,True,False
2020-08-03,14,V,-0.1860825477891156,37.0,7.0,True,False
2020-08-10,14,V,0.0155657771959661,102.0,7.0,True,False
2020-08-17,14,V,0.0420163925824175,77.0,7.0,True,False
2020-08-24,14,V,-0.1233960747850864,79.0,7.0,True,False
2020-08-31,14,V,-0.2275849375,11.0,4.0,True,False
2020-09-07,14,V,-0.1587611476190476,20.0,7.0,True,False
2020-09-14,14,V,-0.0887595357142857,13.0,7.0,True,False
2020-09-21,14,V,-0.0529889790279269,59.0,7.0,True,False
2020-09-28,14,V,-0.0339976299419116,98.0,7.0,True,False
2020-10-05,14,V,-0.044845271355472,110.0,7.0,True,False
2020-10-12,14,V,0.025832632670504,110.0,7.0,True,False
2020-10-19,14,V,0.0710308108390022,129.0,7.0,True,False
2020-10-26,14,V,-0.0782098080919081,113.0,7.0,True,False
2020-11-02,14,V,0.0346590515361058,109.0,7.0,True,False
2020-11-09,14,V,0.073300009314495,66.0,7.0,True,False
2020-11-16,14,V,0.1171837617630385,67.0,7.0,True,False
2020-11-23,14,V,0.1122384976642567,87.0,7.0,True,False
2020-11-30,14,V,-0.0535897584879406,155.0,7.0,True,False
2020-12-07,14,V,0.0271763229806634,119.0,7.0,True,False
2020-12-14,14,V,-0.0929189774267399,116.0,7.0,True,False
2020-12-21,14,V,0.0044805971932829,103.0,7.0,True,False
2020-12-28,14,V,0.0194059074829931,62.0,7.0,True,False
2021-01-04,14,V,-0.105292710904968,84.0,7.0,True,False
2021-01-11,14,V,-0.1601102635560675,104.0,7.0,True,False
2021-01-18,14,V,-0.0067438278587354,134.0,7.0,True,False
2021-01-25,14,V,0.045848520782114,120.0,7.0,True,False
2021-02-01,14,V,0.0369318275824175,84.0,7.0,True,False
2021-02-08,14,V,0.1205029698107448,82.0,7.0,True,False
2021-02-15,14,V,0.036352211004058,91.0,7.0,True,False
2021-02-22,14,V,-0.045672636031079,108.0,7.0,True,False
2021-03-01,14,V,0.0216777799058084,99.0,7.0,True,False
2021-03-08,14,V,-0.001794721141088,96.0,7.0,True,False
2021-03-15,14,V,-0.0088351801663249,155.0,7.0,True,False
2021-03-22,14,V,0.0168095209750566,80.0,7.0,True,False
2021-03-29,14,V,0.1455926021181199,115.0,7.0,True,False
2021-04-05,14,V,-0.016108291870915,60.0,6.0,True,False
2021-04-12,14,V,0.1531146181972789,59.0,7.0,True,False
2021-04-19,14,V,0.0521486862741374,100.0,7.0,True,False
2021-04-26,14,V,-0.0174808347905477,102.0,7.0,True,False
2021-05-03,14,V,-0.0191983121392496,94.0,7.0,True,False
2021-05-10,14,V,0.0559246061224489,86.0,7.0,True,False
2021-05-17,14,V,0.0236038753246753,75.0,7.0,True,False
2021-05-24,14,V,0.0493360472374847,80.0,7.0,True,False
2021-05-31,14,V,0.0570873462661988,83.0,7.0,True,False
2021-06-07,14,V,0.0332679856258292,83.0,7.0,True,False
2021-06-14,14,V,0.0112924243174143,96.0,7.0,True,False
2021-06-21,14,V,0.0244186091208791,151.0,7.0,True,False
2021-06-28,14,V,0.1727890782803839,94.0,7.0,True,False
2021-07-05,14,V,-0.0336130619666048,99.0,7.0,True,False
2021-07-12,14,V,-0.1270436108307453,98.0,7.0,True,False
2021-07-19,14,V,0.0698802407233861,130.0,7.0,True,False
2021-07-26,14,V,0.0366265926118428,139.0,7.0,True,False
2021-08-02,14,V,0.0339431084437451,218.0,7.0,True,False
2021-08-09,14,V,-0.0607951980063643,172.0,7.0,True,False
2021-08-16,14,V,-0.0551151869347253,381.0,7.0,True,False
2021-08-23,14,V,-0.0429214754132836,370.0,7.0,True,False
2021-08-30,14,V,-0.0254529481411612,244.0,7.0,True,False
2021-09-06,14,V,-0.0250829643296274,135.0,7.0,True,False
2021-09-13,14,V,-0.0412114437819185,119.0,7.0,True,False
2021-09-20,14,V,0.0205514214852607,121.0,7.0,True,False
2021-09-27,14,V,0.00672523772276,139.0,7.0,True,False
2021-10-04,14,V,0.0339032113114931,87.0,7.0,True,False
2021-10-11,14,V,0.0659171996383003,104.0,7.0,True,False
2021-10-18,14,V,-0.0057645800527187,126.0,7.0,True,False
2021-10-25,14,V,0.0321759071995464,93.0,7.0,True,False
2021-11-01,14,V,0.0013238053700267,66.0,7.0,True,False
2021-11-08,14,V,-0.0006477669449597,100.0,7.0,True,False
2021-11-15,14,V,-0.0569810611396766,128.0,7.0,True,False
2021-11-22,14,V,-0.0768431,8.0,5.0,True,False
2021-11-29,14,V,-0.1019165471861471,39.0,7.0,True,False
2021-12-06,14,V,-0.0410020642857142,110.0,7.0,True,False
2021-12-13,14,V,0.1289646794334737,90.0,7.0,True,False
2021-12-20,14,V,0.2288423607843137,43.0,7.0,True,False
2021-12-27,14,V,0.0932470246753246,49.0,7.0,True,False
2022-01-03,14,V,-0.0876473307488368,356.0,7.0,True,False
2022-01-10,14,V,-0.1600197700089187,721.0,7.0,True,False
2022-01-17,14,V,-0.1277722916957594,195.0,7.0,True,False
2022-01-24,14,V,0.0512233957142857,99.0,7.0,True,False
2022-01-31,14,V,-0.1155627095856524,124.0,7.0,True,False
2022-02-07,14,V,0.0578195415996542,83.0,7.0,True,False
2022-02-14,14,V,-0.0379402138544521,128.0,7.0,True,False
2022-02-21,14,V,-0.0836683433331124,174.0,7.0,True,False
2022-02-28,14,V,-0.1321745954143739,254.0,7.0,True,False
2022-03-07,14,V,-0.1234870574977934,208.0,7.0,True,False
2022-03-14,14,V,-0.0417178255743744,144.0,7.0,True,False
2022-03-21,14,V,-0.0444968402319902,120.0,7.0,True,False
2022-03-28,14,V,-0.0480701963557993,119.0,7.0,True,False
2022-04-04,14,V,-0.0827431068869855,90.0,7.0,True,False
2022-04-11,14,V,-0.0053913383116882,47.0,7.0,True,False
2022-04-18,14,V,-0.1291205648265685,65.0,7.0,True,False
2022-04-25,14,V,0.1814914781746031,54.0,7.0,True,False
2022-05-02,14,V,-0.0321325057603686,60.0,7.0,True,False
2022-05-09,14,V,0.0176283113636363,78.0,7.0,True,False
2022-05-16,14,V,0.0022862077616501,112.0,7.0,True,False
2022-05-23,14,V,-0.0487384137493459,70.0,7.0,True,False
2022-05-30,14,V,0.0806855474311463,102.0,7.0,True,False
2022-06-06,14,V,0.0343309370837154,116.0,7.0,True,False
2022-06-13,14,V,0.0622302548619448,71.0,7.0,True,False
2022-06-20,14,V,-0.1373528886154461,88.0,7.0,True,False
2022-06-27,14,V,0.0097808186507936,82.0,7.0,True,False
2022-07-04,14,V,0.0514221706993403,88.0,7.0,True,False
2022-07-11,14,V,-0.0265991148337656,92.0,7.0,True,False
2022-07-18,14,V,0.0339692237503697,92.0,7.0,True,False
2022-07-25,14,V,0.0247271451807996,82.0,7.0,True,False
2022-08-01,14,V,-0.070214149197528,106.0,7.0,True,False
2022-08-08,14,V,0.032913841965598,101.0,7.0,True,False
2022-08-15,14,V,0.0293230026010404,99.0,7.0,True,False
2022-08-22,14,V,-0.0602053270641589,102.0,7.0,True,False
2022-08-29,14,V,-0.1138488432573029,105.0,7.0,True,False
2022-09-05,14,V,0.0268162971916971,89.0,7.0,True,False
2022-09-12,14,V,0.0376195783037138,88.0,7.0,True,False
2022-09-19,14,V,0.0662671823321123,141.0,7.0,True,False
2022-09-26,14,V,0.0019750102472504,125.0,7.0,True,False
2022-10-03,14,V,-0.0206598217312099,111.0,7.0,True,False
2022-10-10,14,V,-0.0615440319909169,126.0,7.0,True,False
2022-10-17,14,V,0.0306609466329131,98.0,7.0,True,False
2022-10-24,14,V,0.0342052201530612,98.0,7.0,True,False
2022-10-31,14,V,-0.1219766867453648,102.0,7.0,True,False
2022-11-07,14,V,0.0178297178640687,90.0,7.0,True,False
2022-11-14,14,V,0.0185414012265512,131.0,7.0,True,False
2022-11-21,14,V,-0.0861978614579864,58.0,7.0,True,False
2022-11-28,14,V,-0.0595634173234608,99.0,7.0,True,False
2022-12-05,14,V,-0.1467016710884353,74.0,7.0,True,False
2022-12-12,14,V,-0.1381440265232408,106.0,7.0,True,False
2022-12-19,14,V,0.0865809029211684,78.0,7.0,True,False
2022-12-26,14,V,0.0019482034632034,71.0,7.0,True,False
2023-01-02,14,V,-0.0167846423160173,70.0,7.0,True,False
2023-01-09,14,V,-0.0910347247671294,135.0,7.0,True,False
2023-01-16,14,V,-0.0121046026592455,84.0,7.0,True,False
2023-01-23,14,V,-0.0712041758341581,132.0,7.0,True,False
2023-01-30,14,V,-0.0788360773209283,92.0,7.0,True,False
2023-02-06,14,V,0.0709825989795918,77.0,7.0,True,False
2023-02-13,14,V,-0.0372512444632748,92.0,7.0,True,False
2023-02-20,14,V,-0.0310766953430627,105.0,7.0,True,False
2023-02-27,14,V,0.0863398248165055,87.0,7.0,True,False
2023-03-06,14,V,-0.0495307396105108,98.0,7.0,True,False
2023-03-13,14,V,0.0206164484126984,84.0,7.0,True,False
2023-03-20,14,V,0.0217189147560772,85.0,7.0,True,False
2023-03-27,14,V,-0.0455414778846153,78.0,7.0,True,False
2023-04-03,14,V,0.0737722250130821,57.0,7.0,True,False
2023-04-10,14,V,-0.0163871201139546,66.0,7.0,True,False
2023-04-17,14,V,-0.0198325788115245,56.0,7.0,True,False
2023-04-24,14,V,0.0315693360544217,80.0,7.0,True,False
2023-05-01,14,V,0.0891537747294372,66.0,7.0,True,False
2023-05-08,14,V,0.0829907852891156,91.0,7.0,True,False
2023-05-15,14,V,0.0320942048443619,54.0,7.0,True,False
2023-05-22,14,V,0.0198151793040293,74.0,7.0,True,False
2023-05-29,14,V,-0.053872902365116,83.0,7.0,True,False
2023-06-05,14,V,0.0023055533954961,92.0,7.0,True,False
2023-06-12,14,V,-0.0055655951127819,68.0,7.0,True,False
2023-06-19,14,V,-0.042841093622966,100.0,7.0,True,False
2023-06-26,14,V,0.0611588855442177,70.0,7.0,True,False
2023-07-03,14,V,-0.1124699623626373,54.0,7.0,True,False
2023-07-10,14,V,0.023764938932496,64.0,7.0,True,False
2023-07-17,14,V,0.1476680223252937,103.0,7.0,True,False
2023-07-24,14,V,-0.0020424952237996,116.0,7.0,True,False
2023-07-31,14,V,-0.0084539354746444,84.0,7.0,True,False
2023-08-07,14,V,-0.0410888233195376,71.0,7.0,True,False
2023-08-14,14,V,-0.0484540600907029,76.0,7.0,True,False
2023-08-21,14,V,-0.1433326524659864,72.0,7.0,True,False
2023-08-28,14,V,-0.0919802176562932,78.0,7.0,True,False
2023-09-04,14,V,0.0066622563339438,78.0,7.0,True,False
2023-09-11,14,V,0.021535600595238,100.0,7.0,True,False
2023-09-18,14,V,-0.1458511480785296,123.0,7.0,True,False
2023-09-25,14,V,0.074775986974919,91.0,7.0,True,False
2023-10-02,14,V,-0.0382482906395891,96.0,7.0,True,False
2023-10-09,14,V,-0.025653104708199,83.0,7.0,True,False
2023-10-16,14,V,-0.1880393031468531,68.0,7.0,True,False
2023-10-23,14,V,-0.0093108403540903,86.0,7.0,True,False
2023-10-30,14,V,-0.0514572034413765,75.0,7.0,True,False
2023-11-06,14,V,-0.0056874743712636,71.0,7.0,True,False
2023-11-13,14,V,-0.0769706720372359,102.0,7.0,True,False
2023-11-20,14,V,-0.0481056552566481,69.0,7.0,True,False
2023-11-27,14,V,-0.0706955828434723,71.0,7.0,True,False
2023-12-04,14,V,-0.0418810003746953,101.0,7.0,True,False
2023-12-11,14,V,-0.1080865165120593,77.0,7.0,True,False
2023-12-18,14,V,-0.0757375524891774,54.0,7.0,True,False
2023-12-25,14,V,-0.0781339798319327,58.0,7.0,True,False
2024-01-01,14,V,-0.127778541025641,44.0,7.0,True,False
2024-01-08,14,V,0.0560596542517006,62.0,7.0,True,False
2024-01-15,14,V,0.0901541130952381,57.0,7.0,True,False
2024-01-22,14,V,-0.0731364628439229,70.0,7.0,True,False
2024-01-29,14,V,-0.0860770238464951,65.0,7.0,True,False
2024-02-05,14,V,-0.0119080663292847,79.0,6.0,True,False
2024-02-12,14,V,-0.0462964763056737,69.0,7.0,True,False
2024-02-19,14,V,-0.076053871140764,60.0,7.0,True,False
2024-02-26,14,V,-0.0741863123582766,94.0,7.0,True,False
2024-03-04,14,V,0.1083984201298701,57.0,7.0,True,False
2024-03-11,14,V,-0.0061507603785103,69.0,7.0,True,False
2024-03-18,14,V,-0.045552794047619,71.0,7.0,True,False
2024-03-25,14,V,-0.0194667342822257,121.0,7.0,True,False
2024-04-01,14,V,0.0729261808673469,70.0,7.0,True,False
2024-04-08,14,V,-0.0785962571995464,72.0,7.0,True,False
2024-04-15,14,V,0.1215390597190391,67.0,7.0,True,False
2024-04-22,14,V,-0.1237552822588901,74.0,7.0,True,False
2024-04-29,14,V,-0.1549669653988868,65.0,7.0,True,False
2024-05-06,14,V,-0.0582424577969649,56.0,7.0,True,False
2024-05-13,14,V,-0.0517847523559773,74.0,7.0,True,False
2024-05-20,14,V,0.0282162259717294,90.0,7.0,True,False
2024-05-27,14,V,-0.1427245005668934,79.0,7.0,True,False
2024-06-03,14,V,-0.088310893341579,64.0,7.0,True,False
2024-06-10,14,V,-0.077548368070818,75.0,7.0,True,False
2024-06-17,14,V,0.0138771532212885,85.0,7.0,True,False
2024-06-24,14,V,-0.0517917591630591,71.0,7.0,True,False
2024-07-01,14,V,-0.1361642880952381,50.0,7.0,True,False
2024-07-08,14,V,0.057115373015873,55.0,7.0,True,False
2024-07-15,14,V,0.0648307455215419,53.0,7.0,True,False
2024-07-22,14,V,-0.0790968222365869,72.0,7.0,True,False
2024-07-29,14,V,-0.0096751158730158,55.0,7.0,True,False
2024-08-05,14,V,0.038984132034632,56.0,7.0,True,False
2024-08-12,14,V,0.1360426037414966,52.0,7.0,True,False
2024-08-19,14,V,0.0803874838844628,59.0,7.0,True,False
2024-08-26,14,V,-0.0997368376527399,83.0,7.0,True,False
2024-09-02,14,V,-0.1544263486689004,114.0,7.0,True,False
2024-09-09,14,V,-0.1650347901672207,94.0,7.0,True,False
2024-09-16,14,V,-0.0631855265906362,95.0,7.0,True,False
2024-09-23,14,V,-0.1898444087082316,162.0,7.0,True,False
2024-09-30,14,V,0.0124130289698396,88.0,7.0,True,False
2024-10-07,14,V,-0.0794003666353487,92.0,7.0,True,False
2024-10-14,14,V,0.1204862586734693,81.0,7.0,True,False
2024-10-21,14,V,0.1492379828571428,34.0,5.0,True,False
2024-10-28,14,V,0.0276607570861678,84.0,7.0,True,False
2024-11-04,14,V,0.1536023624999999,24.0,4.0,True,False
2024-11-11,14,V,-0.0207810426307819,80.0,7.0,True,False
2024-11-18,14,V,-0.102762965801538,95.0,7.0,True,False
2024-11-25,14,V,-0.0677868568788041,82.0,7.0,True,False
2024-12-02,14,V,-0.0680535977629513,95.0,7.0,True,False
2024-12-09,14,V,-0.0204610661510058,97.0,7.0,True,False
2024-12-16,14,V,-0.1424848834603992,101.0,7.0,True,False
2024-12-23,14,V,-0.0603674851198509,99.0,7.0,True,False
2024-12-30,14,V,-0.19962016292517,89.0,7.0,True,False
2025-01-06,14,V,-0.0699228244497799,111.0,7.0,True,False
2025-01-13,14,V,0.0300793125,108.0,7.0,True,False
2025-01-20,14,V,-0.1185576135123854,212.0,7.0,True,False
2025-01-27,14,V,-0.0694524754878048,115.0,3.0,True,False
2025-02-03,14,V,-0.0694524754878048,0.0,,False,True
2025-02-10,14,V,-0.0694524754878048,0.0,,False,True
2025-02-17,14,V,-0.1605493222222222,34.0,3.0,True,False
2025-02-24,14,V,0.0024100372467023,159.0,7.0,True,False
2025-03-03,14,V,-0.136788577257525,135.0,7.0,True,False
2025-03-10,14,V,-0.3185578697248831,295.0,7.0,True,False
2025-03-17,14,V,-0.1516409521472709,281.0,7.0,True,False
2025-03-24,14,V,-0.2395263156291033,260.0,7.0,True,False
2025-03-31,14,V,-0.2200395660110551,269.0,7.0,True,False
2025-04-07,14,V,-0.2124799614332378,305.0,7.0,True,False
2025-04-14,14,V,-0.2078756846063913,314.0,7.0,True,False
2025-04-21,14,V,-0.2172647416804205,264.0,7.0,True,False
2025-04-28,14,V,-0.0831130493965433,207.0,7.0,True,False
2025-05-05,14,V,-0.0967440860957492,219.0,7.0,True,False
2025-05-12,14,V,-0.0522615533782852,192.0,7.0,True,False
2025-05-19,14,V,-0.1383350736402156,251.0,7.0,True,False
2025-05-26,14,V,-0.1768839388673651,431.0,7.0,True,False
2025-06-02,14,V,-0.2697312511925595,457.0,7.0,True,False
2025-06-09,14,V,-0.1719733643294049,235.0,7.0,True,False
2025-06-16,14,V,-0.1748331907705111,185.0,7.0,True,False
2025-06-23,14,V,-0.0872084750444161,179.0,7.0,True,False
2025-06-30,14,V,-0.2262563708478341,228.0,7.0,True,False
2025-07-07,14,V,-0.132675645875553,179.0,7.0,True,False
2025-07-14,14,V,-0.1171242740904928,201.0,7.0,True,False
2025-07-21,14,V,-0.0323912825591359,233.0,7.0,True,False
2025-07-28,14,V,-0.0751058641734205,201.0,7.0,True,False
2025-08-04,14,V,-0.0719057838723433,206.0,7.0,True,False
2025-08-11,14,V,-0.1178799469658606,155.0,7.0,True,False
2025-08-18,14,V,-0.1328140365245928,218.0,7.0,True,False
2025-08-25,14,V,-0.1205169213229055,185.0,7.0,True,False
2025-09-01,14,V,-0.1516223023559424,194.0,7.0,True,False
2025-09-08,14,V,-0.0859933792911367,224.0,7.0,True,False
2025-09-15,14,V,-0.1433279958822813,295.0,7.0,True,False
2025-09-22,14,V,-0.1937519629602938,451.0,7.0,True,False
2025-09-29,14,V,-0.2180496746100536,339.0,7.0,True,False
2025-10-06,14,V,-0.1770045561875502,170.0,7.0,True,False
2025-10-13,14,V,-0.1720961642453883,283.0,7.0,True,False
2025-10-20,14,V,-0.2191456115233541,150.0,7.0,True,False
2025-10-27,14,V,-0.0385545196519664,178.0,7.0,True,False
2025-11-03,14,V,-0.0876028020334928,130.0,7.0,True,False
2025-11-10,14,V,-0.1059192680334512,132.0,3.0,True,False
2025-11-17,14,V,-0.1059192680334512,0.0,,False,True
2025-11-24,14,V,-0.1059192680334512,0.0,,False,True
2025-12-01,14,V,-0.1059192680334512,0.0,,False,True
2025-12-08,14,V,-0.1059192680334512,0.0,,False,True
2025-12-15,14,V,-0.1059192680334512,0.0,,False,True
2025-12-22,14,V,-0.1059192680334512,0.0,,False,True
2025-12-29,14,V,-0.1059192680334512,0.0,,False,True
2015-01-05,12,WMT,-0.3563828875,15.0,4.0,True,False
2015-01-12,12,WMT,-0.1556073472222222,18.0,6.0,True,False
2015-01-19,12,WMT,-0.0640997325396825,35.0,7.0,True,False
2015-01-26,12,WMT,-0.2273713111111111,22.0,6.0,True,False
2015-02-02,12,WMT,-0.2859672416666666,20.0,5.0,True,False
2015-02-09,12,WMT,-0.1837956853174603,32.0,6.0,True,False
2015-02-16,12,WMT,-0.0067790988095238,99.0,7.0,True,False
2015-02-23,12,WMT,0.0016985980725623,45.0,7.0,True,False
2015-03-02,12,WMT,-0.1290858134920634,28.0,6.0,True,False
2015-03-09,12,WMT,-0.1656183333333333,20.0,6.0,True,False
2015-03-16,12,WMT,-0.0592864792717086,40.0,7.0,True,False
2015-03-23,12,WMT,-0.2220693476190476,29.0,7.0,True,False
2015-03-30,12,WMT,-0.1841589943734015,52.0,7.0,True,False
2015-04-06,12,WMT,-0.2064402303030303,39.0,7.0,True,False
2015-04-13,12,WMT,-0.45446485,26.0,7.0,True,False
2015-04-20,12,WMT,-0.297058648989899,26.0,6.0,True,False
2015-04-27,12,WMT,0.0239629,10.0,5.0,True,False
2015-05-04,12,WMT,-0.1044611666666666,11.0,5.0,True,False
2015-05-11,12,WMT,-0.0678823033008658,37.0,6.0,True,False
2015-05-18,12,WMT,0.0474719931235431,51.0,6.0,True,False
2015-05-25,12,WMT,-0.1907588637037037,59.0,5.0,True,False
2015-06-01,12,WMT,0.0965433889545292,70.0,7.0,True,False
2015-06-08,12,WMT,-0.4052180078231292,37.0,7.0,True,False
2015-06-15,12,WMT,-0.184204391025641,37.0,7.0,True,False
2015-06-22,12,WMT,-0.1629731558441558,84.0,7.0,True,False
2015-06-29,12,WMT,-0.479843830950562,45.0,7.0,True,False
2015-07-06,12,WMT,-0.2254726428571428,36.0,7.0,True,False
2015-07-13,12,WMT,-0.1966955579365079,66.0,7.0,True,False
2015-07-20,12,WMT,-0.0176048979591836,41.0,7.0,True,False
2015-07-27,12,WMT,-0.0802827183673469,23.0,7.0,True,False
2015-08-03,12,WMT,-0.1192262857142857,17.0,7.0,True,False
2015-08-10,12,WMT,-0.1835402142857143,19.0,7.0,True,False
2015-08-17,12,WMT,-0.1167681101190476,40.0,6.0,True,False
2015-08-24,12,WMT,-0.0571475063492063,49.0,7.0,True,False
2015-08-31,12,WMT,-0.0790162545787545,34.0,7.0,True,False
2015-09-07,12,WMT,-0.44713175,8.0,4.0,True,False
2015-09-14,12,WMT,-0.0260209583333333,15.0,6.0,True,False
2015-09-21,12,WMT,-0.1125383535714285,33.0,5.0,True,False
2015-09-28,12,WMT,-0.1088638357142857,28.0,7.0,True,False
2015-10-05,12,WMT,-0.2131730962301587,25.0,6.0,True,False
2015-10-12,12,WMT,-0.3574218781385281,55.0,7.0,True,False
2015-10-19,12,WMT,-0.3063199857142857,26.0,7.0,True,False
2015-10-26,12,WMT,0.1272655620448179,52.0,6.0,True,False
2015-11-02,12,WMT,-0.1051882877777777,41.0,5.0,True,False
2015-11-09,12,WMT,0.0998333564713064,50.0,6.0,True,False
2015-11-16,12,WMT,-0.4072109698412698,59.0,7.0,True,False
2015-11-23,12,WMT,0.0178604333333333,55.0,7.0,True,False
2015-11-30,12,WMT,-0.3906939198412698,38.0,7.0,True,False
2015-12-07,12,WMT,-0.1920307192460317,75.0,7.0,True,False
2015-12-14,12,WMT,-0.1378744242424242,41.0,7.0,True,False
2015-12-21,12,WMT,-0.2051809928571428,27.0,7.0,True,False
2015-12-28,12,WMT,-0.2083414642857143,24.0,7.0,True,False
2016-01-04,12,WMT,-0.2326976357142857,28.0,6.0,True,False
2016-01-11,12,WMT,-0.2875615281385281,69.0,7.0,True,False
2016-01-18,12,WMT,-0.2425094241987179,50.0,6.0,True,False
2016-01-25,12,WMT,-0.2324437733893557,46.0,6.0,True,False
2016-02-01,12,WMT,-0.2089457238095238,28.0,5.0,True,False
2016-02-08,12,WMT,-0.0751759295238095,18.0,5.0,True,False
2016-02-15,12,WMT,-0.1922783124999999,29.0,6.0,True,False
2016-02-22,12,WMT,-0.4222929555555555,19.0,6.0,True,False
2016-02-29,12,WMT,-0.2593156190476191,24.0,7.0,True,False
2016-03-07,12,WMT,-0.1617008333333333,17.0,5.0,True,False
2016-03-14,12,WMT,-0.0273311904761904,18.0,7.0,True,False
2016-03-21,12,WMT,-0.2262877702020201,24.0,6.0,True,False
2016-03-28,12,WMT,0.0018288285714285,22.0,7.0,True,False
2016-04-04,12,WMT,-0.1768267662337662,40.0,7.0,True,False
2016-04-11,12,WMT,0.0385107551020408,34.0,7.0,True,False
2016-04-18,12,WMT,-0.0398591527777777,29.0,6.0,True,False
2016-04-25,12,WMT,-0.0726089,14.0,5.0,True,False
2016-05-02,12,WMT,0.216357775,21.0,6.0,True,False
2016-05-09,12,WMT,0.1135457854090354,33.0,6.0,True,False
2016-05-16,12,WMT,-0.0656781707717569,65.0,7.0,True,False
2016-05-23,12,WMT,-0.1948283523809524,27.0,7.0,True,False
2016-05-30,12,WMT,-0.0021637138610182,52.0,6.0,True,False
2016-06-06,12,WMT,-0.025931531462585,38.0,7.0,True,False
2016-06-13,12,WMT,-0.0906459693521594,71.0,6.0,True,False
2016-06-20,12,WMT,-0.0663327234126984,31.0,7.0,True,False
2016-06-27,12,WMT,0.0171763317460317,46.0,7.0,True,False
2016-07-04,12,WMT,-0.1089116202686203,31.0,6.0,True,False
2016-07-11,12,WMT,-0.14810925,19.0,6.0,True,False
2016-07-18,12,WMT,-0.0681619,25.0,6.0,True,False
2016-07-25,12,WMT,-0.3351245328431373,35.0,6.0,True,False
2016-08-01,12,WMT,-0.0932260606679035,56.0,7.0,True,False
2016-08-08,12,WMT,-0.1442926052631579,74.0,6.0,True,False
2016-08-15,12,WMT,-0.177193812037037,51.0,6.0,True,False
2016-08-22,12,WMT,-0.1072718472222222,23.0,6.0,True,False
2016-08-29,12,WMT,-0.0890002361111111,35.0,6.0,True,False
2016-09-05,12,WMT,-0.0545503963564213,49.0,7.0,True,False
2016-09-12,12,WMT,-0.0389479106481481,35.0,6.0,True,False
2016-09-19,12,WMT,-0.0627596555555555,40.0,6.0,True,False
2016-09-26,12,WMT,-0.3004231523809523,27.0,6.0,True,False
2016-10-03,12,WMT,-0.0474618159722222,35.0,6.0,True,False
2016-10-10,12,WMT,0.1048843952380952,27.0,7.0,True,False
2016-10-17,12,WMT,0.0665812785714285,27.0,7.0,True,False
2016-10-24,12,WMT,0.0703853452380952,38.0,7.0,True,False
2016-10-31,12,WMT,-0.1945130773809523,34.0,6.0,True,False
2016-11-07,12,WMT,0.2170285983709273,43.0,7.0,True,False
2016-11-14,12,WMT,0.029934306027306,42.0,7.0,True,False
2016-11-21,12,WMT,0.0292244204850704,61.0,7.0,True,False
2016-11-28,12,WMT,-0.1119152397649969,33.0,7.0,True,False
2016-12-05,12,WMT,-0.0432628357142857,41.0,7.0,True,False
2016-12-12,12,WMT,-0.0443869714285714,26.0,7.0,True,False
2016-12-19,12,WMT,-0.1732841664835165,66.0,7.0,True,False
2016-12-26,12,WMT,-0.11042371292517,25.0,7.0,True,False
2017-01-02,12,WMT,-0.1755043578754578,45.0,7.0,True,False
2017-01-09,12,WMT,0.0188101801587301,34.0,7.0,True,False
2017-01-16,12,WMT,-0.0399784114845938,42.0,7.0,True,False
2017-01-23,12,WMT,-0.0425085187074829,38.0,7.0,True,False
2017-01-30,12,WMT,-0.0667064867159782,71.0,7.0,True,False
2017-02-06,12,WMT,-0.0556623095238095,24.0,7.0,True,False
2017-02-13,12,WMT,-0.1629925458730158,58.0,7.0,True,False
2017-02-20,12,WMT,0.1481133014069264,52.0,7.0,True,False
2017-02-27,12,WMT,-0.0469608134920635,35.0,6.0,True,False
2017-03-06,12,WMT,0.0891797092592592,31.0,6.0,True,False
2017-03-13,12,WMT,-0.0474572119047618,43.0,7.0,True,False
2017-03-20,12,WMT,-0.0462684364761056,56.0,7.0,True,False
2017-03-27,12,WMT,-0.1112708880952381,24.0,6.0,True,False
2017-04-03,12,WMT,-0.080918011747776,45.0,7.0,True,False
2017-04-10,12,WMT,-0.0108369424242424,60.0,7.0,True,False
2017-04-17,12,WMT,-0.059511565604237,56.0,7.0,True,False
2017-04-24,12,WMT,0.0080725780612244,42.0,7.0,True,False
2017-05-01,12,WMT,-0.0226612358783864,76.0,7.0,True,False
2017-05-08,12,WMT,-0.0060921284580498,71.0,7.0,True,False
2017-05-15,12,WMT,-0.0886484222382286,73.0,7.0,True,False
2017-05-22,12,WMT,-0.0634774644557823,46.0,7.0,True,False
2017-05-29,12,WMT,0.0930087526819923,88.0,6.0,True,False
2017-06-05,12,WMT,-0.0659936144393241,53.0,7.0,True,False
2017-06-12,12,WMT,-0.0598700549932523,69.0,6.0,True,False
2017-06-19,12,WMT,-0.0726933111459968,64.0,7.0,True,False
2017-06-26,12,WMT,-0.0445226808420338,64.0,7.0,True,False
2017-07-03,12,WMT,-0.0730617095238095,46.0,7.0,True,False
2017-07-10,12,WMT,-0.1709201571637426,55.0,6.0,True,False
2017-07-17,12,WMT,-0.1346047832429732,125.0,7.0,True,False
2017-07-24,12,WMT,-0.0700846039021164,70.0,6.0,True,False
2017-07-31,12,WMT,-0.1318709274376417,42.0,7.0,True,False
2017-08-07,12,WMT,-0.2205529796435533,76.0,6.0,True,False
2017-08-14,12,WMT,0.001935775510204,84.0,7.0,True,False
2017-08-21,12,WMT,0.1378014097337939,96.0,7.0,True,False
2017-08-28,12,WMT,-0.0589930734693877,29.0,7.0,True,False
2017-09-04,12,WMT,0.2636801619047618,26.0,7.0,True,False
2017-09-11,12,WMT,0.1536311666666666,11.0,6.0,True,False
2017-09-18,12,WMT,0.0429492664799253,74.0,7.0,True,False
2017-09-25,12,WMT,0.0838092939814814,31.0,6.0,True,False
2017-10-02,12,WMT,0.0285738804415118,65.0,6.0,True,False
2017-10-09,12,WMT,0.2551322579365079,39.0,6.0,True,False
2017-10-16,12,WMT,-0.0185691428571428,20.0,7.0,True,False
2017-10-23,12,WMT,0.0210475235006823,56.0,6.0,True,False
2017-10-30,12,WMT,-0.127553468784574,137.0,6.0,True,False
2017-11-06,12,WMT,-0.1177629068627451,99.0,7.0,True,False
2017-11-13,12,WMT,0.0177236330238389,106.0,7.0,True,False
2017-11-20,12,WMT,0.061983581632653,83.0,7.0,True,False
2017-11-27,12,WMT,-0.1552032715876994,82.0,7.0,True,False
2017-12-04,12,WMT,-0.0784850570991508,87.0,7.0,True,False
2017-12-11,12,WMT,0.0121382215991278,91.0,7.0,True,False
2017-12-18,12,WMT,0.0483680712977498,77.0,7.0,True,False
2017-12-25,12,WMT,-0.0165961419381787,54.0,7.0,True,False
2018-01-01,12,WMT,-0.0391733222222222,25.0,6.0,True,False
2018-01-08,12,WMT,-0.0933822824932919,187.0,7.0,True,False
2018-01-15,12,WMT,0.0455411321428571,62.0,7.0,True,False
2018-01-22,12,WMT,-0.1616993107948442,72.0,7.0,True,False
2018-01-29,12,WMT,-0.0533141836734693,70.0,7.0,True,False
2018-02-05,12,WMT,0.17184341005291,45.0,6.0,True,False
2018-02-12,12,WMT,-0.0116563725829725,59.0,7.0,True,False
2018-02-19,12,WMT,-0.102258426046176,128.0,7.0,True,False
2018-02-26,12,WMT,0.0142495692393852,146.0,7.0,True,False
2018-03-05,12,WMT,-0.0489256205296205,111.0,6.0,True,False
2018-03-12,12,WMT,-0.0727942100958565,111.0,7.0,True,False
2018-03-19,12,WMT,0.1356984357993197,83.0,7.0,True,False
2018-03-26,12,WMT,-0.038893849025974,137.0,7.0,True,False
2018-04-02,12,WMT,-0.0187752325027233,100.0,6.0,True,False
2018-04-09,12,WMT,-0.0145009459706959,58.0,7.0,True,False
2018-04-16,12,WMT,0.1421788131725417,52.0,7.0,True,False
2018-04-23,12,WMT,0.104605815079365,46.0,7.0,True,False
2018-04-30,12,WMT,-0.0535390977988061,87.0,6.0,True,False
2018-05-07,12,WMT,0.0563259962549462,188.0,7.0,True,False
2018-05-14,12,WMT,0.090756910718891,113.0,7.0,True,False
2018-05-21,12,WMT,0.0637667331002331,56.0,7.0,True,False
2018-05-28,12,WMT,0.1828741350340136,70.0,7.0,True,False
2018-06-04,12,WMT,-0.0291803948215649,69.0,7.0,True,False
2018-06-11,12,WMT,-0.0844181651582372,67.0,7.0,True,False
2018-06-18,12,WMT,-0.0727524888888888,99.0,7.0,True,False
2018-06-25,12,WMT,-0.0388044250944822,74.0,7.0,True,False
2018-07-02,12,WMT,-0.297654572933513,104.0,7.0,True,False
2018-07-09,12,WMT,-0.0333130151594263,73.0,6.0,True,False
2018-07-16,12,WMT,0.0508202262340833,103.0,7.0,True,False
2018-07-23,12,WMT,0.1059911681972789,85.0,7.0,True,False
2018-07-30,12,WMT,-0.0810253427088784,59.0,7.0,True,False
2018-08-06,12,WMT,0.0674653472789115,55.0,7.0,True,False
2018-08-13,12,WMT,0.1196385277947542,161.0,7.0,True,False
2018-08-20,12,WMT,0.0562090783882783,81.0,7.0,True,False
2018-08-27,12,WMT,-0.0657744933110086,56.0,7.0,True,False
2018-09-03,12,WMT,-0.0188975388888888,49.0,6.0,True,False
2018-09-10,12,WMT,0.2906638958333333,23.0,6.0,True,False
2018-09-17,12,WMT,0.1458909055555556,27.0,6.0,True,False
2018-09-24,12,WMT,0.1533259142857143,20.0,5.0,True,False
2018-10-01,12,WMT,0.0363351303571428,71.0,7.0,True,False
2018-10-08,12,WMT,0.0582764595238095,95.0,7.0,True,False
2018-10-15,12,WMT,-0.0843434955304928,80.0,7.0,True,False
2018-10-22,12,WMT,0.2278539492394179,46.0,6.0,True,False
2018-10-29,12,WMT,0.0869590447994987,64.0,7.0,True,False
2018-11-05,12,WMT,0.2040303428571428,31.0,7.0,True,False
2018-11-12,12,WMT,0.0358263178571428,51.0,7.0,True,False
2018-11-19,12,WMT,-0.0243106182539682,64.0,7.0,True,False
2018-11-26,12,WMT,0.0991162523809523,31.0,7.0,True,False
2018-12-03,12,WMT,-0.0202430729861641,134.0,7.0,True,False
2018-12-10,12,WMT,-0.1579287090026919,100.0,7.0,True,False
2018-12-17,12,WMT,0.0258220282106782,55.0,7.0,True,False
2018-12-24,12,WMT,-0.1519740710797139,65.0,7.0,True,False
2018-12-31,12,WMT,0.0524399333333333,44.0,7.0,True,False
2019-01-07,12,WMT,0.0705995277777778,38.0,6.0,True,False
2019-01-14,12,WMT,-0.080783350534188,69.0,6.0,True,False
2019-01-21,12,WMT,-0.1489239182539682,55.0,7.0,True,False
2019-01-28,12,WMT,-0.0735845340136054,70.0,7.0,True,False
2019-02-04,12,WMT,-0.1447422887192173,63.0,7.0,True,False
2019-02-11,12,WMT,0.0828624222222222,79.0,7.0,True,False
2019-02-18,12,WMT,0.1003007294990723,130.0,7.0,True,False
2019-02-25,12,WMT,-0.1091490506430625,121.0,7.0,True,False
2019-03-04,12,WMT,0.1420489387755102,76.0,7.0,True,False
2019-03-11,12,WMT,0.2010857800865801,57.0,7.0,True,False
2019-03-18,12,WMT,0.0233910773015873,46.0,5.0,True,False
2019-03-25,12,WMT,-0.0780662216810966,43.0,7.0,True,False
2019-04-01,12,WMT,0.1688021735930736,61.0,7.0,True,False
2019-04-08,12,WMT,0.0791593353130995,113.0,7.0,True,False
2019-04-15,12,WMT,0.1639708001443001,63.0,7.0,True,False
2019-04-22,12,WMT,0.0619531167285095,74.0,7.0,True,False
2019-04-29,12,WMT,0.0562052673196551,73.0,7.0,True,False
2019-05-06,12,WMT,0.1169152456277056,90.0,7.0,True,False
2019-05-13,12,WMT,0.2620863541066426,167.0,7.0,True,False
2019-05-20,12,WMT,0.0953301550453514,97.0,7.0,True,False
2019-05-27,12,WMT,0.041465110941043,63.0,7.0,True,False
2019-06-03,12,WMT,0.0671639658312448,199.0,7.0,True,False
2019-06-10,12,WMT,0.0157318294023983,110.0,7.0,True,False
2019-06-17,12,WMT,-0.0387697383689722,117.0,7.0,True,False
2019-06-24,12,WMT,-0.0473030413419913,86.0,7.0,True,False
2019-07-01,12,WMT,-0.0534138243119975,81.0,7.0,True,False
2019-07-08,12,WMT,0.0371840960892049,93.0,7.0,True,False
2019-07-15,12,WMT,0.045084649710852,101.0,7.0,True,False
2019-07-22,12,WMT,-0.0309154996598639,58.0,7.0,True,False
2019-07-29,12,WMT,-0.1518944085111317,238.0,7.0,True,False
2019-08-05,12,WMT,-0.1839199232463716,375.0,7.0,True,False
2019-08-12,12,WMT,-0.1042234110066833,168.0,7.0,True,False
2019-08-19,12,WMT,-0.0667296156462585,135.0,7.0,True,False
2019-08-26,12,WMT,0.0813246993918779,66.0,7.0,True,False
2019-09-02,12,WMT,-0.0692888354648063,260.0,7.0,True,False
2019-09-09,12,WMT,0.0271597501546072,92.0,7.0,True,False
2019-09-16,12,WMT,0.0312046182455839,122.0,7.0,True,False
2019-09-23,12,WMT,0.0286300955690508,61.0,6.0,True,False
2019-09-30,12,WMT,0.1086993147376433,66.0,7.0,True,False
2019-10-07,12,WMT,-0.1784601906307977,68.0,7.0,True,False
2019-10-14,12,WMT,0.1077280928571428,46.0,7.0,True,False
2019-10-21,12,WMT,0.0338578901191816,89.0,6.0,True,False
2019-10-28,12,WMT,-0.0134704706349206,64.0,7.0,True,False
2019-11-04,12,WMT,-0.0376797895721925,66.0,6.0,True,False
2019-11-11,12,WMT,0.0204048700560785,167.0,7.0,True,False
2019-11-18,12,WMT,0.0351121951277108,145.0,7.0,True,False
2019-11-25,12,WMT,0.0738448858167657,139.0,7.0,True,False
2019-12-02,12,WMT,-0.0434722323652538,97.0,7.0,True,False
2019-12-09,12,WMT,-0.1144423111444026,107.0,7.0,True,False
2019-12-16,12,WMT,-0.0515079095238095,62.0,7.0,True,False
2019-12-23,12,WMT,-0.2619875247710622,53.0,7.0,True,False
2019-12-30,12,WMT,-0.030476181632653,36.0,7.0,True,False
2020-01-06,12,WMT,0.0650008583939322,84.0,7.0,True,False
2020-01-13,12,WMT,-0.1904622734223333,86.0,7.0,True,False
2020-01-20,12,WMT,0.0466690689192343,42.0,6.0,True,False
2020-01-27,12,WMT,-0.0674086786796537,48.0,7.0,True,False
2020-02-03,12,WMT,-0.1632435464165464,47.0,6.0,True,False
2020-02-10,12,WMT,-0.0746396478379857,85.0,7.0,True,False
2020-02-17,12,WMT,-0.2351031401579901,104.0,6.0,True,False
2020-02-24,12,WMT,0.133307769047619,61.0,7.0,True,False
2020-03-02,12,WMT,0.0038945062937062,53.0,7.0,True,False
2020-03-09,12,WMT,-0.0002795375566893,73.0,7.0,True,False
2020-03-16,12,WMT,0.2560638402027796,97.0,7.0,True,False
2020-03-23,12,WMT,0.0115645395748299,122.0,7.0,True,False
2020-03-30,12,WMT,0.0199288666690452,93.0,7.0,True,False
2020-04-06,12,WMT,-0.1155262219298245,54.0,7.0,True,False
2020-04-13,12,WMT,0.0885984688121402,62.0,7.0,True,False
2020-04-20,12,WMT,-0.1762765542517006,67.0,7.0,True,False
2020-04-27,12,WMT,0.1182910660014005,67.0,7.0,True,False
2020-05-04,12,WMT,-0.2200383635590599,57.0,7.0,True,False
2020-05-11,12,WMT,0.0395152345238095,39.0,7.0,True,False
2020-05-18,12,WMT,0.0947729477272727,108.0,7.0,True,False
2020-05-25,12,WMT,-0.0582363576388889,53.0,6.0,True,False
2020-06-01,12,WMT,-0.0562556524064171,39.0,5.0,True,False
2020-06-08,12,WMT,-0.0135763020408163,53.0,7.0,True,False
2020-06-15,12,WMT,0.030054880100086,65.0,7.0,True,False
2020-06-22,12,WMT,-0.0621237506265664,87.0,7.0,True,False
2020-06-29,12,WMT,0.0138973684523809,54.0,7.0,True,False
2020-07-06,12,WMT,0.0707628068954854,82.0,7.0,True,False
2020-07-13,12,WMT,0.0323171919559127,91.0,7.0,True,False
2020-07-20,12,WMT,0.0470680033672033,103.0,7.0,True,False
2020-07-27,12,WMT,-0.1160013391066953,76.0,7.0,True,False
2020-08-03,12,WMT,-0.009696306547619,39.0,7.0,True,False
2020-08-10,12,WMT,0.1840182219780219,39.0,7.0,True,False
2020-08-17,12,WMT,0.0946880060987185,94.0,7.0,True,False
2020-08-24,12,WMT,0.1366902070748299,54.0,7.0,True,False
2020-08-31,12,WMT,0.114408445254307,121.0,6.0,True,False
2020-09-07,12,WMT,0.2240751130634071,43.0,7.0,True,False
2020-09-14,12,WMT,0.1493742295453493,127.0,7.0,True,False
2020-09-21,12,WMT,0.1683425414141414,112.0,6.0,True,False
2020-09-28,12,WMT,0.0694200354341736,74.0,7.0,True,False
2020-10-05,12,WMT,0.0626787579931972,44.0,7.0,True,False
2020-10-12,12,WMT,0.2306186921686072,85.0,7.0,True,False
2020-10-19,12,WMT,0.0308487351851851,48.0,6.0,True,False
2020-10-26,12,WMT,0.0216924661925376,91.0,7.0,True,False
2020-11-02,12,WMT,-0.1587730913165266,82.0,7.0,True,False
2020-11-09,12,WMT,0.1524440944700461,87.0,7.0,True,False
2020-11-16,12,WMT,0.1981028671253669,103.0,6.0,True,False
2020-11-23,12,WMT,0.0936597376639467,105.0,7.0,True,False
2020-11-30,12,WMT,0.13368357002442,86.0,7.0,True,False
2020-12-07,12,WMT,0.1609863206349206,39.0,7.0,True,False
2020-12-14,12,WMT,0.1465387527777777,71.0,7.0,True,False
2020-12-21,12,WMT,-0.172814666036036,68.0,5.0,True,False
2020-12-28,12,WMT,-0.2098536785714285,47.0,7.0,True,False
2021-01-04,12,WMT,0.061738075,18.0,6.0,True,False
2021-01-11,12,WMT,0.1083489265993266,63.0,6.0,True,False
2021-01-18,12,WMT,0.0549963659863945,48.0,7.0,True,False
2021-01-25,12,WMT,0.0202901427213309,54.0,6.0,True,False
2021-02-01,12,WMT,0.1315349576719577,47.0,6.0,True,False
2021-02-08,12,WMT,0.0380810820861678,52.0,7.0,True,False
2021-02-15,12,WMT,0.0248732200113378,89.0,6.0,True,False
2021-02-22,12,WMT,0.1086347198412698,40.0,7.0,True,False
2021-03-01,12,WMT,0.2336043183106575,52.0,7.0,True,False
2021-03-08,12,WMT,0.1370863121693122,36.0,6.0,True,False
2021-03-15,12,WMT,0.1565791411564625,48.0,7.0,True,False
2021-03-22,12,WMT,0.0589061809523809,27.0,7.0,True,False
2021-03-29,12,WMT,-0.0491313052721088,34.0,7.0,True,False
2021-04-05,12,WMT,-0.0627932481962482,30.0,4.0,True,False
2021-04-12,12,WMT,0.2005688103174603,24.0,5.0,True,False
2021-04-19,12,WMT,0.0789552261904762,36.0,7.0,True,False
2021-04-26,12,WMT,0.0669297206349206,52.0,7.0,True,False
2021-05-03,12,WMT,-0.0766655694444444,31.0,7.0,True,False
2021-05-10,12,WMT,0.0921973,40.0,6.0,True,False
2021-05-17,12,WMT,0.2366246664465786,59.0,7.0,True,False
2021-05-24,12,WMT,-0.1250408891679748,50.0,7.0,True,False
2021-05-31,12,WMT,-0.0290029797077922,74.0,7.0,True,False
2021-06-07,12,WMT,0.1576531325757575,31.0,6.0,True,False
2021-06-14,12,WMT,0.2117407859925788,52.0,7.0,True,False
2021-06-21,12,WMT,0.0009206319444444,68.0,6.0,True,False
2021-06-28,12,WMT,0.2496103968954248,60.0,6.0,True,False
2021-07-05,12,WMT,-0.0215246944444444,25.0,6.0,True,False
2021-07-12,12,WMT,-0.1309698619047619,39.0,7.0,True,False
2021-07-19,12,WMT,-0.1703362644179894,36.0,6.0,True,False
2021-07-26,12,WMT,0.2306521033333333,60.0,6.0,True,False
2021-08-02,12,WMT,0.0921353987301587,31.0,5.0,True,False
2021-08-09,12,WMT,0.0531340612244898,29.0,7.0,True,False
2021-08-16,12,WMT,0.1539525095238095,67.0,6.0,True,False
2021-08-23,12,WMT,0.0645511521978021,39.0,7.0,True,False
2021-08-30,12,WMT,0.0616201454545454,50.0,7.0,True,False
2021-09-06,12,WMT,0.0676993011904762,31.0,5.0,True,False
2021-09-13,12,WMT,-0.1461388448223734,62.0,7.0,True,False
2021-09-20,12,WMT,-0.011051568877551,31.0,7.0,True,False
2021-09-27,12,WMT,0.165849895,37.0,5.0,True,False
2021-10-04,12,WMT,0.0305635095238095,31.0,6.0,True,False
2021-10-11,12,WMT,0.0269544763569763,52.0,7.0,True,False
2021-10-18,12,WMT,0.0938953618197279,93.0,7.0,True,False
2021-10-25,12,WMT,-0.0359704811507936,37.0,6.0,True,False
2021-11-01,12,WMT,0.0234188773809523,47.0,7.0,True,False
2021-11-08,12,WMT,0.1732131065759637,44.0,7.0,True,False
2021-11-15,12,WMT,0.0384520851287262,72.0,4.0,True,False
2021-11-22,12,WMT,-0.0103701087137486,100.0,7.0,True,False
2021-11-29,12,WMT,-0.0209498310982495,82.0,7.0,True,False
2021-12-06,12,WMT,0.0345550218253968,25.0,6.0,True,False
2021-12-13,12,WMT,0.0988621458333333,42.0,6.0,True,False
2021-12-20,12,WMT,-0.167441990862573,40.0,6.0,True,False
2021-12-27,12,WMT,-0.1829285615079365,28.0,6.0,True,False
2022-01-03,12,WMT,-0.0782470037462537,76.0,7.0,True,False
2022-01-10,12,WMT,-0.1224376238095238,30.0,7.0,True,False
2022-01-17,12,WMT,-0.0998827380952381,30.0,7.0,True,False
2022-01-24,12,WMT,-0.0364773256493506,56.0,7.0,True,False
2022-01-31,12,WMT,0.1086121777777777,24.0,7.0,True,False
2022-02-07,12,WMT,-0.0826400476190476,35.0,7.0,True,False
2022-02-14,12,WMT,0.0888263132897603,67.0,6.0,True,False
2022-02-21,12,WMT,0.2255673447570947,45.0,6.0,True,False
2022-02-28,12,WMT,-0.0159037476190476,28.0,7.0,True,False
2022-03-07,12,WMT,-0.0219540841269841,37.0,7.0,True,False
2022-03-14,12,WMT,0.0481989201094798,68.0,7.0,True,False
2022-03-21,12,WMT,0.0194291527777777,61.0,7.0,True,False
2022-03-28,12,WMT,-0.0246371779882154,57.0,6.0,True,False
2022-04-04,12,WMT,0.0856661965986394,70.0,7.0,True,False
2022-04-11,12,WMT,-0.0766875666666666,22.0,6.0,True,False
2022-04-18,12,WMT,0.0847964095238095,26.0,5.0,True,False
2022-04-25,12,WMT,-0.0751402282196969,44.0,6.0,True,False
2022-05-02,12,WMT,0.036871375,5.0,4.0,True,False
2022-05-09,12,WMT,0.0882865304232804,33.0,6.0,True,False
2022-05-16,12,WMT,0.0757862872176603,109.0,7.0,True,False
2022-05-23,12,WMT,-0.1721856748168498,95.0,7.0,True,False
2022-05-30,12,WMT,0.2001298467636482,100.0,7.0,True,False
2022-06-06,12,WMT,0.12372750145093,59.0,7.0,True,False
2022-06-13,12,WMT,-0.0352230390022675,57.0,7.0,True,False
2022-06-20,12,WMT,0.1081499722222222,20.0,6.0,True,False
2022-06-27,12,WMT,-0.0015021316609977,54.0,7.0,True,False
2022-07-04,12,WMT,-0.051507687012987,37.0,7.0,True,False
2022-07-11,12,WMT,0.0922073908948194,70.0,7.0,True,False
2022-07-18,12,WMT,0.1953118925925926,33.0,6.0,True,False
2022-07-25,12,WMT,-0.1048809383116883,93.0,7.0,True,False
2022-08-01,12,WMT,-0.1142404731292517,56.0,7.0,True,False
2022-08-08,12,WMT,-0.1637197492269635,32.0,7.0,True,False
2022-08-15,12,WMT,0.1170739598794063,103.0,7.0,True,False
2022-08-22,12,WMT,-0.1318369742424242,61.0,7.0,True,False
2022-08-29,12,WMT,-0.0264722895953253,79.0,7.0,True,False
2022-09-05,12,WMT,-0.0404370380952381,28.0,7.0,True,False
2022-09-12,12,WMT,0.1840735761904762,34.0,7.0,True,False
2022-09-19,12,WMT,0.1147719006802721,49.0,7.0,True,False
2022-09-26,12,WMT,0.2216621842592593,33.0,6.0,True,False
2022-10-03,12,WMT,-0.0922254953703703,26.0,6.0,True,False
2022-10-10,12,WMT,0.032848175170068,47.0,7.0,True,False
2022-10-17,12,WMT,0.1094025767857142,43.0,6.0,True,False
2022-10-24,12,WMT,0.102243032051282,40.0,7.0,True,False
2022-10-31,12,WMT,0.1629948275226757,49.0,7.0,True,False
2022-11-07,12,WMT,0.0143935843710211,72.0,7.0,True,False
2022-11-14,12,WMT,0.0976444323236987,115.0,7.0,True,False
2022-11-21,12,WMT,-0.1515197761447152,419.0,7.0,True,False
2022-11-28,12,WMT,-0.2099562258503401,109.0,7.0,True,False
2022-12-05,12,WMT,0.0111788600140056,73.0,7.0,True,False
2022-12-12,12,WMT,-0.0114821843537414,45.0,7.0,True,False
2022-12-19,12,WMT,-0.1680052525030524,61.0,7.0,True,False
2022-12-26,12,WMT,-0.0584834297619047,28.0,7.0,True,False
2023-01-02,12,WMT,-0.0698959537037037,31.0,6.0,True,False
2023-01-09,12,WMT,0.009693343779633,51.0,7.0,True,False
2023-01-16,12,WMT,-0.1007016071768707,81.0,7.0,True,False
2023-01-23,12,WMT,0.1136016988095238,78.0,7.0,True,False
2023-01-30,12,WMT,-0.1118219269841269,38.0,7.0,True,False
2023-02-06,12,WMT,0.001388803726708,52.0,7.0,True,False
2023-02-13,12,WMT,-0.0314414323232323,40.0,6.0,True,False
2023-02-20,12,WMT,0.0141354396498157,75.0,7.0,True,False
2023-02-27,12,WMT,-0.0768748456959707,54.0,7.0,True,False
2023-03-06,12,WMT,-0.159893023989899,39.0,6.0,True,False
2023-03-13,12,WMT,0.0751372908163265,39.0,7.0,True,False
2023-03-20,12,WMT,-0.1453703547619047,34.0,7.0,True,False
2023-03-27,12,WMT,-0.0415947611471861,43.0,7.0,True,False
2023-04-03,12,WMT,0.073416067410126,78.0,7.0,True,False
2023-04-10,12,WMT,-0.1946612945793628,101.0,7.0,True,False
2023-04-17,12,WMT,-0.0729641890589569,54.0,7.0,True,False
2023-04-24,12,WMT,0.0627275357142857,31.0,7.0,True,False
2023-05-01,12,WMT,-0.1147236527777777,35.0,6.0,True,False
2023-05-08,12,WMT,-0.1105448619047619,26.0,7.0,True,False
2023-05-15,12,WMT,0.0236242519201229,69.0,7.0,True,False
2023-05-22,12,WMT,0.0089093623737373,46.0,7.0,True,False
2023-05-29,12,WMT,-0.0232752612130976,60.0,7.0,True,False
2023-06-05,12,WMT,-0.1588053373015873,39.0,7.0,True,False
2023-06-12,12,WMT,0.0302689865079365,31.0,7.0,True,False
2023-06-19,12,WMT,-0.1041203404761904,35.0,7.0,True,False
2023-06-26,12,WMT,0.0369019362244898,31.0,7.0,True,False
2023-07-03,12,WMT,-0.2591169165457092,92.0,6.0,True,False
2023-07-10,12,WMT,-0.0964614955416012,85.0,7.0,True,False
2023-07-17,12,WMT,-0.0999715262832405,69.0,7.0,True,False
2023-07-24,12,WMT,-0.0083854523809523,33.0,7.0,True,False
2023-07-31,12,WMT,0.0731950306122448,40.0,7.0,True,False
2023-08-07,12,WMT,0.0245337825396825,25.0,6.0,True,False
2023-08-14,12,WMT,0.0965710854636591,76.0,7.0,True,False
2023-08-21,12,WMT,-0.058339119047619,43.0,7.0,True,False
2023-08-28,12,WMT,-0.0869108317099567,43.0,7.0,True,False
2023-09-04,12,WMT,-0.1758068860544217,48.0,7.0,True,False
2023-09-11,12,WMT,-0.1829423428571428,25.0,7.0,True,False
2023-09-18,12,WMT,-0.1757397055555555,38.0,6.0,True,False
2023-09-25,12,WMT,-0.0787096619047619,38.0,7.0,True,False
2023-10-02,12,WMT,0.0557414211233211,41.0,7.0,True,False
2023-10-09,12,WMT,0.0076865956558061,62.0,7.0,True,False
2023-10-16,12,WMT,0.0409480819727891,38.0,7.0,True,False
2023-10-23,12,WMT,-0.0025154778693528,44.0,6.0,True,False
2023-10-30,12,WMT,-0.0516163821428571,48.0,7.0,True,False
2023-11-06,12,WMT,0.1516213613976802,95.0,7.0,True,False
2023-11-13,12,WMT,0.0415983122762262,90.0,7.0,True,False
2023-11-20,12,WMT,-0.0162173912119274,152.0,7.0,True,False
2023-11-27,12,WMT,-0.071583176964848,94.0,7.0,True,False
2023-12-04,12,WMT,0.0236465416666666,38.0,7.0,True,False
2023-12-11,12,WMT,-0.022037800170068,38.0,7.0,True,False
2023-12-18,12,WMT,0.0673135761904761,48.0,7.0,True,False
2023-12-25,12,WMT,-0.049601669047619,31.0,7.0,True,False
2024-01-01,12,WMT,-0.0744358916666666,22.0,6.0,True,False
2024-01-08,12,WMT,0.0035763776556776,55.0,7.0,True,False
2024-01-15,12,WMT,-0.050396774025974,38.0,7.0,True,False
2024-01-22,12,WMT,-0.1999855204081632,37.0,7.0,True,False
2024-01-29,12,WMT,0.1076176684124526,60.0,6.0,True,False
2024-02-05,12,WMT,-0.196668626844584,50.0,7.0,True,False
2024-02-12,12,WMT,-0.035595315079365,44.0,7.0,True,False
2024-02-19,12,WMT,0.1470540793650793,79.0,7.0,True,False
2024-02-26,12,WMT,-0.0147178232993197,31.0,7.0,True,False
2024-03-04,12,WMT,0.3179354345238095,30.0,6.0,True,False
2024-03-11,12,WMT,0.0991034965367965,45.0,7.0,True,False
2024-03-18,12,WMT,0.0992454998015873,31.0,6.0,True,False
2024-03-25,12,WMT,0.1448271666666666,34.0,6.0,True,False
2024-04-01,12,WMT,-0.1583551853741496,32.0,7.0,True,False
2024-04-08,12,WMT,-0.1591197564102564,34.0,6.0,True,False
2024-04-15,12,WMT,0.1638138444548872,43.0,6.0,True,False
2024-04-22,12,WMT,0.0511451925891568,47.0,7.0,True,False
2024-04-29,12,WMT,0.004071157874665,82.0,7.0,True,False
2024-05-06,12,WMT,-0.0301788095238095,36.0,7.0,True,False
2024-05-13,12,WMT,-0.0197365706189945,68.0,6.0,True,False
2024-05-20,12,WMT,0.1254106715007215,61.0,7.0,True,False
2024-05-27,12,WMT,0.0870919195360195,52.0,7.0,True,False
2024-06-03,12,WMT,0.2045359202380952,55.0,6.0,True,False
2024-06-10,12,WMT,0.1405235357142857,42.0,7.0,True,False
2024-06-17,12,WMT,0.0448123367346938,73.0,7.0,True,False
2024-06-24,12,WMT,0.0743610742115027,59.0,7.0,True,False
2024-07-01,12,WMT,0.073557526906217,49.0,7.0,True,False
2024-07-08,12,WMT,0.0466707901960784,78.0,7.0,True,False
2024-07-15,12,WMT,0.0247931422222222,44.0,5.0,True,False
2024-07-22,12,WMT,0.1444465212842713,48.0,7.0,True,False
2024-07-29,12,WMT,0.1634640663265306,32.0,7.0,True,False
2024-08-05,12,WMT,0.177104614694829,63.0,7.0,True,False
2024-08-12,12,WMT,0.2711861688866689,74.0,7.0,True,False
2024-08-19,12,WMT,0.218751397525677,65.0,7.0,True,False
2024-08-26,12,WMT,0.1091172628968254,69.0,7.0,True,False
2024-09-02,12,WMT,0.1277818993197279,44.0,7.0,True,False
2024-09-09,12,WMT,0.155386810866013,94.0,7.0,True,False
2024-09-16,12,WMT,0.1897884145929339,75.0,7.0,True,False
2024-09-23,12,WMT,0.0836553449829931,79.0,7.0,True,False
2024-09-30,12,WMT,0.1729698872904872,71.0,7.0,True,False
2024-10-07,12,WMT,0.2318195332280754,148.0,7.0,True,False
2024-10-14,12,WMT,0.1351884736017533,75.0,7.0,True,False
2024-10-21,12,WMT,-0.0234169911867118,100.0,7.0,True,False
2024-10-28,12,WMT,0.0616052876567876,63.0,7.0,True,False
2024-11-04,12,WMT,0.1319098809990663,85.0,7.0,True,False
2024-11-11,12,WMT,0.1790437187671412,152.0,7.0,True,False
2024-11-18,12,WMT,0.2159149751362128,151.0,7.0,True,False
2024-11-25,12,WMT,0.1324222317807768,244.0,7.0,True,False
2024-12-02,12,WMT,0.1287719917764904,161.0,7.0,True,False
2024-12-09,12,WMT,0.2387952750876108,95.0,7.0,True,False
2024-12-16,12,WMT,0.1836514120014071,130.0,7.0,True,False
2024-12-23,12,WMT,-0.0516301872749099,87.0,7.0,True,False
2024-12-30,12,WMT,0.0537344035543404,81.0,7.0,True,False
2025-01-06,12,WMT,0.2747678057901553,97.0,7.0,True,False
2025-01-13,12,WMT,0.1196606145467277,125.0,7.0,True,False
2025-01-20,12,WMT,0.227227324232117,97.0,7.0,True,False
2025-01-27,12,WMT,0.3423648808590102,82.0,7.0,True,False
2025-02-03,12,WMT,0.1291110114323507,106.0,7.0,True,False
2025-02-10,12,WMT,0.1332868288242569,112.0,7.0,True,False
2025-02-17,12,WMT,0.1132421686312652,189.0,7.0,True,False
2025-02-24,12,WMT,0.1606772899100899,111.0,7.0,True,False
2025-03-03,12,WMT,0.2451581970150485,101.0,7.0,True,False
2025-03-10,12,WMT,0.1911240785086762,99.0,7.0,True,False
2025-03-17,12,WMT,0.2662327277700554,103.0,7.0,True,False
2025-03-24,12,WMT,0.2726142397774514,150.0,7.0,True,False
2025-03-31,12,WMT,0.155037836149005,104.0,7.0,True,False
2025-04-07,12,WMT,0.096529769859377,153.0,7.0,True,False
2025-04-14,12,WMT,0.3223164835159287,101.0,7.0,True,False
2025-04-21,12,WMT,0.2880360628500532,163.0,7.0,True,False
2025-04-28,12,WMT,0.2768891265037833,113.0,7.0,True,False
2025-05-05,12,WMT,0.3254947232745969,109.0,7.0,True,False
2025-05-12,12,WMT,0.1024977935562051,244.0,7.0,True,False
2025-05-19,12,WMT,0.0892447457966497,164.0,7.0,True,False
2025-05-26,12,WMT,0.2179061583139184,111.0,7.0,True,False
2025-06-02,12,WMT,0.3373262666606685,133.0,7.0,True,False
2025-06-09,12,WMT,0.2202038355909479,116.0,7.0,True,False
2025-06-16,12,WMT,0.2885667906142167,102.0,7.0,True,False
2025-06-23,12,WMT,0.3288683065167437,115.0,7.0,True,False
2025-06-30,12,WMT,0.4361328226853561,99.0,7.0,True,False
2025-07-07,12,WMT,0.3254943671203936,221.0,7.0,True,False
2025-07-14,12,WMT,0.3241270687432868,129.0,7.0,True,False
2025-07-21,12,WMT,0.1747935641672004,201.0,7.0,True,False
2025-07-28,12,WMT,0.1383334917171307,157.0,7.0,True,False
2025-08-04,12,WMT,0.402197132246325,122.0,7.0,True,False
2025-08-11,12,WMT,0.3489586360637447,126.0,7.0,True,False
2025-08-18,12,WMT,0.1320607511498163,233.0,7.0,True,False
2025-08-25,12,WMT,0.2731201303945716,142.0,7.0,True,False
2025-09-01,12,WMT,0.3126526953844507,131.0,7.0,True,False
2025-09-08,12,WMT,0.4154222332742188,135.0,7.0,True,False
2025-09-15,12,WMT,0.287717946058201,135.0,7.0,True,False
2025-09-22,12,WMT,0.3638201049073152,142.0,7.0,True,False
2025-09-29,12,WMT,0.2990246905009405,147.0,7.0,True,False
2025-10-06,12,WMT,0.2866601833870389,195.0,7.0,True,False
2025-10-13,12,WMT,0.3997158300314493,158.0,7.0,True,False
2025-10-20,12,WMT,0.3894386763574003,171.0,7.0,True,False
2025-10-27,12,WMT,0.311955339914966,131.0,7.0,True,False
2025-11-03,12,WMT,0.1581717537037036,89.0,6.0,True,False
2025-11-10,12,WMT,0.1040998608058608,29.0,3.0,True,False
2025-11-17,12,WMT,0.1040998608058608,0.0,,False,True
2025-11-24,12,WMT,0.1040998608058608,0.0,,False,True
2025-12-01,12,WMT,0.1040998608058608,0.0,,False,True
2025-12-08,12,WMT,0.1040998608058608,0.0,,False,True
2025-12-15,12,WMT,0.1040998608058608,0.0,,False,True
2025-12-22,12,WMT,0.1040998608058608,0.0,,False,True
2025-12-29,12,WMT,0.1040998608058608,0.0,,False,True
2015-01-05,33,WFC,-0.0575550833333333,8.0,3.0,True,False
2015-01-12,33,WFC,0.1319642166666666,36.0,5.0,True,False
2015-01-19,33,WFC,-0.4705246190476191,9.0,3.0,True,False
2015-01-26,33,WFC,-0.4295256698717948,30.0,3.0,True,False
2015-02-02,33,WFC,-0.0085321875,9.0,4.0,True,False
2015-02-09,33,WFC,-0.3110993,9.0,5.0,True,False
2015-02-16,33,WFC,-0.0517197333333333,11.0,3.0,True,False
2015-02-23,33,WFC,0.1686461111111111,11.0,6.0,True,False
2015-03-02,33,WFC,0.594355,7.0,5.0,True,False
2015-03-09,33,WFC,0.0638166666666666,5.0,3.0,True,False
2015-03-16,33,WFC,-0.2926522133333333,13.0,5.0,True,False
2015-03-23,33,WFC,-0.0276637592592592,13.0,3.0,True,False
2015-03-30,33,WFC,-0.0331902799999999,13.0,5.0,True,False
2015-04-06,33,WFC,-0.0583228571428571,11.0,7.0,True,False
2015-04-13,33,WFC,-0.0005967182971014,34.0,4.0,True,False
2015-04-20,33,WFC,0.0464191825396825,24.0,7.0,True,False
2015-04-27,33,WFC,0.0931146,11.0,5.0,True,False
2015-05-04,33,WFC,-0.5949421566666666,38.0,5.0,True,False
2015-05-11,33,WFC,-0.0272106555272108,82.0,7.0,True,False
2015-05-18,33,WFC,-0.1346136,9.0,3.0,True,False
2015-05-25,33,WFC,-0.1027431,8.0,3.0,True,False
2015-06-01,33,WFC,0.2118431666666667,11.0,5.0,True,False
2015-06-08,33,WFC,-0.39597469006734,31.0,6.0,True,False
2015-06-15,33,WFC,-0.2509595999999999,11.0,5.0,True,False
2015-06-22,33,WFC,-0.32380675,8.0,4.0,True,False
2015-06-29,33,WFC,0.0839870833333333,7.0,3.0,True,False
2015-07-06,33,WFC,-0.1074673761904761,20.0,7.0,True,False
2015-07-13,33,WFC,-0.0697531097826087,34.0,4.0,True,False
2015-07-20,33,WFC,0.1119986666666666,10.0,4.0,True,False
2015-07-27,33,WFC,0.1272611,7.0,5.0,True,False
2015-08-03,33,WFC,0.1754914166666666,6.0,4.0,True,False
2015-08-10,33,WFC,0.1263223472222222,15.0,3.0,True,False
2015-08-17,33,WFC,0.072657975,12.0,4.0,True,False
2015-08-24,33,WFC,0.271025125,7.0,2.0,True,False
2015-08-31,33,WFC,0.1648808571428571,9.0,7.0,True,False
2015-09-07,33,WFC,0.4131833333333333,4.0,3.0,True,False
2015-09-14,33,WFC,-0.1819840456349206,19.0,6.0,True,False
2015-09-21,33,WFC,-0.4542815,4.0,3.0,True,False
2015-09-28,33,WFC,0.1197795,11.0,4.0,True,False
2015-10-05,33,WFC,0.0507576666666666,11.0,4.0,True,False
2015-10-12,33,WFC,0.245574137815126,38.0,5.0,True,False
2015-10-19,33,WFC,0.2703247777777778,5.0,3.0,True,False
2015-10-26,33,WFC,0.021178,3.0,2.0,True,False
2015-11-02,33,WFC,-0.262346873015873,19.0,6.0,True,False
2015-11-09,33,WFC,0.0117286499999999,9.0,5.0,True,False
2015-11-16,33,WFC,-0.0440663833333333,15.0,6.0,True,False
2015-11-23,33,WFC,-0.0030412499999999,4.0,4.0,True,False
2015-11-30,33,WFC,-0.36155495,12.0,4.0,True,False
2015-12-07,33,WFC,0.0123320833333333,9.0,6.0,True,False
2015-12-14,33,WFC,0.1597468888888888,9.0,3.0,True,False
2015-12-21,33,WFC,-0.165046325,13.0,5.0,True,False
2015-12-28,33,WFC,-0.40400775,3.0,2.0,True,False
2016-01-04,33,WFC,0.2310722777777777,7.0,3.0,True,False
2016-01-11,33,WFC,-0.160930409090909,21.0,6.0,True,False
2016-01-18,33,WFC,-0.41,2.0,2.0,True,False
2016-01-25,33,WFC,0.0807206666666666,5.0,3.0,True,False
2016-02-01,33,WFC,-0.0863461666666666,16.0,4.0,True,False
2016-02-08,33,WFC,-0.4539433333333333,3.0,3.0,True,False
2016-02-15,33,WFC,-0.127556,1.0,1.0,True,False
2016-02-22,33,WFC,0.0022814999999999,4.0,3.0,True,False
2016-02-29,33,WFC,0.019288875,5.0,4.0,True,False
2016-03-07,33,WFC,-0.5561217152777778,21.0,3.0,True,False
2016-03-14,33,WFC,-0.3855114,6.0,2.0,True,False
2016-03-21,33,WFC,-0.0495075333333333,8.0,5.0,True,False
2016-03-28,33,WFC,-0.1248575714285714,19.0,7.0,True,False
2016-04-04,33,WFC,-0.4489662839285714,21.0,4.0,True,False
2016-04-11,33,WFC,-0.4225142166666666,25.0,4.0,True,False
2016-04-18,33,WFC,0.1275915,6.0,4.0,True,False
2016-04-25,33,WFC,0.0384961666666666,6.0,3.0,True,False
2016-05-02,33,WFC,-0.0145823011904761,59.0,7.0,True,False
2016-05-09,33,WFC,0.3329026666666667,10.0,4.0,True,False
2016-05-16,33,WFC,-0.064328,3.0,2.0,True,False
2016-05-23,33,WFC,-0.3929641666666667,10.0,3.0,True,False
2016-05-30,33,WFC,-0.0194385,2.0,2.0,True,False
2016-06-06,33,WFC,-0.0356815555555555,5.0,3.0,True,False
2016-06-13,33,WFC,-0.0570071666666666,7.0,4.0,True,False
2016-06-20,33,WFC,-0.0092165833333333,9.0,3.0,True,False
2016-06-27,33,WFC,-0.2541524,12.0,3.0,True,False
2016-07-04,33,WFC,-0.1898863333333333,4.0,2.0,True,False
2016-07-11,33,WFC,-0.2233201444444444,27.0,5.0,True,False
2016-07-18,33,WFC,-0.0657912035714285,22.0,5.0,True,False
2016-07-25,33,WFC,-0.1348689285714285,9.0,7.0,True,False
2016-08-01,33,WFC,-0.1610300833333333,11.0,5.0,True,False
2016-08-08,33,WFC,-0.457259025,9.0,4.0,True,False
2016-08-15,33,WFC,-0.893984,2.0,2.0,True,False
2016-08-22,33,WFC,-0.5711349636363636,29.0,5.0,True,False
2016-08-29,33,WFC,-0.0611696249999999,16.0,6.0,True,False
2016-09-05,33,WFC,-0.5871387312803236,106.0,5.0,True,False
2016-09-12,33,WFC,-0.5921625314412092,215.0,7.0,True,False
2016-09-19,33,WFC,-0.5753379597246084,337.0,7.0,True,False
2016-09-26,33,WFC,-0.647343060001577,336.0,7.0,True,False
2016-10-03,33,WFC,-0.5450386590187808,102.0,7.0,True,False
2016-10-10,33,WFC,-0.5414356797700032,148.0,7.0,True,False
2016-10-17,33,WFC,-0.4596140254273504,53.0,6.0,True,False
2016-10-24,33,WFC,-0.5475565753968253,21.0,6.0,True,False
2016-10-31,33,WFC,-0.5391550051020408,39.0,7.0,True,False
2016-11-07,33,WFC,-0.1516504374999999,11.0,4.0,True,False
2016-11-14,33,WFC,-0.2528783611111111,25.0,6.0,True,False
2016-11-21,33,WFC,-0.4915501111111111,21.0,6.0,True,False
2016-11-28,33,WFC,-0.1736781599999999,17.0,5.0,True,False
2016-12-05,33,WFC,-0.3948314464285714,25.0,6.0,True,False
2016-12-12,33,WFC,-0.4830746435786435,28.0,6.0,True,False
2016-12-19,33,WFC,-0.4799405555555556,12.0,6.0,True,False
2016-12-26,33,WFC,-0.836021,3.0,3.0,True,False
2017-01-02,33,WFC,-0.431157625,6.0,4.0,True,False
2017-01-09,33,WFC,-0.3620869065527065,54.0,6.0,True,False
2017-01-16,33,WFC,-0.0084770999999999,17.0,5.0,True,False
2017-01-23,33,WFC,-0.4060800833333333,33.0,5.0,True,False
2017-01-30,33,WFC,-0.5289841597222222,25.0,6.0,True,False
2017-02-06,33,WFC,-0.3926049744588744,37.0,4.0,True,False
2017-02-13,33,WFC,-0.0887858703703703,17.0,6.0,True,False
2017-02-20,33,WFC,-0.3750095508241757,37.0,4.0,True,False
2017-02-27,33,WFC,-0.4052441483333333,37.0,5.0,True,False
2017-03-06,33,WFC,-0.2698477333333333,13.0,5.0,True,False
2017-03-13,33,WFC,-0.1707494999999999,24.0,6.0,True,False
2017-03-20,33,WFC,-0.4467667869047619,25.0,4.0,True,False
2017-03-27,33,WFC,-0.4720009425925926,49.0,6.0,True,False
2017-04-03,33,WFC,-0.3096007871572871,48.0,6.0,True,False
2017-04-10,33,WFC,-0.5245429204713937,132.0,7.0,True,False
2017-04-17,33,WFC,-0.2299319721445221,66.0,6.0,True,False
2017-04-24,33,WFC,-0.1928357261538461,69.0,5.0,True,False
2017-05-01,33,WFC,-0.0245923725954717,82.0,7.0,True,False
2017-05-08,33,WFC,-0.4157381752136752,27.0,6.0,True,False
2017-05-15,33,WFC,-0.6235841971428571,27.0,5.0,True,False
2017-05-22,33,WFC,0.1516884166666666,11.0,4.0,True,False
2017-05-29,33,WFC,-0.1325689821428571,23.0,4.0,True,False
2017-06-05,33,WFC,-0.3028234333333334,16.0,4.0,True,False
2017-06-12,33,WFC,-0.2441558866666667,23.0,5.0,True,False
2017-06-19,33,WFC,-0.5102684743589744,16.0,3.0,True,False
2017-06-26,33,WFC,0.1441304166666666,15.0,5.0,True,False
2017-07-03,33,WFC,-0.0787123333333333,6.0,4.0,True,False
2017-07-10,33,WFC,-0.3942426735930736,53.0,7.0,True,False
2017-07-17,33,WFC,-0.2463636085858586,20.0,6.0,True,False
2017-07-24,33,WFC,-0.4472521788018433,52.0,7.0,True,False
2017-07-31,33,WFC,-0.5144111537872459,48.0,6.0,True,False
2017-08-07,33,WFC,-0.5870199541666666,39.0,6.0,True,False
2017-08-14,33,WFC,-0.4275107048611111,33.0,6.0,True,False
2017-08-21,33,WFC,-0.2026565249999999,15.0,4.0,True,False
2017-08-28,33,WFC,-0.6385811762119261,52.0,6.0,True,False
2017-09-04,33,WFC,-0.6576044583333334,11.0,4.0,True,False
2017-09-11,33,WFC,-0.1380208,10.0,5.0,True,False
2017-09-18,33,WFC,-0.3546585561660562,31.0,6.0,True,False
2017-09-25,33,WFC,-0.2054014583333333,7.0,4.0,True,False
2017-10-02,33,WFC,-0.3832319884733418,87.0,5.0,True,False
2017-10-09,33,WFC,-0.0759810333333333,22.0,4.0,True,False
2017-10-16,33,WFC,-0.6015421507936507,16.0,2.0,True,False
2017-10-23,33,WFC,-0.2790546666666667,7.0,3.0,True,False
2017-10-30,33,WFC,-0.1916106933333333,17.0,5.0,True,False
2017-11-06,33,WFC,-0.0216913125,10.0,4.0,True,False
2017-11-13,33,WFC,-0.3337796525641026,28.0,5.0,True,False
2017-11-20,33,WFC,-0.2938615,4.0,3.0,True,False
2017-11-27,33,WFC,-0.183473556060606,28.0,6.0,True,False
2017-12-04,33,WFC,-0.3727575537698412,54.0,6.0,True,False
2017-12-11,33,WFC,-0.5844863238095238,21.0,5.0,True,False
2017-12-18,33,WFC,0.1213975653920153,38.0,6.0,True,False
2017-12-25,33,WFC,0.1074317499999999,4.0,2.0,True,False
2018-01-01,33,WFC,0.431469375,5.0,4.0,True,False
2018-01-08,33,WFC,-0.1601176666666666,26.0,6.0,True,False
2018-01-15,33,WFC,-0.3648494471153846,24.0,4.0,True,False
2018-01-22,33,WFC,0.0250832666666666,13.0,5.0,True,False
2018-01-29,33,WFC,-0.2339376110213316,53.0,7.0,True,False
2018-02-05,33,WFC,-0.1972813339517625,44.0,7.0,True,False
2018-02-12,33,WFC,-0.1700499123015872,34.0,6.0,True,False
2018-02-19,33,WFC,-0.445926,4.0,4.0,True,False
2018-02-26,33,WFC,-0.3780791363878885,45.0,7.0,True,False
2018-03-05,33,WFC,-0.3851304375,12.0,4.0,True,False
2018-03-12,33,WFC,0.0320299346153846,33.0,5.0,True,False
2018-03-19,33,WFC,-0.3765455833333332,20.0,4.0,True,False
2018-03-26,33,WFC,-0.157494375,15.0,4.0,True,False
2018-04-02,33,WFC,-0.1514433066666666,30.0,5.0,True,False
2018-04-09,33,WFC,-0.5195852294372295,25.0,6.0,True,False
2018-04-16,33,WFC,-0.4668718640350877,54.0,6.0,True,False
2018-04-23,33,WFC,-0.4811638660714286,32.0,5.0,True,False
2018-04-30,33,WFC,-0.1362430361481354,109.0,7.0,True,False
2018-05-07,33,WFC,-0.2352170767676767,41.0,5.0,True,False
2018-05-14,33,WFC,-0.4563141222222223,33.0,5.0,True,False
2018-05-21,33,WFC,0.1828942083333333,8.0,4.0,True,False
2018-05-28,33,WFC,-0.3915033333333333,7.0,3.0,True,False
2018-06-04,33,WFC,-0.4025901461538462,23.0,5.0,True,False
2018-06-11,33,WFC,-0.2652840542857143,20.0,5.0,True,False
2018-06-18,33,WFC,0.01582375,16.0,5.0,True,False
2018-06-25,33,WFC,-0.5089572083333334,17.0,3.0,True,False
2018-07-02,33,WFC,0.0458246666666666,7.0,5.0,True,False
2018-07-09,33,WFC,-0.3857061296296296,25.0,6.0,True,False
2018-07-16,33,WFC,-0.1193019399999999,19.0,5.0,True,False
2018-07-23,33,WFC,-0.2585354761904762,17.0,7.0,True,False
2018-07-30,33,WFC,-0.4724269011904762,44.0,6.0,True,False
2018-08-06,33,WFC,-0.5837029027777778,27.0,4.0,True,False
2018-08-13,33,WFC,-0.5972436,11.0,5.0,True,False
2018-08-20,33,WFC,-0.4842104752380953,33.0,5.0,True,False
2018-08-27,33,WFC,-0.3320719,21.0,5.0,True,False
2018-09-03,33,WFC,-0.2804253928571428,13.0,4.0,True,False
2018-09-10,33,WFC,-0.89724275,3.0,2.0,True,False
2018-09-17,33,WFC,-0.0612472916666666,10.0,2.0,True,False
2018-09-24,33,WFC,-0.396172,1.0,1.0,True,False
2018-10-01,33,WFC,-0.4203033666666667,12.0,5.0,True,False
2018-10-08,33,WFC,0.2663013333333333,16.0,3.0,True,False
2018-10-15,33,WFC,0.0039329583333333,15.0,5.0,True,False
2018-10-22,33,WFC,-0.3703598166666667,22.0,5.0,True,False
2018-10-29,33,WFC,-0.083533,7.0,3.0,True,False
2018-11-05,33,WFC,-0.5060559375,7.0,4.0,True,False
2018-11-12,33,WFC,0.044878875,6.0,4.0,True,False
2018-11-19,33,WFC,-0.5284265,2.0,2.0,True,False
2018-11-26,33,WFC,-0.0327815,6.0,3.0,True,False
2018-12-03,33,WFC,-0.4025915773809524,22.0,4.0,True,False
2018-12-10,33,WFC,-0.14602166,17.0,5.0,True,False
2018-12-17,33,WFC,-0.1970737083333333,11.0,6.0,True,False
2018-12-24,33,WFC,-0.1571146738095238,41.0,4.0,True,False
2018-12-31,33,WFC,-0.5640649583333334,14.0,6.0,True,False
2019-01-07,33,WFC,-0.1437755999999999,7.0,5.0,True,False
2019-01-14,33,WFC,-0.2697353958333333,18.0,4.0,True,False
2019-01-21,33,WFC,0.367879,14.0,5.0,True,False
2019-01-28,33,WFC,-0.1792732,10.0,5.0,True,False
2019-02-04,33,WFC,-0.2993742275,39.0,5.0,True,False
2019-02-11,33,WFC,0.116863375,7.0,4.0,True,False
2019-02-18,33,WFC,-0.170384,3.0,3.0,True,False
2019-02-25,33,WFC,-0.2227461666666666,24.0,6.0,True,False
2019-03-04,33,WFC,0.1698657499999999,7.0,4.0,True,False
2019-03-11,33,WFC,-0.2516880862318841,43.0,6.0,True,False
2019-03-18,33,WFC,-0.2857456875,14.0,4.0,True,False
2019-03-25,33,WFC,-0.0840430155316606,64.0,6.0,True,False
2019-04-01,33,WFC,-0.5345536533333333,15.0,5.0,True,False
2019-04-08,33,WFC,-0.0357681498168498,50.0,5.0,True,False
2019-04-15,33,WFC,-0.438273625,5.0,4.0,True,False
2019-04-22,33,WFC,-0.13686844,15.0,5.0,True,False
2019-04-29,33,WFC,0.0719223428833071,84.0,7.0,True,False
2019-05-06,33,WFC,0.1837832083333333,11.0,3.0,True,False
2019-05-13,33,WFC,-0.2110650111111111,16.0,5.0,True,False
2019-05-20,33,WFC,-0.1166606666666666,7.0,3.0,True,False
2019-05-27,33,WFC,0.06943425,3.0,2.0,True,False
2019-06-03,33,WFC,-0.1444603715277778,22.0,4.0,True,False
2019-06-10,33,WFC,-0.04244975,3.0,2.0,True,False
2019-06-17,33,WFC,0.1456942,8.0,3.0,True,False
2019-06-24,33,WFC,0.0660581666666666,5.0,3.0,True,False
2019-07-01,33,WFC,-0.0516662777777777,6.0,3.0,True,False
2019-07-08,33,WFC,0.2299146666666666,3.0,3.0,True,False
2019-07-15,33,WFC,-0.0647837925170068,24.0,7.0,True,False
2019-07-22,33,WFC,-0.143803,5.0,3.0,True,False
2019-07-29,33,WFC,0.2866152499999999,10.0,6.0,True,False
2019-08-05,33,WFC,-0.3338725555555555,5.0,3.0,True,False
2019-08-12,33,WFC,-0.0822515,3.0,2.0,True,False
2019-08-19,33,WFC,-0.7119892777777778,9.0,3.0,True,False
2019-08-26,33,WFC,-0.0792237777777777,7.0,3.0,True,False
2019-09-02,33,WFC,0.0406251333333333,9.0,5.0,True,False
2019-09-09,33,WFC,-0.0714728749999999,7.0,4.0,True,False
2019-09-16,33,WFC,0.0822491333333333,8.0,5.0,True,False
2019-09-23,33,WFC,0.0917945999999999,12.0,5.0,True,False
2019-09-30,33,WFC,0.306759,7.0,4.0,True,False
2019-10-07,33,WFC,0.1390247,9.0,5.0,True,False
2019-10-14,33,WFC,-0.1664012999999999,16.0,5.0,True,False
2019-10-21,33,WFC,0.1137948333333333,7.0,3.0,True,False
2019-10-28,33,WFC,-0.2103521111111111,7.0,3.0,True,False
2019-11-04,33,WFC,-0.1258778125,9.0,4.0,True,False
2019-11-11,33,WFC,0.0505555,4.0,3.0,True,False
2019-11-18,33,WFC,-0.2147126666666667,3.0,3.0,True,False
2019-11-25,33,WFC,-0.2147126666666667,0.0,,False,True
2019-12-02,33,WFC,-0.1882931333333333,16.0,5.0,True,False
2019-12-09,33,WFC,0.1062999999999999,4.0,4.0,True,False
2019-12-16,33,WFC,-0.3141783333333333,8.0,6.0,True,False
2019-12-23,33,WFC,-0.0981055,2.0,2.0,True,False
2019-12-30,33,WFC,-0.5018185,4.0,4.0,True,False
2020-01-06,33,WFC,-0.7720629999999999,2.0,2.0,True,False
2020-01-13,33,WFC,-0.2637580181818181,19.0,5.0,True,False
2020-01-20,33,WFC,-0.6467400384615385,32.0,4.0,True,False
2020-01-27,33,WFC,-0.1016474,8.0,5.0,True,False
2020-02-03,33,WFC,-0.4684435,2.0,1.0,True,False
2020-02-10,33,WFC,-0.4792495083333333,14.0,6.0,True,False
2020-02-17,33,WFC,-0.5057128177083334,44.0,4.0,True,False
2020-02-24,33,WFC,-0.4466108266666667,18.0,5.0,True,False
2020-03-02,33,WFC,-0.2518986857142857,26.0,5.0,True,False
2020-03-09,33,WFC,-0.3061473885714286,37.0,5.0,True,False
2020-03-16,33,WFC,0.0494342083333333,13.0,6.0,True,False
2020-03-23,33,WFC,0.1283568333333333,8.0,3.0,True,False
2020-03-30,33,WFC,-0.40943625,7.0,4.0,True,False
2020-04-06,33,WFC,0.1130633599999999,28.0,5.0,True,False
2020-04-13,33,WFC,-0.4304569,12.0,5.0,True,False
2020-04-20,33,WFC,-0.06588925,4.0,4.0,True,False
2020-04-27,33,WFC,0.06160475,11.0,4.0,True,False
2020-05-04,33,WFC,0.0706670208333333,9.0,4.0,True,False
2020-05-11,33,WFC,0.2139671277777778,16.0,6.0,True,False
2020-05-18,33,WFC,0.1829233055555555,9.0,3.0,True,False
2020-05-25,33,WFC,-0.0947573333333333,4.0,3.0,True,False
2020-06-01,33,WFC,-0.3566108125,9.0,4.0,True,False
2020-06-08,33,WFC,-0.1063981944444444,13.0,6.0,True,False
2020-06-15,33,WFC,0.2133176111111111,8.0,3.0,True,False
2020-06-22,33,WFC,0.0834537916666666,11.0,6.0,True,False
2020-06-29,33,WFC,-0.0990571111111111,7.0,3.0,True,False
2020-07-06,33,WFC,-0.0360405714285714,15.0,5.0,True,False
2020-07-13,33,WFC,-0.3577148745454546,33.0,5.0,True,False
2020-07-20,33,WFC,-0.2438108333333333,7.0,4.0,True,False
2020-07-27,33,WFC,-0.0570330624999999,10.0,4.0,True,False
2020-08-03,33,WFC,-0.01904525,5.0,4.0,True,False
2020-08-10,33,WFC,-0.016283125,7.0,4.0,True,False
2020-08-17,33,WFC,0.0045720416666666,10.0,4.0,True,False
2020-08-24,33,WFC,-0.21498275,7.0,4.0,True,False
2020-08-31,33,WFC,-0.18748225,13.0,3.0,True,False
2020-09-07,33,WFC,0.0795404444444444,11.0,6.0,True,False
2020-09-14,33,WFC,-0.0191274166666666,7.0,4.0,True,False
2020-09-21,33,WFC,-0.3206486733333333,27.0,5.0,True,False
2020-09-28,33,WFC,-0.1990103333333333,4.0,3.0,True,False
2020-10-05,33,WFC,-0.2983418437499999,12.0,4.0,True,False
2020-10-12,33,WFC,0.0456537992424242,20.0,4.0,True,False
2020-10-19,33,WFC,-0.173432875,5.0,2.0,True,False
2020-10-26,33,WFC,0.054749,5.0,3.0,True,False
2020-11-02,33,WFC,-0.27813125,10.0,4.0,True,False
2020-11-09,33,WFC,-0.6215483333333333,3.0,3.0,True,False
2020-11-16,33,WFC,-0.6215483333333333,0.0,,False,True
2020-11-23,33,WFC,0.296304,2.0,2.0,True,False
2020-11-30,33,WFC,0.296304,0.0,,False,True
2020-12-07,33,WFC,0.234707,2.0,1.0,True,False
2020-12-14,33,WFC,0.088203,5.0,2.0,True,False
2020-12-21,33,WFC,-0.177439,3.0,3.0,True,False
2020-12-28,33,WFC,-0.1728584999999999,3.0,2.0,True,False
2021-01-04,33,WFC,0.1948807222222222,6.0,3.0,True,False
2021-01-11,33,WFC,0.1107211041666666,20.0,4.0,True,False
2021-01-18,33,WFC,0.2478619999999999,3.0,2.0,True,False
2021-01-25,33,WFC,0.035195,3.0,3.0,True,False
2021-02-01,33,WFC,0.0126935,2.0,1.0,True,False
2021-02-08,33,WFC,0.0679456666666666,5.0,3.0,True,False
2021-02-15,33,WFC,0.561276875,5.0,2.0,True,False
2021-02-22,33,WFC,0.1051458392857142,11.0,4.0,True,False
2021-03-01,33,WFC,0.187031,2.0,2.0,True,False
2021-03-08,33,WFC,0.0050956999999999,7.0,5.0,True,False
2021-03-15,33,WFC,-0.1451469166666666,17.0,5.0,True,False
2021-03-22,33,WFC,-0.1304621666666666,8.0,3.0,True,False
2021-03-29,33,WFC,-0.0619488999999999,8.0,3.0,True,False
2021-04-05,33,WFC,0.212768,2.0,2.0,True,False
2021-04-12,33,WFC,0.0519196777777777,16.0,3.0,True,False
2021-04-19,33,WFC,-0.3381255277777777,20.0,6.0,True,False
2021-04-26,33,WFC,0.0334852291666666,12.0,4.0,True,False
2021-05-03,33,WFC,-0.0258338370748299,64.0,7.0,True,False
2021-05-10,33,WFC,-0.0037315624999999,16.0,4.0,True,False
2021-05-17,33,WFC,0.0556949199999999,10.0,5.0,True,False
2021-05-24,33,WFC,0.0711574166666666,6.0,4.0,True,False
2021-05-31,33,WFC,0.1602835,5.0,3.0,True,False
2021-06-07,33,WFC,0.29594675,6.0,4.0,True,False
2021-06-14,33,WFC,0.0273541111111111,8.0,3.0,True,False
2021-06-21,33,WFC,0.2131609,7.0,5.0,True,False
2021-06-28,33,WFC,0.2358717999999999,9.0,5.0,True,False
2021-07-05,33,WFC,-0.4737043928571429,24.0,4.0,True,False
2021-07-12,33,WFC,0.0713886333333333,13.0,5.0,True,False
2021-07-19,33,WFC,-0.36482125,3.0,2.0,True,False
2021-07-26,33,WFC,0.22464425,4.0,2.0,True,False
2021-08-02,33,WFC,0.1720221666666666,5.0,3.0,True,False
2021-08-09,33,WFC,-0.22117875,3.0,2.0,True,False
2021-08-16,33,WFC,-0.1035328,11.0,4.0,True,False
2021-08-23,33,WFC,0.263300875,7.0,4.0,True,False
2021-08-30,33,WFC,-0.1406290071428571,18.0,5.0,True,False
2021-09-06,33,WFC,-0.5000925833333334,12.0,5.0,True,False
2021-09-13,33,WFC,-0.3177501805555555,24.0,6.0,True,False
2021-09-20,33,WFC,-0.2009092222222222,5.0,3.0,True,False
2021-09-27,33,WFC,-0.4445141342857143,16.0,5.0,True,False
2021-10-04,33,WFC,0.037664875,5.0,4.0,True,False
2021-10-11,33,WFC,0.2718500952380952,10.0,2.0,True,False
2021-10-18,33,WFC,-0.0449199999999999,6.0,4.0,True,False
2021-10-25,33,WFC,0.00454,1.0,1.0,True,False
2021-11-01,33,WFC,0.149158,3.0,2.0,True,False
2021-11-08,33,WFC,-0.0042305,2.0,2.0,True,False
2021-11-15,33,WFC,0.0783776,7.0,3.0,True,False
2021-11-22,33,WFC,0.0124645,3.0,2.0,True,False
2021-11-29,33,WFC,-0.0260296166666666,14.0,5.0,True,False
2021-12-06,33,WFC,0.05121825,15.0,4.0,True,False
2021-12-13,33,WFC,-0.046127875,9.0,4.0,True,False
2021-12-20,33,WFC,0.280947,2.0,2.0,True,False
2021-12-27,33,WFC,-0.863908,1.0,1.0,True,False
2022-01-03,33,WFC,-0.0923234,6.0,5.0,True,False
2022-01-10,33,WFC,-0.0490441874999999,10.0,4.0,True,False
2022-01-17,33,WFC,-0.1465211666666666,4.0,3.0,True,False
2022-01-24,33,WFC,0.75255125,3.0,2.0,True,False
2022-01-31,33,WFC,-0.4767103333333333,3.0,3.0,True,False
2022-02-07,33,WFC,-0.2486627999999999,9.0,5.0,True,False
2022-02-14,33,WFC,-0.6291148333333334,8.0,4.0,True,False
2022-02-21,33,WFC,-0.22530975,3.0,2.0,True,False
2022-02-28,33,WFC,-0.0445552499999999,4.0,4.0,True,False
2022-03-07,33,WFC,0.73696,1.0,1.0,True,False
2022-03-14,33,WFC,-0.3496620714285715,10.0,7.0,True,False
2022-03-21,33,WFC,-0.46957725,8.0,4.0,True,False
2022-03-28,33,WFC,0.0044675,2.0,2.0,True,False
2022-04-04,33,WFC,-0.1054244,10.0,5.0,True,False
2022-04-11,33,WFC,-0.1793572833333333,12.0,5.0,True,False
2022-04-18,33,WFC,-0.29891375,4.0,2.0,True,False
2022-04-25,33,WFC,-0.233544,3.0,3.0,True,False
2022-05-02,33,WFC,0.2013375833333333,22.0,6.0,True,False
2022-05-09,33,WFC,0.3137715,4.0,3.0,True,False
2022-05-16,33,WFC,-0.5372850476190476,24.0,6.0,True,False
2022-05-23,33,WFC,-0.1642369,7.0,5.0,True,False
2022-05-30,33,WFC,0.1085002291666666,14.0,4.0,True,False
2022-06-06,33,WFC,-0.2972766210884354,21.0,7.0,True,False
2022-06-13,33,WFC,0.1372161666666666,7.0,3.0,True,False
2022-06-20,33,WFC,0.0994849999999999,11.0,4.0,True,False
2022-06-27,33,WFC,0.0601736722222222,21.0,6.0,True,False
2022-07-04,33,WFC,-0.3151060972222222,14.0,6.0,True,False
2022-07-11,33,WFC,-0.1591326242424242,18.0,5.0,True,False
2022-07-18,33,WFC,0.155370625,11.0,4.0,True,False
2022-07-25,33,WFC,-0.082759875,5.0,2.0,True,False
2022-08-01,33,WFC,-0.09861075,6.0,4.0,True,False
2022-08-08,33,WFC,0.05757914,11.0,5.0,True,False
2022-08-15,33,WFC,-0.1945846527777778,14.0,6.0,True,False
2022-08-22,33,WFC,-0.0522118416666666,16.0,4.0,True,False
2022-08-29,33,WFC,-0.1476400699999999,20.0,5.0,True,False
2022-09-05,33,WFC,-0.1017933333333333,7.0,3.0,True,False
2022-09-12,33,WFC,-0.2103865416666666,8.0,4.0,True,False
2022-09-19,33,WFC,-0.2103865416666666,0.0,,False,True
2022-09-26,33,WFC,-0.291435,6.0,4.0,True,False
2022-10-03,33,WFC,0.122972125,10.0,4.0,True,False
2022-10-10,33,WFC,0.0643290357142857,24.0,5.0,True,False
2022-10-17,33,WFC,0.0953473888888889,9.0,3.0,True,False
2022-10-24,33,WFC,0.0953473888888889,0.0,,False,True
2022-10-31,33,WFC,-0.3232709333333333,11.0,5.0,True,False
2022-11-07,33,WFC,-0.201334,3.0,2.0,True,False
2022-11-14,33,WFC,-0.1202366666666666,7.0,5.0,True,False
2022-11-21,33,WFC,-0.3022906666666666,3.0,3.0,True,False
2022-11-28,33,WFC,0.127446875,8.0,4.0,True,False
2022-12-05,33,WFC,-0.209942,6.0,4.0,True,False
2022-12-12,33,WFC,0.1331658333333333,5.0,3.0,True,False
2022-12-19,33,WFC,-0.4373719428571428,55.0,5.0,True,False
2022-12-26,33,WFC,-0.0325533333333333,4.0,2.0,True,False
2023-01-02,33,WFC,-0.5804175666666667,13.0,5.0,True,False
2023-01-09,33,WFC,-0.4585786694444444,21.0,6.0,True,False
2023-01-16,33,WFC,-0.1205304166666666,11.0,6.0,True,False
2023-01-23,33,WFC,0.1201497,8.0,5.0,True,False
2023-01-30,33,WFC,0.0379828333333333,4.0,3.0,True,False
2023-02-06,33,WFC,-0.2429818333333333,6.0,3.0,True,False
2023-02-13,33,WFC,-0.0308934444444444,5.0,3.0,True,False
2023-02-20,33,WFC,-0.2932816666666667,4.0,3.0,True,False
2023-02-27,33,WFC,-0.724722375,5.0,2.0,True,False
2023-03-06,33,WFC,-0.44906475,4.0,1.0,True,False
2023-03-13,33,WFC,-0.189134,9.0,4.0,True,False
2023-03-20,33,WFC,0.214223,3.0,3.0,True,False
2023-03-27,33,WFC,-0.17231775,6.0,4.0,True,False
2023-04-03,33,WFC,0.199892,5.0,3.0,True,False
2023-04-10,33,WFC,0.28538499,19.0,5.0,True,False
2023-04-17,33,WFC,0.1621748333333333,6.0,3.0,True,False
2023-04-24,33,WFC,0.3695969722222222,10.0,6.0,True,False
2023-05-01,33,WFC,0.0123976798701298,39.0,7.0,True,False
2023-05-08,33,WFC,-0.3536073333333333,7.0,3.0,True,False
2023-05-15,33,WFC,-0.1924122619047618,21.0,5.0,True,False
2023-05-22,33,WFC,-0.3040349999999999,2.0,2.0,True,False
2023-05-29,33,WFC,0.0273069999999999,2.0,2.0,True,False
2023-06-05,33,WFC,-0.0379726249999999,7.0,4.0,True,False
2023-06-12,33,WFC,0.1263197499999999,8.0,3.0,True,False
2023-06-19,33,WFC,0.1263197499999999,0.0,,False,True
2023-06-26,33,WFC,0.062951,3.0,3.0,True,False
2023-07-03,33,WFC,0.0137188333333333,5.0,3.0,True,False
2023-07-10,33,WFC,0.1952206071428571,12.0,4.0,True,False
2023-07-17,33,WFC,0.0558106666666666,7.0,3.0,True,False
2023-07-24,33,WFC,0.4914064444444444,5.0,3.0,True,False
2023-07-31,33,WFC,-0.0727174907407407,20.0,6.0,True,False
2023-08-07,33,WFC,-0.1824757,7.0,5.0,True,False
2023-08-14,33,WFC,0.313897,2.0,2.0,True,False
2023-08-21,33,WFC,-0.5757341717171717,15.0,3.0,True,False
2023-08-28,33,WFC,-0.2602873,9.0,4.0,True,False
2023-09-04,33,WFC,0.0492362916666666,11.0,6.0,True,False
2023-09-11,33,WFC,-0.1210176333333333,10.0,4.0,True,False
2023-09-18,33,WFC,-0.1036043333333333,3.0,3.0,True,False
2023-09-25,33,WFC,0.0714154999999999,2.0,2.0,True,False
2023-10-02,33,WFC,0.04259225,6.0,4.0,True,False
2023-10-09,33,WFC,-0.0665212083333333,11.0,4.0,True,False
2023-10-16,33,WFC,-0.0201105,4.0,4.0,True,False
2023-10-23,33,WFC,0.1651466666666666,3.0,3.0,True,False
2023-10-30,33,WFC,0.1721913333333333,4.0,3.0,True,False
2023-11-06,33,WFC,0.071604,5.0,4.0,True,False
2023-11-13,33,WFC,-0.0093344999999999,6.0,5.0,True,False
2023-11-20,33,WFC,0.1897465,8.0,3.0,True,False
2023-11-27,33,WFC,-0.1284315866666666,12.0,5.0,True,False
2023-12-04,33,WFC,-0.3009598222222222,16.0,6.0,True,False
2023-12-11,33,WFC,-0.0283733,6.0,5.0,True,False
2023-12-18,33,WFC,0.3919675,6.0,3.0,True,False
2023-12-25,33,WFC,0.3919675,0.0,,False,True
2024-01-01,33,WFC,0.0779205,2.0,1.0,True,False
2024-01-08,33,WFC,-0.1510296666666666,6.0,3.0,True,False
2024-01-15,33,WFC,-0.226277,2.0,1.0,True,False
2024-01-22,33,WFC,0.1241815,3.0,2.0,True,False
2024-01-29,33,WFC,0.22339075,3.0,2.0,True,False
2024-02-05,33,WFC,0.569448,1.0,1.0,True,False
2024-02-12,33,WFC,-0.4568291428571429,9.0,2.0,True,False
2024-02-19,33,WFC,0.094691,4.0,3.0,True,False
2024-02-26,33,WFC,0.0127368333333333,7.0,3.0,True,False
2024-03-04,33,WFC,0.0011094999999999,2.0,1.0,True,False
2024-03-11,33,WFC,-0.024391,1.0,1.0,True,False
2024-03-18,33,WFC,-0.1148453333333333,3.0,3.0,True,False
2024-03-25,33,WFC,0.1929526,8.0,5.0,True,False
2024-04-01,33,WFC,-0.780843,1.0,1.0,True,False
2024-04-08,33,WFC,-0.3386441666666666,5.0,3.0,True,False
2024-04-15,33,WFC,-0.39052725,4.0,4.0,True,False
2024-04-22,33,WFC,0.3329248333333333,4.0,3.0,True,False
2024-04-29,33,WFC,-0.0718096666666666,3.0,3.0,True,False
2024-05-06,33,WFC,-0.0061953597093382,49.0,7.0,True,False
2024-05-13,33,WFC,-0.47267375,3.0,2.0,True,False
2024-05-20,33,WFC,-0.912145,1.0,1.0,True,False
2024-05-27,33,WFC,0.009245,1.0,1.0,True,False
2024-06-03,33,WFC,0.058612,1.0,1.0,True,False
2024-06-10,33,WFC,-0.3719452321428571,16.0,4.0,True,False
2024-06-17,33,WFC,-0.893791,3.0,2.0,True,False
2024-06-24,33,WFC,-0.1246522499999999,3.0,2.0,True,False
2024-07-01,33,WFC,-0.19676825,3.0,2.0,True,False
2024-07-08,33,WFC,0.2081606,6.0,2.0,True,False
2024-07-15,33,WFC,-0.818031,1.0,1.0,True,False
2024-07-22,33,WFC,-0.37093175,4.0,2.0,True,False
2024-07-29,33,WFC,-0.37093175,0.0,,False,True
2024-08-05,33,WFC,0.1103898333333333,4.0,3.0,True,False
2024-08-12,33,WFC,0.441498,3.0,3.0,True,False
2024-08-19,33,WFC,0.0518216666666666,6.0,3.0,True,False
2024-08-26,33,WFC,-0.1642840916666666,17.0,5.0,True,False
2024-09-02,33,WFC,-0.1212282,5.0,5.0,True,False
2024-09-09,33,WFC,-0.3142386666666667,9.0,4.0,True,False
2024-09-16,33,WFC,-0.0426234166666666,7.0,4.0,True,False
2024-09-23,33,WFC,-0.0555541111111111,7.0,3.0,True,False
2024-09-30,33,WFC,0.2737505,2.0,2.0,True,False
2024-10-07,33,WFC,0.1233101555555555,10.0,3.0,True,False
2024-10-14,33,WFC,0.56845125,3.0,2.0,True,False
2024-10-21,33,WFC,0.0797236666666666,4.0,3.0,True,False
2024-10-28,33,WFC,-0.0753485,5.0,4.0,True,False
2024-11-04,33,WFC,0.057035,1.0,1.0,True,False
2024-11-11,33,WFC,-0.0928874666666666,8.0,5.0,True,False
2024-11-18,33,WFC,0.256832,3.0,3.0,True,False
2024-11-25,33,WFC,0.1552576666666666,4.0,3.0,True,False
2024-12-02,33,WFC,0.0902011666666666,8.0,4.0,True,False
2024-12-09,33,WFC,-0.07073325,3.0,2.0,True,False
2024-12-16,33,WFC,0.251492,4.0,2.0,True,False
2024-12-23,33,WFC,0.0490665,2.0,1.0,True,False
2024-12-30,33,WFC,0.3259466666666666,4.0,3.0,True,False
2025-01-06,33,WFC,0.449536,1.0,1.0,True,False
2025-01-13,33,WFC,0.01579695,14.0,5.0,True,False
2025-01-20,33,WFC,0.0163775,2.0,2.0,True,False
2025-01-27,33,WFC,-0.059800625,7.0,4.0,True,False
2025-02-03,33,WFC,-0.1847766333333333,11.0,5.0,True,False
2025-02-10,33,WFC,-0.047874,3.0,3.0,True,False
2025-02-17,33,WFC,-0.047874,0.0,,False,True
2025-02-24,33,WFC,-0.228025,1.0,1.0,True,False
2025-03-03,33,WFC,0.00435,1.0,1.0,True,False
2025-03-10,33,WFC,0.1355425,4.0,2.0,True,False
2025-03-17,33,WFC,-0.0059781666666666,5.0,3.0,True,False
2025-03-24,33,WFC,-0.2482365,4.0,4.0,True,False
2025-03-31,33,WFC,-0.0090825,2.0,2.0,True,False
2025-04-07,33,WFC,0.1116380828571428,17.0,5.0,True,False
2025-04-14,33,WFC,0.1735881666666666,5.0,3.0,True,False
2025-04-21,33,WFC,0.126029875,6.0,4.0,True,False
2025-04-28,33,WFC,0.198014,9.0,4.0,True,False
2025-05-05,33,WFC,0.1627263333333333,6.0,3.0,True,False
2025-05-12,33,WFC,0.055999875,5.0,4.0,True,False
2025-05-19,33,WFC,-0.0084956249999999,8.0,4.0,True,False
2025-05-26,33,WFC,0.189095,9.0,3.0,True,False
2025-06-02,33,WFC,-0.18501333,28.0,5.0,True,False
2025-06-09,33,WFC,0.13510475,6.0,4.0,True,False
2025-06-16,33,WFC,-0.0515946,5.0,5.0,True,False
2025-06-23,33,WFC,0.1805931666666666,4.0,3.0,True,False
2025-06-30,33,WFC,0.099092,3.0,2.0,True,False
2025-07-07,33,WFC,0.0860402499999999,3.0,2.0,True,False
2025-07-14,33,WFC,-0.36150644,16.0,5.0,True,False
2025-07-21,33,WFC,-0.42863315,11.0,4.0,True,False
2025-07-28,33,WFC,0.3420986666666667,3.0,3.0,True,False
2025-08-04,33,WFC,-0.124764,4.0,4.0,True,False
2025-08-11,33,WFC,0.013268,5.0,3.0,True,False
2025-08-18,33,WFC,0.031238,2.0,1.0,True,False
2025-08-25,33,WFC,-0.1218638,9.0,5.0,True,False
2025-09-01,33,WFC,-0.21618675,3.0,2.0,True,False
2025-09-08,33,WFC,0.1371329999999999,2.0,2.0,True,False
2025-09-15,33,WFC,-0.1856664761904762,9.0,3.0,True,False
2025-09-22,33,WFC,-0.119542,1.0,1.0,True,False
2025-09-29,33,WFC,0.0403948333333333,4.0,2.0,True,False
2025-10-06,33,WFC,0.25385,1.0,1.0,True,False
2025-10-13,33,WFC,0.2388076428571428,10.0,2.0,True,False
2025-10-20,33,WFC,-0.2884871666666666,4.0,3.0,True,False
2025-10-27,33,WFC,0.1258856666666667,3.0,3.0,True,False
2025-11-03,33,WFC,0.0009014999999999,4.0,2.0,True,False
2025-11-10,33,WFC,0.214954,3.0,3.0,True,False
2025-11-17,33,WFC,0.214954,0.0,,False,True
2025-11-24,33,WFC,0.214954,0.0,,False,True
2025-12-01,33,WFC,0.214954,0.0,,False,True
2025-12-08,33,WFC,0.214954,0.0,,False,True
2025-12-15,33,WFC,0.214954,0.0,,False,True
2025-12-22,33,WFC,0.214954,0.0,,False,True
2025-12-29,33,WFC,0.214954,0.0,,False,True
