week_monday,company_id,ticker,simple_mean_stance,n_articles,n_days_covered,has_data
2015-01-12,157,ABNB,-0.281105,1.0,1.0,True
2015-01-19,157,ABNB,-0.1696229999999999,2.0,2.0,True
2015-01-26,157,ABNB,0.2542895,2.0,2.0,True
2015-02-02,157,ABNB,-0.755128,1.0,1.0,True
2015-02-09,157,ABNB,0.204482,1.0,1.0,True
2015-02-16,157,ABNB,-0.687995,2.0,2.0,True
2015-02-23,157,ABNB,0.5884016666666666,3.0,3.0,True
2015-03-02,157,ABNB,0.407104,1.0,1.0,True
2015-03-16,157,ABNB,-0.520145,1.0,1.0,True
2015-03-23,157,ABNB,0.514055,3.0,3.0,True
2015-03-30,157,ABNB,0.2529895,2.0,2.0,True
2015-04-06,157,ABNB,0.40444875,4.0,2.0,True
2015-04-27,157,ABNB,0.640029,1.0,1.0,True
2015-05-11,157,ABNB,-0.1204035,2.0,2.0,True
2015-05-18,157,ABNB,0.473228,1.0,1.0,True
2015-05-25,157,ABNB,0.198728,2.0,1.0,True
2015-06-01,157,ABNB,0.2892375,2.0,2.0,True
2015-06-08,157,ABNB,0.052728,1.0,1.0,True
2015-06-15,157,ABNB,0.1320648541666666,9.0,4.0,True
2015-06-22,157,ABNB,0.4289920833333333,6.0,3.0,True
2015-06-29,157,ABNB,0.22827,3.0,3.0,True
2015-07-13,157,ABNB,-0.370183,3.0,2.0,True
2015-07-20,157,ABNB,0.4031078333333333,4.0,3.0,True
2015-08-10,157,ABNB,-0.766779,1.0,1.0,True
2015-08-17,157,ABNB,0.41904075,4.0,2.0,True
2015-08-24,157,ABNB,0.3324114999999999,8.0,2.0,True
2015-09-07,157,ABNB,-0.096556,3.0,3.0,True
2015-09-28,157,ABNB,-0.0925032999999999,8.0,4.0,True
2015-10-05,157,ABNB,-0.521645,1.0,1.0,True
2015-10-12,157,ABNB,0.1189024999999999,2.0,2.0,True
2015-10-19,157,ABNB,0.277891,1.0,1.0,True
2015-10-26,157,ABNB,0.111657,2.0,2.0,True
2015-11-02,157,ABNB,-0.2219840189393939,30.0,4.0,True
2015-11-09,157,ABNB,0.8617528055555556,11.0,3.0,True
2015-11-16,157,ABNB,-0.130443,4.0,3.0,True
2015-11-23,157,ABNB,0.638459,1.0,1.0,True
2015-11-30,157,ABNB,-0.25737,2.0,2.0,True
2015-12-07,157,ABNB,0.4598109999999999,2.0,2.0,True
2015-12-14,157,ABNB,-0.787355,2.0,2.0,True
2016-01-11,157,ABNB,-0.951095,1.0,1.0,True
2016-01-18,157,ABNB,0.30342025,3.0,2.0,True
2016-02-01,157,ABNB,-0.634736,2.0,2.0,True
2016-02-08,157,ABNB,-0.185109,2.0,1.0,True
2016-02-15,157,ABNB,-0.3861778333333333,5.0,2.0,True
2016-02-22,157,ABNB,-0.61872375,3.0,2.0,True
2016-03-07,157,ABNB,-0.928159,1.0,1.0,True
2016-03-14,157,ABNB,0.2363927499999999,3.0,2.0,True
2016-03-21,157,ABNB,-0.002871,1.0,1.0,True
2016-03-28,157,ABNB,-0.1392555,5.0,4.0,True
2016-04-11,157,ABNB,0.2557485,2.0,2.0,True
2016-04-18,157,ABNB,-0.3867543,7.0,5.0,True
2016-04-25,157,ABNB,-0.845565,1.0,1.0,True
2016-05-02,157,ABNB,0.211974375,8.0,4.0,True
2016-05-09,157,ABNB,0.435625,1.0,1.0,True
2016-05-16,157,ABNB,-0.0416176666666667,3.0,3.0,True
2016-05-23,157,ABNB,-0.3921654999999999,5.0,3.0,True
2016-05-30,157,ABNB,-0.394634,1.0,1.0,True
2016-06-06,157,ABNB,-0.332041125,10.0,4.0,True
2016-06-13,157,ABNB,0.279210738095238,10.0,3.0,True
2016-06-20,157,ABNB,-0.3404753333333333,3.0,3.0,True
2016-06-27,157,ABNB,-0.4206525515151515,25.0,5.0,True
2016-07-04,157,ABNB,-0.594346,2.0,2.0,True
2016-07-11,157,ABNB,0.0860870555555555,6.0,3.0,True
2016-07-18,157,ABNB,0.1053937777777778,8.0,3.0,True
2016-07-25,157,ABNB,-0.4306483749999999,6.0,4.0,True
2016-08-01,157,ABNB,0.269083,8.0,4.0,True
2016-08-08,157,ABNB,0.1277210555555555,10.0,6.0,True
2016-08-22,157,ABNB,0.2311504583333333,7.0,4.0,True
2016-08-29,157,ABNB,0.088276,3.0,2.0,True
2016-09-05,157,ABNB,-0.93674,1.0,1.0,True
2016-09-12,157,ABNB,-0.1149775,2.0,2.0,True
2016-09-19,157,ABNB,0.265465375,11.0,4.0,True
2016-10-03,157,ABNB,-0.43292925,3.0,2.0,True
2016-10-10,157,ABNB,0.1873973333333333,3.0,3.0,True
2016-10-17,157,ABNB,-0.091470025,9.0,4.0,True
2016-10-24,157,ABNB,-0.237217625,7.0,4.0,True
2016-10-31,157,ABNB,-0.0014429999999999,2.0,2.0,True
2016-11-07,157,ABNB,-0.78914225,3.0,2.0,True
2016-11-14,157,ABNB,0.2048914722222222,12.0,6.0,True
2016-11-21,157,ABNB,-0.0929558333333333,6.0,3.0,True
2016-11-28,157,ABNB,-0.3689754375,16.0,4.0,True
2016-12-05,157,ABNB,-0.6398646666666666,5.0,3.0,True
2016-12-12,157,ABNB,0.2759186666666666,7.0,5.0,True
2016-12-19,157,ABNB,0.100879,2.0,1.0,True
2016-12-26,157,ABNB,-0.7471675,2.0,2.0,True
2017-01-02,157,ABNB,0.3610454999999999,4.0,2.0,True
2017-01-09,157,ABNB,0.1093833333333333,3.0,3.0,True
2017-01-16,157,ABNB,-0.8141475,2.0,1.0,True
2017-01-23,157,ABNB,0.300556,9.0,4.0,True
2017-01-30,157,ABNB,0.349613,1.0,1.0,True
2017-02-06,157,ABNB,0.58192,3.0,2.0,True
2017-02-13,157,ABNB,-0.1814373666666666,10.0,5.0,True
2017-02-20,157,ABNB,-0.125459,3.0,3.0,True
2017-02-27,157,ABNB,0.136477,1.0,1.0,True
2017-03-06,157,ABNB,0.0688048666666666,17.0,5.0,True
2017-03-13,157,ABNB,-0.0299703333333333,4.0,3.0,True
2017-03-20,157,ABNB,0.4115536071428571,13.0,4.0,True
2017-03-27,157,ABNB,-0.4635638333333333,4.0,3.0,True
2017-04-03,157,ABNB,-0.1687555,3.0,2.0,True
2017-04-10,157,ABNB,-0.1794504444444444,5.0,3.0,True
2017-04-17,157,ABNB,0.1096174999999999,3.0,2.0,True
2017-04-24,157,ABNB,-0.225316,1.0,1.0,True
2017-05-01,157,ABNB,-0.0093095666666666,12.0,3.0,True
2017-05-22,157,ABNB,-0.734963,1.0,1.0,True
2017-05-29,157,ABNB,-0.833678,1.0,1.0,True
2017-06-05,157,ABNB,0.5554115999999999,7.0,3.0,True
2017-06-12,157,ABNB,0.4101758333333333,6.0,3.0,True
2017-06-19,157,ABNB,0.5365323333333333,4.0,2.0,True
2017-06-26,157,ABNB,-0.447144,2.0,2.0,True
2017-07-03,157,ABNB,-0.20725675,3.0,2.0,True
2017-07-10,157,ABNB,0.665103,1.0,1.0,True
2017-07-17,157,ABNB,0.4070844999999999,2.0,2.0,True
2017-07-24,157,ABNB,0.2566166666666666,3.0,1.0,True
2017-07-31,157,ABNB,-0.2078,1.0,1.0,True
2017-08-07,157,ABNB,-0.8209934999999999,2.0,2.0,True
2017-08-14,157,ABNB,0.441141,1.0,1.0,True
2017-08-21,157,ABNB,0.1535051666666666,4.0,2.0,True
2017-09-11,157,ABNB,0.669509,1.0,1.0,True
2017-10-09,157,ABNB,-0.152771,2.0,1.0,True
2017-10-23,157,ABNB,-0.27912548,9.0,5.0,True
2017-10-30,157,ABNB,-0.6037798333333334,4.0,3.0,True
2017-11-06,157,ABNB,0.0281376666666666,3.0,3.0,True
2017-11-13,157,ABNB,-0.00142286875,16.0,4.0,True
2017-11-27,157,ABNB,0.1754505,4.0,1.0,True
2017-12-04,157,ABNB,0.417559,1.0,1.0,True
2017-12-11,157,ABNB,-0.1648665,4.0,3.0,True
2017-12-18,157,ABNB,0.5897356666666667,3.0,1.0,True
2017-12-25,157,ABNB,0.029391,1.0,1.0,True
2018-01-01,157,ABNB,-0.1421892916666666,7.0,2.0,True
2018-01-08,157,ABNB,0.04951,2.0,2.0,True
2018-01-15,157,ABNB,-0.3042526666666666,8.0,4.0,True
2018-01-29,157,ABNB,-0.5793603916666668,23.0,4.0,True
2018-02-05,157,ABNB,-0.7467605,4.0,3.0,True
2018-02-12,157,ABNB,0.4440578333333334,5.0,3.0,True
2018-02-19,157,ABNB,0.17753915,18.0,4.0,True
2018-02-26,157,ABNB,-0.396254,2.0,2.0,True
2018-03-05,157,ABNB,-0.862594,1.0,1.0,True
2018-03-12,157,ABNB,0.1682046666666666,3.0,3.0,True
2018-03-19,157,ABNB,0.704302,1.0,1.0,True
2018-03-26,157,ABNB,-0.077926,2.0,1.0,True
2018-04-02,157,ABNB,-0.44462875,3.0,2.0,True
2018-04-09,157,ABNB,-0.0670215,2.0,2.0,True
2018-04-30,157,ABNB,-0.0738106666666666,4.0,2.0,True
2018-05-14,157,ABNB,0.1057358333333333,4.0,2.0,True
2018-05-21,157,ABNB,0.494288,1.0,1.0,True
2018-05-28,157,ABNB,-0.4883475,3.0,2.0,True
2018-06-04,157,ABNB,-0.4829368571428571,11.0,4.0,True
2018-06-11,157,ABNB,-0.4401436666666666,3.0,3.0,True
2018-06-18,157,ABNB,0.162815,1.0,1.0,True
2018-06-25,157,ABNB,-0.23140625,3.0,2.0,True
2018-07-02,157,ABNB,0.4510294999999999,4.0,2.0,True
2018-07-16,157,ABNB,-0.7058726527777778,13.0,4.0,True
2018-07-23,157,ABNB,0.764382,1.0,1.0,True
2018-07-30,157,ABNB,-0.711518,2.0,2.0,True
2018-08-06,157,ABNB,0.1248415,7.0,5.0,True
2018-08-13,157,ABNB,-0.3885466666666666,3.0,3.0,True
2018-08-20,157,ABNB,0.1144142222222222,5.0,3.0,True
2018-08-27,157,ABNB,-0.906875,1.0,1.0,True
2018-09-17,157,ABNB,0.5030475,3.0,2.0,True
2018-09-24,157,ABNB,-0.121321,2.0,1.0,True
2018-10-01,157,ABNB,0.143111,1.0,1.0,True
2018-10-08,157,ABNB,-0.252852,2.0,2.0,True
2018-10-15,157,ABNB,0.234296,1.0,1.0,True
2018-10-22,157,ABNB,-0.419191,3.0,2.0,True
2018-11-12,157,ABNB,-0.3047925,2.0,2.0,True
2018-11-19,157,ABNB,-0.3808310333333333,8.0,2.0,True
2018-11-26,157,ABNB,0.2291318333333333,4.0,2.0,True
2018-12-10,157,ABNB,-0.1570983888888889,6.0,3.0,True
2018-12-17,157,ABNB,-0.3194245,3.0,2.0,True
2018-12-31,157,ABNB,-0.4335216666666667,12.0,4.0,True
2019-01-07,157,ABNB,-0.739133,1.0,1.0,True
2019-01-14,157,ABNB,-0.1662163333333333,10.0,4.0,True
2019-01-21,157,ABNB,0.36003,2.0,1.0,True
2019-01-28,157,ABNB,-0.4015583333333333,4.0,2.0,True
2019-02-04,157,ABNB,-0.0954378,6.0,5.0,True
2019-02-11,157,ABNB,-0.908636,3.0,1.0,True
2019-02-18,157,ABNB,-0.219414,2.0,2.0,True
2019-02-25,157,ABNB,-0.16333775,3.0,2.0,True
2019-03-04,157,ABNB,-0.1604445892857142,24.0,4.0,True
2019-03-11,157,ABNB,-0.90354425,4.0,1.0,True
2019-03-18,157,ABNB,-0.4724403333333333,3.0,1.0,True
2019-03-25,157,ABNB,-0.424831,2.0,2.0,True
2019-04-01,157,ABNB,0.5111738571428571,15.0,2.0,True
2019-04-08,157,ABNB,-0.0530016071428571,19.0,4.0,True
2019-04-15,157,ABNB,0.2907503333333333,4.0,2.0,True
2019-04-22,157,ABNB,0.747573,1.0,1.0,True
2019-04-29,157,ABNB,0.0696919102564102,20.0,3.0,True
2019-05-06,157,ABNB,-0.132818,1.0,1.0,True
2019-05-13,157,ABNB,-0.2417409999999999,2.0,1.0,True
2019-05-20,157,ABNB,0.586475,1.0,1.0,True
2019-05-27,157,ABNB,0.1269965,2.0,1.0,True
2019-06-03,157,ABNB,0.454451,1.0,1.0,True
2019-06-24,157,ABNB,0.4215906666666666,4.0,2.0,True
2019-07-01,157,ABNB,0.121704,1.0,1.0,True
2019-07-08,157,ABNB,0.3669361666666667,4.0,2.0,True
2019-07-15,157,ABNB,0.115725,1.0,1.0,True
2019-07-29,157,ABNB,-0.974918,2.0,2.0,True
2019-08-05,157,ABNB,0.5129155,2.0,2.0,True
2019-08-12,157,ABNB,0.6780725,4.0,2.0,True
2019-08-19,157,ABNB,-0.13126,1.0,1.0,True
2019-08-26,157,ABNB,0.106593,1.0,1.0,True
2019-09-02,157,ABNB,0.231246,1.0,1.0,True
2019-09-16,157,ABNB,0.154174625,19.0,4.0,True
2019-09-30,157,ABNB,0.1089538333333333,7.0,3.0,True
2019-10-14,157,ABNB,-0.82590175,4.0,1.0,True
2019-10-21,157,ABNB,0.7187939999999999,2.0,1.0,True
2019-10-28,157,ABNB,0.047318,1.0,1.0,True
2019-11-04,157,ABNB,-0.5375205357142856,9.0,2.0,True
2019-11-11,157,ABNB,-0.1801955,2.0,2.0,True
2019-11-18,157,ABNB,-0.1231656111111111,19.0,6.0,True
2019-12-02,157,ABNB,-0.409916,5.0,4.0,True
2019-12-09,157,ABNB,0.2619138333333333,4.0,3.0,True
2019-12-16,157,ABNB,0.1204462,12.0,2.0,True
2019-12-23,157,ABNB,-0.8813303333333332,3.0,3.0,True
2019-12-30,157,ABNB,-0.609654,1.0,1.0,True
2020-01-06,157,ABNB,0.712084,1.0,1.0,True
2020-01-13,157,ABNB,0.877203,1.0,1.0,True
2020-01-27,157,ABNB,-0.2119254444444444,6.0,3.0,True
2020-02-10,157,ABNB,-0.3389905,9.0,3.0,True
2020-02-17,157,ABNB,-0.38693,2.0,2.0,True
2020-03-02,157,ABNB,-0.1054695,2.0,2.0,True
2020-03-09,157,ABNB,-0.6371165,4.0,3.0,True
2020-03-16,157,ABNB,-0.1522454,11.0,4.0,True
2020-03-23,157,ABNB,-0.2712642083333333,10.0,4.0,True
2020-03-30,157,ABNB,-0.4633483511904762,17.0,4.0,True
2020-04-06,157,ABNB,0.2125860928571428,19.0,5.0,True
2020-04-13,157,ABNB,-0.4440660833333333,7.0,3.0,True
2020-04-20,157,ABNB,-0.803183,1.0,1.0,True
2020-04-27,157,ABNB,-0.4958687499999999,4.0,4.0,True
2020-05-04,157,ABNB,-0.6195871533333334,52.0,5.0,True
2020-05-11,157,ABNB,-0.4317111999999999,9.0,5.0,True
2020-05-18,157,ABNB,-0.046351,1.0,1.0,True
2020-06-01,157,ABNB,-0.54125,1.0,1.0,True
2020-06-08,157,ABNB,0.3494473666666666,9.0,5.0,True
2020-06-22,157,ABNB,-0.0275573333333333,3.0,3.0,True
2020-06-29,157,ABNB,0.05923,1.0,1.0,True
2020-07-13,157,ABNB,0.1114349166666666,9.0,4.0,True
2020-07-27,157,ABNB,-0.086596,1.0,1.0,True
2020-08-10,157,ABNB,-0.3967779999999999,9.0,4.0,True
2020-08-17,157,ABNB,0.1677163015873015,22.0,3.0,True
2020-08-24,157,ABNB,-0.729171,1.0,1.0,True
2020-08-31,157,ABNB,-0.3077984333333333,8.0,3.0,True
2020-09-07,157,ABNB,0.451759,2.0,2.0,True
2020-09-14,157,ABNB,0.777044,1.0,1.0,True
2020-09-21,157,ABNB,-0.4781963333333333,3.0,1.0,True
2020-09-28,157,ABNB,-0.1606175625,11.0,4.0,True
2020-10-05,157,ABNB,-0.119594,4.0,4.0,True
2020-10-12,157,ABNB,0.117615,1.0,1.0,True
2020-10-19,157,ABNB,0.138642,1.0,1.0,True
2020-10-26,157,ABNB,0.2799306666666666,3.0,3.0,True
2020-11-02,157,ABNB,-0.1093921666666667,4.0,3.0,True
2020-11-09,157,ABNB,-0.2945806666666666,4.0,3.0,True
2020-11-16,157,ABNB,-0.1286965918584825,48.0,6.0,True
2020-11-23,157,ABNB,0.348438,1.0,1.0,True
2020-11-30,157,ABNB,0.3814157291666666,18.0,3.0,True
2020-12-07,157,ABNB,0.2699926243265993,66.0,6.0,True
2020-12-14,157,ABNB,-0.901489,1.0,1.0,True
2020-12-21,157,ABNB,-0.431715,2.0,2.0,True
2021-01-04,157,ABNB,0.624563,1.0,1.0,True
2021-01-11,157,ABNB,-0.935861,1.0,1.0,True
2021-02-08,157,ABNB,0.230866,2.0,1.0,True
2021-02-15,157,ABNB,0.834827,1.0,1.0,True
2021-02-22,157,ABNB,-0.0434539999999999,15.0,3.0,True
2021-03-01,157,ABNB,-0.0675473333333333,3.0,3.0,True
2021-03-15,157,ABNB,-0.0370366666666666,4.0,3.0,True
2021-03-22,157,ABNB,0.1610183333333333,3.0,1.0,True
2021-03-29,157,ABNB,0.017677,1.0,1.0,True
2021-04-12,157,ABNB,0.459496,2.0,2.0,True
2021-04-26,157,ABNB,0.345091,1.0,1.0,True
2021-05-10,157,ABNB,-0.0678532678571428,11.0,2.0,True
2021-05-17,157,ABNB,-0.79409675,3.0,2.0,True
2021-05-24,157,ABNB,-0.2034605,2.0,2.0,True
2021-06-14,157,ABNB,0.604319,1.0,1.0,True
2021-06-28,157,ABNB,-0.6767636666666667,3.0,1.0,True
2021-07-05,157,ABNB,-0.917581,2.0,1.0,True
2021-07-26,157,ABNB,-0.956187,1.0,1.0,True
2021-08-02,157,ABNB,0.277641,1.0,1.0,True
2021-08-09,157,ABNB,-0.2838585,8.0,2.0,True
2021-09-20,157,ABNB,0.3346105,2.0,1.0,True
2021-09-27,157,ABNB,0.854534,1.0,1.0,True
2021-11-01,157,ABNB,0.4895601666666667,15.0,5.0,True
2021-11-08,157,ABNB,0.335048,3.0,2.0,True
2022-01-03,157,ABNB,-0.8077716666666667,3.0,3.0,True
2022-01-17,157,ABNB,0.167177,1.0,1.0,True
2022-01-31,157,ABNB,0.034182,1.0,1.0,True
2022-02-14,157,ABNB,0.7400178749999999,6.0,2.0,True
2022-02-21,157,ABNB,0.764772,2.0,1.0,True
2022-02-28,157,ABNB,-0.1346409285714285,8.0,2.0,True
2022-04-11,157,ABNB,0.341256,1.0,1.0,True
2022-04-18,157,ABNB,0.422613,1.0,1.0,True
2022-05-02,157,ABNB,-0.2737214166666666,6.0,3.0,True
2022-05-09,157,ABNB,0.6595519999999999,2.0,2.0,True
2022-05-23,157,ABNB,-0.4488715514705882,21.0,2.0,True
2022-05-30,157,ABNB,-0.917526,1.0,1.0,True
2022-06-06,157,ABNB,-0.284826,1.0,1.0,True
2022-06-13,157,ABNB,-0.87128,1.0,1.0,True
2022-06-27,157,ABNB,-0.2142763333333333,5.0,2.0,True
2022-07-04,157,ABNB,-0.1358035,2.0,1.0,True
2022-07-11,157,ABNB,-0.887235,1.0,1.0,True
2022-07-18,157,ABNB,-0.3001424,7.0,3.0,True
2022-08-01,157,ABNB,0.2085271388888889,13.0,4.0,True
2022-09-05,157,ABNB,0.336673,3.0,2.0,True
2022-09-19,157,ABNB,-0.40572425,3.0,2.0,True
2022-09-26,157,ABNB,0.202728,1.0,1.0,True
2022-10-17,157,ABNB,-0.024828,1.0,1.0,True
2022-10-24,157,ABNB,-0.284445,2.0,1.0,True
2022-10-31,157,ABNB,0.2360333888888889,11.0,3.0,True
2022-11-07,157,ABNB,-0.502471,2.0,2.0,True
2022-11-14,157,ABNB,0.2644904999999999,4.0,3.0,True
2022-11-28,157,ABNB,0.5132833333333333,5.0,3.0,True
2022-12-05,157,ABNB,-0.143116,4.0,4.0,True
2022-12-19,157,ABNB,-0.058808,3.0,2.0,True
2022-12-26,157,ABNB,-0.2375475,2.0,2.0,True
2023-01-23,157,ABNB,-0.659456,1.0,1.0,True
2023-01-30,157,ABNB,0.844858,1.0,1.0,True
2023-02-13,157,ABNB,0.4351673756613756,17.0,3.0,True
2023-02-27,157,ABNB,-0.8159632499999999,6.0,3.0,True
2023-03-06,157,ABNB,-0.586109,3.0,2.0,True
2023-04-03,157,ABNB,-0.9219245,2.0,2.0,True
2023-04-24,157,ABNB,-0.889079,1.0,1.0,True
2023-05-01,157,ABNB,0.75666075,5.0,2.0,True
2023-05-08,157,ABNB,-0.1944740666666666,11.0,3.0,True
2023-05-15,157,ABNB,0.658338,1.0,1.0,True
2023-05-29,157,ABNB,-0.4226749999999999,11.0,3.0,True
2023-06-05,157,ABNB,0.170796,2.0,2.0,True
2023-06-12,157,ABNB,-0.438425,1.0,1.0,True
2023-06-19,157,ABNB,0.6466540000000001,2.0,2.0,True
2023-06-26,157,ABNB,-0.4929630833333334,6.0,4.0,True
2023-07-17,157,ABNB,0.716637,1.0,1.0,True
2023-07-31,157,ABNB,-0.2376821944444444,11.0,3.0,True
2023-08-07,157,ABNB,-0.77743975,3.0,2.0,True
2023-08-14,157,ABNB,-0.67416,1.0,1.0,True
2023-08-21,157,ABNB,-0.234379,2.0,2.0,True
2023-09-04,157,ABNB,-0.2979170625,8.0,4.0,True
2023-09-11,157,ABNB,0.47233,1.0,1.0,True
2023-09-18,157,ABNB,-0.298447625,5.0,2.0,True
2023-10-02,157,ABNB,-0.3249789166666667,5.0,2.0,True
2023-10-09,157,ABNB,-0.4537676666666666,3.0,3.0,True
2023-10-16,157,ABNB,-0.9490158333333332,4.0,3.0,True
2023-10-30,157,ABNB,0.2182049285714285,8.0,2.0,True
2023-11-06,157,ABNB,-0.8953706666666666,4.0,3.0,True
2023-11-13,157,ABNB,-0.1948329375,8.0,4.0,True
2023-11-20,157,ABNB,-0.969474,1.0,1.0,True
2023-12-04,157,ABNB,0.2413576666666667,3.0,3.0,True
2023-12-11,157,ABNB,-0.1607585,3.0,2.0,True
2023-12-18,157,ABNB,-0.3480717499999999,11.0,4.0,True
2024-01-01,157,ABNB,-0.9471895,2.0,2.0,True
2024-02-12,157,ABNB,0.4034732,7.0,3.0,True
2024-04-01,157,ABNB,0.124258,1.0,1.0,True
2024-04-08,157,ABNB,-0.175736,1.0,1.0,True
2024-05-06,157,ABNB,-0.2440688888888889,7.0,3.0,True
2024-05-27,157,ABNB,-0.114371,1.0,1.0,True
2024-06-03,157,ABNB,-0.796236,1.0,1.0,True
2024-06-17,157,ABNB,-0.876779,1.0,1.0,True
2024-06-24,157,ABNB,-0.4201525,2.0,2.0,True
2024-07-08,157,ABNB,0.3896005,2.0,2.0,True
2024-07-29,157,ABNB,0.389804,1.0,1.0,True
2024-08-05,157,ABNB,-0.6098098476190477,13.0,3.0,True
2024-08-12,157,ABNB,-0.1478996666666666,3.0,1.0,True
2024-08-19,157,ABNB,-0.757462,1.0,1.0,True
2024-09-02,157,ABNB,0.2636774444444444,5.0,3.0,True
2024-10-14,157,ABNB,0.5384445,2.0,2.0,True
2024-10-21,157,ABNB,-0.195209,1.0,1.0,True
2024-11-04,157,ABNB,-0.7113233333333334,3.0,1.0,True
2024-12-02,157,ABNB,-0.887098,1.0,1.0,True
2025-01-13,157,ABNB,-0.2192124999999999,2.0,2.0,True
2025-01-27,157,ABNB,-0.839519,1.0,1.0,True
2025-02-10,157,ABNB,0.3731459642857143,11.0,2.0,True
2025-02-17,157,ABNB,-0.858407,1.0,1.0,True
2025-02-24,157,ABNB,0.527534,1.0,1.0,True
2025-04-21,157,ABNB,0.188049,2.0,1.0,True
2025-04-28,157,ABNB,0.0553929999999999,7.0,2.0,True
2025-05-05,157,ABNB,-0.971624,1.0,1.0,True
2025-05-12,157,ABNB,0.70886975,3.0,2.0,True
2025-05-19,157,ABNB,-0.2245024666666666,11.0,3.0,True
2025-05-26,157,ABNB,-0.970303,1.0,1.0,True
2025-06-02,157,ABNB,-0.674192,1.0,1.0,True
2025-06-09,157,ABNB,0.821468,1.0,1.0,True
2025-06-16,157,ABNB,-0.45212,1.0,1.0,True
2025-06-23,157,ABNB,-0.6613456666666667,3.0,3.0,True
2025-07-14,157,ABNB,-0.917185,1.0,1.0,True
2025-07-28,157,ABNB,-0.950726,1.0,1.0,True
2025-08-04,157,ABNB,-0.2544416785714286,16.0,4.0,True
2025-08-11,157,ABNB,0.5676865,2.0,2.0,True
2025-09-01,157,ABNB,-0.950142,1.0,1.0,True
2025-09-08,157,ABNB,0.5947315,3.0,2.0,True
2025-09-22,157,ABNB,-0.157065,1.0,1.0,True
2025-10-06,157,ABNB,-0.897489,1.0,1.0,True
2025-10-13,157,ABNB,-0.8114345000000001,2.0,1.0,True
2025-10-20,157,ABNB,0.886523,1.0,1.0,True
2025-11-03,157,ABNB,0.7714285357142857,9.0,2.0,True
2025-11-10,157,ABNB,0.472838,1.0,1.0,True
2025-11-17,157,ABNB,-0.169517,1.0,1.0,True
2025-12-15,157,ABNB,-0.9462835,2.0,1.0,True
2015-01-12,4,AMZN,0.2733055,4.0,3.0,True
2015-01-19,4,AMZN,0.3985605555555556,6.0,3.0,True
2015-01-26,4,AMZN,0.49803375,3.0,2.0,True
2015-03-02,4,AMZN,-0.245863,1.0,1.0,True
2015-03-09,4,AMZN,0.053996,2.0,1.0,True
2015-03-16,4,AMZN,0.6303705,4.0,1.0,True
2015-03-23,4,AMZN,-0.00494,4.0,3.0,True
2015-03-30,4,AMZN,0.019287,1.0,1.0,True
2015-04-06,4,AMZN,0.1236993611111111,10.0,3.0,True
2015-04-13,4,AMZN,0.1790519999999999,4.0,2.0,True
2015-04-20,4,AMZN,0.4013807083333334,9.0,6.0,True
2015-04-27,4,AMZN,0.6805,1.0,1.0,True
2015-05-04,4,AMZN,-0.457201,1.0,1.0,True
2015-05-18,4,AMZN,0.0853583333333333,6.0,1.0,True
2015-05-25,4,AMZN,0.2064819444444444,8.0,3.0,True
2015-06-01,4,AMZN,0.6942915000000001,2.0,2.0,True
2015-06-08,4,AMZN,-0.5093995416666667,9.0,4.0,True
2015-06-15,4,AMZN,0.3120453333333333,3.0,1.0,True
2015-06-22,4,AMZN,-0.307434,2.0,1.0,True
2015-06-29,4,AMZN,0.3083782166666666,12.0,4.0,True
2015-07-06,4,AMZN,0.038067,2.0,2.0,True
2015-07-13,4,AMZN,0.3391585,2.0,1.0,True
2015-07-20,4,AMZN,0.0466683124999999,12.0,4.0,True
2015-07-27,4,AMZN,0.318024375,5.0,4.0,True
2015-08-10,4,AMZN,0.768571,1.0,1.0,True
2015-08-17,4,AMZN,0.118303,1.0,1.0,True
2015-08-24,4,AMZN,-0.080367,1.0,1.0,True
2015-08-31,4,AMZN,0.2727839166666667,8.0,4.0,True
2015-09-07,4,AMZN,-0.7887014999999999,2.0,2.0,True
2015-09-14,4,AMZN,0.4778078,9.0,5.0,True
2015-09-21,4,AMZN,-0.492095,2.0,2.0,True
2015-09-28,4,AMZN,-0.0641594444444444,5.0,3.0,True
2015-10-05,4,AMZN,-0.1118184999999999,4.0,3.0,True
2015-10-12,4,AMZN,0.248086,2.0,2.0,True
2015-10-19,4,AMZN,0.3636144428571429,17.0,7.0,True
2015-10-26,4,AMZN,-0.0111709999999999,2.0,2.0,True
2015-11-02,4,AMZN,0.137256,2.0,1.0,True
2015-11-09,4,AMZN,0.7312095,2.0,2.0,True
2015-11-16,4,AMZN,0.448246,2.0,2.0,True
2015-11-23,4,AMZN,0.3374405,2.0,2.0,True
2015-11-30,4,AMZN,0.139877,2.0,2.0,True
2015-12-07,4,AMZN,0.112099,1.0,1.0,True
2015-12-14,4,AMZN,0.6560518333333333,4.0,3.0,True
2015-12-21,4,AMZN,0.4668641111111111,5.0,3.0,True
2015-12-28,4,AMZN,0.293411,3.0,3.0,True
2016-01-11,4,AMZN,-0.0155855833333333,10.0,4.0,True
2016-01-18,4,AMZN,0.2501803333333333,4.0,2.0,True
2016-01-25,4,AMZN,-0.34497125,13.0,5.0,True
2016-02-01,4,AMZN,-0.980767,1.0,1.0,True
2016-02-08,4,AMZN,0.4749438777777777,18.0,4.0,True
2016-02-15,4,AMZN,0.5136142666666667,12.0,3.0,True
2016-02-22,4,AMZN,0.0722059999999999,2.0,1.0,True
2016-02-29,4,AMZN,-0.0652112499999999,7.0,4.0,True
2016-03-07,4,AMZN,0.5154536666666666,4.0,3.0,True
2016-03-14,4,AMZN,0.0232283333333333,9.0,4.0,True
2016-03-21,4,AMZN,0.1176566666666666,3.0,3.0,True
2016-03-28,4,AMZN,-0.1246436666666667,5.0,3.0,True
2016-04-04,4,AMZN,0.4848485,6.0,3.0,True
2016-04-11,4,AMZN,0.36423525,6.0,4.0,True
2016-04-18,4,AMZN,0.005081,7.0,4.0,True
2016-04-25,4,AMZN,-0.0425974749999999,14.0,4.0,True
2016-05-02,4,AMZN,0.5723832,7.0,5.0,True
2016-05-09,4,AMZN,0.108033625,6.0,4.0,True
2016-05-16,4,AMZN,-0.10374446,18.0,5.0,True
2016-05-23,4,AMZN,0.1647567,6.0,5.0,True
2016-05-30,4,AMZN,0.4880367777777778,6.0,3.0,True
2016-06-06,4,AMZN,0.2792582559829059,37.0,6.0,True
2016-06-13,4,AMZN,-0.3826052962962962,11.0,3.0,True
2016-06-20,4,AMZN,0.3835791666666666,6.0,3.0,True
2016-06-27,4,AMZN,0.0511432499999999,3.0,2.0,True
2016-07-04,4,AMZN,-0.0417453333333333,3.0,3.0,True
2016-07-11,4,AMZN,0.546309,1.0,1.0,True
2016-07-18,4,AMZN,0.2524247833333333,13.0,6.0,True
2016-07-25,4,AMZN,0.6527027857142856,27.0,5.0,True
2016-08-01,4,AMZN,0.1975019166666666,10.0,6.0,True
2016-08-08,4,AMZN,-0.1390767083333333,7.0,4.0,True
2016-08-15,4,AMZN,-0.96766,1.0,1.0,True
2016-08-22,4,AMZN,-0.0762093333333333,5.0,3.0,True
2016-08-29,4,AMZN,-0.0409949999999999,3.0,3.0,True
2016-09-05,4,AMZN,0.3557473333333333,4.0,3.0,True
2016-09-12,4,AMZN,0.1614326666666666,4.0,3.0,True
2016-09-19,4,AMZN,0.1632148333333333,10.0,5.0,True
2016-09-26,4,AMZN,0.2014474952380952,26.0,7.0,True
2016-10-03,4,AMZN,0.15365746,29.0,5.0,True
2016-10-10,4,AMZN,0.4518941875,10.0,4.0,True
2016-10-17,4,AMZN,0.130516,3.0,3.0,True
2016-10-24,4,AMZN,-0.2353955833333333,13.0,3.0,True
2016-10-31,4,AMZN,-0.038428,6.0,4.0,True
2016-11-07,4,AMZN,-0.141314375,12.0,4.0,True
2016-11-14,4,AMZN,0.1428772499999999,3.0,2.0,True
2016-11-21,4,AMZN,-0.6693306666666667,3.0,3.0,True
2016-11-28,4,AMZN,-0.085914375,5.0,4.0,True
2016-12-05,4,AMZN,0.5638380000000001,3.0,2.0,True
2016-12-12,4,AMZN,0.2294692142857143,8.0,2.0,True
2016-12-19,4,AMZN,0.41866475,4.0,4.0,True
2016-12-26,4,AMZN,-0.0657424166666666,14.0,4.0,True
2017-01-02,4,AMZN,0.1743764583333333,10.0,4.0,True
2017-01-09,4,AMZN,0.2450827916666667,13.0,6.0,True
2017-01-16,4,AMZN,0.0253992499999999,10.0,3.0,True
2017-01-23,4,AMZN,-0.1437185,4.0,3.0,True
2017-01-30,4,AMZN,0.0584409333333333,13.0,2.0,True
2017-02-06,4,AMZN,-0.475338,5.0,3.0,True
2017-02-13,4,AMZN,0.1826285,5.0,3.0,True
2017-02-20,4,AMZN,-0.1037716666666666,3.0,3.0,True
2017-02-27,4,AMZN,-0.4332164444444444,5.0,3.0,True
2017-03-06,4,AMZN,0.0632605,2.0,2.0,True
2017-03-13,4,AMZN,-0.3859205,3.0,2.0,True
2017-03-20,4,AMZN,-0.121016923076923,24.0,5.0,True
2017-03-27,4,AMZN,0.2292672063492063,20.0,6.0,True
2017-04-03,4,AMZN,0.1706847208333333,27.0,4.0,True
2017-04-10,4,AMZN,-0.0210921033333333,27.0,5.0,True
2017-04-17,4,AMZN,0.34511115,7.0,2.0,True
2017-04-24,4,AMZN,-0.3444952333333333,21.0,5.0,True
2017-05-01,4,AMZN,0.4041359166666667,16.0,5.0,True
2017-05-08,4,AMZN,0.060415,1.0,1.0,True
2017-05-15,4,AMZN,0.2801328333333333,10.0,6.0,True
2017-05-22,4,AMZN,0.3024345,2.0,2.0,True
2017-05-29,4,AMZN,0.1177837499999999,4.0,4.0,True
2017-06-05,4,AMZN,0.3127044113756613,25.0,6.0,True
2017-06-12,4,AMZN,0.2317500191409897,52.0,7.0,True
2017-06-19,4,AMZN,0.1696976666666666,16.0,7.0,True
2017-06-26,4,AMZN,0.2830067592592593,13.0,3.0,True
2017-07-03,4,AMZN,0.1749551666666667,20.0,4.0,True
2017-07-10,4,AMZN,0.1436049,32.0,5.0,True
2017-07-17,4,AMZN,-0.3405354444444444,5.0,3.0,True
2017-07-24,4,AMZN,0.0249504874074074,53.0,6.0,True
2017-07-31,4,AMZN,0.249051625,6.0,4.0,True
2017-08-07,4,AMZN,0.2718463277777778,15.0,6.0,True
2017-08-14,4,AMZN,0.0191260999999999,6.0,5.0,True
2017-08-21,4,AMZN,0.298068495,18.0,5.0,True
2017-08-28,4,AMZN,-0.2635136333333333,13.0,6.0,True
2017-09-04,4,AMZN,0.13226,2.0,2.0,True
2017-09-11,4,AMZN,0.2715344166666666,8.0,2.0,True
2017-09-18,4,AMZN,0.2153466243386243,25.0,6.0,True
2017-09-25,4,AMZN,0.3410356583333333,19.0,4.0,True
2017-10-02,4,AMZN,-0.371663625,30.0,4.0,True
2017-10-09,4,AMZN,0.4943328125,8.0,4.0,True
2017-10-16,4,AMZN,-0.0597962499999999,9.0,6.0,True
2017-10-23,4,AMZN,-0.1230623541666667,13.0,4.0,True
2017-10-30,4,AMZN,0.0946489,8.0,5.0,True
2017-11-06,4,AMZN,-0.454093,2.0,2.0,True
2017-11-13,4,AMZN,0.2484241388888889,15.0,3.0,True
2017-11-20,4,AMZN,0.1527824375,7.0,4.0,True
2017-11-27,4,AMZN,0.3308752499999999,11.0,5.0,True
2017-12-04,4,AMZN,0.5365629841269842,14.0,6.0,True
2017-12-11,4,AMZN,0.3297948944444445,16.0,6.0,True
2017-12-18,4,AMZN,0.404177125,6.0,4.0,True
2017-12-25,4,AMZN,0.3380451666666666,4.0,3.0,True
2018-01-01,4,AMZN,0.1942832380952381,10.0,3.0,True
2018-01-08,4,AMZN,0.4064722361111111,16.0,6.0,True
2018-01-15,4,AMZN,0.2762555416666666,12.0,4.0,True
2018-01-22,4,AMZN,-0.05864655,11.0,5.0,True
2018-01-29,4,AMZN,0.2497356888888889,28.0,6.0,True
2018-02-05,4,AMZN,-0.1839182083333333,13.0,4.0,True
2018-02-12,4,AMZN,-0.1750163647959184,24.0,7.0,True
2018-02-19,4,AMZN,0.4189934444444445,5.0,3.0,True
2018-02-26,4,AMZN,0.2550403571428571,17.0,6.0,True
2018-03-05,4,AMZN,0.33151405,13.0,6.0,True
2018-03-12,4,AMZN,-0.2282125416666666,11.0,6.0,True
2018-03-19,4,AMZN,0.231990625,9.0,4.0,True
2018-03-26,4,AMZN,-0.4837843333333333,10.0,3.0,True
2018-04-02,4,AMZN,-0.3729813999999999,22.0,5.0,True
2018-04-09,4,AMZN,0.2350510416666666,11.0,4.0,True
2018-04-16,4,AMZN,0.338137875,10.0,3.0,True
2018-04-23,4,AMZN,0.4053504543650794,27.0,6.0,True
2018-04-30,4,AMZN,-0.0098045562770562,27.0,3.0,True
2018-05-07,4,AMZN,-0.0078527407407407,14.0,3.0,True
2018-05-14,4,AMZN,-0.3610946666666666,4.0,3.0,True
2018-05-21,4,AMZN,-0.00661875,4.0,2.0,True
2018-05-28,4,AMZN,0.1071812777777777,7.0,3.0,True
2018-06-04,4,AMZN,0.594353,10.0,4.0,True
2018-06-11,4,AMZN,-0.261178,3.0,3.0,True
2018-06-18,4,AMZN,0.0949044583333333,10.0,6.0,True
2018-06-25,4,AMZN,0.3253993,15.0,6.0,True
2018-07-02,4,AMZN,0.0914861666666666,4.0,3.0,True
2018-07-09,4,AMZN,-0.18244,1.0,1.0,True
2018-07-16,4,AMZN,0.261087005,28.0,5.0,True
2018-07-23,4,AMZN,0.0939695277777777,25.0,4.0,True
2018-07-30,4,AMZN,-0.1683577,9.0,5.0,True
2018-08-06,4,AMZN,-0.1768083333333333,5.0,3.0,True
2018-08-13,4,AMZN,0.2715429583333333,11.0,3.0,True
2018-08-20,4,AMZN,-0.121847,2.0,2.0,True
2018-08-27,4,AMZN,0.1943628666666667,17.0,5.0,True
2018-09-03,4,AMZN,0.4810422857142857,29.0,3.0,True
2018-09-10,4,AMZN,0.4276538333333333,4.0,3.0,True
2018-09-17,4,AMZN,0.3294247666666666,20.0,7.0,True
2018-09-24,4,AMZN,0.433368375,6.0,4.0,True
2018-10-01,4,AMZN,0.3414910666666667,10.0,5.0,True
2018-10-08,4,AMZN,0.1243870833333333,17.0,6.0,True
2018-10-15,4,AMZN,0.1633998166666666,18.0,5.0,True
2018-10-22,4,AMZN,-0.3005387333333333,31.0,5.0,True
2018-10-29,4,AMZN,-0.3901199,14.0,6.0,True
2018-11-05,4,AMZN,0.067118,7.0,3.0,True
2018-11-12,4,AMZN,-0.0154078194444444,12.0,6.0,True
2018-11-19,4,AMZN,-0.5478646666666668,3.0,3.0,True
2018-11-26,4,AMZN,0.5922105555555555,18.0,3.0,True
2018-12-03,4,AMZN,0.0028646666666666,5.0,3.0,True
2018-12-10,4,AMZN,0.118022,4.0,3.0,True
2018-12-17,4,AMZN,-0.1436546666666666,4.0,3.0,True
2018-12-24,4,AMZN,-0.0166622083333333,11.0,4.0,True
2018-12-31,4,AMZN,0.3467477222222222,10.0,6.0,True
2019-01-07,4,AMZN,-0.0251710138888888,21.0,6.0,True
2019-01-14,4,AMZN,-0.167857875,26.0,6.0,True
2019-01-21,4,AMZN,-0.1547936388888889,15.0,6.0,True
2019-01-28,4,AMZN,-0.456332518115942,30.0,4.0,True
2019-02-04,4,AMZN,-0.19995305,31.0,5.0,True
2019-02-11,4,AMZN,0.1559627166666667,29.0,6.0,True
2019-02-18,4,AMZN,-0.4227512222222222,5.0,3.0,True
2019-02-25,4,AMZN,0.4045458749999999,6.0,4.0,True
2019-03-04,4,AMZN,-0.0288638999999999,6.0,5.0,True
2019-03-11,4,AMZN,-0.2357346666666666,5.0,3.0,True
2019-03-18,4,AMZN,-0.2637817333333333,12.0,5.0,True
2019-03-25,4,AMZN,-0.0720081666666666,6.0,4.0,True
2019-04-01,4,AMZN,-0.00364504,31.0,3.0,True
2019-04-08,4,AMZN,0.0067725833333333,7.0,3.0,True
2019-04-15,4,AMZN,0.0591914513888888,27.0,6.0,True
2019-04-22,4,AMZN,0.0836660055555555,19.0,5.0,True
2019-04-29,4,AMZN,0.2086437277777778,18.0,5.0,True
2019-05-06,4,AMZN,-0.2356103541666667,10.0,4.0,True
2019-05-13,4,AMZN,0.0437886999999999,18.0,5.0,True
2019-05-20,4,AMZN,-0.0728972,15.0,6.0,True
2019-05-27,4,AMZN,-0.2067844999999999,4.0,4.0,True
2019-06-03,4,AMZN,-0.0974159999999999,15.0,7.0,True
2019-06-10,4,AMZN,-0.456750875,5.0,4.0,True
2019-06-17,4,AMZN,0.4634816499999999,7.0,2.0,True
2019-06-24,4,AMZN,0.4991671666666666,4.0,3.0,True
2019-07-01,4,AMZN,-0.2820566095238095,26.0,6.0,True
2019-07-08,4,AMZN,0.0606755777777777,18.0,6.0,True
2019-07-15,4,AMZN,-0.4600865833333333,16.0,4.0,True
2019-07-22,4,AMZN,-0.2716747435897436,19.0,6.0,True
2019-07-29,4,AMZN,0.2084039119047619,30.0,6.0,True
2019-08-05,4,AMZN,-0.095022619047619,9.0,3.0,True
2019-08-12,4,AMZN,0.0034053472222222,18.0,6.0,True
2019-08-19,4,AMZN,-0.2870673672839506,43.0,6.0,True
2019-08-26,4,AMZN,-0.2048168606060606,17.0,5.0,True
2019-09-02,4,AMZN,-0.1712761166666667,18.0,4.0,True
2019-09-09,4,AMZN,0.2033757916666666,14.0,6.0,True
2019-09-16,4,AMZN,0.3907224206349206,24.0,6.0,True
2019-09-23,4,AMZN,0.1984080416666666,20.0,7.0,True
2019-09-30,4,AMZN,0.2029515416666666,23.0,6.0,True
2019-10-07,4,AMZN,0.0580881309523809,19.0,7.0,True
2019-10-14,4,AMZN,-0.146237775,13.0,5.0,True
2019-10-21,4,AMZN,-0.2751378945578231,43.0,7.0,True
2019-10-28,4,AMZN,-0.0331816797619047,37.0,4.0,True
2019-11-04,4,AMZN,-0.36190675,11.0,4.0,True
2019-11-11,4,AMZN,-0.0555688125,15.0,4.0,True
2019-11-18,4,AMZN,-0.0892020499999999,21.0,5.0,True
2019-11-25,4,AMZN,-0.0119131249999999,10.0,4.0,True
2019-12-02,4,AMZN,-0.0446008,19.0,5.0,True
2019-12-09,4,AMZN,-0.0974869166666666,12.0,4.0,True
2019-12-16,4,AMZN,0.492932625,7.0,4.0,True
2019-12-23,4,AMZN,-0.277492875,5.0,4.0,True
2019-12-30,4,AMZN,0.2683576666666666,3.0,3.0,True
2020-01-06,4,AMZN,-0.1709080166666666,10.0,5.0,True
2020-01-13,4,AMZN,0.00689593792517,55.0,7.0,True
2020-01-20,4,AMZN,0.2391339333333333,8.0,3.0,True
2020-01-27,4,AMZN,-0.1189194699999999,17.0,5.0,True
2020-02-03,4,AMZN,-0.310678125,6.0,4.0,True
2020-02-10,4,AMZN,-0.1878390089133089,68.0,7.0,True
2020-02-17,4,AMZN,-0.3216651166666667,18.0,6.0,True
2020-02-24,4,AMZN,0.706037,1.0,1.0,True
2020-03-02,4,AMZN,0.26956755,10.0,5.0,True
2020-03-16,4,AMZN,0.0077088823529411,20.0,3.0,True
2020-03-23,4,AMZN,-0.2071721,20.0,4.0,True
2020-03-30,4,AMZN,-0.81797575,3.0,2.0,True
2020-04-06,4,AMZN,0.07618875,4.0,4.0,True
2020-04-13,4,AMZN,-0.3431323357142858,25.0,7.0,True
2020-04-20,4,AMZN,0.0141719722222222,16.0,6.0,True
2020-04-27,4,AMZN,0.1078217825,29.0,5.0,True
2020-05-04,4,AMZN,-0.3740876999999999,8.0,5.0,True
2020-05-11,4,AMZN,0.067562625,5.0,4.0,True
2020-05-18,4,AMZN,0.0653031333333333,11.0,5.0,True
2020-05-25,4,AMZN,0.0422937499999999,4.0,1.0,True
2020-06-01,4,AMZN,0.3393813014705882,25.0,4.0,True
2020-06-08,4,AMZN,-0.2429855416666667,10.0,4.0,True
2020-06-15,4,AMZN,-0.0845199375,10.0,4.0,True
2020-06-22,4,AMZN,-0.171784125,12.0,4.0,True
2020-06-29,4,AMZN,0.311018,11.0,3.0,True
2020-07-06,4,AMZN,0.3060624333333334,14.0,5.0,True
2020-07-13,4,AMZN,-0.177723,1.0,1.0,True
2020-07-20,4,AMZN,0.185186725,18.0,5.0,True
2020-07-27,4,AMZN,0.6012044264705882,21.0,4.0,True
2020-08-03,4,AMZN,0.3290193333333334,6.0,3.0,True
2020-08-10,4,AMZN,0.2165901249999999,5.0,4.0,True
2020-08-17,4,AMZN,0.0640393,29.0,5.0,True
2020-08-24,4,AMZN,0.3245467733333333,12.0,5.0,True
2020-08-31,4,AMZN,0.2704573888888889,23.0,6.0,True
2020-09-07,4,AMZN,-0.4734651888888889,28.0,5.0,True
2020-09-14,4,AMZN,-0.3467665,10.0,4.0,True
2020-09-21,4,AMZN,0.0379430666666666,12.0,3.0,True
2020-09-28,4,AMZN,0.281916,17.0,6.0,True
2020-10-05,4,AMZN,-0.172362385576923,27.0,4.0,True
2020-10-12,4,AMZN,0.0013842916666666,11.0,6.0,True
2020-10-19,4,AMZN,0.1958435963636363,26.0,5.0,True
2020-10-26,4,AMZN,-0.0499746271428571,54.0,7.0,True
2020-11-02,4,AMZN,-0.0161612148148148,22.0,6.0,True
2020-11-09,4,AMZN,-0.3050209822222222,25.0,5.0,True
2020-11-16,4,AMZN,-0.2020186876417233,36.0,7.0,True
2020-11-23,4,AMZN,-0.2712263333333333,19.0,7.0,True
2020-11-30,4,AMZN,0.0681187,16.0,4.0,True
2020-12-07,4,AMZN,-0.5120897119047619,20.0,5.0,True
2020-12-14,4,AMZN,0.1094513833333333,18.0,5.0,True
2020-12-21,4,AMZN,-0.4130993557692307,34.0,5.0,True
2020-12-28,4,AMZN,-0.2672573745454546,23.0,5.0,True
2021-01-04,4,AMZN,-0.3613389933333334,25.0,5.0,True
2021-01-11,4,AMZN,-0.1814701069444444,25.0,6.0,True
2021-01-18,4,AMZN,-0.2343901666666666,12.0,5.0,True
2021-01-25,4,AMZN,-0.3058383541666666,29.0,6.0,True
2021-02-01,4,AMZN,-0.2321657845626072,71.0,5.0,True
2021-02-08,4,AMZN,-0.146845623015873,36.0,6.0,True
2021-02-15,4,AMZN,-0.3125357630075188,33.0,5.0,True
2021-02-22,4,AMZN,-0.1058628518518518,29.0,6.0,True
2021-03-01,4,AMZN,0.2272255,2.0,2.0,True
2021-03-08,4,AMZN,-0.265442125,7.0,4.0,True
2021-03-15,4,AMZN,-0.2329841420454545,20.0,4.0,True
2021-03-22,4,AMZN,0.0954887314814814,21.0,6.0,True
2021-03-29,4,AMZN,0.104291,9.0,3.0,True
2021-04-05,4,AMZN,-0.24835714,23.0,5.0,True
2021-04-12,4,AMZN,0.1652449916666666,28.0,5.0,True
2021-04-19,4,AMZN,0.1628795833333333,9.0,4.0,True
2021-04-26,4,AMZN,0.3884165337301588,19.0,4.0,True
2021-05-03,4,AMZN,0.2284674166666667,8.0,3.0,True
2021-05-10,4,AMZN,0.2154449119047619,24.0,5.0,True
2021-05-17,4,AMZN,-0.02168805,10.0,5.0,True
2021-05-24,4,AMZN,-0.1832649355244755,42.0,5.0,True
2021-05-31,4,AMZN,-0.5965916,8.0,5.0,True
2021-06-07,4,AMZN,-0.2040673092592592,36.0,6.0,True
2021-06-14,4,AMZN,-0.10996605,28.0,5.0,True
2021-06-21,4,AMZN,-0.3104612,11.0,5.0,True
2021-06-28,4,AMZN,0.1795359236111111,26.0,6.0,True
2021-07-05,4,AMZN,-0.1722976253968254,31.0,6.0,True
2021-07-12,4,AMZN,-0.1997760119047619,13.0,4.0,True
2021-07-19,4,AMZN,-0.2103192883116883,44.0,6.0,True
2021-07-26,4,AMZN,-0.4417083557422969,40.0,7.0,True
2021-08-02,4,AMZN,-0.0382730375661375,54.0,6.0,True
2021-08-09,4,AMZN,-0.1879939308278867,64.0,6.0,True
2021-08-16,4,AMZN,-0.3389763333333332,4.0,3.0,True
2021-08-23,4,AMZN,-0.13370825,8.0,2.0,True
2021-08-30,4,AMZN,0.3401161866666667,14.0,5.0,True
2021-09-06,4,AMZN,0.4253247467948718,20.0,4.0,True
2021-09-13,4,AMZN,0.3668055714285714,10.0,3.0,True
2021-09-20,4,AMZN,-0.1948237023809523,13.0,4.0,True
2021-09-27,4,AMZN,0.2150942361111111,12.0,6.0,True
2021-10-04,4,AMZN,-0.7781683333333334,7.0,4.0,True
2021-10-11,4,AMZN,-0.5184965833333333,6.0,4.0,True
2021-10-18,4,AMZN,0.2054690694444444,22.0,6.0,True
2021-10-25,4,AMZN,-0.186726734375,22.0,4.0,True
2021-11-01,4,AMZN,0.2899868333333333,15.0,5.0,True
2021-11-08,4,AMZN,0.2442557547619047,25.0,7.0,True
2021-11-15,4,AMZN,-0.3842490063492064,32.0,7.0,True
2021-11-22,4,AMZN,-0.4858974262362638,50.0,5.0,True
2021-11-29,4,AMZN,-0.0588060976190476,19.0,5.0,True
2021-12-06,4,AMZN,-0.5888039484848484,20.0,5.0,True
2021-12-13,4,AMZN,-0.4597308488721804,39.0,7.0,True
2021-12-20,4,AMZN,-0.2310167125,40.0,4.0,True
2021-12-27,4,AMZN,-0.4038878611111111,10.0,6.0,True
2022-01-03,4,AMZN,-0.3384323421203796,64.0,5.0,True
2022-01-10,4,AMZN,-0.3430941777777778,21.0,5.0,True
2022-01-17,4,AMZN,0.1057894722222222,9.0,6.0,True
2022-01-24,4,AMZN,-0.2307564,7.0,3.0,True
2022-01-31,4,AMZN,0.181994241991342,45.0,7.0,True
2022-02-07,4,AMZN,0.01681613,21.0,5.0,True
2022-02-14,4,AMZN,-0.0020416666666666,9.0,3.0,True
2022-02-21,4,AMZN,-0.0312058222222222,16.0,5.0,True
2022-02-28,4,AMZN,-0.3193554166666666,15.0,4.0,True
2022-03-07,4,AMZN,-0.2223638805555555,25.0,4.0,True
2022-03-14,4,AMZN,-0.1921672380952381,36.0,7.0,True
2022-03-21,4,AMZN,-0.123783625,6.0,4.0,True
2022-03-28,4,AMZN,0.0653273125,22.0,4.0,True
2022-04-04,4,AMZN,0.0168685378787878,29.0,6.0,True
2022-04-11,4,AMZN,-0.4929243749999999,5.0,4.0,True
2022-04-18,4,AMZN,0.10727975,3.0,2.0,True
2022-04-25,4,AMZN,-0.397396619047619,16.0,6.0,True
2022-05-02,4,AMZN,0.3339304999999999,6.0,3.0,True
2022-05-09,4,AMZN,0.0639967619047618,9.0,3.0,True
2022-05-16,4,AMZN,-0.1991349444444444,17.0,5.0,True
2022-05-23,4,AMZN,-0.423706,8.0,4.0,True
2022-05-30,4,AMZN,-0.1858633499999999,20.0,6.0,True
2022-06-06,4,AMZN,-0.1931383833333333,24.0,4.0,True
2022-06-13,4,AMZN,-0.1914082361111111,29.0,3.0,True
2022-06-20,4,AMZN,0.5911005,2.0,2.0,True
2022-06-27,4,AMZN,-0.4655681111111111,5.0,3.0,True
2022-07-04,4,AMZN,0.129672611111111,6.0,3.0,True
2022-07-11,4,AMZN,-0.2026568333333333,8.0,3.0,True
2022-07-18,4,AMZN,-0.0597063999999999,7.0,5.0,True
2022-07-25,4,AMZN,-0.0549479978021978,24.0,5.0,True
2022-08-01,4,AMZN,0.0495194,20.0,6.0,True
2022-08-08,4,AMZN,-0.1259266666666666,4.0,3.0,True
2022-08-15,4,AMZN,-0.34556,6.0,2.0,True
2022-08-22,4,AMZN,0.0976707916666666,9.0,4.0,True
2022-08-29,4,AMZN,-0.4571191733333333,14.0,5.0,True
2022-09-05,4,AMZN,0.210780111111111,6.0,3.0,True
2022-09-12,4,AMZN,-0.0724513277777777,19.0,5.0,True
2022-09-19,4,AMZN,-0.1603812722222222,12.0,3.0,True
2022-09-26,4,AMZN,-0.241065,6.0,6.0,True
2022-10-03,4,AMZN,0.1517994374999999,9.0,4.0,True
2022-10-10,4,AMZN,0.2093109444444444,6.0,3.0,True
2022-10-17,4,AMZN,0.0353712499999999,6.0,4.0,True
2022-10-24,4,AMZN,-0.4136469583333333,11.0,3.0,True
2022-10-31,4,AMZN,-0.3849129444444444,6.0,3.0,True
2022-11-07,4,AMZN,-0.1808577222222222,18.0,3.0,True
2022-11-14,4,AMZN,-0.3108556123582766,84.0,7.0,True
2022-11-21,4,AMZN,-0.4544224259259259,45.0,6.0,True
2022-11-28,4,AMZN,-0.2289539245698279,47.0,7.0,True
2022-12-05,4,AMZN,-0.4369984800000001,13.0,5.0,True
2022-12-12,4,AMZN,-0.35567875,6.0,4.0,True
2022-12-19,4,AMZN,0.0922569166666666,8.0,4.0,True
2022-12-26,4,AMZN,0.2619218333333333,4.0,3.0,True
2023-01-02,4,AMZN,-0.0815710676699426,53.0,4.0,True
2023-01-09,4,AMZN,-0.2370493809523809,18.0,7.0,True
2023-01-16,4,AMZN,-0.0875100850340136,31.0,7.0,True
2023-01-23,4,AMZN,0.0847232666666666,11.0,5.0,True
2023-01-30,4,AMZN,-0.3066484967948717,19.0,4.0,True
2023-02-06,4,AMZN,-0.2541055,7.0,2.0,True
2023-02-13,4,AMZN,0.1343165,8.0,4.0,True
2023-02-20,4,AMZN,-0.08283225,14.0,4.0,True
2023-02-27,4,AMZN,-0.4543748385416666,23.0,4.0,True
2023-03-06,4,AMZN,-0.95831,1.0,1.0,True
2023-03-13,4,AMZN,-0.396434,3.0,3.0,True
2023-03-20,4,AMZN,-0.1761648711622807,32.0,4.0,True
2023-03-27,4,AMZN,-0.1742576666666667,4.0,2.0,True
2023-04-03,4,AMZN,-0.51819455,35.0,4.0,True
2023-04-10,4,AMZN,-0.1978726755555555,19.0,5.0,True
2023-04-17,4,AMZN,-0.0631423749999999,8.0,4.0,True
2023-04-24,4,AMZN,0.0912159761904762,31.0,5.0,True
2023-05-01,4,AMZN,-0.198638,1.0,1.0,True
2023-05-08,4,AMZN,0.0585558333333333,9.0,6.0,True
2023-05-15,4,AMZN,-0.0071551833333333,45.0,5.0,True
2023-05-22,4,AMZN,-0.0020209999999999,2.0,2.0,True
2023-05-29,4,AMZN,0.0875947916666666,13.0,4.0,True
2023-06-05,4,AMZN,-0.4459938599999999,11.0,5.0,True
2023-06-12,4,AMZN,0.0493790066666666,16.0,5.0,True
2023-06-19,4,AMZN,0.0472021913043478,38.0,5.0,True
2023-06-26,4,AMZN,0.1695149166666667,8.0,4.0,True
2023-07-03,4,AMZN,0.113188625,15.0,5.0,True
2023-07-10,4,AMZN,-0.0309186249999999,7.0,4.0,True
2023-07-17,4,AMZN,0.0186180666666666,11.0,5.0,True
2023-07-24,4,AMZN,0.0259491458333333,9.0,4.0,True
2023-07-31,4,AMZN,0.2960157916666666,21.0,4.0,True
2023-08-07,4,AMZN,0.26527,13.0,6.0,True
2023-08-14,4,AMZN,0.0118209166666666,6.0,4.0,True
2023-08-21,4,AMZN,-0.0702855,3.0,2.0,True
2023-08-28,4,AMZN,0.1090635,9.0,3.0,True
2023-09-04,4,AMZN,-0.2426575,4.0,4.0,True
2023-09-11,4,AMZN,0.1426942,9.0,5.0,True
2023-09-18,4,AMZN,-0.4160000999999999,8.0,5.0,True
2023-09-25,4,AMZN,-0.1152731472222222,37.0,4.0,True
2023-10-02,4,AMZN,-0.1425012238095238,14.0,7.0,True
2023-10-09,4,AMZN,0.2341329,11.0,5.0,True
2023-10-16,4,AMZN,0.2200284999999999,11.0,4.0,True
2023-10-23,4,AMZN,0.4670482592592592,11.0,3.0,True
2023-10-30,4,AMZN,-0.6128531,6.0,5.0,True
2023-11-06,4,AMZN,-0.0511761458333333,9.0,4.0,True
2023-11-13,4,AMZN,-0.3387756933333333,29.0,5.0,True
2023-11-20,4,AMZN,-0.0542529166666666,7.0,4.0,True
2023-11-27,4,AMZN,0.0631312266666666,13.0,5.0,True
2023-12-04,4,AMZN,-0.287390875,5.0,4.0,True
2023-12-11,4,AMZN,-0.4111245416666666,8.0,4.0,True
2023-12-18,4,AMZN,0.3556884999999999,2.0,2.0,True
2023-12-25,4,AMZN,0.0468585,4.0,1.0,True
2024-01-08,4,AMZN,-0.4952665944444444,33.0,4.0,True
2024-01-15,4,AMZN,-0.330080375,10.0,3.0,True
2024-01-22,4,AMZN,-0.4695739666666667,10.0,5.0,True
2024-01-29,4,AMZN,-0.1992895357142857,24.0,6.0,True
2024-02-05,4,AMZN,-0.38672425,14.0,5.0,True
2024-02-12,4,AMZN,-0.2573253605442177,20.0,7.0,True
2024-02-19,4,AMZN,0.15898,4.0,4.0,True
2024-02-26,4,AMZN,-0.01736915,8.0,5.0,True
2024-03-04,4,AMZN,-0.2500150833333334,6.0,3.0,True
2024-03-18,4,AMZN,-0.396344,3.0,2.0,True
2024-03-25,4,AMZN,-0.1552174791666666,20.0,4.0,True
2024-04-01,4,AMZN,-0.3425552777777778,14.0,3.0,True
2024-04-08,4,AMZN,-0.4935319999999999,3.0,3.0,True
2024-04-22,4,AMZN,-0.0339315,2.0,1.0,True
2024-04-29,4,AMZN,0.3422286666666667,10.0,3.0,True
2024-05-06,4,AMZN,0.440183,2.0,2.0,True
2024-05-13,4,AMZN,0.3403509111111111,13.0,3.0,True
2024-05-20,4,AMZN,0.3065476666666667,6.0,3.0,True
2024-05-27,4,AMZN,0.1156165,5.0,3.0,True
2024-06-03,4,AMZN,0.1023442777777777,6.0,3.0,True
2024-06-10,4,AMZN,-0.1971725,5.0,2.0,True
2024-06-17,4,AMZN,-0.369025125,10.0,4.0,True
2024-06-24,4,AMZN,0.2738166166666667,10.0,3.0,True
2024-07-01,4,AMZN,-0.0533081399999999,11.0,5.0,True
2024-07-08,4,AMZN,-0.0459457499999999,6.0,4.0,True
2024-07-15,4,AMZN,-0.008064,1.0,1.0,True
2024-07-22,4,AMZN,-0.1098252083333333,8.0,4.0,True
2024-07-29,4,AMZN,-0.3101523999999999,13.0,5.0,True
2024-08-05,4,AMZN,-0.3203427333333334,10.0,5.0,True
2024-08-12,4,AMZN,-0.202827,1.0,1.0,True
2024-08-19,4,AMZN,-0.3288319999999999,5.0,3.0,True
2024-08-26,4,AMZN,0.5069788,8.0,5.0,True
2024-09-02,4,AMZN,0.5140327,6.0,2.0,True
2024-09-09,4,AMZN,-0.2018563472222222,13.0,6.0,True
2024-09-16,4,AMZN,-0.2433723809523809,15.0,7.0,True
2024-09-23,4,AMZN,0.5702927916666667,7.0,4.0,True
2024-09-30,4,AMZN,-0.5460417777777777,13.0,6.0,True
2024-10-07,4,AMZN,0.3206107166666667,20.0,5.0,True
2024-10-14,4,AMZN,0.0993393333333333,5.0,3.0,True
2024-10-28,4,AMZN,0.2364673966666667,19.0,5.0,True
2024-11-04,4,AMZN,-0.3262787099999999,17.0,5.0,True
2024-11-11,4,AMZN,-0.3578278333333333,12.0,4.0,True
2024-11-18,4,AMZN,0.1945406,9.0,5.0,True
2024-11-25,4,AMZN,-0.4879426999999999,6.0,5.0,True
2024-12-02,4,AMZN,0.1565666805555555,13.0,6.0,True
2024-12-09,4,AMZN,-0.2085641833333333,13.0,4.0,True
2024-12-16,4,AMZN,-0.1185712738095238,22.0,7.0,True
2024-12-30,4,AMZN,-0.024019,2.0,2.0,True
2025-01-06,4,AMZN,-0.0790507407407407,12.0,3.0,True
2025-01-13,4,AMZN,0.0865898392857142,13.0,4.0,True
2025-01-20,4,AMZN,0.3533515,7.0,2.0,True
2025-01-27,4,AMZN,-0.1759602499999999,3.0,2.0,True
2025-02-03,4,AMZN,0.0692058124999999,15.0,4.0,True
2025-02-10,4,AMZN,-0.425446,3.0,3.0,True
2025-02-17,4,AMZN,-0.030897875,12.0,2.0,True
2025-02-24,4,AMZN,0.0104657053571428,20.0,4.0,True
2025-03-03,4,AMZN,0.4962435,4.0,3.0,True
2025-03-10,4,AMZN,-0.2805305,8.0,4.0,True
2025-03-17,4,AMZN,-0.5011692,20.0,5.0,True
2025-03-24,4,AMZN,-0.3634905833333333,12.0,4.0,True
2025-03-31,4,AMZN,-0.1750901333333333,16.0,5.0,True
2025-04-07,4,AMZN,0.3293148333333333,5.0,3.0,True
2025-04-14,4,AMZN,-0.1701484999999999,3.0,2.0,True
2025-04-21,4,AMZN,-0.2782066666666666,3.0,3.0,True
2025-04-28,4,AMZN,-0.2274383649999999,17.0,5.0,True
2025-05-05,4,AMZN,0.0427236666666666,5.0,3.0,True
2025-05-12,4,AMZN,-0.09117225,6.0,3.0,True
2025-05-19,4,AMZN,-0.6300505,4.0,3.0,True
2025-05-26,4,AMZN,-0.26758725,5.0,2.0,True
2025-06-02,4,AMZN,-0.06948725,15.0,5.0,True
2025-06-09,4,AMZN,0.2821585,11.0,4.0,True
2025-06-16,4,AMZN,0.197425444047619,24.0,5.0,True
2025-06-23,4,AMZN,-0.3396500466666666,14.0,5.0,True
2025-06-30,4,AMZN,-0.50618945,20.0,6.0,True
2025-07-07,4,AMZN,-0.0960934722222222,9.0,6.0,True
2025-07-14,4,AMZN,-0.4273812333333334,18.0,5.0,True
2025-07-21,4,AMZN,-0.1703628680555555,16.0,4.0,True
2025-07-28,4,AMZN,-0.20572875,11.0,2.0,True
2025-08-04,4,AMZN,-0.1056467999999999,9.0,4.0,True
2025-08-11,4,AMZN,-0.048357625,10.0,4.0,True
2025-08-18,4,AMZN,0.0172796666666666,4.0,3.0,True
2025-08-25,4,AMZN,-0.059493,3.0,3.0,True
2025-09-01,4,AMZN,-0.2057495333333333,14.0,6.0,True
2025-09-08,4,AMZN,-0.2176894166666666,6.0,4.0,True
2025-09-15,4,AMZN,-0.0071323333333333,10.0,4.0,True
2025-09-22,4,AMZN,-0.3487165222222222,25.0,6.0,True
2025-09-29,4,AMZN,0.0479058761904761,14.0,5.0,True
2025-10-06,4,AMZN,-0.0371076666666666,5.0,3.0,True
2025-10-13,4,AMZN,-0.1912202647058823,22.0,5.0,True
2025-10-20,4,AMZN,-0.247843375,44.0,5.0,True
2025-10-27,4,AMZN,-0.1109757969843493,115.0,7.0,True
2025-11-03,4,AMZN,-0.2708898472222222,24.0,6.0,True
2025-11-10,4,AMZN,-0.2168565,6.0,4.0,True
2025-11-17,4,AMZN,-0.2042419055555555,22.0,6.0,True
2025-11-24,4,AMZN,0.3180199333333333,10.0,5.0,True
2025-12-01,4,AMZN,0.3938724166666666,10.0,6.0,True
2025-12-08,4,AMZN,0.5752112892720307,36.0,3.0,True
2025-12-15,4,AMZN,-0.3178528500000001,17.0,5.0,True
2025-12-22,4,AMZN,-0.5286276666666666,5.0,3.0,True
2015-01-05,80,BA,-0.0387971666666666,4.0,2.0,True
2015-01-12,80,BA,-0.118541,2.0,1.0,True
2015-01-19,80,BA,-0.0022079999999999,5.0,3.0,True
2015-01-26,80,BA,0.118015,15.0,3.0,True
2015-02-02,80,BA,0.268872,1.0,1.0,True
2015-02-09,80,BA,0.1618725,7.0,4.0,True
2015-02-16,80,BA,0.1532443333333333,3.0,3.0,True
2015-03-02,80,BA,0.504687,3.0,2.0,True
2015-03-09,80,BA,0.664911,2.0,2.0,True
2015-03-16,80,BA,0.0925139999999999,3.0,3.0,True
2015-03-23,80,BA,-0.0630805,2.0,2.0,True
2015-03-30,80,BA,0.0955796666666666,5.0,2.0,True
2015-04-06,80,BA,0.0496545,2.0,2.0,True
2015-04-13,80,BA,-0.4227363333333333,4.0,3.0,True
2015-04-20,80,BA,-0.2917395,6.0,3.0,True
2015-04-27,80,BA,-0.51511,1.0,1.0,True
2015-05-04,80,BA,-0.085079,2.0,1.0,True
2015-05-11,80,BA,0.0567395,3.0,2.0,True
2015-05-18,80,BA,0.196259,1.0,1.0,True
2015-05-25,80,BA,0.424423,2.0,1.0,True
2015-06-01,80,BA,0.033452375,7.0,4.0,True
2015-06-08,80,BA,0.2311756666666666,3.0,3.0,True
2015-06-15,80,BA,0.1369891333333333,11.0,5.0,True
2015-06-22,80,BA,-0.3080025,3.0,2.0,True
2015-06-29,80,BA,-0.617507,1.0,1.0,True
2015-07-13,80,BA,0.1590325333333333,9.0,5.0,True
2015-07-20,80,BA,0.2420766666666666,5.0,3.0,True
2015-07-27,80,BA,0.0382447333333333,13.0,4.0,True
2015-08-03,80,BA,-0.7151765,3.0,2.0,True
2015-08-10,80,BA,0.2411173333333333,4.0,3.0,True
2015-08-17,80,BA,-0.0269843333333333,3.0,1.0,True
2015-08-24,80,BA,0.1246457,11.0,4.0,True
2015-08-31,80,BA,0.0610088888888888,5.0,3.0,True
2015-09-07,80,BA,0.3539355,3.0,2.0,True
2015-09-14,80,BA,-0.1304048333333333,4.0,3.0,True
2015-09-21,80,BA,0.0472638888888888,10.0,3.0,True
2015-09-28,80,BA,0.0688315,4.0,2.0,True
2015-10-05,80,BA,0.13466406,10.0,5.0,True
2015-10-12,80,BA,0.5114375,2.0,2.0,True
2015-10-19,80,BA,0.1508093333333333,4.0,3.0,True
2015-10-26,80,BA,0.1709285,6.0,5.0,True
2015-11-02,80,BA,0.0377383333333333,7.0,4.0,True
2015-11-09,80,BA,0.0079744722222222,20.0,4.0,True
2015-11-16,80,BA,0.457692,1.0,1.0,True
2015-11-23,80,BA,0.2316857777777777,5.0,3.0,True
2015-11-30,80,BA,0.088344,1.0,1.0,True
2015-12-07,80,BA,-0.194082,3.0,2.0,True
2015-12-14,80,BA,0.1814790833333333,7.0,6.0,True
2015-12-21,80,BA,-0.5507976666666666,4.0,3.0,True
2015-12-28,80,BA,-0.640005,1.0,1.0,True
2016-01-04,80,BA,0.05025425,3.0,2.0,True
2016-01-11,80,BA,-0.1408017083333333,12.0,4.0,True
2016-01-18,80,BA,-0.1875679999999999,5.0,3.0,True
2016-01-25,80,BA,0.081193125,6.0,4.0,True
2016-02-01,80,BA,0.099721,2.0,1.0,True
2016-02-08,80,BA,0.1091883333333333,10.0,5.0,True
2016-02-15,80,BA,0.5023905833333334,15.0,6.0,True
2016-02-22,80,BA,0.3767266666666666,4.0,3.0,True
2016-02-29,80,BA,-0.0941143333333333,4.0,3.0,True
2016-03-07,80,BA,-0.0228207999999999,9.0,5.0,True
2016-03-14,80,BA,0.1887153333333333,17.0,4.0,True
2016-03-21,80,BA,0.139146,4.0,2.0,True
2016-03-28,80,BA,-0.1235298611111111,8.0,3.0,True
2016-04-04,80,BA,0.115387,3.0,2.0,True
2016-04-11,80,BA,-0.184049,4.0,3.0,True
2016-04-18,80,BA,0.201954,1.0,1.0,True
2016-04-25,80,BA,-0.0348899752380952,43.0,5.0,True
2016-05-02,80,BA,-0.030381,1.0,1.0,True
2016-05-09,80,BA,-0.143326,1.0,1.0,True
2016-05-16,80,BA,-0.0889278333333333,4.0,3.0,True
2016-05-23,80,BA,0.0095880166666666,10.0,3.0,True
2016-05-30,80,BA,0.48199675,3.0,2.0,True
2016-06-06,80,BA,-0.1019215,2.0,2.0,True
2016-06-13,80,BA,0.3853891666666666,10.0,3.0,True
2016-06-20,80,BA,-0.0167355666666666,10.0,4.0,True
2016-06-27,80,BA,0.0148833333333333,3.0,3.0,True
2016-07-04,80,BA,-0.3744849999999999,3.0,3.0,True
2016-07-11,80,BA,0.1183780694444444,15.0,6.0,True
2016-07-18,80,BA,0.0739301944444444,9.0,3.0,True
2016-07-25,80,BA,-0.0875142179487179,23.0,6.0,True
2016-08-01,80,BA,-0.0453081333333333,19.0,5.0,True
2016-08-08,80,BA,-0.485178,1.0,1.0,True
2016-08-15,80,BA,0.01709025,5.0,4.0,True
2016-08-22,80,BA,0.0144765833333333,6.0,4.0,True
2016-08-29,80,BA,-0.2545558125,8.0,4.0,True
2016-09-05,80,BA,-0.076444,3.0,2.0,True
2016-09-12,80,BA,0.4471,5.0,4.0,True
2016-09-19,80,BA,0.118502125,12.0,4.0,True
2016-09-26,80,BA,-0.681274,1.0,1.0,True
2016-10-03,80,BA,-0.228017,5.0,3.0,True
2016-10-17,80,BA,-0.3032221666666667,5.0,2.0,True
2016-10-24,80,BA,-0.0723808333333333,4.0,3.0,True
2016-11-07,80,BA,-0.009205,1.0,1.0,True
2016-11-14,80,BA,0.1569596666666666,7.0,2.0,True
2016-11-28,80,BA,-0.4077875333333333,8.0,3.0,True
2016-12-05,80,BA,-0.1850719,14.0,5.0,True
2016-12-12,80,BA,-0.099444,5.0,4.0,True
2016-12-19,80,BA,-0.0783745,6.0,4.0,True
2016-12-26,80,BA,-0.0947006666666666,3.0,3.0,True
2017-01-02,80,BA,0.1905199055555555,16.0,4.0,True
2017-01-09,80,BA,0.011611905,58.0,5.0,True
2017-01-16,80,BA,0.1426466666666666,5.0,3.0,True
2017-01-23,80,BA,0.3360018888888889,9.0,3.0,True
2017-01-30,80,BA,0.2239749999999999,2.0,2.0,True
2017-02-06,80,BA,-0.2104309375,11.0,4.0,True
2017-02-13,80,BA,-0.2957679733333334,11.0,5.0,True
2017-02-20,80,BA,0.5318335,2.0,2.0,True
2017-02-27,80,BA,0.027191,7.0,4.0,True
2017-03-06,80,BA,0.3208940833333333,11.0,3.0,True
2017-03-13,80,BA,-0.0319921875,10.0,4.0,True
2017-03-20,80,BA,-0.236447,3.0,2.0,True
2017-03-27,80,BA,0.0869298,8.0,5.0,True
2017-04-03,80,BA,0.1488847291666666,10.0,4.0,True
2017-04-10,80,BA,-0.33284375,3.0,2.0,True
2017-04-17,80,BA,-0.3672085555555555,5.0,3.0,True
2017-04-24,80,BA,-0.1471273666666666,8.0,5.0,True
2017-05-08,80,BA,-0.1374108222222222,10.0,3.0,True
2017-05-15,80,BA,-0.0101143749999999,5.0,4.0,True
2017-05-22,80,BA,-0.3351363499999999,24.0,5.0,True
2017-05-29,80,BA,-0.4515858958333333,16.0,4.0,True
2017-06-05,80,BA,-0.0511244999999999,11.0,3.0,True
2017-06-12,80,BA,0.4660480333333333,8.0,5.0,True
2017-06-19,80,BA,0.1828764833333333,42.0,4.0,True
2017-07-03,80,BA,0.731427,1.0,1.0,True
2017-07-10,80,BA,-0.473751,2.0,2.0,True
2017-07-17,80,BA,0.2599583749999999,5.0,2.0,True
2017-07-24,80,BA,0.5344874166666667,14.0,3.0,True
2017-07-31,80,BA,0.1412219916666666,12.0,4.0,True
2017-08-07,80,BA,0.0206594999999999,9.0,2.0,True
2017-08-14,80,BA,0.1346916666666666,5.0,3.0,True
2017-08-21,80,BA,0.1880289166666666,7.0,3.0,True
2017-08-28,80,BA,0.29225,1.0,1.0,True
2017-09-04,80,BA,0.0479823749999999,7.0,4.0,True
2017-09-11,80,BA,0.00714,2.0,1.0,True
2017-09-18,80,BA,0.0357669166666666,9.0,6.0,True
2017-09-25,80,BA,-0.1753184166666667,5.0,2.0,True
2017-10-02,80,BA,0.1786017222222222,9.0,3.0,True
2017-10-09,80,BA,-0.406311,3.0,2.0,True
2017-10-16,80,BA,0.2214817214285714,16.0,4.0,True
2017-10-23,80,BA,0.2543890833333333,10.0,6.0,True
2017-10-30,80,BA,-0.05905215,11.0,2.0,True
2017-11-06,80,BA,0.2374265937499999,18.0,4.0,True
2017-11-13,80,BA,-0.0216430555555555,13.0,6.0,True
2017-11-20,80,BA,-0.503614,3.0,2.0,True
2017-11-27,80,BA,0.831217,1.0,1.0,True
2017-12-04,80,BA,0.386515,4.0,2.0,True
2017-12-11,80,BA,0.371534625,8.0,4.0,True
2017-12-18,80,BA,0.2692453428571428,11.0,5.0,True
2017-12-25,80,BA,-0.234154,1.0,1.0,True
2018-01-01,80,BA,0.0359949166666666,8.0,2.0,True
2018-01-08,80,BA,0.82860475,3.0,2.0,True
2018-01-15,80,BA,0.216278225,10.0,4.0,True
2018-01-22,80,BA,-0.10266555,10.0,5.0,True
2018-01-29,80,BA,0.1188068,11.0,5.0,True
2018-02-05,80,BA,0.1010054424603174,23.0,4.0,True
2018-02-12,80,BA,-0.0769691777777777,9.0,3.0,True
2018-02-19,80,BA,0.461479,3.0,3.0,True
2018-02-26,80,BA,0.0428812733333333,19.0,5.0,True
2018-03-05,80,BA,0.0609976875,8.0,4.0,True
2018-03-12,80,BA,0.0807950357142857,11.0,4.0,True
2018-03-19,80,BA,-0.113407,4.0,2.0,True
2018-03-26,80,BA,0.2122692222222222,5.0,3.0,True
2018-04-02,80,BA,0.0420877555555555,23.0,3.0,True
2018-04-09,80,BA,0.2227563333333333,6.0,4.0,True
2018-04-16,80,BA,0.709874,1.0,1.0,True
2018-04-23,80,BA,0.77169625,4.0,1.0,True
2018-04-30,80,BA,0.199522875,7.0,2.0,True
2018-05-07,80,BA,-0.1693221071428571,10.0,4.0,True
2018-05-14,80,BA,-0.2370803165204678,40.0,6.0,True
2018-05-21,80,BA,-0.1965516666666666,3.0,1.0,True
2018-05-28,80,BA,0.20201925,4.0,4.0,True
2018-06-04,80,BA,-0.1279239692307692,18.0,5.0,True
2018-06-11,80,BA,-0.327897,4.0,2.0,True
2018-06-18,80,BA,0.2235679166666666,6.0,3.0,True
2018-06-25,80,BA,0.1744856083333333,16.0,5.0,True
2018-07-02,80,BA,0.0105167499999999,11.0,4.0,True
2018-07-09,80,BA,0.1007118724111867,53.0,7.0,True
2018-07-16,80,BA,0.1378209038641097,58.0,7.0,True
2018-07-23,80,BA,-0.0641338615384615,34.0,5.0,True
2018-07-30,80,BA,-0.0750716666666666,8.0,3.0,True
2018-08-06,80,BA,-0.1423483333333333,12.0,2.0,True
2018-08-20,80,BA,0.24683,1.0,1.0,True
2018-08-27,80,BA,0.3321228333333333,9.0,4.0,True
2018-09-03,80,BA,-0.7927420000000001,4.0,2.0,True
2018-09-10,80,BA,0.261497,6.0,4.0,True
2018-09-17,80,BA,0.049809,2.0,2.0,True
2018-09-24,80,BA,-0.850826,1.0,1.0,True
2018-10-01,80,BA,0.145256,3.0,3.0,True
2018-10-08,80,BA,0.0454702,9.0,5.0,True
2018-10-15,80,BA,0.382814,1.0,1.0,True
2018-10-22,80,BA,0.179488,4.0,3.0,True
2018-10-29,80,BA,-0.1189105,2.0,2.0,True
2018-11-05,80,BA,-0.0199875,4.0,1.0,True
2018-11-12,80,BA,-0.4877885833333333,6.0,3.0,True
2018-11-19,80,BA,0.65524,2.0,1.0,True
2018-11-26,80,BA,-0.0750543333333333,4.0,3.0,True
2018-12-03,80,BA,-0.3059619166666666,6.0,4.0,True
2018-12-10,80,BA,0.3660825,5.0,3.0,True
2018-12-17,80,BA,0.0583793888888888,16.0,6.0,True
2018-12-31,80,BA,0.0050025,4.0,3.0,True
2019-01-07,80,BA,-0.0436415666666666,11.0,5.0,True
2019-01-14,80,BA,-0.00630646875,11.0,4.0,True
2019-01-21,80,BA,0.3685218333333333,8.0,3.0,True
2019-01-28,80,BA,0.3876365694444444,18.0,6.0,True
2019-02-04,80,BA,0.503587625,7.0,4.0,True
2019-02-11,80,BA,-0.05023125,6.0,4.0,True
2019-02-18,80,BA,-0.2791734666666666,10.0,5.0,True
2019-02-25,80,BA,0.2075723333333333,6.0,3.0,True
2019-03-04,80,BA,-0.0621357666666666,14.0,3.0,True
2019-03-11,80,BA,-0.3587747047047047,199.0,7.0,True
2019-03-18,80,BA,-0.1766465668109668,61.0,7.0,True
2019-03-25,80,BA,-0.1768939148809523,44.0,6.0,True
2019-04-01,80,BA,-0.149070420414673,51.0,6.0,True
2019-04-08,80,BA,-0.1717122199633699,34.0,6.0,True
2019-04-15,80,BA,-0.1594011503968253,43.0,7.0,True
2019-04-22,80,BA,-0.3848279333333333,27.0,5.0,True
2019-04-29,80,BA,-0.0547107707070707,38.0,7.0,True
2019-05-06,80,BA,0.0400238,14.0,5.0,True
2019-05-13,80,BA,-0.3043435330859617,32.0,7.0,True
2019-05-20,80,BA,-0.3329903194444445,29.0,6.0,True
2019-05-27,80,BA,-0.07416136,17.0,5.0,True
2019-06-03,80,BA,-0.1152356388888888,20.0,6.0,True
2019-06-10,80,BA,-0.4516664166666666,8.0,4.0,True
2019-06-17,80,BA,-0.1986274286492374,41.0,6.0,True
2019-06-24,80,BA,-0.1837587222222222,17.0,3.0,True
2019-07-01,80,BA,-0.34714805,10.0,5.0,True
2019-07-08,80,BA,-0.3084183888888889,22.0,6.0,True
2019-07-15,80,BA,-0.3949836952380952,21.0,5.0,True
2019-07-22,80,BA,-0.4526616037414966,23.0,7.0,True
2019-07-29,80,BA,-0.0775019444444444,9.0,6.0,True
2019-08-05,80,BA,-0.1487169444444444,7.0,3.0,True
2019-08-12,80,BA,-0.0494584999999999,2.0,1.0,True
2019-08-19,80,BA,-0.3150106944444444,16.0,6.0,True
2019-08-26,80,BA,-0.3143276666666666,4.0,3.0,True
2019-09-02,80,BA,-0.214001575,10.0,4.0,True
2019-09-09,80,BA,-0.1857660833333333,12.0,6.0,True
2019-09-16,80,BA,0.40831025,4.0,4.0,True
2019-09-23,80,BA,-0.2255115166666666,15.0,5.0,True
2019-09-30,80,BA,-0.0675969166666666,11.0,6.0,True
2019-10-07,80,BA,-0.0731741444444444,21.0,4.0,True
2019-10-14,80,BA,-0.2690314222222222,16.0,6.0,True
2019-10-21,80,BA,-0.4078987291666666,34.0,6.0,True
2019-10-28,80,BA,-0.3879473428571428,40.0,5.0,True
2019-11-04,80,BA,-0.1665745535714285,21.0,4.0,True
2019-11-11,80,BA,-0.3528464914965986,24.0,7.0,True
2019-11-18,80,BA,-0.0882561333333333,15.0,5.0,True
2019-11-25,80,BA,-0.404673,2.0,1.0,True
2019-12-02,80,BA,-0.4927041666666666,10.0,3.0,True
2019-12-09,80,BA,-0.273980825,13.0,5.0,True
2019-12-16,80,BA,-0.3051640361904762,51.0,7.0,True
2019-12-23,80,BA,-0.5090897666666666,30.0,3.0,True
2019-12-30,80,BA,-0.139114,8.0,4.0,True
2020-01-06,80,BA,-0.3890074362304361,53.0,7.0,True
2020-01-13,80,BA,-0.2771548373015873,24.0,6.0,True
2020-01-20,80,BA,-0.09773909,18.0,5.0,True
2020-01-27,80,BA,-0.0758078333333333,16.0,4.0,True
2020-02-03,80,BA,-0.3746975,4.0,4.0,True
2020-02-10,80,BA,-0.1485705476190476,23.0,7.0,True
2020-02-17,80,BA,0.221485375,12.0,5.0,True
2020-02-24,80,BA,0.1445153333333333,10.0,4.0,True
2020-03-02,80,BA,-0.2576615208333333,10.0,4.0,True
2020-03-09,80,BA,-0.2499382166666666,11.0,5.0,True
2020-03-16,80,BA,-0.1918150866666666,16.0,5.0,True
2020-03-23,80,BA,-0.1559332499999999,6.0,4.0,True
2020-03-30,80,BA,-0.0079871666666666,7.0,3.0,True
2020-04-06,80,BA,-0.0517111,10.0,3.0,True
2020-04-13,80,BA,0.097102,2.0,2.0,True
2020-04-20,80,BA,-0.3627404,9.0,5.0,True
2020-04-27,80,BA,-0.2145159027777777,27.0,6.0,True
2020-05-04,80,BA,-0.242449625,9.0,4.0,True
2020-05-11,80,BA,-0.0688165,14.0,6.0,True
2020-05-18,80,BA,-0.263297,2.0,2.0,True
2020-05-25,80,BA,-0.3766955125,25.0,4.0,True
2020-06-01,80,BA,-0.1972413333333333,6.0,3.0,True
2020-06-08,80,BA,-0.668472,1.0,1.0,True
2020-06-15,80,BA,-0.05953,1.0,1.0,True
2020-06-22,80,BA,-0.0833145,2.0,2.0,True
2020-06-29,80,BA,-0.0473420499999999,16.0,5.0,True
2020-07-06,80,BA,0.0424115937499999,16.0,4.0,True
2020-07-13,80,BA,0.1911573777777778,13.0,3.0,True
2020-07-20,80,BA,-0.0958036666666666,4.0,3.0,True
2020-07-27,80,BA,-0.3666488874999999,16.0,4.0,True
2020-08-03,80,BA,-0.3046713,7.0,5.0,True
2020-08-10,80,BA,-0.55619425,3.0,2.0,True
2020-08-17,80,BA,0.0160594999999999,5.0,4.0,True
2020-08-24,80,BA,0.0085244444444444,9.0,3.0,True
2020-08-31,80,BA,-0.1024472222222222,6.0,3.0,True
2020-09-07,80,BA,0.0261592499999999,14.0,4.0,True
2020-09-14,80,BA,-0.1442122777777777,10.0,3.0,True
2020-09-21,80,BA,0.0311899999999999,2.0,1.0,True
2020-09-28,80,BA,0.0968200714285714,11.0,4.0,True
2020-10-05,80,BA,-0.1598405,4.0,1.0,True
2020-10-12,80,BA,-0.1191212999999999,10.0,5.0,True
2020-10-26,80,BA,-0.6239710625,12.0,4.0,True
2020-11-09,80,BA,-0.11113825,14.0,3.0,True
2020-11-16,80,BA,-0.2207549963369963,28.0,7.0,True
2020-11-23,80,BA,-0.203198,7.0,5.0,True
2020-11-30,80,BA,-0.130497975,11.0,4.0,True
2020-12-07,80,BA,-0.6551705,4.0,2.0,True
2020-12-14,80,BA,-0.0594279999999999,2.0,2.0,True
2020-12-21,80,BA,-0.0592624999999999,6.0,4.0,True
2020-12-28,80,BA,-0.3785140833333333,6.0,4.0,True
2021-01-04,80,BA,-0.7232922307692308,13.0,1.0,True
2021-01-11,80,BA,-0.5104988333333333,6.0,2.0,True
2021-01-18,80,BA,0.1458494,5.0,5.0,True
2021-01-25,80,BA,0.1189969833333333,16.0,4.0,True
2021-02-01,80,BA,-0.205211125,8.0,4.0,True
2021-02-08,80,BA,0.23387375,5.0,4.0,True
2021-02-15,80,BA,0.0314579999999999,4.0,4.0,True
2021-02-22,80,BA,-0.3358398313492063,32.0,6.0,True
2021-03-01,80,BA,0.0466054999999999,12.0,5.0,True
2021-03-08,80,BA,0.2346041111111111,13.0,3.0,True
2021-03-15,80,BA,0.247002,2.0,1.0,True
2021-03-22,80,BA,0.4640875,2.0,1.0,True
2021-03-29,80,BA,0.0844113611111111,9.0,3.0,True
2021-04-05,80,BA,-0.105325,4.0,4.0,True
2021-04-12,80,BA,0.0324626666666666,3.0,3.0,True
2021-04-19,80,BA,0.0285966666666666,5.0,2.0,True
2021-04-26,80,BA,-0.7172559999999999,5.0,2.0,True
2021-05-03,80,BA,0.355229,2.0,1.0,True
2021-05-10,80,BA,0.2327495625,8.0,4.0,True
2021-05-24,80,BA,-0.28771625,5.0,2.0,True
2021-05-31,80,BA,-0.3650863333333333,4.0,2.0,True
2021-06-07,80,BA,-0.010597625,5.0,4.0,True
2021-06-14,80,BA,-0.2708129682539682,12.0,3.0,True
2021-06-21,80,BA,-0.022036,3.0,3.0,True
2021-06-28,80,BA,-0.0112185833333333,14.0,6.0,True
2021-07-05,80,BA,0.176923,3.0,3.0,True
2021-07-12,80,BA,-0.5544594285714286,8.0,2.0,True
2021-07-26,80,BA,-0.1122615333333333,7.0,3.0,True
2021-08-02,80,BA,-0.3005354999999999,6.0,2.0,True
2021-08-09,80,BA,0.2667946249999999,7.0,4.0,True
2021-08-23,80,BA,-0.1439195833333333,23.0,3.0,True
2021-08-30,80,BA,-0.067486,6.0,4.0,True
2021-09-06,80,BA,-0.4581706666666666,10.0,3.0,True
2021-09-13,80,BA,0.06054335,8.0,4.0,True
2021-09-20,80,BA,-0.306156,3.0,2.0,True
2021-09-27,80,BA,-0.0175008333333333,4.0,3.0,True
2021-10-04,80,BA,0.0447075,2.0,2.0,True
2021-10-11,80,BA,-0.2514477499999999,3.0,2.0,True
2021-10-18,80,BA,0.0560144999999999,2.0,1.0,True
2021-10-25,80,BA,-0.505363,1.0,1.0,True
2021-11-01,80,BA,0.1830989583333333,11.0,4.0,True
2021-11-08,80,BA,0.205088,8.0,4.0,True
2021-11-15,80,BA,-0.2137477532467532,23.0,6.0,True
2021-11-22,80,BA,0.001847,1.0,1.0,True
2021-11-29,80,BA,-0.2072112291666666,12.0,4.0,True
2021-12-13,80,BA,0.156892,1.0,1.0,True
2021-12-20,80,BA,-0.2759245555555555,6.0,3.0,True
2021-12-27,80,BA,-0.484498,1.0,1.0,True
2022-01-03,80,BA,0.030203,1.0,1.0,True
2022-01-10,80,BA,-0.2442663333333333,3.0,3.0,True
2022-01-17,80,BA,0.0968175,2.0,1.0,True
2022-01-24,80,BA,-0.2568945833333333,8.0,3.0,True
2022-01-31,80,BA,0.761247,2.0,1.0,True
2022-02-07,80,BA,-0.1564725,4.0,4.0,True
2022-02-14,80,BA,0.0250128888888889,10.0,3.0,True
2022-02-21,80,BA,-0.0192423333333333,3.0,3.0,True
2022-02-28,80,BA,-0.44813875,4.0,4.0,True
2022-03-07,80,BA,-0.489733,1.0,1.0,True
2022-03-14,80,BA,-0.0136784999999999,3.0,2.0,True
2022-03-21,80,BA,-0.2806245611111111,18.0,5.0,True
2022-03-28,80,BA,0.024352,4.0,1.0,True
2022-04-04,80,BA,0.0522539999999999,7.0,4.0,True
2022-04-11,80,BA,-0.01543,1.0,1.0,True
2022-04-25,80,BA,-0.2912765625,9.0,4.0,True
2022-05-02,80,BA,-0.609246,1.0,1.0,True
2022-05-09,80,BA,-0.2070692499999999,3.0,2.0,True
2022-05-16,80,BA,-0.0399181666666666,11.0,5.0,True
2022-05-23,80,BA,0.2585643999999999,8.0,5.0,True
2022-05-30,80,BA,0.05076325,3.0,2.0,True
2022-06-06,80,BA,-0.043404975,15.0,5.0,True
2022-06-13,80,BA,-0.2947751111111111,5.0,3.0,True
2022-06-20,80,BA,0.09787375,4.0,4.0,True
2022-06-27,80,BA,-0.0426515999999999,7.0,5.0,True
2022-07-04,80,BA,0.0753356666666666,7.0,3.0,True
2022-07-11,80,BA,0.5598505416666666,7.0,4.0,True
2022-07-18,80,BA,-0.1161075416666666,10.0,6.0,True
2022-07-25,80,BA,0.0129178333333333,8.0,3.0,True
2022-08-01,80,BA,-0.0402022916666666,9.0,4.0,True
2022-08-08,80,BA,-0.1607966666666666,5.0,3.0,True
2022-08-15,80,BA,-0.218489625,6.0,2.0,True
2022-08-22,80,BA,0.140228,5.0,3.0,True
2022-08-29,80,BA,0.1153996428571428,10.0,7.0,True
2022-09-12,80,BA,0.0349586249999999,10.0,4.0,True
2022-09-19,80,BA,-0.6620496785714286,9.0,2.0,True
2022-09-26,80,BA,0.2720335,2.0,2.0,True
2022-10-03,80,BA,0.545709,1.0,1.0,True
2022-10-10,80,BA,0.0743675,2.0,2.0,True
2022-10-17,80,BA,-0.0460308333333333,4.0,3.0,True
2022-10-24,80,BA,-0.1120346,7.0,3.0,True
2022-10-31,80,BA,0.2252769999999999,2.0,2.0,True
2022-11-07,80,BA,-0.0096917499999999,3.0,2.0,True
2022-11-14,80,BA,-0.367705,1.0,1.0,True
2022-11-28,80,BA,0.0015629999999999,2.0,1.0,True
2022-12-05,80,BA,-0.0434681111111111,19.0,7.0,True
2022-12-12,80,BA,0.0417348249999999,13.0,4.0,True
2022-12-19,80,BA,-0.6271055,2.0,2.0,True
2022-12-26,80,BA,-0.422574,1.0,1.0,True
2023-01-02,80,BA,-0.241808,1.0,1.0,True
2023-01-09,80,BA,0.5151845,3.0,2.0,True
2023-01-16,80,BA,-0.2368454999999999,6.0,3.0,True
2023-01-23,80,BA,-0.184209625,11.0,4.0,True
2023-01-30,80,BA,0.3540238888888889,17.0,6.0,True
2023-02-06,80,BA,-0.0203216866666667,17.0,5.0,True
2023-02-13,80,BA,0.1063297171428571,28.0,5.0,True
2023-02-20,80,BA,0.0727299523809523,9.0,3.0,True
2023-02-27,80,BA,0.0705649166666667,6.0,4.0,True
2023-03-06,80,BA,-0.0803059666666666,12.0,5.0,True
2023-03-13,80,BA,0.1715063333333333,4.0,3.0,True
2023-03-20,80,BA,0.1748031666666666,5.0,3.0,True
2023-03-27,80,BA,-0.1847423333333333,4.0,3.0,True
2023-04-03,80,BA,-0.446811125,10.0,4.0,True
2023-04-10,80,BA,-0.1185087777777777,7.0,3.0,True
2023-04-24,80,BA,-0.0966563333333333,12.0,5.0,True
2023-05-01,80,BA,-0.333061,2.0,2.0,True
2023-05-08,80,BA,0.01412492,9.0,5.0,True
2023-05-15,80,BA,0.101192375,5.0,4.0,True
2023-05-22,80,BA,0.0130224,5.0,5.0,True
2023-05-29,80,BA,-0.5975311666666667,5.0,3.0,True
2023-06-05,80,BA,-0.1524929166666666,10.0,3.0,True
2023-06-12,80,BA,0.0565967499999999,4.0,2.0,True
2023-06-19,80,BA,0.2194132333333333,20.0,6.0,True
2023-06-26,80,BA,-0.920675,4.0,2.0,True
2023-07-03,80,BA,0.263886,2.0,2.0,True
2023-07-10,80,BA,-0.152202,1.0,1.0,True
2023-07-17,80,BA,0.35007,1.0,1.0,True
2023-07-24,80,BA,-0.5370435,2.0,1.0,True
2023-08-07,80,BA,0.0804175,2.0,1.0,True
2023-08-14,80,BA,0.329651825,9.0,4.0,True
2023-08-21,80,BA,-0.2675425,4.0,3.0,True
2023-08-28,80,BA,0.1397685,2.0,1.0,True
2023-09-04,80,BA,-0.301961,2.0,2.0,True
2023-09-11,80,BA,0.279275375,6.0,2.0,True
2023-09-18,80,BA,0.63246,3.0,3.0,True
2023-09-25,80,BA,0.433659,1.0,1.0,True
2023-10-02,80,BA,0.03261,1.0,1.0,True
2023-10-09,80,BA,0.707922,1.0,1.0,True
2023-10-23,80,BA,-0.2022257499999999,6.0,4.0,True
2023-11-06,80,BA,0.323985,2.0,1.0,True
2023-11-13,80,BA,0.03666576,17.0,5.0,True
2023-11-27,80,BA,-0.224393,1.0,1.0,True
2023-12-04,80,BA,-0.109073,1.0,1.0,True
2023-12-11,80,BA,-0.084897,2.0,2.0,True
2023-12-18,80,BA,0.1577999444444444,7.0,3.0,True
2023-12-25,80,BA,0.025604,2.0,2.0,True
2024-01-01,80,BA,-0.07021775,10.0,4.0,True
2024-01-08,80,BA,-0.3308829423687424,34.0,7.0,True
2024-01-15,80,BA,-0.2643818888888888,8.0,3.0,True
2024-01-22,80,BA,-0.1525855,15.0,5.0,True
2024-01-29,80,BA,-0.1643695416666666,10.0,4.0,True
2024-02-05,80,BA,-0.2322156333333333,9.0,3.0,True
2024-02-19,80,BA,-0.3212494444444445,9.0,1.0,True
2024-02-26,80,BA,-0.1408924733333333,12.0,5.0,True
2024-03-04,80,BA,-0.3196810714285715,12.0,7.0,True
2024-03-11,80,BA,-0.25869175,12.0,4.0,True
2024-03-18,80,BA,0.26144125,3.0,2.0,True
2024-03-25,80,BA,-0.2736661133333333,21.0,5.0,True
2024-04-01,80,BA,-0.5508514583333333,9.0,4.0,True
2024-04-08,80,BA,-0.5541917166666667,11.0,5.0,True
2024-04-22,80,BA,-0.4169104375,11.0,4.0,True
2024-04-29,80,BA,0.1416862466666666,12.0,5.0,True
2024-05-06,80,BA,-0.3860436222222222,17.0,6.0,True
2024-05-13,80,BA,-0.5583951458333334,13.0,4.0,True
2024-05-20,80,BA,-0.40577921875,12.0,4.0,True
2024-05-27,80,BA,0.1090326875,17.0,4.0,True
2024-06-03,80,BA,0.0536771333333333,14.0,4.0,True
2024-06-10,80,BA,-0.13486425,5.0,4.0,True
2024-06-17,80,BA,-0.6671239375,16.0,4.0,True
2024-06-24,80,BA,-0.4564131944444445,10.0,6.0,True
2024-07-01,80,BA,-0.3669102777777777,12.0,2.0,True
2024-07-08,80,BA,-0.1294348981481481,31.0,6.0,True
2024-07-15,80,BA,0.280762125,7.0,4.0,True
2024-07-22,80,BA,-0.2823158333333333,4.0,2.0,True
2024-07-29,80,BA,-0.046366,8.0,2.0,True
2024-08-05,80,BA,-0.0355949999999999,5.0,4.0,True
2024-08-12,80,BA,0.159746375,5.0,4.0,True
2024-08-19,80,BA,-0.4884350833333332,11.0,5.0,True
2024-08-26,80,BA,-0.6526803333333333,6.0,3.0,True
2024-09-02,80,BA,-0.2711996319444444,18.0,4.0,True
2024-09-09,80,BA,-0.1851424533333333,28.0,5.0,True
2024-09-16,80,BA,-0.5846588571428571,17.0,7.0,True
2024-09-23,80,BA,-0.1880213523809523,15.0,5.0,True
2024-09-30,80,BA,-0.568602,5.0,4.0,True
2024-10-07,80,BA,-0.6103450027210885,28.0,7.0,True
2024-10-14,80,BA,-0.0769790916666666,21.0,5.0,True
2024-10-21,80,BA,-0.5690911851851852,17.0,3.0,True
2024-10-28,80,BA,0.2444465,3.0,2.0,True
2024-11-04,80,BA,-0.3299523722222222,13.0,6.0,True
2024-11-11,80,BA,-0.3566999027777777,20.0,6.0,True
2024-11-18,80,BA,-0.7169595,2.0,1.0,True
2024-11-25,80,BA,-0.273085,3.0,3.0,True
2024-12-02,80,BA,-0.62398,1.0,1.0,True
2024-12-09,80,BA,0.1333507023809523,12.0,3.0,True
2024-12-16,80,BA,0.1682344444444444,5.0,3.0,True
2024-12-23,80,BA,-0.015739,2.0,2.0,True
2024-12-30,80,BA,0.1340716333333333,10.0,4.0,True
2025-01-06,80,BA,0.4822845,2.0,2.0,True
2025-01-13,80,BA,-0.2161135,2.0,2.0,True
2025-01-20,80,BA,0.584861,1.0,1.0,True
2025-01-27,80,BA,-0.3989466666666666,6.0,3.0,True
2025-02-03,80,BA,0.0595279444444445,6.0,3.0,True
2025-02-10,80,BA,0.4032305,2.0,2.0,True
2025-02-17,80,BA,0.3171515,2.0,2.0,True
2025-02-24,80,BA,0.264484,1.0,1.0,True
2025-03-10,80,BA,0.449305,1.0,1.0,True
2025-03-17,80,BA,-0.0445687916666666,25.0,6.0,True
2025-03-24,80,BA,0.1729538749999999,7.0,4.0,True
2025-03-31,80,BA,-0.2147213777777777,9.0,3.0,True
2025-04-07,80,BA,-0.629591,1.0,1.0,True
2025-04-14,80,BA,-0.5856816,6.0,2.0,True
2025-04-21,80,BA,0.164570125,7.0,4.0,True
2025-04-28,80,BA,0.0430580833333333,8.0,4.0,True
2025-05-05,80,BA,-0.0798185,5.0,4.0,True
2025-05-12,80,BA,-0.1124334499999999,21.0,5.0,True
2025-05-19,80,BA,-0.25758585,8.0,4.0,True
2025-05-26,80,BA,-0.30282675,3.0,2.0,True
2025-06-02,80,BA,-0.2745038333333333,6.0,4.0,True
2025-06-09,80,BA,-0.2712003820970696,46.0,7.0,True
2025-06-16,80,BA,-0.1692808772294372,39.0,5.0,True
2025-06-23,80,BA,-0.1475652291666666,11.0,4.0,True
2025-06-30,80,BA,-0.3507676809523809,19.0,7.0,True
2025-07-07,80,BA,0.3026228333333333,8.0,3.0,True
2025-07-14,80,BA,-0.1858623714285714,18.0,5.0,True
2025-07-21,80,BA,-0.34084605,17.0,5.0,True
2025-07-28,80,BA,-0.4965131111111111,16.0,4.0,True
2025-08-04,80,BA,-0.1656128942307692,18.0,4.0,True
2025-08-18,80,BA,-0.171619375,5.0,4.0,True
2025-08-25,80,BA,0.2385679375,9.0,4.0,True
2025-09-01,80,BA,-0.330645625,5.0,4.0,True
2025-09-08,80,BA,-0.9493215,4.0,2.0,True
2025-09-15,80,BA,-0.6752816666666667,5.0,3.0,True
2025-09-22,80,BA,-0.1557175777777778,9.0,3.0,True
2025-09-29,80,BA,-0.1140248888888888,6.0,3.0,True
2025-10-06,80,BA,-0.0450259999999999,3.0,3.0,True
2025-10-13,80,BA,-0.0345047777777777,11.0,3.0,True
2025-10-20,80,BA,-0.1858135,3.0,2.0,True
2025-10-27,80,BA,-0.512549,10.0,6.0,True
2025-11-03,80,BA,-0.622366611111111,7.0,3.0,True
2025-11-10,80,BA,0.0628873333333333,7.0,3.0,True
2025-11-17,80,BA,0.0197994999999999,3.0,2.0,True
2025-11-24,80,BA,0.0499549666666666,8.0,5.0,True
2025-12-01,80,BA,-0.43944,2.0,1.0,True
2025-12-08,80,BA,0.1626401999999999,7.0,5.0,True
2025-12-15,80,BA,-0.3044739999999999,3.0,3.0,True
2025-12-22,80,BA,-0.2304628333333333,4.0,2.0,True
2025-12-29,80,BA,0.070115,1.0,1.0,True
2015-01-05,23,BAC,-0.531206,1.0,1.0,True
2015-01-12,23,BAC,-0.3315067833333333,18.0,4.0,True
2015-01-19,23,BAC,-0.14299475,3.0,2.0,True
2015-02-02,23,BAC,-0.113616125,5.0,4.0,True
2015-02-09,23,BAC,0.1932674999999999,2.0,2.0,True
2015-02-16,23,BAC,-0.72926,1.0,1.0,True
2015-02-23,23,BAC,-0.156646125,7.0,4.0,True
2015-03-02,23,BAC,0.2032288333333333,6.0,3.0,True
2015-03-09,23,BAC,0.0756836136363636,13.0,2.0,True
2015-03-16,23,BAC,0.07801655,9.0,2.0,True
2015-03-23,23,BAC,-0.28461275,5.0,2.0,True
2015-03-30,23,BAC,-0.002951,1.0,1.0,True
2015-04-13,23,BAC,-0.5123089444444444,14.0,3.0,True
2015-04-20,23,BAC,-0.0197650833333333,7.0,2.0,True
2015-04-27,23,BAC,-0.311905625,6.0,2.0,True
2015-05-04,23,BAC,-0.1033873066666666,23.0,5.0,True
2015-05-11,23,BAC,0.174109,1.0,1.0,True
2015-05-18,23,BAC,-0.6382201666666666,5.0,3.0,True
2015-05-25,23,BAC,-0.1857318333333333,6.0,4.0,True
2015-06-01,23,BAC,-0.500245,3.0,2.0,True
2015-06-08,23,BAC,0.467912,1.0,1.0,True
2015-06-15,23,BAC,0.074071,1.0,1.0,True
2015-06-22,23,BAC,0.148705,1.0,1.0,True
2015-07-06,23,BAC,0.010059,1.0,1.0,True
2015-07-13,23,BAC,0.3603733484848485,14.0,2.0,True
2015-07-20,23,BAC,-0.2692083482142857,15.0,4.0,True
2015-07-27,23,BAC,0.009953,1.0,1.0,True
2015-08-03,23,BAC,-0.227767,5.0,3.0,True
2015-08-10,23,BAC,0.0327345,2.0,2.0,True
2015-08-17,23,BAC,-0.474041,2.0,2.0,True
2015-08-24,23,BAC,0.060608,1.0,1.0,True
2015-08-31,23,BAC,-0.4352668333333333,6.0,3.0,True
2015-09-14,23,BAC,-0.3079719999999999,3.0,3.0,True
2015-09-21,23,BAC,0.0456246666666666,20.0,3.0,True
2015-09-28,23,BAC,0.1693046666666666,3.0,1.0,True
2015-10-05,23,BAC,-0.006532,1.0,1.0,True
2015-10-12,23,BAC,0.52859575,6.0,3.0,True
2015-10-19,23,BAC,-0.187304,1.0,1.0,True
2015-10-26,23,BAC,0.4094615,2.0,2.0,True
2015-11-02,23,BAC,0.460521,1.0,1.0,True
2015-11-09,23,BAC,-0.2350384999999999,6.0,3.0,True
2015-11-16,23,BAC,-0.05500225,3.0,2.0,True
2015-11-30,23,BAC,0.688612,2.0,2.0,True
2015-12-07,23,BAC,0.1642208714285714,12.0,5.0,True
2015-12-14,23,BAC,0.017978,2.0,1.0,True
2015-12-28,23,BAC,-0.801194,1.0,1.0,True
2016-01-04,23,BAC,0.0706125,2.0,2.0,True
2016-01-11,23,BAC,-0.1191685,6.0,4.0,True
2016-01-18,23,BAC,0.2270816666666666,9.0,4.0,True
2016-01-25,23,BAC,-0.0633465,2.0,2.0,True
2016-02-01,23,BAC,-0.883013,1.0,1.0,True
2016-02-08,23,BAC,0.141010875,5.0,4.0,True
2016-02-15,23,BAC,0.2533195,2.0,2.0,True
2016-02-22,23,BAC,0.1000656666666666,4.0,3.0,True
2016-02-29,23,BAC,-0.0733495,2.0,2.0,True
2016-03-07,23,BAC,-0.847875,1.0,1.0,True
2016-03-14,23,BAC,0.2426626666666667,5.0,3.0,True
2016-03-28,23,BAC,-0.0426315,2.0,1.0,True
2016-04-04,23,BAC,-0.1150335,2.0,2.0,True
2016-04-11,23,BAC,-0.5726443333333333,13.0,2.0,True
2016-04-25,23,BAC,0.403177,1.0,1.0,True
2016-05-02,23,BAC,-0.1581125,2.0,2.0,True
2016-05-09,23,BAC,0.4219745,2.0,2.0,True
2016-05-16,23,BAC,-0.5191855,2.0,2.0,True
2016-05-23,23,BAC,-0.352495179738562,22.0,3.0,True
2016-05-30,23,BAC,0.567183,1.0,1.0,True
2016-06-06,23,BAC,-0.847853,1.0,1.0,True
2016-06-13,23,BAC,-0.3140912380952381,9.0,3.0,True
2016-06-20,23,BAC,-0.1437793333333333,5.0,3.0,True
2016-06-27,23,BAC,0.0766665,8.0,3.0,True
2016-07-11,23,BAC,0.071294,2.0,2.0,True
2016-07-18,23,BAC,-0.2691255454545455,13.0,2.0,True
2016-07-25,23,BAC,0.19425,3.0,2.0,True
2016-08-01,23,BAC,-0.0589284999999999,2.0,2.0,True
2016-08-15,23,BAC,-0.213946,2.0,2.0,True
2016-08-22,23,BAC,-0.3044696666666667,3.0,3.0,True
2016-09-05,23,BAC,-0.211115,1.0,1.0,True
2016-09-19,23,BAC,0.0293674999999999,2.0,1.0,True
2016-09-26,23,BAC,0.0579674999999999,7.0,2.0,True
2016-10-03,23,BAC,0.754986,1.0,1.0,True
2016-10-10,23,BAC,0.275074,4.0,1.0,True
2016-10-17,23,BAC,0.4672341111111111,9.0,3.0,True
2016-11-14,23,BAC,0.010901,1.0,1.0,True
2016-11-21,23,BAC,-0.1083949999999999,2.0,2.0,True
2016-12-05,23,BAC,0.192263,1.0,1.0,True
2016-12-12,23,BAC,0.11129,1.0,1.0,True
2016-12-19,23,BAC,-0.0066713333333333,3.0,1.0,True
2016-12-26,23,BAC,0.015565,1.0,1.0,True
2017-01-02,23,BAC,-0.9721675,2.0,1.0,True
2017-01-09,23,BAC,-0.3760274679487179,19.0,3.0,True
2017-01-16,23,BAC,0.0461106666666666,3.0,1.0,True
2017-01-30,23,BAC,0.0058375,2.0,2.0,True
2017-02-06,23,BAC,0.20851725,5.0,2.0,True
2017-02-13,23,BAC,0.1839499999999999,3.0,1.0,True
2017-02-20,23,BAC,0.19094725,3.0,2.0,True
2017-03-06,23,BAC,0.1201266666666666,5.0,3.0,True
2017-03-13,23,BAC,0.0065819999999999,3.0,2.0,True
2017-03-27,23,BAC,-0.9423753333333332,4.0,2.0,True
2017-04-03,23,BAC,-0.378674,1.0,1.0,True
2017-04-10,23,BAC,0.406183,1.0,1.0,True
2017-04-17,23,BAC,0.7005603636363636,12.0,2.0,True
2017-05-01,23,BAC,-0.5294315,3.0,2.0,True
2017-05-08,23,BAC,0.07350925,3.0,2.0,True
2017-05-15,23,BAC,0.578643,1.0,1.0,True
2017-05-22,23,BAC,-0.67888075,3.0,2.0,True
2017-05-29,23,BAC,-0.4042306666666667,3.0,3.0,True
2017-06-05,23,BAC,0.003102,1.0,1.0,True
2017-06-12,23,BAC,-0.2733915,3.0,2.0,True
2017-06-19,23,BAC,0.160954,1.0,1.0,True
2017-06-26,23,BAC,0.2079604033333333,26.0,5.0,True
2017-07-03,23,BAC,0.028883,1.0,1.0,True
2017-07-10,23,BAC,-0.192989,1.0,1.0,True
2017-07-17,23,BAC,0.4474778125,16.0,1.0,True
2017-07-31,23,BAC,-0.880993,1.0,1.0,True
2017-08-07,23,BAC,0.302964,2.0,2.0,True
2017-08-14,23,BAC,-0.3142543333333333,3.0,3.0,True
2017-08-28,23,BAC,0.25065525,6.0,2.0,True
2017-09-18,23,BAC,-0.7776955,2.0,1.0,True
2017-09-25,23,BAC,0.123037,3.0,2.0,True
2017-10-02,23,BAC,0.201558,1.0,1.0,True
2017-10-09,23,BAC,0.3519263214285714,9.0,2.0,True
2017-10-23,23,BAC,-0.4227535,2.0,2.0,True
2017-11-06,23,BAC,-0.751589,1.0,1.0,True
2017-11-13,23,BAC,0.079592,1.0,1.0,True
2017-11-20,23,BAC,-0.703263,1.0,1.0,True
2017-11-27,23,BAC,-0.195409,2.0,2.0,True
2017-12-04,23,BAC,0.33519325,4.0,2.0,True
2017-12-11,23,BAC,0.0012599999999999,2.0,2.0,True
2017-12-18,23,BAC,0.4572684999999999,2.0,1.0,True
2018-01-08,23,BAC,0.3642539999999999,2.0,2.0,True
2018-01-15,23,BAC,-0.3111188833333333,16.0,5.0,True
2018-01-22,23,BAC,-0.2833625,4.0,3.0,True
2018-01-29,23,BAC,-0.0633233333333333,4.0,3.0,True
2018-02-05,23,BAC,0.2124946666666666,5.0,2.0,True
2018-02-12,23,BAC,-0.1737143333333333,3.0,3.0,True
2018-02-19,23,BAC,0.02855,1.0,1.0,True
2018-02-26,23,BAC,-0.186572,2.0,2.0,True
2018-03-12,23,BAC,-0.1290115,2.0,1.0,True
2018-03-19,23,BAC,-0.8963138571428573,9.0,3.0,True
2018-03-26,23,BAC,-0.86613125,5.0,2.0,True
2018-04-02,23,BAC,-0.007981,1.0,1.0,True
2018-04-09,23,BAC,-0.23995775,3.0,2.0,True
2018-04-16,23,BAC,0.6153369375,9.0,2.0,True
2018-04-23,23,BAC,-0.873668,1.0,1.0,True
2018-04-30,23,BAC,-0.512354,1.0,1.0,True
2018-05-07,23,BAC,-0.0767434583333333,9.0,4.0,True
2018-05-14,23,BAC,-0.501544,2.0,2.0,True
2018-05-21,23,BAC,0.015212,1.0,1.0,True
2018-05-28,23,BAC,0.285616,1.0,1.0,True
2018-06-04,23,BAC,0.0063609999999999,1.0,1.0,True
2018-06-11,23,BAC,-0.4067218333333333,4.0,2.0,True
2018-06-25,23,BAC,-0.07166575,8.0,4.0,True
2018-07-09,23,BAC,0.3193075,2.0,2.0,True
2018-07-16,23,BAC,0.5546223571428571,8.0,2.0,True
2018-07-30,23,BAC,-0.1221275,2.0,2.0,True
2018-08-06,23,BAC,0.2883915,2.0,2.0,True
2018-08-13,23,BAC,-0.1451925,3.0,2.0,True
2018-08-20,23,BAC,-0.49401,1.0,1.0,True
2018-08-27,23,BAC,0.326706,1.0,1.0,True
2018-09-03,23,BAC,-0.230351,1.0,1.0,True
2018-09-10,23,BAC,-0.0258384999999999,2.0,2.0,True
2018-09-17,23,BAC,-0.0594383333333333,4.0,2.0,True
2018-10-08,23,BAC,-0.854871,1.0,1.0,True
2018-10-15,23,BAC,-0.0852904999999999,10.0,2.0,True
2018-10-29,23,BAC,-0.155513,2.0,2.0,True
2018-11-12,23,BAC,0.17864,1.0,1.0,True
2018-12-03,23,BAC,0.2168515,2.0,2.0,True
2018-12-10,23,BAC,0.0221719999999999,2.0,2.0,True
2018-12-17,23,BAC,-0.0928784999999999,2.0,2.0,True
2018-12-24,23,BAC,0.123276,1.0,1.0,True
2018-12-31,23,BAC,-0.081026,1.0,1.0,True
2019-01-14,23,BAC,0.3635424722222222,8.0,3.0,True
2019-01-28,23,BAC,-0.3418966666666667,4.0,3.0,True
2019-02-04,23,BAC,0.5705546666666667,4.0,2.0,True
2019-02-11,23,BAC,0.079367,1.0,1.0,True
2019-02-25,23,BAC,-0.274517,4.0,2.0,True
2019-03-04,23,BAC,-0.2393495,2.0,1.0,True
2019-03-11,23,BAC,0.42447,1.0,1.0,True
2019-03-18,23,BAC,-0.089753,2.0,2.0,True
2019-03-25,23,BAC,-0.1880521875,7.0,4.0,True
2019-04-08,23,BAC,-0.042782,1.0,1.0,True
2019-04-15,23,BAC,0.0134684903846153,17.0,4.0,True
2019-04-22,23,BAC,0.2765365,2.0,2.0,True
2019-04-29,23,BAC,0.174322875,5.0,4.0,True
2019-05-06,23,BAC,0.1200425,2.0,2.0,True
2019-05-13,23,BAC,0.505326,1.0,1.0,True
2019-05-20,23,BAC,0.451083,1.0,1.0,True
2019-05-27,23,BAC,-0.036769,2.0,1.0,True
2019-06-10,23,BAC,0.0262585,2.0,2.0,True
2019-06-17,23,BAC,-0.2935475,2.0,2.0,True
2019-06-24,23,BAC,0.2674501666666666,6.0,2.0,True
2019-07-15,23,BAC,0.1588858333333333,17.0,3.0,True
2019-07-22,23,BAC,0.05896525,3.0,2.0,True
2019-07-29,23,BAC,-0.0994806666666666,3.0,3.0,True
2019-08-05,23,BAC,0.04119,1.0,1.0,True
2019-08-19,23,BAC,-0.4590823333333333,3.0,3.0,True
2019-09-02,23,BAC,-0.4173155,2.0,2.0,True
2019-09-16,23,BAC,0.294377,2.0,2.0,True
2019-10-07,23,BAC,0.0918819999999999,2.0,1.0,True
2019-10-14,23,BAC,0.0774894166666666,13.0,2.0,True
2019-11-04,23,BAC,0.23636,2.0,1.0,True
2019-11-11,23,BAC,0.494245,1.0,1.0,True
2019-12-02,23,BAC,-0.730028,1.0,1.0,True
2019-12-09,23,BAC,0.576796,1.0,1.0,True
2019-12-16,23,BAC,-0.1619654999999999,2.0,2.0,True
2020-01-13,23,BAC,0.650581,1.0,1.0,True
2020-01-27,23,BAC,0.012871,1.0,1.0,True
2020-02-10,23,BAC,-0.140254,1.0,1.0,True
2020-03-02,23,BAC,0.3260275,2.0,2.0,True
2020-03-09,23,BAC,-0.666623,1.0,1.0,True
2020-03-16,23,BAC,0.2071309999999999,4.0,2.0,True
2020-03-23,23,BAC,0.2640495,2.0,2.0,True
2020-03-30,23,BAC,-0.8193980000000001,2.0,2.0,True
2020-04-06,23,BAC,-0.3208813333333333,3.0,3.0,True
2020-04-13,23,BAC,-0.1220108095238095,10.0,3.0,True
2020-04-20,23,BAC,-0.165492,1.0,1.0,True
2020-05-04,23,BAC,0.422136,2.0,1.0,True
2020-05-11,23,BAC,0.551007,1.0,1.0,True
2020-05-18,23,BAC,0.048025,1.0,1.0,True
2020-05-25,23,BAC,-0.977591,1.0,1.0,True
2020-06-08,23,BAC,0.268734,1.0,1.0,True
2020-06-15,23,BAC,-0.055296,1.0,1.0,True
2020-06-22,23,BAC,-0.24303,2.0,2.0,True
2020-07-06,23,BAC,-0.0473689999999999,2.0,1.0,True
2020-07-13,23,BAC,-0.3879325,18.0,2.0,True
2020-07-20,23,BAC,0.1689005,3.0,2.0,True
2020-07-27,23,BAC,0.0394969166666666,7.0,2.0,True
2020-08-03,23,BAC,0.2724636,8.0,5.0,True
2020-08-10,23,BAC,0.372197,2.0,2.0,True
2020-08-31,23,BAC,0.193044,2.0,1.0,True
2020-09-07,23,BAC,0.035401,1.0,1.0,True
2020-09-14,23,BAC,0.423463,1.0,1.0,True
2020-09-21,23,BAC,0.069091,1.0,1.0,True
2020-09-28,23,BAC,0.021786,1.0,1.0,True
2020-10-05,23,BAC,0.075596,1.0,1.0,True
2020-10-12,23,BAC,-0.60657175,9.0,2.0,True
2020-10-19,23,BAC,0.042189,1.0,1.0,True
2020-10-26,23,BAC,0.606687,1.0,1.0,True
2020-11-09,23,BAC,-0.101141,2.0,2.0,True
2020-11-16,23,BAC,-0.884501,1.0,1.0,True
2020-11-30,23,BAC,0.340264,1.0,1.0,True
2020-12-14,23,BAC,0.0955826666666666,3.0,3.0,True
2020-12-21,23,BAC,0.4133395,2.0,1.0,True
2021-01-04,23,BAC,0.137654,1.0,1.0,True
2021-01-18,23,BAC,0.0835676666666666,14.0,2.0,True
2021-02-08,23,BAC,-0.88614,1.0,1.0,True
2021-02-22,23,BAC,0.2004625,2.0,2.0,True
2021-03-15,23,BAC,-0.728458,1.0,1.0,True
2021-03-22,23,BAC,0.0799343333333333,7.0,3.0,True
2021-03-29,23,BAC,0.0875485,2.0,2.0,True
2021-04-05,23,BAC,0.155427,1.0,1.0,True
2021-04-12,23,BAC,0.664686,7.0,2.0,True
2021-04-19,23,BAC,0.041367,2.0,2.0,True
2021-04-26,23,BAC,-0.2392918333333333,4.0,3.0,True
2021-05-03,23,BAC,-0.107563,1.0,1.0,True
2021-05-10,23,BAC,-0.1699529999999999,2.0,2.0,True
2021-05-24,23,BAC,0.173633,1.0,1.0,True
2021-06-07,23,BAC,0.168246,1.0,1.0,True
2021-06-14,23,BAC,0.4796855,2.0,2.0,True
2021-06-21,23,BAC,0.17548825,6.0,4.0,True
2021-06-28,23,BAC,0.4089935,5.0,2.0,True
2021-07-05,23,BAC,0.942334,1.0,1.0,True
2021-07-12,23,BAC,-0.3006033999999999,5.0,1.0,True
2021-07-19,23,BAC,0.5812315,2.0,2.0,True
2021-08-02,23,BAC,0.039179,1.0,1.0,True
2021-08-23,23,BAC,0.18046,3.0,1.0,True
2021-09-06,23,BAC,0.4745699999999999,3.0,1.0,True
2021-09-13,23,BAC,0.664906,1.0,1.0,True
2021-09-27,23,BAC,0.108054,1.0,1.0,True
2021-10-11,23,BAC,0.6013372857142858,7.0,1.0,True
2021-10-18,23,BAC,0.117281,2.0,2.0,True
2021-11-29,23,BAC,-0.257196,1.0,1.0,True
2021-12-06,23,BAC,0.273767,1.0,1.0,True
2022-01-10,23,BAC,0.261293375,8.0,1.0,True
2022-01-17,23,BAC,0.619271,9.0,2.0,True
2022-01-31,23,BAC,-0.889839,1.0,1.0,True
2022-02-07,23,BAC,0.1242025,2.0,1.0,True
2022-02-14,23,BAC,0.0961689999999999,2.0,2.0,True
2022-02-21,23,BAC,0.227084,1.0,1.0,True
2022-03-14,23,BAC,0.003866,1.0,1.0,True
2022-03-21,23,BAC,0.103438,1.0,1.0,True
2022-04-04,23,BAC,0.587789,3.0,3.0,True
2022-04-18,23,BAC,0.3572462777777778,8.0,3.0,True
2022-05-02,23,BAC,-0.9754595,2.0,1.0,True
2022-05-09,23,BAC,-0.348409,1.0,1.0,True
2022-05-30,23,BAC,-0.731101,1.0,1.0,True
2022-06-06,23,BAC,-0.1047123333333333,3.0,3.0,True
2022-06-20,23,BAC,-0.336092,2.0,2.0,True
2022-07-04,23,BAC,0.413045,3.0,3.0,True
2022-07-11,23,BAC,-0.3883577777777778,12.0,3.0,True
2022-07-18,23,BAC,-0.47332275,8.0,1.0,True
2022-07-25,23,BAC,-0.126866,1.0,1.0,True
2022-08-01,23,BAC,0.729474,1.0,1.0,True
2022-08-08,23,BAC,-0.146035,1.0,1.0,True
2022-08-15,23,BAC,-0.309069,2.0,1.0,True
2022-08-29,23,BAC,-0.304339,1.0,1.0,True
2022-09-05,23,BAC,-0.5266013333333334,3.0,1.0,True
2022-09-12,23,BAC,0.081527,2.0,1.0,True
2022-10-03,23,BAC,-0.2898326666666666,4.0,2.0,True
2022-10-10,23,BAC,0.177862,2.0,1.0,True
2022-10-17,23,BAC,0.1298306666666666,8.0,3.0,True
2022-10-24,23,BAC,0.374541,1.0,1.0,True
2022-11-07,23,BAC,0.182768,1.0,1.0,True
2022-11-21,23,BAC,0.885521,1.0,1.0,True
2022-11-28,23,BAC,-0.420784,1.0,1.0,True
2022-12-05,23,BAC,0.209595,1.0,1.0,True
2022-12-12,23,BAC,0.011866,1.0,1.0,True
2022-12-26,23,BAC,0.396241,1.0,1.0,True
2023-01-09,23,BAC,0.3632644666666667,7.0,3.0,True
2023-01-16,23,BAC,-0.7233175000000001,2.0,2.0,True
2023-02-06,23,BAC,0.04266,1.0,1.0,True
2023-02-13,23,BAC,-0.050186,2.0,2.0,True
2023-03-13,23,BAC,0.03628025,8.0,3.0,True
2023-04-03,23,BAC,0.029131,1.0,1.0,True
2023-04-10,23,BAC,0.1183425,2.0,2.0,True
2023-04-17,23,BAC,0.3825772222222222,8.0,3.0,True
2023-05-01,23,BAC,0.166352,1.0,1.0,True
2023-05-15,23,BAC,-0.092081,1.0,1.0,True
2023-06-12,23,BAC,-0.012104,1.0,1.0,True
2023-06-26,23,BAC,0.1006508333333333,4.0,3.0,True
2023-07-03,23,BAC,0.523065,2.0,1.0,True
2023-07-10,23,BAC,-0.5217632400000001,32.0,5.0,True
2023-07-17,23,BAC,-0.0165649833333333,10.0,4.0,True
2023-07-24,23,BAC,-0.861248,1.0,1.0,True
2023-07-31,23,BAC,-0.311997,1.0,1.0,True
2023-08-07,23,BAC,-0.5226476666666667,3.0,3.0,True
2023-08-14,23,BAC,-0.1913791666666666,4.0,3.0,True
2023-08-28,23,BAC,0.028115,1.0,1.0,True
2023-09-04,23,BAC,-0.00164,1.0,1.0,True
2023-09-11,23,BAC,0.346669,1.0,1.0,True
2023-09-18,23,BAC,0.0094255,2.0,2.0,True
2023-09-25,23,BAC,-0.577181,1.0,1.0,True
2023-10-16,23,BAC,0.5239048333333334,4.0,2.0,True
2023-11-27,23,BAC,-0.961195,2.0,1.0,True
2023-12-11,23,BAC,0.016047,1.0,1.0,True
2023-12-18,23,BAC,-0.1539469999999999,2.0,2.0,True
2024-01-08,23,BAC,-0.615123375,9.0,4.0,True
2024-01-15,23,BAC,0.046074,1.0,1.0,True
2024-01-22,23,BAC,-0.321019,1.0,1.0,True
2024-01-29,23,BAC,-0.7695875,2.0,1.0,True
2024-02-05,23,BAC,0.112626,3.0,3.0,True
2024-02-12,23,BAC,-0.6914804999999999,2.0,2.0,True
2024-03-11,23,BAC,-0.3019104999999999,2.0,2.0,True
2024-03-18,23,BAC,0.27491,1.0,1.0,True
2024-04-08,23,BAC,0.038626,1.0,1.0,True
2024-04-15,23,BAC,0.0150703333333333,6.0,3.0,True
2024-04-22,23,BAC,0.042274,1.0,1.0,True
2024-04-29,23,BAC,-0.853578,2.0,2.0,True
2024-05-13,23,BAC,0.3846985,2.0,2.0,True
2024-05-20,23,BAC,0.577875,1.0,1.0,True
2024-05-27,23,BAC,0.366091,1.0,1.0,True
2024-06-10,23,BAC,-0.016167,1.0,1.0,True
2024-06-24,23,BAC,0.188155,1.0,1.0,True
2024-07-15,23,BAC,0.0032325555555555,8.0,3.0,True
2024-07-22,23,BAC,0.652487,1.0,1.0,True
2024-07-29,23,BAC,-0.1559578333333333,4.0,2.0,True
2024-08-05,23,BAC,0.0193342499999999,3.0,2.0,True
2024-08-12,23,BAC,-0.806564,1.0,1.0,True
2024-08-26,23,BAC,-0.1034325,3.0,2.0,True
2024-09-02,23,BAC,-0.2531974999999999,4.0,1.0,True
2024-09-09,23,BAC,-0.141627,3.0,3.0,True
2024-09-16,23,BAC,0.2681365,2.0,1.0,True
2024-09-23,23,BAC,-0.0915567499999999,3.0,2.0,True
2024-09-30,23,BAC,-0.0828506666666666,7.0,3.0,True
2024-10-07,23,BAC,-0.12974325,3.0,2.0,True
2024-10-14,23,BAC,-0.1967952222222222,5.0,3.0,True
2024-10-21,23,BAC,-0.602874,1.0,1.0,True
2024-10-28,23,BAC,-0.624556,1.0,1.0,True
2024-11-04,23,BAC,-0.11427425,3.0,2.0,True
2024-11-11,23,BAC,0.178676,1.0,1.0,True
2024-11-18,23,BAC,0.816259,1.0,1.0,True
2024-11-25,23,BAC,0.367359,1.0,1.0,True
2024-12-09,23,BAC,0.170342,1.0,1.0,True
2024-12-16,23,BAC,-0.4693415,2.0,2.0,True
2024-12-23,23,BAC,0.1727953333333333,4.0,3.0,True
2025-01-13,23,BAC,0.5597467083333333,7.0,2.0,True
2025-01-20,23,BAC,0.838476,1.0,1.0,True
2025-01-27,23,BAC,0.074272,1.0,1.0,True
2025-02-03,23,BAC,0.182024,1.0,1.0,True
2025-02-10,23,BAC,0.46616,1.0,1.0,True
2025-02-24,23,BAC,-0.2028165,3.0,2.0,True
2025-03-03,23,BAC,-0.4900981249999999,5.0,4.0,True
2025-03-10,23,BAC,-0.17143,2.0,2.0,True
2025-03-17,23,BAC,-0.652465,1.0,1.0,True
2025-03-24,23,BAC,0.137336,1.0,1.0,True
2025-04-07,23,BAC,0.055742,1.0,1.0,True
2025-04-14,23,BAC,-0.2423273222222222,10.0,3.0,True
2025-04-21,23,BAC,-0.161572,3.0,3.0,True
2025-04-28,23,BAC,-0.757604,1.0,1.0,True
2025-05-12,23,BAC,-0.1130055,2.0,2.0,True
2025-05-19,23,BAC,-0.2282975,2.0,1.0,True
2025-06-09,23,BAC,0.010006,2.0,2.0,True
2025-06-23,23,BAC,-0.25595,2.0,1.0,True
2025-06-30,23,BAC,0.189733,1.0,1.0,True
2025-07-07,23,BAC,0.261627,2.0,2.0,True
2025-07-14,23,BAC,-0.0878855,6.0,3.0,True
2025-07-21,23,BAC,0.2823180833333333,5.0,2.0,True
2025-07-28,23,BAC,-0.204716,2.0,2.0,True
2025-08-04,23,BAC,-0.8666,2.0,2.0,True
2025-09-08,23,BAC,0.0846753333333333,3.0,3.0,True
2025-09-15,23,BAC,-0.3314745,2.0,2.0,True
2025-09-22,23,BAC,-0.33825,1.0,1.0,True
2025-09-29,23,BAC,0.291991,1.0,1.0,True
2025-10-13,23,BAC,0.2418137999999999,10.0,4.0,True
2025-10-20,23,BAC,0.052652,1.0,1.0,True
2025-11-03,23,BAC,-0.957245,1.0,1.0,True
2025-11-10,23,BAC,0.044802,1.0,1.0,True
2025-12-15,23,BAC,-0.0212284999999999,2.0,1.0,True
2015-01-05,160,GM,0.240543561111111,13.0,6.0,True
2015-01-12,160,GM,-0.3360866363636363,21.0,5.0,True
2015-01-19,160,GM,-0.0085334166666666,9.0,4.0,True
2015-01-26,160,GM,-0.2550302777777777,10.0,6.0,True
2015-02-02,160,GM,0.2124396907894737,30.0,4.0,True
2015-02-09,160,GM,-0.0014655857142857,27.0,7.0,True
2015-02-16,160,GM,-0.400939875,8.0,4.0,True
2015-02-23,160,GM,-0.4068056111111111,8.0,3.0,True
2015-03-02,160,GM,-0.1050302777777777,6.0,3.0,True
2015-03-09,160,GM,-0.1763606023809523,36.0,4.0,True
2015-03-16,160,GM,-0.4163158254545454,25.0,5.0,True
2015-03-23,160,GM,-0.2163133333333333,11.0,3.0,True
2015-03-30,160,GM,-0.0170915777777777,10.0,3.0,True
2015-04-06,160,GM,-0.0339993266666666,12.0,5.0,True
2015-04-13,160,GM,-0.3493247277777778,22.0,5.0,True
2015-04-20,160,GM,0.011947979793233,31.0,4.0,True
2015-04-27,160,GM,0.1548723472222222,24.0,6.0,True
2015-05-04,160,GM,0.2795564583333333,8.0,4.0,True
2015-05-11,160,GM,-0.05032035,16.0,5.0,True
2015-05-18,160,GM,-0.4191955844155844,29.0,7.0,True
2015-05-25,160,GM,0.0798656499999999,11.0,5.0,True
2015-06-01,160,GM,-0.2325735866666666,15.0,5.0,True
2015-06-08,160,GM,-0.39549438,20.0,5.0,True
2015-06-15,160,GM,0.1370891111111111,14.0,6.0,True
2015-06-22,160,GM,-0.385746,3.0,3.0,True
2015-06-29,160,GM,-0.2977668333333333,5.0,3.0,True
2015-07-06,160,GM,-0.1138550976430976,28.0,6.0,True
2015-07-13,160,GM,-0.1213100502645502,28.0,3.0,True
2015-07-20,160,GM,0.2728274427083333,23.0,4.0,True
2015-07-27,160,GM,0.3141651972222222,21.0,4.0,True
2015-08-03,160,GM,-0.07173344,9.0,5.0,True
2015-08-10,160,GM,-0.1171425,5.0,2.0,True
2015-08-17,160,GM,-0.0043476666666666,5.0,3.0,True
2015-08-24,160,GM,-0.2155411333333333,7.0,5.0,True
2015-08-31,160,GM,0.0591176944444444,15.0,6.0,True
2015-09-07,160,GM,-0.0271,2.0,1.0,True
2015-09-14,160,GM,-0.3939521892857143,84.0,4.0,True
2015-09-21,160,GM,-0.955712,1.0,1.0,True
2015-09-28,160,GM,0.5400982708333333,16.0,4.0,True
2015-10-05,160,GM,0.0430350555555555,8.0,3.0,True
2015-10-12,160,GM,0.0274802,14.0,5.0,True
2015-10-19,160,GM,0.1075673273809524,41.0,7.0,True
2015-10-26,160,GM,0.0568446798913043,53.0,4.0,True
2015-11-02,160,GM,0.056505244047619,25.0,6.0,True
2015-11-09,160,GM,-0.15887425,10.0,4.0,True
2015-11-16,160,GM,0.4761580555555555,8.0,3.0,True
2015-11-23,160,GM,0.424321,3.0,2.0,True
2015-11-30,160,GM,0.0819136666666666,3.0,3.0,True
2015-12-07,160,GM,0.2594109259259259,13.0,3.0,True
2015-12-14,160,GM,0.0449948333333333,11.0,3.0,True
2015-12-28,160,GM,-0.1667038333333333,4.0,2.0,True
2016-01-04,160,GM,0.2025963064888011,65.0,6.0,True
2016-01-11,160,GM,-0.1870649333333333,14.0,5.0,True
2016-01-18,160,GM,0.3490588402777777,24.0,6.0,True
2016-01-25,160,GM,0.1417892666666666,8.0,5.0,True
2016-02-01,160,GM,0.3276815749999999,29.0,4.0,True
2016-02-08,160,GM,-0.151674375,7.0,4.0,True
2016-02-15,160,GM,-0.4032198068181818,16.0,4.0,True
2016-02-22,160,GM,0.6184033333333333,3.0,3.0,True
2016-02-29,160,GM,-0.1909205,5.0,4.0,True
2016-03-07,160,GM,0.2985732895238095,28.0,5.0,True
2016-03-14,160,GM,0.3477730416666667,10.0,4.0,True
2016-03-21,160,GM,0.24795875,5.0,4.0,True
2016-03-28,160,GM,0.1236171111111111,32.0,6.0,True
2016-04-04,160,GM,0.1638372,10.0,5.0,True
2016-04-11,160,GM,-0.3422396826923077,17.0,4.0,True
2016-04-18,160,GM,0.6566545833333333,19.0,4.0,True
2016-04-25,160,GM,0.05106,6.0,3.0,True
2016-05-02,160,GM,-0.1177926874999999,8.0,4.0,True
2016-05-09,160,GM,-0.2654308939056113,126.0,3.0,True
2016-05-16,160,GM,-0.0105697083333333,20.0,6.0,True
2016-05-23,160,GM,0.1252512904761905,19.0,5.0,True
2016-05-30,160,GM,0.0416570666666666,12.0,4.0,True
2016-06-06,160,GM,0.1404621,10.0,5.0,True
2016-06-13,160,GM,0.24749375,3.0,2.0,True
2016-06-20,160,GM,0.125673125,7.0,4.0,True
2016-06-27,160,GM,-0.6014390000000001,6.0,3.0,True
2016-07-11,160,GM,-0.3226238692307692,29.0,5.0,True
2016-07-18,160,GM,0.274866488,36.0,5.0,True
2016-07-25,160,GM,-0.0491074999999999,5.0,2.0,True
2016-08-01,160,GM,-0.35520575,3.0,2.0,True
2016-08-08,160,GM,-0.1582272222222222,11.0,6.0,True
2016-08-15,160,GM,-0.3965281666666666,6.0,2.0,True
2016-08-22,160,GM,-0.3233378192918192,29.0,7.0,True
2016-08-29,160,GM,-0.2398577999999999,20.0,4.0,True
2016-09-05,160,GM,0.0789243333333333,35.0,7.0,True
2016-09-12,160,GM,-0.0633664469696969,22.0,6.0,True
2016-09-19,160,GM,0.4136473857142858,16.0,5.0,True
2016-09-26,160,GM,0.496408,3.0,2.0,True
2016-10-03,160,GM,0.473637625,5.0,2.0,True
2016-10-10,160,GM,0.6422654999999999,2.0,2.0,True
2016-10-17,160,GM,-0.168325,3.0,3.0,True
2016-10-24,160,GM,0.3538963802083333,21.0,4.0,True
2016-10-31,160,GM,-0.16621,15.0,2.0,True
2016-11-07,160,GM,-0.2347787222222222,12.0,3.0,True
2016-11-14,160,GM,0.0544532499999999,3.0,2.0,True
2016-11-21,160,GM,-0.1198516,8.0,3.0,True
2016-11-28,160,GM,-0.0147816666666666,3.0,3.0,True
2016-12-05,160,GM,0.452953,2.0,1.0,True
2016-12-12,160,GM,0.09403325,6.0,3.0,True
2016-12-19,160,GM,-0.5937397123809525,21.0,5.0,True
2016-12-26,160,GM,-0.90868,1.0,1.0,True
2017-01-02,160,GM,0.1855814797619047,23.0,6.0,True
2017-01-09,160,GM,0.193525625,13.0,4.0,True
2017-01-16,160,GM,0.1514206303030303,59.0,5.0,True
2017-01-23,160,GM,-0.0570704666666666,9.0,5.0,True
2017-01-30,160,GM,0.1471827564102564,20.0,4.0,True
2017-02-06,160,GM,0.0105366611111111,25.0,3.0,True
2017-02-13,160,GM,-0.1476629587301587,38.0,7.0,True
2017-02-20,160,GM,0.1795428999999999,7.0,5.0,True
2017-02-27,160,GM,0.0961715125396825,26.0,5.0,True
2017-03-06,160,GM,0.0039952537037037,73.0,6.0,True
2017-03-13,160,GM,-0.0073666166666666,14.0,5.0,True
2017-03-20,160,GM,-0.702956,3.0,3.0,True
2017-03-27,160,GM,0.1404318,6.0,2.0,True
2017-04-03,160,GM,0.25502687,14.0,5.0,True
2017-04-10,160,GM,0.4494529666666667,19.0,5.0,True
2017-04-17,160,GM,0.042747582046332,46.0,4.0,True
2017-04-24,160,GM,-0.2039270237254902,40.0,5.0,True
2017-05-01,160,GM,-0.0472946363636363,13.0,3.0,True
2017-05-08,160,GM,0.0337209083333333,19.0,4.0,True
2017-05-15,160,GM,-0.0046795822091886,47.0,5.0,True
2017-05-22,160,GM,-0.7473338952380952,18.0,5.0,True
2017-05-29,160,GM,-0.038705975,15.0,5.0,True
2017-06-05,160,GM,-0.1161639317460317,30.0,6.0,True
2017-06-12,160,GM,0.0261399611111111,17.0,4.0,True
2017-06-19,160,GM,-0.31002325,6.0,4.0,True
2017-06-26,160,GM,-0.1741831935064935,26.0,5.0,True
2017-07-03,160,GM,0.0983807777777778,11.0,6.0,True
2017-07-10,160,GM,-0.046528,2.0,1.0,True
2017-07-17,160,GM,-0.1545327499999999,9.0,4.0,True
2017-07-24,160,GM,0.0809152236842105,25.0,4.0,True
2017-07-31,160,GM,-0.2706766282051281,24.0,6.0,True
2017-08-07,160,GM,-0.2433289166666667,9.0,4.0,True
2017-08-14,160,GM,-0.3953529999999999,5.0,4.0,True
2017-08-21,160,GM,-0.4015767499999999,3.0,2.0,True
2017-08-28,160,GM,-0.02391,3.0,1.0,True
2017-09-04,160,GM,-0.1219695,4.0,3.0,True
2017-09-11,160,GM,0.33735475,5.0,4.0,True
2017-09-18,160,GM,0.0326613599999999,15.0,5.0,True
2017-09-25,160,GM,0.1599656666666666,3.0,3.0,True
2017-10-02,160,GM,0.5046737,25.0,5.0,True
2017-10-09,160,GM,0.2708005514285715,25.0,5.0,True
2017-10-16,160,GM,0.03208475,3.0,2.0,True
2017-10-23,160,GM,-0.0298133866666666,31.0,3.0,True
2017-10-30,160,GM,-0.55877875,3.0,2.0,True
2017-11-13,160,GM,0.2252024,15.0,5.0,True
2017-11-20,160,GM,-0.947169,1.0,1.0,True
2017-11-27,160,GM,0.3204947,21.0,4.0,True
2017-12-04,160,GM,-0.4094505,3.0,2.0,True
2017-12-11,160,GM,-0.1888115,2.0,2.0,True
2017-12-18,160,GM,0.2376809999999999,3.0,2.0,True
2017-12-25,160,GM,0.498847,4.0,1.0,True
2018-01-01,160,GM,-0.187860125,6.0,4.0,True
2018-01-08,160,GM,0.502672875,18.0,4.0,True
2018-01-15,160,GM,-0.1110404375,9.0,4.0,True
2018-01-22,160,GM,-0.61141425,3.0,2.0,True
2018-01-29,160,GM,0.303325,1.0,1.0,True
2018-02-05,160,GM,0.04016547008547,17.0,3.0,True
2018-02-12,160,GM,-0.26992954,14.0,5.0,True
2018-02-19,160,GM,0.0755128069444444,34.0,5.0,True
2018-02-26,160,GM,-0.1256446041666666,14.0,4.0,True
2018-03-05,160,GM,-0.2477318,17.0,5.0,True
2018-03-12,160,GM,-0.0740785125,17.0,4.0,True
2018-03-19,160,GM,-0.980923,1.0,1.0,True
2018-03-26,160,GM,-0.3228816666666667,4.0,2.0,True
2018-04-02,160,GM,-0.0611782095238095,14.0,5.0,True
2018-04-09,160,GM,-0.5789660095238094,13.0,5.0,True
2018-04-16,160,GM,-0.2355464999999999,8.0,5.0,True
2018-04-23,160,GM,-0.3452581303030303,22.0,5.0,True
2018-04-30,160,GM,0.2230006666666666,5.0,3.0,True
2018-05-07,160,GM,0.0404932499999999,12.0,4.0,True
2018-05-14,160,GM,-0.003626,2.0,1.0,True
2018-05-21,160,GM,0.441587,1.0,1.0,True
2018-05-28,160,GM,0.2038402877192982,25.0,5.0,True
2018-06-04,160,GM,0.1041293333333333,10.0,3.0,True
2018-06-11,160,GM,0.3708047261904761,13.0,4.0,True
2018-06-18,160,GM,0.240804,4.0,2.0,True
2018-06-25,160,GM,0.2766490555555555,6.0,3.0,True
2018-07-02,160,GM,-0.320142,3.0,3.0,True
2018-07-09,160,GM,0.7925405,2.0,2.0,True
2018-07-16,160,GM,0.4870515,2.0,2.0,True
2018-07-23,160,GM,-0.289897814849624,29.0,4.0,True
2018-07-30,160,GM,0.1405563333333333,6.0,3.0,True
2018-08-06,160,GM,-0.3125664999999999,2.0,2.0,True
2018-08-20,160,GM,-0.207125,2.0,2.0,True
2018-09-10,160,GM,-0.1229596666666666,5.0,3.0,True
2018-09-17,160,GM,-0.0358305,2.0,2.0,True
2018-09-24,160,GM,0.0927766666666666,7.0,2.0,True
2018-10-01,160,GM,0.5612777,26.0,2.0,True
2018-10-08,160,GM,-0.3329252499999999,3.0,2.0,True
2018-10-15,160,GM,-0.4206625,2.0,2.0,True
2018-10-22,160,GM,-0.5118893,6.0,2.0,True
2018-10-29,160,GM,0.7745514277777777,24.0,3.0,True
2018-11-19,160,GM,-0.104453,2.0,1.0,True
2018-11-26,160,GM,-0.3524159645985484,97.0,7.0,True
2018-12-03,160,GM,-0.2369059999999999,16.0,7.0,True
2018-12-10,160,GM,0.1678482321428571,21.0,4.0,True
2018-12-17,160,GM,-0.241732625,6.0,4.0,True
2018-12-24,160,GM,-0.3986933333333333,3.0,3.0,True
2018-12-31,160,GM,-0.2429015669191919,22.0,3.0,True
2019-01-07,160,GM,0.2957934166666667,21.0,4.0,True
2019-01-14,160,GM,0.2819405,3.0,2.0,True
2019-01-21,160,GM,0.08599625,3.0,2.0,True
2019-01-28,160,GM,-0.0501117835497835,27.0,7.0,True
2019-02-04,160,GM,0.055276125,37.0,6.0,True
2019-02-11,160,GM,0.1768245,11.0,3.0,True
2019-02-18,160,GM,0.4094410833333333,6.0,3.0,True
2019-02-25,160,GM,0.0451765857142857,12.0,5.0,True
2019-03-04,160,GM,-0.48937854,15.0,5.0,True
2019-03-11,160,GM,-0.512429,5.0,3.0,True
2019-03-18,160,GM,0.2517871055555555,37.0,6.0,True
2019-03-25,160,GM,0.2096273809523809,9.0,3.0,True
2019-04-01,160,GM,-0.5905144999999999,5.0,3.0,True
2019-04-08,160,GM,-0.038943,6.0,3.0,True
2019-04-15,160,GM,-0.400218375,5.0,4.0,True
2019-04-22,160,GM,-0.23143325,3.0,2.0,True
2019-04-29,160,GM,-0.24057699,22.0,5.0,True
2019-05-06,160,GM,-0.0968319980158729,27.0,4.0,True
2019-05-13,160,GM,-0.0651643333333333,5.0,3.0,True
2019-05-20,160,GM,0.1941735,6.0,2.0,True
2019-05-27,160,GM,0.0028199199999999,11.0,5.0,True
2019-06-03,160,GM,0.0425685039682539,18.0,6.0,True
2019-06-10,160,GM,-0.2507305079365079,11.0,3.0,True
2019-06-17,160,GM,-0.001087,1.0,1.0,True
2019-06-24,160,GM,-0.0048829999999999,3.0,2.0,True
2019-07-01,160,GM,-0.17286975,8.0,4.0,True
2019-07-08,160,GM,-0.2829486666666667,3.0,3.0,True
2019-07-15,160,GM,0.210998,3.0,3.0,True
2019-07-22,160,GM,0.0810099374999999,9.0,2.0,True
2019-07-29,160,GM,-0.3033395555555556,15.0,3.0,True
2019-08-05,160,GM,-0.0237557777777777,5.0,3.0,True
2019-08-12,160,GM,0.1619295,2.0,1.0,True
2019-08-26,160,GM,-0.65171925,3.0,2.0,True
2019-09-02,160,GM,0.0547264999999999,13.0,3.0,True
2019-09-09,160,GM,-0.2708049274509803,88.0,6.0,True
2019-09-16,160,GM,-0.3018098004659084,129.0,7.0,True
2019-09-23,160,GM,-0.1753425940170939,41.0,6.0,True
2019-09-30,160,GM,-0.1788609357666143,51.0,7.0,True
2019-10-07,160,GM,-0.2213614179271708,60.0,7.0,True
2019-10-14,160,GM,0.1372399583791022,108.0,6.0,True
2019-10-21,160,GM,-0.1160971222222222,64.0,6.0,True
2019-10-28,160,GM,-0.3008343343253968,49.0,6.0,True
2019-11-04,160,GM,-0.0928076666666666,9.0,2.0,True
2019-11-11,160,GM,-0.6517891333333333,7.0,3.0,True
2019-11-18,160,GM,-0.3860754448924731,55.0,4.0,True
2019-11-25,160,GM,0.3875455,2.0,2.0,True
2019-12-02,160,GM,0.207026425490196,29.0,5.0,True
2019-12-09,160,GM,0.0879582301587301,20.0,6.0,True
2019-12-16,160,GM,-0.3224978095238095,18.0,4.0,True
2019-12-23,160,GM,-0.479558,2.0,2.0,True
2019-12-30,160,GM,-0.6077490000000001,2.0,1.0,True
2020-01-06,160,GM,-0.0648472738095238,26.0,7.0,True
2020-01-13,160,GM,0.0717384999999999,14.0,6.0,True
2020-01-20,160,GM,0.1223373599999999,20.0,5.0,True
2020-01-27,160,GM,0.1848478928571428,22.0,4.0,True
2020-02-03,160,GM,-0.1585342051282051,17.0,3.0,True
2020-02-10,160,GM,0.1180222083333333,8.0,4.0,True
2020-02-17,160,GM,-0.0753372566666667,25.0,5.0,True
2020-02-24,160,GM,0.460343,1.0,1.0,True
2020-03-02,160,GM,0.6617177589285714,24.0,3.0,True
2020-03-09,160,GM,0.22072975,4.0,2.0,True
2020-03-16,160,GM,-0.1165789166666666,23.0,5.0,True
2020-03-23,160,GM,-0.2092531331578947,30.0,5.0,True
2020-03-30,160,GM,-0.0232542559523809,26.0,7.0,True
2020-04-06,160,GM,0.1606183161764705,22.0,4.0,True
2020-04-13,160,GM,0.410271,6.0,4.0,True
2020-04-20,160,GM,-0.2180182599999999,10.0,5.0,True
2020-04-27,160,GM,-0.368458488095238,21.0,4.0,True
2020-05-04,160,GM,0.0745736369047619,22.0,4.0,True
2020-05-11,160,GM,-0.1635764,9.0,5.0,True
2020-05-18,160,GM,0.292463875,9.0,4.0,True
2020-05-25,160,GM,0.19075975,4.0,2.0,True
2020-06-01,160,GM,0.57117,3.0,3.0,True
2020-06-08,160,GM,0.1738687499999999,4.0,4.0,True
2020-06-15,160,GM,-0.4953451111111111,5.0,3.0,True
2020-06-22,160,GM,-0.2187857708333333,13.0,4.0,True
2020-06-29,160,GM,-0.4399459678571428,17.0,4.0,True
2020-07-06,160,GM,-0.45669748,16.0,5.0,True
2020-07-13,160,GM,-0.1490885,4.0,4.0,True
2020-07-27,160,GM,0.2340186111111111,25.0,4.0,True
2020-08-03,160,GM,0.0781252916666666,10.0,4.0,True
2020-08-10,160,GM,-0.3456171357142856,19.0,6.0,True
2020-08-17,160,GM,0.2092373333333333,4.0,2.0,True
2020-08-24,160,GM,-0.1819265,2.0,1.0,True
2020-08-31,160,GM,0.3839627222222221,22.0,3.0,True
2020-09-07,160,GM,0.4697413423423422,43.0,3.0,True
2020-09-14,160,GM,0.1628544,14.0,4.0,True
2020-09-21,160,GM,-0.460445875,5.0,2.0,True
2020-09-28,160,GM,-0.32170871875,23.0,4.0,True
2020-10-05,160,GM,0.0139171666666666,6.0,3.0,True
2020-10-12,160,GM,-0.0266056666666666,3.0,3.0,True
2020-10-19,160,GM,0.21855765,30.0,4.0,True
2020-10-26,160,GM,0.4599029,6.0,5.0,True
2020-11-02,160,GM,0.2928295909090909,26.0,4.0,True
2020-11-09,160,GM,0.0431959854797979,34.0,6.0,True
2020-11-16,160,GM,0.5342487714285714,26.0,5.0,True
2020-11-23,160,GM,0.0314062416666666,34.0,6.0,True
2020-11-30,160,GM,-0.2355236787439613,33.0,6.0,True
2020-12-07,160,GM,0.552909,1.0,1.0,True
2020-12-14,160,GM,0.3474594583333333,7.0,2.0,True
2020-12-21,160,GM,-0.1842350833333333,13.0,4.0,True
2021-01-04,160,GM,0.4350153809523809,10.0,3.0,True
2021-01-11,160,GM,0.2993714999999999,13.0,6.0,True
2021-01-18,160,GM,0.2204959666666666,21.0,5.0,True
2021-01-25,160,GM,0.3829877744252873,50.0,4.0,True
2021-02-01,160,GM,-0.2215944166666666,7.0,3.0,True
2021-02-08,160,GM,0.1647470443485086,33.0,7.0,True
2021-02-15,160,GM,0.182687,4.0,3.0,True
2021-02-22,160,GM,0.013605,1.0,1.0,True
2021-03-01,160,GM,-0.1208685,13.0,5.0,True
2021-03-08,160,GM,0.3833003333333333,7.0,3.0,True
2021-03-15,160,GM,-0.3034267254689755,40.0,7.0,True
2021-03-22,160,GM,-0.07222439,19.0,5.0,True
2021-03-29,160,GM,0.206469625,13.0,5.0,True
2021-04-05,160,GM,0.2642060583333334,14.0,3.0,True
2021-04-12,160,GM,0.0695151666666666,11.0,4.0,True
2021-04-19,160,GM,0.1467875,4.0,2.0,True
2021-04-26,160,GM,0.2883698674242424,19.0,4.0,True
2021-05-03,160,GM,0.1520959074074074,21.0,3.0,True
2021-05-10,160,GM,-0.14555775,5.0,4.0,True
2021-05-24,160,GM,0.5438394999999999,5.0,3.0,True
2021-05-31,160,GM,0.3568490238095237,10.0,2.0,True
2021-06-07,160,GM,0.1338379999999999,3.0,3.0,True
2021-06-14,160,GM,0.3434763088888889,39.0,5.0,True
2021-06-21,160,GM,0.2071677499999999,3.0,2.0,True
2021-06-28,160,GM,0.2199085625,21.0,4.0,True
2021-07-05,160,GM,-0.1239996666666666,13.0,3.0,True
2021-07-12,160,GM,-0.05993175,7.0,4.0,True
2021-07-19,160,GM,-0.2158219777777777,29.0,6.0,True
2021-07-26,160,GM,0.363513,3.0,3.0,True
2021-08-02,160,GM,-0.19779925,26.0,5.0,True
2021-08-09,160,GM,-0.4451549166666667,7.0,3.0,True
2021-08-16,160,GM,-0.1490122447058823,27.0,5.0,True
2021-08-23,160,GM,-0.4488446714285715,12.0,5.0,True
2021-08-30,160,GM,-0.42852155,16.0,4.0,True
2021-09-06,160,GM,-0.293623425,13.0,4.0,True
2021-09-13,160,GM,0.0953563,11.0,5.0,True
2021-09-20,160,GM,0.476662,14.0,4.0,True
2021-09-27,160,GM,0.0729949666666666,15.0,3.0,True
2021-10-04,160,GM,0.5407712131652661,32.0,5.0,True
2021-10-11,160,GM,-0.1348999642857143,19.0,4.0,True
2021-10-18,160,GM,0.4903262499999999,4.0,4.0,True
2021-10-25,160,GM,-0.3553131041666666,24.0,4.0,True
2021-11-01,160,GM,-0.043284,1.0,1.0,True
2021-11-08,160,GM,0.3132623333333333,4.0,3.0,True
2021-11-15,160,GM,0.051087,1.0,1.0,True
2021-11-22,160,GM,0.41448,6.0,3.0,True
2021-11-29,160,GM,0.0742966153846153,17.0,3.0,True
2021-12-06,160,GM,0.4647548619047619,14.0,3.0,True
2021-12-13,160,GM,-0.18411995,11.0,2.0,True
2021-12-20,160,GM,-0.134115,3.0,1.0,True
2022-01-03,160,GM,0.3246936503759398,40.0,6.0,True
2022-01-10,160,GM,0.1751639333333333,7.0,3.0,True
2022-01-17,160,GM,0.3529124,15.0,5.0,True
2022-01-24,160,GM,0.6340210128205128,20.0,4.0,True
2022-01-31,160,GM,0.3448264555555556,20.0,5.0,True
2022-02-07,160,GM,0.138105875,6.0,2.0,True
2022-02-14,160,GM,0.3029048888888889,6.0,3.0,True
2022-02-21,160,GM,-0.2218955,2.0,2.0,True
2022-02-28,160,GM,-0.21779234,17.0,5.0,True
2022-03-07,160,GM,0.5086370833333334,7.0,3.0,True
2022-03-14,160,GM,0.17935925,9.0,4.0,True
2022-03-21,160,GM,-0.0119885714285714,10.0,4.0,True
2022-03-28,160,GM,0.4322367777777778,15.0,6.0,True
2022-04-04,160,GM,0.7196692619047619,21.0,3.0,True
2022-04-11,160,GM,0.3546585,3.0,2.0,True
2022-04-18,160,GM,-0.1520083333333333,3.0,3.0,True
2022-04-25,160,GM,0.1317648636363636,20.0,3.0,True
2022-05-09,160,GM,0.3609402222222222,8.0,3.0,True
2022-05-16,160,GM,0.0759743333333333,3.0,3.0,True
2022-05-23,160,GM,-0.3660676666666667,3.0,3.0,True
2022-05-30,160,GM,0.2926650625,7.0,4.0,True
2022-06-06,160,GM,-0.1538809999999999,4.0,4.0,True
2022-06-13,160,GM,0.0659155,4.0,4.0,True
2022-06-20,160,GM,-0.2479055,2.0,2.0,True
2022-06-27,160,GM,-0.1839502533333333,29.0,5.0,True
2022-07-04,160,GM,-0.3570304166666667,8.0,3.0,True
2022-07-11,160,GM,-0.0044178333333333,5.0,3.0,True
2022-07-18,160,GM,0.4886871999999999,8.0,5.0,True
2022-07-25,160,GM,-0.1586191984126984,37.0,6.0,True
2022-08-01,160,GM,-0.5108471666666666,4.0,3.0,True
2022-08-08,160,GM,-0.1481355833333333,7.0,4.0,True
2022-08-15,160,GM,0.0025878749999999,17.0,3.0,True
2022-08-22,160,GM,0.3776125,2.0,2.0,True
2022-08-29,160,GM,0.1080865555555555,11.0,3.0,True
2022-09-05,160,GM,-0.2971514166666666,6.0,3.0,True
2022-09-12,160,GM,0.0968709999999999,5.0,4.0,True
2022-09-19,160,GM,0.3113406074074074,25.0,6.0,True
2022-09-26,160,GM,0.19807425,5.0,4.0,True
2022-10-03,160,GM,-0.0619785555555555,13.0,3.0,True
2022-10-10,160,GM,0.3901053,8.0,4.0,True
2022-10-17,160,GM,0.2419595555555556,6.0,3.0,True
2022-10-24,160,GM,0.0763865043572984,32.0,6.0,True
2022-10-31,160,GM,0.0333255,4.0,2.0,True
2022-11-07,160,GM,0.2521613333333333,8.0,4.0,True
2022-11-14,160,GM,0.7024710833333333,19.0,5.0,True
2022-11-21,160,GM,-0.5422555,2.0,2.0,True
2022-11-28,160,GM,0.3773309999999999,2.0,2.0,True
2022-12-05,160,GM,0.3771306249999999,10.0,3.0,True
2022-12-12,160,GM,0.0307339095238095,22.0,5.0,True
2022-12-19,160,GM,-0.2010333888888889,9.0,3.0,True
2022-12-26,160,GM,-0.0074779999999999,1.0,1.0,True
2023-01-02,160,GM,0.10028696,16.0,5.0,True
2023-01-09,160,GM,0.12479,1.0,1.0,True
2023-01-16,160,GM,0.1522453214285714,12.0,4.0,True
2023-01-23,160,GM,-0.17400375,5.0,4.0,True
2023-01-30,160,GM,0.485165948051948,31.0,4.0,True
2023-02-06,160,GM,0.2481533166666666,10.0,4.0,True
2023-02-13,160,GM,0.2966086666666667,4.0,3.0,True
2023-02-20,160,GM,0.056137,1.0,1.0,True
2023-02-27,160,GM,-0.3825368282828283,17.0,3.0,True
2023-03-06,160,GM,0.2975783300653594,24.0,3.0,True
2023-03-13,160,GM,-0.274072273076923,21.0,5.0,True
2023-03-20,160,GM,-0.1208498833333333,12.0,3.0,True
2023-03-27,160,GM,0.2153923999999999,11.0,5.0,True
2023-04-03,160,GM,0.0594067277777777,41.0,6.0,True
2023-04-10,160,GM,-0.1382764999999999,3.0,2.0,True
2023-04-17,160,GM,-0.25730935,12.0,4.0,True
2023-04-24,160,GM,0.0949177195340501,48.0,6.0,True
2023-05-01,160,GM,-0.3239978333333333,5.0,2.0,True
2023-05-08,160,GM,-0.3730632222222222,7.0,3.0,True
2023-05-15,160,GM,-0.23314245,10.0,4.0,True
2023-05-29,160,GM,0.1574849999999999,3.0,1.0,True
2023-06-05,160,GM,0.3497082321428571,40.0,7.0,True
2023-06-12,160,GM,0.398918875,8.0,4.0,True
2023-06-19,160,GM,0.2879395,2.0,2.0,True
2023-06-26,160,GM,0.3856523666666667,8.0,5.0,True
2023-07-03,160,GM,-0.0566991666666666,7.0,4.0,True
2023-07-10,160,GM,0.2374656666666666,6.0,3.0,True
2023-07-17,160,GM,-0.271414875,5.0,2.0,True
2023-07-24,160,GM,0.364839,17.0,2.0,True
2023-07-31,160,GM,-0.228543375,8.0,4.0,True
2023-08-07,160,GM,0.3031724999999999,5.0,3.0,True
2023-08-14,160,GM,-0.0348233035714285,19.0,4.0,True
2023-08-21,160,GM,-0.2079742999999999,14.0,5.0,True
2023-08-28,160,GM,-0.1054126666666666,5.0,3.0,True
2023-09-04,160,GM,-0.1465129270833333,14.0,4.0,True
2023-09-11,160,GM,-0.16226416,15.0,5.0,True
2023-09-18,160,GM,-0.3981027196969697,17.0,4.0,True
2023-09-25,160,GM,-0.3070526666666666,11.0,3.0,True
2023-10-02,160,GM,-0.0237625833333333,46.0,7.0,True
2023-10-09,160,GM,-0.037854287037037,28.0,6.0,True
2023-10-16,160,GM,0.0604146761904761,25.0,7.0,True
2023-10-23,160,GM,-0.2456088015873015,84.0,7.0,True
2023-10-30,160,GM,0.1419810383333333,48.0,5.0,True
2023-11-06,160,GM,-0.3858331428571429,20.0,4.0,True
2023-11-13,160,GM,-0.1366830878835978,53.0,6.0,True
2023-11-20,160,GM,-0.7095434642857144,15.0,2.0,True
2023-11-27,160,GM,0.1075291431818182,30.0,4.0,True
2023-12-04,160,GM,0.3840879166666667,6.0,4.0,True
2023-12-11,160,GM,-0.0894176055555555,32.0,5.0,True
2023-12-18,160,GM,-0.34630675,5.0,4.0,True
2023-12-25,160,GM,-0.578094,3.0,2.0,True
2024-01-01,160,GM,0.2262704999999999,4.0,2.0,True
2024-01-08,160,GM,-0.0996782499999999,4.0,4.0,True
2024-01-15,160,GM,0.0248509375,7.0,4.0,True
2024-01-22,160,GM,-0.0623328,5.0,1.0,True
2024-01-29,160,GM,0.0708930555555556,18.0,3.0,True
2024-02-05,160,GM,-0.1499574222222222,9.0,3.0,True
2024-02-12,160,GM,-0.796098,1.0,1.0,True
2024-02-19,160,GM,-0.1998525,2.0,2.0,True
2024-02-26,160,GM,-0.142356,3.0,3.0,True
2024-03-04,160,GM,-0.0948567777777777,6.0,3.0,True
2024-03-11,160,GM,-0.1176343333333333,3.0,3.0,True
2024-03-18,160,GM,-0.2831953333333333,3.0,3.0,True
2024-03-25,160,GM,0.568211,1.0,1.0,True
2024-04-01,160,GM,-0.033928,5.0,4.0,True
2024-04-15,160,GM,0.2793433333333333,4.0,3.0,True
2024-04-22,160,GM,0.4840750694444444,12.0,3.0,True
2024-04-29,160,GM,0.0491685,2.0,1.0,True
2024-05-06,160,GM,0.1276519583333333,12.0,4.0,True
2024-05-13,160,GM,0.0271529999999999,3.0,3.0,True
2024-05-20,160,GM,0.1416925,6.0,4.0,True
2024-05-27,160,GM,-0.049294,1.0,1.0,True
2024-06-03,160,GM,0.367812,2.0,2.0,True
2024-06-10,160,GM,0.3340234696969696,15.0,3.0,True
2024-06-24,160,GM,0.1280389666666666,8.0,3.0,True
2024-07-01,160,GM,-0.3013483166666666,18.0,3.0,True
2024-07-08,160,GM,0.0375606666666666,3.0,3.0,True
2024-07-15,160,GM,-0.3928955,2.0,1.0,True
2024-07-22,160,GM,-0.1386845523809524,30.0,4.0,True
2024-07-29,160,GM,-0.301197,1.0,1.0,True
2024-08-05,160,GM,0.622739,1.0,1.0,True
2024-08-12,160,GM,-0.525699125,9.0,2.0,True
2024-08-19,160,GM,0.048822725,23.0,5.0,True
2024-08-26,160,GM,-0.1307356875,9.0,4.0,True
2024-09-02,160,GM,-0.5053525,4.0,3.0,True
2024-09-09,160,GM,0.6344564,5.0,1.0,True
2024-09-16,160,GM,-0.0342046666666666,23.0,6.0,True
2024-09-23,160,GM,0.510845,3.0,1.0,True
2024-09-30,160,GM,-0.1975203,8.0,5.0,True
2024-10-07,160,GM,-0.0184727083333333,9.0,6.0,True
2024-10-14,160,GM,0.1672287499999999,6.0,2.0,True
2024-10-21,160,GM,0.107538236111111,21.0,4.0,True
2024-10-28,160,GM,0.007408,1.0,1.0,True
2024-11-04,160,GM,0.0072404999999999,6.0,3.0,True
2024-11-11,160,GM,-0.0632848245098039,35.0,6.0,True
2024-11-18,160,GM,-0.281019,2.0,2.0,True
2024-11-25,160,GM,0.616298,1.0,1.0,True
2024-12-02,160,GM,-0.279262681232493,36.0,5.0,True
2024-12-09,160,GM,-0.553869598076923,32.0,4.0,True
2024-12-16,160,GM,0.709771,1.0,1.0,True
2024-12-30,160,GM,0.5611528333333333,6.0,1.0,True
2025-01-06,160,GM,-0.1345933333333333,3.0,3.0,True
2025-01-13,160,GM,-0.3127886277777778,15.0,3.0,True
2025-01-20,160,GM,-0.0889827499999999,4.0,4.0,True
2025-01-27,160,GM,0.212864703125,21.0,4.0,True
2025-02-03,160,GM,-0.22796095,9.0,4.0,True
2025-02-10,160,GM,-0.55507875,6.0,4.0,True
2025-02-17,160,GM,-0.991485,1.0,1.0,True
2025-02-24,160,GM,0.5850049166666667,7.0,2.0,True
2025-03-03,160,GM,0.1275123333333333,4.0,3.0,True
2025-03-10,160,GM,-0.828637,1.0,1.0,True
2025-03-17,160,GM,-0.1300542777777777,6.0,3.0,True
2025-03-24,160,GM,-0.0843523333333333,4.0,3.0,True
2025-03-31,160,GM,0.4552683888888889,12.0,3.0,True
2025-04-07,160,GM,-0.5496375809523809,17.0,6.0,True
2025-04-14,160,GM,-0.33065425,4.0,2.0,True
2025-04-21,160,GM,0.05616275,4.0,1.0,True
2025-04-28,160,GM,-0.1259878142347848,48.0,7.0,True
2025-05-05,160,GM,0.5268430000000001,6.0,2.0,True
2025-05-12,160,GM,0.6078198333333334,10.0,3.0,True
2025-05-19,160,GM,0.0665789,8.0,4.0,True
2025-05-26,160,GM,0.40362575,3.0,2.0,True
2025-06-02,160,GM,-0.0649364999999999,2.0,2.0,True
2025-06-09,160,GM,0.3987595231481481,22.0,6.0,True
2025-06-16,160,GM,-0.0551349999999999,2.0,2.0,True
2025-06-23,160,GM,-0.22450355,10.0,4.0,True
2025-06-30,160,GM,0.14301975,3.0,2.0,True
2025-07-07,160,GM,-0.654935,2.0,2.0,True
2025-07-14,160,GM,0.5821525555555556,8.0,3.0,True
2025-07-21,160,GM,-0.20348575,37.0,4.0,True
2025-07-28,160,GM,0.931265,1.0,1.0,True
2025-08-04,160,GM,-0.0416703928571428,13.0,4.0,True
2025-08-11,160,GM,0.307756,3.0,2.0,True
2025-08-25,160,GM,-0.2532393333333333,6.0,3.0,True
2025-09-01,160,GM,-0.1822165,8.0,5.0,True
2025-09-08,160,GM,-0.1196615,2.0,1.0,True
2025-09-15,160,GM,-0.22596525,3.0,2.0,True
2025-09-22,160,GM,0.0715016666666666,3.0,3.0,True
2025-09-29,160,GM,0.33957235,10.0,4.0,True
2025-10-06,160,GM,-0.1752245238095238,10.0,2.0,True
2025-10-13,160,GM,-0.1062338201754386,27.0,6.0,True
2025-10-20,160,GM,-0.211387176068376,24.0,6.0,True
2025-10-27,160,GM,-0.3760018810185185,35.0,6.0,True
2025-11-03,160,GM,-0.749324,1.0,1.0,True
2025-11-10,160,GM,-0.12915225,4.0,1.0,True
2025-11-24,160,GM,0.316327,1.0,1.0,True
2025-12-15,160,GM,-0.78179,1.0,1.0,True
2025-12-22,160,GM,-0.522524,1.0,1.0,True
2015-01-05,39,GS,-0.0619458666666666,8.0,3.0,True
2015-01-12,39,GS,-0.5466541625,17.0,4.0,True
2015-01-19,39,GS,-0.01863125,7.0,3.0,True
2015-02-02,39,GS,-0.127858375,6.0,4.0,True
2015-02-09,39,GS,0.06146025,4.0,2.0,True
2015-02-16,39,GS,0.0951882166666666,10.0,3.0,True
2015-02-23,39,GS,-0.482434,5.0,3.0,True
2015-03-02,39,GS,0.164480875,7.0,4.0,True
2015-03-09,39,GS,-0.6957974666666668,7.0,3.0,True
2015-03-16,39,GS,-0.0371233333333333,3.0,3.0,True
2015-03-30,39,GS,-0.2651426666666667,3.0,3.0,True
2015-04-06,39,GS,-0.0507059999999999,4.0,3.0,True
2015-04-13,39,GS,0.67042435,7.0,2.0,True
2015-04-20,39,GS,-0.0816539999999999,4.0,4.0,True
2015-04-27,39,GS,0.0149811,10.0,5.0,True
2015-05-04,39,GS,-0.0693569166666667,15.0,4.0,True
2015-05-11,39,GS,-0.1510877222222222,9.0,3.0,True
2015-05-18,39,GS,-0.0655063333333333,3.0,3.0,True
2015-05-25,39,GS,-0.0997312499999999,4.0,2.0,True
2015-06-01,39,GS,0.0233942777777777,6.0,3.0,True
2015-06-08,39,GS,0.061318,1.0,1.0,True
2015-06-15,39,GS,0.0955363333333333,4.0,3.0,True
2015-06-22,39,GS,-0.014084625,5.0,4.0,True
2015-06-29,39,GS,-0.48852725,5.0,2.0,True
2015-07-06,39,GS,-0.318160375,5.0,2.0,True
2015-07-13,39,GS,-0.0699791369047619,19.0,4.0,True
2015-07-20,39,GS,-0.316291,3.0,3.0,True
2015-07-27,39,GS,0.1262865555555555,6.0,3.0,True
2015-08-03,39,GS,0.037397,5.0,4.0,True
2015-08-10,39,GS,0.0513057666666666,10.0,4.0,True
2015-08-17,39,GS,0.2519991166666666,17.0,4.0,True
2015-08-31,39,GS,0.678055,1.0,1.0,True
2015-09-07,39,GS,0.141565875,5.0,2.0,True
2015-09-14,39,GS,-0.064759,3.0,3.0,True
2015-09-21,39,GS,0.1162677788461538,17.0,4.0,True
2015-09-28,39,GS,-0.1817009166666666,6.0,4.0,True
2015-10-05,39,GS,-0.12474075,3.0,2.0,True
2015-10-12,39,GS,-0.6201604333333334,24.0,6.0,True
2015-10-19,39,GS,-0.1722263124999999,12.0,2.0,True
2015-10-26,39,GS,-0.4383046666666666,9.0,3.0,True
2015-11-02,39,GS,-0.3592808541666666,9.0,4.0,True
2015-11-09,39,GS,-0.3261684933333333,15.0,5.0,True
2015-11-16,39,GS,-0.21676025,3.0,2.0,True
2015-11-23,39,GS,0.226755,1.0,1.0,True
2015-11-30,39,GS,0.009073,1.0,1.0,True
2015-12-07,39,GS,0.1621915,3.0,2.0,True
2015-12-14,39,GS,0.0949063333333333,3.0,3.0,True
2015-12-21,39,GS,0.069604,1.0,1.0,True
2015-12-28,39,GS,0.0807585,2.0,2.0,True
2016-01-04,39,GS,-0.0590725833333333,10.0,3.0,True
2016-01-11,39,GS,-0.1862029368421053,25.0,5.0,True
2016-01-18,39,GS,-0.2446737166666666,17.0,5.0,True
2016-01-25,39,GS,0.3255505,4.0,2.0,True
2016-02-01,39,GS,-0.2360416,5.0,5.0,True
2016-02-08,39,GS,-0.45683975,4.0,4.0,True
2016-02-15,39,GS,-0.1033975,4.0,4.0,True
2016-02-22,39,GS,-0.2184246666666666,4.0,3.0,True
2016-02-29,39,GS,-0.1828782833333332,14.0,5.0,True
2016-03-07,39,GS,-0.224958,2.0,1.0,True
2016-03-14,39,GS,0.2481876666666667,4.0,3.0,True
2016-03-21,39,GS,-0.965338,2.0,2.0,True
2016-04-04,39,GS,-0.61912775,6.0,4.0,True
2016-04-11,39,GS,-0.5415761166666666,19.0,5.0,True
2016-04-18,39,GS,-0.2954933476190476,21.0,5.0,True
2016-04-25,39,GS,0.7851866666666667,3.0,1.0,True
2016-05-02,39,GS,-0.1794292499999999,7.0,4.0,True
2016-05-09,39,GS,0.006293,1.0,1.0,True
2016-05-16,39,GS,0.155734125,5.0,4.0,True
2016-05-23,39,GS,-0.5724515,2.0,1.0,True
2016-05-30,39,GS,-0.2497545,6.0,1.0,True
2016-06-06,39,GS,-0.31193425,9.0,4.0,True
2016-06-13,39,GS,-0.2043793333333333,5.0,3.0,True
2016-06-20,39,GS,-0.0383735555555555,7.0,3.0,True
2016-06-27,39,GS,-0.6160573750000001,6.0,4.0,True
2016-07-04,39,GS,-0.461687,2.0,1.0,True
2016-07-11,39,GS,-0.3645864444444444,5.0,3.0,True
2016-07-18,39,GS,0.1146490866666666,24.0,5.0,True
2016-07-25,39,GS,-0.5431718085714285,21.0,5.0,True
2016-08-01,39,GS,-0.7107431428571429,10.0,3.0,True
2016-08-08,39,GS,0.2385226666666666,3.0,3.0,True
2016-08-15,39,GS,0.4562485,2.0,2.0,True
2016-08-22,39,GS,0.2000816333333333,8.0,2.0,True
2016-08-29,39,GS,0.0874225,2.0,2.0,True
2016-09-05,39,GS,-0.202498,4.0,2.0,True
2016-09-19,39,GS,-0.0909358066666666,18.0,5.0,True
2016-09-26,39,GS,-0.0515603333333333,6.0,4.0,True
2016-10-03,39,GS,-0.3126890833333333,5.0,2.0,True
2016-10-10,39,GS,-0.3526873333333333,12.0,5.0,True
2016-10-17,39,GS,-0.0113118375,18.0,4.0,True
2016-10-24,39,GS,-0.536962111111111,6.0,3.0,True
2016-10-31,39,GS,-0.1799029999999999,5.0,4.0,True
2016-11-07,39,GS,0.1622741111111111,7.0,3.0,True
2016-11-14,39,GS,0.2341764999999999,2.0,2.0,True
2016-11-21,39,GS,0.040906375,6.0,4.0,True
2016-11-28,39,GS,0.1320869666666666,9.0,5.0,True
2016-12-05,39,GS,0.0115488333333333,6.0,1.0,True
2016-12-12,39,GS,-0.0533508645833333,19.0,4.0,True
2016-12-19,39,GS,-0.6844031363636364,16.0,4.0,True
2016-12-26,39,GS,-0.337917,1.0,1.0,True
2017-01-02,39,GS,0.1788667777777778,5.0,3.0,True
2017-01-09,39,GS,0.1465,2.0,2.0,True
2017-01-16,39,GS,-0.0110094777777777,15.0,3.0,True
2017-01-23,39,GS,-0.334864375,9.0,4.0,True
2017-01-30,39,GS,-0.365468125,10.0,4.0,True
2017-02-06,39,GS,-0.7596943333333334,3.0,3.0,True
2017-02-13,39,GS,-0.3108697619047619,11.0,3.0,True
2017-02-20,39,GS,0.013002,4.0,4.0,True
2017-02-27,39,GS,-0.1683058333333333,4.0,3.0,True
2017-03-06,39,GS,0.1883275,2.0,2.0,True
2017-03-13,39,GS,-0.4312833333333334,6.0,3.0,True
2017-03-20,39,GS,-0.015498125,9.0,4.0,True
2017-03-27,39,GS,0.193383375,5.0,4.0,True
2017-04-03,39,GS,-0.1706619999999999,4.0,2.0,True
2017-04-17,39,GS,-0.1101368235294117,22.0,6.0,True
2017-04-24,39,GS,-0.397138,3.0,2.0,True
2017-05-01,39,GS,-0.5070771000000001,7.0,2.0,True
2017-05-08,39,GS,0.031532375,5.0,4.0,True
2017-05-22,39,GS,-0.3276089444444444,9.0,3.0,True
2017-05-29,39,GS,-0.5353685066666667,17.0,5.0,True
2017-06-05,39,GS,0.35805075,6.0,4.0,True
2017-06-12,39,GS,0.7121241666666667,4.0,2.0,True
2017-06-19,39,GS,0.897431,1.0,1.0,True
2017-06-26,39,GS,-0.569962,3.0,1.0,True
2017-07-03,39,GS,-0.476664,2.0,2.0,True
2017-07-10,39,GS,-0.1921209875,11.0,4.0,True
2017-07-17,39,GS,-0.680483125,10.0,4.0,True
2017-07-24,39,GS,0.1541136249999999,12.0,4.0,True
2017-07-31,39,GS,-0.1046745999999999,7.0,5.0,True
2017-08-07,39,GS,-0.2596965555555556,6.0,3.0,True
2017-08-14,39,GS,-0.1460233083333333,11.0,4.0,True
2017-08-21,39,GS,0.359288,1.0,1.0,True
2017-08-28,39,GS,-0.222022,1.0,1.0,True
2017-09-04,39,GS,0.07689,1.0,1.0,True
2017-09-11,39,GS,-0.2457508888888889,5.0,3.0,True
2017-09-18,39,GS,-0.22555675,6.0,4.0,True
2017-09-25,39,GS,-0.4801456666666667,4.0,2.0,True
2017-10-02,39,GS,-0.0060461111111111,8.0,6.0,True
2017-10-09,39,GS,0.1785164999999999,4.0,3.0,True
2017-10-16,39,GS,0.096685125,5.0,2.0,True
2017-10-23,39,GS,0.2690228333333333,4.0,3.0,True
2017-10-30,39,GS,0.3299189999999999,3.0,2.0,True
2017-11-06,39,GS,0.0586003333333333,4.0,3.0,True
2017-11-13,39,GS,-0.1398447333333333,8.0,5.0,True
2017-11-20,39,GS,0.739289,1.0,1.0,True
2017-11-27,39,GS,0.26125295,8.0,4.0,True
2017-12-11,39,GS,0.2071865,2.0,2.0,True
2017-12-18,39,GS,0.1818168125,7.0,4.0,True
2017-12-25,39,GS,-0.1267837833333333,17.0,2.0,True
2018-01-01,39,GS,-0.090248,1.0,1.0,True
2018-01-08,39,GS,0.1562138466666666,12.0,5.0,True
2018-01-15,39,GS,-0.2850825480769231,18.0,4.0,True
2018-01-22,39,GS,-0.0639453333333333,4.0,3.0,True
2018-01-29,39,GS,-0.2660909999999999,6.0,2.0,True
2018-02-05,39,GS,0.271623,4.0,3.0,True
2018-02-12,39,GS,0.24882375,3.0,2.0,True
2018-02-19,39,GS,0.04055425,9.0,6.0,True
2018-02-26,39,GS,0.014373125,8.0,4.0,True
2018-03-05,39,GS,-0.2899977090909091,20.0,5.0,True
2018-03-12,39,GS,-0.3114063257575757,18.0,4.0,True
2018-03-19,39,GS,-0.3516630555555555,8.0,3.0,True
2018-03-26,39,GS,0.146509125,8.0,4.0,True
2018-04-02,39,GS,-0.1661625,4.0,3.0,True
2018-04-09,39,GS,0.05215325,4.0,2.0,True
2018-04-16,39,GS,0.2306365,2.0,2.0,True
2018-04-23,39,GS,0.0522333333333333,3.0,3.0,True
2018-04-30,39,GS,0.0682800266666666,12.0,5.0,True
2018-05-07,39,GS,0.1479686590909091,18.0,4.0,True
2018-05-14,39,GS,0.1194617809523809,15.0,5.0,True
2018-05-21,39,GS,-0.5051810833333333,6.0,3.0,True
2018-05-28,39,GS,-0.2337402916666666,8.0,4.0,True
2018-06-04,39,GS,-0.5141285,4.0,3.0,True
2018-06-18,39,GS,0.498511,8.0,4.0,True
2018-06-25,39,GS,-0.0604004999999999,3.0,2.0,True
2018-07-02,39,GS,-0.1268311666666666,4.0,3.0,True
2018-07-09,39,GS,-0.5061426666666666,3.0,1.0,True
2018-07-16,39,GS,0.0789591222222222,40.0,4.0,True
2018-07-23,39,GS,-0.246712,3.0,3.0,True
2018-07-30,39,GS,0.0548904999999999,2.0,2.0,True
2018-08-06,39,GS,-0.0804193124999999,8.0,4.0,True
2018-08-13,39,GS,-0.13666,2.0,2.0,True
2018-08-20,39,GS,0.0195609999999999,6.0,2.0,True
2018-08-27,39,GS,0.1109374999999999,4.0,3.0,True
2018-09-03,39,GS,-0.512597,6.0,4.0,True
2018-09-10,39,GS,-0.172533,4.0,3.0,True
2018-09-17,39,GS,0.091353,4.0,3.0,True
2018-10-01,39,GS,0.243632,1.0,1.0,True
2018-10-08,39,GS,0.2062372499999999,5.0,4.0,True
2018-10-15,39,GS,-0.2474016666666666,8.0,5.0,True
2018-10-22,39,GS,0.1834344166666667,8.0,4.0,True
2018-10-29,39,GS,-0.4807844333333333,8.0,3.0,True
2018-11-05,39,GS,-0.6932148888888889,5.0,3.0,True
2018-11-12,39,GS,-0.8992066749999998,9.0,4.0,True
2018-11-19,39,GS,-0.264023875,5.0,4.0,True
2018-11-26,39,GS,-0.175158,4.0,2.0,True
2018-12-03,39,GS,0.356393,3.0,3.0,True
2018-12-10,39,GS,-0.58142,1.0,1.0,True
2018-12-17,39,GS,-0.8090134619047619,49.0,6.0,True
2018-12-24,39,GS,-0.339347,4.0,3.0,True
2018-12-31,39,GS,0.171045,3.0,2.0,True
2019-01-07,39,GS,-0.4083256,8.0,5.0,True
2019-01-14,39,GS,-0.3820648833333333,11.0,6.0,True
2019-01-21,39,GS,-0.4325035,2.0,2.0,True
2019-01-28,39,GS,-0.4864280714285715,11.0,7.0,True
2019-02-04,39,GS,-0.4638040416666666,9.0,4.0,True
2019-02-11,39,GS,0.2990485,4.0,4.0,True
2019-02-18,39,GS,4.695238095238363e-05,10.0,3.0,True
2019-02-25,39,GS,0.00077625,3.0,2.0,True
2019-03-04,39,GS,-0.3376558333333333,4.0,2.0,True
2019-03-11,39,GS,-0.4533671547619047,14.0,4.0,True
2019-03-18,39,GS,0.0782273333333333,4.0,3.0,True
2019-03-25,39,GS,0.1176168733333333,13.0,5.0,True
2019-04-01,39,GS,-0.894813,1.0,1.0,True
2019-04-08,39,GS,-0.20977675,5.0,2.0,True
2019-04-15,39,GS,-0.4110148333333333,26.0,4.0,True
2019-04-22,39,GS,-0.5538060000000001,12.0,3.0,True
2019-04-29,39,GS,0.239861,5.0,3.0,True
2019-05-06,39,GS,-0.0524021666666666,6.0,4.0,True
2019-05-13,39,GS,0.1865764444444444,9.0,3.0,True
2019-05-20,39,GS,-0.0614071111111111,8.0,3.0,True
2019-05-27,39,GS,0.218574,2.0,2.0,True
2019-06-03,39,GS,0.1084687222222222,6.0,3.0,True
2019-06-10,39,GS,0.2010361666666666,4.0,3.0,True
2019-06-24,39,GS,0.1086353333333333,7.0,4.0,True
2019-07-01,39,GS,0.476492,1.0,1.0,True
2019-07-08,39,GS,-0.030918,6.0,1.0,True
2019-07-15,39,GS,0.0976909285714285,8.0,2.0,True
2019-07-22,39,GS,-0.1408928333333333,4.0,3.0,True
2019-07-29,39,GS,0.0727005,2.0,2.0,True
2019-08-05,39,GS,-0.27114116,15.0,5.0,True
2019-08-19,39,GS,0.1585263333333333,3.0,3.0,True
2019-08-26,39,GS,-0.2561843333333333,4.0,3.0,True
2019-09-02,39,GS,-0.65604325,5.0,4.0,True
2019-09-09,39,GS,-0.5211673333333334,18.0,4.0,True
2019-09-16,39,GS,0.3414555,5.0,4.0,True
2019-09-23,39,GS,0.0216694999999999,3.0,2.0,True
2019-09-30,39,GS,0.260651,1.0,1.0,True
2019-10-07,39,GS,-0.145562,4.0,3.0,True
2019-10-14,39,GS,-0.3169612916666666,10.0,3.0,True
2019-10-21,39,GS,-0.563411,5.0,4.0,True
2019-10-28,39,GS,-0.0646995833333333,6.0,4.0,True
2019-11-11,39,GS,-0.5604436666666667,3.0,3.0,True
2019-11-25,39,GS,-0.1609416,5.0,1.0,True
2019-12-02,39,GS,-0.0012244999999999,4.0,4.0,True
2019-12-09,39,GS,-0.973357,2.0,1.0,True
2019-12-16,39,GS,-0.0393680833333333,23.0,5.0,True
2019-12-23,39,GS,-0.433769,2.0,1.0,True
2019-12-30,39,GS,0.745312,1.0,1.0,True
2020-01-06,39,GS,-0.2012823749999999,12.0,4.0,True
2020-01-13,39,GS,-0.107167275,13.0,4.0,True
2020-01-20,39,GS,-0.3086858333333333,5.0,3.0,True
2020-01-27,39,GS,0.3774505,3.0,2.0,True
2020-02-03,39,GS,-0.1479729333333333,11.0,5.0,True
2020-02-10,39,GS,0.3997536666666666,4.0,3.0,True
2020-02-17,39,GS,0.032711,1.0,1.0,True
2020-02-24,39,GS,-0.4597953928571429,11.0,2.0,True
2020-03-02,39,GS,0.113758,2.0,2.0,True
2020-03-09,39,GS,0.3239752,6.0,2.0,True
2020-03-16,39,GS,-0.0818711,15.0,5.0,True
2020-03-23,39,GS,0.331579125,5.0,2.0,True
2020-03-30,39,GS,-0.6913659999999999,7.0,2.0,True
2020-04-06,39,GS,-0.1590706499999999,8.0,4.0,True
2020-04-13,39,GS,0.089850990079365,19.0,4.0,True
2020-04-20,39,GS,0.070074,2.0,2.0,True
2020-04-27,39,GS,0.0356423888888888,7.0,3.0,True
2020-05-04,39,GS,0.3438991111111111,9.0,3.0,True
2020-05-11,39,GS,-0.2106164761904761,15.0,7.0,True
2020-05-18,39,GS,0.0103750119047619,13.0,4.0,True
2020-05-25,39,GS,0.1371041111111111,8.0,3.0,True
2020-06-01,39,GS,0.0211361785714285,9.0,2.0,True
2020-06-08,39,GS,-0.3620728333333333,8.0,4.0,True
2020-06-15,39,GS,-0.0646333333333333,3.0,3.0,True
2020-06-22,39,GS,0.1236086666666666,3.0,3.0,True
2020-06-29,39,GS,-0.314955,2.0,2.0,True
2020-07-06,39,GS,-0.163163,2.0,2.0,True
2020-07-13,39,GS,0.2334249821428571,11.0,4.0,True
2020-07-20,39,GS,0.04118935,11.0,2.0,True
2020-07-27,39,GS,0.264123,1.0,1.0,True
2020-08-03,39,GS,-0.35470795,8.0,5.0,True
2020-08-10,39,GS,0.2355220799999999,11.0,5.0,True
2020-08-17,39,GS,-0.022457,1.0,1.0,True
2020-08-24,39,GS,0.17839325,3.0,2.0,True
2020-08-31,39,GS,-0.5248600000000001,6.0,2.0,True
2020-09-07,39,GS,0.04738675,8.0,4.0,True
2020-09-14,39,GS,0.3963501666666666,4.0,3.0,True
2020-09-21,39,GS,0.1715793333333333,10.0,4.0,True
2020-09-28,39,GS,0.0040322499999999,8.0,3.0,True
2020-10-05,39,GS,0.2566962333333333,9.0,5.0,True
2020-10-12,39,GS,0.0011746666666666,9.0,3.0,True
2020-10-19,39,GS,-0.8071527788770054,54.0,6.0,True
2020-10-26,39,GS,-0.0135988749999999,5.0,4.0,True
2020-11-02,39,GS,0.0887521875,11.0,4.0,True
2020-11-09,39,GS,0.2034015,2.0,2.0,True
2020-11-16,39,GS,0.0164425833333333,10.0,4.0,True
2020-11-23,39,GS,0.2476065,2.0,1.0,True
2020-11-30,39,GS,0.13743225,6.0,4.0,True
2020-12-07,39,GS,0.1994681428571428,10.0,3.0,True
2020-12-14,39,GS,-0.4090026666666666,4.0,2.0,True
2020-12-28,39,GS,0.127435,1.0,1.0,True
2021-01-04,39,GS,0.311806,1.0,1.0,True
2021-01-11,39,GS,0.3515795,2.0,2.0,True
2021-01-18,39,GS,0.058995625,9.0,2.0,True
2021-01-25,39,GS,-0.6596929375,16.0,4.0,True
2021-02-01,39,GS,0.0711596666666666,4.0,3.0,True
2021-02-08,39,GS,0.5258183333333334,3.0,3.0,True
2021-02-15,39,GS,0.442582,2.0,1.0,True
2021-02-22,39,GS,0.0736839999999999,4.0,3.0,True
2021-03-01,39,GS,0.16639688,13.0,5.0,True
2021-03-08,39,GS,0.0647685,2.0,2.0,True
2021-03-15,39,GS,-0.5493325,3.0,2.0,True
2021-03-22,39,GS,-0.4276736666666667,5.0,3.0,True
2021-03-29,39,GS,-0.1103149999999999,5.0,2.0,True
2021-04-05,39,GS,0.050348,1.0,1.0,True
2021-04-12,39,GS,-0.0096420066666666,16.0,5.0,True
2021-04-19,39,GS,0.5362217499999999,3.0,2.0,True
2021-04-26,39,GS,0.1064920916666666,11.0,4.0,True
2021-05-03,39,GS,-0.1598875,3.0,2.0,True
2021-05-10,39,GS,-0.4025899,8.0,5.0,True
2021-05-17,39,GS,0.0242629999999999,7.0,4.0,True
2021-05-24,39,GS,-0.1582608333333333,4.0,3.0,True
2021-05-31,39,GS,-0.834533,1.0,1.0,True
2021-06-07,39,GS,0.34551325,3.0,2.0,True
2021-06-14,39,GS,0.68443,1.0,1.0,True
2021-06-21,39,GS,-0.2310305555555555,5.0,3.0,True
2021-06-28,39,GS,0.6370823333333333,3.0,3.0,True
2021-07-05,39,GS,0.1024154999999999,4.0,3.0,True
2021-07-12,39,GS,0.2555305454545454,14.0,3.0,True
2021-07-19,39,GS,0.48574,1.0,1.0,True
2021-07-26,39,GS,0.2667665,6.0,4.0,True
2021-08-02,39,GS,-0.0556576666666666,5.0,2.0,True
2021-08-09,39,GS,0.632784,1.0,1.0,True
2021-08-16,39,GS,0.2588285555555555,5.0,3.0,True
2021-08-23,39,GS,0.3374843333333333,3.0,3.0,True
2021-08-30,39,GS,0.104097,1.0,1.0,True
2021-09-06,39,GS,0.2546068333333333,6.0,3.0,True
2021-09-13,39,GS,0.3746513571428571,14.0,5.0,True
2021-09-20,39,GS,-0.17213375,3.0,2.0,True
2021-10-04,39,GS,-0.10098,4.0,2.0,True
2021-10-11,39,GS,0.128445125,11.0,3.0,True
2021-10-18,39,GS,0.2671465833333333,12.0,5.0,True
2021-10-25,39,GS,0.607981,1.0,1.0,True
2021-11-01,39,GS,0.6614716666666666,3.0,3.0,True
2021-11-08,39,GS,0.1455736666666666,5.0,3.0,True
2021-11-15,39,GS,0.062064,1.0,1.0,True
2021-11-22,39,GS,0.2612699999999999,3.0,3.0,True
2021-11-29,39,GS,0.16812025,3.0,2.0,True
2021-12-06,39,GS,-0.2116839999999999,2.0,2.0,True
2021-12-13,39,GS,-0.932571,1.0,1.0,True
2021-12-20,39,GS,-0.3930042222222222,5.0,3.0,True
2021-12-27,39,GS,0.1654175,2.0,1.0,True
2022-01-10,39,GS,-0.1081626666666666,6.0,2.0,True
2022-01-17,39,GS,-0.721101,7.0,1.0,True
2022-01-24,39,GS,0.3189474999999999,3.0,2.0,True
2022-01-31,39,GS,0.0318247777777777,5.0,3.0,True
2022-02-07,39,GS,-0.725517,1.0,1.0,True
2022-02-14,39,GS,0.1609436666666666,3.0,3.0,True
2022-02-28,39,GS,0.2021915,2.0,1.0,True
2022-03-07,39,GS,0.0406523333333333,15.0,2.0,True
2022-03-21,39,GS,0.3919614,7.0,2.0,True
2022-03-28,39,GS,-0.401845,3.0,1.0,True
2022-04-04,39,GS,-0.2915435,8.0,4.0,True
2022-04-11,39,GS,-0.262627,3.0,1.0,True
2022-04-18,39,GS,0.036829,2.0,2.0,True
2022-04-25,39,GS,0.57824,1.0,1.0,True
2022-05-09,39,GS,-0.4686637083333333,9.0,4.0,True
2022-05-16,39,GS,0.0164845,5.0,4.0,True
2022-05-23,39,GS,-0.2444683333333333,3.0,3.0,True
2022-05-30,39,GS,0.365746,1.0,1.0,True
2022-06-06,39,GS,-0.1364314999999999,5.0,4.0,True
2022-06-13,39,GS,-0.2413606666666666,3.0,3.0,True
2022-06-20,39,GS,-0.01913425,3.0,2.0,True
2022-06-27,39,GS,0.0207384999999999,2.0,2.0,True
2022-07-11,39,GS,-0.3253605,2.0,2.0,True
2022-07-18,39,GS,-0.105643803030303,14.0,2.0,True
2022-08-01,39,GS,-0.34819875,4.0,1.0,True
2022-08-15,39,GS,-0.955562,1.0,1.0,True
2022-08-22,39,GS,-0.400665,3.0,3.0,True
2022-08-29,39,GS,0.7591325,2.0,1.0,True
2022-09-05,39,GS,-0.43312,1.0,1.0,True
2022-09-12,39,GS,-0.4731055666666667,15.0,5.0,True
2022-09-19,39,GS,-0.1191391111111111,6.0,3.0,True
2022-09-26,39,GS,-0.139746,4.0,3.0,True
2022-10-10,39,GS,0.2164781666666666,4.0,3.0,True
2022-10-17,39,GS,0.1371340317460317,14.0,6.0,True
2022-10-24,39,GS,0.3952275,2.0,2.0,True
2022-10-31,39,GS,-0.2317285,5.0,3.0,True
2022-11-07,39,GS,0.14847225,4.0,4.0,True
2022-11-14,39,GS,0.5988,2.0,2.0,True
2022-11-21,39,GS,-0.490296,4.0,4.0,True
2022-11-28,39,GS,-0.0416119999999999,3.0,3.0,True
2022-12-05,39,GS,-0.1277869999999999,4.0,3.0,True
2022-12-12,39,GS,-0.5185615,20.0,4.0,True
2022-12-19,39,GS,-0.326341875,5.0,2.0,True
2022-12-26,39,GS,0.0171861249999999,9.0,4.0,True
2023-01-02,39,GS,-0.1238146666666666,3.0,3.0,True
2023-01-09,39,GS,-0.4714046249999999,27.0,6.0,True
2023-01-16,39,GS,-0.6320137565656566,23.0,6.0,True
2023-01-23,39,GS,-0.3931542083333333,15.0,6.0,True
2023-01-30,39,GS,0.3151489999999999,4.0,3.0,True
2023-02-06,39,GS,-0.0685033,8.0,5.0,True
2023-02-13,39,GS,-0.1098780833333333,8.0,4.0,True
2023-02-20,39,GS,0.0083148333333333,4.0,3.0,True
2023-02-27,39,GS,0.2827695833333333,6.0,3.0,True
2023-03-06,39,GS,-0.4855930142857143,12.0,2.0,True
2023-03-13,39,GS,-0.3223787999999999,10.0,5.0,True
2023-03-20,39,GS,0.1404564999999999,4.0,3.0,True
2023-03-27,39,GS,0.196068,1.0,1.0,True
2023-04-03,39,GS,-0.202890375,5.0,4.0,True
2023-04-10,39,GS,-0.088437875,6.0,4.0,True
2023-04-17,39,GS,-0.113226,14.0,5.0,True
2023-04-24,39,GS,0.1244521666666666,4.0,3.0,True
2023-05-01,39,GS,0.0468511666666666,11.0,4.0,True
2023-05-08,39,GS,-0.308081875,6.0,4.0,True
2023-05-15,39,GS,-0.24835364,12.0,5.0,True
2023-05-22,39,GS,0.013719,3.0,3.0,True
2023-05-29,39,GS,-0.3264904444444444,8.0,3.0,True
2023-06-05,39,GS,0.01148,2.0,2.0,True
2023-06-12,39,GS,-0.5091115416666666,11.0,3.0,True
2023-06-19,39,GS,-0.209149,1.0,1.0,True
2023-06-26,39,GS,-0.4708810222222222,17.0,6.0,True
2023-07-03,39,GS,0.1922199999999999,5.0,3.0,True
2023-07-10,39,GS,0.1133355,2.0,2.0,True
2023-07-17,39,GS,-0.7386916428571428,8.0,2.0,True
2023-07-24,39,GS,-0.3203,4.0,2.0,True
2023-07-31,39,GS,0.2888385,4.0,2.0,True
2023-08-07,39,GS,-0.5939086666666666,3.0,3.0,True
2023-08-14,39,GS,-0.0888968333333333,5.0,3.0,True
2023-08-21,39,GS,-0.359197875,5.0,4.0,True
2023-08-28,39,GS,-0.2947480533333333,13.0,5.0,True
2023-09-04,39,GS,0.1242826666666666,9.0,3.0,True
2023-09-11,39,GS,-0.1489048333333333,7.0,3.0,True
2023-09-18,39,GS,0.0121886666666667,4.0,3.0,True
2023-09-25,39,GS,0.114604,1.0,1.0,True
2023-10-02,39,GS,0.04884,1.0,1.0,True
2023-10-09,39,GS,-0.5504215,4.0,3.0,True
2023-10-16,39,GS,-0.1075467222222222,9.0,3.0,True
2023-10-23,39,GS,-0.630184,2.0,2.0,True
2023-10-30,39,GS,-0.147587,1.0,1.0,True
2023-11-06,39,GS,-0.0343687499999999,4.0,4.0,True
2023-11-13,39,GS,0.1250939,6.0,5.0,True
2023-11-20,39,GS,0.1158,3.0,1.0,True
2023-11-27,39,GS,-0.4531485,15.0,5.0,True
2023-12-04,39,GS,-0.5161176666666667,3.0,3.0,True
2023-12-11,39,GS,-0.547273,1.0,1.0,True
2023-12-18,39,GS,-0.7396015,2.0,2.0,True
2024-01-08,39,GS,-0.4040075,3.0,2.0,True
2024-01-15,39,GS,0.1475309285714285,10.0,4.0,True
2024-01-22,39,GS,0.239866,2.0,2.0,True
2024-01-29,39,GS,-0.0956483333333333,3.0,3.0,True
2024-02-05,39,GS,-0.1034501666666666,7.0,3.0,True
2024-02-12,39,GS,0.2263123333333333,3.0,3.0,True
2024-02-19,39,GS,-0.3316726666666666,3.0,3.0,True
2024-02-26,39,GS,0.6109253333333333,7.0,2.0,True
2024-03-04,39,GS,-0.60385375,3.0,2.0,True
2024-03-11,39,GS,0.3637145555555556,5.0,3.0,True
2024-03-18,39,GS,-0.1485475,2.0,1.0,True
2024-03-25,39,GS,0.553068,1.0,1.0,True
2024-04-01,39,GS,-0.4209595,2.0,2.0,True
2024-04-08,39,GS,-0.5639475,2.0,2.0,True
2024-04-15,39,GS,0.1874684444444444,6.0,3.0,True
2024-04-22,39,GS,0.0948108333333333,4.0,3.0,True
2024-04-29,39,GS,-0.0457102499999999,3.0,2.0,True
2024-05-06,39,GS,-0.1401635,4.0,1.0,True
2024-05-13,39,GS,0.231835,3.0,3.0,True
2024-05-20,39,GS,0.1606043333333333,3.0,3.0,True
2024-05-27,39,GS,0.411454,1.0,1.0,True
2024-06-03,39,GS,0.343489,1.0,1.0,True
2024-06-10,39,GS,0.3872455,2.0,2.0,True
2024-06-17,39,GS,0.0242975,2.0,1.0,True
2024-06-24,39,GS,-0.574044,2.0,2.0,True
2024-07-01,39,GS,-0.41577025,3.0,2.0,True
2024-07-08,39,GS,-0.037891,5.0,4.0,True
2024-07-15,39,GS,0.7611034166666667,7.0,2.0,True
2024-07-22,39,GS,-0.11711675,3.0,2.0,True
2024-07-29,39,GS,0.0923815,3.0,2.0,True
2024-08-05,39,GS,0.3988701666666667,4.0,3.0,True
2024-08-12,39,GS,-0.423739,3.0,3.0,True
2024-08-19,39,GS,0.1851266666666666,3.0,3.0,True
2024-08-26,39,GS,-0.2414509199999999,9.0,5.0,True
2024-09-02,39,GS,-0.1226124999999999,4.0,3.0,True
2024-09-09,39,GS,0.1107469999999999,5.0,3.0,True
2024-09-16,39,GS,0.0526645,2.0,2.0,True
2024-09-23,39,GS,-0.0605828,6.0,2.0,True
2024-09-30,39,GS,0.135453,1.0,1.0,True
2024-10-07,39,GS,0.098953,1.0,1.0,True
2024-10-14,39,GS,0.5689078,6.0,2.0,True
2024-10-21,39,GS,-0.8573081794871795,17.0,3.0,True
2024-10-28,39,GS,0.0166946111111111,6.0,3.0,True
2024-11-04,39,GS,0.030267875,5.0,4.0,True
2024-11-11,39,GS,0.3763398333333334,7.0,3.0,True
2024-11-18,39,GS,-0.1130674999999999,6.0,4.0,True
2024-11-25,39,GS,-0.6487052500000001,3.0,2.0,True
2024-12-02,39,GS,0.1273127777777778,6.0,3.0,True
2024-12-09,39,GS,0.1832206666666667,3.0,3.0,True
2024-12-16,39,GS,0.3123184999999999,2.0,2.0,True
2025-01-06,39,GS,-0.4611435,2.0,2.0,True
2025-01-13,39,GS,-0.0328119866666666,11.0,5.0,True
2025-01-20,39,GS,0.5736720416666666,7.0,4.0,True
2025-01-27,39,GS,-0.1820866111111111,6.0,3.0,True
2025-02-03,39,GS,0.367134,2.0,2.0,True
2025-02-10,39,GS,-0.0665081083333333,11.0,4.0,True
2025-02-17,39,GS,0.2161665,3.0,2.0,True
2025-02-24,39,GS,-0.1697154375,8.0,4.0,True
2025-03-03,39,GS,-0.3185430555555555,6.0,3.0,True
2025-03-10,39,GS,0.377014,1.0,1.0,True
2025-03-17,39,GS,-0.3100761666666666,5.0,3.0,True
2025-03-24,39,GS,0.147143,4.0,3.0,True
2025-03-31,39,GS,-0.1919459444444444,6.0,3.0,True
2025-04-07,39,GS,-0.0442724999999999,2.0,2.0,True
2025-04-14,39,GS,0.4594105833333333,13.0,5.0,True
2025-04-21,39,GS,0.127374625,7.0,4.0,True
2025-04-28,39,GS,-0.0154918749999999,7.0,4.0,True
2025-05-05,39,GS,-0.264275,2.0,2.0,True
2025-05-12,39,GS,-0.089437625,5.0,4.0,True
2025-05-19,39,GS,0.3008933333333333,6.0,4.0,True
2025-05-26,39,GS,-0.7272337777777778,7.0,3.0,True
2025-06-02,39,GS,0.147172125,6.0,2.0,True
2025-06-09,39,GS,0.643109,1.0,1.0,True
2025-06-16,39,GS,0.0778245,2.0,2.0,True
2025-06-23,39,GS,0.1890065,2.0,2.0,True
2025-06-30,39,GS,0.0950031249999999,5.0,4.0,True
2025-07-14,39,GS,0.4145946666666666,5.0,2.0,True
2025-07-21,39,GS,0.0255515,2.0,2.0,True
2025-07-28,39,GS,-0.2246453333333333,3.0,3.0,True
2025-08-04,39,GS,0.583806,1.0,1.0,True
2025-08-11,39,GS,-0.12635925,6.0,2.0,True
2025-08-18,39,GS,0.325309,4.0,2.0,True
2025-08-25,39,GS,-0.5115476666666666,3.0,3.0,True
2025-09-01,39,GS,0.171368,3.0,2.0,True
2025-09-08,39,GS,0.47370675,3.0,2.0,True
2025-09-15,39,GS,0.078996,3.0,2.0,True
2025-09-22,39,GS,-0.36281775,4.0,1.0,True
2025-09-29,39,GS,-0.136606,3.0,3.0,True
2025-10-06,39,GS,0.122875,6.0,4.0,True
2025-10-13,39,GS,0.2148590143589743,27.0,5.0,True
2025-10-20,39,GS,0.0554000624999999,8.0,4.0,True
2025-10-27,39,GS,0.0273642777777777,14.0,5.0,True
2025-11-03,39,GS,-0.08578405,9.0,4.0,True
2025-11-10,39,GS,0.0701681111111111,9.0,3.0,True
2025-11-17,39,GS,0.543743,1.0,1.0,True
2025-12-01,39,GS,0.487184,1.0,1.0,True
2025-12-08,39,GS,0.108846,1.0,1.0,True
2025-12-15,39,GS,0.098505,2.0,2.0,True
2025-12-22,39,GS,-0.15395,1.0,1.0,True
2015-01-05,60,INTC,0.3918747,20.0,4.0,True
2015-01-12,60,INTC,0.0569157081447963,34.0,4.0,True
2015-01-19,60,INTC,-0.723797,1.0,1.0,True
2015-01-26,60,INTC,0.1123645,2.0,2.0,True
2015-02-02,60,INTC,-0.33568225,7.0,2.0,True
2015-02-09,60,INTC,-0.080012,2.0,2.0,True
2015-02-16,60,INTC,-0.015133,1.0,1.0,True
2015-02-23,60,INTC,0.51417,2.0,2.0,True
2015-03-02,60,INTC,0.08432695,10.0,4.0,True
2015-03-09,60,INTC,-0.2168655625,16.0,4.0,True
2015-03-16,60,INTC,0.2241159642857143,18.0,2.0,True
2015-03-23,60,INTC,-0.0336228571428571,11.0,4.0,True
2015-03-30,60,INTC,0.40009,3.0,3.0,True
2015-04-06,60,INTC,-0.18600325,16.0,4.0,True
2015-04-13,60,INTC,0.1454171571428571,23.0,5.0,True
2015-04-20,60,INTC,0.8799,1.0,1.0,True
2015-04-27,60,INTC,-0.4668799999999999,5.0,2.0,True
2015-05-04,60,INTC,0.0104465,4.0,3.0,True
2015-05-11,60,INTC,0.38063,2.0,2.0,True
2015-05-18,60,INTC,0.020679125,5.0,2.0,True
2015-05-25,60,INTC,0.2325856732142857,30.0,7.0,True
2015-06-01,60,INTC,0.2387891748670212,58.0,4.0,True
2015-06-08,60,INTC,0.157188,2.0,2.0,True
2015-06-15,60,INTC,0.04372895,9.0,5.0,True
2015-06-22,60,INTC,-0.1638184999999999,2.0,2.0,True
2015-06-29,60,INTC,-0.2699795,11.0,3.0,True
2015-07-06,60,INTC,-0.0081719166666666,5.0,2.0,True
2015-07-13,60,INTC,-0.08793978125,27.0,4.0,True
2015-07-20,60,INTC,0.1332725,4.0,4.0,True
2015-07-27,60,INTC,0.5807536402116401,17.0,3.0,True
2015-08-03,60,INTC,0.4144108125,8.0,4.0,True
2015-08-10,60,INTC,0.1312632,5.0,5.0,True
2015-08-17,60,INTC,0.331235375,7.0,4.0,True
2015-08-24,60,INTC,0.6871391666666667,6.0,3.0,True
2015-08-31,60,INTC,0.3404814809523809,16.0,5.0,True
2015-09-07,60,INTC,0.0228435,4.0,1.0,True
2015-09-14,60,INTC,0.2182415,2.0,2.0,True
2015-09-28,60,INTC,-0.02113925,3.0,2.0,True
2015-10-05,60,INTC,0.1624675,6.0,3.0,True
2015-10-12,60,INTC,0.1418289791666666,21.0,3.0,True
2015-10-19,60,INTC,0.328189375,8.0,4.0,True
2015-10-26,60,INTC,0.0995037499999999,4.0,2.0,True
2015-11-02,60,INTC,-0.03704725,4.0,4.0,True
2015-11-09,60,INTC,0.1094189166666666,6.0,4.0,True
2015-11-16,60,INTC,0.5997022777777777,8.0,3.0,True
2015-11-23,60,INTC,0.167886,1.0,1.0,True
2015-11-30,60,INTC,-0.108174,1.0,1.0,True
2015-12-28,60,INTC,0.0193718333333333,6.0,3.0,True
2016-01-04,60,INTC,0.29492377,15.0,5.0,True
2016-01-11,60,INTC,-0.2199188263888889,21.0,3.0,True
2016-01-18,60,INTC,0.0405902,6.0,5.0,True
2016-01-25,60,INTC,0.517415,2.0,2.0,True
2016-02-08,60,INTC,-0.113381,2.0,1.0,True
2016-02-22,60,INTC,0.3345735,2.0,2.0,True
2016-02-29,60,INTC,0.07329425,3.0,2.0,True
2016-03-07,60,INTC,0.2257254444444444,9.0,3.0,True
2016-03-14,60,INTC,0.0381025,5.0,4.0,True
2016-03-21,60,INTC,-0.1639836791666666,13.0,4.0,True
2016-03-28,60,INTC,0.222428,1.0,1.0,True
2016-04-04,60,INTC,0.1040276749999999,9.0,4.0,True
2016-04-11,60,INTC,0.1282124166666666,9.0,4.0,True
2016-04-18,60,INTC,-0.3694720977011494,51.0,5.0,True
2016-04-25,60,INTC,-0.3257968166666667,11.0,5.0,True
2016-05-02,60,INTC,-0.9560735,2.0,2.0,True
2016-05-09,60,INTC,-0.4636355,2.0,2.0,True
2016-05-16,60,INTC,0.418243,2.0,1.0,True
2016-05-23,60,INTC,0.41968675,3.0,2.0,True
2016-05-30,60,INTC,0.1041057777777777,9.0,1.0,True
2016-06-06,60,INTC,0.26381375,9.0,4.0,True
2016-06-13,60,INTC,0.202094,1.0,1.0,True
2016-06-20,60,INTC,0.278868,3.0,3.0,True
2016-06-27,60,INTC,0.0686424249999999,18.0,5.0,True
2016-07-04,60,INTC,-0.677266,1.0,1.0,True
2016-07-18,60,INTC,-0.10419465,20.0,2.0,True
2016-07-25,60,INTC,-0.693857,1.0,1.0,True
2016-08-01,60,INTC,0.036313,5.0,4.0,True
2016-08-08,60,INTC,0.2628374230769231,19.0,4.0,True
2016-08-15,60,INTC,0.386462341991342,25.0,4.0,True
2016-08-22,60,INTC,0.315223,4.0,2.0,True
2016-08-29,60,INTC,0.3483939666666666,18.0,5.0,True
2016-09-05,60,INTC,0.2731089961038961,35.0,5.0,True
2016-09-12,60,INTC,0.6141457222222223,16.0,3.0,True
2016-09-19,60,INTC,0.1306599285714285,8.0,2.0,True
2016-09-26,60,INTC,0.1819059999999999,2.0,1.0,True
2016-10-10,60,INTC,0.105017,1.0,1.0,True
2016-10-17,60,INTC,-0.4955212499999999,9.0,3.0,True
2016-10-24,60,INTC,0.304346,5.0,4.0,True
2016-10-31,60,INTC,-0.3104468333333334,6.0,3.0,True
2016-11-14,60,INTC,-0.044523125,5.0,4.0,True
2016-11-21,60,INTC,-0.034401,3.0,1.0,True
2016-11-28,60,INTC,0.1209022142857143,8.0,2.0,True
2016-12-05,60,INTC,-0.267191,1.0,1.0,True
2016-12-12,60,INTC,-0.1246765,2.0,2.0,True
2017-01-02,60,INTC,0.2117925625,22.0,4.0,True
2017-01-09,60,INTC,-0.0828676666666666,4.0,2.0,True
2017-01-16,60,INTC,0.855364,3.0,2.0,True
2017-01-23,60,INTC,0.4103944374999999,18.0,4.0,True
2017-01-30,60,INTC,0.3245593333333333,4.0,3.0,True
2017-02-06,60,INTC,0.25050825,29.0,3.0,True
2017-02-13,60,INTC,0.226831,4.0,4.0,True
2017-02-20,60,INTC,-0.2812116666666666,4.0,3.0,True
2017-02-27,60,INTC,0.0506444999999999,2.0,2.0,True
2017-03-06,60,INTC,-0.1677386666666666,3.0,3.0,True
2017-03-13,60,INTC,0.2583398882275132,54.0,6.0,True
2017-03-20,60,INTC,0.056450625,6.0,4.0,True
2017-03-27,60,INTC,0.2684230416666667,7.0,4.0,True
2017-04-03,60,INTC,-0.1829866111111111,6.0,3.0,True
2017-04-17,60,INTC,-0.4134299999999999,2.0,2.0,True
2017-04-24,60,INTC,0.0015940555555555,20.0,6.0,True
2017-05-01,60,INTC,-0.6089213333333333,3.0,3.0,True
2017-05-08,60,INTC,0.0544724375,9.0,4.0,True
2017-05-15,60,INTC,0.026226675,9.0,4.0,True
2017-05-22,60,INTC,0.16047325,8.0,4.0,True
2017-05-29,60,INTC,0.1078916296296296,17.0,3.0,True
2017-06-05,60,INTC,-0.2326982083333333,7.0,4.0,True
2017-06-12,60,INTC,0.3256411607142857,19.0,4.0,True
2017-06-19,60,INTC,-0.06571275,7.0,3.0,True
2017-07-03,60,INTC,-0.1907522499999999,8.0,2.0,True
2017-07-10,60,INTC,0.0231468888888888,6.0,3.0,True
2017-07-17,60,INTC,-0.29503625,6.0,2.0,True
2017-07-24,60,INTC,0.1057478809523809,22.0,4.0,True
2017-07-31,60,INTC,-0.297618,1.0,1.0,True
2017-08-07,60,INTC,0.3388310714285714,19.0,5.0,True
2017-08-14,60,INTC,0.1282808606060606,31.0,5.0,True
2017-08-21,60,INTC,0.5258277916666667,14.0,2.0,True
2017-08-28,60,INTC,0.6489622500000001,4.0,2.0,True
2017-09-04,60,INTC,-0.05587375,13.0,4.0,True
2017-09-18,60,INTC,0.2114492833333333,14.0,3.0,True
2017-09-25,60,INTC,0.2265505555555555,13.0,3.0,True
2017-10-02,60,INTC,-0.05185785,11.0,3.0,True
2017-10-09,60,INTC,-0.0532276666666666,5.0,3.0,True
2017-10-16,60,INTC,0.2055155,10.0,4.0,True
2017-10-23,60,INTC,0.3697091249999999,10.0,4.0,True
2017-10-30,60,INTC,0.1300834333333333,8.0,5.0,True
2017-11-06,60,INTC,0.2805650833333333,11.0,3.0,True
2017-11-13,60,INTC,0.398449,1.0,1.0,True
2017-11-20,60,INTC,-0.2271237499999999,8.0,4.0,True
2017-11-27,60,INTC,0.291233125,6.0,4.0,True
2017-12-11,60,INTC,0.3117066666666667,10.0,5.0,True
2017-12-25,60,INTC,0.182767,3.0,2.0,True
2018-01-01,60,INTC,-0.3181891861631016,65.0,6.0,True
2018-01-08,60,INTC,0.0289577348484848,31.0,4.0,True
2018-01-15,60,INTC,-0.2343509999999999,6.0,1.0,True
2018-01-22,60,INTC,-0.078915120593692,35.0,7.0,True
2018-01-29,60,INTC,0.0254454785714285,16.0,5.0,True
2018-02-05,60,INTC,0.2884224374999999,9.0,4.0,True
2018-02-12,60,INTC,-0.065684,6.0,3.0,True
2018-02-19,60,INTC,-0.2273342499999999,13.0,4.0,True
2018-02-26,60,INTC,0.3372045,2.0,2.0,True
2018-03-05,60,INTC,-0.202006,3.0,2.0,True
2018-03-12,60,INTC,0.0993000749999999,13.0,4.0,True
2018-03-19,60,INTC,0.2226838888888888,7.0,3.0,True
2018-03-26,60,INTC,0.803715,3.0,2.0,True
2018-04-02,60,INTC,-0.06278564375,34.0,4.0,True
2018-04-09,60,INTC,0.077521,1.0,1.0,True
2018-04-16,60,INTC,-0.3642757777777778,5.0,3.0,True
2018-04-23,60,INTC,0.5988896666666667,3.0,3.0,True
2018-04-30,60,INTC,0.670125,1.0,1.0,True
2018-05-07,60,INTC,0.326723,2.0,2.0,True
2018-05-14,60,INTC,0.2200931428571428,14.0,4.0,True
2018-05-21,60,INTC,-0.107344,5.0,2.0,True
2018-05-28,60,INTC,0.532375,1.0,1.0,True
2018-06-04,60,INTC,0.276609,1.0,1.0,True
2018-06-11,60,INTC,-0.3166445,2.0,2.0,True
2018-06-18,60,INTC,-0.7676441388888889,47.0,3.0,True
2018-06-25,60,INTC,-0.1371581666666666,6.0,3.0,True
2018-07-02,60,INTC,0.0639428214285714,15.0,4.0,True
2018-07-09,60,INTC,-0.3386171,14.0,4.0,True
2018-07-16,60,INTC,0.069858,4.0,4.0,True
2018-07-23,60,INTC,-0.2399351271428572,18.0,5.0,True
2018-07-30,60,INTC,0.0049561111111111,5.0,3.0,True
2018-08-06,60,INTC,0.3387909027777778,13.0,6.0,True
2018-08-13,60,INTC,0.1425777,16.0,5.0,True
2018-08-20,60,INTC,-0.0582151666666666,4.0,3.0,True
2018-08-27,60,INTC,0.1222630208333333,12.0,4.0,True
2018-09-03,60,INTC,0.239392,1.0,1.0,True
2018-09-10,60,INTC,-0.294007,2.0,2.0,True
2018-09-17,60,INTC,-0.016945,1.0,1.0,True
2018-09-24,60,INTC,-0.03398875,5.0,2.0,True
2018-10-01,60,INTC,-0.2797645833333333,5.0,2.0,True
2018-10-08,60,INTC,0.1902392395833333,13.0,4.0,True
2018-10-15,60,INTC,-0.0756328333333333,6.0,4.0,True
2018-10-22,60,INTC,0.1611457291666666,10.0,4.0,True
2018-10-29,60,INTC,-0.3509926666666667,3.0,3.0,True
2018-11-05,60,INTC,0.666078,1.0,1.0,True
2018-11-12,60,INTC,0.56125275,3.0,2.0,True
2018-11-26,60,INTC,-0.2160885,4.0,2.0,True
2018-12-03,60,INTC,0.3088156666666666,3.0,3.0,True
2018-12-10,60,INTC,0.427629725,17.0,4.0,True
2018-12-17,60,INTC,-0.1153564999999999,4.0,4.0,True
2018-12-24,60,INTC,0.6871,1.0,1.0,True
2019-01-07,60,INTC,-0.0261195312499999,19.0,4.0,True
2019-01-14,60,INTC,-0.158572,3.0,2.0,True
2019-01-21,60,INTC,0.0978602125,15.0,4.0,True
2019-01-28,60,INTC,0.336750323015873,32.0,5.0,True
2019-02-04,60,INTC,-0.1045099999999999,3.0,3.0,True
2019-02-11,60,INTC,-0.443187,2.0,1.0,True
2019-02-18,60,INTC,-0.0896144166666666,8.0,4.0,True
2019-02-25,60,INTC,0.7236670000000001,4.0,2.0,True
2019-03-04,60,INTC,0.22424525,3.0,2.0,True
2019-03-11,60,INTC,-0.0089705999999999,7.0,3.0,True
2019-03-18,60,INTC,0.0403943333333333,18.0,6.0,True
2019-03-25,60,INTC,-0.1834768333333333,5.0,3.0,True
2019-04-01,60,INTC,-0.001163775,9.0,4.0,True
2019-04-08,60,INTC,-0.2213842499999999,8.0,4.0,True
2019-04-15,60,INTC,0.201109875,7.0,2.0,True
2019-04-22,60,INTC,-0.0552816916666666,28.0,6.0,True
2019-04-29,60,INTC,-0.47337575,3.0,2.0,True
2019-05-06,60,INTC,0.088867625,14.0,4.0,True
2019-05-13,60,INTC,-0.6880805,9.0,4.0,True
2019-05-20,60,INTC,0.0791260416666666,10.0,4.0,True
2019-05-27,60,INTC,0.2598187222222222,11.0,3.0,True
2019-06-03,60,INTC,0.009369,1.0,1.0,True
2019-06-10,60,INTC,-0.3274814499999999,10.0,5.0,True
2019-06-17,60,INTC,-0.0661324999999999,2.0,2.0,True
2019-06-24,60,INTC,-0.031944,2.0,2.0,True
2019-07-01,60,INTC,0.3681551666666667,4.0,3.0,True
2019-07-08,60,INTC,0.1706333333333333,4.0,3.0,True
2019-07-15,60,INTC,0.3668396666666666,3.0,3.0,True
2019-07-22,60,INTC,-0.0429903207511947,62.0,6.0,True
2019-07-29,60,INTC,0.1240366333333333,18.0,5.0,True
2019-08-05,60,INTC,0.1423590833333333,15.0,3.0,True
2019-08-12,60,INTC,0.740999,1.0,1.0,True
2019-08-19,60,INTC,0.1674838939393939,18.0,3.0,True
2019-08-26,60,INTC,-0.005851,1.0,1.0,True
2019-09-02,60,INTC,0.080353,2.0,2.0,True
2019-09-09,60,INTC,-0.004565,1.0,1.0,True
2019-09-16,60,INTC,-0.1334696666666666,3.0,3.0,True
2019-09-23,60,INTC,-0.274213,2.0,2.0,True
2019-09-30,60,INTC,0.2842428666666666,10.0,5.0,True
2019-10-07,60,INTC,0.0369025,5.0,3.0,True
2019-10-14,60,INTC,0.2236709166666666,9.0,3.0,True
2019-10-21,60,INTC,0.0434716597222222,16.0,4.0,True
2019-10-28,60,INTC,-0.1471479999999999,4.0,3.0,True
2019-11-04,60,INTC,0.0811205,4.0,2.0,True
2019-11-11,60,INTC,0.1487739333333333,10.0,4.0,True
2019-11-18,60,INTC,-0.110673625,15.0,4.0,True
2019-11-25,60,INTC,0.190855,8.0,4.0,True
2019-12-02,60,INTC,-0.3391401666666666,7.0,3.0,True
2019-12-09,60,INTC,0.5728854999999999,6.0,2.0,True
2019-12-16,60,INTC,0.2594493,10.0,1.0,True
2019-12-30,60,INTC,0.018281,1.0,1.0,True
2020-01-06,60,INTC,0.1143996666666666,11.0,3.0,True
2020-01-13,60,INTC,0.163023,3.0,2.0,True
2020-01-20,60,INTC,0.2193363375,13.0,4.0,True
2020-01-27,60,INTC,0.4621595,2.0,1.0,True
2020-02-10,60,INTC,0.159018,2.0,2.0,True
2020-02-17,60,INTC,0.0268875,6.0,4.0,True
2020-02-24,60,INTC,0.111641111111111,5.0,3.0,True
2020-03-02,60,INTC,-0.6953812916666666,8.0,4.0,True
2020-03-09,60,INTC,-0.7813286666666667,4.0,2.0,True
2020-03-23,60,INTC,-0.1457791249999999,6.0,2.0,True
2020-03-30,60,INTC,-0.1909055,11.0,4.0,True
2020-04-06,60,INTC,0.25220875,3.0,2.0,True
2020-04-20,60,INTC,0.083756125,15.0,4.0,True
2020-04-27,60,INTC,0.3187052222222222,8.0,3.0,True
2020-05-04,60,INTC,0.4837215666666666,16.0,3.0,True
2020-05-11,60,INTC,0.10678075,6.0,4.0,True
2020-05-18,60,INTC,0.1498740833333333,8.0,3.0,True
2020-06-01,60,INTC,0.112117,1.0,1.0,True
2020-06-08,60,INTC,-0.0343188333333333,17.0,5.0,True
2020-06-15,60,INTC,0.4212765555555555,5.0,3.0,True
2020-06-22,60,INTC,-0.2961957333333334,7.0,3.0,True
2020-06-29,60,INTC,0.3019077735042735,43.0,3.0,True
2020-07-06,60,INTC,-0.0352704166666666,9.0,4.0,True
2020-07-13,60,INTC,-0.169755,1.0,1.0,True
2020-07-20,60,INTC,-0.470717725,15.0,5.0,True
2020-07-27,60,INTC,0.0171543333333333,5.0,3.0,True
2020-08-03,60,INTC,-0.28847075,3.0,2.0,True
2020-08-10,60,INTC,-0.07333225,7.0,6.0,True
2020-08-17,60,INTC,-0.12551475,7.0,3.0,True
2020-08-24,60,INTC,-0.948355,2.0,1.0,True
2020-08-31,60,INTC,0.3676292499999999,24.0,2.0,True
2020-09-07,60,INTC,0.205627,1.0,1.0,True
2020-09-14,60,INTC,-0.1911267499999999,6.0,4.0,True
2020-09-21,60,INTC,0.4504960357142857,13.0,4.0,True
2020-09-28,60,INTC,0.2289835,7.0,5.0,True
2020-10-05,60,INTC,0.0580792222222222,6.0,3.0,True
2020-10-12,60,INTC,0.3542707499999999,3.0,2.0,True
2020-10-19,60,INTC,-0.2447856783333333,30.0,5.0,True
2020-10-26,60,INTC,-0.0480966666666666,3.0,3.0,True
2020-11-02,60,INTC,0.0770685,5.0,3.0,True
2020-11-09,60,INTC,0.1027580208333333,9.0,4.0,True
2020-11-16,60,INTC,0.209445,6.0,3.0,True
2020-11-23,60,INTC,0.092193,1.0,1.0,True
2020-11-30,60,INTC,-0.528078,1.0,1.0,True
2020-12-07,60,INTC,-0.470082,1.0,1.0,True
2020-12-14,60,INTC,0.0645697083333333,8.0,4.0,True
2020-12-21,60,INTC,-0.1127835,2.0,1.0,True
2020-12-28,60,INTC,-0.087653,3.0,2.0,True
2021-01-04,60,INTC,0.2411636666666666,12.0,5.0,True
2021-01-11,60,INTC,0.2499098059523809,35.0,5.0,True
2021-01-18,60,INTC,0.0555760729166667,17.0,4.0,True
2021-01-25,60,INTC,-0.13120725,4.0,2.0,True
2021-02-01,60,INTC,-0.058908,2.0,2.0,True
2021-02-08,60,INTC,0.231819,3.0,3.0,True
2021-02-15,60,INTC,0.4345385,2.0,2.0,True
2021-02-22,60,INTC,0.1296017833333333,10.0,5.0,True
2021-03-01,60,INTC,-0.80116778125,11.0,4.0,True
2021-03-08,60,INTC,0.287307,2.0,2.0,True
2021-03-15,60,INTC,0.2205566666666666,14.0,5.0,True
2021-03-22,60,INTC,0.0670082571428571,20.0,5.0,True
2021-03-29,60,INTC,-0.0295235,2.0,2.0,True
2021-04-05,60,INTC,0.5000834666666667,10.0,4.0,True
2021-04-12,60,INTC,-0.1386096,8.0,3.0,True
2021-04-19,60,INTC,-0.1024761517857142,14.0,4.0,True
2021-04-26,60,INTC,0.2819218333333333,10.0,5.0,True
2021-05-03,60,INTC,0.5062200833333333,10.0,3.0,True
2021-05-10,60,INTC,-0.0040862708333333,14.0,4.0,True
2021-05-17,60,INTC,0.0370975,2.0,2.0,True
2021-05-24,60,INTC,0.4416413333333333,3.0,3.0,True
2021-05-31,60,INTC,0.2307125833333333,13.0,4.0,True
2021-06-07,60,INTC,0.071936,2.0,1.0,True
2021-06-14,60,INTC,0.536804,1.0,1.0,True
2021-06-21,60,INTC,0.3975907,9.0,4.0,True
2021-06-28,60,INTC,0.1561801666666666,6.0,3.0,True
2021-07-05,60,INTC,-0.0846738333333333,4.0,3.0,True
2021-07-12,60,INTC,0.254530625,11.0,4.0,True
2021-07-19,60,INTC,0.0508328472222222,26.0,3.0,True
2021-07-26,60,INTC,0.3276433833333333,11.0,5.0,True
2021-08-02,60,INTC,0.0154178333333333,4.0,3.0,True
2021-08-09,60,INTC,-0.5035137333333334,7.0,5.0,True
2021-08-16,60,INTC,0.1832641,9.0,5.0,True
2021-08-23,60,INTC,0.917078,1.0,1.0,True
2021-09-06,60,INTC,0.4227526,5.0,1.0,True
2021-09-13,60,INTC,-0.1946296666666666,3.0,3.0,True
2021-09-20,60,INTC,0.1487824999999999,2.0,2.0,True
2021-09-27,60,INTC,0.1269689375,7.0,4.0,True
2021-10-04,60,INTC,0.202254,2.0,2.0,True
2021-10-11,60,INTC,0.439626,1.0,1.0,True
2021-10-18,60,INTC,-0.4634087416666666,18.0,6.0,True
2021-10-25,60,INTC,-0.0109239314285714,15.0,5.0,True
2021-11-01,60,INTC,0.0097215,5.0,4.0,True
2021-11-29,60,INTC,-0.4905875,3.0,2.0,True
2021-12-06,60,INTC,0.1206847407407407,15.0,3.0,True
2021-12-13,60,INTC,0.5712367857142857,12.0,3.0,True
2021-12-20,60,INTC,0.0060888333333333,7.0,3.0,True
2021-12-27,60,INTC,-0.0324546666666666,5.0,3.0,True
2022-01-03,60,INTC,0.3693827916666666,12.0,4.0,True
2022-01-10,60,INTC,0.5276453333333334,5.0,3.0,True
2022-01-17,60,INTC,0.545507217948718,23.0,6.0,True
2022-01-24,60,INTC,0.1447648787878788,19.0,4.0,True
2022-01-31,60,INTC,-0.1901665,4.0,4.0,True
2022-02-07,60,INTC,0.4244844285714286,8.0,7.0,True
2022-02-14,60,INTC,0.2909548678571428,35.0,5.0,True
2022-02-21,60,INTC,-0.0228500666666666,8.0,5.0,True
2022-03-07,60,INTC,-3.9555555555561193e-05,7.0,3.0,True
2022-03-14,60,INTC,0.131841575,14.0,4.0,True
2022-03-21,60,INTC,0.2953313333333333,3.0,1.0,True
2022-03-28,60,INTC,0.448507715,21.0,5.0,True
2022-04-04,60,INTC,0.2800447333333333,7.0,3.0,True
2022-04-11,60,INTC,0.6641945,2.0,1.0,True
2022-04-18,60,INTC,-0.298583,2.0,2.0,True
2022-04-25,60,INTC,-0.939829,1.0,1.0,True
2022-05-09,60,INTC,0.5875586111111112,8.0,3.0,True
2022-05-16,60,INTC,-0.0311823999999999,8.0,5.0,True
2022-05-30,60,INTC,0.0039653333333333,4.0,3.0,True
2022-06-06,60,INTC,0.29076325,3.0,2.0,True
2022-06-13,60,INTC,0.2986092222222222,5.0,3.0,True
2022-06-20,60,INTC,-0.23614925,4.0,2.0,True
2022-06-27,60,INTC,0.062541,2.0,2.0,True
2022-07-04,60,INTC,0.300025,4.0,4.0,True
2022-07-11,60,INTC,0.3218045625,8.0,4.0,True
2022-07-18,60,INTC,0.619371,1.0,1.0,True
2022-07-25,60,INTC,-0.1220227533333333,25.0,5.0,True
2022-08-01,60,INTC,-0.3029725,6.0,4.0,True
2022-08-08,60,INTC,-0.4040154999999999,2.0,2.0,True
2022-08-15,60,INTC,0.1162805,2.0,2.0,True
2022-08-22,60,INTC,0.0641136851851852,14.0,6.0,True
2022-08-29,60,INTC,-0.0201526666666666,3.0,3.0,True
2022-09-05,60,INTC,0.2290405,2.0,2.0,True
2022-09-12,60,INTC,0.2313006,9.0,5.0,True
2022-09-19,60,INTC,-0.0323629999999999,3.0,2.0,True
2022-09-26,60,INTC,0.363094287037037,21.0,6.0,True
2022-10-03,60,INTC,0.352533,3.0,2.0,True
2022-10-10,60,INTC,-0.0941852857142857,25.0,3.0,True
2022-10-17,60,INTC,0.1578968125,7.0,4.0,True
2022-10-24,60,INTC,0.0344629242424242,24.0,5.0,True
2022-10-31,60,INTC,0.075063,1.0,1.0,True
2022-11-07,60,INTC,0.3497613333333333,4.0,3.0,True
2022-11-14,60,INTC,-0.7435225,2.0,2.0,True
2022-11-21,60,INTC,-0.2026106666666666,4.0,3.0,True
2022-11-28,60,INTC,-0.2501649999999999,2.0,1.0,True
2022-12-05,60,INTC,-0.1859510555555555,14.0,6.0,True
2022-12-19,60,INTC,-0.3360483333333333,5.0,3.0,True
2022-12-26,60,INTC,0.038114,1.0,1.0,True
2023-01-02,60,INTC,0.26959521875,18.0,4.0,True
2023-01-09,60,INTC,0.5030319333333333,10.0,4.0,True
2023-01-16,60,INTC,-0.2162654583333333,12.0,6.0,True
2023-01-23,60,INTC,-0.5214327222222221,21.0,5.0,True
2023-01-30,60,INTC,-0.5943248269230769,17.0,4.0,True
2023-02-06,60,INTC,-0.1865434999999999,3.0,2.0,True
2023-02-13,60,INTC,0.6284236,5.0,1.0,True
2023-02-20,60,INTC,-0.1545157333333333,12.0,3.0,True
2023-02-27,60,INTC,0.02912575,4.0,4.0,True
2023-03-06,60,INTC,0.37885875,3.0,2.0,True
2023-03-13,60,INTC,0.067848,2.0,2.0,True
2023-03-20,60,INTC,-0.052538738095238,14.0,7.0,True
2023-03-27,60,INTC,0.0389894999999999,2.0,2.0,True
2023-04-03,60,INTC,-0.969051,1.0,1.0,True
2023-04-10,60,INTC,0.4216425333333333,7.0,3.0,True
2023-04-17,60,INTC,-0.5497663333333334,9.0,3.0,True
2023-04-24,60,INTC,-0.5331762166666666,13.0,4.0,True
2023-05-01,60,INTC,0.1348715,5.0,3.0,True
2023-05-08,60,INTC,0.0113119166666666,7.0,3.0,True
2023-05-22,60,INTC,-0.108088,4.0,2.0,True
2023-05-29,60,INTC,-0.1573555,5.0,2.0,True
2023-06-05,60,INTC,-0.049618625,6.0,4.0,True
2023-06-12,60,INTC,0.3293881685185185,28.0,6.0,True
2023-06-19,60,INTC,0.0309568266666666,23.0,5.0,True
2023-06-26,60,INTC,-0.18322,2.0,2.0,True
2023-07-03,60,INTC,0.2643715,2.0,1.0,True
2023-07-10,60,INTC,0.3185205,2.0,2.0,True
2023-07-17,60,INTC,-0.01124425,3.0,2.0,True
2023-07-24,60,INTC,0.2713139166666666,9.0,3.0,True
2023-07-31,60,INTC,0.4007246666666666,3.0,3.0,True
2023-08-07,60,INTC,0.3532444999999999,2.0,2.0,True
2023-08-14,60,INTC,-0.429842125,25.0,4.0,True
2023-08-21,60,INTC,-0.600145,2.0,1.0,True
2023-08-28,60,INTC,0.4814276666666666,6.0,3.0,True
2023-09-04,60,INTC,0.11766525,6.0,2.0,True
2023-09-11,60,INTC,0.30968375,4.0,1.0,True
2023-09-18,60,INTC,-0.2502324999999999,24.0,5.0,True
2023-09-25,60,INTC,0.61377075,4.0,4.0,True
2023-10-02,60,INTC,0.3379317777777778,5.0,3.0,True
2023-10-09,60,INTC,0.1329365,2.0,2.0,True
2023-10-16,60,INTC,0.6259323999999999,7.0,3.0,True
2023-10-23,60,INTC,0.343782775,15.0,4.0,True
2023-10-30,60,INTC,0.382719,4.0,2.0,True
2023-11-06,60,INTC,0.3235266666666667,3.0,3.0,True
2023-11-13,60,INTC,-0.4052544999999999,2.0,1.0,True
2023-11-20,60,INTC,-0.48687,1.0,1.0,True
2023-11-27,60,INTC,-0.115058,1.0,1.0,True
2023-12-04,60,INTC,0.0980558333333333,4.0,3.0,True
2023-12-11,60,INTC,0.3240327857142857,12.0,4.0,True
2023-12-18,60,INTC,-0.3100689166666667,7.0,3.0,True
2023-12-25,60,INTC,0.74919525,3.0,2.0,True
2024-01-01,60,INTC,0.3588708333333333,4.0,2.0,True
2024-01-08,60,INTC,0.5293788749999999,8.0,4.0,True
2024-01-22,60,INTC,-0.5223343333333333,5.0,2.0,True
2024-01-29,60,INTC,-0.2984568055555556,8.0,3.0,True
2024-02-05,60,INTC,-0.85863,1.0,1.0,True
2024-02-12,60,INTC,0.4610305,2.0,2.0,True
2024-02-19,60,INTC,0.3396606666666667,8.0,4.0,True
2024-02-26,60,INTC,0.0704579999999999,4.0,4.0,True
2024-03-11,60,INTC,0.0422421666666666,4.0,3.0,True
2024-03-18,60,INTC,0.4110158214285714,11.0,4.0,True
2024-03-25,60,INTC,-0.412714,1.0,1.0,True
2024-04-01,60,INTC,-0.1311277333333333,9.0,3.0,True
2024-04-08,60,INTC,0.0721237916666666,13.0,6.0,True
2024-04-15,60,INTC,0.1708536666666666,5.0,3.0,True
2024-04-22,60,INTC,-0.4675655833333333,9.0,3.0,True
2024-04-29,60,INTC,0.0623433333333333,3.0,3.0,True
2024-05-06,60,INTC,-0.2995065833333333,9.0,4.0,True
2024-05-13,60,INTC,0.581245,5.0,3.0,True
2024-05-20,60,INTC,0.4250003333333333,4.0,3.0,True
2024-05-27,60,INTC,0.49935,1.0,1.0,True
2024-06-03,60,INTC,0.0590374999999999,4.0,2.0,True
2024-06-10,60,INTC,-0.084455,2.0,2.0,True
2024-06-17,60,INTC,-0.4065513333333333,3.0,3.0,True
2024-06-24,60,INTC,0.02314,1.0,1.0,True
2024-07-01,60,INTC,0.3776235,2.0,2.0,True
2024-07-15,60,INTC,0.340225,1.0,1.0,True
2024-07-22,60,INTC,-0.22813075,5.0,2.0,True
2024-07-29,60,INTC,-0.5130400232659933,51.0,6.0,True
2024-08-05,60,INTC,-0.38908958,12.0,5.0,True
2024-08-12,60,INTC,0.1829388888888889,6.0,3.0,True
2024-08-19,60,INTC,-0.4567475,2.0,2.0,True
2024-08-26,60,INTC,-0.4234957083333334,11.0,6.0,True
2024-09-02,60,INTC,-0.1686199533333333,19.0,5.0,True
2024-09-09,60,INTC,-0.1181425,2.0,2.0,True
2024-09-16,60,INTC,0.1154529398148148,32.0,6.0,True
2024-09-23,60,INTC,0.2672368194444444,12.0,6.0,True
2024-09-30,60,INTC,-0.0383913749999999,5.0,4.0,True
2024-10-07,60,INTC,0.4247871666666666,6.0,1.0,True
2024-10-14,60,INTC,-0.2469729199999999,11.0,5.0,True
2024-10-21,60,INTC,-0.4594234375,13.0,4.0,True
2024-10-28,60,INTC,-0.2790642666666666,12.0,5.0,True
2024-11-04,60,INTC,0.47271575,4.0,1.0,True
2024-11-11,60,INTC,-0.0797679999999999,4.0,1.0,True
2024-11-18,60,INTC,0.1329183333333333,3.0,3.0,True
2024-11-25,60,INTC,-0.0729130833333333,9.0,4.0,True
2024-12-02,60,INTC,-0.2844060313852813,48.0,6.0,True
2024-12-09,60,INTC,-0.2971187,7.0,5.0,True
2024-12-23,60,INTC,-0.707258,1.0,1.0,True
2024-12-30,60,INTC,0.15864225,4.0,2.0,True
2025-01-06,60,INTC,0.3013346666666667,5.0,3.0,True
2025-01-13,60,INTC,0.2051026333333333,8.0,5.0,True
2025-01-27,60,INTC,-0.4006057249999999,15.0,5.0,True
2025-02-10,60,INTC,0.1676032142857142,9.0,2.0,True
2025-02-17,60,INTC,-0.1796489166666666,5.0,2.0,True
2025-02-24,60,INTC,-0.2182150833333333,7.0,4.0,True
2025-03-03,60,INTC,-0.6202535,3.0,2.0,True
2025-03-10,60,INTC,0.3893189942307692,22.0,4.0,True
2025-03-17,60,INTC,-0.0507938208333333,13.0,4.0,True
2025-03-24,60,INTC,-0.4092153333333334,4.0,2.0,True
2025-03-31,60,INTC,0.284339,6.0,4.0,True
2025-04-07,60,INTC,-0.183747,4.0,1.0,True
2025-04-14,60,INTC,-0.0016626666666666,17.0,4.0,True
2025-04-21,60,INTC,-0.3269765868347339,36.0,6.0,True
2025-04-28,60,INTC,-0.3145755,3.0,2.0,True
2025-05-05,60,INTC,0.60986275,3.0,2.0,True
2025-05-12,60,INTC,-0.414789,5.0,3.0,True
2025-05-19,60,INTC,0.4387636666666667,3.0,3.0,True
2025-05-26,60,INTC,0.28418,1.0,1.0,True
2025-06-09,60,INTC,-0.2331776666666666,5.0,3.0,True
2025-06-16,60,INTC,-0.3730524583333333,8.0,4.0,True
2025-06-23,60,INTC,-0.3085805416666666,12.0,3.0,True
2025-06-30,60,INTC,-0.1435988888888889,6.0,3.0,True
2025-07-07,60,INTC,-0.3803394027777778,14.0,6.0,True
2025-07-14,60,INTC,-0.4704012083333334,10.0,6.0,True
2025-07-21,60,INTC,-0.2797495158730159,19.0,3.0,True
2025-07-28,60,INTC,-0.4819276666666666,7.0,4.0,True
2025-08-04,60,INTC,-0.6976603961004274,40.0,6.0,True
2025-08-11,60,INTC,-0.0042324133333332,16.0,5.0,True
2025-08-18,60,INTC,0.0287814572174738,66.0,6.0,True
2025-08-25,60,INTC,-0.0349115511904761,26.0,7.0,True
2025-09-01,60,INTC,0.499508,5.0,5.0,True
2025-09-08,60,INTC,-0.1427713749999999,6.0,4.0,True
2025-09-15,60,INTC,0.2347799305555555,29.0,4.0,True
2025-09-22,60,INTC,0.0142405833333333,7.0,2.0,True
2025-09-29,60,INTC,-0.00279775,5.0,4.0,True
2025-10-06,60,INTC,0.1771547,8.0,3.0,True
2025-10-13,60,INTC,-0.135644875,5.0,4.0,True
2025-10-20,60,INTC,0.6468041458333333,12.0,4.0,True
2025-10-27,60,INTC,-0.3259736,6.0,5.0,True
2025-11-10,60,INTC,-0.0505813333333333,5.0,2.0,True
2025-11-24,60,INTC,-0.2163405,2.0,2.0,True
2025-12-01,60,INTC,0.21020025,3.0,2.0,True
2025-12-08,60,INTC,-0.19010815,11.0,5.0,True
2025-12-15,60,INTC,-0.0044365,2.0,2.0,True
2025-12-22,60,INTC,-0.914656,1.0,1.0,True
2025-12-29,60,INTC,0.240465,4.0,2.0,True
2015-01-05,44,MCD,-0.2348516666666666,4.0,3.0,True
2015-01-19,44,MCD,-0.6166594230769231,14.0,2.0,True
2015-01-26,44,MCD,-0.436153575,29.0,3.0,True
2015-02-02,44,MCD,-0.46495,4.0,3.0,True
2015-02-09,44,MCD,-0.4569672222222222,17.0,3.0,True
2015-02-23,44,MCD,-0.982837,3.0,1.0,True
2015-03-02,44,MCD,0.088641794117647,20.0,2.0,True
2015-03-09,44,MCD,-0.4091487954545454,13.0,2.0,True
2015-03-30,44,MCD,0.1028276979166666,15.0,4.0,True
2015-04-06,44,MCD,0.2593543333333333,3.0,3.0,True
2015-04-13,44,MCD,-0.66734225,3.0,2.0,True
2015-04-20,44,MCD,0.1115781111111111,20.0,2.0,True
2015-04-27,44,MCD,-0.4759573333333333,5.0,3.0,True
2015-05-04,44,MCD,0.0960343452380952,23.0,4.0,True
2015-05-18,44,MCD,-0.205110619047619,9.0,3.0,True
2015-05-25,44,MCD,-0.0897544666666666,8.0,2.0,True
2015-06-01,44,MCD,-0.187843,1.0,1.0,True
2015-06-08,44,MCD,-0.0863843333333333,9.0,3.0,True
2015-06-15,44,MCD,0.274812,1.0,1.0,True
2015-06-22,44,MCD,0.3255375,2.0,2.0,True
2015-06-29,44,MCD,0.010201,1.0,1.0,True
2015-07-06,44,MCD,-0.823301,1.0,1.0,True
2015-07-13,44,MCD,-0.137838,1.0,1.0,True
2015-07-20,44,MCD,-0.3968581041666666,16.0,4.0,True
2015-07-27,44,MCD,-0.906534,1.0,1.0,True
2015-08-03,44,MCD,-0.3682545625,10.0,4.0,True
2015-08-10,44,MCD,-0.96387,1.0,1.0,True
2015-08-17,44,MCD,0.699976,1.0,1.0,True
2015-08-24,44,MCD,0.115013,1.0,1.0,True
2015-08-31,44,MCD,-0.0911516666666666,3.0,1.0,True
2015-09-07,44,MCD,0.2183698888888889,9.0,3.0,True
2015-09-14,44,MCD,0.472033,1.0,1.0,True
2015-09-28,44,MCD,0.464587,1.0,1.0,True
2015-10-12,44,MCD,0.824911,1.0,1.0,True
2015-10-19,44,MCD,0.0556129722222222,14.0,3.0,True
2015-10-26,44,MCD,-0.1932849999999999,2.0,2.0,True
2015-11-02,44,MCD,-0.1168668333333333,4.0,3.0,True
2015-11-09,44,MCD,-0.4088798125,9.0,2.0,True
2015-11-16,44,MCD,0.0510899999999999,5.0,2.0,True
2015-11-23,44,MCD,0.13722,1.0,1.0,True
2015-11-30,44,MCD,-0.4042135,2.0,2.0,True
2015-12-07,44,MCD,-0.665921,1.0,1.0,True
2015-12-21,44,MCD,-0.410006,1.0,1.0,True
2016-01-11,44,MCD,-0.355633,1.0,1.0,True
2016-01-18,44,MCD,-0.1160193333333333,4.0,3.0,True
2016-01-25,44,MCD,0.1244587958333333,30.0,6.0,True
2016-02-01,44,MCD,-0.0710009537037037,34.0,6.0,True
2016-02-08,44,MCD,-0.2367564499999999,16.0,4.0,True
2016-02-15,44,MCD,0.804956,1.0,1.0,True
2016-02-29,44,MCD,-0.25690975,3.0,2.0,True
2016-03-07,44,MCD,-0.978515,1.0,1.0,True
2016-03-14,44,MCD,-0.006932,1.0,1.0,True
2016-03-28,44,MCD,0.2805421666666666,4.0,3.0,True
2016-04-04,44,MCD,-0.1704128333333333,5.0,3.0,True
2016-04-11,44,MCD,-0.193052,3.0,3.0,True
2016-04-18,44,MCD,-0.2491231666666667,4.0,3.0,True
2016-04-25,44,MCD,0.142789,2.0,2.0,True
2016-05-02,44,MCD,0.482444,1.0,1.0,True
2016-05-16,44,MCD,-0.12345235,11.0,2.0,True
2016-05-23,44,MCD,0.1021217,11.0,5.0,True
2016-06-13,44,MCD,0.6727270000000001,2.0,2.0,True
2016-06-20,44,MCD,0.270432,3.0,2.0,True
2016-06-27,44,MCD,0.59261,1.0,1.0,True
2016-07-04,44,MCD,0.3710365,7.0,4.0,True
2016-07-11,44,MCD,-0.3655566666666667,5.0,2.0,True
2016-07-18,44,MCD,0.0722505,3.0,2.0,True
2016-07-25,44,MCD,-0.4166662727272727,14.0,3.0,True
2016-08-01,44,MCD,0.4265645,6.0,3.0,True
2016-08-08,44,MCD,0.2589145,2.0,1.0,True
2016-08-15,44,MCD,-0.5861620000000001,2.0,2.0,True
2016-08-22,44,MCD,0.195743375,5.0,2.0,True
2016-08-29,44,MCD,-0.0550411666666666,4.0,3.0,True
2016-09-05,44,MCD,0.1243351666666666,4.0,3.0,True
2016-09-12,44,MCD,-0.3519659999999999,3.0,2.0,True
2016-09-19,44,MCD,-0.5109906666666667,3.0,3.0,True
2016-09-26,44,MCD,0.839839,1.0,1.0,True
2016-10-03,44,MCD,0.6849685000000001,2.0,1.0,True
2016-10-10,44,MCD,-0.77583,2.0,2.0,True
2016-10-17,44,MCD,0.1024362333333333,13.0,3.0,True
2016-10-24,44,MCD,-0.17928125,3.0,2.0,True
2016-10-31,44,MCD,-0.0753475,4.0,3.0,True
2016-11-14,44,MCD,0.400544,3.0,3.0,True
2016-11-21,44,MCD,-0.973796,1.0,1.0,True
2016-11-28,44,MCD,0.155435,2.0,2.0,True
2016-12-05,44,MCD,0.2654926666666666,3.0,1.0,True
2016-12-19,44,MCD,-0.891748,1.0,1.0,True
2017-01-09,44,MCD,0.0938011309523809,27.0,4.0,True
2017-01-16,44,MCD,-0.11711,1.0,1.0,True
2017-01-23,44,MCD,-0.5245888,17.0,3.0,True
2017-01-30,44,MCD,-0.088105,1.0,1.0,True
2017-02-06,44,MCD,-0.012162,1.0,1.0,True
2017-02-20,44,MCD,-0.2938771666666667,5.0,2.0,True
2017-02-27,44,MCD,-0.35617275,3.0,2.0,True
2017-03-06,44,MCD,-0.071431,5.0,3.0,True
2017-03-13,44,MCD,-0.48051675,3.0,2.0,True
2017-03-20,44,MCD,-0.0195774,5.0,1.0,True
2017-03-27,44,MCD,0.2065098333333333,6.0,2.0,True
2017-04-03,44,MCD,-0.4983058666666666,8.0,5.0,True
2017-04-10,44,MCD,-0.2381911388888888,8.0,3.0,True
2017-04-17,44,MCD,0.0560869280701754,44.0,5.0,True
2017-04-24,44,MCD,-0.1089842244145219,119.0,6.0,True
2017-05-01,44,MCD,-0.19640854,12.0,5.0,True
2017-05-15,44,MCD,0.3824075,10.0,4.0,True
2017-05-22,44,MCD,-0.2322565,4.0,2.0,True
2017-05-29,44,MCD,-0.9584265,2.0,1.0,True
2017-06-05,44,MCD,0.046329,2.0,2.0,True
2017-06-12,44,MCD,-0.5047943571428571,11.0,2.0,True
2017-06-19,44,MCD,0.07407125,6.0,4.0,True
2017-06-26,44,MCD,-0.5828027333333333,13.0,3.0,True
2017-07-10,44,MCD,-0.0030229999999999,6.0,4.0,True
2017-07-17,44,MCD,0.423129,2.0,2.0,True
2017-07-24,44,MCD,0.42487775,18.0,3.0,True
2017-08-07,44,MCD,-0.06844975,4.0,2.0,True
2017-08-14,44,MCD,-0.56381625,8.0,2.0,True
2017-08-21,44,MCD,-0.2849698734668109,32.0,6.0,True
2017-08-28,44,MCD,0.3302674285714285,8.0,2.0,True
2017-09-04,44,MCD,-0.2520271296296296,28.0,6.0,True
2017-09-11,44,MCD,-0.061599,2.0,2.0,True
2017-09-18,44,MCD,-0.03008,1.0,1.0,True
2017-09-25,44,MCD,0.0094093333333333,3.0,1.0,True
2017-10-02,44,MCD,0.319605,1.0,1.0,True
2017-10-09,44,MCD,-0.01268,1.0,1.0,True
2017-10-16,44,MCD,-0.540292,1.0,1.0,True
2017-10-23,44,MCD,0.2474319999999999,13.0,3.0,True
2017-10-30,44,MCD,0.002227,3.0,1.0,True
2017-11-13,44,MCD,-0.005679,1.0,1.0,True
2017-11-20,44,MCD,0.139214,2.0,1.0,True
2017-12-04,44,MCD,0.2613746666666667,4.0,3.0,True
2018-01-08,44,MCD,-0.0158595,2.0,2.0,True
2018-01-15,44,MCD,0.886547,2.0,2.0,True
2018-01-22,44,MCD,-0.2730499999999999,4.0,4.0,True
2018-01-29,44,MCD,0.0461666666666666,15.0,3.0,True
2018-02-05,44,MCD,0.7279365,2.0,2.0,True
2018-02-12,44,MCD,0.2693278333333333,4.0,2.0,True
2018-02-19,44,MCD,-0.855503,1.0,1.0,True
2018-02-26,44,MCD,-0.0400731666666666,4.0,3.0,True
2018-03-05,44,MCD,0.34641,2.0,1.0,True
2018-03-12,44,MCD,-0.8067625,2.0,2.0,True
2018-03-19,44,MCD,0.4324586499999999,11.0,5.0,True
2018-03-26,44,MCD,0.252002,1.0,1.0,True
2018-04-02,44,MCD,-0.1497639999999999,2.0,2.0,True
2018-04-16,44,MCD,-0.38466625,3.0,2.0,True
2018-04-30,44,MCD,0.6129121428571429,16.0,2.0,True
2018-05-21,44,MCD,-0.311624,2.0,2.0,True
2018-06-04,44,MCD,-0.4492463809523809,9.0,3.0,True
2018-06-11,44,MCD,0.0940564523809523,12.0,3.0,True
2018-06-25,44,MCD,-0.563929,3.0,3.0,True
2018-07-09,44,MCD,-0.7097163333333333,4.0,3.0,True
2018-07-16,44,MCD,-0.2701695833333333,7.0,2.0,True
2018-07-23,44,MCD,0.4096977045454545,13.0,2.0,True
2018-07-30,44,MCD,-0.183508,1.0,1.0,True
2018-08-06,44,MCD,-0.517978,1.0,1.0,True
2018-08-13,44,MCD,0.5658147,6.0,2.0,True
2018-08-27,44,MCD,-0.318443,1.0,1.0,True
2018-09-10,44,MCD,-0.338344,3.0,3.0,True
2018-09-17,44,MCD,-0.167128,1.0,1.0,True
2018-09-24,44,MCD,0.088046,1.0,1.0,True
2018-10-01,44,MCD,-0.3538891,6.0,2.0,True
2018-10-22,44,MCD,0.5709735714285714,7.0,1.0,True
2018-12-10,44,MCD,0.590256,6.0,2.0,True
2018-12-24,44,MCD,0.814976,1.0,1.0,True
2018-12-31,44,MCD,-0.2754005,2.0,2.0,True
2019-01-14,44,MCD,-0.7540903333333334,9.0,4.0,True
2019-01-28,44,MCD,0.1731831875,9.0,2.0,True
2019-02-11,44,MCD,0.17900975,3.0,2.0,True
2019-02-18,44,MCD,0.514246,1.0,1.0,True
2019-02-25,44,MCD,0.2315289999999999,2.0,2.0,True
2019-03-04,44,MCD,0.3390015,3.0,2.0,True
2019-03-25,44,MCD,0.6123693750000001,7.0,4.0,True
2019-04-01,44,MCD,-0.117714,1.0,1.0,True
2019-04-15,44,MCD,-0.789496,1.0,1.0,True
2019-04-29,44,MCD,0.7024883333333334,10.0,2.0,True
2019-05-06,44,MCD,-0.1324215666666666,11.0,5.0,True
2019-05-13,44,MCD,0.1386276666666666,3.0,3.0,True
2019-05-20,44,MCD,0.217232,1.0,1.0,True
2019-05-27,44,MCD,-0.082928,1.0,1.0,True
2019-06-03,44,MCD,-0.963476,1.0,1.0,True
2019-06-10,44,MCD,0.158662,1.0,1.0,True
2019-06-24,44,MCD,0.5812938,5.0,1.0,True
2019-07-08,44,MCD,-0.0460626249999999,5.0,2.0,True
2019-07-22,44,MCD,0.53601575,4.0,1.0,True
2019-07-29,44,MCD,0.01366,2.0,2.0,True
2019-08-12,44,MCD,0.79607,1.0,1.0,True
2019-08-19,44,MCD,0.0379235,2.0,1.0,True
2019-09-09,44,MCD,0.7564224166666667,7.0,2.0,True
2019-09-16,44,MCD,-0.236223,7.0,2.0,True
2019-09-23,44,MCD,0.3877843333333333,3.0,1.0,True
2019-09-30,44,MCD,-0.4897265,2.0,2.0,True
2019-10-07,44,MCD,0.620417,1.0,1.0,True
2019-10-21,44,MCD,-0.26686745,13.0,2.0,True
2019-10-28,44,MCD,-0.6042782727272727,11.0,1.0,True
2019-11-04,44,MCD,-0.4783245253968253,57.0,6.0,True
2019-11-11,44,MCD,0.1200157499999999,3.0,2.0,True
2019-11-18,44,MCD,0.5440625,2.0,1.0,True
2019-11-25,44,MCD,-0.6781825,2.0,1.0,True
2019-12-02,44,MCD,-0.2860554444444444,5.0,3.0,True
2019-12-09,44,MCD,0.0592571166666666,12.0,5.0,True
2019-12-16,44,MCD,0.3420233333333333,3.0,3.0,True
2019-12-23,44,MCD,-0.946161,2.0,2.0,True
2020-01-06,44,MCD,-0.261078875,5.0,2.0,True
2020-01-27,44,MCD,0.869274,1.0,1.0,True
2020-03-16,44,MCD,-0.241120875,6.0,2.0,True
2020-03-23,44,MCD,-0.3022154999999999,2.0,1.0,True
2020-03-30,44,MCD,0.827642,1.0,1.0,True
2020-04-06,44,MCD,-0.5050780833333334,10.0,3.0,True
2020-04-13,44,MCD,-0.837321,2.0,2.0,True
2020-04-27,44,MCD,-0.4540041851851852,16.0,3.0,True
2020-05-04,44,MCD,0.8487785,2.0,1.0,True
2020-05-11,44,MCD,0.0008012499999999,4.0,2.0,True
2020-05-18,44,MCD,-0.3678389999999999,4.0,4.0,True
2020-05-25,44,MCD,0.674091,1.0,1.0,True
2020-06-08,44,MCD,0.0087742,6.0,2.0,True
2020-06-15,44,MCD,0.4324264285714286,10.0,2.0,True
2020-06-22,44,MCD,-0.0702723333333333,4.0,2.0,True
2020-06-29,44,MCD,-0.3392159444444445,6.0,3.0,True
2020-07-20,44,MCD,-0.720501,1.0,1.0,True
2020-07-27,44,MCD,-0.8316115833333333,7.0,2.0,True
2020-08-10,44,MCD,-0.538707,3.0,2.0,True
2020-08-17,44,MCD,-0.731983,4.0,2.0,True
2020-08-24,44,MCD,-0.0259975,2.0,2.0,True
2020-08-31,44,MCD,-0.4429443333333333,3.0,1.0,True
2020-09-07,44,MCD,-0.471419,3.0,3.0,True
2020-09-21,44,MCD,-0.694975,1.0,1.0,True
2020-09-28,44,MCD,-0.111297,1.0,1.0,True
2020-10-05,44,MCD,0.4617070999999999,8.0,4.0,True
2020-10-12,44,MCD,-0.519882,3.0,3.0,True
2020-10-19,44,MCD,0.421859,1.0,1.0,True
2020-10-26,44,MCD,-0.258102875,5.0,4.0,True
2020-11-02,44,MCD,-0.114275,1.0,1.0,True
2020-11-09,44,MCD,0.3057037142857142,16.0,3.0,True
2020-11-30,44,MCD,-0.423179875,5.0,2.0,True
2020-12-07,44,MCD,-0.274570375,6.0,4.0,True
2020-12-14,44,MCD,-0.2575601111111111,5.0,3.0,True
2021-01-04,44,MCD,-0.729162,1.0,1.0,True
2021-01-11,44,MCD,-0.37390975,7.0,4.0,True
2021-01-18,44,MCD,-0.8567505,2.0,1.0,True
2021-01-25,44,MCD,-0.1886128181818182,11.0,1.0,True
2021-02-01,44,MCD,-0.7286345000000001,2.0,2.0,True
2021-02-15,44,MCD,-0.038947,1.0,1.0,True
2021-02-22,44,MCD,0.1353466666666666,4.0,2.0,True
2021-03-01,44,MCD,0.2559903888888888,11.0,2.0,True
2021-03-15,44,MCD,-0.80617,1.0,1.0,True
2021-03-22,44,MCD,-0.1376076666666666,4.0,3.0,True
2021-03-29,44,MCD,-0.590294,3.0,3.0,True
2021-04-05,44,MCD,-0.6598746666666667,3.0,3.0,True
2021-04-26,44,MCD,0.25867975,11.0,2.0,True
2021-05-10,44,MCD,0.5659696666666667,6.0,2.0,True
2021-05-17,44,MCD,-0.4272476666666667,3.0,3.0,True
2021-05-31,44,MCD,-0.173349,2.0,1.0,True
2021-06-07,44,MCD,-0.9039271,7.0,2.0,True
2021-06-14,44,MCD,0.61601,1.0,1.0,True
2021-06-28,44,MCD,0.294551,1.0,1.0,True
2021-07-05,44,MCD,-0.320597,1.0,1.0,True
2021-07-12,44,MCD,0.01467,1.0,1.0,True
2021-07-26,44,MCD,0.7602082777777778,10.0,2.0,True
2021-08-02,44,MCD,0.276113,1.0,1.0,True
2021-08-09,44,MCD,-0.2596685,2.0,2.0,True
2021-08-16,44,MCD,-0.235045,1.0,1.0,True
2021-08-23,44,MCD,-0.8639595,2.0,2.0,True
2021-09-13,44,MCD,-0.7964605,2.0,1.0,True
2021-09-20,44,MCD,0.4117786249999999,7.0,4.0,True
2021-10-04,44,MCD,0.54292225,3.0,2.0,True
2021-10-11,44,MCD,0.509127,1.0,1.0,True
2021-10-18,44,MCD,0.111583,2.0,1.0,True
2021-10-25,44,MCD,0.0796850555555555,10.0,2.0,True
2021-11-08,44,MCD,-0.990602,1.0,1.0,True
2021-12-13,44,MCD,-0.6482652222222223,11.0,2.0,True
2021-12-20,44,MCD,-0.49618375,3.0,2.0,True
2021-12-27,44,MCD,-0.971755,1.0,1.0,True
2022-01-03,44,MCD,-0.417314,1.0,1.0,True
2022-01-10,44,MCD,-0.130716,1.0,1.0,True
2022-01-17,44,MCD,-0.946248,1.0,1.0,True
2022-01-24,44,MCD,0.1196625454545454,13.0,3.0,True
2022-01-31,44,MCD,-0.511727,3.0,3.0,True
2022-02-07,44,MCD,-0.0363664999999999,2.0,2.0,True
2022-02-14,44,MCD,-0.544461,1.0,1.0,True
2022-02-21,44,MCD,0.320649,1.0,1.0,True
2022-02-28,44,MCD,-0.6646989999999999,3.0,2.0,True
2022-03-07,44,MCD,-0.4022441166666666,11.0,5.0,True
2022-03-14,44,MCD,-0.030409,1.0,1.0,True
2022-03-21,44,MCD,0.1203607499999999,9.0,4.0,True
2022-03-28,44,MCD,-0.1062935,3.0,2.0,True
2022-04-11,44,MCD,0.078666,1.0,1.0,True
2022-04-18,44,MCD,-0.18309,2.0,1.0,True
2022-04-25,44,MCD,0.0430658499999999,7.0,2.0,True
2022-05-09,44,MCD,-0.341246,1.0,1.0,True
2022-05-16,44,MCD,-0.0937869366666666,36.0,5.0,True
2022-05-23,44,MCD,-0.2483341733333333,16.0,5.0,True
2022-05-30,44,MCD,-0.042022,4.0,3.0,True
2022-06-06,44,MCD,-0.0166385,2.0,2.0,True
2022-06-13,44,MCD,-0.3709791666666667,8.0,4.0,True
2022-06-20,44,MCD,0.1258386666666666,4.0,3.0,True
2022-06-27,44,MCD,0.092724,1.0,1.0,True
2022-07-04,44,MCD,-0.2161290555555555,9.0,6.0,True
2022-07-11,44,MCD,-0.0992777,8.0,4.0,True
2022-07-18,44,MCD,0.3698025555555555,5.0,3.0,True
2022-07-25,44,MCD,-0.0170584166666666,16.0,3.0,True
2022-08-01,44,MCD,-0.440452,2.0,1.0,True
2022-08-08,44,MCD,-0.4516842499999999,12.0,5.0,True
2022-08-15,44,MCD,-0.041036,1.0,1.0,True
2022-08-22,44,MCD,0.016734,2.0,2.0,True
2022-08-29,44,MCD,-0.37865,1.0,1.0,True
2022-09-05,44,MCD,-0.0794538194444444,14.0,6.0,True
2022-09-12,44,MCD,-0.578502,1.0,1.0,True
2022-09-19,44,MCD,-0.7595436666666666,4.0,2.0,True
2022-09-26,44,MCD,0.0202205,2.0,1.0,True
2022-10-03,44,MCD,-0.3042594444444444,6.0,3.0,True
2022-10-10,44,MCD,0.1390823333333333,3.0,3.0,True
2022-10-17,44,MCD,0.0928124999999999,2.0,1.0,True
2022-10-24,44,MCD,0.54037375,4.0,1.0,True
2022-10-31,44,MCD,0.0227451666666666,7.0,4.0,True
2022-11-07,44,MCD,-0.3172488888888888,5.0,3.0,True
2022-11-14,44,MCD,-0.1674006666666666,7.0,4.0,True
2022-11-21,44,MCD,-0.2333699999999999,3.0,3.0,True
2022-11-28,44,MCD,0.0720220257575757,24.0,5.0,True
2022-12-05,44,MCD,-0.0085556514111365,94.0,7.0,True
2022-12-12,44,MCD,-0.0920483541666667,11.0,4.0,True
2022-12-19,44,MCD,-0.4234091666666666,7.0,3.0,True
2022-12-26,44,MCD,0.2025685,6.0,3.0,True
2023-01-02,44,MCD,-0.3509912499999999,15.0,4.0,True
2023-01-09,44,MCD,-0.2587353611111111,9.0,3.0,True
2023-01-16,44,MCD,-0.0327249444444444,8.0,3.0,True
2023-01-23,44,MCD,-0.0864644,8.0,5.0,True
2023-01-30,44,MCD,0.1005514444444444,19.0,6.0,True
2023-02-06,44,MCD,-0.1695514333333333,9.0,5.0,True
2023-02-13,44,MCD,-0.0124538399999999,13.0,5.0,True
2023-02-20,44,MCD,-0.1778472999999999,10.0,5.0,True
2023-02-27,44,MCD,0.801787,1.0,1.0,True
2023-03-06,44,MCD,-0.639973,2.0,2.0,True
2023-03-13,44,MCD,0.184065,1.0,1.0,True
2023-03-20,44,MCD,-0.1607423333333333,4.0,3.0,True
2023-03-27,44,MCD,-0.03294975,9.0,6.0,True
2023-04-03,44,MCD,-0.493605625,19.0,4.0,True
2023-04-10,44,MCD,0.0031599999999999,2.0,2.0,True
2023-04-17,44,MCD,-0.1811866666666666,8.0,4.0,True
2023-04-24,44,MCD,0.2270461875,10.0,4.0,True
2023-05-01,44,MCD,0.4934893333333333,7.0,2.0,True
2023-05-08,44,MCD,-0.917197,1.0,1.0,True
2023-05-15,44,MCD,-0.4671295,3.0,2.0,True
2023-05-22,44,MCD,0.017881,4.0,2.0,True
2023-06-05,44,MCD,0.101659,3.0,2.0,True
2023-06-19,44,MCD,-0.933695,1.0,1.0,True
2023-07-03,44,MCD,-0.0899885,2.0,2.0,True
2023-07-10,44,MCD,-0.1832437499999999,3.0,2.0,True
2023-07-17,44,MCD,0.071386,1.0,1.0,True
2023-07-24,44,MCD,-0.1341103,7.0,2.0,True
2023-07-31,44,MCD,-0.197973,4.0,1.0,True
2023-08-07,44,MCD,0.5164,2.0,2.0,True
2023-08-21,44,MCD,0.307396,2.0,2.0,True
2023-08-28,44,MCD,-0.54851,1.0,1.0,True
2023-09-04,44,MCD,0.328807,1.0,1.0,True
2023-09-11,44,MCD,0.3534019499999999,8.0,5.0,True
2023-09-18,44,MCD,0.1052907999999999,9.0,5.0,True
2023-09-25,44,MCD,-0.093001,3.0,1.0,True
2023-10-02,44,MCD,-0.1325503333333333,3.0,3.0,True
2023-10-09,44,MCD,-0.279849,2.0,1.0,True
2023-10-16,44,MCD,-0.767492,1.0,1.0,True
2023-10-30,44,MCD,0.28025234375,13.0,4.0,True
2023-11-13,44,MCD,0.003302,1.0,1.0,True
2023-11-20,44,MCD,0.0857186666666666,4.0,3.0,True
2023-11-27,44,MCD,0.296959,3.0,2.0,True
2023-12-04,44,MCD,0.397602,11.0,4.0,True
2023-12-11,44,MCD,0.917017,1.0,1.0,True
2023-12-25,44,MCD,-0.516563,1.0,1.0,True
2024-01-01,44,MCD,-0.1423869999999999,2.0,2.0,True
2024-01-08,44,MCD,0.6232425,2.0,1.0,True
2024-01-22,44,MCD,-0.2596306666666666,3.0,3.0,True
2024-02-05,44,MCD,-0.3467823194444444,17.0,6.0,True
2024-02-12,44,MCD,-0.0882995,2.0,2.0,True
2024-02-19,44,MCD,-0.428553625,7.0,4.0,True
2024-03-04,44,MCD,0.35302425,6.0,4.0,True
2024-03-11,44,MCD,-0.4086327878787879,15.0,3.0,True
2024-03-18,44,MCD,0.2512995,2.0,1.0,True
2024-03-25,44,MCD,-0.1730405,6.0,3.0,True
2024-04-01,44,MCD,-0.1839715,4.0,2.0,True
2024-04-15,44,MCD,0.149749,1.0,1.0,True
2024-04-22,44,MCD,-0.1571104666666666,7.0,5.0,True
2024-04-29,44,MCD,-0.7215064999999999,4.0,2.0,True
2024-05-06,44,MCD,-0.643896,1.0,1.0,True
2024-05-13,44,MCD,-0.187029,1.0,1.0,True
2024-05-20,44,MCD,-0.289913,1.0,1.0,True
2024-05-27,44,MCD,-0.2571214,5.0,5.0,True
2024-06-03,44,MCD,-0.7828413333333333,9.0,2.0,True
2024-06-10,44,MCD,0.064749,1.0,1.0,True
2024-06-17,44,MCD,-0.3887055,2.0,1.0,True
2024-06-24,44,MCD,-0.1071905,5.0,2.0,True
2024-07-01,44,MCD,-0.622628125,5.0,4.0,True
2024-07-15,44,MCD,0.470332,1.0,1.0,True
2024-07-22,44,MCD,-0.5791475416666667,8.0,4.0,True
2024-07-29,44,MCD,-0.2544240309829059,31.0,6.0,True
2024-08-05,44,MCD,-0.3308521102941176,21.0,4.0,True
2024-08-12,44,MCD,-0.430662,4.0,3.0,True
2024-08-19,44,MCD,0.127154,2.0,1.0,True
2024-08-26,44,MCD,-0.1333665,2.0,2.0,True
2024-09-02,44,MCD,0.18798,4.0,2.0,True
2024-09-09,44,MCD,-0.329305,1.0,1.0,True
2024-09-16,44,MCD,-0.5791495,2.0,2.0,True
2024-09-23,44,MCD,-0.0843338333333333,9.0,4.0,True
2024-09-30,44,MCD,-0.396234125,5.0,2.0,True
2024-10-07,44,MCD,-0.4667262499999999,6.0,4.0,True
2024-10-14,44,MCD,0.2564981666666666,4.0,3.0,True
2024-10-21,44,MCD,-0.4090412192810457,46.0,6.0,True
2024-10-28,44,MCD,-0.2082667697916666,29.0,4.0,True
2024-11-04,44,MCD,-0.2450921666666666,4.0,3.0,True
2024-11-11,44,MCD,0.1804479166666666,12.0,6.0,True
2024-11-18,44,MCD,0.3023491333333333,8.0,3.0,True
2024-11-25,44,MCD,-0.254231,1.0,1.0,True
2024-12-02,44,MCD,-0.5323306999999999,6.0,2.0,True
2024-12-09,44,MCD,0.128835,2.0,2.0,True
2024-12-16,44,MCD,-0.3089085,2.0,2.0,True
2024-12-23,44,MCD,-0.617522,1.0,1.0,True
2024-12-30,44,MCD,-0.1598133333333333,3.0,3.0,True
2025-01-06,44,MCD,-0.39108125,5.0,4.0,True
2025-01-13,44,MCD,-0.3266143333333333,3.0,3.0,True
2025-01-20,44,MCD,0.713111,2.0,1.0,True
2025-01-27,44,MCD,-0.351772,2.0,2.0,True
2025-02-10,44,MCD,-0.0104467466666666,23.0,5.0,True
2025-02-17,44,MCD,0.6072679999999999,2.0,2.0,True
2025-02-24,44,MCD,0.4356343749999999,5.0,4.0,True
2025-03-03,44,MCD,0.152862,1.0,1.0,True
2025-03-17,44,MCD,0.187477,3.0,2.0,True
2025-03-24,44,MCD,0.0377041666666666,5.0,3.0,True
2025-04-07,44,MCD,-0.64062725,6.0,4.0,True
2025-04-14,44,MCD,0.0445539999999999,2.0,2.0,True
2025-04-21,44,MCD,-0.1876528888888888,12.0,3.0,True
2025-04-28,44,MCD,-0.40117875,11.0,3.0,True
2025-05-05,44,MCD,-0.3778749999999999,3.0,2.0,True
2025-05-12,44,MCD,0.2874853333333333,5.0,3.0,True
2025-05-19,44,MCD,0.2417714,12.0,3.0,True
2025-05-26,44,MCD,-0.1155620833333333,6.0,4.0,True
2025-06-02,44,MCD,0.3680595,2.0,2.0,True
2025-06-09,44,MCD,-0.1467405,2.0,2.0,True
2025-06-16,44,MCD,0.366354,1.0,1.0,True
2025-06-23,44,MCD,-0.1040894066666666,14.0,5.0,True
2025-07-07,44,MCD,-0.11328225,3.0,2.0,True
2025-07-14,44,MCD,0.3986085,4.0,3.0,True
2025-07-21,44,MCD,-0.2406271111111111,5.0,3.0,True
2025-08-04,44,MCD,0.15716775,10.0,4.0,True
2025-08-11,44,MCD,0.2079113333333333,3.0,3.0,True
2025-08-18,44,MCD,0.2346278333333333,9.0,3.0,True
2025-08-25,44,MCD,0.089461,1.0,1.0,True
2025-09-01,44,MCD,0.0037392222222222,6.0,3.0,True
2025-09-08,44,MCD,-0.452248,2.0,2.0,True
2025-09-15,44,MCD,-0.0010251111111111,5.0,3.0,True
2025-09-22,44,MCD,0.363603,1.0,1.0,True
2025-09-29,44,MCD,0.2423333333333333,3.0,3.0,True
2025-10-06,44,MCD,-0.3483615,2.0,1.0,True
2025-10-13,44,MCD,0.043582,2.0,1.0,True
2025-10-20,44,MCD,-0.139496,3.0,2.0,True
2025-10-27,44,MCD,-0.538627,1.0,1.0,True
2025-11-03,44,MCD,0.0797461785714285,11.0,4.0,True
2025-11-10,44,MCD,-0.0403995833333333,6.0,4.0,True
2025-11-17,44,MCD,-0.2646703333333333,5.0,3.0,True
2025-11-24,44,MCD,0.0481849999999999,3.0,2.0,True
2025-12-01,44,MCD,0.2799712633333333,20.0,5.0,True
2025-12-08,44,MCD,-0.910542,1.0,1.0,True
2025-12-15,44,MCD,-0.575221,1.0,1.0,True
2025-12-22,44,MCD,-0.4926609999999999,2.0,2.0,True
2015-01-05,35,MS,-0.2041182202380952,19.0,4.0,True
2015-01-12,35,MS,0.1506723,7.0,5.0,True
2015-01-19,35,MS,0.1589496944444444,21.0,3.0,True
2015-01-26,35,MS,-0.2668149999999999,2.0,2.0,True
2015-02-02,35,MS,0.0246309999999999,6.0,4.0,True
2015-02-09,35,MS,0.383605,2.0,2.0,True
2015-02-16,35,MS,-0.07315,2.0,1.0,True
2015-02-23,35,MS,-0.085930988095238,15.0,4.0,True
2015-03-02,35,MS,0.2334012666666666,8.0,2.0,True
2015-03-09,35,MS,0.0497151666666666,4.0,3.0,True
2015-03-16,35,MS,-0.2033859999999999,2.0,2.0,True
2015-03-23,35,MS,-0.1938769747023809,19.0,4.0,True
2015-03-30,35,MS,0.2915265555555555,9.0,3.0,True
2015-04-13,35,MS,0.1987528333333333,4.0,3.0,True
2015-04-20,35,MS,0.6283391785714285,18.0,2.0,True
2015-05-04,35,MS,-0.1800754,7.0,5.0,True
2015-05-11,35,MS,-0.1498405873015873,11.0,3.0,True
2015-05-18,35,MS,-0.8598095,2.0,1.0,True
2015-05-25,35,MS,-0.2599731666666666,4.0,2.0,True
2015-06-01,35,MS,0.17717375,3.0,2.0,True
2015-06-08,35,MS,0.26501025,3.0,2.0,True
2015-06-15,35,MS,-0.0275617999999999,6.0,5.0,True
2015-06-22,35,MS,-0.4337896666666667,3.0,3.0,True
2015-06-29,35,MS,0.0243648333333333,4.0,2.0,True
2015-07-06,35,MS,-0.0735664761904762,9.0,3.0,True
2015-07-13,35,MS,0.3214235,2.0,1.0,True
2015-07-20,35,MS,0.1340112564102564,15.0,3.0,True
2015-07-27,35,MS,-0.0741645,4.0,4.0,True
2015-08-03,35,MS,-0.98211,1.0,1.0,True
2015-08-10,35,MS,0.2154961666666666,4.0,3.0,True
2015-08-17,35,MS,-0.1716995,4.0,2.0,True
2015-08-31,35,MS,0.550737,2.0,1.0,True
2015-09-14,35,MS,-0.5744645,2.0,1.0,True
2015-09-21,35,MS,-0.9625335555555556,5.0,3.0,True
2015-09-28,35,MS,-0.981734,1.0,1.0,True
2015-10-05,35,MS,0.77660375,3.0,2.0,True
2015-10-12,35,MS,0.4056369999999999,2.0,2.0,True
2015-10-19,35,MS,-0.2289677055555555,16.0,5.0,True
2015-10-26,35,MS,-0.3708829999999999,3.0,2.0,True
2015-11-02,35,MS,0.2577241666666667,5.0,3.0,True
2015-11-09,35,MS,0.0897245,8.0,3.0,True
2015-11-16,35,MS,0.315696,1.0,1.0,True
2015-11-23,35,MS,0.224082,1.0,1.0,True
2015-11-30,35,MS,0.0989846851851852,16.0,3.0,True
2015-12-07,35,MS,-0.4924370666666667,10.0,5.0,True
2015-12-14,35,MS,-0.387281,1.0,1.0,True
2015-12-21,35,MS,-0.2255796,7.0,5.0,True
2015-12-28,35,MS,-0.069244,1.0,1.0,True
2016-01-04,35,MS,-0.0963756666666666,6.0,2.0,True
2016-01-11,35,MS,-0.0699051,10.0,5.0,True
2016-01-18,35,MS,0.2920304642857143,18.0,4.0,True
2016-01-25,35,MS,-0.08872175,3.0,2.0,True
2016-02-01,35,MS,-0.2415374999999999,8.0,6.0,True
2016-02-08,35,MS,-0.061480375,18.0,4.0,True
2016-02-15,35,MS,0.200321,1.0,1.0,True
2016-02-22,35,MS,0.0025413999999999,8.0,4.0,True
2016-02-29,35,MS,0.1018748125,11.0,4.0,True
2016-03-07,35,MS,-0.9151095,2.0,1.0,True
2016-03-14,35,MS,-0.221209,1.0,1.0,True
2016-03-21,35,MS,-0.2382316666666667,5.0,3.0,True
2016-03-28,35,MS,-0.426294375,12.0,4.0,True
2016-04-04,35,MS,-0.887617,1.0,1.0,True
2016-04-11,35,MS,0.4096865555555555,5.0,3.0,True
2016-04-18,35,MS,0.0252493,16.0,2.0,True
2016-04-25,35,MS,0.296687,1.0,1.0,True
2016-05-02,35,MS,-0.33253075,3.0,2.0,True
2016-05-09,35,MS,-0.1537179999999999,2.0,1.0,True
2016-05-16,35,MS,-0.0929254,5.0,5.0,True
2016-05-23,35,MS,0.731875,1.0,1.0,True
2016-05-30,35,MS,-0.5041559999999999,6.0,3.0,True
2016-06-06,35,MS,-0.2872195333333333,14.0,5.0,True
2016-06-13,35,MS,0.5249262833333334,13.0,4.0,True
2016-06-20,35,MS,-0.448798,5.0,3.0,True
2016-06-27,35,MS,0.2031776666666666,4.0,2.0,True
2016-07-04,35,MS,0.1229505,5.0,3.0,True
2016-07-11,35,MS,-0.2723123333333333,4.0,3.0,True
2016-07-18,35,MS,0.0233374545454545,15.0,5.0,True
2016-07-25,35,MS,0.01840175,4.0,4.0,True
2016-08-01,35,MS,-8.086666666666346e-05,8.0,5.0,True
2016-08-08,35,MS,0.238109,2.0,1.0,True
2016-08-15,35,MS,-0.2912288472222222,13.0,6.0,True
2016-08-22,35,MS,0.0165294333333333,8.0,5.0,True
2016-08-29,35,MS,0.1657865,5.0,3.0,True
2016-09-05,35,MS,-0.0284730333333333,8.0,5.0,True
2016-09-12,35,MS,0.494283,1.0,1.0,True
2016-09-19,35,MS,0.0536629999999999,3.0,1.0,True
2016-09-26,35,MS,-0.14709825,6.0,2.0,True
2016-10-03,35,MS,0.0972293333333333,7.0,3.0,True
2016-10-10,35,MS,0.2011986666666666,6.0,6.0,True
2016-10-17,35,MS,0.5287975666666667,16.0,5.0,True
2016-10-24,35,MS,0.0077037499999999,4.0,4.0,True
2016-10-31,35,MS,-0.0540113,6.0,2.0,True
2016-11-07,35,MS,0.1117275,3.0,2.0,True
2016-11-14,35,MS,-0.1582945,2.0,2.0,True
2016-11-21,35,MS,-0.1651063333333333,3.0,3.0,True
2016-11-28,35,MS,-0.1903912666666666,8.0,5.0,True
2016-12-05,35,MS,-0.0652698333333333,5.0,3.0,True
2016-12-12,35,MS,0.2860066666666666,7.0,2.0,True
2016-12-19,35,MS,-0.11408075,6.0,4.0,True
2016-12-26,35,MS,0.137148,2.0,1.0,True
2017-01-02,35,MS,0.1937317857142857,22.0,5.0,True
2017-01-09,35,MS,-0.1876335547619048,26.0,6.0,True
2017-01-16,35,MS,0.3098130933333333,28.0,5.0,True
2017-01-23,35,MS,-0.0975815952380952,11.0,7.0,True
2017-01-30,35,MS,-0.1877989999999999,4.0,3.0,True
2017-02-06,35,MS,-0.339535,3.0,2.0,True
2017-02-13,35,MS,-0.3642277666666666,25.0,5.0,True
2017-02-20,35,MS,0.0094884,8.0,5.0,True
2017-02-27,35,MS,-0.1859625,5.0,4.0,True
2017-03-06,35,MS,-0.2846079999999999,2.0,2.0,True
2017-03-13,35,MS,0.1144948888888888,5.0,3.0,True
2017-03-20,35,MS,0.0597357333333333,7.0,3.0,True
2017-03-27,35,MS,0.001182625,6.0,4.0,True
2017-04-03,35,MS,-0.0970837999999999,7.0,5.0,True
2017-04-10,35,MS,0.2108275,3.0,2.0,True
2017-04-17,35,MS,0.1539598571428571,18.0,4.0,True
2017-04-24,35,MS,-0.0723815,5.0,2.0,True
2017-05-01,35,MS,-0.3229763333333333,4.0,3.0,True
2017-05-08,35,MS,-0.3431602777777778,9.0,6.0,True
2017-05-15,35,MS,-0.3416903333333334,6.0,3.0,True
2017-05-22,35,MS,-0.2414675,2.0,1.0,True
2017-05-29,35,MS,0.2438075833333333,5.0,2.0,True
2017-06-05,35,MS,-0.2870343333333333,3.0,3.0,True
2017-06-12,35,MS,-0.1245332222222222,6.0,3.0,True
2017-06-19,35,MS,0.16929675,4.0,4.0,True
2017-06-26,35,MS,-0.59461415,7.0,2.0,True
2017-07-03,35,MS,0.3832179375,8.0,4.0,True
2017-07-10,35,MS,0.19174375,7.0,6.0,True
2017-07-17,35,MS,-0.0446405333333333,27.0,4.0,True
2017-07-24,35,MS,-0.0287281666666666,4.0,3.0,True
2017-07-31,35,MS,0.2237125,2.0,2.0,True
2017-08-07,35,MS,0.630974,1.0,1.0,True
2017-08-14,35,MS,0.1933913333333333,3.0,3.0,True
2017-08-21,35,MS,-0.0029601666666666,5.0,3.0,True
2017-08-28,35,MS,0.0437411666666666,11.0,3.0,True
2017-09-04,35,MS,0.0287825555555555,6.0,3.0,True
2017-09-11,35,MS,0.5021145,2.0,2.0,True
2017-09-18,35,MS,0.2043708333333333,4.0,3.0,True
2017-09-25,35,MS,-0.4778893333333333,3.0,3.0,True
2017-10-02,35,MS,0.3916789999999999,7.0,3.0,True
2017-10-09,35,MS,0.1495935,6.0,5.0,True
2017-10-16,35,MS,-0.265827,12.0,2.0,True
2017-10-23,35,MS,0.4634945,2.0,2.0,True
2017-10-30,35,MS,-0.5880763333333333,3.0,3.0,True
2017-11-06,35,MS,0.242704,3.0,1.0,True
2017-11-13,35,MS,0.20417825,6.0,4.0,True
2017-11-20,35,MS,-0.19246075,3.0,2.0,True
2017-11-27,35,MS,-0.663044,2.0,1.0,True
2017-12-04,35,MS,0.24583675,5.0,4.0,True
2017-12-11,35,MS,-0.0916785666666666,9.0,5.0,True
2017-12-18,35,MS,-0.073948,2.0,2.0,True
2017-12-25,35,MS,-0.082776,3.0,3.0,True
2018-01-01,35,MS,0.051403375,12.0,2.0,True
2018-01-08,35,MS,0.0469261999999999,7.0,5.0,True
2018-01-15,35,MS,-0.1285808076923076,21.0,4.0,True
2018-01-22,35,MS,-0.0586201249999999,9.0,4.0,True
2018-01-29,35,MS,0.2193418916666666,15.0,4.0,True
2018-02-05,35,MS,-0.10392925,4.0,1.0,True
2018-02-12,35,MS,-0.3128193333333333,4.0,2.0,True
2018-02-19,35,MS,-0.3094262222222222,6.0,3.0,True
2018-02-26,35,MS,0.0709831388888889,11.0,6.0,True
2018-03-05,35,MS,-0.2620963333333334,6.0,3.0,True
2018-03-12,35,MS,0.124021,1.0,1.0,True
2018-03-19,35,MS,0.0250659999999999,3.0,2.0,True
2018-03-26,35,MS,0.236927,1.0,1.0,True
2018-04-02,35,MS,-0.3512030333333333,8.0,5.0,True
2018-04-09,35,MS,0.009773375,5.0,4.0,True
2018-04-16,35,MS,0.3582577888888889,20.0,5.0,True
2018-04-23,35,MS,0.0010218333333333,4.0,2.0,True
2018-04-30,35,MS,-0.0807043333333333,17.0,3.0,True
2018-05-07,35,MS,0.145631,6.0,3.0,True
2018-05-14,35,MS,-0.0417114,9.0,4.0,True
2018-05-21,35,MS,0.2753655,3.0,2.0,True
2018-05-28,35,MS,0.459638,1.0,1.0,True
2018-06-11,35,MS,0.0250023,9.0,5.0,True
2018-06-18,35,MS,0.1489567,7.0,5.0,True
2018-06-25,35,MS,-0.1101776666666666,4.0,2.0,True
2018-07-02,35,MS,-0.3874128333333334,9.0,5.0,True
2018-07-09,35,MS,0.3672658666666666,12.0,6.0,True
2018-07-16,35,MS,0.5291256481481482,12.0,3.0,True
2018-07-23,35,MS,-0.0997531857142857,14.0,5.0,True
2018-07-30,35,MS,0.02575075,5.0,2.0,True
2018-08-06,35,MS,0.116353,1.0,1.0,True
2018-08-20,35,MS,0.0782699999999999,3.0,2.0,True
2018-08-27,35,MS,0.1159016666666666,4.0,3.0,True
2018-09-03,35,MS,0.078651,1.0,1.0,True
2018-09-10,35,MS,0.647128,1.0,1.0,True
2018-09-17,35,MS,-0.022421,1.0,1.0,True
2018-09-24,35,MS,-0.285968,2.0,2.0,True
2018-10-01,35,MS,0.3897064999999999,2.0,2.0,True
2018-10-08,35,MS,0.1718266666666666,4.0,3.0,True
2018-10-15,35,MS,0.3339219333333333,8.0,3.0,True
2018-10-22,35,MS,-0.5305748333333333,4.0,3.0,True
2018-10-29,35,MS,0.3322943,7.0,5.0,True
2018-11-05,35,MS,0.048115,1.0,1.0,True
2018-11-12,35,MS,0.014472,1.0,1.0,True
2018-11-19,35,MS,0.060537,3.0,3.0,True
2018-11-26,35,MS,0.1229207,6.0,5.0,True
2018-12-03,35,MS,-0.2095002916666666,7.0,4.0,True
2018-12-10,35,MS,-0.2079839999999999,2.0,2.0,True
2018-12-17,35,MS,0.0669599999999999,3.0,3.0,True
2018-12-24,35,MS,-0.2224331666666666,4.0,2.0,True
2018-12-31,35,MS,0.021471,1.0,1.0,True
2019-01-07,35,MS,0.1517246666666666,3.0,1.0,True
2019-01-14,35,MS,0.0900757,17.0,4.0,True
2019-01-21,35,MS,-0.652836,1.0,1.0,True
2019-01-28,35,MS,0.329888,5.0,3.0,True
2019-02-04,35,MS,0.0980167916666666,8.0,4.0,True
2019-02-11,35,MS,0.120561,11.0,4.0,True
2019-02-18,35,MS,0.347702,2.0,2.0,True
2019-02-25,35,MS,0.0995765,2.0,2.0,True
2019-03-04,35,MS,-0.1657505,3.0,2.0,True
2019-03-18,35,MS,0.448263,1.0,1.0,True
2019-03-25,35,MS,-0.10100843,12.0,5.0,True
2019-04-01,35,MS,0.0138008333333333,9.0,6.0,True
2019-04-08,35,MS,0.0267041666666666,9.0,6.0,True
2019-04-15,35,MS,-0.0662847636363636,15.0,5.0,True
2019-04-22,35,MS,-0.004073319047619,26.0,7.0,True
2019-04-29,35,MS,-0.1218210999999999,9.0,5.0,True
2019-05-06,35,MS,0.0201386666666666,7.0,2.0,True
2019-05-13,35,MS,0.1348564166666666,10.0,3.0,True
2019-05-20,35,MS,0.4948373333333333,4.0,3.0,True
2019-06-03,35,MS,0.2847559999999999,3.0,3.0,True
2019-06-10,35,MS,0.295574375,5.0,4.0,True
2019-06-17,35,MS,0.4941494999999999,2.0,2.0,True
2019-06-24,35,MS,0.8411415,2.0,1.0,True
2019-07-01,35,MS,-0.24581375,6.0,3.0,True
2019-07-08,35,MS,0.5502623333333333,4.0,3.0,True
2019-07-15,35,MS,0.0106978333333333,9.0,3.0,True
2019-07-22,35,MS,-0.166408,2.0,2.0,True
2019-07-29,35,MS,0.409074,3.0,1.0,True
2019-08-05,35,MS,0.07936875,3.0,2.0,True
2019-08-19,35,MS,0.111065,1.0,1.0,True
2019-08-26,35,MS,0.2993695,2.0,2.0,True
2019-09-02,35,MS,0.2704155,4.0,3.0,True
2019-09-09,35,MS,-0.3028103333333333,4.0,2.0,True
2019-09-16,35,MS,0.2162833,7.0,5.0,True
2019-09-23,35,MS,0.1977641333333333,7.0,3.0,True
2019-09-30,35,MS,0.0217519999999999,2.0,2.0,True
2019-10-07,35,MS,0.1247024166666666,7.0,4.0,True
2019-10-14,35,MS,0.08620525,6.0,2.0,True
2019-10-21,35,MS,0.132211,3.0,1.0,True
2019-11-04,35,MS,0.3771235,3.0,2.0,True
2019-11-11,35,MS,0.2116944999999999,7.0,5.0,True
2019-11-18,35,MS,0.3335539999999999,3.0,3.0,True
2019-11-25,35,MS,-0.6825478333333334,4.0,3.0,True
2019-12-02,35,MS,-0.091640375,5.0,4.0,True
2019-12-09,35,MS,-0.5436629545454545,17.0,4.0,True
2019-12-16,35,MS,-0.5548348333333334,5.0,3.0,True
2019-12-23,35,MS,0.1244533749999999,5.0,2.0,True
2019-12-30,35,MS,-0.585536,1.0,1.0,True
2020-01-06,35,MS,0.303586,1.0,1.0,True
2020-01-13,35,MS,0.1842582333333333,22.0,6.0,True
2020-01-20,35,MS,0.017459,1.0,1.0,True
2020-01-27,35,MS,0.353488825,9.0,4.0,True
2020-02-03,35,MS,-0.1197165,2.0,2.0,True
2020-02-10,35,MS,-0.619709,1.0,1.0,True
2020-02-17,35,MS,-0.0363998409090909,26.0,4.0,True
2020-02-24,35,MS,0.149729,3.0,3.0,True
2020-03-02,35,MS,-0.0732704999999999,6.0,3.0,True
2020-03-09,35,MS,-0.2148495,3.0,2.0,True
2020-03-16,35,MS,0.2259513333333333,4.0,2.0,True
2020-03-23,35,MS,0.0155587573529411,24.0,4.0,True
2020-03-30,35,MS,0.043094,4.0,2.0,True
2020-04-06,35,MS,0.35513825,8.0,1.0,True
2020-04-13,35,MS,-0.2738934923076923,19.0,5.0,True
2020-04-20,35,MS,-0.2410225,4.0,2.0,True
2020-04-27,35,MS,0.3862204,7.0,3.0,True
2020-05-04,35,MS,0.1456689444444444,17.0,5.0,True
2020-05-11,35,MS,0.1047196833333333,14.0,5.0,True
2020-05-18,35,MS,0.3695690972222222,14.0,4.0,True
2020-05-25,35,MS,0.238021,1.0,1.0,True
2020-06-01,35,MS,0.0871731623376623,22.0,7.0,True
2020-06-08,35,MS,0.1662443571428571,12.0,4.0,True
2020-06-15,35,MS,-0.1369557599999999,9.0,5.0,True
2020-06-22,35,MS,0.17761425,4.0,2.0,True
2020-06-29,35,MS,0.2129763666666666,8.0,3.0,True
2020-07-06,35,MS,0.2225876,5.0,1.0,True
2020-07-13,35,MS,0.0930725833333333,15.0,3.0,True
2020-07-20,35,MS,-0.0290786666666666,4.0,3.0,True
2020-07-27,35,MS,0.1854915,2.0,2.0,True
2020-08-03,35,MS,0.1099323333333333,5.0,3.0,True
2020-08-10,35,MS,0.25977051875,15.0,4.0,True
2020-08-17,35,MS,0.4432163333333332,6.0,2.0,True
2020-08-24,35,MS,-0.1672432499999999,3.0,2.0,True
2020-08-31,35,MS,0.0573743333333333,3.0,3.0,True
2020-09-07,35,MS,0.1087664999999999,4.0,3.0,True
2020-09-14,35,MS,-0.2054959999999999,3.0,2.0,True
2020-09-21,35,MS,-0.256692,3.0,3.0,True
2020-09-28,35,MS,0.0863021666666666,5.0,2.0,True
2020-10-05,35,MS,0.2555415392156863,20.0,3.0,True
2020-10-12,35,MS,0.0608010555555555,10.0,3.0,True
2020-10-19,35,MS,-0.3218570476190476,9.0,3.0,True
2020-10-26,35,MS,0.0633526249999999,9.0,4.0,True
2020-11-02,35,MS,-0.4257651666666666,4.0,3.0,True
2020-11-09,35,MS,0.34764275,3.0,2.0,True
2020-11-16,35,MS,-0.1108839999999999,3.0,3.0,True
2020-11-23,35,MS,-0.789016,1.0,1.0,True
2020-11-30,35,MS,0.4506693,6.0,2.0,True
2020-12-07,35,MS,0.2737463333333333,5.0,3.0,True
2020-12-14,35,MS,0.5911623333333332,3.0,3.0,True
2020-12-21,35,MS,-0.000203,1.0,1.0,True
2020-12-28,35,MS,0.5965975,2.0,1.0,True
2021-01-04,35,MS,0.3408336666666667,3.0,3.0,True
2021-01-11,35,MS,-0.0488301666666666,7.0,3.0,True
2021-01-18,35,MS,0.3917381875,8.0,4.0,True
2021-01-25,35,MS,0.1714610625,9.0,4.0,True
2021-02-01,35,MS,0.3297299,7.0,5.0,True
2021-02-08,35,MS,0.3599611666666666,4.0,3.0,True
2021-02-22,35,MS,0.2908845555555555,5.0,3.0,True
2021-03-01,35,MS,-0.088819,2.0,2.0,True
2021-03-08,35,MS,-0.0576206666666666,4.0,2.0,True
2021-03-15,35,MS,0.2630459766666667,20.0,5.0,True
2021-03-22,35,MS,0.26853775,4.0,2.0,True
2021-03-29,35,MS,0.1480401111111111,7.0,3.0,True
2021-04-05,35,MS,0.0875507222222222,9.0,6.0,True
2021-04-12,35,MS,-0.2887839772727273,14.0,4.0,True
2021-04-19,35,MS,0.5045854999999999,6.0,4.0,True
2021-04-26,35,MS,0.1146805,5.0,3.0,True
2021-05-10,35,MS,0.148345,4.0,4.0,True
2021-05-17,35,MS,0.362186,5.0,2.0,True
2021-05-24,35,MS,0.10590775,5.0,4.0,True
2021-05-31,35,MS,0.5782445,3.0,2.0,True
2021-06-07,35,MS,0.0703135,2.0,2.0,True
2021-06-14,35,MS,0.3941405999999999,7.0,5.0,True
2021-06-21,35,MS,0.4794355,4.0,1.0,True
2021-06-28,35,MS,0.4774405,2.0,2.0,True
2021-07-05,35,MS,-0.1078785624999999,7.0,4.0,True
2021-07-12,35,MS,0.3806884583333333,11.0,4.0,True
2021-07-19,35,MS,0.285043,2.0,2.0,True
2021-07-26,35,MS,0.808904,1.0,1.0,True
2021-08-02,35,MS,0.0461644166666666,5.0,2.0,True
2021-08-09,35,MS,0.3476475,2.0,1.0,True
2021-08-16,35,MS,0.00513125,4.0,4.0,True
2021-08-23,35,MS,0.106682,2.0,2.0,True
2021-08-30,35,MS,-0.29793,2.0,2.0,True
2021-09-06,35,MS,-0.0711049999999999,5.0,4.0,True
2021-09-13,35,MS,0.2139763333333333,6.0,3.0,True
2021-09-20,35,MS,0.0936485,2.0,2.0,True
2021-09-27,35,MS,-0.0585013222222222,10.0,3.0,True
2021-10-04,35,MS,0.3717737777777778,5.0,3.0,True
2021-10-11,35,MS,0.3032371083333333,16.0,5.0,True
2021-10-18,35,MS,0.1570802499999999,3.0,2.0,True
2021-10-25,35,MS,0.22916175,7.0,3.0,True
2021-11-01,35,MS,-0.0576061249999999,8.0,4.0,True
2021-11-08,35,MS,0.292919625,5.0,4.0,True
2021-11-15,35,MS,0.0966004166666666,5.0,2.0,True
2021-11-22,35,MS,0.0048886666666666,3.0,3.0,True
2021-11-29,35,MS,0.152871,1.0,1.0,True
2021-12-06,35,MS,0.1594875333333333,7.0,3.0,True
2021-12-13,35,MS,0.0368325,6.0,4.0,True
2021-12-20,35,MS,0.05909525,3.0,2.0,True
2021-12-27,35,MS,0.1290663333333333,3.0,3.0,True
2022-01-03,35,MS,-0.1844833333333333,7.0,5.0,True
2022-01-10,35,MS,0.4388925,2.0,1.0,True
2022-01-17,35,MS,0.42675125,13.0,4.0,True
2022-01-24,35,MS,0.1764255,2.0,1.0,True
2022-01-31,35,MS,-0.103394,3.0,2.0,True
2022-02-14,35,MS,0.2576654444444444,5.0,3.0,True
2022-02-21,35,MS,0.014292,2.0,2.0,True
2022-03-07,35,MS,0.3220652499999999,4.0,4.0,True
2022-03-14,35,MS,-0.2784175,3.0,2.0,True
2022-03-21,35,MS,0.0225942638888888,13.0,4.0,True
2022-03-28,35,MS,0.2774175,3.0,2.0,True
2022-04-04,35,MS,-0.0839826666666666,4.0,3.0,True
2022-04-11,35,MS,0.3702816666666666,3.0,1.0,True
2022-04-18,35,MS,-0.1059108888888888,5.0,3.0,True
2022-04-25,35,MS,-0.08864525,3.0,2.0,True
2022-05-02,35,MS,0.2687252499999999,3.0,2.0,True
2022-05-09,35,MS,0.0555961249999999,11.0,4.0,True
2022-05-16,35,MS,-0.0515616666666666,4.0,3.0,True
2022-05-30,35,MS,-0.0997615,3.0,2.0,True
2022-06-06,35,MS,-0.377266,2.0,2.0,True
2022-06-13,35,MS,0.057942,2.0,1.0,True
2022-06-20,35,MS,-0.2490815,3.0,2.0,True
2022-06-27,35,MS,-0.456877,3.0,2.0,True
2022-07-11,35,MS,0.1336529166666666,9.0,4.0,True
2022-07-18,35,MS,-0.0393939166666666,5.0,2.0,True
2022-07-25,35,MS,-0.1879406666666666,4.0,3.0,True
2022-08-01,35,MS,0.4025863333333333,3.0,3.0,True
2022-08-08,35,MS,-0.3179685,2.0,2.0,True
2022-08-15,35,MS,-0.037388,1.0,1.0,True
2022-08-22,35,MS,-0.0773389999999999,2.0,2.0,True
2022-08-29,35,MS,-0.1519914999999999,3.0,2.0,True
2022-09-05,35,MS,0.2308123333333333,3.0,1.0,True
2022-09-12,35,MS,-0.20158525,5.0,4.0,True
2022-09-19,35,MS,-0.7051425555555556,10.0,3.0,True
2022-09-26,35,MS,-0.3086715,2.0,2.0,True
2022-10-03,35,MS,-0.0581965,6.0,3.0,True
2022-10-10,35,MS,-0.1594422916666666,11.0,3.0,True
2022-10-17,35,MS,-0.2015858666666666,12.0,5.0,True
2022-10-24,35,MS,-0.1362555,5.0,3.0,True
2022-10-31,35,MS,0.0876911666666666,4.0,2.0,True
2022-11-07,35,MS,0.1425096666666666,3.0,3.0,True
2022-11-14,35,MS,-0.0095246666666666,7.0,4.0,True
2022-11-28,35,MS,-0.3371023333333333,4.0,3.0,True
2022-12-05,35,MS,-0.1815365,7.0,2.0,True
2022-12-12,35,MS,-0.5857336666666667,5.0,3.0,True
2022-12-19,35,MS,-0.323959,2.0,2.0,True
2023-01-02,35,MS,-0.2827915,2.0,1.0,True
2023-01-09,35,MS,0.1137015833333333,8.0,6.0,True
2023-01-16,35,MS,0.0204603583333333,16.0,5.0,True
2023-01-23,35,MS,-0.05424725,6.0,4.0,True
2023-01-30,35,MS,-0.131721,2.0,2.0,True
2023-02-06,35,MS,-0.2223162,10.0,4.0,True
2023-02-13,35,MS,-0.017834,2.0,2.0,True
2023-02-20,35,MS,-0.150081,1.0,1.0,True
2023-02-27,35,MS,-0.3207447499999999,3.0,2.0,True
2023-03-06,35,MS,0.5657773333333334,3.0,3.0,True
2023-03-20,35,MS,-0.0846135,2.0,2.0,True
2023-03-27,35,MS,-0.321214,1.0,1.0,True
2023-04-03,35,MS,-0.108150625,6.0,4.0,True
2023-04-10,35,MS,0.072626,2.0,2.0,True
2023-04-17,35,MS,-0.3048663444444445,14.0,5.0,True
2023-04-24,35,MS,0.3314524,5.0,5.0,True
2023-05-01,35,MS,0.1325272416666666,19.0,6.0,True
2023-05-08,35,MS,-0.0492469999999999,2.0,1.0,True
2023-05-15,35,MS,0.0025262435897435,21.0,5.0,True
2023-05-22,35,MS,-0.402417125,5.0,4.0,True
2023-05-29,35,MS,0.3300331666666666,8.0,4.0,True
2023-06-05,35,MS,-0.1951719999999999,3.0,3.0,True
2023-06-12,35,MS,-0.39957975,3.0,2.0,True
2023-06-19,35,MS,0.043619,3.0,3.0,True
2023-06-26,35,MS,0.2371255,4.0,3.0,True
2023-07-10,35,MS,0.0654985,4.0,2.0,True
2023-07-17,35,MS,-0.1399739166666667,14.0,4.0,True
2023-07-24,35,MS,0.283845,3.0,3.0,True
2023-07-31,35,MS,0.360214,3.0,3.0,True
2023-08-07,35,MS,-0.0134866666666666,3.0,3.0,True
2023-08-14,35,MS,0.0600173333333333,4.0,3.0,True
2023-08-21,35,MS,0.1228653,6.0,2.0,True
2023-08-28,35,MS,0.2398476,6.0,5.0,True
2023-09-04,35,MS,0.2970294,5.0,5.0,True
2023-09-11,35,MS,0.3892565,4.0,3.0,True
2023-09-18,35,MS,-0.343659875,6.0,4.0,True
2023-09-25,35,MS,0.893895,2.0,2.0,True
2023-10-02,35,MS,0.081542,1.0,1.0,True
2023-10-09,35,MS,-0.0824153333333333,4.0,3.0,True
2023-10-16,35,MS,-0.3230567916666667,10.0,3.0,True
2023-10-23,35,MS,0.2016041666666666,11.0,3.0,True
2023-10-30,35,MS,0.376057,4.0,2.0,True
2023-11-06,35,MS,-0.5086698333333334,4.0,3.0,True
2023-11-13,35,MS,-0.4743518125,7.0,4.0,True
2023-11-27,35,MS,0.1761334999999999,6.0,3.0,True
2023-12-04,35,MS,-0.32153,2.0,1.0,True
2023-12-11,35,MS,0.206013,2.0,1.0,True
2023-12-18,35,MS,0.2195636666666666,3.0,3.0,True
2024-01-01,35,MS,-0.7029846666666666,3.0,3.0,True
2024-01-08,35,MS,-0.19054624,12.0,5.0,True
2024-01-15,35,MS,-0.2752406666666667,8.0,5.0,True
2024-01-22,35,MS,0.066979,1.0,1.0,True
2024-01-29,35,MS,0.3857088749999999,6.0,2.0,True
2024-02-05,35,MS,0.0604345,3.0,2.0,True
2024-02-12,35,MS,-0.49483125,7.0,3.0,True
2024-02-19,35,MS,-0.06151075,3.0,2.0,True
2024-02-26,35,MS,0.0768993333333333,4.0,3.0,True
2024-03-04,35,MS,-0.139122,1.0,1.0,True
2024-03-11,35,MS,0.2172346666666666,3.0,1.0,True
2024-03-18,35,MS,-0.0297541428571428,25.0,4.0,True
2024-04-01,35,MS,0.0171476666666666,4.0,3.0,True
2024-04-08,35,MS,-0.1455626666666666,6.0,3.0,True
2024-04-15,35,MS,-0.104710125,11.0,4.0,True
2024-04-22,35,MS,-0.2724365,2.0,2.0,True
2024-04-29,35,MS,0.549978,3.0,3.0,True
2024-05-06,35,MS,0.0343819999999999,2.0,2.0,True
2024-05-20,35,MS,-0.0085683,9.0,5.0,True
2024-05-27,35,MS,-0.390864,1.0,1.0,True
2024-06-03,35,MS,0.2968185,2.0,2.0,True
2024-06-10,35,MS,-0.638986,1.0,1.0,True
2024-06-17,35,MS,0.226421125,5.0,4.0,True
2024-06-24,35,MS,0.551353,1.0,1.0,True
2024-07-01,35,MS,-0.34705575,3.0,2.0,True
2024-07-15,35,MS,0.8113698333333332,4.0,2.0,True
2024-07-22,35,MS,0.1968078333333333,4.0,3.0,True
2024-07-29,35,MS,0.3173895,4.0,2.0,True
2024-08-05,35,MS,0.05047,1.0,1.0,True
2024-08-12,35,MS,-0.3074543333333333,3.0,3.0,True
2024-08-19,35,MS,0.0744265999999999,7.0,5.0,True
2024-08-26,35,MS,-0.5755615,3.0,2.0,True
2024-09-02,35,MS,-0.4497622666666667,7.0,3.0,True
2024-09-09,35,MS,-0.865481,1.0,1.0,True
2024-09-16,35,MS,0.546438,1.0,1.0,True
2024-09-23,35,MS,-0.0382026666666666,5.0,3.0,True
2024-09-30,35,MS,-0.0149674999999999,4.0,4.0,True
2024-10-07,35,MS,-0.065317,3.0,3.0,True
2024-10-14,35,MS,0.5091419166666666,9.0,4.0,True
2024-10-21,35,MS,0.1460781,9.0,4.0,True
2024-10-28,35,MS,0.0893672222222222,5.0,3.0,True
2024-11-04,35,MS,0.2356131666666666,4.0,3.0,True
2024-11-11,35,MS,0.2110666083333333,11.0,4.0,True
2024-11-25,35,MS,-0.602636,1.0,1.0,True
2024-12-02,35,MS,-0.3011618749999999,6.0,4.0,True
2024-12-09,35,MS,-0.1299926666666666,3.0,3.0,True
2024-12-16,35,MS,0.5431781250000001,5.0,4.0,True
2024-12-23,35,MS,-0.495145,1.0,1.0,True
2024-12-30,35,MS,0.205988,1.0,1.0,True
2025-01-06,35,MS,-0.4315256666666666,3.0,3.0,True
2025-01-13,35,MS,-0.0968683333333333,7.0,6.0,True
2025-01-20,35,MS,0.624143,3.0,3.0,True
2025-01-27,35,MS,0.24093175,5.0,4.0,True
2025-02-03,35,MS,-0.0139561666666666,4.0,3.0,True
2025-02-10,35,MS,-0.311003025,9.0,4.0,True
2025-02-17,35,MS,-0.1861255,3.0,2.0,True
2025-02-24,35,MS,0.0740100833333333,6.0,4.0,True
2025-03-03,35,MS,0.19261375,5.0,4.0,True
2025-03-10,35,MS,-0.3207678888888889,5.0,3.0,True
2025-03-17,35,MS,0.1609072499999999,12.0,6.0,True
2025-03-24,35,MS,-0.087577,3.0,1.0,True
2025-03-31,35,MS,0.2483228999999999,6.0,5.0,True
2025-04-07,35,MS,0.0734786785714285,20.0,4.0,True
2025-04-14,35,MS,-0.39981505,9.0,4.0,True
2025-04-21,35,MS,-0.6204696000000001,7.0,5.0,True
2025-04-28,35,MS,0.260631675,9.0,4.0,True
2025-05-05,35,MS,0.597493,2.0,1.0,True
2025-05-12,35,MS,-0.3526534999999999,2.0,2.0,True
2025-05-19,35,MS,0.113422625,7.0,4.0,True
2025-05-26,35,MS,-0.2751865,3.0,2.0,True
2025-06-02,35,MS,0.0280288333333333,4.0,3.0,True
2025-06-09,35,MS,0.1628171666666666,4.0,3.0,True
2025-06-16,35,MS,0.2643085,5.0,3.0,True
2025-06-23,35,MS,-0.0807504999999999,8.0,5.0,True
2025-06-30,35,MS,-0.0423343125,7.0,4.0,True
2025-07-07,35,MS,-0.34686,5.0,3.0,True
2025-07-14,35,MS,0.3407240833333333,8.0,3.0,True
2025-07-21,35,MS,-0.127872625,7.0,4.0,True
2025-07-28,35,MS,-0.0189296666666666,3.0,3.0,True
2025-08-04,35,MS,0.2115062916666666,7.0,4.0,True
2025-08-11,35,MS,-0.1227404999999999,3.0,2.0,True
2025-08-18,35,MS,-0.0590806666666666,3.0,3.0,True
2025-08-25,35,MS,0.609295,3.0,3.0,True
2025-09-01,35,MS,0.7589456666666666,3.0,3.0,True
2025-09-08,35,MS,0.3974606666666667,4.0,3.0,True
2025-09-15,35,MS,-0.0225509999999999,4.0,2.0,True
2025-09-22,35,MS,0.1649818333333333,4.0,2.0,True
2025-09-29,35,MS,-0.143182625,7.0,4.0,True
2025-10-06,35,MS,0.0359163333333333,3.0,3.0,True
2025-10-13,35,MS,0.1999772333333333,9.0,3.0,True
2025-10-20,35,MS,-0.574929,1.0,1.0,True
2025-10-27,35,MS,0.1546365999999999,11.0,5.0,True
2025-11-03,35,MS,0.33662575,7.0,4.0,True
2025-11-10,35,MS,0.228656,3.0,3.0,True
2025-11-17,35,MS,-0.2955995,4.0,4.0,True
2025-11-24,35,MS,-0.4621973333333333,4.0,3.0,True
2025-12-01,35,MS,0.1103734999999999,2.0,2.0,True
2025-12-08,35,MS,-0.466226,2.0,2.0,True
2025-12-22,35,MS,-0.4876239999999999,2.0,2.0,True
2025-12-29,35,MS,-0.008391,2.0,1.0,True
2015-01-05,3,MSFT,0.0838755,4.0,2.0,True
2015-01-12,3,MSFT,-0.1865837642857142,24.0,7.0,True
2015-01-19,3,MSFT,0.1511501954457364,67.0,6.0,True
2015-01-26,3,MSFT,0.0101066874473905,73.0,6.0,True
2015-02-02,3,MSFT,0.0720126369047619,18.0,4.0,True
2015-02-09,3,MSFT,0.1777411683333333,37.0,5.0,True
2015-02-16,3,MSFT,0.3411813,8.0,5.0,True
2015-02-23,3,MSFT,-0.4650296666666666,8.0,4.0,True
2015-03-02,3,MSFT,0.1350832227891156,29.0,7.0,True
2015-03-09,3,MSFT,0.1317375595238095,17.0,7.0,True
2015-03-16,3,MSFT,0.053686414021164,50.0,6.0,True
2015-03-23,3,MSFT,0.0966249404761904,23.0,7.0,True
2015-03-30,3,MSFT,-0.1424012346938775,20.0,7.0,True
2015-04-06,3,MSFT,0.1623896266666666,17.0,5.0,True
2015-04-13,3,MSFT,0.1977213365079365,38.0,6.0,True
2015-04-20,3,MSFT,0.4337458218954248,43.0,6.0,True
2015-04-27,3,MSFT,-0.2119633479889391,61.0,6.0,True
2015-05-04,3,MSFT,0.147974525,14.0,5.0,True
2015-05-11,3,MSFT,0.4183442916666667,10.0,4.0,True
2015-05-18,3,MSFT,-0.210536125,6.0,4.0,True
2015-05-25,3,MSFT,0.0414675138888888,12.0,6.0,True
2015-06-01,3,MSFT,-0.2357678039999999,38.0,5.0,True
2015-06-08,3,MSFT,-0.2001075039682539,22.0,6.0,True
2015-06-15,3,MSFT,0.0675737619047619,47.0,7.0,True
2015-06-22,3,MSFT,-0.1089439722222222,11.0,6.0,True
2015-06-29,3,MSFT,0.1038624988977072,59.0,6.0,True
2015-07-06,3,MSFT,-0.1037442199067599,103.0,5.0,True
2015-07-13,3,MSFT,0.0275395986394557,33.0,7.0,True
2015-07-20,3,MSFT,-0.0610212659728506,88.0,6.0,True
2015-07-27,3,MSFT,0.0557366415489272,48.0,7.0,True
2015-08-03,3,MSFT,0.1647274514285714,21.0,5.0,True
2015-08-10,3,MSFT,0.08203635,16.0,6.0,True
2015-08-17,3,MSFT,-0.0701598899999999,19.0,5.0,True
2015-08-24,3,MSFT,-0.3108196964285715,22.0,7.0,True
2015-08-31,3,MSFT,0.1197515333333333,14.0,6.0,True
2015-09-07,3,MSFT,0.0777341242521367,34.0,6.0,True
2015-09-14,3,MSFT,-0.0063217738095237,23.0,6.0,True
2015-09-21,3,MSFT,0.1850704226190476,24.0,4.0,True
2015-09-28,3,MSFT,0.0396980796834118,49.0,7.0,True
2015-10-05,3,MSFT,0.0277600611111111,63.0,6.0,True
2015-10-12,3,MSFT,-0.0400902142857143,21.0,6.0,True
2015-10-19,3,MSFT,0.0116624534265734,49.0,5.0,True
2015-10-26,3,MSFT,0.4225275555555556,12.0,6.0,True
2015-11-02,3,MSFT,-0.1022079950396825,21.0,6.0,True
2015-11-09,3,MSFT,0.0485530166666666,16.0,6.0,True
2015-11-16,3,MSFT,0.2015794166666666,16.0,5.0,True
2015-11-23,3,MSFT,-0.0041025833333333,13.0,4.0,True
2015-11-30,3,MSFT,0.0689360277777777,17.0,6.0,True
2015-12-07,3,MSFT,0.2367320999999999,7.0,5.0,True
2015-12-14,3,MSFT,0.238366375,13.0,4.0,True
2015-12-21,3,MSFT,-0.2233567,6.0,2.0,True
2015-12-28,3,MSFT,-0.2109614583333333,7.0,4.0,True
2016-01-04,3,MSFT,0.1461863156565656,31.0,6.0,True
2016-01-11,3,MSFT,0.0151953362637362,37.0,7.0,True
2016-01-18,3,MSFT,-0.0038229761904761,16.0,7.0,True
2016-01-25,3,MSFT,0.1908294555555555,43.0,6.0,True
2016-02-01,3,MSFT,0.0544501154761904,58.0,6.0,True
2016-02-08,3,MSFT,-0.3084719666666666,8.0,5.0,True
2016-02-15,3,MSFT,0.3570875533333334,12.0,5.0,True
2016-02-22,3,MSFT,0.0192682888888889,21.0,6.0,True
2016-02-29,3,MSFT,0.0883973351190476,19.0,4.0,True
2016-03-07,3,MSFT,0.0733087499999999,17.0,3.0,True
2016-03-14,3,MSFT,0.4272169285714285,10.0,7.0,True
2016-03-21,3,MSFT,0.1272200277777777,20.0,6.0,True
2016-03-28,3,MSFT,0.2767998428571429,27.0,7.0,True
2016-04-04,3,MSFT,0.4663125,17.0,4.0,True
2016-04-11,3,MSFT,0.1508110902777777,46.0,6.0,True
2016-04-18,3,MSFT,-0.4443646194242245,61.0,6.0,True
2016-04-25,3,MSFT,-0.0329991866666666,18.0,5.0,True
2016-05-02,3,MSFT,0.1262403539682539,30.0,6.0,True
2016-05-09,3,MSFT,-0.0095288124999999,10.0,4.0,True
2016-05-16,3,MSFT,-0.2330289820402298,37.0,4.0,True
2016-05-23,3,MSFT,0.1148705912390488,76.0,5.0,True
2016-05-30,3,MSFT,0.1246801709401709,50.0,6.0,True
2016-06-06,3,MSFT,0.311849375,7.0,4.0,True
2016-06-13,3,MSFT,-0.0162466349893438,198.0,7.0,True
2016-06-20,3,MSFT,-0.1587839523809524,15.0,7.0,True
2016-06-27,3,MSFT,-0.17522804,17.0,5.0,True
2016-07-04,3,MSFT,-0.1149629055555555,19.0,5.0,True
2016-07-11,3,MSFT,-0.0348240785714285,40.0,7.0,True
2016-07-18,3,MSFT,-0.0177762741551681,48.0,7.0,True
2016-07-25,3,MSFT,-0.4607914904761905,31.0,5.0,True
2016-08-01,3,MSFT,0.1019335857142857,16.0,7.0,True
2016-08-08,3,MSFT,0.3419686342592593,19.0,3.0,True
2016-08-15,3,MSFT,0.1336946111111111,11.0,6.0,True
2016-08-22,3,MSFT,0.186724141025641,22.0,4.0,True
2016-08-29,3,MSFT,0.2815805972222222,13.0,6.0,True
2016-09-05,3,MSFT,-0.0668379099999999,13.0,5.0,True
2016-09-12,3,MSFT,-0.1630304777777777,21.0,6.0,True
2016-09-19,3,MSFT,0.1261867101190476,29.0,4.0,True
2016-09-26,3,MSFT,0.2260150478114478,44.0,6.0,True
2016-10-03,3,MSFT,0.1192467444444444,31.0,7.0,True
2016-10-10,3,MSFT,0.1454743333333333,6.0,2.0,True
2016-10-17,3,MSFT,0.3007056031746032,20.0,7.0,True
2016-10-24,3,MSFT,0.235879442745098,39.0,5.0,True
2016-10-31,3,MSFT,-0.4842530246031746,26.0,6.0,True
2016-11-07,3,MSFT,-0.353173125,7.0,4.0,True
2016-11-14,3,MSFT,0.1456288083333334,23.0,5.0,True
2016-11-21,3,MSFT,0.4365918125,8.0,4.0,True
2016-11-28,3,MSFT,-0.1028159999999999,2.0,2.0,True
2016-12-05,3,MSFT,0.3222577088744589,42.0,6.0,True
2016-12-12,3,MSFT,0.3638352027777778,18.0,6.0,True
2016-12-19,3,MSFT,0.3280439333333333,11.0,3.0,True
2016-12-26,3,MSFT,0.72608,4.0,2.0,True
2017-01-02,3,MSFT,0.3076667777777778,5.0,3.0,True
2017-01-09,3,MSFT,0.0797270944444444,19.0,6.0,True
2017-01-16,3,MSFT,-0.1285857724489796,33.0,7.0,True
2017-01-23,3,MSFT,0.2845724555555555,58.0,7.0,True
2017-01-30,3,MSFT,-0.2089133555555555,15.0,6.0,True
2017-02-06,3,MSFT,-0.2036781666666666,15.0,5.0,True
2017-02-13,3,MSFT,0.397021156060606,35.0,5.0,True
2017-02-20,3,MSFT,0.2391049369230769,42.0,5.0,True
2017-02-27,3,MSFT,0.04484965,19.0,5.0,True
2017-03-06,3,MSFT,0.0980084666666666,7.0,3.0,True
2017-03-13,3,MSFT,0.1403161666666666,15.0,6.0,True
2017-03-20,3,MSFT,0.2279473063492063,27.0,6.0,True
2017-03-27,3,MSFT,-0.2034349999999999,12.0,4.0,True
2017-04-03,3,MSFT,0.0844080476190476,17.0,4.0,True
2017-04-10,3,MSFT,-0.0112392788636363,57.0,6.0,True
2017-04-17,3,MSFT,0.3020162222222222,19.0,6.0,True
2017-04-24,3,MSFT,-0.168248375,39.0,6.0,True
2017-05-01,3,MSFT,0.2340083176470588,29.0,5.0,True
2017-05-08,3,MSFT,0.1471539582417582,37.0,7.0,True
2017-05-15,3,MSFT,-0.27312063,18.0,5.0,True
2017-05-22,3,MSFT,0.2699833537581699,34.0,6.0,True
2017-05-29,3,MSFT,0.4125094444444444,9.0,3.0,True
2017-06-05,3,MSFT,-0.2088180467687075,36.0,7.0,True
2017-06-12,3,MSFT,-0.0243413416666666,41.0,4.0,True
2017-06-19,3,MSFT,-0.1876777499999999,7.0,6.0,True
2017-06-26,3,MSFT,-0.0006351431972788,27.0,7.0,True
2017-07-03,3,MSFT,-0.4341774289110944,77.0,6.0,True
2017-07-10,3,MSFT,0.2333944285714285,35.0,5.0,True
2017-07-17,3,MSFT,0.2802377767676767,41.0,6.0,True
2017-07-24,3,MSFT,0.1768349199999999,20.0,5.0,True
2017-07-31,3,MSFT,0.4717608333333333,11.0,6.0,True
2017-08-07,3,MSFT,-0.2987680288461538,20.0,4.0,True
2017-08-14,3,MSFT,0.4001768333333333,16.0,6.0,True
2017-08-21,3,MSFT,0.1629232714285714,31.0,7.0,True
2017-08-28,3,MSFT,0.0308646666666666,16.0,6.0,True
2017-09-04,3,MSFT,0.3254030333333333,8.0,3.0,True
2017-09-11,3,MSFT,0.1889515,4.0,3.0,True
2017-09-18,3,MSFT,0.062215,8.0,3.0,True
2017-09-25,3,MSFT,0.3998790793650793,23.0,6.0,True
2017-10-02,3,MSFT,0.1925246307692307,24.0,6.0,True
2017-10-09,3,MSFT,0.0257347777777777,22.0,5.0,True
2017-10-16,3,MSFT,-0.0471135194444444,31.0,5.0,True
2017-10-23,3,MSFT,-0.1218120449346405,50.0,6.0,True
2017-10-30,3,MSFT,0.2470090633333333,16.0,5.0,True
2017-11-06,3,MSFT,0.2884806333333333,20.0,3.0,True
2017-11-13,3,MSFT,0.3169997916666666,13.0,4.0,True
2017-11-20,3,MSFT,-0.5045781666666667,4.0,3.0,True
2017-11-27,3,MSFT,0.4557201666666667,19.0,5.0,True
2017-12-04,3,MSFT,0.2428450555555555,18.0,6.0,True
2017-12-11,3,MSFT,0.3088030625,9.0,4.0,True
2017-12-18,3,MSFT,0.1080034999999999,6.0,3.0,True
2017-12-25,3,MSFT,0.517773,2.0,2.0,True
2018-01-01,3,MSFT,-0.0304360303030302,22.0,4.0,True
2018-01-08,3,MSFT,0.0777682,13.0,5.0,True
2018-01-15,3,MSFT,0.5163777777777777,5.0,3.0,True
2018-01-22,3,MSFT,0.3098345833333333,12.0,4.0,True
2018-01-29,3,MSFT,0.0658336612942612,57.0,7.0,True
2018-02-05,3,MSFT,0.022701,5.0,4.0,True
2018-02-12,3,MSFT,0.6599508749999999,5.0,4.0,True
2018-02-19,3,MSFT,0.0943054928571428,20.0,7.0,True
2018-02-26,3,MSFT,-0.0582903899999999,25.0,5.0,True
2018-03-05,3,MSFT,0.2689322266666666,15.0,5.0,True
2018-03-12,3,MSFT,0.4134887666666667,13.0,5.0,True
2018-03-19,3,MSFT,0.1438415333333333,10.0,5.0,True
2018-03-26,3,MSFT,0.0072555476190476,31.0,7.0,True
2018-04-02,3,MSFT,0.0288385619047618,22.0,5.0,True
2018-04-09,3,MSFT,0.287197,1.0,1.0,True
2018-04-16,3,MSFT,-0.341311641025641,17.0,3.0,True
2018-04-23,3,MSFT,0.1046980694444444,21.0,6.0,True
2018-04-30,3,MSFT,-0.0903660416666666,10.0,4.0,True
2018-05-07,3,MSFT,0.2631562249999999,23.0,6.0,True
2018-05-14,3,MSFT,0.4812708958333334,10.0,4.0,True
2018-05-21,3,MSFT,0.5097693,21.0,5.0,True
2018-05-28,3,MSFT,0.2393351388888888,19.0,6.0,True
2018-06-04,3,MSFT,0.1388530650793651,73.0,7.0,True
2018-06-11,3,MSFT,0.3561221666666666,16.0,5.0,True
2018-06-18,3,MSFT,0.0003487334415584,45.0,6.0,True
2018-06-25,3,MSFT,0.2450763333333332,12.0,5.0,True
2018-07-02,3,MSFT,0.3326699166666667,7.0,4.0,True
2018-07-09,3,MSFT,0.3005607414529914,25.0,6.0,True
2018-07-16,3,MSFT,0.2753767543209877,55.0,6.0,True
2018-07-23,3,MSFT,-0.3958186999999999,12.0,5.0,True
2018-07-30,3,MSFT,0.2236109999999999,5.0,3.0,True
2018-08-06,3,MSFT,0.1433602,19.0,5.0,True
2018-08-13,3,MSFT,-0.0769007999999999,6.0,5.0,True
2018-08-20,3,MSFT,0.0092146466666666,26.0,5.0,True
2018-08-27,3,MSFT,0.09985725,13.0,6.0,True
2018-09-03,3,MSFT,-0.0704567,6.0,5.0,True
2018-09-10,3,MSFT,0.7267760000000001,2.0,2.0,True
2018-09-17,3,MSFT,0.0343034999999999,3.0,2.0,True
2018-09-24,3,MSFT,0.23676815,11.0,5.0,True
2018-10-01,3,MSFT,0.0607724236111111,27.0,6.0,True
2018-10-08,3,MSFT,0.4529650893939394,34.0,6.0,True
2018-10-15,3,MSFT,0.0742075166666666,33.0,6.0,True
2018-10-22,3,MSFT,0.4942425261752136,40.0,6.0,True
2018-10-29,3,MSFT,0.0668414999999999,12.0,5.0,True
2018-11-05,3,MSFT,-0.1208547,10.0,5.0,True
2018-11-12,3,MSFT,0.2871905416666667,10.0,4.0,True
2018-11-19,3,MSFT,0.663315,2.0,2.0,True
2018-11-26,3,MSFT,0.732833373015873,16.0,6.0,True
2018-12-03,3,MSFT,0.126491274074074,33.0,6.0,True
2018-12-10,3,MSFT,-0.0993097,6.0,5.0,True
2018-12-17,3,MSFT,0.038704875,9.0,2.0,True
2018-12-24,3,MSFT,-0.2987,1.0,1.0,True
2018-12-31,3,MSFT,0.2638377916666667,7.0,4.0,True
2019-01-07,3,MSFT,0.1801135555555555,11.0,6.0,True
2019-01-14,3,MSFT,0.1195582037037037,47.0,6.0,True
2019-01-21,3,MSFT,0.3319729622222221,20.0,5.0,True
2019-01-28,3,MSFT,0.1940864153846154,29.0,5.0,True
2019-02-04,3,MSFT,-0.0229864861111111,14.0,6.0,True
2019-02-11,3,MSFT,0.1422148333333333,4.0,3.0,True
2019-02-18,3,MSFT,-0.087738662037037,35.0,6.0,True
2019-02-25,3,MSFT,0.0123175666666666,33.0,6.0,True
2019-03-04,3,MSFT,0.2505697333333333,13.0,7.0,True
2019-03-11,3,MSFT,-0.1123993722222222,19.0,6.0,True
2019-03-18,3,MSFT,0.2641512222222222,10.0,6.0,True
2019-03-25,3,MSFT,0.0455329027777777,12.0,6.0,True
2019-04-01,3,MSFT,0.0528228499999999,9.0,5.0,True
2019-04-08,3,MSFT,-0.0161775472222222,24.0,6.0,True
2019-04-15,3,MSFT,0.2059270467532467,27.0,6.0,True
2019-04-22,3,MSFT,0.2591504838095238,46.0,7.0,True
2019-04-29,3,MSFT,0.1733099833333333,13.0,5.0,True
2019-05-06,3,MSFT,0.4091961666666667,13.0,7.0,True
2019-05-13,3,MSFT,0.2884716059523809,28.0,7.0,True
2019-05-20,3,MSFT,-0.0798393333333333,18.0,5.0,True
2019-05-27,3,MSFT,0.0480519861111111,17.0,6.0,True
2019-06-03,3,MSFT,0.2060372075757575,27.0,5.0,True
2019-06-10,3,MSFT,-0.3799963095238095,21.0,5.0,True
2019-06-17,3,MSFT,0.0042106249999999,10.0,4.0,True
2019-06-24,3,MSFT,-0.3255855166666667,14.0,5.0,True
2019-07-01,3,MSFT,-0.1209494583333333,7.0,4.0,True
2019-07-08,3,MSFT,0.0624182678571428,33.0,6.0,True
2019-07-15,3,MSFT,0.1849574618055555,36.0,6.0,True
2019-07-22,3,MSFT,0.2783585142720307,54.0,6.0,True
2019-07-29,3,MSFT,0.0714446666666666,12.0,6.0,True
2019-08-05,3,MSFT,0.2836630333333333,12.0,4.0,True
2019-08-12,3,MSFT,-0.0530425336538461,19.0,4.0,True
2019-08-19,3,MSFT,0.5463195833333333,8.0,4.0,True
2019-08-26,3,MSFT,-0.2402297857142857,17.0,5.0,True
2019-09-02,3,MSFT,0.3201918,14.0,6.0,True
2019-09-09,3,MSFT,0.0126808333333333,7.0,4.0,True
2019-09-16,3,MSFT,0.2787099866666667,23.0,5.0,True
2019-09-23,3,MSFT,0.1463373666666666,13.0,5.0,True
2019-09-30,3,MSFT,0.1545459119214118,49.0,7.0,True
2019-10-07,3,MSFT,0.0845361388888888,14.0,6.0,True
2019-10-14,3,MSFT,0.2849369404761904,27.0,6.0,True
2019-10-21,3,MSFT,0.1863647705684573,108.0,7.0,True
2019-10-28,3,MSFT,0.2211155575396825,26.0,6.0,True
2019-11-04,3,MSFT,0.1596880729437229,42.0,5.0,True
2019-11-11,3,MSFT,-0.0411143299319727,50.0,7.0,True
2019-11-18,3,MSFT,-0.0629295238095238,61.0,7.0,True
2019-11-25,3,MSFT,0.07600225,5.0,4.0,True
2019-12-02,3,MSFT,-0.3302306125,13.0,4.0,True
2019-12-09,3,MSFT,-0.1105879959150326,30.0,4.0,True
2019-12-16,3,MSFT,-0.168578125,13.0,6.0,True
2019-12-23,3,MSFT,-0.105059,2.0,2.0,True
2019-12-30,3,MSFT,0.3919438999999999,6.0,5.0,True
2020-01-06,3,MSFT,-0.197197,6.0,5.0,True
2020-01-13,3,MSFT,-0.1079916562815895,78.0,7.0,True
2020-01-20,3,MSFT,-0.5601782612121212,23.0,5.0,True
2020-01-27,3,MSFT,0.0579772833333333,29.0,5.0,True
2020-02-03,3,MSFT,-0.1144118333333333,10.0,4.0,True
2020-02-10,3,MSFT,-0.1054518916666666,40.0,6.0,True
2020-02-17,3,MSFT,-0.0277041777777777,10.0,3.0,True
2020-02-24,3,MSFT,-0.1014593596371881,50.0,7.0,True
2020-03-02,3,MSFT,-0.16648975,10.0,6.0,True
2020-03-09,3,MSFT,-0.3742655074074073,31.0,6.0,True
2020-03-16,3,MSFT,-0.0546677566666666,19.0,5.0,True
2020-03-23,3,MSFT,0.1306217738095237,33.0,7.0,True
2020-03-30,3,MSFT,0.1927846666666666,27.0,4.0,True
2020-04-06,3,MSFT,-0.0587596666666666,7.0,3.0,True
2020-04-13,3,MSFT,0.2362307714285714,19.0,5.0,True
2020-04-20,3,MSFT,-0.2294765266666666,12.0,5.0,True
2020-04-27,3,MSFT,0.3843668414565826,37.0,5.0,True
2020-05-04,3,MSFT,0.0701231428571428,27.0,7.0,True
2020-05-11,3,MSFT,0.1516459142857142,16.0,7.0,True
2020-05-18,3,MSFT,0.4025245976470588,30.0,5.0,True
2020-05-25,3,MSFT,-0.0807597083333333,15.0,6.0,True
2020-06-01,3,MSFT,0.1463649374999999,8.0,4.0,True
2020-06-08,3,MSFT,-0.0953220452380952,17.0,5.0,True
2020-06-15,3,MSFT,0.44020175,21.0,5.0,True
2020-06-22,3,MSFT,-0.1127134914965986,24.0,7.0,True
2020-06-29,3,MSFT,-0.1253022916666666,10.0,4.0,True
2020-07-06,3,MSFT,0.1699631428571428,10.0,2.0,True
2020-07-13,3,MSFT,0.0404918845238095,44.0,7.0,True
2020-07-20,3,MSFT,-0.0766702249425287,60.0,5.0,True
2020-07-27,3,MSFT,0.0731359991341991,50.0,6.0,True
2020-08-03,3,MSFT,0.141012031225605,88.0,7.0,True
2020-08-10,3,MSFT,-0.1563156660984848,32.0,4.0,True
2020-08-17,3,MSFT,-0.0548990027777777,35.0,6.0,True
2020-08-24,3,MSFT,-0.1535651633333333,44.0,6.0,True
2020-08-31,3,MSFT,0.54809575,7.0,2.0,True
2020-09-07,3,MSFT,0.0603474444444444,10.0,6.0,True
2020-09-14,3,MSFT,-0.2843675641025641,28.0,3.0,True
2020-09-21,3,MSFT,0.2090174027777777,21.0,4.0,True
2020-09-28,3,MSFT,0.3776842291666666,9.0,4.0,True
2020-10-05,3,MSFT,0.4987988333333333,5.0,3.0,True
2020-10-12,3,MSFT,0.268461,1.0,1.0,True
2020-10-19,3,MSFT,0.4609960416666667,11.0,3.0,True
2020-10-26,3,MSFT,0.52897715,8.0,4.0,True
2020-11-02,3,MSFT,0.3066348333333333,8.0,3.0,True
2020-11-09,3,MSFT,0.2079595,5.0,4.0,True
2020-11-16,3,MSFT,0.3362888333333333,7.0,4.0,True
2020-11-30,3,MSFT,0.403423,1.0,1.0,True
2020-12-07,3,MSFT,0.4364105,2.0,2.0,True
2020-12-14,3,MSFT,-0.2766676111111111,11.0,3.0,True
2020-12-21,3,MSFT,0.2002886666666666,5.0,3.0,True
2020-12-28,3,MSFT,-0.6338902777777778,6.0,3.0,True
2021-01-04,3,MSFT,-0.178666,1.0,1.0,True
2021-01-11,3,MSFT,0.553893,1.0,1.0,True
2021-01-18,3,MSFT,-0.0213486999999999,8.0,5.0,True
2021-01-25,3,MSFT,0.1972158,14.0,4.0,True
2021-02-01,3,MSFT,0.1174346666666666,4.0,3.0,True
2021-02-08,3,MSFT,0.236680875,6.0,2.0,True
2021-02-15,3,MSFT,0.3187951875,7.0,4.0,True
2021-02-22,3,MSFT,0.0039799999999999,5.0,3.0,True
2021-03-01,3,MSFT,-0.414815,5.0,5.0,True
2021-03-08,3,MSFT,-0.1696803499999999,9.0,5.0,True
2021-03-15,3,MSFT,-0.4964206249999999,5.0,2.0,True
2021-03-22,3,MSFT,0.20794035,13.0,2.0,True
2021-03-29,3,MSFT,0.0942490925925926,14.0,3.0,True
2021-04-05,3,MSFT,-0.4317786666666666,3.0,3.0,True
2021-04-12,3,MSFT,0.3675991555555555,15.0,3.0,True
2021-04-19,3,MSFT,0.18171325,8.0,3.0,True
2021-04-26,3,MSFT,0.18773375,14.0,4.0,True
2021-05-03,3,MSFT,-0.235379375,7.0,4.0,True
2021-05-17,3,MSFT,-0.1386091833333333,28.0,5.0,True
2021-05-24,3,MSFT,-0.163425,2.0,2.0,True
2021-05-31,3,MSFT,-0.0074292499999999,7.0,3.0,True
2021-06-07,3,MSFT,0.0347491,7.0,5.0,True
2021-06-14,3,MSFT,-0.06772212,26.0,5.0,True
2021-06-21,3,MSFT,0.0136653499999999,13.0,5.0,True
2021-06-28,3,MSFT,-0.2031163333333333,8.0,4.0,True
2021-07-05,3,MSFT,-0.3694764722222222,11.0,2.0,True
2021-07-12,3,MSFT,0.1033721833333333,16.0,5.0,True
2021-07-19,3,MSFT,-0.481268111111111,6.0,3.0,True
2021-07-26,3,MSFT,0.3239317678787878,22.0,5.0,True
2021-08-02,3,MSFT,-0.1110895,5.0,2.0,True
2021-08-09,3,MSFT,0.0451665,4.0,3.0,True
2021-08-16,3,MSFT,0.0567758,6.0,5.0,True
2021-08-23,3,MSFT,-0.012866611111111,8.0,3.0,True
2021-08-30,3,MSFT,-0.2902925,2.0,2.0,True
2021-09-06,3,MSFT,0.6890357777777778,10.0,2.0,True
2021-09-13,3,MSFT,0.58328427,13.0,5.0,True
2021-09-20,3,MSFT,0.6704225,4.0,2.0,True
2021-09-27,3,MSFT,0.0369096666666666,6.0,4.0,True
2021-10-04,3,MSFT,0.5846975000000001,2.0,2.0,True
2021-10-11,3,MSFT,-0.553600232142857,13.0,4.0,True
2021-10-18,3,MSFT,0.29128425,4.0,4.0,True
2021-10-25,3,MSFT,0.7239174642857142,11.0,4.0,True
2021-11-01,3,MSFT,0.2946150666666666,10.0,5.0,True
2021-11-08,3,MSFT,0.2711437222222222,6.0,3.0,True
2021-11-15,3,MSFT,0.1464573333333333,3.0,3.0,True
2021-11-29,3,MSFT,0.1153263333333333,4.0,3.0,True
2021-12-06,3,MSFT,0.00322795,10.0,5.0,True
2021-12-13,3,MSFT,-0.7638519166666666,5.0,2.0,True
2021-12-20,3,MSFT,0.4395831249999999,5.0,2.0,True
2022-01-03,3,MSFT,0.0746276111111111,9.0,3.0,True
2022-01-10,3,MSFT,-0.3814334583333333,10.0,4.0,True
2022-01-17,3,MSFT,0.0009526502857142,64.0,5.0,True
2022-01-24,3,MSFT,0.2989479807692308,31.0,6.0,True
2022-01-31,3,MSFT,-0.0917352,20.0,5.0,True
2022-02-07,3,MSFT,0.156707356060606,22.0,5.0,True
2022-02-14,3,MSFT,-0.0439662916666666,12.0,4.0,True
2022-02-21,3,MSFT,-0.2469513,10.0,5.0,True
2022-02-28,3,MSFT,0.1776599328703703,24.0,6.0,True
2022-03-07,3,MSFT,-0.23808995,12.0,4.0,True
2022-03-14,3,MSFT,-0.313152875,6.0,4.0,True
2022-03-21,3,MSFT,0.1975659999999999,8.0,5.0,True
2022-03-28,3,MSFT,-0.0866171666666666,13.0,6.0,True
2022-04-04,3,MSFT,-0.1308560416666666,8.0,4.0,True
2022-04-11,3,MSFT,-0.0222088333333333,5.0,3.0,True
2022-04-18,3,MSFT,0.04539075,4.0,4.0,True
2022-04-25,3,MSFT,0.1044512969230769,24.0,5.0,True
2022-05-09,3,MSFT,-0.1749959999999999,2.0,2.0,True
2022-05-16,3,MSFT,0.3591794444444444,7.0,3.0,True
2022-05-23,3,MSFT,0.244671,1.0,1.0,True
2022-05-30,3,MSFT,-0.14794725,6.0,3.0,True
2022-06-06,3,MSFT,-0.0725848749999999,6.0,4.0,True
2022-06-13,3,MSFT,-0.333608975,24.0,5.0,True
2022-06-20,3,MSFT,-0.3386233333333333,4.0,2.0,True
2022-06-27,3,MSFT,0.064567,1.0,1.0,True
2022-07-04,3,MSFT,-0.8355849166666667,5.0,2.0,True
2022-07-11,3,MSFT,-0.1032049999999999,21.0,3.0,True
2022-07-18,3,MSFT,0.21829075,5.0,2.0,True
2022-07-25,3,MSFT,-0.5328341428571429,8.0,2.0,True
2022-08-01,3,MSFT,0.708824,1.0,1.0,True
2022-08-08,3,MSFT,-0.2429019375,8.0,4.0,True
2022-08-15,3,MSFT,-0.151219,4.0,2.0,True
2022-08-22,3,MSFT,0.1634229999999999,2.0,2.0,True
2022-08-29,3,MSFT,-0.4805596666666666,8.0,4.0,True
2022-09-05,3,MSFT,0.0277224999999999,2.0,2.0,True
2022-09-12,3,MSFT,0.0843796666666666,8.0,3.0,True
2022-09-19,3,MSFT,0.4364701111111111,8.0,3.0,True
2022-09-26,3,MSFT,-0.2666110833333333,5.0,2.0,True
2022-10-03,3,MSFT,-0.956052,1.0,1.0,True
2022-10-10,3,MSFT,0.0228459375,10.0,4.0,True
2022-10-17,3,MSFT,-0.11699005,23.0,4.0,True
2022-10-24,3,MSFT,-0.1818043819444444,16.0,4.0,True
2022-10-31,3,MSFT,-0.0902645,2.0,2.0,True
2022-11-07,3,MSFT,-0.3414810625,8.0,4.0,True
2022-11-14,3,MSFT,0.098166,4.0,2.0,True
2022-11-21,3,MSFT,-0.6572395,4.0,2.0,True
2022-11-28,3,MSFT,0.836412,1.0,1.0,True
2022-12-05,3,MSFT,-0.1433729749999999,26.0,6.0,True
2022-12-12,3,MSFT,0.1651128083333333,19.0,6.0,True
2022-12-19,3,MSFT,-0.2882211133333333,17.0,5.0,True
2022-12-26,3,MSFT,0.532376,1.0,1.0,True
2023-01-02,3,MSFT,-0.04603705,10.0,5.0,True
2023-01-09,3,MSFT,-0.0865131794871795,21.0,6.0,True
2023-01-16,3,MSFT,-0.5381256428571428,60.0,7.0,True
2023-01-23,3,MSFT,-0.2214203770363408,48.0,6.0,True
2023-01-30,3,MSFT,-0.741228,3.0,2.0,True
2023-02-06,3,MSFT,-0.1684195642857143,25.0,5.0,True
2023-02-13,3,MSFT,-0.3513426833333334,15.0,5.0,True
2023-02-20,3,MSFT,0.3218379944444444,26.0,3.0,True
2023-02-27,3,MSFT,0.2154225333333332,10.0,5.0,True
2023-03-06,3,MSFT,0.0195851944444444,15.0,6.0,True
2023-03-13,3,MSFT,0.2751492142857143,19.0,7.0,True
2023-03-20,3,MSFT,0.3267509999999999,7.0,5.0,True
2023-03-27,3,MSFT,-0.613898,15.0,5.0,True
2023-04-03,3,MSFT,-0.5719786666666667,8.0,3.0,True
2023-04-10,3,MSFT,-0.3633353333333333,3.0,3.0,True
2023-04-17,3,MSFT,-0.394827625,6.0,4.0,True
2023-04-24,3,MSFT,-0.093708252688172,48.0,6.0,True
2023-05-01,3,MSFT,0.115352,4.0,3.0,True
2023-05-08,3,MSFT,-0.09042668,16.0,5.0,True
2023-05-15,3,MSFT,0.0048188928571428,16.0,4.0,True
2023-05-22,3,MSFT,-0.2474229861111111,18.0,6.0,True
2023-05-29,3,MSFT,-0.1814805555555555,7.0,3.0,True
2023-06-05,3,MSFT,-0.2471125192307691,18.0,4.0,True
2023-06-12,3,MSFT,-0.3458845857142857,32.0,5.0,True
2023-06-19,3,MSFT,-0.2597395583333333,18.0,4.0,True
2023-06-26,3,MSFT,-0.17210045,21.0,5.0,True
2023-07-03,3,MSFT,-0.4161395,7.0,6.0,True
2023-07-10,3,MSFT,-0.1693988434523809,37.0,6.0,True
2023-07-17,3,MSFT,-0.0367565225623582,33.0,7.0,True
2023-07-24,3,MSFT,-0.0052763669871794,27.0,4.0,True
2023-07-31,3,MSFT,-0.4000525,4.0,2.0,True
2023-08-07,3,MSFT,-0.7922975,4.0,1.0,True
2023-08-14,3,MSFT,-0.2401874999999999,5.0,2.0,True
2023-08-21,3,MSFT,-0.1269032037037037,12.0,3.0,True
2023-08-28,3,MSFT,-0.3354693333333333,8.0,3.0,True
2023-09-04,3,MSFT,-0.1786816,6.0,5.0,True
2023-09-11,3,MSFT,-0.0709854999999999,2.0,2.0,True
2023-09-18,3,MSFT,0.0316714916666666,17.0,4.0,True
2023-09-25,3,MSFT,0.0730249375,9.0,4.0,True
2023-10-02,3,MSFT,-0.4235493958333333,9.0,4.0,True
2023-10-09,3,MSFT,0.1114403,37.0,4.0,True
2023-10-16,3,MSFT,-0.0677784375,10.0,4.0,True
2023-10-23,3,MSFT,-0.133185275,15.0,5.0,True
2023-10-30,3,MSFT,0.323899,5.0,3.0,True
2023-11-06,3,MSFT,0.197606,1.0,1.0,True
2023-11-13,3,MSFT,0.1068839999999999,14.0,6.0,True
2023-11-20,3,MSFT,-0.2499451650641025,22.0,4.0,True
2023-11-27,3,MSFT,-0.1227213714285714,20.0,5.0,True
2023-12-04,3,MSFT,-0.7220341666666666,14.0,6.0,True
2023-12-11,3,MSFT,0.175422375,5.0,2.0,True
2023-12-18,3,MSFT,-0.0979345,13.0,5.0,True
2023-12-25,3,MSFT,-0.9124011111111112,9.0,3.0,True
2024-01-01,3,MSFT,-0.45338875,5.0,4.0,True
2024-01-08,3,MSFT,-0.1601613333333333,7.0,5.0,True
2024-01-15,3,MSFT,0.1509016041666666,13.0,4.0,True
2024-01-22,3,MSFT,-0.3002391296296296,27.0,6.0,True
2024-01-29,3,MSFT,-0.1263738333333333,10.0,4.0,True
2024-02-05,3,MSFT,0.28549005,12.0,5.0,True
2024-02-12,3,MSFT,0.5572090833333333,8.0,4.0,True
2024-02-19,3,MSFT,0.4839316875,8.0,4.0,True
2024-02-26,3,MSFT,-0.1393126999999999,9.0,5.0,True
2024-03-04,3,MSFT,-0.5613769999999999,3.0,3.0,True
2024-03-11,3,MSFT,0.232552,1.0,1.0,True
2024-03-18,3,MSFT,0.19079365,11.0,5.0,True
2024-03-25,3,MSFT,0.1387827777777777,9.0,3.0,True
2024-04-01,3,MSFT,-0.1997903666666666,19.0,5.0,True
2024-04-08,3,MSFT,0.0997471,11.0,5.0,True
2024-04-15,3,MSFT,0.0214536833333333,14.0,5.0,True
2024-04-22,3,MSFT,0.1821675892857142,16.0,4.0,True
2024-04-29,3,MSFT,0.33969572,14.0,5.0,True
2024-05-06,3,MSFT,-0.2338006071428571,18.0,7.0,True
2024-05-13,3,MSFT,-0.24104975,12.0,6.0,True
2024-05-20,3,MSFT,-0.0527464833333333,11.0,4.0,True
2024-05-27,3,MSFT,0.1025654999999999,3.0,2.0,True
2024-06-03,3,MSFT,-0.2283297724867725,24.0,6.0,True
2024-06-10,3,MSFT,-0.0008783611111111,11.0,6.0,True
2024-06-17,3,MSFT,-0.3040132222222222,5.0,3.0,True
2024-06-24,3,MSFT,-0.7342369583333334,11.0,6.0,True
2024-07-01,3,MSFT,-0.283197,7.0,3.0,True
2024-07-08,3,MSFT,-0.5734903416666667,16.0,4.0,True
2024-07-15,3,MSFT,-0.5022121352941177,56.0,5.0,True
2024-07-22,3,MSFT,-0.79165325,6.0,4.0,True
2024-07-29,3,MSFT,-0.4109924,14.0,4.0,True
2024-08-05,3,MSFT,-0.4288974642857143,14.0,7.0,True
2024-08-19,3,MSFT,0.18885525,3.0,2.0,True
2024-08-26,3,MSFT,-0.5081154999999999,3.0,2.0,True
2024-09-02,3,MSFT,-0.828206,1.0,1.0,True
2024-09-09,3,MSFT,-0.0260318828282828,25.0,5.0,True
2024-09-16,3,MSFT,0.5531898125,12.0,4.0,True
2024-09-23,3,MSFT,0.2263993333333333,5.0,3.0,True
2024-09-30,3,MSFT,-0.2444929666666667,8.0,5.0,True
2024-10-07,3,MSFT,0.5517695,4.0,2.0,True
2024-10-14,3,MSFT,-0.777602,4.0,2.0,True
2024-10-21,3,MSFT,0.4367028181818182,12.0,2.0,True
2024-10-28,3,MSFT,-0.2155724761904762,14.0,7.0,True
2024-11-04,3,MSFT,0.510219,5.0,2.0,True
2024-11-11,3,MSFT,-0.3675088555555555,17.0,5.0,True
2024-11-18,3,MSFT,0.0450852999999999,10.0,5.0,True
2024-11-25,3,MSFT,-0.7744953857142857,28.0,5.0,True
2024-12-02,3,MSFT,-0.3765255436507936,19.0,6.0,True
2024-12-09,3,MSFT,-0.2277381266666666,28.0,5.0,True
2024-12-16,3,MSFT,0.4319370555555555,6.0,3.0,True
2024-12-23,3,MSFT,-0.451047875,6.0,4.0,True
2024-12-30,3,MSFT,0.6613105,13.0,3.0,True
2025-01-06,3,MSFT,0.2262412854700854,49.0,5.0,True
2025-01-13,3,MSFT,-0.3669558111111111,23.0,6.0,True
2025-01-20,3,MSFT,-0.0051765266666666,14.0,5.0,True
2025-01-27,3,MSFT,-0.3213514947330447,53.0,7.0,True
2025-02-03,3,MSFT,-0.4094692777777777,13.0,6.0,True
2025-02-10,3,MSFT,-0.0784056333333333,9.0,3.0,True
2025-02-17,3,MSFT,0.299512171474359,29.0,6.0,True
2025-02-24,3,MSFT,-0.3257000903225807,62.0,7.0,True
2025-03-03,3,MSFT,-0.0939082616666666,33.0,5.0,True
2025-03-10,3,MSFT,-0.6097751250000001,9.0,4.0,True
2025-03-17,3,MSFT,0.062635125,8.0,4.0,True
2025-03-24,3,MSFT,-0.2321510625,7.0,4.0,True
2025-03-31,3,MSFT,-0.4921909,15.0,7.0,True
2025-04-07,3,MSFT,-0.4793026666666666,21.0,6.0,True
2025-04-14,3,MSFT,-0.8054518999999999,6.0,5.0,True
2025-04-21,3,MSFT,0.0317040999999999,8.0,5.0,True
2025-04-28,3,MSFT,0.0507524716356107,63.0,7.0,True
2025-05-05,3,MSFT,-0.2833620448412698,47.0,6.0,True
2025-05-12,3,MSFT,-0.3903871537829986,77.0,7.0,True
2025-05-19,3,MSFT,-0.2070107037037037,38.0,6.0,True
2025-05-26,3,MSFT,-0.2551101111111111,23.0,6.0,True
2025-06-02,3,MSFT,-0.4137387714285713,33.0,5.0,True
2025-06-09,3,MSFT,-0.403516875,6.0,4.0,True
2025-06-16,3,MSFT,-0.2266559721929824,42.0,5.0,True
2025-06-23,3,MSFT,-0.4023941777777778,30.0,5.0,True
2025-06-30,3,MSFT,-0.4478681087912087,98.0,7.0,True
2025-07-07,3,MSFT,-0.3467459410714286,40.0,7.0,True
2025-07-14,3,MSFT,-0.5464675761904763,20.0,5.0,True
2025-07-21,3,MSFT,-0.4274844119047619,45.0,7.0,True
2025-07-28,3,MSFT,-0.2563721551020407,62.0,7.0,True
2025-08-04,3,MSFT,-0.4739653666666666,12.0,5.0,True
2025-08-11,3,MSFT,-0.2648187476190476,18.0,6.0,True
2025-08-18,3,MSFT,-0.285516,7.0,3.0,True
2025-08-25,3,MSFT,-0.204785625,13.0,6.0,True
2025-09-01,3,MSFT,-0.4713864365079365,15.0,6.0,True
2025-09-08,3,MSFT,-0.0249240984126984,48.0,7.0,True
2025-09-15,3,MSFT,0.2889749,21.0,5.0,True
2025-09-22,3,MSFT,-0.6204195904761904,15.0,5.0,True
2025-09-29,3,MSFT,-0.0743860916666666,31.0,6.0,True
2025-10-06,3,MSFT,-0.2280055857142857,22.0,7.0,True
2025-10-13,3,MSFT,-0.0372917,9.0,5.0,True
2025-10-20,3,MSFT,-0.002537994047619,36.0,7.0,True
2025-10-27,3,MSFT,-0.1580699901627317,82.0,7.0,True
2025-11-03,3,MSFT,-0.1591598537037037,29.0,6.0,True
2025-11-10,3,MSFT,0.02362125,7.0,4.0,True
2025-11-17,3,MSFT,-0.087783,13.0,4.0,True
2025-11-24,3,MSFT,-0.516743375,6.0,4.0,True
2025-12-01,3,MSFT,-0.0677011666666666,6.0,4.0,True
2025-12-08,3,MSFT,0.3437172564745197,35.0,7.0,True
2025-12-15,3,MSFT,0.5107995,2.0,2.0,True
2025-12-22,3,MSFT,-0.38459,1.0,1.0,True
2015-01-05,111,SBUX,-0.5505185,4.0,2.0,True
2015-01-12,111,SBUX,-0.3429055,2.0,2.0,True
2015-01-19,111,SBUX,0.2793388717948718,20.0,3.0,True
2015-01-26,111,SBUX,-0.387323,1.0,1.0,True
2015-02-02,111,SBUX,0.6311625,2.0,2.0,True
2015-02-16,111,SBUX,-0.0858696666666666,8.0,6.0,True
2015-03-09,111,SBUX,0.3594250833333333,5.0,2.0,True
2015-03-16,111,SBUX,0.0794819444444444,12.0,3.0,True
2015-03-23,111,SBUX,-0.41109,1.0,1.0,True
2015-04-06,111,SBUX,0.774372,1.0,1.0,True
2015-04-20,111,SBUX,0.1103951904761904,25.0,3.0,True
2015-04-27,111,SBUX,0.0486109999999999,3.0,3.0,True
2015-05-04,111,SBUX,-0.2533693999999999,7.0,3.0,True
2015-05-11,111,SBUX,-0.453886,1.0,1.0,True
2015-05-18,111,SBUX,0.119361,8.0,2.0,True
2015-06-01,111,SBUX,0.192468,1.0,1.0,True
2015-06-08,111,SBUX,0.30599,1.0,1.0,True
2015-06-15,111,SBUX,-0.0961423555555555,18.0,3.0,True
2015-06-22,111,SBUX,-0.192366,1.0,1.0,True
2015-06-29,111,SBUX,0.054808,1.0,1.0,True
2015-07-06,111,SBUX,-0.0166148,8.0,2.0,True
2015-07-13,111,SBUX,0.512224,1.0,1.0,True
2015-07-20,111,SBUX,0.0472348666666666,18.0,3.0,True
2015-07-27,111,SBUX,0.3488355,2.0,2.0,True
2015-08-17,111,SBUX,0.641035,1.0,1.0,True
2015-08-24,111,SBUX,0.316282,1.0,1.0,True
2015-09-21,111,SBUX,0.26036325,6.0,4.0,True
2015-09-28,111,SBUX,0.316922,2.0,2.0,True
2015-10-05,111,SBUX,0.4234193333333333,3.0,3.0,True
2015-10-12,111,SBUX,-0.73407225,7.0,2.0,True
2015-10-19,111,SBUX,-0.5058326666666666,37.0,4.0,True
2015-10-26,111,SBUX,0.1669890769230769,18.0,3.0,True
2015-11-02,111,SBUX,-0.0305374999999999,2.0,2.0,True
2015-11-09,111,SBUX,0.1565495,2.0,1.0,True
2015-11-23,111,SBUX,-0.1220026666666666,3.0,1.0,True
2015-11-30,111,SBUX,-0.0141642499999999,4.0,1.0,True
2015-12-14,111,SBUX,-0.0587494999999999,3.0,2.0,True
2015-12-21,111,SBUX,0.0845542499999999,4.0,1.0,True
2016-01-04,111,SBUX,0.4296495,2.0,2.0,True
2016-01-11,111,SBUX,0.1732632499999999,3.0,2.0,True
2016-01-18,111,SBUX,0.1890282888888889,27.0,3.0,True
2016-02-08,111,SBUX,-0.806929,1.0,1.0,True
2016-02-15,111,SBUX,-0.982457,1.0,1.0,True
2016-02-22,111,SBUX,-0.55923525,8.0,2.0,True
2016-02-29,111,SBUX,-0.40092,1.0,1.0,True
2016-03-07,111,SBUX,-0.26727625,11.0,2.0,True
2016-03-14,111,SBUX,-0.9666418333333332,4.0,2.0,True
2016-03-21,111,SBUX,-0.5333823333333334,3.0,3.0,True
2016-04-11,111,SBUX,-0.4813528333333333,5.0,3.0,True
2016-04-18,111,SBUX,-0.4522353333333333,6.0,1.0,True
2016-05-02,111,SBUX,-0.6045656666666667,3.0,3.0,True
2016-05-09,111,SBUX,-0.2900855,4.0,2.0,True
2016-05-16,111,SBUX,0.759663,2.0,1.0,True
2016-05-23,111,SBUX,0.4156435,2.0,1.0,True
2016-05-30,111,SBUX,0.0288814166666666,9.0,3.0,True
2016-06-06,111,SBUX,0.589929,1.0,1.0,True
2016-06-13,111,SBUX,0.692964,1.0,1.0,True
2016-06-20,111,SBUX,-0.8537962,6.0,2.0,True
2016-06-27,111,SBUX,0.190837,1.0,1.0,True
2016-07-04,111,SBUX,0.2017385,3.0,2.0,True
2016-07-11,111,SBUX,0.4708775914285715,24.0,5.0,True
2016-07-18,111,SBUX,-0.40153403125,11.0,4.0,True
2016-07-25,111,SBUX,0.717939,2.0,1.0,True
2016-08-01,111,SBUX,-0.3564232888888889,12.0,3.0,True
2016-08-08,111,SBUX,0.215535,1.0,1.0,True
2016-08-22,111,SBUX,-0.7744813749999999,6.0,4.0,True
2016-09-05,111,SBUX,-0.1673154999999999,2.0,2.0,True
2016-09-12,111,SBUX,0.6415355,2.0,2.0,True
2016-09-19,111,SBUX,0.545635,1.0,1.0,True
2016-09-26,111,SBUX,0.726294,1.0,1.0,True
2016-10-17,111,SBUX,0.531530375,6.0,2.0,True
2016-10-31,111,SBUX,0.1382388666666666,7.0,3.0,True
2016-11-07,111,SBUX,0.2763335,2.0,2.0,True
2016-11-28,111,SBUX,-0.18784625,27.0,3.0,True
2016-12-05,111,SBUX,0.0767756875,15.0,4.0,True
2016-12-12,111,SBUX,-0.07408,1.0,1.0,True
2016-12-26,111,SBUX,0.504826,1.0,1.0,True
2017-01-02,111,SBUX,-0.167394,2.0,1.0,True
2017-01-23,111,SBUX,-0.4304692692307692,18.0,2.0,True
2017-01-30,111,SBUX,-0.3626153333333333,7.0,2.0,True
2017-02-06,111,SBUX,-0.910324,1.0,1.0,True
2017-02-20,111,SBUX,-0.56355775,5.0,4.0,True
2017-02-27,111,SBUX,0.276667,1.0,1.0,True
2017-03-06,111,SBUX,-0.07666125,4.0,4.0,True
2017-03-13,111,SBUX,-0.47999375,3.0,2.0,True
2017-03-20,111,SBUX,-0.2103870952380952,9.0,3.0,True
2017-03-27,111,SBUX,0.3834893333333333,3.0,3.0,True
2017-04-03,111,SBUX,-0.272362875,5.0,4.0,True
2017-04-10,111,SBUX,-0.743845,1.0,1.0,True
2017-04-17,111,SBUX,0.61151075,3.0,2.0,True
2017-04-24,111,SBUX,-0.1434585384615384,16.0,2.0,True
2017-05-01,111,SBUX,-0.8429755,4.0,2.0,True
2017-05-15,111,SBUX,-0.305775,2.0,2.0,True
2017-05-22,111,SBUX,-0.829328,1.0,1.0,True
2017-06-12,111,SBUX,-0.6282734999999999,2.0,2.0,True
2017-06-26,111,SBUX,0.1461744999999999,2.0,2.0,True
2017-07-10,111,SBUX,0.021428,2.0,1.0,True
2017-07-24,111,SBUX,-0.3381639452991453,44.0,3.0,True
2017-07-31,111,SBUX,-0.7346948333333333,4.0,2.0,True
2017-08-07,111,SBUX,-0.268602,2.0,2.0,True
2017-08-21,111,SBUX,-0.520636,1.0,1.0,True
2017-08-28,111,SBUX,-0.921453,1.0,1.0,True
2017-09-04,111,SBUX,0.105398,2.0,1.0,True
2017-09-18,111,SBUX,-0.0248819999999999,2.0,2.0,True
2017-09-25,111,SBUX,-0.4505185,2.0,2.0,True
2017-10-02,111,SBUX,0.1052235,2.0,2.0,True
2017-10-09,111,SBUX,0.789157,1.0,1.0,True
2017-10-23,111,SBUX,0.579162,1.0,1.0,True
2017-10-30,111,SBUX,-0.0930701666666666,11.0,3.0,True
2017-11-06,111,SBUX,0.482917,1.0,1.0,True
2017-12-04,111,SBUX,-0.54121,1.0,1.0,True
2017-12-11,111,SBUX,0.6509469999999999,2.0,1.0,True
2018-01-01,111,SBUX,-0.1956636666666666,4.0,2.0,True
2018-01-08,111,SBUX,-0.2084312777777777,6.0,3.0,True
2018-01-15,111,SBUX,-0.1725209999999999,2.0,2.0,True
2018-01-22,111,SBUX,0.0208787722222222,22.0,3.0,True
2018-01-29,111,SBUX,-0.74554275,3.0,2.0,True
2018-02-05,111,SBUX,-0.030447,1.0,1.0,True
2018-02-26,111,SBUX,0.5004255,3.0,2.0,True
2018-03-19,111,SBUX,0.76252125,3.0,2.0,True
2018-03-26,111,SBUX,-0.2443055,8.0,2.0,True
2018-04-02,111,SBUX,0.795478,1.0,1.0,True
2018-04-09,111,SBUX,-0.386454,1.0,1.0,True
2018-04-16,111,SBUX,-0.7537260000000001,5.0,2.0,True
2018-04-23,111,SBUX,-0.5487781190476191,10.0,2.0,True
2018-04-30,111,SBUX,0.16733,1.0,1.0,True
2018-05-07,111,SBUX,0.2460487272727272,13.0,3.0,True
2018-05-14,111,SBUX,-0.0706195,2.0,2.0,True
2018-05-28,111,SBUX,-0.7845496666666666,3.0,3.0,True
2018-06-04,111,SBUX,-0.129790625,14.0,3.0,True
2018-06-11,111,SBUX,-0.084379,3.0,3.0,True
2018-06-18,111,SBUX,-0.5394472261904761,34.0,4.0,True
2018-06-25,111,SBUX,-0.3350508599999999,10.0,5.0,True
2018-07-02,111,SBUX,-0.0894425,3.0,2.0,True
2018-07-09,111,SBUX,0.0061720038610038,46.0,3.0,True
2018-07-16,111,SBUX,-0.913293,1.0,1.0,True
2018-07-23,111,SBUX,-0.1219956333333333,17.0,5.0,True
2018-07-30,111,SBUX,0.2760241166666667,24.0,5.0,True
2018-08-06,111,SBUX,0.189847,2.0,2.0,True
2018-08-13,111,SBUX,0.13761325,5.0,2.0,True
2018-08-20,111,SBUX,0.362703,1.0,1.0,True
2018-08-27,111,SBUX,0.1236485,9.0,5.0,True
2018-09-03,111,SBUX,-0.41743125,4.0,2.0,True
2018-09-10,111,SBUX,-0.085016,1.0,1.0,True
2018-09-17,111,SBUX,-0.243221,2.0,2.0,True
2018-09-24,111,SBUX,0.00814025,3.0,2.0,True
2018-10-08,111,SBUX,0.1401655,14.0,3.0,True
2018-10-15,111,SBUX,-0.36389,2.0,2.0,True
2018-10-22,111,SBUX,0.095306,2.0,1.0,True
2018-10-29,111,SBUX,0.6075508333333334,7.0,3.0,True
2018-12-10,111,SBUX,0.1183569404761905,12.0,3.0,True
2019-01-07,111,SBUX,0.2297675833333333,6.0,3.0,True
2019-01-21,111,SBUX,0.4696865230769231,19.0,3.0,True
2019-01-28,111,SBUX,-0.2221948333333333,5.0,3.0,True
2019-02-04,111,SBUX,-0.700541,1.0,1.0,True
2019-02-11,111,SBUX,0.0417498333333333,4.0,3.0,True
2019-02-18,111,SBUX,-0.44627,2.0,2.0,True
2019-03-04,111,SBUX,-0.637928,1.0,1.0,True
2019-03-18,111,SBUX,0.5914056000000001,5.0,1.0,True
2019-04-15,111,SBUX,-0.03374975,3.0,2.0,True
2019-04-22,111,SBUX,0.3216009242424242,17.0,3.0,True
2019-04-29,111,SBUX,0.363008375,9.0,4.0,True
2019-05-06,111,SBUX,0.576072,1.0,1.0,True
2019-05-13,111,SBUX,0.447242,1.0,1.0,True
2019-05-20,111,SBUX,-0.6935487499999999,3.0,2.0,True
2019-06-10,111,SBUX,-0.126891,1.0,1.0,True
2019-06-24,111,SBUX,-0.7373576666666667,3.0,1.0,True
2019-07-08,111,SBUX,-0.264691,7.0,3.0,True
2019-07-22,111,SBUX,0.4572534166666666,14.0,3.0,True
2019-08-26,111,SBUX,0.405012,3.0,2.0,True
2019-09-02,111,SBUX,-0.5728711363636363,13.0,2.0,True
2019-09-09,111,SBUX,-0.3557875,2.0,2.0,True
2019-09-16,111,SBUX,-0.271245,1.0,1.0,True
2019-09-23,111,SBUX,0.183611375,18.0,3.0,True
2019-09-30,111,SBUX,0.455168,1.0,1.0,True
2019-10-14,111,SBUX,0.607118,1.0,1.0,True
2019-10-28,111,SBUX,0.3995375555555555,15.0,3.0,True
2019-11-04,111,SBUX,0.349825,1.0,1.0,True
2019-11-11,111,SBUX,0.0632956666666666,3.0,3.0,True
2019-12-02,111,SBUX,0.0747419333333333,7.0,3.0,True
2019-12-16,111,SBUX,0.461202,1.0,1.0,True
2020-01-06,111,SBUX,0.4421635,3.0,2.0,True
2020-01-20,111,SBUX,0.2654367916666666,7.0,4.0,True
2020-01-27,111,SBUX,-0.476288943977591,25.0,3.0,True
2020-02-24,111,SBUX,0.4608365,3.0,2.0,True
2020-03-02,111,SBUX,-0.348211037037037,13.0,3.0,True
2020-03-09,111,SBUX,-0.2220175416666666,7.0,4.0,True
2020-03-16,111,SBUX,0.014623219047619,18.0,5.0,True
2020-03-23,111,SBUX,-0.339972,2.0,2.0,True
2020-03-30,111,SBUX,-0.957188,1.0,1.0,True
2020-04-06,111,SBUX,-0.2524972888888889,9.0,3.0,True
2020-04-13,111,SBUX,0.2729693333333333,4.0,3.0,True
2020-04-20,111,SBUX,0.716721,1.0,1.0,True
2020-04-27,111,SBUX,0.1724690666666667,17.0,3.0,True
2020-05-04,111,SBUX,0.0358755,7.0,3.0,True
2020-05-11,111,SBUX,-0.2805364999999999,5.0,3.0,True
2020-05-18,111,SBUX,0.38189325,7.0,2.0,True
2020-06-01,111,SBUX,-0.873813,1.0,1.0,True
2020-06-08,111,SBUX,-0.4172873928571429,31.0,3.0,True
2020-06-15,111,SBUX,-0.409449,1.0,1.0,True
2020-06-22,111,SBUX,0.290714,1.0,1.0,True
2020-06-29,111,SBUX,-0.638724,4.0,1.0,True
2020-07-06,111,SBUX,0.018248,3.0,2.0,True
2020-07-27,111,SBUX,-0.45514825,3.0,2.0,True
2020-08-24,111,SBUX,0.25679,2.0,2.0,True
2020-09-07,111,SBUX,-0.2355775,2.0,1.0,True
2020-09-14,111,SBUX,0.770563,1.0,1.0,True
2020-09-28,111,SBUX,0.5845579999999999,2.0,1.0,True
2020-10-12,111,SBUX,0.052977,1.0,1.0,True
2020-10-26,111,SBUX,0.0370551666666666,13.0,3.0,True
2020-11-02,111,SBUX,0.288144,3.0,3.0,True
2020-11-16,111,SBUX,0.4476766111111112,6.0,3.0,True
2020-12-07,111,SBUX,0.5883160119047619,13.0,3.0,True
2020-12-14,111,SBUX,-0.982023,1.0,1.0,True
2021-01-04,111,SBUX,0.134884,3.0,1.0,True
2021-01-11,111,SBUX,0.2779965,2.0,2.0,True
2021-01-25,111,SBUX,-0.0735836642857142,17.0,2.0,True
2021-02-01,111,SBUX,-0.5576135,2.0,1.0,True
2021-02-15,111,SBUX,0.299241,1.0,1.0,True
2021-03-01,111,SBUX,0.836648,1.0,1.0,True
2021-03-15,111,SBUX,0.35847075,9.0,4.0,True
2021-03-22,111,SBUX,0.5689375,2.0,2.0,True
2021-03-29,111,SBUX,0.025657,4.0,2.0,True
2021-04-05,111,SBUX,0.0166105,3.0,2.0,True
2021-04-12,111,SBUX,-0.924512,1.0,1.0,True
2021-04-19,111,SBUX,0.24244725,3.0,2.0,True
2021-04-26,111,SBUX,0.0106552857142857,9.0,3.0,True
2021-05-31,111,SBUX,-0.834104,1.0,1.0,True
2021-06-07,111,SBUX,-0.842224,1.0,1.0,True
2021-06-14,111,SBUX,0.1199015,2.0,2.0,True
2021-06-21,111,SBUX,-0.428833,1.0,1.0,True
2021-07-19,111,SBUX,0.031137,1.0,1.0,True
2021-07-26,111,SBUX,0.1159324,12.0,2.0,True
2021-08-23,111,SBUX,0.064875,1.0,1.0,True
2021-08-30,111,SBUX,-0.881873,1.0,1.0,True
2021-09-13,111,SBUX,0.445226,1.0,1.0,True
2021-09-27,111,SBUX,0.3484601111111111,5.0,3.0,True
2021-10-11,111,SBUX,-0.509321,1.0,1.0,True
2021-10-18,111,SBUX,0.368251,1.0,1.0,True
2021-10-25,111,SBUX,0.0843812583333333,14.0,4.0,True
2021-11-08,111,SBUX,-0.09425625,3.0,2.0,True
2021-11-15,111,SBUX,-0.1745063333333333,3.0,3.0,True
2021-11-22,111,SBUX,-0.2496622499999999,3.0,2.0,True
2021-12-06,111,SBUX,0.1124466067973855,52.0,5.0,True
2021-12-13,111,SBUX,0.0172295,4.0,4.0,True
2021-12-20,111,SBUX,0.616594,2.0,1.0,True
2021-12-27,111,SBUX,-0.382304,1.0,1.0,True
2022-01-03,111,SBUX,0.0065761666666666,6.0,4.0,True
2022-01-10,111,SBUX,0.0565601249999999,5.0,4.0,True
2022-01-17,111,SBUX,0.000410275,19.0,4.0,True
2022-01-24,111,SBUX,0.812449,1.0,1.0,True
2022-01-31,111,SBUX,-0.0175278124999999,18.0,4.0,True
2022-02-07,111,SBUX,-0.5666741666666667,10.0,3.0,True
2022-02-14,111,SBUX,-0.2232403333333333,3.0,3.0,True
2022-02-21,111,SBUX,-0.3328535555555555,8.0,3.0,True
2022-03-07,111,SBUX,-0.181260975,17.0,5.0,True
2022-03-14,111,SBUX,0.1030692736486486,49.0,3.0,True
2022-03-21,111,SBUX,-0.1071898333333333,13.0,5.0,True
2022-03-28,111,SBUX,-0.0548791999999999,10.0,5.0,True
2022-04-04,111,SBUX,0.1463434249999999,22.0,4.0,True
2022-04-11,111,SBUX,-0.5062425,4.0,4.0,True
2022-04-18,111,SBUX,-0.6127156388888889,15.0,6.0,True
2022-04-25,111,SBUX,-0.0669136666666666,3.0,3.0,True
2022-05-02,111,SBUX,-0.2019588,9.0,4.0,True
2022-05-09,111,SBUX,-0.328738,7.0,4.0,True
2022-05-16,111,SBUX,-0.4442692499999999,4.0,2.0,True
2022-05-23,111,SBUX,-0.2024313897058823,25.0,4.0,True
2022-05-30,111,SBUX,0.103719,4.0,4.0,True
2022-06-06,111,SBUX,-0.3442907,14.0,5.0,True
2022-06-13,111,SBUX,-0.4318871904761904,11.0,3.0,True
2022-06-20,111,SBUX,-0.7584965,5.0,3.0,True
2022-06-27,111,SBUX,0.303937,1.0,1.0,True
2022-07-04,111,SBUX,-0.8949235,2.0,1.0,True
2022-07-11,111,SBUX,-0.5349326666666667,19.0,5.0,True
2022-07-18,111,SBUX,-0.3347331666666666,6.0,4.0,True
2022-08-01,111,SBUX,0.1330129136363636,19.0,5.0,True
2022-08-08,111,SBUX,-0.4397903333333333,3.0,1.0,True
2022-08-15,111,SBUX,-0.5032635032051282,23.0,3.0,True
2022-08-22,111,SBUX,-0.854806142857143,9.0,3.0,True
2022-08-29,111,SBUX,-0.4534234166666666,16.0,3.0,True
2022-09-05,111,SBUX,-0.291641875,5.0,2.0,True
2022-09-12,111,SBUX,0.11173644,14.0,5.0,True
2022-09-19,111,SBUX,-0.1250244999999999,4.0,4.0,True
2022-09-26,111,SBUX,0.3495169999999999,7.0,5.0,True
2022-10-03,111,SBUX,-0.7490915,2.0,2.0,True
2022-10-10,111,SBUX,-0.188647,3.0,3.0,True
2022-10-17,111,SBUX,-0.223453,2.0,1.0,True
2022-10-24,111,SBUX,-0.2285726666666666,3.0,3.0,True
2022-10-31,111,SBUX,-0.1200917666666666,18.0,5.0,True
2022-11-14,111,SBUX,-0.4377435789473684,23.0,3.0,True
2022-11-21,111,SBUX,-0.5867133333333333,3.0,1.0,True
2022-11-28,111,SBUX,-0.897205,1.0,1.0,True
2022-12-05,111,SBUX,0.01022,1.0,1.0,True
2022-12-12,111,SBUX,-0.3711833076923077,15.0,3.0,True
2022-12-26,111,SBUX,-0.5865779999999999,4.0,4.0,True
2023-01-16,111,SBUX,-0.70976875,3.0,2.0,True
2023-01-23,111,SBUX,0.122268,1.0,1.0,True
2023-01-30,111,SBUX,-0.3098626666666667,6.0,3.0,True
2023-02-06,111,SBUX,-0.94592,1.0,1.0,True
2023-02-13,111,SBUX,-0.2215494166666667,6.0,3.0,True
2023-02-20,111,SBUX,-0.2379676666666666,4.0,3.0,True
2023-02-27,111,SBUX,-0.4773143238636363,17.0,4.0,True
2023-03-06,111,SBUX,0.1098423333333333,5.0,3.0,True
2023-03-13,111,SBUX,0.056576,1.0,1.0,True
2023-03-20,111,SBUX,-0.0362412416666666,17.0,4.0,True
2023-03-27,111,SBUX,-0.7893366666666667,8.0,3.0,True
2023-04-03,111,SBUX,-0.5759991,7.0,2.0,True
2023-04-10,111,SBUX,0.03767,1.0,1.0,True
2023-04-24,111,SBUX,-0.5277685,2.0,2.0,True
2023-05-01,111,SBUX,-0.1059217083333333,10.0,4.0,True
2023-05-08,111,SBUX,-0.6558315,2.0,2.0,True
2023-05-22,111,SBUX,-0.4493925,2.0,2.0,True
2023-06-12,111,SBUX,-0.65670925,4.0,2.0,True
2023-06-19,111,SBUX,-0.6745836000000001,7.0,3.0,True
2023-06-26,111,SBUX,-0.496787,5.0,2.0,True
2023-07-03,111,SBUX,-0.8062410555555556,6.0,3.0,True
2023-07-17,111,SBUX,-0.963341,1.0,1.0,True
2023-07-24,111,SBUX,-0.970847,1.0,1.0,True
2023-07-31,111,SBUX,0.2740713,6.0,2.0,True
2023-08-07,111,SBUX,-0.950249,1.0,1.0,True
2023-08-14,111,SBUX,-0.1577059999999999,2.0,2.0,True
2023-08-21,111,SBUX,-0.046463,1.0,1.0,True
2023-08-28,111,SBUX,-0.0336685,3.0,2.0,True
2023-09-11,111,SBUX,-0.0459822142857143,11.0,4.0,True
2023-09-18,111,SBUX,-0.2425072499999999,8.0,3.0,True
2023-09-25,111,SBUX,-0.9847055,3.0,2.0,True
2023-10-02,111,SBUX,-0.222163,1.0,1.0,True
2023-10-16,111,SBUX,-0.6702619999999999,2.0,2.0,True
2023-10-23,111,SBUX,0.259224,1.0,1.0,True
2023-10-30,111,SBUX,0.5613233,9.0,2.0,True
2023-11-06,111,SBUX,-0.0170694999999999,3.0,2.0,True
2023-11-13,111,SBUX,-0.3672647878787878,13.0,3.0,True
2023-12-04,111,SBUX,0.1169786666666666,6.0,1.0,True
2023-12-11,111,SBUX,-0.4623527,10.0,2.0,True
2023-12-18,111,SBUX,-0.900928,1.0,1.0,True
2023-12-25,111,SBUX,-0.788328,1.0,1.0,True
2024-01-01,111,SBUX,0.00392125,3.0,2.0,True
2024-01-08,111,SBUX,-0.3986763333333333,4.0,2.0,True
2024-01-15,111,SBUX,-0.929436,1.0,1.0,True
2024-01-29,111,SBUX,-0.5423593888888889,6.0,3.0,True
2024-02-05,111,SBUX,0.147009,1.0,1.0,True
2024-02-19,111,SBUX,0.570234,1.0,1.0,True
2024-02-26,111,SBUX,0.5779466825396825,11.0,3.0,True
2024-03-04,111,SBUX,-0.7850828333333333,4.0,2.0,True
2024-03-11,111,SBUX,-0.3927835,2.0,2.0,True
2024-03-18,111,SBUX,0.1092419999999999,4.0,2.0,True
2024-03-25,111,SBUX,0.21649,1.0,1.0,True
2024-04-08,111,SBUX,0.881276,1.0,1.0,True
2024-04-15,111,SBUX,0.3633113333333333,4.0,2.0,True
2024-04-22,111,SBUX,0.0317770277777777,14.0,4.0,True
2024-04-29,111,SBUX,-0.7756150555555557,14.0,4.0,True
2024-05-06,111,SBUX,0.2147536666666666,4.0,2.0,True
2024-05-13,111,SBUX,-0.913671,1.0,1.0,True
2024-05-20,111,SBUX,-0.3608095,2.0,2.0,True
2024-05-27,111,SBUX,-0.3454815,4.0,3.0,True
2024-06-03,111,SBUX,0.322114,2.0,1.0,True
2024-06-10,111,SBUX,-0.155956825,21.0,2.0,True
2024-06-17,111,SBUX,-0.0370073333333333,3.0,3.0,True
2024-06-24,111,SBUX,-0.955822,1.0,1.0,True
2024-07-15,111,SBUX,0.2905236666666666,4.0,2.0,True
2024-07-29,111,SBUX,-0.5657840833333334,8.0,2.0,True
2024-08-05,111,SBUX,-0.612955,5.0,3.0,True
2024-08-12,111,SBUX,-0.1867358995798319,56.0,5.0,True
2024-08-19,111,SBUX,0.1596915,5.0,3.0,True
2024-08-26,111,SBUX,-0.626497,3.0,2.0,True
2024-09-09,111,SBUX,0.1187176666666666,4.0,2.0,True
2024-09-16,111,SBUX,-0.0158911666666666,6.0,3.0,True
2024-09-23,111,SBUX,-0.4488135,4.0,2.0,True
2024-09-30,111,SBUX,0.3364268333333333,4.0,2.0,True
2024-10-07,111,SBUX,-0.287956,1.0,1.0,True
2024-10-14,111,SBUX,-0.0105368333333333,4.0,3.0,True
2024-10-21,111,SBUX,-0.6029123333333333,15.0,2.0,True
2024-10-28,111,SBUX,-0.25162636,19.0,5.0,True
2024-11-04,111,SBUX,-0.007102,2.0,2.0,True
2024-11-11,111,SBUX,0.2523245,2.0,2.0,True
2024-11-18,111,SBUX,0.1164986666666666,5.0,3.0,True
2024-11-25,111,SBUX,-0.82735525,4.0,2.0,True
2024-12-02,111,SBUX,0.477384,1.0,1.0,True
2024-12-09,111,SBUX,-0.53682175,3.0,2.0,True
2024-12-16,111,SBUX,-0.0596720674603174,37.0,6.0,True
2024-12-23,111,SBUX,-0.6080105450980392,24.0,5.0,True
2024-12-30,111,SBUX,0.619402,1.0,1.0,True
2025-01-06,111,SBUX,-0.483033,2.0,1.0,True
2025-01-13,111,SBUX,-0.4555028571428572,9.0,3.0,True
2025-01-20,111,SBUX,-0.1815336666666666,4.0,3.0,True
2025-01-27,111,SBUX,-0.1233265888888888,39.0,6.0,True
2025-02-03,111,SBUX,0.227106,2.0,2.0,True
2025-02-10,111,SBUX,-0.5370483333333332,3.0,3.0,True
2025-02-17,111,SBUX,-0.547790875,5.0,4.0,True
2025-02-24,111,SBUX,-0.545102525,33.0,5.0,True
2025-03-03,111,SBUX,-0.4405004444444444,7.0,3.0,True
2025-03-10,111,SBUX,-0.4270722222222221,6.0,3.0,True
2025-03-17,111,SBUX,-0.6129858,6.0,2.0,True
2025-03-24,111,SBUX,0.080129,3.0,3.0,True
2025-03-31,111,SBUX,-0.953336,1.0,1.0,True
2025-04-07,111,SBUX,-0.575544,1.0,1.0,True
2025-04-21,111,SBUX,-0.669856888888889,5.0,3.0,True
2025-04-28,111,SBUX,-0.096912178030303,25.0,6.0,True
2025-05-05,111,SBUX,0.32641,1.0,1.0,True
2025-05-12,111,SBUX,0.1561405555555556,5.0,3.0,True
2025-05-26,111,SBUX,-0.6319206666666667,3.0,3.0,True
2025-06-02,111,SBUX,0.801671,2.0,1.0,True
2025-06-09,111,SBUX,0.5050918888888889,6.0,3.0,True
2025-06-23,111,SBUX,0.4571865,2.0,2.0,True
2025-06-30,111,SBUX,0.74941,1.0,1.0,True
2025-07-07,111,SBUX,0.38605525,4.0,4.0,True
2025-07-21,111,SBUX,-0.134074,1.0,1.0,True
2025-07-28,111,SBUX,-0.1513704615384615,26.0,6.0,True
2025-08-18,111,SBUX,-0.2308796666666666,4.0,3.0,True
2025-09-01,111,SBUX,0.05535675,4.0,4.0,True
2025-09-08,111,SBUX,0.6606316250000001,5.0,4.0,True
2025-09-22,111,SBUX,-0.6153078675213676,48.0,2.0,True
2025-09-29,111,SBUX,-0.54588275,6.0,4.0,True
2025-10-06,111,SBUX,-0.7940482499999999,3.0,2.0,True
2025-10-13,111,SBUX,0.22378775,3.0,2.0,True
2025-10-20,111,SBUX,-0.5415723,6.0,2.0,True
2025-10-27,111,SBUX,0.0612767666666666,13.0,3.0,True
2025-11-03,111,SBUX,-0.1569404648717948,33.0,5.0,True
2025-11-10,111,SBUX,-0.4492475,3.0,2.0,True
2015-01-05,55,T,-0.0899127738095238,23.0,7.0,True
2015-01-12,55,T,-0.0540311699134199,38.0,7.0,True
2015-01-19,55,T,0.0671978125,14.0,4.0,True
2015-01-26,55,T,0.0493481916718202,56.0,7.0,True
2015-02-02,55,T,-0.0623301922841864,46.0,7.0,True
2015-02-09,55,T,-0.0288524291666666,19.0,4.0,True
2015-02-16,55,T,-0.1123268533333333,18.0,5.0,True
2015-02-23,55,T,0.0521575310721062,68.0,6.0,True
2015-03-02,55,T,0.0401656888888889,22.0,6.0,True
2015-03-09,55,T,0.0932852583333333,26.0,6.0,True
2015-03-16,55,T,-0.0188265785714285,21.0,5.0,True
2015-03-23,55,T,-0.2044472938095238,24.0,5.0,True
2015-03-30,55,T,-0.0017444027777777,20.0,6.0,True
2015-04-06,55,T,-0.1436037142857143,19.0,5.0,True
2015-04-13,55,T,-0.0992082893518518,37.0,6.0,True
2015-04-20,55,T,-0.077638580155139,77.0,7.0,True
2015-04-27,55,T,-0.215314369047619,25.0,7.0,True
2015-05-04,55,T,-0.2669455678571429,30.0,7.0,True
2015-05-11,55,T,-0.1285922643724696,61.0,5.0,True
2015-05-18,55,T,-0.0902075238095238,19.0,7.0,True
2015-05-25,55,T,0.0213451658119658,43.0,6.0,True
2015-06-01,55,T,0.0103647999999999,25.0,5.0,True
2015-06-08,55,T,-0.1662482234432234,25.0,7.0,True
2015-06-15,55,T,-0.4194173506782946,65.0,5.0,True
2015-06-22,55,T,0.0167233166666666,16.0,4.0,True
2015-06-29,55,T,-0.0184147099999999,18.0,5.0,True
2015-07-06,55,T,0.1495199666666666,11.0,5.0,True
2015-07-13,55,T,0.0302363199999999,13.0,5.0,True
2015-07-20,55,T,0.1126514783354783,96.0,7.0,True
2015-07-27,55,T,0.0916095999999999,15.0,5.0,True
2015-08-03,55,T,-0.1549365768707483,36.0,7.0,True
2015-08-10,55,T,0.1692559752058718,41.0,7.0,True
2015-08-17,55,T,-0.0161304166666666,19.0,3.0,True
2015-08-24,55,T,-0.1580439666666666,18.0,5.0,True
2015-08-31,55,T,0.048897,9.0,5.0,True
2015-09-07,55,T,-0.1403080888888888,21.0,7.0,True
2015-09-14,55,T,0.010805216748366,38.0,6.0,True
2015-09-21,55,T,0.0368733571428571,19.0,7.0,True
2015-09-28,55,T,-0.1103563106575963,40.0,7.0,True
2015-10-05,55,T,-0.0739580472222222,18.0,6.0,True
2015-10-12,55,T,-0.1014122333333333,8.0,5.0,True
2015-10-19,55,T,-0.0323468,20.0,6.0,True
2015-10-26,55,T,-0.0822145166666666,14.0,6.0,True
2015-11-02,55,T,0.1211074142857143,24.0,7.0,True
2015-11-09,55,T,0.0274382738095238,21.0,7.0,True
2015-11-16,55,T,-0.0691684666666666,23.0,5.0,True
2015-11-23,55,T,-0.0853113125,7.0,4.0,True
2015-11-30,55,T,-0.0918012646258503,27.0,7.0,True
2015-12-07,55,T,-0.09176625,19.0,5.0,True
2015-12-14,55,T,-0.2293409888888888,16.0,6.0,True
2015-12-21,55,T,-0.1101974999999999,2.0,2.0,True
2015-12-28,55,T,-0.0957311888888888,35.0,6.0,True
2016-01-04,55,T,-0.0217454166666666,15.0,6.0,True
2016-01-11,55,T,0.1776652361111111,23.0,6.0,True
2016-01-18,55,T,0.356425,8.0,4.0,True
2016-01-25,55,T,0.0152878242424242,20.0,5.0,True
2016-02-01,55,T,-0.0691632666666666,19.0,5.0,True
2016-02-08,55,T,-0.1070665466666666,16.0,5.0,True
2016-02-15,55,T,-0.0202048571428571,20.0,7.0,True
2016-02-22,55,T,0.12943091005291,23.0,6.0,True
2016-02-29,55,T,-0.1175767916666666,20.0,6.0,True
2016-03-07,55,T,-0.1674526095238095,19.0,7.0,True
2016-03-14,55,T,0.0428204444444444,9.0,6.0,True
2016-03-21,55,T,-0.0323160520833333,27.0,4.0,True
2016-03-28,55,T,-0.1537130595238095,22.0,6.0,True
2016-04-04,55,T,-0.0079129,28.0,7.0,True
2016-04-11,55,T,0.2450325416666667,15.0,6.0,True
2016-04-18,55,T,-0.09776425,16.0,6.0,True
2016-04-25,55,T,-0.0272515545454545,42.0,5.0,True
2016-05-02,55,T,-0.1234445277777777,14.0,6.0,True
2016-05-09,55,T,-0.1868842,11.0,5.0,True
2016-05-16,55,T,-0.1068779166666666,21.0,4.0,True
2016-05-23,55,T,0.0169777638888888,22.0,6.0,True
2016-05-30,55,T,-0.1812941875,8.0,4.0,True
2016-06-06,55,T,-0.0131677666666666,24.0,7.0,True
2016-06-13,55,T,0.055578459047619,48.0,5.0,True
2016-06-20,55,T,-0.0074719285714285,11.0,7.0,True
2016-06-27,55,T,0.1077073999999999,11.0,5.0,True
2016-07-04,55,T,-0.12728375,21.0,7.0,True
2016-07-11,55,T,0.0700936916666666,17.0,5.0,True
2016-07-18,55,T,-0.0458254416666666,44.0,6.0,True
2016-07-25,55,T,-0.1710282997619047,24.0,5.0,True
2016-08-01,55,T,0.1373027625,15.0,4.0,True
2016-08-08,55,T,-0.2082536836734694,27.0,7.0,True
2016-08-15,55,T,-0.0986266531746031,31.0,7.0,True
2016-08-22,55,T,-0.0390288333333333,18.0,6.0,True
2016-08-29,55,T,-0.08689625,24.0,7.0,True
2016-09-05,55,T,0.0588937922619047,30.0,6.0,True
2016-09-12,55,T,-0.0202289642857142,23.0,7.0,True
2016-09-19,55,T,0.1598312499999999,22.0,6.0,True
2016-09-26,55,T,-0.1401420555555555,13.0,6.0,True
2016-10-03,55,T,-0.1908591937229437,43.0,7.0,True
2016-10-10,55,T,-0.0283165325670498,54.0,6.0,True
2016-10-17,55,T,-0.1104179235504489,140.0,6.0,True
2016-10-24,55,T,-0.0361430472753847,131.0,7.0,True
2016-10-31,55,T,-0.0305824921497584,48.0,6.0,True
2016-11-07,55,T,0.0249891071428571,13.0,7.0,True
2016-11-14,55,T,-0.0988895309523809,19.0,7.0,True
2016-11-21,55,T,0.0197688333333333,4.0,3.0,True
2016-11-28,55,T,0.1269809814814815,27.0,6.0,True
2016-12-05,55,T,0.0168014870902906,67.0,7.0,True
2016-12-12,55,T,-0.1050068857142857,24.0,5.0,True
2016-12-19,55,T,-0.0197602916666666,7.0,4.0,True
2016-12-26,55,T,-0.1763771999999999,16.0,5.0,True
2017-01-02,55,T,-0.000778544023569,43.0,6.0,True
2017-01-09,55,T,-0.1194851238095238,49.0,7.0,True
2017-01-16,55,T,-0.094810828042328,37.0,6.0,True
2017-01-23,55,T,0.120635594217687,48.0,7.0,True
2017-01-30,55,T,-0.1785442424242424,22.0,5.0,True
2017-02-06,55,T,-0.016811319047619,33.0,7.0,True
2017-02-13,55,T,-0.0032904421245421,54.0,6.0,True
2017-02-20,55,T,0.0056552791666666,22.0,6.0,True
2017-02-27,55,T,0.0460917577430972,45.0,7.0,True
2017-03-06,55,T,-0.1113063928571428,32.0,7.0,True
2017-03-13,55,T,-0.1776621833333333,16.0,4.0,True
2017-03-20,55,T,-0.1623519754864311,61.0,6.0,True
2017-03-27,55,T,0.0372712232905982,31.0,6.0,True
2017-04-03,55,T,0.1063360738095238,32.0,7.0,True
2017-04-10,55,T,0.0288984642857142,55.0,6.0,True
2017-04-17,55,T,-0.278958260989011,34.0,7.0,True
2017-04-24,55,T,-0.0286668640993509,74.0,7.0,True
2017-05-01,55,T,0.0464682438746438,41.0,6.0,True
2017-05-08,55,T,0.0064252266666666,42.0,5.0,True
2017-05-15,55,T,-0.3124767817460317,41.0,6.0,True
2017-05-22,55,T,-0.2754338583333333,17.0,6.0,True
2017-05-29,55,T,0.0118279285714285,17.0,7.0,True
2017-06-05,55,T,-0.0316938333333333,9.0,5.0,True
2017-06-12,55,T,0.0127716714285714,16.0,5.0,True
2017-06-19,55,T,0.0186743202380952,29.0,6.0,True
2017-06-26,55,T,-0.1264008888888888,12.0,6.0,True
2017-07-03,55,T,-0.1416277476190476,18.0,7.0,True
2017-07-10,55,T,-0.0250247033333333,38.0,5.0,True
2017-07-17,55,T,-0.1380373392857143,24.0,7.0,True
2017-07-24,55,T,0.0939980785714285,43.0,6.0,True
2017-07-31,55,T,-0.0222904785714285,40.0,6.0,True
2017-08-07,55,T,0.0222138592592592,18.0,6.0,True
2017-08-14,55,T,-0.0161600416666666,23.0,5.0,True
2017-08-21,55,T,0.0537773010204081,37.0,7.0,True
2017-08-28,55,T,-0.0116362708333333,9.0,4.0,True
2017-09-04,55,T,-0.2165641666666666,10.0,6.0,True
2017-09-11,55,T,0.1253295476190476,21.0,7.0,True
2017-09-18,55,T,-0.03550215,18.0,5.0,True
2017-09-25,55,T,0.0642313066666666,12.0,5.0,True
2017-10-02,55,T,0.0493876428571428,17.0,7.0,True
2017-10-09,55,T,-0.0009292499999999,8.0,3.0,True
2017-10-16,55,T,-0.0144429583333333,11.0,6.0,True
2017-10-23,55,T,-0.1203522145191409,48.0,6.0,True
2017-10-30,55,T,-0.1451721602564102,42.0,6.0,True
2017-11-06,55,T,-0.1038416679705215,140.0,7.0,True
2017-11-13,55,T,-0.1353315493197278,54.0,7.0,True
2017-11-20,55,T,-0.1001750898794395,286.0,7.0,True
2017-11-27,55,T,0.0149332955100455,56.0,7.0,True
2017-12-04,55,T,-0.2269656721056721,46.0,6.0,True
2017-12-11,55,T,-0.0268814342488715,136.0,7.0,True
2017-12-18,55,T,-0.0896836958817498,152.0,6.0,True
2017-12-25,55,T,-0.1867581428571428,19.0,7.0,True
2018-01-01,55,T,0.0622138888888888,33.0,6.0,True
2018-01-08,55,T,-0.0605445338023087,48.0,7.0,True
2018-01-15,55,T,-0.2290330571428571,30.0,6.0,True
2018-01-22,55,T,-0.0328393413299663,31.0,6.0,True
2018-01-29,55,T,-0.0903105382189239,73.0,7.0,True
2018-02-05,55,T,0.076892473015873,24.0,6.0,True
2018-02-12,55,T,-0.1312915809523809,18.0,5.0,True
2018-02-19,55,T,-0.0402524814814814,58.0,6.0,True
2018-02-26,55,T,-0.1782434676767677,46.0,6.0,True
2018-03-05,55,T,0.1118916416666666,28.0,6.0,True
2018-03-12,55,T,0.0126393218864468,63.0,7.0,True
2018-03-19,55,T,-0.0061705215007215,101.0,6.0,True
2018-03-26,55,T,-0.0841141105442176,36.0,7.0,True
2018-04-02,55,T,-0.0667412357142857,39.0,7.0,True
2018-04-09,55,T,-0.008395861111111,18.0,6.0,True
2018-04-16,55,T,-0.1086108275510204,38.0,7.0,True
2018-04-23,55,T,0.0155080386518243,37.0,7.0,True
2018-04-30,55,T,-0.0214852036781609,57.0,5.0,True
2018-05-07,55,T,-0.2742780241887741,158.0,7.0,True
2018-05-14,55,T,-0.1724726594086021,53.0,6.0,True
2018-05-21,55,T,-0.0619472066544566,33.0,6.0,True
2018-05-28,55,T,-0.1560105642857142,16.0,7.0,True
2018-06-04,55,T,0.0022864688888888,70.0,6.0,True
2018-06-11,55,T,0.019402284758309,330.0,6.0,True
2018-06-18,55,T,-0.1211402582378406,89.0,7.0,True
2018-06-25,55,T,-0.1670881600510737,92.0,7.0,True
2018-07-02,55,T,0.0292086569264069,29.0,7.0,True
2018-07-09,55,T,0.118928118390538,102.0,7.0,True
2018-07-16,55,T,-0.110902900140056,65.0,5.0,True
2018-07-23,55,T,-0.1011688490079365,46.0,5.0,True
2018-07-30,55,T,0.0674075829365079,35.0,5.0,True
2018-08-06,55,T,-0.0018410115596963,54.0,6.0,True
2018-08-13,55,T,-0.26392666,19.0,5.0,True
2018-08-20,55,T,-0.4189430039682539,28.0,6.0,True
2018-08-27,55,T,-0.0702190624716553,42.0,7.0,True
2018-09-03,55,T,0.1243899166666666,11.0,4.0,True
2018-09-10,55,T,-0.0879878611111111,22.0,6.0,True
2018-09-17,55,T,-0.0354518333333333,8.0,5.0,True
2018-09-24,55,T,-0.031385371031746,21.0,6.0,True
2018-10-01,55,T,-0.0533812148148148,21.0,6.0,True
2018-10-08,55,T,0.0212101576190476,32.0,5.0,True
2018-10-15,55,T,-0.070328053030303,23.0,5.0,True
2018-10-22,55,T,-0.111160523989899,35.0,6.0,True
2018-10-29,55,T,-0.0802851976190476,17.0,5.0,True
2018-11-05,55,T,-0.1434538952380952,14.0,7.0,True
2018-11-12,55,T,0.1485661666666666,8.0,4.0,True
2018-11-19,55,T,0.0604057777777777,5.0,3.0,True
2018-11-26,55,T,-0.0998276404761904,24.0,7.0,True
2018-12-03,55,T,-0.0804273375,49.0,7.0,True
2018-12-10,55,T,-0.3327777444444444,21.0,6.0,True
2018-12-17,55,T,0.1435508116883117,23.0,7.0,True
2018-12-24,55,T,0.0058703611111111,11.0,6.0,True
2018-12-31,55,T,-0.1047088,11.0,5.0,True
2019-01-07,55,T,-0.2049007678571428,34.0,7.0,True
2019-01-14,55,T,0.0448655034391534,46.0,6.0,True
2019-01-21,55,T,0.084497619047619,19.0,7.0,True
2019-01-28,55,T,-0.2479833557142857,40.0,5.0,True
2019-02-04,55,T,-0.0184453519480519,33.0,7.0,True
2019-02-11,55,T,0.1526913999999999,25.0,7.0,True
2019-02-18,55,T,0.0375329564814814,27.0,6.0,True
2019-02-25,55,T,-0.0316854532498184,125.0,6.0,True
2019-03-04,55,T,-0.1070857159277504,54.0,7.0,True
2019-03-11,55,T,0.045376169507101,52.0,7.0,True
2019-03-18,55,T,-0.0923048739795918,64.0,7.0,True
2019-03-25,55,T,0.0310165625327053,33.0,7.0,True
2019-04-01,55,T,-0.0924221833333333,18.0,6.0,True
2019-04-08,55,T,0.0585910297364672,36.0,6.0,True
2019-04-15,55,T,-0.0142682821428571,57.0,7.0,True
2019-04-22,55,T,0.0075208428571428,61.0,5.0,True
2019-04-29,55,T,-0.1179225714285714,35.0,7.0,True
2019-05-06,55,T,-0.1075302499999999,17.0,5.0,True
2019-05-13,55,T,-0.0063893995098039,55.0,6.0,True
2019-05-20,55,T,-0.1277215609649122,35.0,6.0,True
2019-05-27,55,T,0.0206433888888888,21.0,6.0,True
2019-06-03,55,T,-0.086006,31.0,7.0,True
2019-06-10,55,T,-0.1606745229591836,56.0,7.0,True
2019-06-17,55,T,-0.001470941005291,31.0,6.0,True
2019-06-24,55,T,-0.0185485458333333,18.0,4.0,True
2019-07-01,55,T,-0.0783962857142857,14.0,7.0,True
2019-07-08,55,T,0.03347815,17.0,6.0,True
2019-07-15,55,T,-0.1687941735930735,59.0,7.0,True
2019-07-22,55,T,0.0040064467687074,82.0,7.0,True
2019-07-29,55,T,-0.0662689,31.0,5.0,True
2019-08-05,55,T,-0.1844018488095238,32.0,6.0,True
2019-08-12,55,T,0.057782936728395,45.0,6.0,True
2019-08-19,55,T,-0.0654327,18.0,6.0,True
2019-08-26,55,T,-0.1121884716450216,30.0,5.0,True
2019-09-02,55,T,-0.1398727833333333,12.0,5.0,True
2019-09-09,55,T,-0.0736497873809523,50.0,5.0,True
2019-09-16,55,T,-0.0961651032763532,36.0,6.0,True
2019-09-23,55,T,-0.0352107222222222,14.0,6.0,True
2019-09-30,55,T,-0.1660035269423559,33.0,7.0,True
2019-10-07,55,T,-0.0956425916666666,18.0,6.0,True
2019-10-14,55,T,0.0336074259259259,30.0,6.0,True
2019-10-21,55,T,-0.0301459785714285,22.0,7.0,True
2019-10-28,55,T,0.1061209736111111,75.0,5.0,True
2019-11-04,55,T,-0.1983563154761904,41.0,7.0,True
2019-11-11,55,T,0.0613222566666666,25.0,5.0,True
2019-11-18,55,T,-0.065917475751634,41.0,5.0,True
2019-11-25,55,T,-0.0939087866666666,13.0,5.0,True
2019-12-02,55,T,0.0228602013888889,30.0,6.0,True
2019-12-09,55,T,-0.0914541009157509,39.0,7.0,True
2019-12-16,55,T,-0.033789373015873,16.0,6.0,True
2019-12-23,55,T,0.0321261714285714,14.0,5.0,True
2019-12-30,55,T,-0.2106375555555556,16.0,6.0,True
2020-01-06,55,T,0.0230017916666666,17.0,6.0,True
2020-01-13,55,T,0.1473344848484848,23.0,6.0,True
2020-01-20,55,T,-0.1155872,15.0,5.0,True
2020-01-27,55,T,-0.1602884404761905,34.0,6.0,True
2020-02-03,55,T,-0.04671542,17.0,5.0,True
2020-02-10,55,T,0.0505097811791383,70.0,7.0,True
2020-02-17,55,T,-0.0220182111111111,30.0,6.0,True
2020-02-24,55,T,-0.2306203469387755,29.0,7.0,True
2020-03-02,55,T,0.0715448642857142,32.0,7.0,True
2020-03-09,55,T,-0.0804668615646258,38.0,7.0,True
2020-03-16,55,T,0.0294377986111111,19.0,6.0,True
2020-03-23,55,T,-0.06303595,10.0,4.0,True
2020-03-30,55,T,0.1100780833333333,31.0,5.0,True
2020-04-06,55,T,-0.22083,1.0,1.0,True
2020-04-13,55,T,-0.0789614999999999,2.0,2.0,True
2020-04-20,55,T,-0.1754124257257257,75.0,5.0,True
2020-04-27,55,T,-0.1419744027777777,13.0,6.0,True
2020-05-04,55,T,-0.1830131166666667,11.0,5.0,True
2020-05-11,55,T,-0.0882114999999999,8.0,5.0,True
2020-05-18,55,T,-0.1290250392857143,23.0,6.0,True
2020-05-25,55,T,-0.0590372291666666,13.0,4.0,True
2020-06-01,55,T,-0.3707204166666666,10.0,4.0,True
2020-06-08,55,T,-0.1198082916666666,12.0,4.0,True
2020-06-15,55,T,-0.0024796038095238,33.0,5.0,True
2020-06-22,55,T,0.0592394666666666,11.0,5.0,True
2020-06-29,55,T,-0.092789175,13.0,6.0,True
2020-07-06,55,T,-0.2851172222222222,7.0,3.0,True
2020-07-13,55,T,-0.0297541466666666,13.0,5.0,True
2020-07-20,55,T,-0.0254642515151514,41.0,5.0,True
2020-07-27,55,T,-0.1482881666666666,6.0,4.0,True
2020-08-03,55,T,-0.0350938680555555,20.0,6.0,True
2020-08-10,55,T,-0.0113260642857142,33.0,6.0,True
2020-08-17,55,T,-0.2298031333333333,20.0,6.0,True
2020-08-24,55,T,-0.086668,4.0,4.0,True
2020-08-31,55,T,-0.0072855571428571,14.0,5.0,True
2020-09-07,55,T,0.0307974305555555,11.0,6.0,True
2020-09-14,55,T,0.0469800652777777,23.0,6.0,True
2020-09-21,55,T,-0.0766812866666666,14.0,5.0,True
2020-09-28,55,T,-0.2100339285714285,10.0,7.0,True
2020-10-05,55,T,-0.4831469107142858,22.0,7.0,True
2020-10-12,55,T,0.0068589974747474,23.0,6.0,True
2020-10-19,55,T,-0.0642103592592592,60.0,6.0,True
2020-10-26,55,T,0.1629916142857142,17.0,7.0,True
2020-11-02,55,T,0.1812764472222222,16.0,6.0,True
2020-11-09,55,T,0.1206665083333333,19.0,5.0,True
2020-11-16,55,T,-0.1440021666666666,11.0,5.0,True
2020-11-23,55,T,-0.2196285,4.0,3.0,True
2020-11-30,55,T,-0.039278123015873,18.0,6.0,True
2020-12-07,55,T,-0.0335450191993464,46.0,6.0,True
2020-12-14,55,T,-0.0179475966666666,25.0,5.0,True
2020-12-21,55,T,-0.00822625,9.0,6.0,True
2020-12-28,55,T,0.144135375,7.0,4.0,True
2021-01-04,55,T,0.0500684444444444,13.0,6.0,True
2021-01-11,55,T,-0.1413693333333333,11.0,3.0,True
2021-01-18,55,T,0.0079363333333333,3.0,3.0,True
2021-01-25,55,T,0.00993,2.0,1.0,True
2021-02-01,55,T,-0.1072702888888888,19.0,5.0,True
2021-02-08,55,T,-0.03075392,11.0,5.0,True
2021-02-15,55,T,-0.0656938666666666,9.0,3.0,True
2021-02-22,55,T,-0.0469662142857143,40.0,6.0,True
2021-03-01,55,T,-0.0921934166666666,11.0,6.0,True
2021-03-08,55,T,0.1551633232323232,27.0,6.0,True
2021-03-15,55,T,-0.0831963402777778,23.0,6.0,True
2021-03-22,55,T,-0.1951272777777777,9.0,3.0,True
2021-03-29,55,T,-0.1966421666666666,11.0,4.0,True
2021-04-05,55,T,-0.1081476694444444,15.0,6.0,True
2021-04-12,55,T,-0.1197906666666666,7.0,4.0,True
2021-04-19,55,T,0.0091260739795918,32.0,7.0,True
2021-04-26,55,T,0.1813160416666666,17.0,6.0,True
2021-05-03,55,T,0.0903095666666666,18.0,6.0,True
2021-05-10,55,T,-0.0552938777777778,25.0,6.0,True
2021-05-17,55,T,-0.1969618008684547,134.0,6.0,True
2021-05-24,55,T,-0.0864164968253968,47.0,6.0,True
2021-05-31,55,T,0.0669072,11.0,5.0,True
2021-06-07,55,T,0.16748635,10.0,5.0,True
2021-06-14,55,T,0.046921,1.0,1.0,True
2021-06-21,55,T,0.3284028148148148,12.0,3.0,True
2021-06-28,55,T,-0.0366705462962963,18.0,6.0,True
2021-07-05,55,T,-0.0200565,11.0,5.0,True
2021-07-12,55,T,0.0873459333333333,12.0,5.0,True
2021-07-19,55,T,0.0254013095238095,45.0,5.0,True
2021-07-26,55,T,-0.0279656249999999,7.0,4.0,True
2021-08-02,55,T,0.0170623759740259,24.0,5.0,True
2021-08-09,55,T,0.0539014999999999,17.0,4.0,True
2021-08-16,55,T,-0.255897925,26.0,5.0,True
2021-08-23,55,T,-0.4215532083333333,11.0,4.0,True
2021-08-30,55,T,0.0634958,7.0,5.0,True
2021-09-06,55,T,0.1356654166666666,8.0,6.0,True
2021-09-13,55,T,-0.4348482833333333,16.0,5.0,True
2021-09-20,55,T,0.0020096,7.0,5.0,True
2021-09-27,55,T,-0.0653668,8.0,5.0,True
2021-10-04,55,T,-0.137515625,10.0,4.0,True
2021-10-11,55,T,0.1822003055555555,10.0,6.0,True
2021-10-18,55,T,0.3554181458333333,28.0,4.0,True
2021-10-25,55,T,0.1609215,10.0,4.0,True
2021-11-01,55,T,-0.0226319978354978,30.0,6.0,True
2021-11-08,55,T,-0.2040623333333333,8.0,4.0,True
2021-11-15,55,T,0.05016825,9.0,2.0,True
2021-11-22,55,T,0.1318795833333333,7.0,4.0,True
2021-11-29,55,T,-0.09137804,9.0,5.0,True
2021-12-06,55,T,0.0339446416666666,13.0,4.0,True
2021-12-13,55,T,-0.1308673333333333,7.0,6.0,True
2021-12-20,55,T,-0.2033948045454545,20.0,4.0,True
2021-12-27,55,T,0.0872918968253968,23.0,7.0,True
2022-01-03,55,T,0.0562397392857142,58.0,7.0,True
2022-01-10,55,T,0.0100008074829931,31.0,7.0,True
2022-01-17,55,T,-0.0780627836021505,46.0,6.0,True
2022-01-24,55,T,0.1493947651515151,37.0,6.0,True
2022-01-31,55,T,-0.4318523514568764,43.0,6.0,True
2022-02-07,55,T,0.0925966555555555,15.0,5.0,True
2022-02-14,55,T,-0.2812535694444444,14.0,6.0,True
2022-02-21,55,T,0.0191683466666666,15.0,5.0,True
2022-02-28,55,T,-0.0004376874999999,11.0,4.0,True
2022-03-07,55,T,0.0818836727272727,17.0,5.0,True
2022-03-14,55,T,0.0459535133333333,15.0,5.0,True
2022-03-21,55,T,0.1169246,7.0,5.0,True
2022-03-28,55,T,0.0553579999999999,2.0,2.0,True
2022-04-04,55,T,-0.0877448566666666,33.0,5.0,True
2022-04-11,55,T,0.0320838499999999,9.0,5.0,True
2022-04-18,55,T,-0.3895564053030303,30.0,4.0,True
2022-04-25,55,T,-0.1490777083333333,12.0,3.0,True
2022-05-02,55,T,-0.390472,1.0,1.0,True
2022-05-09,55,T,-0.1463455833333333,7.0,3.0,True
2022-05-16,55,T,-0.3556253333333333,3.0,1.0,True
2022-05-23,55,T,0.1678359166666666,5.0,2.0,True
2022-05-30,55,T,0.0208206388888888,8.0,3.0,True
2022-06-06,55,T,-0.0382884444444444,7.0,3.0,True
2022-06-13,55,T,0.1167399428571428,15.0,5.0,True
2022-06-20,55,T,0.2177013,11.0,5.0,True
2022-06-27,55,T,-0.259716,2.0,2.0,True
2022-07-04,55,T,0.030832,1.0,1.0,True
2022-07-11,55,T,0.040280375,8.0,4.0,True
2022-07-18,55,T,-0.4236189444444445,20.0,5.0,True
2022-07-25,55,T,0.3521228055555556,9.0,3.0,True
2022-08-01,55,T,0.0012093863636363,22.0,5.0,True
2022-08-08,55,T,-0.0234194999999999,8.0,5.0,True
2022-08-15,55,T,-0.2542807333333333,7.0,3.0,True
2022-08-22,55,T,-0.1681419999999999,2.0,1.0,True
2022-08-29,55,T,0.15268825,3.0,2.0,True
2022-09-05,55,T,0.088017,3.0,2.0,True
2022-09-12,55,T,0.1303672285714285,15.0,7.0,True
2022-09-19,55,T,-0.131404,5.0,4.0,True
2022-09-26,55,T,-0.1944305555555555,17.0,6.0,True
2022-10-03,55,T,0.291722,5.0,3.0,True
2022-10-10,55,T,-0.14239545,12.0,5.0,True
2022-10-17,55,T,-0.0928326363636363,13.0,3.0,True
2022-10-24,55,T,-0.0332542916666666,8.0,4.0,True
2022-10-31,55,T,-0.0118827291666666,12.0,4.0,True
2022-11-07,55,T,0.1043325,2.0,2.0,True
2022-11-14,55,T,0.0005034999999999,5.0,4.0,True
2022-11-21,55,T,0.0838151666666666,4.0,3.0,True
2022-11-28,55,T,-0.1528724,6.0,5.0,True
2022-12-05,55,T,-0.0363109999999999,6.0,4.0,True
2022-12-12,55,T,-0.103322,3.0,3.0,True
2022-12-19,55,T,-0.1506638333333333,5.0,3.0,True
2022-12-26,55,T,-0.3997016666666666,5.0,3.0,True
2023-01-02,55,T,0.1370195,4.0,4.0,True
2023-01-09,55,T,-0.2281816388888888,14.0,6.0,True
2023-01-16,55,T,-0.433316,5.0,3.0,True
2023-01-23,55,T,-0.1788614605654762,28.0,4.0,True
2023-01-30,55,T,0.127269,4.0,3.0,True
2023-02-06,55,T,0.20552325,3.0,2.0,True
2023-02-13,55,T,-0.0341057499999999,4.0,2.0,True
2023-02-20,55,T,-0.1626280666666666,8.0,5.0,True
2023-02-27,55,T,-0.0518612,7.0,5.0,True
2023-03-06,55,T,-0.0106223015873015,16.0,6.0,True
2023-03-13,55,T,0.0476773041666666,19.0,4.0,True
2023-03-20,55,T,-0.1699115416666666,7.0,4.0,True
2023-03-27,55,T,-0.08984425,6.0,4.0,True
2023-04-03,55,T,-0.278098125,6.0,4.0,True
2023-04-10,55,T,0.10049,1.0,1.0,True
2023-04-17,55,T,-0.0925642861111111,22.0,6.0,True
2023-04-24,55,T,0.3567875,6.0,3.0,True
2023-05-01,55,T,-0.0940215,3.0,2.0,True
2023-05-08,55,T,-0.2540573333333333,6.0,3.0,True
2023-05-15,55,T,-0.3741553333333333,3.0,3.0,True
2023-05-22,55,T,-0.4720056666666667,3.0,3.0,True
2023-05-29,55,T,-0.0340130499999999,10.0,5.0,True
2023-06-05,55,T,-0.3291955,3.0,2.0,True
2023-06-12,55,T,-0.1055481666666666,23.0,5.0,True
2023-06-19,55,T,-0.0653976666666666,3.0,1.0,True
2023-06-26,55,T,-0.2784243333333333,3.0,3.0,True
2023-07-03,55,T,-0.285543,4.0,3.0,True
2023-07-10,55,T,-0.4385749999999999,4.0,4.0,True
2023-07-17,55,T,0.091057625,7.0,4.0,True
2023-07-24,55,T,0.2379382333333333,13.0,5.0,True
2023-07-31,55,T,-0.13588275,6.0,4.0,True
2023-08-07,55,T,-0.256086125,5.0,4.0,True
2023-08-14,55,T,0.298419,3.0,3.0,True
2023-08-21,55,T,-0.07328653,15.0,5.0,True
2023-08-28,55,T,-0.00078325,6.0,4.0,True
2023-09-04,55,T,0.0023249,7.0,5.0,True
2023-09-11,55,T,-0.0461587666666666,13.0,5.0,True
2023-09-18,55,T,0.144279625,6.0,4.0,True
2023-09-25,55,T,-0.0205487933333333,17.0,5.0,True
2023-10-02,55,T,0.1833986666666666,8.0,4.0,True
2023-10-09,55,T,-0.0289834999999999,2.0,2.0,True
2023-10-16,55,T,-0.059047,7.0,2.0,True
2023-10-23,55,T,0.0908099,7.0,5.0,True
2023-10-30,55,T,-0.370671,2.0,2.0,True
2023-11-06,55,T,-0.0919116666666666,5.0,3.0,True
2023-11-13,55,T,-0.1927435,5.0,4.0,True
2023-11-20,55,T,0.1371295,2.0,2.0,True
2023-11-27,55,T,-0.0008495666666666,11.0,5.0,True
2023-12-04,55,T,-0.0944590833333333,9.0,6.0,True
2023-12-11,55,T,0.26182525,4.0,4.0,True
2023-12-18,55,T,0.1120633333333333,3.0,3.0,True
2023-12-25,55,T,0.225553,2.0,1.0,True
2024-01-01,55,T,-0.3220195,3.0,2.0,True
2024-01-08,55,T,0.0918446666666666,5.0,3.0,True
2024-01-15,55,T,-0.0592757916666666,8.0,4.0,True
2024-01-22,55,T,-0.0160845083333333,13.0,4.0,True
2024-01-29,55,T,0.1462028333333333,4.0,3.0,True
2024-02-05,55,T,-0.385852,3.0,3.0,True
2024-02-19,55,T,0.0008126285714285,53.0,5.0,True
2024-02-26,55,T,-0.1463692386363636,19.0,2.0,True
2024-03-04,55,T,-0.1347016666666667,4.0,3.0,True
2024-03-11,55,T,-0.0381963333333333,4.0,3.0,True
2024-03-18,55,T,0.39711525,3.0,2.0,True
2024-03-25,55,T,-0.27803725,17.0,3.0,True
2024-04-01,55,T,-0.2055321296296296,12.0,3.0,True
2024-04-08,55,T,-0.2845675333333333,8.0,5.0,True
2024-04-15,55,T,0.043497,3.0,3.0,True
2024-04-22,55,T,0.5300528571428571,10.0,4.0,True
2024-04-29,55,T,-0.4345862043650794,22.0,6.0,True
2024-05-06,55,T,-0.0940123333333333,12.0,4.0,True
2024-05-13,55,T,-0.4748408333333334,5.0,3.0,True
2024-05-20,55,T,-0.2927351666666666,6.0,4.0,True
2024-05-27,55,T,-0.2560146111111111,15.0,6.0,True
2024-06-03,55,T,-0.057633,6.0,2.0,True
2024-06-10,55,T,0.376038,4.0,3.0,True
2024-06-17,55,T,-0.045760875,8.0,4.0,True
2024-06-24,55,T,-0.3441999333333333,12.0,5.0,True
2024-07-01,55,T,-0.0751589999999999,7.0,6.0,True
2024-07-08,55,T,-0.360772202020202,36.0,3.0,True
2024-07-15,55,T,-0.2141952079365079,22.0,7.0,True
2024-07-22,55,T,0.1848136,7.0,2.0,True
2024-07-29,55,T,0.2001814999999999,2.0,1.0,True
2024-08-05,55,T,-0.3811555,12.0,6.0,True
2024-08-12,55,T,-0.091552,1.0,1.0,True
2024-08-19,55,T,-0.3902577499999999,7.0,4.0,True
2024-08-26,55,T,-0.3015091111111111,5.0,3.0,True
2024-09-02,55,T,-0.0716441458333333,18.0,4.0,True
2024-09-09,55,T,-0.204472,11.0,5.0,True
2024-09-16,55,T,-0.083187125,10.0,4.0,True
2024-09-23,55,T,-0.0733714583333333,8.0,4.0,True
2024-09-30,55,T,-0.0618439620596206,52.0,3.0,True
2024-10-07,55,T,-0.1855866904761905,11.0,7.0,True
2024-10-14,55,T,-0.2324900277777778,9.0,3.0,True
2024-10-21,55,T,0.0084253333333333,6.0,4.0,True
2024-10-28,55,T,0.2671101666666667,4.0,3.0,True
2024-11-04,55,T,-0.1531906,9.0,5.0,True
2024-11-11,55,T,-0.3455000833333333,19.0,6.0,True
2024-11-18,55,T,-0.2434560399999999,16.0,5.0,True
2024-11-25,55,T,-0.06545625,9.0,5.0,True
2024-12-02,55,T,-0.0741457999999999,14.0,5.0,True
2024-12-09,55,T,-0.1873438333333333,9.0,6.0,True
2024-12-16,55,T,-0.0755453333333333,3.0,3.0,True
2024-12-23,55,T,0.1020042499999999,6.0,4.0,True
2024-12-30,55,T,-0.2121549055555555,12.0,3.0,True
2025-01-06,55,T,-0.043879744047619,18.0,4.0,True
2025-01-13,55,T,-0.5387509,8.0,5.0,True
2025-01-20,55,T,-0.3686026666666666,7.0,2.0,True
2025-01-27,55,T,0.0947868333333333,17.0,5.0,True
2025-02-03,55,T,0.073296,4.0,3.0,True
2025-02-10,55,T,-0.2498021666666666,6.0,3.0,True
2025-02-17,55,T,0.756704,1.0,1.0,True
2025-02-24,55,T,-0.1172723333333333,3.0,3.0,True
2025-03-03,55,T,-0.342925,3.0,3.0,True
2025-03-10,55,T,0.0104342083333333,8.0,4.0,True
2025-03-17,55,T,-0.130238,4.0,3.0,True
2025-03-24,55,T,0.101793,4.0,2.0,True
2025-03-31,55,T,0.387711,2.0,2.0,True
2025-04-07,55,T,-0.0603798888888888,6.0,3.0,True
2025-04-14,55,T,0.20804725,3.0,2.0,True
2025-04-21,55,T,-0.1034867738095238,18.0,7.0,True
2025-04-28,55,T,-0.0034316,8.0,5.0,True
2025-05-05,55,T,-0.4573385,5.0,2.0,True
2025-05-12,55,T,0.1222920624999999,14.0,4.0,True
2025-05-19,55,T,0.1684147678571428,11.0,4.0,True
2025-05-26,55,T,-0.226601,6.0,4.0,True
2025-06-02,55,T,-0.1696388888888889,5.0,3.0,True
2025-06-09,55,T,-0.0043375777777777,14.0,3.0,True
2025-06-16,55,T,0.0744970666666666,8.0,5.0,True
2025-06-23,55,T,-0.2617095,10.0,6.0,True
2025-06-30,55,T,-0.146871,6.0,5.0,True
2025-07-07,55,T,0.04898025,4.0,4.0,True
2025-07-14,55,T,0.516422,1.0,1.0,True
2025-07-21,55,T,0.06383132,15.0,5.0,True
2025-07-28,55,T,-0.0153164444444444,9.0,6.0,True
2025-08-04,55,T,-0.0753481249999999,8.0,4.0,True
2025-08-11,55,T,0.3024804166666666,7.0,3.0,True
2025-08-18,55,T,-0.3270716666666666,6.0,4.0,True
2025-08-25,55,T,0.0309177999999999,21.0,4.0,True
2025-09-01,55,T,-0.174184875,6.0,4.0,True
2025-09-08,55,T,-0.0457200106060606,24.0,6.0,True
2025-09-15,55,T,-0.0451121666666666,4.0,3.0,True
2025-09-22,55,T,-0.00716485,16.0,7.0,True
2025-09-29,55,T,-0.0562126666666666,3.0,3.0,True
2025-10-06,55,T,0.0656135666666667,10.0,5.0,True
2025-10-13,55,T,-0.0751430555555555,11.0,6.0,True
2025-10-20,55,T,0.0292715499999999,16.0,4.0,True
2025-10-27,55,T,-0.0519870666666666,12.0,5.0,True
2025-11-03,55,T,-0.1572422333333333,12.0,5.0,True
2025-11-10,55,T,-0.433718,1.0,1.0,True
2015-01-05,57,UBER,0.28764675,9.0,2.0,True
2015-01-12,57,UBER,-0.4615554599999999,12.0,5.0,True
2015-01-19,57,UBER,-0.1174207866666667,27.0,5.0,True
2015-01-26,57,UBER,-0.1687632916666667,7.0,4.0,True
2015-02-02,57,UBER,0.2629631111111111,13.0,3.0,True
2015-02-09,57,UBER,0.0367685,2.0,1.0,True
2015-02-16,57,UBER,0.269687825,14.0,5.0,True
2015-02-23,57,UBER,-0.081475075,16.0,5.0,True
2015-03-02,57,UBER,-0.3652829666666666,16.0,6.0,True
2015-03-09,57,UBER,-0.1833298657142857,16.0,5.0,True
2015-03-16,57,UBER,-0.2786957291666666,23.0,4.0,True
2015-03-23,57,UBER,-0.1453351999999999,6.0,5.0,True
2015-03-30,57,UBER,-0.574257,4.0,2.0,True
2015-04-06,57,UBER,0.41422755,8.0,4.0,True
2015-04-13,57,UBER,0.2095556666666666,3.0,3.0,True
2015-04-20,57,UBER,-0.476286375,6.0,4.0,True
2015-04-27,57,UBER,-0.5869380000000001,6.0,5.0,True
2015-05-04,57,UBER,-0.4757320442857143,19.0,5.0,True
2015-05-11,57,UBER,-0.3003709583333333,16.0,4.0,True
2015-05-18,57,UBER,-0.4675827636363636,16.0,5.0,True
2015-05-25,57,UBER,-0.0536915,4.0,3.0,True
2015-06-01,57,UBER,0.3364248888888889,7.0,3.0,True
2015-06-08,57,UBER,-0.0702816666666666,11.0,3.0,True
2015-06-15,57,UBER,-0.2629010642857143,36.0,5.0,True
2015-06-22,57,UBER,-0.4681871388888889,16.0,6.0,True
2015-06-29,57,UBER,-0.8199619357142858,28.0,5.0,True
2015-07-06,57,UBER,-0.4383667916666667,17.0,6.0,True
2015-07-13,57,UBER,-0.532967447845805,30.0,7.0,True
2015-07-20,57,UBER,-0.1473142399999999,27.0,5.0,True
2015-07-27,57,UBER,0.4578111999999999,14.0,3.0,True
2015-08-03,57,UBER,-0.895688,5.0,1.0,True
2015-08-10,57,UBER,-0.58502,5.0,3.0,True
2015-08-17,57,UBER,0.35358416,13.0,5.0,True
2015-08-24,57,UBER,0.2363696666666667,3.0,3.0,True
2015-08-31,57,UBER,-0.3099567099999999,23.0,5.0,True
2015-09-07,57,UBER,-0.1525638,15.0,5.0,True
2015-09-14,57,UBER,0.1111132261904762,17.0,6.0,True
2015-09-21,57,UBER,-0.5289624444444444,14.0,6.0,True
2015-09-28,57,UBER,-0.2002992499999999,11.0,4.0,True
2015-10-05,57,UBER,0.022154375,9.0,4.0,True
2015-10-12,57,UBER,-0.0107929826086956,29.0,5.0,True
2015-10-19,57,UBER,-0.1341211666666666,9.0,3.0,True
2015-10-26,57,UBER,-0.28004525,3.0,2.0,True
2015-11-02,57,UBER,-0.4518869444444444,6.0,3.0,True
2015-11-09,57,UBER,-0.0421923333333333,3.0,3.0,True
2015-11-16,57,UBER,-0.6894269791666667,12.0,4.0,True
2015-11-23,57,UBER,0.18101075,7.0,2.0,True
2015-11-30,57,UBER,-0.3635357916666667,16.0,4.0,True
2015-12-07,57,UBER,-0.0422718,15.0,5.0,True
2015-12-14,57,UBER,0.0332107285714285,43.0,5.0,True
2015-12-21,57,UBER,-0.0779220333333333,13.0,5.0,True
2015-12-28,57,UBER,0.0270776,14.0,5.0,True
2016-01-04,57,UBER,-0.5863228472222222,20.0,6.0,True
2016-01-11,57,UBER,-0.0751490999999999,26.0,5.0,True
2016-01-18,57,UBER,-0.1915513958333333,18.0,6.0,True
2016-01-25,57,UBER,-0.3268036666666666,11.0,6.0,True
2016-02-01,57,UBER,-0.0224389999999999,3.0,2.0,True
2016-02-08,57,UBER,-0.4907433708333333,13.0,4.0,True
2016-02-15,57,UBER,-0.8351867500000001,15.0,4.0,True
2016-02-22,57,UBER,-0.173038,10.0,4.0,True
2016-02-29,57,UBER,-0.8525720833333333,6.0,4.0,True
2016-03-07,57,UBER,-0.1787551666666666,8.0,5.0,True
2016-03-14,57,UBER,-0.2663518333333333,11.0,6.0,True
2016-03-21,57,UBER,0.0066529374999999,8.0,4.0,True
2016-03-28,57,UBER,-0.0491115857142856,13.0,5.0,True
2016-04-04,57,UBER,-0.1481220733333332,12.0,5.0,True
2016-04-11,57,UBER,-0.1864716666666666,8.0,6.0,True
2016-04-18,57,UBER,-0.1694891969696969,27.0,6.0,True
2016-04-25,57,UBER,-0.3954277916666666,16.0,6.0,True
2016-05-02,57,UBER,-0.5396242444444445,29.0,6.0,True
2016-05-09,57,UBER,-0.316537937535014,44.0,5.0,True
2016-05-16,57,UBER,-0.3959847380952381,17.0,5.0,True
2016-05-23,57,UBER,0.1877476562499999,12.0,4.0,True
2016-05-30,57,UBER,-0.160922056547619,33.0,4.0,True
2016-06-06,57,UBER,-0.3956919571428571,30.0,7.0,True
2016-06-13,57,UBER,0.2392026888888888,25.0,5.0,True
2016-06-20,57,UBER,-0.2886035999999999,8.0,5.0,True
2016-06-27,57,UBER,-0.1249733333333333,14.0,4.0,True
2016-07-04,57,UBER,0.2521985,6.0,2.0,True
2016-07-11,57,UBER,-0.7579048,7.0,3.0,True
2016-07-18,57,UBER,-0.1836614,17.0,5.0,True
2016-07-25,57,UBER,-0.1269927333333333,31.0,5.0,True
2016-08-01,57,UBER,-0.3009390213071896,90.0,5.0,True
2016-08-08,57,UBER,-0.26396375,9.0,6.0,True
2016-08-15,57,UBER,-0.3349462062585034,79.0,5.0,True
2016-08-22,57,UBER,-0.59869509,39.0,5.0,True
2016-08-29,57,UBER,-0.3871080033333333,33.0,5.0,True
2016-09-05,57,UBER,-0.0181660785714285,15.0,5.0,True
2016-09-12,57,UBER,-0.240514225,9.0,4.0,True
2016-09-19,57,UBER,-0.4182310833333333,8.0,4.0,True
2016-09-26,57,UBER,-0.157176,10.0,5.0,True
2016-10-03,57,UBER,-0.3528150999999999,11.0,5.0,True
2016-10-10,57,UBER,-0.2960161666666667,5.0,3.0,True
2016-10-17,57,UBER,0.20584075,3.0,2.0,True
2016-10-24,57,UBER,-0.1233012222222222,21.0,3.0,True
2016-10-31,57,UBER,0.0119723749999999,7.0,4.0,True
2016-11-14,57,UBER,-0.980888,1.0,1.0,True
2016-11-21,57,UBER,-0.1594715,2.0,2.0,True
2016-11-28,57,UBER,-0.160381111111111,8.0,3.0,True
2016-12-05,57,UBER,0.195271,5.0,3.0,True
2016-12-12,57,UBER,-0.2673733428571428,33.0,4.0,True
2016-12-19,57,UBER,-0.2284024936507935,35.0,5.0,True
2016-12-26,57,UBER,-0.3320863333333333,5.0,2.0,True
2017-01-02,57,UBER,-0.6416541666666666,6.0,3.0,True
2017-01-09,57,UBER,-0.2081238125,9.0,4.0,True
2017-01-16,57,UBER,-0.6458450530303029,21.0,6.0,True
2017-01-23,57,UBER,-0.3782757,8.0,5.0,True
2017-01-30,57,UBER,-0.313280709122807,47.0,5.0,True
2017-02-06,57,UBER,-0.0362915999999999,9.0,5.0,True
2017-02-13,57,UBER,-0.120198375,16.0,4.0,True
2017-02-20,57,UBER,-0.8945364931899642,54.0,5.0,True
2017-02-27,57,UBER,-0.6800640936026937,52.0,6.0,True
2017-03-06,57,UBER,-0.4445762277777778,57.0,6.0,True
2017-03-13,57,UBER,-0.4258912264309764,36.0,6.0,True
2017-03-20,57,UBER,-0.4543932113871635,62.0,7.0,True
2017-03-27,57,UBER,-0.4677509954081632,35.0,7.0,True
2017-04-03,57,UBER,-0.6664470100340135,67.0,7.0,True
2017-04-10,57,UBER,-0.6003156009607352,50.0,6.0,True
2017-04-17,57,UBER,-0.5552498708333333,23.0,6.0,True
2017-04-24,57,UBER,-0.3037449370129869,37.0,5.0,True
2017-05-01,57,UBER,-0.5565816193347953,59.0,6.0,True
2017-05-08,57,UBER,-0.5142493034722222,44.0,6.0,True
2017-05-15,57,UBER,-0.506578375,44.0,6.0,True
2017-05-22,57,UBER,-0.5664545765639589,42.0,7.0,True
2017-05-29,57,UBER,-0.6768729892240216,63.0,6.0,True
2017-06-05,57,UBER,-0.591157377173913,75.0,6.0,True
2017-06-12,57,UBER,-0.5240558514928698,119.0,6.0,True
2017-06-19,57,UBER,-0.5910402505698006,175.0,6.0,True
2017-06-26,57,UBER,-0.6003145383333333,18.0,5.0,True
2017-07-03,57,UBER,-0.4947559679365079,33.0,5.0,True
2017-07-10,57,UBER,-0.2487187196969696,35.0,6.0,True
2017-07-17,57,UBER,-0.4339893055555555,14.0,6.0,True
2017-07-24,57,UBER,-0.0783593027210884,36.0,7.0,True
2017-07-31,57,UBER,-0.7219108518518519,26.0,6.0,True
2017-08-07,57,UBER,-0.3573475094967532,89.0,7.0,True
2017-08-14,57,UBER,-0.3494984387755102,55.0,7.0,True
2017-08-21,57,UBER,-0.2054225007625272,67.0,6.0,True
2017-08-28,57,UBER,-0.0218857817754885,92.0,5.0,True
2017-09-04,57,UBER,-0.674683109375,20.0,4.0,True
2017-09-11,57,UBER,-0.5920183541666666,11.0,4.0,True
2017-09-18,57,UBER,-0.6088881656005686,102.0,7.0,True
2017-09-25,57,UBER,-0.30336271666936,61.0,5.0,True
2017-10-02,57,UBER,-0.0500021979460847,79.0,5.0,True
2017-10-09,57,UBER,-0.1723534964280817,52.0,6.0,True
2017-10-16,57,UBER,-0.553805625,10.0,4.0,True
2017-10-23,57,UBER,0.159080375,13.0,4.0,True
2017-10-30,57,UBER,-0.3417555333333333,11.0,5.0,True
2017-11-06,57,UBER,-0.0039353268398268,57.0,7.0,True
2017-11-13,57,UBER,0.19007871875,20.0,2.0,True
2017-11-20,57,UBER,-0.5039339042766465,129.0,6.0,True
2017-11-27,57,UBER,-0.7141252504509379,86.0,6.0,True
2017-12-04,57,UBER,-0.5970505300000001,21.0,5.0,True
2017-12-11,57,UBER,-0.6959022956349207,27.0,6.0,True
2017-12-18,57,UBER,0.1512224960784313,62.0,5.0,True
2017-12-25,57,UBER,0.2448974821428571,50.0,3.0,True
2018-01-01,57,UBER,-0.2033902113095238,39.0,6.0,True
2018-01-08,57,UBER,-0.2899783999999999,10.0,5.0,True
2018-01-15,57,UBER,-0.1247354333333333,20.0,3.0,True
2018-01-22,57,UBER,-0.2386374083333333,17.0,4.0,True
2018-01-29,57,UBER,-0.4885604166666666,6.0,3.0,True
2018-02-05,57,UBER,-0.2730907593442481,98.0,7.0,True
2018-02-12,57,UBER,-0.3237923606837607,35.0,6.0,True
2018-02-19,57,UBER,-0.0318783055555555,13.0,6.0,True
2018-02-26,57,UBER,0.0046733125,8.0,4.0,True
2018-03-05,57,UBER,-0.281495135,23.0,5.0,True
2018-03-12,57,UBER,0.0390483749999999,5.0,4.0,True
2018-03-19,57,UBER,-0.6772573459183674,49.0,7.0,True
2018-03-26,57,UBER,-0.36934683,60.0,5.0,True
2018-04-02,57,UBER,-0.412524,2.0,1.0,True
2018-04-09,57,UBER,-0.1655175499999999,18.0,5.0,True
2018-04-16,57,UBER,-0.0187384999999999,2.0,2.0,True
2018-04-23,57,UBER,0.2852998333333333,4.0,3.0,True
2018-04-30,57,UBER,-0.2516121111111111,6.0,3.0,True
2018-05-07,57,UBER,0.1640102214285714,26.0,6.0,True
2018-05-14,57,UBER,-0.3273529583333333,12.0,4.0,True
2018-05-21,57,UBER,-0.3613297083333333,54.0,4.0,True
2018-05-28,57,UBER,-0.444073053968254,20.0,5.0,True
2018-06-04,57,UBER,0.016486,1.0,1.0,True
2018-06-11,57,UBER,-0.2049586666666667,5.0,3.0,True
2018-06-18,57,UBER,0.2141784166666666,11.0,4.0,True
2018-06-25,57,UBER,0.3566087678018576,59.0,4.0,True
2018-07-02,57,UBER,-0.2000614151785714,18.0,4.0,True
2018-07-09,57,UBER,0.030898859090909,27.0,4.0,True
2018-07-16,57,UBER,-0.2002142499999999,4.0,4.0,True
2018-07-23,57,UBER,-0.1645482083333333,15.0,3.0,True
2018-07-30,57,UBER,-0.5534945416666667,25.0,5.0,True
2018-08-06,57,UBER,-0.242494168452381,29.0,4.0,True
2018-08-13,57,UBER,-0.4761095116666666,27.0,5.0,True
2018-08-20,57,UBER,-0.0753682499999999,7.0,2.0,True
2018-08-27,57,UBER,0.2304487371794872,37.0,6.0,True
2018-09-03,57,UBER,-0.2680814444444444,14.0,4.0,True
2018-09-10,57,UBER,-0.926774,1.0,1.0,True
2018-09-17,57,UBER,-0.4886401666666666,5.0,2.0,True
2018-09-24,57,UBER,-0.7881533333333333,22.0,4.0,True
2018-10-01,57,UBER,-0.509987,1.0,1.0,True
2018-10-08,57,UBER,0.588806,1.0,1.0,True
2018-10-15,57,UBER,0.1275433666666666,17.0,4.0,True
2018-10-22,57,UBER,-0.428612375,10.0,4.0,True
2018-10-29,57,UBER,0.2080075833333333,12.0,4.0,True
2018-11-05,57,UBER,0.3684115,2.0,2.0,True
2018-11-12,57,UBER,-0.9070836,9.0,3.0,True
2018-11-19,57,UBER,-0.015426,1.0,1.0,True
2018-11-26,57,UBER,-0.5056698888888889,9.0,3.0,True
2018-12-03,57,UBER,-0.0112240476190476,30.0,7.0,True
2018-12-10,57,UBER,-0.10047725,7.0,4.0,True
2018-12-17,57,UBER,0.3093141909090909,29.0,6.0,True
2019-01-07,57,UBER,-0.523603125,5.0,4.0,True
2019-01-14,57,UBER,-0.5482454999999999,2.0,2.0,True
2019-01-21,57,UBER,-0.1742079999999999,2.0,2.0,True
2019-01-28,57,UBER,-0.2716626111111111,6.0,3.0,True
2019-02-04,57,UBER,0.22874075,3.0,2.0,True
2019-02-11,57,UBER,-0.5928955352941176,24.0,3.0,True
2019-02-18,57,UBER,-0.04105192,14.0,5.0,True
2019-02-25,57,UBER,-0.0209709999999999,9.0,4.0,True
2019-03-04,57,UBER,-0.6508211837606838,24.0,4.0,True
2019-03-11,57,UBER,0.0833342562499999,18.0,4.0,True
2019-03-18,57,UBER,0.0145227999999999,12.0,4.0,True
2019-03-25,57,UBER,0.0206314689849624,48.0,4.0,True
2019-04-08,57,UBER,-0.1160094185897436,61.0,5.0,True
2019-04-15,57,UBER,0.5271573183760684,27.0,6.0,True
2019-04-22,57,UBER,0.1673997873015873,53.0,6.0,True
2019-04-29,57,UBER,-0.1852296428571428,24.0,7.0,True
2019-05-06,57,UBER,-0.434892140170954,132.0,7.0,True
2019-05-13,57,UBER,-0.4090024246031745,38.0,6.0,True
2019-05-20,57,UBER,-0.2054749166666666,7.0,4.0,True
2019-05-27,57,UBER,-0.2538499657142857,45.0,5.0,True
2019-06-03,57,UBER,-0.0880576130952381,36.0,7.0,True
2019-06-10,57,UBER,0.1356288926767676,26.0,6.0,True
2019-06-17,57,UBER,-0.7791793333333333,3.0,3.0,True
2019-06-24,57,UBER,-0.3480754444444445,5.0,3.0,True
2019-07-01,57,UBER,0.1305326249999999,6.0,4.0,True
2019-07-08,57,UBER,-0.284481375,7.0,4.0,True
2019-07-15,57,UBER,-0.5107270400000001,11.0,5.0,True
2019-07-22,57,UBER,-0.6127931333333333,8.0,2.0,True
2019-07-29,57,UBER,-0.5877856714285714,18.0,5.0,True
2019-08-05,57,UBER,-0.8097030264490411,66.0,7.0,True
2019-08-12,57,UBER,-0.1620261666666666,6.0,3.0,True
2019-08-19,57,UBER,-0.0465644999999999,4.0,4.0,True
2019-08-26,57,UBER,-0.8718072333333332,8.0,3.0,True
2019-09-02,57,UBER,-0.7270981249999999,5.0,2.0,True
2019-09-09,57,UBER,-0.1330609640522876,36.0,6.0,True
2019-09-16,57,UBER,-0.0038337777777777,12.0,4.0,True
2019-09-23,57,UBER,-0.1136644333333333,16.0,3.0,True
2019-09-30,57,UBER,-0.5208430000000001,4.0,4.0,True
2019-10-07,57,UBER,-0.4964400833333333,11.0,6.0,True
2019-10-14,57,UBER,-0.5199915138888889,25.0,4.0,True
2019-10-21,57,UBER,-0.70184125,3.0,2.0,True
2019-10-28,57,UBER,-0.1433908533333333,22.0,5.0,True
2019-11-04,57,UBER,-0.7249023055555556,57.0,6.0,True
2019-11-11,57,UBER,-0.7071870576923077,33.0,6.0,True
2019-11-18,57,UBER,-0.6630211444444445,25.0,5.0,True
2019-11-25,57,UBER,-0.6844150777777779,65.0,3.0,True
2019-12-02,57,UBER,-0.4663819270833333,23.0,4.0,True
2019-12-09,57,UBER,-0.1848634,9.0,5.0,True
2019-12-16,57,UBER,-0.2879594166666666,25.0,6.0,True
2019-12-23,57,UBER,-0.0466126951754385,47.0,4.0,True
2019-12-30,57,UBER,-0.57808775,11.0,3.0,True
2020-01-06,57,UBER,-0.0572535944444444,19.0,6.0,True
2020-01-13,57,UBER,-0.6271851666666667,4.0,3.0,True
2020-01-20,57,UBER,-0.1873249761904762,19.0,7.0,True
2020-01-27,57,UBER,-0.9258875,4.0,4.0,True
2020-02-03,57,UBER,0.2698863300653594,29.0,3.0,True
2020-02-10,57,UBER,-0.4988562799999999,9.0,5.0,True
2020-02-17,57,UBER,-0.4730152142857142,8.0,2.0,True
2020-02-24,57,UBER,-0.227496,5.0,2.0,True
2020-03-02,57,UBER,-0.5820822333333334,17.0,5.0,True
2020-03-09,57,UBER,-0.5519663333333333,3.0,3.0,True
2020-03-16,57,UBER,0.0188918249999999,15.0,5.0,True
2020-03-23,57,UBER,-0.1229894999999999,2.0,2.0,True
2020-03-30,57,UBER,0.0806862222222222,7.0,3.0,True
2020-04-06,57,UBER,0.6362745000000001,2.0,2.0,True
2020-04-13,57,UBER,-0.510974090909091,14.0,2.0,True
2020-04-20,57,UBER,-0.2574520833333333,10.0,3.0,True
2020-04-27,57,UBER,-0.555175825,18.0,4.0,True
2020-05-04,57,UBER,-0.3460031840501792,85.0,5.0,True
2020-05-11,57,UBER,-0.3860792273809524,35.0,4.0,True
2020-05-18,57,UBER,-0.5999923676470589,40.0,4.0,True
2020-05-25,57,UBER,-0.5226323333333334,18.0,5.0,True
2020-06-01,57,UBER,0.66968175,3.0,2.0,True
2020-06-08,57,UBER,-0.5691506,17.0,3.0,True
2020-06-22,57,UBER,-0.4393088055555556,10.0,3.0,True
2020-06-29,57,UBER,0.00521705,8.0,5.0,True
2020-07-06,57,UBER,0.2726107499999999,27.0,3.0,True
2020-07-13,57,UBER,-0.1929299444444444,13.0,3.0,True
2020-07-20,57,UBER,0.730721,1.0,1.0,True
2020-08-03,57,UBER,-0.4557347302631578,24.0,4.0,True
2020-08-10,57,UBER,-0.6141705140669516,65.0,6.0,True
2020-08-17,57,UBER,-0.4378137612146307,64.0,7.0,True
2020-08-24,57,UBER,-0.973753,1.0,1.0,True
2020-08-31,57,UBER,0.09867145,8.0,5.0,True
2020-09-07,57,UBER,0.5057400000000001,10.0,2.0,True
2020-09-14,57,UBER,-0.25350095,13.0,5.0,True
2020-09-21,57,UBER,-0.0122789999999999,4.0,4.0,True
2020-09-28,57,UBER,0.0452184964285714,47.0,4.0,True
2020-10-05,57,UBER,-0.004869,1.0,1.0,True
2020-10-12,57,UBER,0.1188995,5.0,3.0,True
2020-10-19,57,UBER,0.0059540999999999,21.0,3.0,True
2020-10-26,57,UBER,-0.8210695,2.0,2.0,True
2020-11-02,57,UBER,-0.5468617927350428,24.0,4.0,True
2020-11-09,57,UBER,0.217736875,5.0,4.0,True
2020-11-23,57,UBER,-0.950176,1.0,1.0,True
2020-11-30,57,UBER,-0.4926954999999999,3.0,2.0,True
2020-12-07,57,UBER,0.042684951377018,45.0,3.0,True
2020-12-14,57,UBER,-0.8954188333333333,8.0,3.0,True
2020-12-21,57,UBER,-0.870053,1.0,1.0,True
2020-12-28,57,UBER,-0.230321,2.0,1.0,True
2021-01-11,57,UBER,-0.6039783,8.0,5.0,True
2021-01-18,57,UBER,0.721539,1.0,1.0,True
2021-01-25,57,UBER,0.214609,1.0,1.0,True
2021-02-01,57,UBER,-0.2899367142857143,23.0,3.0,True
2021-02-08,57,UBER,-0.5233320972222222,13.0,2.0,True
2021-02-15,57,UBER,-0.1497196754385965,41.0,2.0,True
2021-02-22,57,UBER,-0.65686,1.0,1.0,True
2021-03-01,57,UBER,0.1801427499999999,5.0,2.0,True
2021-03-08,57,UBER,0.2274395,2.0,2.0,True
2021-03-15,57,UBER,-0.0692513148148148,16.0,3.0,True
2021-03-22,57,UBER,0.145973,1.0,1.0,True
2021-03-29,57,UBER,-0.389461,6.0,3.0,True
2021-04-05,57,UBER,0.1303434,5.0,1.0,True
2021-04-12,57,UBER,-0.0744709555555555,9.0,3.0,True
2021-04-19,57,UBER,0.2179331111111111,10.0,3.0,True
2021-04-26,57,UBER,-0.6726643999999999,6.0,5.0,True
2021-05-03,57,UBER,-0.0782039833333333,19.0,6.0,True
2021-05-10,57,UBER,-0.6438053333333333,4.0,2.0,True
2021-05-17,57,UBER,-0.0274828333333333,4.0,3.0,True
2021-05-24,57,UBER,-0.2355877,12.0,4.0,True
2021-05-31,57,UBER,-0.881994,1.0,1.0,True
2021-06-07,57,UBER,0.0025786666666666,3.0,3.0,True
2021-06-14,57,UBER,-0.962817,1.0,1.0,True
2021-06-21,57,UBER,-0.1951881666666666,4.0,2.0,True
2021-06-28,57,UBER,0.560352,2.0,2.0,True
2021-07-05,57,UBER,-0.732014,1.0,1.0,True
2021-07-12,57,UBER,-0.4082273333333333,4.0,3.0,True
2021-07-19,57,UBER,-0.1202218333333333,19.0,3.0,True
2021-07-26,57,UBER,-0.190976,6.0,3.0,True
2021-08-02,57,UBER,0.1724924285714285,16.0,2.0,True
2021-08-09,57,UBER,0.4729635,4.0,2.0,True
2021-08-16,57,UBER,-0.6508344444444445,6.0,3.0,True
2021-08-23,57,UBER,-0.945137,1.0,1.0,True
2021-08-30,57,UBER,-0.4633760416666667,10.0,4.0,True
2021-09-06,57,UBER,-0.75700375,3.0,2.0,True
2021-09-13,57,UBER,-0.458935625,13.0,2.0,True
2021-09-20,57,UBER,0.6699061944444444,14.0,4.0,True
2021-10-11,57,UBER,0.4021315,2.0,2.0,True
2021-10-18,57,UBER,-0.080036,1.0,1.0,True
2021-10-25,57,UBER,0.19700125,4.0,4.0,True
2021-11-01,57,UBER,0.0447544999999999,13.0,3.0,True
2021-11-08,57,UBER,0.150073825,17.0,4.0,True
2021-11-15,57,UBER,0.037956,1.0,1.0,True
2021-11-22,57,UBER,-0.7782657777777778,5.0,3.0,True
2021-11-29,57,UBER,-0.862846,1.0,1.0,True
2021-12-06,57,UBER,-0.3914865,2.0,1.0,True
2021-12-13,57,UBER,0.5896873333333333,3.0,1.0,True
2021-12-20,57,UBER,-0.962153,1.0,1.0,True
2022-01-31,57,UBER,0.047033,1.0,1.0,True
2022-02-07,57,UBER,0.1099022857142857,17.0,2.0,True
2022-02-21,57,UBER,-0.8859365,2.0,2.0,True
2022-02-28,57,UBER,0.0619258333333333,5.0,3.0,True
2022-03-07,57,UBER,0.2272869571428571,18.0,4.0,True
2022-03-14,57,UBER,-0.2895397291666667,13.0,4.0,True
2022-03-21,57,UBER,0.4957593555555555,9.0,3.0,True
2022-03-28,57,UBER,0.4713723333333333,4.0,3.0,True
2022-04-04,57,UBER,0.059731,1.0,1.0,True
2022-04-11,57,UBER,-0.958849,2.0,2.0,True
2022-04-18,57,UBER,-0.3407471666666666,4.0,3.0,True
2022-04-25,57,UBER,-0.983737,2.0,1.0,True
2022-05-02,57,UBER,-0.690611,1.0,1.0,True
2022-05-09,57,UBER,0.135548,3.0,2.0,True
2022-05-16,57,UBER,0.5877373333333333,5.0,2.0,True
2022-05-23,57,UBER,-0.23428,6.0,4.0,True
2022-05-30,57,UBER,-0.1123485,2.0,2.0,True
2022-06-06,57,UBER,-0.2269685833333333,9.0,4.0,True
2022-06-13,57,UBER,-0.98208,1.0,1.0,True
2022-06-20,57,UBER,0.05033025,4.0,2.0,True
2022-06-27,57,UBER,-0.0909499166666666,8.0,4.0,True
2022-07-04,57,UBER,-0.1786196666666666,4.0,2.0,True
2022-07-11,57,UBER,-0.92636395,8.0,4.0,True
2022-07-18,57,UBER,-0.6118360625000001,9.0,4.0,True
2022-07-25,57,UBER,-0.3049102666666667,7.0,3.0,True
2022-08-01,57,UBER,0.1323958333333333,27.0,2.0,True
2022-08-08,57,UBER,-0.364842,2.0,2.0,True
2022-08-22,57,UBER,-0.0746594999999999,2.0,2.0,True
2022-09-05,57,UBER,-0.0143835555555555,5.0,3.0,True
2022-09-12,57,UBER,-0.5311175636363636,18.0,5.0,True
2022-09-26,57,UBER,-0.956255,1.0,1.0,True
2022-10-03,57,UBER,-0.427377125,5.0,2.0,True
2022-10-10,57,UBER,-0.538917,2.0,2.0,True
2022-10-17,57,UBER,0.5345584999999999,2.0,2.0,True
2022-10-24,57,UBER,-0.3777103333333333,3.0,3.0,True
2022-10-31,57,UBER,-0.2205608428571428,20.0,5.0,True
2022-11-07,57,UBER,-0.547257,1.0,1.0,True
2022-11-14,57,UBER,0.268717,1.0,1.0,True
2022-12-05,57,UBER,0.1536988333333333,6.0,4.0,True
2022-12-12,57,UBER,-0.305563,6.0,4.0,True
2022-12-19,57,UBER,-0.56094125,4.0,1.0,True
2023-01-02,57,UBER,-0.66719625,4.0,2.0,True
2023-01-09,57,UBER,-0.730172,1.0,1.0,True
2023-01-16,57,UBER,0.4838519999999999,2.0,2.0,True
2023-01-23,57,UBER,-0.147443,4.0,3.0,True
2023-01-30,57,UBER,-0.02097825,3.0,2.0,True
2023-02-06,57,UBER,0.0329964444444444,11.0,3.0,True
2023-02-13,57,UBER,-0.6097635,2.0,2.0,True
2023-02-20,57,UBER,0.19211875,3.0,2.0,True
2023-03-06,57,UBER,0.517186,1.0,1.0,True
2023-03-13,57,UBER,-0.0750454,9.0,4.0,True
2023-03-27,57,UBER,0.1339916666666666,3.0,3.0,True
2023-04-03,57,UBER,-0.983154,1.0,1.0,True
2023-04-10,57,UBER,0.6121714444444445,5.0,3.0,True
2023-04-17,57,UBER,-0.65724425,4.0,1.0,True
2023-04-24,57,UBER,0.718376,1.0,1.0,True
2023-05-01,57,UBER,-0.2371620833333333,11.0,3.0,True
2023-05-08,57,UBER,-0.4120879999999999,2.0,2.0,True
2023-05-22,57,UBER,-0.4101844166666666,9.0,2.0,True
2023-05-29,57,UBER,0.359441,1.0,1.0,True
2023-06-05,57,UBER,0.6546089999999999,5.0,3.0,True
2023-06-12,57,UBER,0.563983,2.0,2.0,True
2023-06-19,57,UBER,-0.279518,3.0,2.0,True
2023-07-03,57,UBER,-0.0566634999999999,2.0,2.0,True
2023-07-10,57,UBER,0.1697068333333333,6.0,3.0,True
2023-07-17,57,UBER,-0.6389341666666666,4.0,2.0,True
2023-07-24,57,UBER,-0.5245063333333334,3.0,3.0,True
2023-07-31,57,UBER,-0.0932828214285714,25.0,4.0,True
2023-08-07,57,UBER,-0.0746325,2.0,2.0,True
2023-08-14,57,UBER,-0.1428045,2.0,2.0,True
2023-08-21,57,UBER,-0.364038,6.0,4.0,True
2023-08-28,57,UBER,-0.651586,1.0,1.0,True
2023-09-04,57,UBER,0.916512,2.0,1.0,True
2023-09-25,57,UBER,0.4894008666666667,7.0,3.0,True
2023-10-02,57,UBER,-0.971527,1.0,1.0,True
2023-10-16,57,UBER,-0.219539,1.0,1.0,True
2023-10-23,57,UBER,0.5514436666666667,3.0,1.0,True
2023-10-30,57,UBER,-0.7713489473684211,19.0,1.0,True
2023-11-06,57,UBER,0.39983725,11.0,3.0,True
2023-11-20,57,UBER,0.7540485,3.0,2.0,True
2023-11-27,57,UBER,-0.897128,1.0,1.0,True
2023-12-04,57,UBER,-0.525704,1.0,1.0,True
2023-12-11,57,UBER,0.542932,2.0,2.0,True
2023-12-18,57,UBER,-0.225516,1.0,1.0,True
2023-12-25,57,UBER,0.446459,1.0,1.0,True
2024-01-08,57,UBER,0.061337,1.0,1.0,True
2024-01-15,57,UBER,-0.4400734375,10.0,2.0,True
2024-02-05,57,UBER,0.1897176666666666,12.0,3.0,True
2024-02-12,57,UBER,0.43954925,5.0,2.0,True
2024-02-26,57,UBER,0.3818855,2.0,2.0,True
2024-03-04,57,UBER,0.283653,1.0,1.0,True
2024-03-11,57,UBER,-0.0834816666666666,9.0,3.0,True
2024-03-18,57,UBER,-0.1154643333333333,5.0,2.0,True
2024-04-08,57,UBER,-0.4100915,3.0,2.0,True
2024-04-29,57,UBER,-0.930138875,5.0,2.0,True
2024-05-06,57,UBER,-0.2890875520833333,16.0,4.0,True
2024-05-13,57,UBER,0.3988652,6.0,2.0,True
2024-05-20,57,UBER,0.2113303333333333,4.0,2.0,True
2024-05-27,57,UBER,-0.979306,1.0,1.0,True
2024-06-03,57,UBER,0.947773,1.0,1.0,True
2024-06-10,57,UBER,-0.6210125,4.0,2.0,True
2024-06-24,57,UBER,0.2946125555555556,7.0,3.0,True
2024-07-08,57,UBER,0.111719,1.0,1.0,True
2024-07-15,57,UBER,-0.875181,1.0,1.0,True
2024-07-22,57,UBER,0.4105216666666666,4.0,3.0,True
2024-07-29,57,UBER,0.771136,3.0,2.0,True
2024-08-05,57,UBER,0.4238555,8.0,2.0,True
2024-08-19,57,UBER,0.48203025,3.0,2.0,True
2024-08-26,57,UBER,-0.599692,11.0,2.0,True
2024-09-09,57,UBER,-0.3946065,2.0,2.0,True
2024-09-16,57,UBER,0.2288098333333333,4.0,2.0,True
2024-09-30,57,UBER,-0.347814111111111,5.0,3.0,True
2024-10-07,57,UBER,0.148983,2.0,2.0,True
2024-10-14,57,UBER,0.3488159999999999,3.0,1.0,True
2024-10-28,57,UBER,0.255308,6.0,2.0,True
2024-11-04,57,UBER,0.2835455,5.0,2.0,True
2024-11-18,57,UBER,0.816779,1.0,1.0,True
2024-11-25,57,UBER,-0.886631,2.0,1.0,True
2024-12-09,57,UBER,-0.333499,1.0,1.0,True
2024-12-23,57,UBER,-0.8593854999999999,2.0,2.0,True
2024-12-30,57,UBER,-0.6319885000000001,3.0,2.0,True
2025-01-06,57,UBER,-0.4077985,3.0,2.0,True
2025-01-20,57,UBER,-0.4946,1.0,1.0,True
2025-01-27,57,UBER,-0.90681375,3.0,2.0,True
2025-02-03,57,UBER,-0.1913293888888888,13.0,3.0,True
2025-02-10,57,UBER,-0.2347886666666666,3.0,3.0,True
2025-02-17,57,UBER,-0.73472825,3.0,2.0,True
2025-02-24,57,UBER,0.828735,1.0,1.0,True
2025-03-03,57,UBER,0.6676166666666666,4.0,2.0,True
2025-03-10,57,UBER,-0.768493,4.0,2.0,True
2025-03-17,57,UBER,-0.153719,2.0,1.0,True
2025-03-24,57,UBER,0.0751385,2.0,2.0,True
2025-04-14,57,UBER,0.142485,1.0,1.0,True
2025-04-21,57,UBER,-0.5126625600000001,24.0,5.0,True
2025-04-28,57,UBER,-0.032567,3.0,2.0,True
2025-05-05,57,UBER,0.0701268999999999,10.0,4.0,True
2025-05-12,57,UBER,0.305737,6.0,4.0,True
2025-05-19,57,UBER,0.2431977499999999,3.0,2.0,True
2025-05-26,57,UBER,-0.664515,1.0,1.0,True
2025-06-02,57,UBER,0.6279755,2.0,2.0,True
2025-06-09,57,UBER,-0.986937,1.0,1.0,True
2025-06-16,57,UBER,-0.5508595,4.0,4.0,True
2025-06-23,57,UBER,0.228706,5.0,3.0,True
2025-06-30,57,UBER,-0.955152,1.0,1.0,True
2025-07-14,57,UBER,0.4518645,6.0,2.0,True
2025-07-21,57,UBER,0.2789709999999999,2.0,2.0,True
2025-07-28,57,UBER,-0.940224,1.0,1.0,True
2025-08-04,57,UBER,0.4533671333333333,7.0,3.0,True
2025-08-25,57,UBER,0.2803794166666666,6.0,3.0,True
2025-09-08,57,UBER,-0.9173485,2.0,1.0,True
2025-09-15,57,UBER,-0.939497,1.0,1.0,True
2025-09-29,57,UBER,0.1131609583333333,7.0,4.0,True
2025-10-06,57,UBER,0.838724,1.0,1.0,True
2025-10-13,57,UBER,0.242106,2.0,1.0,True
2025-10-20,57,UBER,0.267624,1.0,1.0,True
2025-10-27,57,UBER,0.60431,2.0,1.0,True
2025-11-03,57,UBER,-0.4144275,4.0,1.0,True
2015-01-05,14,V,-0.2350386666666666,3.0,3.0,True
2015-01-12,14,V,0.1567683333333333,3.0,3.0,True
2015-01-26,14,V,0.0569497249999999,29.0,4.0,True
2015-02-02,14,V,-0.2539001999999999,8.0,4.0,True
2015-02-09,14,V,0.37672285,10.0,3.0,True
2015-02-16,14,V,-0.2367566527777777,15.0,4.0,True
2015-02-23,14,V,0.4834954999999999,5.0,4.0,True
2015-03-02,14,V,0.0015537041666666,23.0,4.0,True
2015-03-09,14,V,-0.0930335,4.0,2.0,True
2015-03-16,14,V,0.1241794166666666,8.0,2.0,True
2015-03-23,14,V,-0.2487736666666666,5.0,3.0,True
2015-03-30,14,V,-0.2256668333333333,8.0,3.0,True
2015-04-13,14,V,-0.2632211666666667,6.0,3.0,True
2015-04-20,14,V,-0.0898364999999999,8.0,3.0,True
2015-04-27,14,V,0.2883604642857143,17.0,6.0,True
2015-05-04,14,V,0.1070973472222222,13.0,4.0,True
2015-05-11,14,V,0.0162043888888889,6.0,3.0,True
2015-05-18,14,V,-0.3787975,2.0,2.0,True
2015-05-25,14,V,-0.0307942854166666,22.0,4.0,True
2015-06-01,14,V,0.0055171249999999,10.0,4.0,True
2015-06-08,14,V,-0.1134239444444444,10.0,6.0,True
2015-06-15,14,V,-0.4490268333333333,4.0,3.0,True
2015-06-22,14,V,-0.5212856666666666,5.0,3.0,True
2015-06-29,14,V,-0.462826725,14.0,2.0,True
2015-07-06,14,V,-0.4656600625,7.0,4.0,True
2015-07-13,14,V,0.1424045,3.0,2.0,True
2015-07-20,14,V,-0.0722958142857142,19.0,5.0,True
2015-07-27,14,V,-0.1574144821428571,17.0,4.0,True
2015-08-03,14,V,-0.1042973,9.0,4.0,True
2015-08-10,14,V,-0.1203613333333333,4.0,3.0,True
2015-08-17,14,V,-0.2266164833333333,27.0,3.0,True
2015-08-24,14,V,0.067097,2.0,2.0,True
2015-08-31,14,V,-0.425967,4.0,3.0,True
2015-09-07,14,V,0.0431486666666666,9.0,3.0,True
2015-09-14,14,V,-0.3994800999999999,14.0,5.0,True
2015-09-21,14,V,0.1051795,2.0,1.0,True
2015-09-28,14,V,-0.0716503833333333,12.0,6.0,True
2015-10-05,14,V,0.0399807499999999,6.0,4.0,True
2015-10-12,14,V,0.189918875,5.0,4.0,True
2015-10-19,14,V,0.14282,3.0,3.0,True
2015-10-26,14,V,0.190306,9.0,5.0,True
2015-11-02,14,V,0.2363098289473684,43.0,2.0,True
2015-11-09,14,V,0.1405811666666666,7.0,4.0,True
2015-11-16,14,V,-0.0614529799999999,14.0,5.0,True
2015-11-23,14,V,-0.0286578611111111,9.0,6.0,True
2015-11-30,14,V,-0.19265861,18.0,5.0,True
2015-12-07,14,V,-0.1939205,2.0,2.0,True
2015-12-14,14,V,-0.0122225944444444,25.0,6.0,True
2015-12-21,14,V,-0.1481690624999999,9.0,4.0,True
2015-12-28,14,V,-0.0464681,10.0,5.0,True
2016-01-04,14,V,-0.6059717250000001,11.0,4.0,True
2016-01-11,14,V,-0.1286025499999999,8.0,4.0,True
2016-01-18,14,V,-0.5713018750000001,10.0,4.0,True
2016-01-25,14,V,0.1289454464285714,12.0,4.0,True
2016-02-01,14,V,0.2027197,7.0,5.0,True
2016-02-08,14,V,-0.1936429048913043,29.0,4.0,True
2016-02-22,14,V,0.2345101666666667,6.0,3.0,True
2016-02-29,14,V,-0.0390912,6.0,5.0,True
2016-03-07,14,V,-0.1091435,8.0,3.0,True
2016-03-14,14,V,0.0008751111111111,5.0,3.0,True
2016-03-21,14,V,-0.1338047142857142,9.0,2.0,True
2016-03-28,14,V,-0.0734669999999999,2.0,2.0,True
2016-04-04,14,V,-0.643191,1.0,1.0,True
2016-04-11,14,V,0.0761945833333333,6.0,3.0,True
2016-04-18,14,V,0.0445823333333333,25.0,3.0,True
2016-04-25,14,V,0.44326475,8.0,4.0,True
2016-05-02,14,V,-0.35757625,9.0,5.0,True
2016-05-09,14,V,-0.183829,12.0,6.0,True
2016-05-16,14,V,0.05046175,6.0,4.0,True
2016-05-23,14,V,0.0568264583333333,8.0,4.0,True
2016-05-30,14,V,-0.1276724583333333,9.0,4.0,True
2016-06-06,14,V,-0.20163275,4.0,4.0,True
2016-06-13,14,V,-0.2720609066666666,13.0,5.0,True
2016-06-20,14,V,0.0572446633333333,19.0,5.0,True
2016-06-27,14,V,-0.4825333673469388,24.0,7.0,True
2016-07-04,14,V,-0.579209,1.0,1.0,True
2016-07-11,14,V,-0.0794628888888889,6.0,3.0,True
2016-07-18,14,V,0.0423344142857143,22.0,4.0,True
2016-07-25,14,V,-0.110744125,7.0,2.0,True
2016-08-01,14,V,-0.0070714999999999,15.0,5.0,True
2016-08-08,14,V,0.0674144999999999,4.0,4.0,True
2016-08-15,14,V,-0.17404325,4.0,4.0,True
2016-08-22,14,V,0.0267962777777777,6.0,3.0,True
2016-08-29,14,V,0.1451655,2.0,2.0,True
2016-09-05,14,V,-0.6326543333333334,4.0,2.0,True
2016-09-12,14,V,0.2044600125,14.0,4.0,True
2016-09-19,14,V,0.12157575,3.0,2.0,True
2016-09-26,14,V,0.0082393333333333,5.0,3.0,True
2016-10-03,14,V,-0.3554258749999999,8.0,4.0,True
2016-10-10,14,V,-0.1705435,2.0,2.0,True
2016-10-17,14,V,0.1285100333333333,14.0,5.0,True
2016-10-24,14,V,0.2411391166666666,10.0,4.0,True
2016-10-31,14,V,-0.2781656,7.0,5.0,True
2016-11-07,14,V,0.068905,2.0,1.0,True
2016-11-14,14,V,-0.4277979999999999,3.0,3.0,True
2016-11-21,14,V,-0.2120350833333333,11.0,6.0,True
2016-11-28,14,V,0.1051926666666666,3.0,3.0,True
2016-12-05,14,V,0.3167164999999999,2.0,2.0,True
2016-12-12,14,V,-0.18477025,3.0,2.0,True
2016-12-26,14,V,-0.933922,1.0,1.0,True
2017-01-02,14,V,-0.41261,7.0,4.0,True
2017-01-09,14,V,-0.1303908333333333,8.0,3.0,True
2017-01-16,14,V,-0.308939,1.0,1.0,True
2017-01-23,14,V,-0.3012643888888889,15.0,6.0,True
2017-01-30,14,V,-0.1777346930839002,85.0,7.0,True
2017-02-06,14,V,-0.128258938095238,29.0,5.0,True
2017-02-13,14,V,-0.156186375,10.0,4.0,True
2017-02-20,14,V,-0.5232454000000001,10.0,5.0,True
2017-02-27,14,V,-0.0826592833333333,11.0,2.0,True
2017-03-06,14,V,0.0254864686147186,24.0,6.0,True
2017-03-13,14,V,-0.3236449940476191,28.0,7.0,True
2017-03-20,14,V,-0.313047375,6.0,4.0,True
2017-03-27,14,V,-0.2899839404761904,22.0,7.0,True
2017-04-03,14,V,0.0276572083333333,7.0,4.0,True
2017-04-10,14,V,-0.0954728,6.0,5.0,True
2017-04-17,14,V,-0.0695641166666666,16.0,4.0,True
2017-04-24,14,V,-0.1866425,4.0,3.0,True
2017-05-01,14,V,0.0534228809523809,12.0,7.0,True
2017-05-08,14,V,-0.1977038333333333,6.0,2.0,True
2017-05-15,14,V,0.096857,3.0,3.0,True
2017-05-22,14,V,-0.4162273901515151,25.0,6.0,True
2017-05-29,14,V,0.0391597507936508,21.0,5.0,True
2017-06-05,14,V,0.1969665555555555,5.0,3.0,True
2017-06-12,14,V,-0.1668428055555555,23.0,4.0,True
2017-06-19,14,V,0.1831855,2.0,1.0,True
2017-06-26,14,V,-0.0285656034482758,39.0,5.0,True
2017-07-03,14,V,-0.14791694,11.0,5.0,True
2017-07-10,14,V,0.1305247129629629,20.0,6.0,True
2017-07-17,14,V,0.2337637361111111,25.0,5.0,True
2017-07-24,14,V,-0.1371802,8.0,5.0,True
2017-07-31,14,V,-0.2689668333333333,9.0,6.0,True
2017-08-07,14,V,0.0171220833333333,6.0,4.0,True
2017-08-14,14,V,-0.1584809166666666,7.0,3.0,True
2017-08-21,14,V,-0.25976265,9.0,5.0,True
2017-08-28,14,V,-0.1455489583333333,7.0,4.0,True
2017-09-04,14,V,-0.213802375,5.0,4.0,True
2017-09-11,14,V,-0.2007878333333333,4.0,3.0,True
2017-09-18,14,V,-0.21433445,9.0,4.0,True
2017-09-25,14,V,-0.29728,2.0,2.0,True
2017-10-02,14,V,-0.27075325,6.0,4.0,True
2017-10-09,14,V,-0.104315,1.0,1.0,True
2017-10-16,14,V,-0.1358707222222222,9.0,3.0,True
2017-10-23,14,V,0.1974896873638344,28.0,3.0,True
2017-10-30,14,V,-0.1272712222222222,21.0,3.0,True
2017-11-06,14,V,-0.1894303333333333,3.0,3.0,True
2017-11-13,14,V,-0.4131336666666667,4.0,2.0,True
2017-11-20,14,V,0.4348856666666666,3.0,3.0,True
2017-11-27,14,V,-0.32926475,4.0,2.0,True
2017-12-04,14,V,-0.0570732333333333,20.0,5.0,True
2017-12-11,14,V,-0.25032525,4.0,4.0,True
2017-12-18,14,V,-0.1354978333333333,4.0,2.0,True
2017-12-25,14,V,-0.92417,1.0,1.0,True
2018-01-01,14,V,-0.331583611111111,14.0,6.0,True
2018-01-08,14,V,0.2188292866666667,12.0,5.0,True
2018-01-15,14,V,0.0067957384259259,63.0,6.0,True
2018-01-22,14,V,-0.1665708083333333,16.0,5.0,True
2018-01-29,14,V,0.0253991666666666,23.0,5.0,True
2018-02-05,14,V,0.1128180999999999,9.0,3.0,True
2018-02-12,14,V,-0.2987522204081632,20.0,7.0,True
2018-02-19,14,V,-0.21293895,13.0,5.0,True
2018-02-26,14,V,0.2241708333333333,6.0,4.0,True
2018-03-05,14,V,-0.3134415,2.0,2.0,True
2018-03-12,14,V,0.176444,1.0,1.0,True
2018-03-19,14,V,0.1260893174603174,11.0,3.0,True
2018-03-26,14,V,-0.3120635833333333,6.0,3.0,True
2018-04-02,14,V,-0.0585479999999999,2.0,2.0,True
2018-04-09,14,V,-0.874561,1.0,1.0,True
2018-04-16,14,V,-0.515729,4.0,2.0,True
2018-04-23,14,V,0.1342471999999999,9.0,5.0,True
2018-04-30,14,V,0.2227235,4.0,3.0,True
2018-05-07,14,V,-0.2138655,3.0,2.0,True
2018-05-14,14,V,-0.3566745,2.0,2.0,True
2018-05-21,14,V,-0.0601926666666666,5.0,3.0,True
2018-05-28,14,V,-0.289184125,14.0,4.0,True
2018-06-04,14,V,0.0695431111111111,6.0,3.0,True
2018-06-11,14,V,-0.0525622916666666,7.0,4.0,True
2018-06-18,14,V,0.0386081,7.0,5.0,True
2018-06-25,14,V,0.0166395191025641,38.0,5.0,True
2018-07-02,14,V,-0.2455006666666666,7.0,6.0,True
2018-07-09,14,V,-0.0599676875,7.0,4.0,True
2018-07-16,14,V,-0.735379,2.0,2.0,True
2018-07-23,14,V,-0.1671376145833333,18.0,4.0,True
2018-07-30,14,V,-0.186325575,10.0,4.0,True
2018-08-06,14,V,0.0364165,3.0,2.0,True
2018-08-13,14,V,0.1784348888888889,9.0,3.0,True
2018-08-20,14,V,-0.1924881666666666,5.0,3.0,True
2018-08-27,14,V,0.034329,1.0,1.0,True
2018-09-10,14,V,-0.06051,2.0,2.0,True
2018-09-17,14,V,0.0784764999999999,2.0,2.0,True
2018-09-24,14,V,0.2660119999999999,3.0,2.0,True
2018-10-01,14,V,-0.0711344999999999,2.0,2.0,True
2018-10-08,14,V,0.1280335,2.0,1.0,True
2018-10-15,14,V,0.383709,3.0,3.0,True
2018-10-22,14,V,0.285018875,11.0,4.0,True
2018-10-29,14,V,-0.0554995,6.0,4.0,True
2018-11-05,14,V,0.529625,1.0,1.0,True
2018-11-12,14,V,-0.284854,3.0,3.0,True
2018-11-19,14,V,-0.112638,3.0,2.0,True
2018-11-26,14,V,-0.1921566666666666,3.0,3.0,True
2018-12-03,14,V,-0.0230676626984126,15.0,6.0,True
2018-12-10,14,V,-0.0971592666666666,8.0,5.0,True
2018-12-17,14,V,-0.0746271666666666,4.0,3.0,True
2018-12-24,14,V,-0.0443295,2.0,2.0,True
2018-12-31,14,V,-0.52784,1.0,1.0,True
2019-01-07,14,V,0.0876795416666666,9.0,4.0,True
2019-01-14,14,V,-0.3981643111111111,19.0,3.0,True
2019-01-21,14,V,0.0322717083333333,12.0,4.0,True
2019-01-28,14,V,0.03662175,10.0,4.0,True
2019-02-04,14,V,0.778771,2.0,2.0,True
2019-02-11,14,V,-0.052851,4.0,3.0,True
2019-02-18,14,V,-0.123816,8.0,5.0,True
2019-02-25,14,V,-0.0016948148148148,12.0,3.0,True
2019-03-04,14,V,0.33491825,3.0,2.0,True
2019-03-11,14,V,-0.2984095,8.0,5.0,True
2019-03-18,14,V,-0.0196946666666666,4.0,3.0,True
2019-03-25,14,V,-0.0222260999999999,7.0,5.0,True
2019-04-01,14,V,-0.236303,6.0,4.0,True
2019-04-08,14,V,-0.4018669,14.0,5.0,True
2019-04-15,14,V,-0.222833125,11.0,4.0,True
2019-04-22,14,V,-0.1692103499999999,14.0,6.0,True
2019-04-29,14,V,-0.0155788166666666,11.0,5.0,True
2019-05-06,14,V,-0.6260676666666667,3.0,3.0,True
2019-05-13,14,V,-0.0264956249999999,5.0,4.0,True
2019-05-20,14,V,-0.3974953333333333,3.0,3.0,True
2019-05-27,14,V,0.4213646666666666,3.0,3.0,True
2019-06-03,14,V,-0.4439484444444444,5.0,3.0,True
2019-06-10,14,V,-0.1167537777777777,7.0,3.0,True
2019-06-17,14,V,0.0630246587301587,23.0,6.0,True
2019-06-24,14,V,-0.1973384666666666,8.0,3.0,True
2019-07-01,14,V,-0.0914236666666666,3.0,1.0,True
2019-07-08,14,V,-0.2417464999999999,2.0,2.0,True
2019-07-15,14,V,0.0555067333333333,9.0,5.0,True
2019-07-22,14,V,0.4855345875,11.0,4.0,True
2019-07-29,14,V,-0.080354,1.0,1.0,True
2019-08-05,14,V,0.0827841333333333,12.0,5.0,True
2019-08-12,14,V,0.375455,2.0,2.0,True
2019-08-19,14,V,-0.226022375,5.0,2.0,True
2019-08-26,14,V,-0.4282344999999999,2.0,2.0,True
2019-09-02,14,V,-0.42518475,3.0,2.0,True
2019-09-09,14,V,-0.268528,3.0,3.0,True
2019-09-16,14,V,-0.3435347499999999,7.0,4.0,True
2019-09-23,14,V,0.0855486666666666,7.0,2.0,True
2019-09-30,14,V,0.0922704833333333,13.0,6.0,True
2019-10-07,14,V,-0.2013846,17.0,5.0,True
2019-10-14,14,V,-0.0321212222222222,10.0,6.0,True
2019-10-21,14,V,-0.1044535583333333,15.0,5.0,True
2019-10-28,14,V,-0.111543,4.0,4.0,True
2019-11-04,14,V,-0.48142825,4.0,4.0,True
2019-11-11,14,V,-0.0197968666666666,8.0,5.0,True
2019-11-18,14,V,0.1757648333333333,6.0,4.0,True
2019-11-25,14,V,-0.0532593333333333,3.0,3.0,True
2019-12-02,14,V,0.11487,1.0,1.0,True
2019-12-09,14,V,-0.2452105,3.0,2.0,True
2019-12-16,14,V,-0.2339382083333333,18.0,6.0,True
2019-12-30,14,V,0.030510625,5.0,4.0,True
2020-01-06,14,V,0.0549136666666666,3.0,3.0,True
2020-01-13,14,V,-0.0630095090909091,25.0,5.0,True
2020-01-20,14,V,-0.1716291333333333,7.0,5.0,True
2020-01-27,14,V,-0.1221194357142857,19.0,7.0,True
2020-02-03,14,V,-0.3811817999999999,6.0,5.0,True
2020-02-10,14,V,-0.0511665249999999,17.0,4.0,True
2020-02-17,14,V,0.06431215,10.0,4.0,True
2020-02-24,14,V,-0.1938369999999999,7.0,5.0,True
2020-03-02,14,V,-0.0260511666666666,10.0,6.0,True
2020-03-09,14,V,0.0398948,5.0,5.0,True
2020-03-16,14,V,0.0106070666666666,10.0,5.0,True
2020-03-23,14,V,0.13662675,5.0,2.0,True
2020-03-30,14,V,-0.3472321833333333,10.0,5.0,True
2020-04-06,14,V,-0.034395,4.0,4.0,True
2020-04-13,14,V,-0.2119358125,10.0,2.0,True
2020-04-20,14,V,0.335955,4.0,2.0,True
2020-04-27,14,V,-0.0630870571428571,12.0,5.0,True
2020-05-04,14,V,0.11725175,7.0,4.0,True
2020-05-11,14,V,0.6644066666666667,4.0,3.0,True
2020-05-18,14,V,0.2744815,4.0,2.0,True
2020-05-25,14,V,0.0227144166666666,8.0,3.0,True
2020-06-01,14,V,0.1544774,6.0,5.0,True
2020-06-08,14,V,-0.1725014166666667,8.0,6.0,True
2020-06-15,14,V,-0.0782027333333333,8.0,5.0,True
2020-06-22,14,V,0.067241309090909,18.0,5.0,True
2020-06-29,14,V,0.0273151666666666,5.0,3.0,True
2020-07-06,14,V,-0.1787772,10.0,5.0,True
2020-07-13,14,V,0.39237425,5.0,4.0,True
2020-07-20,14,V,-0.231728,2.0,1.0,True
2020-07-27,14,V,-0.916839,1.0,1.0,True
2020-08-03,14,V,-0.8818075000000001,2.0,2.0,True
2020-08-10,14,V,0.506344,2.0,2.0,True
2020-08-17,14,V,-0.10625025,3.0,2.0,True
2020-08-24,14,V,-0.1527701875,7.0,4.0,True
2020-08-31,14,V,-0.2461425,2.0,2.0,True
2020-09-07,14,V,-0.148583,2.0,2.0,True
2020-09-14,14,V,0.01472,1.0,1.0,True
2020-09-28,14,V,-0.110106275,10.0,4.0,True
2020-10-05,14,V,0.2921822777777778,7.0,3.0,True
2020-10-12,14,V,0.063803,2.0,2.0,True
2020-10-19,14,V,0.0190085,3.0,2.0,True
2020-10-26,14,V,0.0955282708333333,15.0,4.0,True
2020-11-02,14,V,-0.542920537037037,13.0,3.0,True
2020-11-09,14,V,0.1419923333333333,3.0,3.0,True
2020-11-16,14,V,0.0618792999999999,6.0,5.0,True
2020-11-23,14,V,0.1932743333333333,4.0,2.0,True
2020-11-30,14,V,0.4883754444444444,7.0,3.0,True
2020-12-07,14,V,-0.1032693999999999,10.0,4.0,True
2020-12-14,14,V,-0.5458294047619048,12.0,3.0,True
2020-12-21,14,V,-0.4092692222222222,5.0,3.0,True
2020-12-28,14,V,-0.0288198333333333,4.0,2.0,True
2021-01-04,14,V,0.4377526666666667,3.0,3.0,True
2021-01-11,14,V,-0.44666146875,21.0,4.0,True
2021-01-18,14,V,0.37276125,3.0,2.0,True
2021-01-25,14,V,0.3012943333333333,5.0,3.0,True
2021-02-01,14,V,0.3110086944444444,9.0,3.0,True
2021-02-08,14,V,0.8443365,2.0,2.0,True
2021-02-15,14,V,0.293303,2.0,2.0,True
2021-02-22,14,V,0.0654089333333333,8.0,5.0,True
2021-03-01,14,V,-0.0041821666666666,4.0,3.0,True
2021-03-08,14,V,0.1116589999999999,2.0,2.0,True
2021-03-15,14,V,-0.2476553611111111,13.0,6.0,True
2021-03-22,14,V,-0.207139375,5.0,2.0,True
2021-03-29,14,V,0.2825418125,12.0,4.0,True
2021-04-05,14,V,0.39020375,3.0,2.0,True
2021-04-12,14,V,0.4003238333333334,4.0,3.0,True
2021-04-19,14,V,0.03511,2.0,2.0,True
2021-04-26,14,V,0.1217729821428571,14.0,4.0,True
2021-05-03,14,V,0.3685615,6.0,4.0,True
2021-05-10,14,V,0.084055,4.0,2.0,True
2021-05-17,14,V,-0.0481713333333333,3.0,3.0,True
2021-05-24,14,V,0.869774,1.0,1.0,True
2021-05-31,14,V,0.399083625,6.0,4.0,True
2021-06-07,14,V,0.254543,2.0,2.0,True
2021-06-14,14,V,-0.4349445,3.0,2.0,True
2021-06-21,14,V,0.4386322499999999,10.0,3.0,True
2021-06-28,14,V,-0.0245559999999999,7.0,4.0,True
2021-07-05,14,V,0.0366598666666666,9.0,5.0,True
2021-07-12,14,V,-0.2250029999999999,7.0,5.0,True
2021-07-19,14,V,-0.0781979333333332,9.0,5.0,True
2021-07-26,14,V,0.2307869722222222,15.0,6.0,True
2021-08-02,14,V,0.023275,2.0,1.0,True
2021-08-09,14,V,-0.24227125,9.0,5.0,True
2021-08-16,14,V,-0.130488,7.0,5.0,True
2021-08-23,14,V,0.1796541666666666,9.0,5.0,True
2021-08-30,14,V,-0.1133620666666666,12.0,5.0,True
2021-09-06,14,V,-0.57942375,4.0,1.0,True
2021-09-13,14,V,0.1543675,2.0,1.0,True
2021-09-20,14,V,-0.1038699999999999,5.0,4.0,True
2021-09-27,14,V,0.1876361999999999,6.0,5.0,True
2021-10-04,14,V,0.1456684999999999,2.0,2.0,True
2021-10-11,14,V,0.255472,4.0,2.0,True
2021-10-18,14,V,-0.5405998888888889,5.0,3.0,True
2021-10-25,14,V,0.4993270666666666,10.0,3.0,True
2021-11-01,14,V,-0.27559,3.0,3.0,True
2021-11-08,14,V,0.0808545,2.0,2.0,True
2021-11-15,14,V,-0.5011918148148148,12.0,3.0,True
2021-11-29,14,V,-0.29970375,3.0,2.0,True
2021-12-06,14,V,-0.241048,2.0,1.0,True
2021-12-13,14,V,0.2596403333333333,6.0,3.0,True
2021-12-20,14,V,0.6774055,2.0,2.0,True
2022-01-03,14,V,-0.1457648,6.0,5.0,True
2022-01-10,14,V,0.0798005965608465,23.0,6.0,True
2022-01-17,14,V,-0.3016985937499999,13.0,4.0,True
2022-01-24,14,V,0.1474115,8.0,4.0,True
2022-01-31,14,V,-0.2092163333333333,4.0,3.0,True
2022-02-07,14,V,-0.219395,1.0,1.0,True
2022-02-14,14,V,-0.0438567037037037,11.0,3.0,True
2022-02-21,14,V,-0.2842325,10.0,4.0,True
2022-02-28,14,V,-0.3017758285714286,38.0,5.0,True
2022-03-07,14,V,-0.29229028,12.0,5.0,True
2022-03-14,14,V,0.1070416666666666,3.0,3.0,True
2022-03-21,14,V,-0.140117,5.0,4.0,True
2022-03-28,14,V,0.1462231666666666,4.0,3.0,True
2022-04-04,14,V,0.065894,4.0,2.0,True
2022-04-11,14,V,-0.6136725000000001,2.0,2.0,True
2022-04-18,14,V,-0.3556148333333333,6.0,3.0,True
2022-04-25,14,V,0.4899634722222223,9.0,3.0,True
2022-05-02,14,V,-0.0656986666666666,3.0,1.0,True
2022-05-09,14,V,-0.1958873333333333,4.0,3.0,True
2022-05-16,14,V,-0.03644345,11.0,4.0,True
2022-05-23,14,V,-0.3110643333333333,3.0,1.0,True
2022-05-30,14,V,0.8875925,2.0,2.0,True
2022-06-06,14,V,-0.395484375,5.0,4.0,True
2022-06-20,14,V,-0.50015675,6.0,4.0,True
2022-06-27,14,V,-0.360011,1.0,1.0,True
2022-07-04,14,V,0.534692,1.0,1.0,True
2022-07-11,14,V,-0.23309525,3.0,2.0,True
2022-07-18,14,V,0.2186345,2.0,2.0,True
2022-07-25,14,V,0.1531495,8.0,5.0,True
2022-08-01,14,V,-0.5703872999999999,15.0,5.0,True
2022-08-08,14,V,-0.40446325,4.0,4.0,True
2022-08-15,14,V,0.6081145,2.0,2.0,True
2022-08-22,14,V,0.0255964999999999,2.0,1.0,True
2022-09-05,14,V,0.357695,1.0,1.0,True
2022-09-19,14,V,0.1268466,5.0,5.0,True
2022-09-26,14,V,-0.3779957,6.0,2.0,True
2022-10-03,14,V,0.2066289444444444,8.0,3.0,True
2022-10-10,14,V,0.1783343333333333,3.0,3.0,True
2022-10-17,14,V,0.0444772499999999,6.0,4.0,True
2022-10-24,14,V,0.5424418333333333,6.0,3.0,True
2022-10-31,14,V,-0.0964425,2.0,2.0,True
2022-11-07,14,V,-0.2899896666666666,3.0,3.0,True
2022-11-14,14,V,-0.0944871388888888,14.0,4.0,True
2022-11-21,14,V,0.111068,1.0,1.0,True
2022-11-28,14,V,-0.5180395,2.0,2.0,True
2022-12-05,14,V,0.16382725,6.0,2.0,True
2022-12-12,14,V,-0.138752375,5.0,4.0,True
2022-12-19,14,V,0.36751325,4.0,4.0,True
2023-01-02,14,V,0.1007029999999999,4.0,4.0,True
2023-01-09,14,V,-0.3368576666666666,3.0,3.0,True
2023-01-16,14,V,-0.02248,3.0,2.0,True
2023-01-23,14,V,0.3588943888888889,6.0,3.0,True
2023-01-30,14,V,-0.658397,1.0,1.0,True
2023-02-06,14,V,0.284563375,5.0,4.0,True
2023-02-13,14,V,-0.3253375,2.0,2.0,True
2023-02-20,14,V,0.0369327499999999,3.0,2.0,True
2023-02-27,14,V,-0.0005400416666666,8.0,4.0,True
2023-03-06,14,V,-0.056560375,5.0,4.0,True
2023-03-13,14,V,0.033399,2.0,2.0,True
2023-03-20,14,V,0.1457105,2.0,2.0,True
2023-03-27,14,V,-0.16643475,3.0,2.0,True
2023-04-03,14,V,0.014306,1.0,1.0,True
2023-04-10,14,V,0.5453637499999999,3.0,2.0,True
2023-04-17,14,V,0.137116,2.0,2.0,True
2023-04-24,14,V,0.2781409444444445,6.0,3.0,True
2023-05-01,14,V,-0.468005,1.0,1.0,True
2023-05-08,14,V,-0.276061,1.0,1.0,True
2023-05-22,14,V,-0.4918234999999999,3.0,2.0,True
2023-05-29,14,V,0.1808416,5.0,5.0,True
2023-06-05,14,V,-0.0732416,6.0,2.0,True
2023-06-12,14,V,0.2571586666666666,3.0,3.0,True
2023-06-19,14,V,0.1202521666666666,4.0,3.0,True
2023-06-26,14,V,0.1973953333333333,5.0,3.0,True
2023-07-03,14,V,0.4589135,2.0,2.0,True
2023-07-10,14,V,-0.0772419999999999,3.0,3.0,True
2023-07-17,14,V,0.0203202499999999,3.0,2.0,True
2023-07-24,14,V,0.04056925,16.0,4.0,True
2023-07-31,14,V,0.132815,3.0,3.0,True
2023-08-07,14,V,-0.1389221666666666,4.0,3.0,True
2023-08-14,14,V,0.0537284999999999,6.0,4.0,True
2023-08-21,14,V,-0.3354501249999999,5.0,4.0,True
2023-08-28,14,V,-0.4788493333333334,3.0,3.0,True
2023-09-04,14,V,0.0748546,5.0,1.0,True
2023-09-11,14,V,0.5519525,2.0,1.0,True
2023-09-18,14,V,0.277116,1.0,1.0,True
2023-09-25,14,V,-0.0701635,3.0,2.0,True
2023-10-02,14,V,0.5016415,2.0,1.0,True
2023-10-09,14,V,0.3101975,3.0,2.0,True
2023-10-16,14,V,-0.1323276666666666,3.0,3.0,True
2023-10-23,14,V,0.328705125,5.0,2.0,True
2023-10-30,14,V,0.694741,1.0,1.0,True
2023-11-13,14,V,-0.0535509999999999,2.0,2.0,True
2023-11-20,14,V,0.4693915,2.0,2.0,True
2023-11-27,14,V,0.2717155,4.0,4.0,True
2023-12-04,14,V,-0.2733976666666666,3.0,3.0,True
2023-12-11,14,V,0.216861,3.0,2.0,True
2023-12-25,14,V,0.0335766666666666,3.0,3.0,True
2024-01-01,14,V,-0.900346,1.0,1.0,True
2024-01-08,14,V,0.0809424166666666,6.0,3.0,True
2024-01-15,14,V,0.2232724999999999,2.0,2.0,True
2024-01-22,14,V,-0.314033625,5.0,4.0,True
2024-01-29,14,V,-0.2294338333333333,5.0,2.0,True
2024-02-05,14,V,-0.3740465,2.0,2.0,True
2024-02-19,14,V,-0.1828276666666667,3.0,1.0,True
2024-02-26,14,V,-0.027049,3.0,3.0,True
2024-03-04,14,V,0.2479446666666666,3.0,3.0,True
2024-03-11,14,V,-0.4365295,2.0,2.0,True
2024-03-25,14,V,0.1408341041666666,20.0,4.0,True
2024-04-01,14,V,-0.1113731666666666,4.0,3.0,True
2024-04-08,14,V,0.059,2.0,1.0,True
2024-04-15,14,V,-0.778062,1.0,1.0,True
2024-04-22,14,V,0.1154545,3.0,2.0,True
2024-04-29,14,V,-0.449189,2.0,1.0,True
2024-05-06,14,V,0.523347,1.0,1.0,True
2024-05-13,14,V,0.5632085,4.0,2.0,True
2024-05-20,14,V,0.08277875,3.0,2.0,True
2024-05-27,14,V,-0.2098864166666666,6.0,4.0,True
2024-06-03,14,V,0.6513095,2.0,1.0,True
2024-06-10,14,V,-0.79296325,3.0,2.0,True
2024-06-24,14,V,-0.6689115333333333,8.0,2.0,True
2024-07-01,14,V,-0.821524,1.0,1.0,True
2024-07-08,14,V,0.366779,2.0,1.0,True
2024-07-22,14,V,-0.2994384583333333,10.0,4.0,True
2024-07-29,14,V,-0.0004639999999999,1.0,1.0,True
2024-08-19,14,V,-0.672821,1.0,1.0,True
2024-08-26,14,V,-0.174619,3.0,2.0,True
2024-09-02,14,V,-0.057539,1.0,1.0,True
2024-09-09,14,V,-0.6208265,2.0,2.0,True
2024-09-16,14,V,-0.1077679999999999,2.0,2.0,True
2024-09-23,14,V,-0.3564850976190476,24.0,5.0,True
2024-09-30,14,V,0.19167975,3.0,2.0,True
2024-10-14,14,V,-0.483333,1.0,1.0,True
2024-10-21,14,V,0.02756,2.0,2.0,True
2024-10-28,14,V,-0.2057638333333333,4.0,3.0,True
2024-11-11,14,V,0.0413075,2.0,2.0,True
2024-11-18,14,V,-0.167801,2.0,2.0,True
2024-11-25,14,V,-0.5566353333333334,3.0,3.0,True
2024-12-02,14,V,-0.0972953333333333,3.0,3.0,True
2024-12-09,14,V,-0.2916805,2.0,2.0,True
2024-12-16,14,V,-0.497228,2.0,2.0,True
2025-01-06,14,V,-0.14944675,3.0,2.0,True
2025-01-13,14,V,-0.0921275,5.0,4.0,True
2025-01-20,14,V,-0.1165563333333333,4.0,2.0,True
2025-01-27,14,V,-0.136630125,5.0,2.0,True
2025-02-17,14,V,-0.1983,1.0,1.0,True
2025-02-24,14,V,-0.0171191666666666,4.0,3.0,True
2025-03-03,14,V,0.2332765,2.0,2.0,True
2025-03-10,14,V,-0.2533114999999999,3.0,2.0,True
2025-03-17,14,V,-0.0996185,2.0,1.0,True
2025-03-24,14,V,-0.314084,1.0,1.0,True
2025-03-31,14,V,-0.48901175,3.0,2.0,True
2025-04-07,14,V,-0.369155,2.0,2.0,True
2025-04-14,14,V,-0.0496579444444444,12.0,6.0,True
2025-04-21,14,V,-0.454116,1.0,1.0,True
2025-04-28,14,V,0.0867416916666666,16.0,5.0,True
2025-05-05,14,V,-0.0438879999999999,4.0,4.0,True
2025-05-12,14,V,0.172976,4.0,3.0,True
2025-05-19,14,V,-0.06040105,10.0,4.0,True
2025-05-26,14,V,-0.22456435,9.0,5.0,True
2025-06-02,14,V,0.0433810833333333,11.0,4.0,True
2025-06-09,14,V,0.6814629999999999,2.0,1.0,True
2025-06-16,14,V,0.182998,2.0,1.0,True
2025-06-23,14,V,-0.7426633333333333,3.0,3.0,True
2025-06-30,14,V,-0.6917445,2.0,2.0,True
2025-07-07,14,V,-0.3711038333333333,10.0,5.0,True
2025-07-14,14,V,-0.5199962499999999,3.0,2.0,True
2025-07-21,14,V,-0.2877998888888889,13.0,6.0,True
2025-07-28,14,V,0.1204996333333333,12.0,5.0,True
2025-08-04,14,V,-0.2662198333333333,4.0,2.0,True
2025-08-11,14,V,0.3663913333333333,5.0,3.0,True
2025-08-18,14,V,-0.3896485138888889,12.0,6.0,True
2025-08-25,14,V,-0.15821575,3.0,2.0,True
2025-09-01,14,V,-0.4578846666666666,7.0,3.0,True
2025-09-08,14,V,-0.148981875,10.0,4.0,True
2025-09-15,14,V,-0.2274754999999999,10.0,4.0,True
2025-09-22,14,V,-0.0810023333333333,13.0,6.0,True
2025-09-29,14,V,-0.16380424,15.0,5.0,True
2025-10-06,14,V,-0.2410175,4.0,3.0,True
2025-10-13,14,V,-0.1010119,9.0,5.0,True
2025-10-20,14,V,-0.5700610666666667,13.0,6.0,True
2025-10-27,14,V,0.5252475,6.0,1.0,True
2025-11-03,14,V,0.298048125,5.0,2.0,True
2025-11-10,14,V,0.2704414444444444,13.0,3.0,True
2015-01-12,33,WFC,0.6052655454545455,23.0,2.0,True
2015-01-19,33,WFC,-0.7915918571428572,7.0,1.0,True
2015-01-26,33,WFC,-0.9290675,2.0,2.0,True
2015-02-02,33,WFC,-0.5557734999999999,2.0,1.0,True
2015-02-09,33,WFC,-0.375454,2.0,1.0,True
2015-02-16,33,WFC,-0.372708,2.0,1.0,True
2015-02-23,33,WFC,-0.4211654999999999,2.0,2.0,True
2015-03-02,33,WFC,0.13196975,3.0,2.0,True
2015-03-09,33,WFC,-0.557691,1.0,1.0,True
2015-03-16,33,WFC,-0.4911976666666667,3.0,3.0,True
2015-03-23,33,WFC,-0.5486449999999999,7.0,1.0,True
2015-03-30,33,WFC,0.556625,1.0,1.0,True
2015-04-06,33,WFC,0.103105,3.0,2.0,True
2015-04-13,33,WFC,-0.1722138859649122,23.0,3.0,True
2015-04-20,33,WFC,-0.094227875,5.0,2.0,True
2015-05-04,33,WFC,-0.7456296857142857,13.0,5.0,True
2015-05-11,33,WFC,-0.28213875,5.0,4.0,True
2015-05-18,33,WFC,0.025234,2.0,1.0,True
2015-05-25,33,WFC,-0.007371,1.0,1.0,True
2015-06-01,33,WFC,-0.915895,1.0,1.0,True
2015-06-08,33,WFC,-0.265377,2.0,1.0,True
2015-06-15,33,WFC,-0.122688,1.0,1.0,True
2015-06-22,33,WFC,-0.5120549999999999,2.0,2.0,True
2015-07-06,33,WFC,-0.77600685,8.0,4.0,True
2015-07-13,33,WFC,0.0156342401960784,22.0,3.0,True
2015-07-20,33,WFC,0.2500962777777778,6.0,3.0,True
2015-07-27,33,WFC,-0.264479,1.0,1.0,True
2015-08-10,33,WFC,0.102996,6.0,2.0,True
2015-08-17,33,WFC,0.1358043333333334,4.0,3.0,True
2015-08-24,33,WFC,0.578517,1.0,1.0,True
2015-08-31,33,WFC,0.221191,1.0,1.0,True
2015-09-07,33,WFC,0.45353,1.0,1.0,True
2015-09-14,33,WFC,-0.0316036666666666,5.0,3.0,True
2015-09-28,33,WFC,-0.0651507499999999,3.0,2.0,True
2015-10-05,33,WFC,-0.07963575,5.0,4.0,True
2015-10-12,33,WFC,0.464186978021978,29.0,3.0,True
2015-10-19,33,WFC,0.3406173333333333,4.0,3.0,True
2015-11-02,33,WFC,-0.6914182857142857,11.0,2.0,True
2015-11-09,33,WFC,0.00098775,3.0,2.0,True
2015-11-16,33,WFC,-0.1711381111111111,5.0,3.0,True
2015-11-30,33,WFC,-0.283711,2.0,2.0,True
2015-12-07,33,WFC,-0.918577,1.0,1.0,True
2015-12-14,33,WFC,0.268691,3.0,2.0,True
2015-12-21,33,WFC,-0.4695835,2.0,2.0,True
2016-01-11,33,WFC,-0.1120393125,9.0,2.0,True
2016-01-18,33,WFC,-0.855233,1.0,1.0,True
2016-02-01,33,WFC,-0.4733717222222222,14.0,3.0,True
2016-02-08,33,WFC,-0.823655,1.0,1.0,True
2016-02-15,33,WFC,-0.127556,1.0,1.0,True
2016-02-22,33,WFC,-0.055544,1.0,1.0,True
2016-03-07,33,WFC,-0.8706138333333333,8.0,2.0,True
2016-03-14,33,WFC,-0.381882,4.0,2.0,True
2016-03-21,33,WFC,-0.017107,1.0,1.0,True
2016-03-28,33,WFC,-0.1925505555555555,7.0,3.0,True
2016-04-04,33,WFC,-0.3927340625,17.0,4.0,True
2016-04-11,33,WFC,-0.5238560476190477,16.0,3.0,True
2016-04-25,33,WFC,0.374708,1.0,1.0,True
2016-05-02,33,WFC,-0.1526288333333333,4.0,3.0,True
2016-05-23,33,WFC,-0.4807248333333333,7.0,3.0,True
2016-06-20,33,WFC,-0.796213,1.0,1.0,True
2016-06-27,33,WFC,0.0591996,5.0,1.0,True
2016-07-11,33,WFC,-0.2223102272727272,13.0,2.0,True
2016-07-18,33,WFC,-0.2449917777777777,7.0,3.0,True
2016-08-01,33,WFC,-0.67565175,4.0,1.0,True
2016-08-08,33,WFC,-0.979905,1.0,1.0,True
2016-08-15,33,WFC,-0.968575,1.0,1.0,True
2016-08-22,33,WFC,-0.9242570714285714,16.0,2.0,True
2016-08-29,33,WFC,0.0096186666666666,4.0,3.0,True
2016-09-05,33,WFC,-0.7197615323129252,73.0,4.0,True
2016-09-12,33,WFC,-0.739491188905403,100.0,6.0,True
2016-09-19,33,WFC,-0.7267242928657429,154.0,7.0,True
2016-09-26,33,WFC,-0.6567540923436042,189.0,7.0,True
2016-10-03,33,WFC,-0.7269958685714286,31.0,5.0,True
2016-10-10,33,WFC,-0.562269703015873,82.0,6.0,True
2016-10-17,33,WFC,-0.866702705,19.0,5.0,True
2016-10-24,33,WFC,-0.5947665,7.0,4.0,True
2016-10-31,33,WFC,-0.6251911333333333,19.0,5.0,True
2016-11-07,33,WFC,-0.4332517777777777,8.0,3.0,True
2016-11-14,33,WFC,-0.0848769066666666,18.0,5.0,True
2016-11-21,33,WFC,-0.47920925,13.0,5.0,True
2016-11-28,33,WFC,-0.4354066666666666,4.0,2.0,True
2016-12-05,33,WFC,-0.3447052,10.0,5.0,True
2016-12-12,33,WFC,-0.6017459555555555,17.0,6.0,True
2016-12-19,33,WFC,-0.7363959444444445,6.0,3.0,True
2016-12-26,33,WFC,-0.8066925,2.0,2.0,True
2017-01-02,33,WFC,-0.980747,1.0,1.0,True
2017-01-09,33,WFC,-0.6131845791666666,29.0,4.0,True
2017-01-16,33,WFC,-0.1659969999999999,3.0,2.0,True
2017-01-23,33,WFC,-0.842581,1.0,1.0,True
2017-01-30,33,WFC,-0.4940125625,10.0,4.0,True
2017-02-06,33,WFC,-0.4104357638888888,21.0,4.0,True
2017-02-13,33,WFC,0.3395722222222222,8.0,3.0,True
2017-02-20,33,WFC,-0.5696698428571428,28.0,3.0,True
2017-02-27,33,WFC,-0.3769081470588235,20.0,4.0,True
2017-03-06,33,WFC,-0.2581833333333334,6.0,3.0,True
2017-03-13,33,WFC,-0.2440102333333333,12.0,3.0,True
2017-03-20,33,WFC,-0.5231309583333333,12.0,3.0,True
2017-03-27,33,WFC,-0.7142069095238096,38.0,5.0,True
2017-04-03,33,WFC,-0.3915187133333334,25.0,5.0,True
2017-04-10,33,WFC,-0.5845921516489637,80.0,7.0,True
2017-04-17,33,WFC,-0.3876943418650794,35.0,5.0,True
2017-04-24,33,WFC,-0.2830888489583333,47.0,4.0,True
2017-05-01,33,WFC,-0.192114375,6.0,4.0,True
2017-05-08,33,WFC,-0.5849774424242424,21.0,5.0,True
2017-05-15,33,WFC,-0.6995862899999999,15.0,5.0,True
2017-05-22,33,WFC,0.1321325,8.0,4.0,True
2017-05-29,33,WFC,-0.1754031428571428,9.0,3.0,True
2017-06-05,33,WFC,-0.327022225,9.0,4.0,True
2017-06-12,33,WFC,-0.560629380952381,12.0,4.0,True
2017-06-19,33,WFC,-0.722777,6.0,2.0,True
2017-06-26,33,WFC,0.116357375,5.0,2.0,True
2017-07-03,33,WFC,-0.298751,2.0,2.0,True
2017-07-10,33,WFC,-0.5252613489304813,38.0,6.0,True
2017-07-17,33,WFC,-0.6914364375,10.0,2.0,True
2017-07-24,33,WFC,-0.4229323152380953,31.0,5.0,True
2017-07-31,33,WFC,-0.6825834305555554,25.0,6.0,True
2017-08-07,33,WFC,-0.7601748714285714,20.0,5.0,True
2017-08-14,33,WFC,-0.5113263444444445,22.0,6.0,True
2017-08-21,33,WFC,-0.5154675555555556,5.0,3.0,True
2017-08-28,33,WFC,-0.8649302734375,35.0,4.0,True
2017-09-04,33,WFC,-0.6498818333333333,5.0,3.0,True
2017-09-11,33,WFC,0.220874,2.0,1.0,True
2017-09-18,33,WFC,-0.4402601499999999,12.0,4.0,True
2017-10-02,33,WFC,-0.6090095903846154,49.0,4.0,True
2017-10-09,33,WFC,-0.6634863214285714,15.0,2.0,True
2017-10-16,33,WFC,-0.6471937857142858,10.0,2.0,True
2017-10-23,33,WFC,-0.4488479999999999,3.0,2.0,True
2017-10-30,33,WFC,-0.5452418333333333,6.0,3.0,True
2017-11-06,33,WFC,-0.4706265,2.0,2.0,True
2017-11-13,33,WFC,-0.4589206888888889,14.0,3.0,True
2017-11-20,33,WFC,-0.790583,1.0,1.0,True
2017-11-27,33,WFC,-0.8436776666666667,14.0,4.0,True
2017-12-04,33,WFC,-0.3932203035714285,24.0,4.0,True
2017-12-11,33,WFC,-0.5975771666666666,4.0,3.0,True
2017-12-18,33,WFC,-0.20929425,3.0,2.0,True
2017-12-25,33,WFC,-0.017496,1.0,1.0,True
2018-01-01,33,WFC,0.681601,1.0,1.0,True
2018-01-08,33,WFC,-0.6361424615384615,15.0,3.0,True
2018-01-15,33,WFC,-0.586441275,10.0,4.0,True
2018-01-22,33,WFC,0.003883,1.0,1.0,True
2018-01-29,33,WFC,-0.7433867648809525,32.0,4.0,True
2018-02-05,33,WFC,-0.5424978500000001,17.0,4.0,True
2018-02-12,33,WFC,-0.1764987,13.0,5.0,True
2018-02-19,33,WFC,-0.987123,1.0,1.0,True
2018-02-26,33,WFC,-0.5091670535714287,17.0,3.0,True
2018-03-05,33,WFC,-0.6829966666666666,6.0,3.0,True
2018-03-12,33,WFC,-0.0171558416666666,17.0,3.0,True
2018-03-19,33,WFC,-0.3695193555555555,9.0,3.0,True
2018-03-26,33,WFC,0.150692625,5.0,2.0,True
2018-04-02,33,WFC,-0.0257635,9.0,2.0,True
2018-04-09,33,WFC,-0.8058911527777778,18.0,4.0,True
2018-04-16,33,WFC,-0.9028668,42.0,3.0,True
2018-04-23,33,WFC,-0.8843619500000001,9.0,4.0,True
2018-04-30,33,WFC,-0.5390447638888889,16.0,3.0,True
2018-05-07,33,WFC,-0.331610625,13.0,4.0,True
2018-05-14,33,WFC,-0.6402802791666666,13.0,4.0,True
2018-05-21,33,WFC,0.1177373333333333,3.0,3.0,True
2018-05-28,33,WFC,-0.60868,3.0,2.0,True
2018-06-04,33,WFC,-0.2888996666666666,11.0,3.0,True
2018-06-11,33,WFC,-0.6261940333333333,9.0,5.0,True
2018-06-18,33,WFC,-0.2425524666666666,9.0,3.0,True
2018-06-25,33,WFC,-0.1507449375,12.0,2.0,True
2018-07-02,33,WFC,0.731509,1.0,1.0,True
2018-07-09,33,WFC,-0.8868094642857143,15.0,2.0,True
2018-07-16,33,WFC,-0.1111284583333333,10.0,4.0,True
2018-07-23,33,WFC,0.1628893333333333,5.0,3.0,True
2018-07-30,33,WFC,-0.7357369485994398,36.0,5.0,True
2018-08-06,33,WFC,-0.7345963055555556,11.0,2.0,True
2018-08-13,33,WFC,-0.663856,5.0,4.0,True
2018-08-20,33,WFC,-0.2662228171428571,17.0,5.0,True
2018-08-27,33,WFC,-0.3203908888888889,5.0,3.0,True
2018-09-03,33,WFC,-0.5506027333333333,7.0,3.0,True
2018-09-10,33,WFC,-0.89724275,3.0,2.0,True
2018-09-17,33,WFC,-0.1585959166666666,7.0,2.0,True
2018-10-01,33,WFC,-0.7024046666666667,8.0,3.0,True
2018-10-08,33,WFC,0.0960515555555555,9.0,1.0,True
2018-10-15,33,WFC,-0.3007964166666667,6.0,3.0,True
2018-10-22,33,WFC,-0.390080375,11.0,4.0,True
2018-10-29,33,WFC,0.00464425,3.0,2.0,True
2018-11-05,33,WFC,-0.4247850000000001,5.0,3.0,True
2018-11-12,33,WFC,-0.5728425,3.0,2.0,True
2018-11-19,33,WFC,-0.5284265,2.0,2.0,True
2018-11-26,33,WFC,-0.131993,1.0,1.0,True
2018-12-03,33,WFC,-0.4746704666666666,14.0,4.0,True
2018-12-10,33,WFC,-0.6491926,6.0,2.0,True
2018-12-17,33,WFC,0.049615625,5.0,4.0,True
2018-12-24,33,WFC,0.058703311111111,32.0,3.0,True
2018-12-31,33,WFC,-0.8809826,7.0,5.0,True
2019-01-07,33,WFC,0.0400129999999999,3.0,3.0,True
2019-01-14,33,WFC,-0.4407445,11.0,2.0,True
2019-01-21,33,WFC,0.1619563333333333,3.0,3.0,True
2019-02-04,33,WFC,-0.4816159666666667,17.0,3.0,True
2019-02-11,33,WFC,-0.19601,4.0,3.0,True
2019-02-25,33,WFC,-0.3137897727272727,19.0,4.0,True
2019-03-04,33,WFC,0.036405,2.0,2.0,True
2019-03-11,33,WFC,-0.1410310571428571,25.0,5.0,True
2019-03-18,33,WFC,-0.1876650624999999,11.0,4.0,True
2019-03-25,33,WFC,-0.1729332431034482,42.0,4.0,True
2019-04-01,33,WFC,-0.848289,5.0,3.0,True
2019-04-08,33,WFC,-0.1139778333333333,28.0,2.0,True
2019-04-15,33,WFC,-0.981456,2.0,2.0,True
2019-04-22,33,WFC,-0.3463794999999999,2.0,1.0,True
2019-04-29,33,WFC,-0.2434856666666666,7.0,3.0,True
2019-05-13,33,WFC,0.182323625,5.0,2.0,True
2019-05-20,33,WFC,-0.0270019999999999,2.0,2.0,True
2019-06-03,33,WFC,-0.3614525,11.0,4.0,True
2019-06-10,33,WFC,-0.1847905,2.0,1.0,True
2019-06-17,33,WFC,-0.974729,1.0,1.0,True
2019-07-01,33,WFC,-0.486101,3.0,2.0,True
2019-07-15,33,WFC,-0.1110136153846153,18.0,5.0,True
2019-07-22,33,WFC,-0.959167,1.0,1.0,True
2019-07-29,33,WFC,0.1890079999999999,2.0,1.0,True
2019-08-05,33,WFC,-0.707611,1.0,1.0,True
2019-08-19,33,WFC,-0.7472409999999999,3.0,3.0,True
2019-08-26,33,WFC,-0.67768,1.0,1.0,True
2019-09-09,33,WFC,-0.5790905000000001,4.0,2.0,True
2019-09-16,33,WFC,0.1043284999999999,4.0,2.0,True
2019-09-23,33,WFC,0.2782153333333333,4.0,2.0,True
2019-10-07,33,WFC,0.478736,2.0,2.0,True
2019-10-14,33,WFC,-0.7607470625,9.0,2.0,True
2019-10-21,33,WFC,-0.08113475,3.0,2.0,True
2019-10-28,33,WFC,-0.29174575,3.0,2.0,True
2019-11-04,33,WFC,-0.979734,1.0,1.0,True
2019-11-11,33,WFC,-0.09432675,3.0,2.0,True
2019-12-02,33,WFC,-0.421262,2.0,1.0,True
2019-12-09,33,WFC,0.656376,1.0,1.0,True
2020-01-13,33,WFC,-0.709645875,10.0,3.0,True
2020-01-20,33,WFC,-0.7982800357142857,17.0,2.0,True
2020-01-27,33,WFC,-0.23676,3.0,3.0,True
2020-02-03,33,WFC,-0.955719,1.0,1.0,True
2020-02-10,33,WFC,-0.293096875,6.0,4.0,True
2020-02-17,33,WFC,-0.5566242202380952,40.0,4.0,True
2020-02-24,33,WFC,-0.7176871375,13.0,4.0,True
2020-03-02,33,WFC,-0.3809329999999999,11.0,4.0,True
2020-03-09,33,WFC,-0.4577165476190476,16.0,3.0,True
2020-03-16,33,WFC,-0.505483,2.0,2.0,True
2020-03-30,33,WFC,-0.5580911666666667,4.0,3.0,True
2020-04-06,33,WFC,0.0020471821428571,22.0,4.0,True
2020-04-13,33,WFC,-0.7109414000000001,6.0,2.0,True
2020-04-20,33,WFC,0.694938,1.0,1.0,True
2020-04-27,33,WFC,-0.032607,2.0,1.0,True
2020-05-04,33,WFC,-0.1645085,4.0,2.0,True
2020-05-25,33,WFC,-0.318675,2.0,2.0,True
2020-06-01,33,WFC,-0.354248,3.0,2.0,True
2020-06-08,33,WFC,-0.918052,1.0,1.0,True
2020-06-15,33,WFC,-0.0012625,3.0,2.0,True
2020-06-22,33,WFC,0.3303773333333333,3.0,3.0,True
2020-06-29,33,WFC,-0.1434601666666667,5.0,3.0,True
2020-07-06,33,WFC,-0.2107803333333333,7.0,3.0,True
2020-07-13,33,WFC,-0.4558146315789473,24.0,4.0,True
2020-07-20,33,WFC,-0.2989516666666666,4.0,3.0,True
2020-07-27,33,WFC,0.206441,1.0,1.0,True
2020-08-10,33,WFC,0.2660265,2.0,2.0,True
2020-08-17,33,WFC,-0.2495726666666666,3.0,1.0,True
2020-08-24,33,WFC,-0.961543,1.0,1.0,True
2020-08-31,33,WFC,-0.7133908333333333,4.0,2.0,True
2020-09-07,33,WFC,-0.302758,1.0,1.0,True
2020-09-21,33,WFC,-0.1684676666666666,3.0,3.0,True
2020-09-28,33,WFC,-0.908035,1.0,1.0,True
2020-10-05,33,WFC,-0.6269938333333334,4.0,2.0,True
2020-10-12,33,WFC,-0.5003776,14.0,2.0,True
2020-10-19,33,WFC,0.096175,3.0,1.0,True
2020-10-26,33,WFC,-0.428514,1.0,1.0,True
2020-11-02,33,WFC,-0.1489545,3.0,2.0,True
2020-11-09,33,WFC,-0.052554,1.0,1.0,True
2020-12-14,33,WFC,0.0875855,2.0,1.0,True
2021-01-04,33,WFC,-0.0009349999999999,2.0,2.0,True
2021-01-11,33,WFC,0.0341159761904762,10.0,2.0,True
2021-02-08,33,WFC,0.2329554999999999,2.0,2.0,True
2021-02-15,33,WFC,0.8176319999999999,2.0,1.0,True
2021-02-22,33,WFC,0.1875922857142857,9.0,3.0,True
2021-03-08,33,WFC,-0.3539245,2.0,2.0,True
2021-03-15,33,WFC,-0.3105286,5.0,5.0,True
2021-03-29,33,WFC,0.293836,2.0,1.0,True
2021-04-05,33,WFC,0.061863,1.0,1.0,True
2021-04-12,33,WFC,0.5736492857142858,7.0,1.0,True
2021-04-19,33,WFC,-0.6644793333333333,8.0,3.0,True
2021-04-26,33,WFC,-0.33310375,3.0,2.0,True
2021-05-03,33,WFC,0.052674,2.0,2.0,True
2021-05-10,33,WFC,-0.1138646666666666,3.0,3.0,True
2021-05-17,33,WFC,0.5530016666666666,3.0,3.0,True
2021-06-14,33,WFC,0.1060325,2.0,2.0,True
2021-06-28,33,WFC,0.002038,1.0,1.0,True
2021-07-05,33,WFC,-0.5163021250000001,15.0,4.0,True
2021-07-12,33,WFC,0.101079375,5.0,2.0,True
2021-07-19,33,WFC,-0.890609,1.0,1.0,True
2021-07-26,33,WFC,0.28049375,3.0,2.0,True
2021-08-09,33,WFC,0.049338,1.0,1.0,True
2021-08-16,33,WFC,-0.2250233333333333,5.0,3.0,True
2021-08-23,33,WFC,-0.598608,1.0,1.0,True
2021-08-30,33,WFC,-0.32678225,3.0,2.0,True
2021-09-06,33,WFC,-0.6460135833333334,7.0,3.0,True
2021-09-13,33,WFC,-0.5462275,10.0,4.0,True
2021-09-27,33,WFC,-0.71746805,8.0,4.0,True
2021-10-04,33,WFC,0.008267,1.0,1.0,True
2021-10-11,33,WFC,0.6625176666666667,6.0,1.0,True
2021-10-18,33,WFC,-0.930479,1.0,1.0,True
2021-11-01,33,WFC,0.097305,2.0,1.0,True
2021-12-06,33,WFC,-0.064067,1.0,1.0,True
2021-12-13,33,WFC,-0.023439,3.0,3.0,True
2022-01-10,33,WFC,0.0866574444444444,5.0,3.0,True
2022-01-17,33,WFC,0.0105915,2.0,1.0,True
2022-01-24,33,WFC,0.750976,2.0,2.0,True
2022-01-31,33,WFC,-0.199336,1.0,1.0,True
2022-02-07,33,WFC,-0.2630315,2.0,2.0,True
2022-02-14,33,WFC,-0.2096125,2.0,2.0,True
2022-02-28,33,WFC,-0.226347,1.0,1.0,True
2022-03-14,33,WFC,0.447589,2.0,2.0,True
2022-04-04,33,WFC,-0.795401,1.0,1.0,True
2022-04-11,33,WFC,-0.143891125,5.0,2.0,True
2022-05-16,33,WFC,-0.4135775,4.0,2.0,True
2022-05-30,33,WFC,0.6183957499999999,3.0,2.0,True
2022-06-06,33,WFC,-0.5215795,2.0,2.0,True
2022-06-13,33,WFC,-0.387147,2.0,1.0,True
2022-06-20,33,WFC,-0.0689019999999999,2.0,1.0,True
2022-06-27,33,WFC,0.0263391249999999,5.0,4.0,True
2022-07-11,33,WFC,-0.5637755,8.0,3.0,True
2022-07-18,33,WFC,-0.134975,1.0,1.0,True
2022-08-22,33,WFC,-0.445685,1.0,1.0,True
2022-08-29,33,WFC,-0.953901,1.0,1.0,True
2022-09-12,33,WFC,-0.7332153333333333,3.0,3.0,True
2022-09-26,33,WFC,-0.933995,1.0,1.0,True
2022-10-03,33,WFC,0.005159,1.0,1.0,True
2022-10-10,33,WFC,0.1785235454545454,11.0,1.0,True
2022-10-31,33,WFC,-0.3065711666666667,4.0,3.0,True
2022-11-07,33,WFC,-0.976758,1.0,1.0,True
2022-11-14,33,WFC,-0.2924485,2.0,2.0,True
2022-11-21,33,WFC,-0.74048,1.0,1.0,True
2022-12-19,33,WFC,-0.692358506006006,45.0,3.0,True
2023-01-09,33,WFC,-0.5117010666666667,16.0,5.0,True
2023-01-16,33,WFC,-0.4614076666666666,3.0,3.0,True
2023-01-23,33,WFC,-0.559849,1.0,1.0,True
2023-01-30,33,WFC,-0.107768,1.0,1.0,True
2023-02-13,33,WFC,0.156651,1.0,1.0,True
2023-02-20,33,WFC,-0.5016595,3.0,2.0,True
2023-02-27,33,WFC,-0.5632677500000001,3.0,2.0,True
2023-03-06,33,WFC,-0.5146645,2.0,1.0,True
2023-03-13,33,WFC,-0.9832986666666668,3.0,1.0,True
2023-03-27,33,WFC,-0.978934,3.0,1.0,True
2023-04-10,33,WFC,-0.145287,7.0,2.0,True
2023-04-24,33,WFC,0.149998,2.0,2.0,True
2023-05-01,33,WFC,-0.856036,1.0,1.0,True
2023-05-08,33,WFC,-0.235614,1.0,1.0,True
2023-05-15,33,WFC,-0.3908854615384615,16.0,4.0,True
2023-07-03,33,WFC,0.0476919999999999,2.0,2.0,True
2023-07-10,33,WFC,0.0561379999999999,6.0,2.0,True
2023-07-24,33,WFC,0.7633205000000001,2.0,1.0,True
2023-07-31,33,WFC,-0.6489337500000001,4.0,2.0,True
2023-08-07,33,WFC,-0.8719015,2.0,1.0,True
2023-08-21,33,WFC,-0.6475827,6.0,2.0,True
2023-08-28,33,WFC,-0.2819055,2.0,2.0,True
2023-09-04,33,WFC,-0.056054,1.0,1.0,True
2023-09-11,33,WFC,-0.5721805,2.0,2.0,True
2023-09-18,33,WFC,-0.832921,1.0,1.0,True
2023-10-02,33,WFC,0.267422,1.0,1.0,True
2023-10-09,33,WFC,-0.1342036666666666,4.0,2.0,True
2023-10-30,33,WFC,0.569787,1.0,1.0,True
2023-11-20,33,WFC,0.52642575,4.0,1.0,True
2023-11-27,33,WFC,-0.060405,1.0,1.0,True
2023-12-04,33,WFC,-0.3992764444444444,6.0,3.0,True
2023-12-11,33,WFC,-0.005385,1.0,1.0,True
2023-12-18,33,WFC,0.311898,2.0,1.0,True
2024-01-08,33,WFC,-0.8361915,2.0,2.0,True
2024-01-22,33,WFC,0.122783,1.0,1.0,True
2024-02-12,33,WFC,-0.6909164166666666,7.0,2.0,True
2024-02-26,33,WFC,-0.32172,1.0,1.0,True
2024-04-08,33,WFC,-0.7838005,2.0,2.0,True
2024-04-15,33,WFC,-0.880415,1.0,1.0,True
2024-05-06,33,WFC,0.219938,1.0,1.0,True
2024-06-10,33,WFC,-0.3182646666666667,4.0,3.0,True
2024-07-08,33,WFC,-0.651744,1.0,1.0,True
2024-07-15,33,WFC,-0.818031,1.0,1.0,True
2024-07-22,33,WFC,-0.238218,1.0,1.0,True
2024-08-19,33,WFC,0.0659225,4.0,2.0,True
2024-09-02,33,WFC,0.00101,1.0,1.0,True
2024-09-09,33,WFC,-0.8055016666666667,4.0,2.0,True
2024-09-16,33,WFC,-0.319963,2.0,2.0,True
2024-10-07,33,WFC,0.129538,1.0,1.0,True
2024-10-14,33,WFC,0.567029,1.0,1.0,True
2024-10-21,33,WFC,0.478749,1.0,1.0,True
2024-11-25,33,WFC,-0.523196,1.0,1.0,True
2024-12-02,33,WFC,-0.121605,2.0,1.0,True
2024-12-09,33,WFC,-0.360392,1.0,1.0,True
2024-12-16,33,WFC,-0.039986,1.0,1.0,True
2025-01-13,33,WFC,0.0563773333333333,8.0,4.0,True
2025-01-27,33,WFC,-0.12355275,5.0,2.0,True
2025-02-03,33,WFC,-0.5845415,3.0,2.0,True
2025-02-10,33,WFC,-0.047874,3.0,3.0,True
2025-03-17,33,WFC,-0.0646949999999999,2.0,1.0,True
2025-03-24,33,WFC,-0.347528,3.0,3.0,True
2025-04-07,33,WFC,0.1363598333333333,4.0,3.0,True
2025-04-14,33,WFC,0.3291604999999999,2.0,2.0,True
2025-04-21,33,WFC,0.234018,2.0,2.0,True
2025-04-28,33,WFC,0.4232319166666667,5.0,2.0,True
2025-05-19,33,WFC,-0.975057,1.0,1.0,True
2025-05-26,33,WFC,0.4212526666666666,4.0,2.0,True
2025-06-02,33,WFC,-0.3362466730769231,18.0,3.0,True
2025-06-09,33,WFC,0.225821,1.0,1.0,True
2025-06-23,33,WFC,0.425459,2.0,2.0,True
2025-06-30,33,WFC,0.345369,1.0,1.0,True
2025-07-14,33,WFC,-0.4787692777777777,6.0,3.0,True
2025-07-21,33,WFC,-0.5256190000000001,3.0,2.0,True
2025-07-28,33,WFC,0.481557,2.0,2.0,True
2025-09-29,33,WFC,0.254148,1.0,1.0,True
2025-10-13,33,WFC,0.3039824,8.0,2.0,True
2025-10-27,33,WFC,0.1793315,2.0,2.0,True
2025-11-03,33,WFC,0.042613,1.0,1.0,True
2015-01-26,12,WMT,-0.328069,1.0,1.0,True
2015-02-02,12,WMT,-0.0522715,2.0,2.0,True
2015-02-16,12,WMT,0.3345967555555555,19.0,3.0,True
2015-02-23,12,WMT,0.2269645,5.0,4.0,True
2015-03-02,12,WMT,-0.0011399999999999,2.0,1.0,True
2015-03-09,12,WMT,0.501665,1.0,1.0,True
2015-03-16,12,WMT,-0.323175,2.0,1.0,True
2015-03-23,12,WMT,-0.989466,1.0,1.0,True
2015-03-30,12,WMT,0.112476,3.0,1.0,True
2015-04-06,12,WMT,-0.35397,1.0,1.0,True
2015-04-13,12,WMT,-0.4737288333333333,5.0,3.0,True
2015-04-20,12,WMT,-0.4096661,6.0,2.0,True
2015-05-04,12,WMT,0.836994,1.0,1.0,True
2015-05-11,12,WMT,0.2179303333333333,3.0,3.0,True
2015-05-18,12,WMT,-0.43454315,12.0,2.0,True
2015-05-25,12,WMT,-0.0522133333333333,3.0,1.0,True
2015-06-01,12,WMT,-0.1882613214285714,9.0,2.0,True
2015-06-08,12,WMT,-0.2317605,2.0,2.0,True
2015-06-15,12,WMT,-0.8911391428571428,8.0,2.0,True
2015-06-22,12,WMT,-0.1380265,4.0,2.0,True
2015-06-29,12,WMT,-0.846449,1.0,1.0,True
2015-07-06,12,WMT,0.07393,1.0,1.0,True
2015-07-13,12,WMT,-0.1812015,4.0,3.0,True
2015-07-20,12,WMT,0.052688819047619,14.0,5.0,True
2015-08-03,12,WMT,0.012468,1.0,1.0,True
2015-08-17,12,WMT,-0.3569644444444444,16.0,3.0,True
2015-08-24,12,WMT,-0.0726868666666666,16.0,3.0,True
2015-08-31,12,WMT,-0.2937966875,7.0,4.0,True
2015-09-07,12,WMT,-0.686823,1.0,1.0,True
2015-09-21,12,WMT,-0.813027,1.0,1.0,True
2015-09-28,12,WMT,0.1908655333333334,9.0,5.0,True
2015-10-05,12,WMT,-0.40488725,5.0,2.0,True
2015-10-12,12,WMT,-0.7810013888888888,10.0,3.0,True
2015-10-19,12,WMT,-0.910856,1.0,1.0,True
2015-10-26,12,WMT,0.069456,1.0,1.0,True
2015-11-02,12,WMT,0.5666486666666667,3.0,1.0,True
2015-11-09,12,WMT,-0.3314235,2.0,2.0,True
2015-11-16,12,WMT,-0.206237,9.0,4.0,True
2015-11-23,12,WMT,-0.635955,2.0,1.0,True
2015-11-30,12,WMT,-0.154819,1.0,1.0,True
2015-12-07,12,WMT,0.0264064,14.0,5.0,True
2015-12-14,12,WMT,-0.0617103333333333,3.0,3.0,True
2015-12-21,12,WMT,-0.050382,1.0,1.0,True
2015-12-28,12,WMT,-0.817652,1.0,1.0,True
2016-01-04,12,WMT,-0.094389,6.0,4.0,True
2016-01-11,12,WMT,-0.2212311230769231,31.0,5.0,True
2016-01-18,12,WMT,-0.318502185,22.0,5.0,True
2016-01-25,12,WMT,0.189664,2.0,2.0,True
2016-02-01,12,WMT,-0.461491,1.0,1.0,True
2016-02-15,12,WMT,-0.6029545000000001,8.0,2.0,True
2016-02-22,12,WMT,-0.4269615,3.0,2.0,True
2016-02-29,12,WMT,-0.271839,2.0,2.0,True
2016-03-14,12,WMT,0.053401,1.0,1.0,True
2016-03-28,12,WMT,-0.5397802222222222,7.0,3.0,True
2016-04-04,12,WMT,0.1551552222222222,5.0,3.0,True
2016-04-11,12,WMT,-0.10507475,3.0,2.0,True
2016-04-18,12,WMT,0.314046,2.0,2.0,True
2016-05-02,12,WMT,-0.0330025,4.0,2.0,True
2016-05-09,12,WMT,0.0414409999999999,4.0,3.0,True
2016-05-16,12,WMT,-0.0099113928571428,15.0,2.0,True
2016-05-23,12,WMT,-0.907282,1.0,1.0,True
2016-05-30,12,WMT,0.847621,2.0,2.0,True
2016-06-06,12,WMT,0.1336568333333333,5.0,3.0,True
2016-06-13,12,WMT,-0.04126425,8.0,4.0,True
2016-06-20,12,WMT,0.0547913333333333,11.0,2.0,True
2016-06-27,12,WMT,0.296184,2.0,1.0,True
2016-07-04,12,WMT,0.2219336666666666,3.0,3.0,True
2016-07-11,12,WMT,-0.78202,1.0,1.0,True
2016-07-25,12,WMT,-0.3467329999999999,4.0,3.0,True
2016-08-01,12,WMT,0.1747473333333333,9.0,3.0,True
2016-08-08,12,WMT,-0.1913991231884058,26.0,3.0,True
2016-08-15,12,WMT,0.1322151,9.0,4.0,True
2016-08-22,12,WMT,0.216356,2.0,2.0,True
2016-08-29,12,WMT,-0.5063935714285713,9.0,3.0,True
2016-09-05,12,WMT,-0.096138,2.0,1.0,True
2016-09-12,12,WMT,0.517266,1.0,1.0,True
2016-09-19,12,WMT,0.3174315555555555,5.0,3.0,True
2016-09-26,12,WMT,0.29044175,4.0,2.0,True
2016-10-03,12,WMT,-0.3652243571428571,9.0,2.0,True
2016-10-17,12,WMT,0.5049680000000001,2.0,2.0,True
2016-10-31,12,WMT,0.852447,1.0,1.0,True
2016-11-07,12,WMT,-0.090986,1.0,1.0,True
2016-11-14,12,WMT,-0.4917235,6.0,1.0,True
2016-11-21,12,WMT,-0.980704,1.0,1.0,True
2016-12-05,12,WMT,0.4674916666666666,3.0,3.0,True
2016-12-26,12,WMT,-0.7182939999999999,3.0,3.0,True
2017-01-02,12,WMT,0.09197375,3.0,2.0,True
2017-01-09,12,WMT,-0.3266190833333333,5.0,2.0,True
2017-01-16,12,WMT,-0.071785625,10.0,4.0,True
2017-01-23,12,WMT,0.111266,3.0,3.0,True
2017-01-30,12,WMT,-0.654339,2.0,2.0,True
2017-02-06,12,WMT,0.231794,1.0,1.0,True
2017-02-13,12,WMT,0.0174582222222222,12.0,3.0,True
2017-02-20,12,WMT,0.2083630625,10.0,2.0,True
2017-02-27,12,WMT,-0.782583,2.0,1.0,True
2017-03-13,12,WMT,-0.0042039444444444,8.0,3.0,True
2017-03-20,12,WMT,0.44493425,4.0,4.0,True
2017-03-27,12,WMT,-0.257721,1.0,1.0,True
2017-04-03,12,WMT,-0.65888,1.0,1.0,True
2017-04-10,12,WMT,-0.296384,3.0,2.0,True
2017-04-17,12,WMT,0.5286881666666666,5.0,3.0,True
2017-04-24,12,WMT,-0.0650379999999999,2.0,2.0,True
2017-05-01,12,WMT,-0.2922289999999999,2.0,2.0,True
2017-05-08,12,WMT,-0.196544,1.0,1.0,True
2017-05-15,12,WMT,0.1119035999999999,15.0,5.0,True
2017-05-29,12,WMT,0.224665,1.0,1.0,True
2017-06-05,12,WMT,-0.619884,1.0,1.0,True
2017-06-12,12,WMT,-0.1329086466666666,21.0,5.0,True
2017-06-19,12,WMT,-0.4814299999999999,6.0,5.0,True
2017-06-26,12,WMT,-0.905846,1.0,1.0,True
2017-07-10,12,WMT,0.636529,1.0,1.0,True
2017-07-17,12,WMT,0.73672,1.0,1.0,True
2017-07-24,12,WMT,-0.3348969166666667,9.0,4.0,True
2017-07-31,12,WMT,-0.66977,2.0,2.0,True
2017-08-07,12,WMT,0.1918891111111111,5.0,3.0,True
2017-08-14,12,WMT,0.5160765833333334,19.0,4.0,True
2017-08-21,12,WMT,0.4266979,14.0,2.0,True
2017-08-28,12,WMT,-0.12935,1.0,1.0,True
2017-09-18,12,WMT,-0.1689936666666666,3.0,3.0,True
2017-09-25,12,WMT,0.4479255,2.0,1.0,True
2017-10-02,12,WMT,0.6266446666666666,3.0,1.0,True
2017-10-09,12,WMT,0.433401,5.0,3.0,True
2017-10-16,12,WMT,0.711458,2.0,2.0,True
2017-10-23,12,WMT,-0.0512844444444444,6.0,3.0,True
2017-11-06,12,WMT,0.2771626666666667,3.0,3.0,True
2017-11-13,12,WMT,-0.0189052499999999,15.0,3.0,True
2017-11-20,12,WMT,-0.0084546666666666,3.0,1.0,True
2017-11-27,12,WMT,0.100265,2.0,2.0,True
2017-12-04,12,WMT,0.0826651666666666,4.0,3.0,True
2017-12-11,12,WMT,0.2180003333333333,3.0,3.0,True
2017-12-18,12,WMT,0.799721,1.0,1.0,True
2017-12-25,12,WMT,-0.345585,2.0,2.0,True
2018-01-08,12,WMT,-0.436038034034034,61.0,6.0,True
2018-01-15,12,WMT,0.4501085555555555,7.0,3.0,True
2018-01-22,12,WMT,-0.2210903333333333,11.0,3.0,True
2018-01-29,12,WMT,0.352011375,7.0,4.0,True
2018-02-05,12,WMT,0.4941536666666666,5.0,3.0,True
2018-02-12,12,WMT,-0.07433164,15.0,5.0,True
2018-02-19,12,WMT,-0.6559555555555556,36.0,3.0,True
2018-02-26,12,WMT,0.0844569479487179,31.0,5.0,True
2018-03-05,12,WMT,0.3387430833333333,5.0,2.0,True
2018-03-12,12,WMT,0.1609290178571428,15.0,4.0,True
2018-03-19,12,WMT,0.2504526666666666,3.0,3.0,True
2018-03-26,12,WMT,0.1454935,6.0,4.0,True
2018-04-02,12,WMT,0.156797625,8.0,4.0,True
2018-04-09,12,WMT,0.30175928,10.0,5.0,True
2018-04-16,12,WMT,0.0257645,6.0,4.0,True
2018-04-23,12,WMT,0.1684672583333333,13.0,4.0,True
2018-04-30,12,WMT,-0.0500641062091503,39.0,4.0,True
2018-05-07,12,WMT,0.0823294246031746,92.0,6.0,True
2018-05-14,12,WMT,0.338403512,31.0,5.0,True
2018-05-21,12,WMT,0.0147051111111111,8.0,3.0,True
2018-05-28,12,WMT,0.894781,1.0,1.0,True
2018-06-04,12,WMT,-0.2497605555555555,12.0,2.0,True
2018-06-11,12,WMT,-0.681417,1.0,1.0,True
2018-06-18,12,WMT,0.2206482222222222,5.0,3.0,True
2018-06-25,12,WMT,-0.6379925,2.0,1.0,True
2018-07-09,12,WMT,0.1330336875,7.0,4.0,True
2018-07-16,12,WMT,0.0112688111111111,18.0,3.0,True
2018-07-23,12,WMT,0.1448116374999999,20.0,4.0,True
2018-07-30,12,WMT,-0.4705746666666667,4.0,3.0,True
2018-08-06,12,WMT,-0.0487201875,9.0,4.0,True
2018-08-13,12,WMT,0.1392615548387096,39.0,5.0,True
2018-08-20,12,WMT,0.2260861428571428,18.0,6.0,True
2018-08-27,12,WMT,0.470908,3.0,2.0,True
2018-09-03,12,WMT,0.2756448333333333,4.0,2.0,True
2018-09-24,12,WMT,0.6548571666666667,4.0,2.0,True
2018-10-01,12,WMT,0.2174529242424242,16.0,4.0,True
2018-10-08,12,WMT,0.1602813749999999,8.0,4.0,True
2018-10-15,12,WMT,-0.2211041333333333,13.0,5.0,True
2018-10-22,12,WMT,0.208294,4.0,4.0,True
2018-10-29,12,WMT,0.251274,5.0,4.0,True
2018-11-12,12,WMT,-0.3647756388888889,8.0,3.0,True
2018-11-19,12,WMT,0.324209,1.0,1.0,True
2018-12-03,12,WMT,0.2689836,8.0,5.0,True
2018-12-10,12,WMT,-0.2105337,11.0,5.0,True
2018-12-17,12,WMT,0.24758,1.0,1.0,True
2018-12-24,12,WMT,-0.4058645,2.0,2.0,True
2018-12-31,12,WMT,0.196431,2.0,2.0,True
2019-01-07,12,WMT,0.7585455,2.0,2.0,True
2019-01-14,12,WMT,-0.0591878047619047,19.0,3.0,True
2019-01-21,12,WMT,-0.122693,3.0,2.0,True
2019-01-28,12,WMT,-0.4579490333333333,10.0,4.0,True
2019-02-04,12,WMT,-0.886439,1.0,1.0,True
2019-02-11,12,WMT,0.0481132083333333,8.0,4.0,True
2019-02-18,12,WMT,0.4982169259259259,38.0,4.0,True
2019-02-25,12,WMT,0.2707180833333333,6.0,4.0,True
2019-03-04,12,WMT,0.2995303333333333,8.0,5.0,True
2019-03-11,12,WMT,0.54935825,5.0,2.0,True
2019-03-18,12,WMT,-0.2915816666666667,4.0,3.0,True
2019-04-01,12,WMT,0.409150175,9.0,4.0,True
2019-04-08,12,WMT,0.0677141111111111,8.0,6.0,True
2019-04-15,12,WMT,0.1711125,2.0,2.0,True
2019-04-22,12,WMT,-0.21221259375,15.0,4.0,True
2019-04-29,12,WMT,-0.1459469999999999,4.0,3.0,True
2019-05-06,12,WMT,0.3381425,9.0,3.0,True
2019-05-13,12,WMT,0.2961077704248365,30.0,6.0,True
2019-05-20,12,WMT,-0.0165726666666666,3.0,3.0,True
2019-05-27,12,WMT,0.0077735,2.0,2.0,True
2019-06-03,12,WMT,0.1679328333333333,10.0,5.0,True
2019-06-10,12,WMT,-0.1021012222222221,14.0,3.0,True
2019-06-17,12,WMT,-0.3122206527777777,36.0,6.0,True
2019-06-24,12,WMT,-0.3377948125,10.0,4.0,True
2019-07-01,12,WMT,-0.1289813333333333,13.0,7.0,True
2019-07-08,12,WMT,-0.155493,8.0,3.0,True
2019-07-15,12,WMT,0.3874831999999999,11.0,3.0,True
2019-07-22,12,WMT,-0.1569726666666666,3.0,3.0,True
2019-07-29,12,WMT,-0.4475241666666666,4.0,2.0,True
2019-08-05,12,WMT,-0.3272167222222222,12.0,6.0,True
2019-08-12,12,WMT,0.0321363148148148,25.0,6.0,True
2019-08-19,12,WMT,-0.0806882472222222,37.0,5.0,True
2019-08-26,12,WMT,-0.044201,1.0,1.0,True
2019-09-02,12,WMT,-0.2531906296296296,45.0,3.0,True
2019-09-09,12,WMT,-0.434551,9.0,2.0,True
2019-09-16,12,WMT,0.0708868308823529,39.0,4.0,True
2019-09-23,12,WMT,-0.528041,3.0,2.0,True
2019-09-30,12,WMT,-0.3416809999999999,11.0,3.0,True
2019-10-07,12,WMT,-0.07567166,16.0,5.0,True
2019-10-14,12,WMT,0.0233696666666666,5.0,3.0,True
2019-10-21,12,WMT,-0.4711808333333334,8.0,4.0,True
2019-10-28,12,WMT,0.0608488333333333,4.0,3.0,True
2019-11-04,12,WMT,-0.125913375,10.0,2.0,True
2019-11-11,12,WMT,0.1824282361111111,29.0,3.0,True
2019-11-18,12,WMT,0.0223414999999999,4.0,4.0,True
2019-11-25,12,WMT,-0.7219165000000001,2.0,2.0,True
2019-12-02,12,WMT,0.60898,1.0,1.0,True
2019-12-09,12,WMT,0.0372883333333333,6.0,3.0,True
2019-12-16,12,WMT,0.209642,2.0,2.0,True
2019-12-23,12,WMT,-0.1484733333333333,5.0,3.0,True
2020-01-06,12,WMT,0.5029510625,7.0,4.0,True
2020-01-13,12,WMT,-0.0460008799999999,14.0,5.0,True
2020-01-20,12,WMT,-0.58157,2.0,2.0,True
2020-01-27,12,WMT,-0.2207937083333333,7.0,2.0,True
2020-02-10,12,WMT,-0.1769258888888889,7.0,3.0,True
2020-02-17,12,WMT,-0.3641057083333333,40.0,4.0,True
2020-02-24,12,WMT,0.1815192222222222,7.0,3.0,True
2020-03-02,12,WMT,-0.3524613333333333,4.0,3.0,True
2020-03-09,12,WMT,-0.1705005,2.0,2.0,True
2020-03-16,12,WMT,0.5385487638888888,17.0,4.0,True
2020-03-23,12,WMT,0.0156877694444444,16.0,6.0,True
2020-03-30,12,WMT,0.261164,7.0,5.0,True
2020-04-06,12,WMT,-0.1842306666666666,3.0,3.0,True
2020-04-13,12,WMT,0.2714225357142857,14.0,4.0,True
2020-04-20,12,WMT,-0.0815527142857142,10.0,4.0,True
2020-04-27,12,WMT,0.1934245,8.0,4.0,True
2020-05-04,12,WMT,-0.2650105555555556,5.0,3.0,True
2020-05-11,12,WMT,0.57692,4.0,1.0,True
2020-05-18,12,WMT,-0.0633183666666666,52.0,5.0,True
2020-05-25,12,WMT,-0.17212775,10.0,6.0,True
2020-06-01,12,WMT,0.0474395,2.0,1.0,True
2020-06-08,12,WMT,0.0099989999999999,2.0,2.0,True
2020-06-15,12,WMT,0.2268005249999999,14.0,4.0,True
2020-06-22,12,WMT,-0.0152233333333333,3.0,3.0,True
2020-06-29,12,WMT,-0.2148965833333333,5.0,2.0,True
2020-07-06,12,WMT,0.0576898666666666,7.0,3.0,True
2020-07-13,12,WMT,0.04133625,5.0,2.0,True
2020-07-20,12,WMT,0.2351645277777777,18.0,4.0,True
2020-07-27,12,WMT,-0.2330502857142857,14.0,6.0,True
2020-08-10,12,WMT,0.368791,2.0,2.0,True
2020-08-17,12,WMT,0.2438523999999999,37.0,3.0,True
2020-08-24,12,WMT,0.4905172589285714,20.0,4.0,True
2020-08-31,12,WMT,0.514214,6.0,1.0,True
2020-09-07,12,WMT,0.950473,1.0,1.0,True
2020-09-14,12,WMT,0.2857335445578232,36.0,7.0,True
2020-09-21,12,WMT,0.2519548888888889,18.0,4.0,True
2020-09-28,12,WMT,0.2285937361111111,15.0,4.0,True
2020-10-05,12,WMT,-0.2007072777777777,7.0,3.0,True
2020-10-12,12,WMT,0.420571,3.0,3.0,True
2020-10-19,12,WMT,-0.2673548,12.0,4.0,True
2020-10-26,12,WMT,-0.0555481999999999,9.0,5.0,True
2020-11-02,12,WMT,-0.2761105380952381,16.0,7.0,True
2020-11-09,12,WMT,0.0973250809523809,16.0,5.0,True
2020-11-16,12,WMT,0.3944875249999999,23.0,4.0,True
2020-11-23,12,WMT,-0.3707545,6.0,4.0,True
2020-11-30,12,WMT,-0.2704449166666667,10.0,3.0,True
2020-12-07,12,WMT,0.3398294444444444,6.0,3.0,True
2020-12-14,12,WMT,0.388571,3.0,3.0,True
2020-12-21,12,WMT,-0.8410646031746032,34.0,2.0,True
2020-12-28,12,WMT,-0.767478,3.0,3.0,True
2021-01-11,12,WMT,0.0065949375,13.0,4.0,True
2021-01-18,12,WMT,-0.0287266666666666,3.0,3.0,True
2021-01-25,12,WMT,0.4625583333333333,5.0,3.0,True
2021-02-01,12,WMT,0.0470753333333333,4.0,3.0,True
2021-02-08,12,WMT,-0.091223,8.0,3.0,True
2021-02-15,12,WMT,0.0217812899999999,29.0,2.0,True
2021-02-22,12,WMT,-0.888801,1.0,1.0,True
2021-03-01,12,WMT,0.1501890178571429,11.0,4.0,True
2021-03-08,12,WMT,0.0590516666666666,4.0,3.0,True
2021-03-15,12,WMT,0.0517576666666666,6.0,3.0,True
2021-03-22,12,WMT,-0.153569,2.0,2.0,True
2021-03-29,12,WMT,0.418724,2.0,2.0,True
2021-04-05,12,WMT,-0.04375675,3.0,2.0,True
2021-04-12,12,WMT,0.6618452,5.0,1.0,True
2021-04-19,12,WMT,0.30240825,3.0,2.0,True
2021-04-26,12,WMT,-0.162005,5.0,2.0,True
2021-05-03,12,WMT,-0.396612,3.0,3.0,True
2021-05-10,12,WMT,0.1937066666666667,7.0,3.0,True
2021-05-17,12,WMT,0.3412726444444445,19.0,3.0,True
2021-05-24,12,WMT,0.342431,1.0,1.0,True
2021-05-31,12,WMT,-0.0543114999999999,4.0,1.0,True
2021-06-07,12,WMT,-0.1643875,3.0,2.0,True
2021-06-14,12,WMT,0.0166744999999999,2.0,2.0,True
2021-06-21,12,WMT,0.2540955,2.0,1.0,True
2021-06-28,12,WMT,0.7466054285714285,8.0,2.0,True
2021-07-05,12,WMT,-0.091421,1.0,1.0,True
2021-07-12,12,WMT,0.1213711666666666,7.0,6.0,True
2021-07-19,12,WMT,-0.6109971249999999,6.0,4.0,True
2021-07-26,12,WMT,0.0462433333333333,6.0,3.0,True
2021-08-02,12,WMT,-0.194141,1.0,1.0,True
2021-08-09,12,WMT,0.284454,1.0,1.0,True
2021-08-16,12,WMT,0.1124675657894736,24.0,4.0,True
2021-08-30,12,WMT,0.8429715416666667,7.0,2.0,True
2021-09-06,12,WMT,0.303939,3.0,3.0,True
2021-09-13,12,WMT,0.0663948999999999,12.0,5.0,True
2021-09-20,12,WMT,0.364888,1.0,1.0,True
2021-10-04,12,WMT,0.469671,1.0,1.0,True
2021-10-11,12,WMT,0.216968,1.0,1.0,True
2021-10-18,12,WMT,-0.0128285499999999,17.0,4.0,True
2021-10-25,12,WMT,-0.0273669,7.0,5.0,True
2021-11-01,12,WMT,0.019284,1.0,1.0,True
2021-11-15,12,WMT,0.4018198615384615,19.0,3.0,True
2021-11-22,12,WMT,-0.8180343181818182,12.0,2.0,True
2021-11-29,12,WMT,0.3573478666666667,8.0,3.0,True
2021-12-06,12,WMT,-0.10528,1.0,1.0,True
2021-12-13,12,WMT,-0.796489,1.0,1.0,True
2021-12-20,12,WMT,-0.6161632666666667,9.0,3.0,True
2021-12-27,12,WMT,-0.538058,2.0,2.0,True
2022-01-03,12,WMT,-0.25866675,14.0,6.0,True
2022-01-10,12,WMT,0.15449125,3.0,2.0,True
2022-01-17,12,WMT,0.104582,1.0,1.0,True
2022-01-24,12,WMT,0.7164325,5.0,2.0,True
2022-01-31,12,WMT,0.458995,1.0,1.0,True
2022-02-07,12,WMT,-0.1901576666666666,5.0,3.0,True
2022-02-14,12,WMT,0.6881050392156863,19.0,3.0,True
2022-02-21,12,WMT,0.6603815,2.0,2.0,True
2022-03-07,12,WMT,0.3516383333333333,3.0,3.0,True
2022-03-14,12,WMT,-0.0356653333333333,5.0,3.0,True
2022-03-21,12,WMT,-0.326124375,6.0,4.0,True
2022-03-28,12,WMT,-0.2543531666666666,4.0,2.0,True
2022-04-04,12,WMT,0.0481803333333333,3.0,3.0,True
2022-04-11,12,WMT,-0.1404485,2.0,2.0,True
2022-04-18,12,WMT,0.2396064999999999,2.0,2.0,True
2022-04-25,12,WMT,-0.90478,1.0,1.0,True
2022-05-09,12,WMT,-0.0326323333333333,3.0,3.0,True
2022-05-16,12,WMT,-0.2850764249999999,26.0,4.0,True
2022-05-23,12,WMT,-0.381677,3.0,3.0,True
2022-05-30,12,WMT,0.6380123333333333,7.0,3.0,True
2022-06-06,12,WMT,0.0912210833333333,8.0,3.0,True
2022-06-13,12,WMT,-0.0303535,2.0,2.0,True
2022-06-20,12,WMT,-0.1021013333333333,3.0,3.0,True
2022-06-27,12,WMT,-0.5500134444444446,17.0,3.0,True
2022-07-04,12,WMT,0.017055,1.0,1.0,True
2022-07-11,12,WMT,0.07184,2.0,2.0,True
2022-07-25,12,WMT,-0.5352772015151515,25.0,3.0,True
2022-08-01,12,WMT,-0.7513010208333333,16.0,4.0,True
2022-08-08,12,WMT,0.340593,5.0,2.0,True
2022-08-15,12,WMT,-0.3363334362745098,29.0,4.0,True
2022-08-22,12,WMT,-0.573681,2.0,2.0,True
2022-08-29,12,WMT,-0.4014837,8.0,3.0,True
2022-09-05,12,WMT,0.2633446666666666,4.0,2.0,True
2022-09-19,12,WMT,0.15977475,3.0,2.0,True
2022-09-26,12,WMT,0.554275,1.0,1.0,True
2022-10-03,12,WMT,0.31844125,3.0,2.0,True
2022-10-10,12,WMT,0.07958325,3.0,2.0,True
2022-10-17,12,WMT,0.4997662499999999,3.0,2.0,True
2022-10-24,12,WMT,0.3720313333333333,3.0,3.0,True
2022-10-31,12,WMT,0.494291,1.0,1.0,True
2022-11-07,12,WMT,0.1729149999999999,2.0,2.0,True
2022-11-14,12,WMT,0.1615826714975845,27.0,3.0,True
2022-11-21,12,WMT,-0.3682225,4.0,4.0,True
2022-11-28,12,WMT,0.0771625,2.0,2.0,True
2022-12-05,12,WMT,-0.7726601666666667,6.0,4.0,True
2022-12-12,12,WMT,-0.1343589999999999,4.0,4.0,True
2022-12-19,12,WMT,0.32639725,3.0,2.0,True
2023-01-02,12,WMT,-0.227232,2.0,2.0,True
2023-01-16,12,WMT,-0.589309,5.0,1.0,True
2023-01-23,12,WMT,0.5629657499999999,9.0,5.0,True
2023-01-30,12,WMT,-0.4642023333333333,3.0,3.0,True
2023-02-06,12,WMT,-0.294399,1.0,1.0,True
2023-02-13,12,WMT,-0.6576197500000001,3.0,2.0,True
2023-02-20,12,WMT,-0.0405382083333333,22.0,4.0,True
2023-02-27,12,WMT,0.115522,1.0,1.0,True
2023-03-06,12,WMT,-0.758482,1.0,1.0,True
2023-03-13,12,WMT,0.1977759999999999,3.0,3.0,True
2023-03-20,12,WMT,-0.6118608,6.0,2.0,True
2023-03-27,12,WMT,0.0446499999999999,3.0,3.0,True
2023-04-03,12,WMT,0.1345718583333333,11.0,4.0,True
2023-04-10,12,WMT,-0.3675784166666667,24.0,6.0,True
2023-04-17,12,WMT,-0.092499,5.0,3.0,True
2023-04-24,12,WMT,-0.0730335,2.0,2.0,True
2023-05-15,12,WMT,0.32478525,14.0,4.0,True
2023-05-22,12,WMT,-0.9145435,2.0,2.0,True
2023-05-29,12,WMT,0.1681898333333333,4.0,3.0,True
2023-06-05,12,WMT,0.0622649999999999,2.0,2.0,True
2023-06-12,12,WMT,-0.669689,1.0,1.0,True
2023-07-03,12,WMT,-0.34444125,4.0,1.0,True
2023-07-17,12,WMT,0.01939675,3.0,2.0,True
2023-07-24,12,WMT,0.0829273333333333,4.0,3.0,True
2023-07-31,12,WMT,0.2208965,2.0,2.0,True
2023-08-14,12,WMT,0.3929887541666667,24.0,4.0,True
2023-08-21,12,WMT,0.558628,1.0,1.0,True
2023-08-28,12,WMT,0.0934663333333333,3.0,3.0,True
2023-09-04,12,WMT,0.7498315,2.0,2.0,True
2023-09-11,12,WMT,0.0077713333333333,3.0,3.0,True
2023-09-18,12,WMT,-0.952543,1.0,1.0,True
2023-10-02,12,WMT,-0.1228571666666666,5.0,3.0,True
2023-10-09,12,WMT,0.861826,1.0,1.0,True
2023-10-30,12,WMT,0.61201,1.0,1.0,True
2023-11-13,12,WMT,-0.51779975,6.0,3.0,True
2023-11-27,12,WMT,-0.310686,1.0,1.0,True
2023-12-04,12,WMT,0.887206,1.0,1.0,True
2023-12-11,12,WMT,-0.154884,2.0,2.0,True
2023-12-18,12,WMT,0.300713,2.0,2.0,True
2023-12-25,12,WMT,-0.199573,2.0,2.0,True
2024-01-15,12,WMT,-0.4223239444444444,6.0,3.0,True
2024-01-22,12,WMT,-0.3072343333333333,3.0,3.0,True
2024-01-29,12,WMT,0.395564,10.0,4.0,True
2024-02-05,12,WMT,-0.170337,1.0,1.0,True
2024-02-12,12,WMT,-0.34690725,4.0,4.0,True
2024-02-19,12,WMT,0.5791836159420289,28.0,4.0,True
2024-02-26,12,WMT,0.446844,1.0,1.0,True
2024-03-04,12,WMT,0.475924,2.0,1.0,True
2024-03-11,12,WMT,-0.3914072222222222,5.0,3.0,True
2024-03-25,12,WMT,0.2456607499999999,4.0,4.0,True
2024-04-01,12,WMT,0.29832,4.0,4.0,True
2024-04-08,12,WMT,-0.0054399999999999,3.0,3.0,True
2024-04-15,12,WMT,0.38418,1.0,1.0,True
2024-04-22,12,WMT,-0.537628,1.0,1.0,True
2024-04-29,12,WMT,-0.157957,21.0,4.0,True
2024-05-06,12,WMT,-0.826552,1.0,1.0,True
2024-05-13,12,WMT,-0.1644564583333333,22.0,4.0,True
2024-05-20,12,WMT,-0.2782093055555556,9.0,3.0,True
2024-05-27,12,WMT,0.0099713333333333,5.0,3.0,True
2024-06-03,12,WMT,-0.111441,1.0,1.0,True
2024-06-10,12,WMT,0.0489735,2.0,2.0,True
2024-06-17,12,WMT,-0.1798615,2.0,2.0,True
2024-06-24,12,WMT,-0.1346373333333333,4.0,3.0,True
2024-07-01,12,WMT,0.032899,1.0,1.0,True
2024-07-08,12,WMT,0.823979,2.0,1.0,True
2024-07-15,12,WMT,-0.8622065000000001,2.0,1.0,True
2024-07-22,12,WMT,0.0695005,4.0,2.0,True
2024-07-29,12,WMT,-0.767541,1.0,1.0,True
2024-08-12,12,WMT,0.4266524090909091,16.0,4.0,True
2024-08-19,12,WMT,-0.0038484166666666,12.0,4.0,True
2024-08-26,12,WMT,-0.4531239999999999,11.0,2.0,True
2024-09-09,12,WMT,-0.895296,1.0,1.0,True
2024-09-16,12,WMT,0.176813,2.0,2.0,True
2024-09-23,12,WMT,-0.342994,2.0,2.0,True
2024-10-07,12,WMT,0.909511,1.0,1.0,True
2024-10-14,12,WMT,-0.2272637777777777,5.0,3.0,True
2024-10-21,12,WMT,-0.071729625,9.0,4.0,True
2024-11-04,12,WMT,-0.858734,1.0,1.0,True
2024-11-11,12,WMT,-0.0727889999999999,2.0,2.0,True
2024-11-18,12,WMT,0.1358829722222222,18.0,6.0,True
2024-11-25,12,WMT,0.1362279393939394,13.0,3.0,True
2024-12-02,12,WMT,0.1635288928571428,10.0,4.0,True
2024-12-09,12,WMT,0.154961,2.0,1.0,True
2024-12-16,12,WMT,0.29953185,10.0,5.0,True
2024-12-23,12,WMT,-0.441859,7.0,4.0,True
2024-12-30,12,WMT,-0.2509265,4.0,2.0,True
2025-01-06,12,WMT,0.0331403333333333,4.0,3.0,True
2025-01-13,12,WMT,-0.3082403999999999,8.0,5.0,True
2025-01-20,12,WMT,0.08705025,5.0,4.0,True
2025-01-27,12,WMT,0.3942648333333333,5.0,3.0,True
2025-02-03,12,WMT,-0.0773820222222222,17.0,6.0,True
2025-02-10,12,WMT,-0.0555267,10.0,5.0,True
2025-02-17,12,WMT,-0.3467634083333333,37.0,4.0,True
2025-02-24,12,WMT,-0.4185128000000001,5.0,5.0,True
2025-03-03,12,WMT,-0.1029649999999999,4.0,3.0,True
2025-03-10,12,WMT,-0.2810710555555555,6.0,3.0,True
2025-03-17,12,WMT,-0.0705761666666666,5.0,3.0,True
2025-03-24,12,WMT,0.13234472,11.0,5.0,True
2025-03-31,12,WMT,0.1102915,2.0,2.0,True
2025-04-07,12,WMT,-0.3364850480769231,17.0,4.0,True
2025-04-14,12,WMT,0.0832606666666666,3.0,3.0,True
2025-04-21,12,WMT,0.2924826666666666,7.0,6.0,True
2025-04-28,12,WMT,-0.0993505,5.0,4.0,True
2025-05-05,12,WMT,-0.2207073333333333,3.0,3.0,True
2025-05-12,12,WMT,-0.1519324986666666,32.0,5.0,True
2025-05-19,12,WMT,0.0273912,16.0,5.0,True
2025-05-26,12,WMT,-0.0535279,6.0,5.0,True
2025-06-02,12,WMT,-0.2382796533333333,11.0,5.0,True
2025-06-09,12,WMT,0.2906468333333333,6.0,4.0,True
2025-06-16,12,WMT,-0.1286206666666666,5.0,3.0,True
2025-06-23,12,WMT,0.0328906666666666,6.0,3.0,True
2025-06-30,12,WMT,-0.200093,3.0,3.0,True
2025-07-07,12,WMT,-0.0788348599999999,15.0,5.0,True
2025-07-14,12,WMT,-0.270457875,7.0,4.0,True
2025-07-21,12,WMT,0.3129491,7.0,5.0,True
2025-07-28,12,WMT,-0.200866,3.0,1.0,True
2025-08-04,12,WMT,-0.824735,2.0,2.0,True
2025-08-11,12,WMT,-0.318999875,7.0,4.0,True
2025-08-18,12,WMT,-0.1516873971428571,38.0,5.0,True
2025-08-25,12,WMT,-0.5515805,5.0,2.0,True
2025-09-01,12,WMT,0.2957995,2.0,2.0,True
2025-09-08,12,WMT,0.073355625,5.0,2.0,True
2025-09-15,12,WMT,-0.146049875,6.0,4.0,True
2025-09-22,12,WMT,-0.319318125,5.0,4.0,True
2025-09-29,12,WMT,-0.033847875,9.0,4.0,True
2025-10-06,12,WMT,-0.0089682499999999,3.0,2.0,True
2025-10-13,12,WMT,0.2046733124999999,8.0,4.0,True
2025-10-20,12,WMT,0.4081197,8.0,5.0,True
2025-10-27,12,WMT,-0.4164950416666667,7.0,4.0,True
2025-11-03,12,WMT,-0.477644,1.0,1.0,True
